[2026-01-15 15:47:38] [16 MB] [ERROR_HANDLER] PHP error handlers registered
[2026-01-15 15:47:38] [10 MB] [ERROR_HANDLER] PHP error handlers registered
[2026-01-15 15:47:47] [14 MB] [ERROR_HANDLER] PHP error handlers registered
[2026-01-15 15:47:49] [14 MB] [ERROR_HANDLER] PHP error handlers registered
[2026-01-15 15:47:51] [12 MB] [ERROR_HANDLER] PHP error handlers registered
[2026-01-15 15:47:52] [14 MB] [chunked_processor] save_job called
    DATA: Array
(
    [job_id] => f0df9ec8-dce2-4392-a671-1785d207b753
    [status] => pending
)

[2026-01-15 15:47:52] [14 MB] [chunked_processor] Transient save result
    DATA: Array
(
    [option_name] => speed_backups_job_f0df9ec8-dce2-4392-a671-1785d207b753
    [success] => YES
)

[2026-01-15 15:47:52] [14 MB] [chunked_processor] Option save result
    DATA: Array
(
    [option_name] => speed_backups_job_f0df9ec8-dce2-4392-a671-1785d207b753
    [success] => YES
)

[2026-01-15 15:47:52] [14 MB] [chunked_processor] Save verification (direct DB)
    DATA: Array
(
    [verified] => YES
)

[2026-01-15 15:47:52] [14 MB] [chunked_processor] get_job called
    DATA: Array
(
    [job_id] => f0df9ec8-dce2-4392-a671-1785d207b753
)

[2026-01-15 15:47:52] [14 MB] [chunked_processor] Transient lookup result
    DATA: Array
(
    [option_name] => speed_backups_job_f0df9ec8-dce2-4392-a671-1785d207b753
    [found] => YES
)

[2026-01-15 15:47:52] [14 MB] [chunked_processor] Job retrieved successfully
    DATA: Array
(
    [status] => pending
    [type] => backup
)

[2026-01-15 15:47:52] [14 MB] [chunked_processor] save_job called
    DATA: Array
(
    [job_id] => f0df9ec8-dce2-4392-a671-1785d207b753
    [status] => running
)

[2026-01-15 15:47:52] [14 MB] [chunked_processor] Transient save result
    DATA: Array
(
    [option_name] => speed_backups_job_f0df9ec8-dce2-4392-a671-1785d207b753
    [success] => YES
)

[2026-01-15 15:47:52] [14 MB] [chunked_processor] Option save result
    DATA: Array
(
    [option_name] => speed_backups_job_f0df9ec8-dce2-4392-a671-1785d207b753
    [success] => YES
)

[2026-01-15 15:47:52] [14 MB] [chunked_processor] Save verification (direct DB)
    DATA: Array
(
    [verified] => YES
)

[2026-01-15 15:47:52] [14 MB] [chunked_processor] get_job called
    DATA: Array
(
    [job_id] => f0df9ec8-dce2-4392-a671-1785d207b753
)

[2026-01-15 15:47:52] [14 MB] [chunked_processor] Transient lookup result
    DATA: Array
(
    [option_name] => speed_backups_job_f0df9ec8-dce2-4392-a671-1785d207b753
    [found] => YES
)

[2026-01-15 15:47:52] [14 MB] [chunked_processor] Job retrieved successfully
    DATA: Array
(
    [status] => running
    [type] => backup
)

[2026-01-15 15:47:52] [14 MB] [chunked_processor] save_job called
    DATA: Array
(
    [job_id] => f0df9ec8-dce2-4392-a671-1785d207b753
    [status] => running
)

[2026-01-15 15:47:52] [14 MB] [chunked_processor] Transient save result
    DATA: Array
(
    [option_name] => speed_backups_job_f0df9ec8-dce2-4392-a671-1785d207b753
    [success] => YES
)

[2026-01-15 15:47:52] [14 MB] [chunked_processor] Option save result
    DATA: Array
(
    [option_name] => speed_backups_job_f0df9ec8-dce2-4392-a671-1785d207b753
    [success] => YES
)

[2026-01-15 15:47:52] [14 MB] [chunked_processor] Save verification (direct DB)
    DATA: Array
(
    [verified] => YES
)

[2026-01-15 15:47:52] [14 MB] [ERROR_HANDLER] PHP error handlers registered
[2026-01-15 15:47:52] [14 MB] [chunked_processor] get_job called
    DATA: Array
(
    [job_id] => f0df9ec8-dce2-4392-a671-1785d207b753
)

[2026-01-15 15:47:52] [14 MB] [chunked_processor] Transient lookup result
    DATA: Array
(
    [option_name] => speed_backups_job_f0df9ec8-dce2-4392-a671-1785d207b753
    [found] => YES
)

[2026-01-15 15:47:52] [14 MB] [chunked_processor] Job retrieved successfully
    DATA: Array
(
    [status] => running
    [type] => backup
)

[2026-01-15 15:47:52] [14 MB] [chunked_processor] get_job called
    DATA: Array
(
    [job_id] => f0df9ec8-dce2-4392-a671-1785d207b753
)

[2026-01-15 15:47:52] [14 MB] [chunked_processor] Transient lookup result
    DATA: Array
(
    [option_name] => speed_backups_job_f0df9ec8-dce2-4392-a671-1785d207b753
    [found] => YES
)

[2026-01-15 15:47:52] [14 MB] [chunked_processor] Job retrieved successfully
    DATA: Array
(
    [status] => running
    [type] => backup
)

[2026-01-15 15:47:52] [14 MB] [chunked_processor] get_job called
    DATA: Array
(
    [job_id] => f0df9ec8-dce2-4392-a671-1785d207b753
)

[2026-01-15 15:47:52] [14 MB] [chunked_processor] Transient lookup result
    DATA: Array
(
    [option_name] => speed_backups_job_f0df9ec8-dce2-4392-a671-1785d207b753
    [found] => YES
)

[2026-01-15 15:47:52] [14 MB] [chunked_processor] Job retrieved successfully
    DATA: Array
(
    [status] => running
    [type] => backup
)

[2026-01-15 15:47:52] [14 MB] [chunked_processor] save_job called
    DATA: Array
(
    [job_id] => f0df9ec8-dce2-4392-a671-1785d207b753
    [status] => running
)

[2026-01-15 15:47:52] [14 MB] [chunked_processor] Transient save result
    DATA: Array
(
    [option_name] => speed_backups_job_f0df9ec8-dce2-4392-a671-1785d207b753
    [success] => YES
)

[2026-01-15 15:47:52] [14 MB] [chunked_processor] Option save result
    DATA: Array
(
    [option_name] => speed_backups_job_f0df9ec8-dce2-4392-a671-1785d207b753
    [success] => YES
)

[2026-01-15 15:47:52] [14 MB] [chunked_processor] Save verification (direct DB)
    DATA: Array
(
    [verified] => YES
)

[2026-01-15 15:47:52] [18 MB] [chunked_processor] get_job called
    DATA: Array
(
    [job_id] => f0df9ec8-dce2-4392-a671-1785d207b753
)

[2026-01-15 15:47:52] [18 MB] [chunked_processor] Transient lookup result
    DATA: Array
(
    [option_name] => speed_backups_job_f0df9ec8-dce2-4392-a671-1785d207b753
    [found] => YES
)

[2026-01-15 15:47:52] [18 MB] [chunked_processor] Job retrieved successfully
    DATA: Array
(
    [status] => running
    [type] => backup
)

[2026-01-15 15:47:52] [18 MB] [chunked_processor] save_job called
    DATA: Array
(
    [job_id] => f0df9ec8-dce2-4392-a671-1785d207b753
    [status] => running
)

[2026-01-15 15:47:52] [18 MB] [chunked_processor] Transient save result
    DATA: Array
(
    [option_name] => speed_backups_job_f0df9ec8-dce2-4392-a671-1785d207b753
    [success] => YES
)

[2026-01-15 15:47:52] [18 MB] [chunked_processor] Option save result
    DATA: Array
(
    [option_name] => speed_backups_job_f0df9ec8-dce2-4392-a671-1785d207b753
    [success] => YES
)

[2026-01-15 15:47:52] [18 MB] [chunked_processor] Save verification (direct DB)
    DATA: Array
(
    [verified] => YES
)

[2026-01-15 15:47:52] [18 MB] [chunked_processor] get_job called
    DATA: Array
(
    [job_id] => f0df9ec8-dce2-4392-a671-1785d207b753
)

[2026-01-15 15:47:52] [18 MB] [chunked_processor] Transient lookup result
    DATA: Array
(
    [option_name] => speed_backups_job_f0df9ec8-dce2-4392-a671-1785d207b753
    [found] => YES
)

[2026-01-15 15:47:52] [18 MB] [chunked_processor] Job retrieved successfully
    DATA: Array
(
    [status] => running
    [type] => backup
)

[2026-01-15 15:47:52] [18 MB] [chunked_processor] save_job called
    DATA: Array
(
    [job_id] => f0df9ec8-dce2-4392-a671-1785d207b753
    [status] => running
)

[2026-01-15 15:47:52] [18 MB] [chunked_processor] Transient save result
    DATA: Array
(
    [option_name] => speed_backups_job_f0df9ec8-dce2-4392-a671-1785d207b753
    [success] => YES
)

[2026-01-15 15:47:52] [18 MB] [chunked_processor] Option save result
    DATA: Array
(
    [option_name] => speed_backups_job_f0df9ec8-dce2-4392-a671-1785d207b753
    [success] => YES
)

[2026-01-15 15:47:52] [18 MB] [chunked_processor] Save verification (direct DB)
    DATA: Array
(
    [verified] => YES
)

[2026-01-15 15:47:52] [18 MB] [chunked_processor] get_job called
    DATA: Array
(
    [job_id] => f0df9ec8-dce2-4392-a671-1785d207b753
)

[2026-01-15 15:47:52] [18 MB] [chunked_processor] Transient lookup result
    DATA: Array
(
    [option_name] => speed_backups_job_f0df9ec8-dce2-4392-a671-1785d207b753
    [found] => YES
)

[2026-01-15 15:47:52] [18 MB] [chunked_processor] Job retrieved successfully
    DATA: Array
(
    [status] => running
    [type] => backup
)

[2026-01-15 15:47:52] [18 MB] [chunked_processor] get_job called
    DATA: Array
(
    [job_id] => f0df9ec8-dce2-4392-a671-1785d207b753
)

[2026-01-15 15:47:52] [18 MB] [chunked_processor] Transient lookup result
    DATA: Array
(
    [option_name] => speed_backups_job_f0df9ec8-dce2-4392-a671-1785d207b753
    [found] => YES
)

[2026-01-15 15:47:52] [18 MB] [chunked_processor] Job retrieved successfully
    DATA: Array
(
    [status] => running
    [type] => backup
)

[2026-01-15 15:47:53] [12 MB] [ERROR_HANDLER] PHP error handlers registered
[2026-01-15 15:47:53] [14 MB] [chunked_processor] get_job called
    DATA: Array
(
    [job_id] => f0df9ec8-dce2-4392-a671-1785d207b753
)

[2026-01-15 15:47:53] [14 MB] [chunked_processor] Transient lookup result
    DATA: Array
(
    [option_name] => speed_backups_job_f0df9ec8-dce2-4392-a671-1785d207b753
    [found] => YES
)

[2026-01-15 15:47:53] [14 MB] [chunked_processor] Job retrieved successfully
    DATA: Array
(
    [status] => running
    [type] => backup
)

[2026-01-15 15:47:53] [14 MB] [chunked_processor] get_job called
    DATA: Array
(
    [job_id] => f0df9ec8-dce2-4392-a671-1785d207b753
)

[2026-01-15 15:47:53] [14 MB] [chunked_processor] Transient lookup result
    DATA: Array
(
    [option_name] => speed_backups_job_f0df9ec8-dce2-4392-a671-1785d207b753
    [found] => YES
)

[2026-01-15 15:47:53] [14 MB] [chunked_processor] Job retrieved successfully
    DATA: Array
(
    [status] => running
    [type] => backup
)

[2026-01-15 15:47:53] [14 MB] [chunked_processor] get_job called
    DATA: Array
(
    [job_id] => f0df9ec8-dce2-4392-a671-1785d207b753
)

[2026-01-15 15:47:53] [14 MB] [chunked_processor] Transient lookup result
    DATA: Array
(
    [option_name] => speed_backups_job_f0df9ec8-dce2-4392-a671-1785d207b753
    [found] => YES
)

[2026-01-15 15:47:53] [14 MB] [chunked_processor] Job retrieved successfully
    DATA: Array
(
    [status] => running
    [type] => backup
)

[2026-01-15 15:47:53] [14 MB] [chunked_processor] save_job called
    DATA: Array
(
    [job_id] => f0df9ec8-dce2-4392-a671-1785d207b753
    [status] => running
)

[2026-01-15 15:47:53] [14 MB] [chunked_processor] Transient save result
    DATA: Array
(
    [option_name] => speed_backups_job_f0df9ec8-dce2-4392-a671-1785d207b753
    [success] => YES
)

[2026-01-15 15:47:53] [14 MB] [chunked_processor] Option save result
    DATA: Array
(
    [option_name] => speed_backups_job_f0df9ec8-dce2-4392-a671-1785d207b753
    [success] => YES
)

[2026-01-15 15:47:53] [14 MB] [chunked_processor] Save verification (direct DB)
    DATA: Array
(
    [verified] => YES
)

[2026-01-15 15:47:59] [30 MB] [chunked_processor] get_job called
    DATA: Array
(
    [job_id] => f0df9ec8-dce2-4392-a671-1785d207b753
)

[2026-01-15 15:47:59] [30 MB] [chunked_processor] Transient lookup result
    DATA: Array
(
    [option_name] => speed_backups_job_f0df9ec8-dce2-4392-a671-1785d207b753
    [found] => YES
)

[2026-01-15 15:47:59] [30 MB] [chunked_processor] Job retrieved successfully
    DATA: Array
(
    [status] => running
    [type] => backup
)

[2026-01-15 15:47:59] [30 MB] [chunked_processor] save_job called
    DATA: Array
(
    [job_id] => f0df9ec8-dce2-4392-a671-1785d207b753
    [status] => running
)

[2026-01-15 15:47:59] [30 MB] [chunked_processor] Transient save result
    DATA: Array
(
    [option_name] => speed_backups_job_f0df9ec8-dce2-4392-a671-1785d207b753
    [success] => YES
)

[2026-01-15 15:47:59] [30 MB] [chunked_processor] Option save result
    DATA: Array
(
    [option_name] => speed_backups_job_f0df9ec8-dce2-4392-a671-1785d207b753
    [success] => YES
)

[2026-01-15 15:47:59] [30 MB] [chunked_processor] Save verification (direct DB)
    DATA: Array
(
    [verified] => YES
)

[2026-01-15 15:47:59] [30 MB] [chunked_processor] get_job called
    DATA: Array
(
    [job_id] => f0df9ec8-dce2-4392-a671-1785d207b753
)

[2026-01-15 15:47:59] [30 MB] [chunked_processor] Transient lookup result
    DATA: Array
(
    [option_name] => speed_backups_job_f0df9ec8-dce2-4392-a671-1785d207b753
    [found] => YES
)

[2026-01-15 15:47:59] [30 MB] [chunked_processor] Job retrieved successfully
    DATA: Array
(
    [status] => running
    [type] => backup
)

[2026-01-15 15:47:59] [30 MB] [chunked_processor] save_job called
    DATA: Array
(
    [job_id] => f0df9ec8-dce2-4392-a671-1785d207b753
    [status] => running
)

[2026-01-15 15:47:59] [30 MB] [chunked_processor] Transient save result
    DATA: Array
(
    [option_name] => speed_backups_job_f0df9ec8-dce2-4392-a671-1785d207b753
    [success] => YES
)

[2026-01-15 15:47:59] [30 MB] [chunked_processor] Option save result
    DATA: Array
(
    [option_name] => speed_backups_job_f0df9ec8-dce2-4392-a671-1785d207b753
    [success] => YES
)

[2026-01-15 15:47:59] [30 MB] [chunked_processor] Save verification (direct DB)
    DATA: Array
(
    [verified] => YES
)

[2026-01-15 15:47:59] [30 MB] [chunked_processor] get_job called
    DATA: Array
(
    [job_id] => f0df9ec8-dce2-4392-a671-1785d207b753
)

[2026-01-15 15:47:59] [30 MB] [chunked_processor] Transient lookup result
    DATA: Array
(
    [option_name] => speed_backups_job_f0df9ec8-dce2-4392-a671-1785d207b753
    [found] => YES
)

[2026-01-15 15:47:59] [30 MB] [chunked_processor] Job retrieved successfully
    DATA: Array
(
    [status] => running
    [type] => backup
)

[2026-01-15 15:47:59] [30 MB] [chunked_processor] get_job called
    DATA: Array
(
    [job_id] => f0df9ec8-dce2-4392-a671-1785d207b753
)

[2026-01-15 15:47:59] [30 MB] [chunked_processor] Transient lookup result
    DATA: Array
(
    [option_name] => speed_backups_job_f0df9ec8-dce2-4392-a671-1785d207b753
    [found] => YES
)

[2026-01-15 15:47:59] [30 MB] [chunked_processor] Job retrieved successfully
    DATA: Array
(
    [status] => running
    [type] => backup
)

[2026-01-15 15:47:59] [12 MB] [ERROR_HANDLER] PHP error handlers registered
[2026-01-15 15:48:00] [14 MB] [chunked_processor] get_job called
    DATA: Array
(
    [job_id] => f0df9ec8-dce2-4392-a671-1785d207b753
)

[2026-01-15 15:48:00] [14 MB] [chunked_processor] Transient lookup result
    DATA: Array
(
    [option_name] => speed_backups_job_f0df9ec8-dce2-4392-a671-1785d207b753
    [found] => YES
)

[2026-01-15 15:48:00] [14 MB] [chunked_processor] Job retrieved successfully
    DATA: Array
(
    [status] => running
    [type] => backup
)

[2026-01-15 15:48:00] [14 MB] [chunked_processor] get_job called
    DATA: Array
(
    [job_id] => f0df9ec8-dce2-4392-a671-1785d207b753
)

[2026-01-15 15:48:00] [14 MB] [chunked_processor] Transient lookup result
    DATA: Array
(
    [option_name] => speed_backups_job_f0df9ec8-dce2-4392-a671-1785d207b753
    [found] => YES
)

[2026-01-15 15:48:00] [14 MB] [chunked_processor] Job retrieved successfully
    DATA: Array
(
    [status] => running
    [type] => backup
)

[2026-01-15 15:48:00] [20 MB] [chunked_processor] get_job called
    DATA: Array
(
    [job_id] => f0df9ec8-dce2-4392-a671-1785d207b753
)

[2026-01-15 15:48:00] [20 MB] [chunked_processor] Transient lookup result
    DATA: Array
(
    [option_name] => speed_backups_job_f0df9ec8-dce2-4392-a671-1785d207b753
    [found] => YES
)

[2026-01-15 15:48:00] [20 MB] [chunked_processor] Job retrieved successfully
    DATA: Array
(
    [status] => running
    [type] => backup
)

[2026-01-15 15:48:00] [20 MB] [chunked_processor] save_job called
    DATA: Array
(
    [job_id] => f0df9ec8-dce2-4392-a671-1785d207b753
    [status] => running
)

[2026-01-15 15:48:00] [20 MB] [chunked_processor] Transient save result
    DATA: Array
(
    [option_name] => speed_backups_job_f0df9ec8-dce2-4392-a671-1785d207b753
    [success] => YES
)

[2026-01-15 15:48:00] [20 MB] [chunked_processor] Option save result
    DATA: Array
(
    [option_name] => speed_backups_job_f0df9ec8-dce2-4392-a671-1785d207b753
    [success] => YES
)

[2026-01-15 15:48:00] [20 MB] [chunked_processor] Save verification (direct DB)
    DATA: Array
(
    [verified] => YES
)

[2026-01-15 15:48:03] [20 MB] [chunked_processor] get_job called
    DATA: Array
(
    [job_id] => f0df9ec8-dce2-4392-a671-1785d207b753
)

[2026-01-15 15:48:03] [20 MB] [chunked_processor] Transient lookup result
    DATA: Array
(
    [option_name] => speed_backups_job_f0df9ec8-dce2-4392-a671-1785d207b753
    [found] => YES
)

[2026-01-15 15:48:03] [20 MB] [chunked_processor] Job retrieved successfully
    DATA: Array
(
    [status] => running
    [type] => backup
)

[2026-01-15 15:48:03] [20 MB] [chunked_processor] save_job called
    DATA: Array
(
    [job_id] => f0df9ec8-dce2-4392-a671-1785d207b753
    [status] => running
)

[2026-01-15 15:48:03] [20 MB] [chunked_processor] Transient save result
    DATA: Array
(
    [option_name] => speed_backups_job_f0df9ec8-dce2-4392-a671-1785d207b753
    [success] => YES
)

[2026-01-15 15:48:03] [20 MB] [chunked_processor] Option save result
    DATA: Array
(
    [option_name] => speed_backups_job_f0df9ec8-dce2-4392-a671-1785d207b753
    [success] => YES
)

[2026-01-15 15:48:03] [20 MB] [chunked_processor] Save verification (direct DB)
    DATA: Array
(
    [verified] => YES
)

[2026-01-15 15:48:03] [20 MB] [chunked_processor] get_job called
    DATA: Array
(
    [job_id] => f0df9ec8-dce2-4392-a671-1785d207b753
)

[2026-01-15 15:48:03] [20 MB] [chunked_processor] Transient lookup result
    DATA: Array
(
    [option_name] => speed_backups_job_f0df9ec8-dce2-4392-a671-1785d207b753
    [found] => YES
)

[2026-01-15 15:48:03] [20 MB] [chunked_processor] Job retrieved successfully
    DATA: Array
(
    [status] => running
    [type] => backup
)

[2026-01-15 15:48:03] [20 MB] [chunked_processor] get_job called
    DATA: Array
(
    [job_id] => f0df9ec8-dce2-4392-a671-1785d207b753
)

[2026-01-15 15:48:03] [20 MB] [chunked_processor] Transient lookup result
    DATA: Array
(
    [option_name] => speed_backups_job_f0df9ec8-dce2-4392-a671-1785d207b753
    [found] => YES
)

[2026-01-15 15:48:03] [20 MB] [chunked_processor] Job retrieved successfully
    DATA: Array
(
    [status] => running
    [type] => backup
)

[2026-01-15 15:48:03] [16 MB] [ERROR_HANDLER] PHP error handlers registered
[2026-01-15 15:48:04] [16 MB] [chunked_processor] get_job called
    DATA: Array
(
    [job_id] => f0df9ec8-dce2-4392-a671-1785d207b753
)

[2026-01-15 15:48:04] [16 MB] [chunked_processor] Transient lookup result
    DATA: Array
(
    [option_name] => speed_backups_job_f0df9ec8-dce2-4392-a671-1785d207b753
    [found] => YES
)

[2026-01-15 15:48:04] [16 MB] [chunked_processor] Job retrieved successfully
    DATA: Array
(
    [status] => running
    [type] => backup
)

[2026-01-15 15:48:04] [16 MB] [chunked_processor] get_job called
    DATA: Array
(
    [job_id] => f0df9ec8-dce2-4392-a671-1785d207b753
)

[2026-01-15 15:48:04] [16 MB] [chunked_processor] Transient lookup result
    DATA: Array
(
    [option_name] => speed_backups_job_f0df9ec8-dce2-4392-a671-1785d207b753
    [found] => YES
)

[2026-01-15 15:48:04] [16 MB] [chunked_processor] Job retrieved successfully
    DATA: Array
(
    [status] => running
    [type] => backup
)

[2026-01-15 15:48:04] [20 MB] [chunked_processor] get_job called
    DATA: Array
(
    [job_id] => f0df9ec8-dce2-4392-a671-1785d207b753
)

[2026-01-15 15:48:04] [20 MB] [chunked_processor] Transient lookup result
    DATA: Array
(
    [option_name] => speed_backups_job_f0df9ec8-dce2-4392-a671-1785d207b753
    [found] => YES
)

[2026-01-15 15:48:04] [20 MB] [chunked_processor] Job retrieved successfully
    DATA: Array
(
    [status] => running
    [type] => backup
)

[2026-01-15 15:48:04] [20 MB] [chunked_processor] save_job called
    DATA: Array
(
    [job_id] => f0df9ec8-dce2-4392-a671-1785d207b753
    [status] => running
)

[2026-01-15 15:48:04] [20 MB] [chunked_processor] Transient save result
    DATA: Array
(
    [option_name] => speed_backups_job_f0df9ec8-dce2-4392-a671-1785d207b753
    [success] => YES
)

[2026-01-15 15:48:04] [20 MB] [chunked_processor] Option save result
    DATA: Array
(
    [option_name] => speed_backups_job_f0df9ec8-dce2-4392-a671-1785d207b753
    [success] => YES
)

[2026-01-15 15:48:04] [20 MB] [chunked_processor] Save verification (direct DB)
    DATA: Array
(
    [verified] => YES
)

[2026-01-15 15:48:04] [20 MB] [chunked_processor] get_job called
    DATA: Array
(
    [job_id] => f0df9ec8-dce2-4392-a671-1785d207b753
)

[2026-01-15 15:48:04] [20 MB] [chunked_processor] Transient lookup result
    DATA: Array
(
    [option_name] => speed_backups_job_f0df9ec8-dce2-4392-a671-1785d207b753
    [found] => YES
)

[2026-01-15 15:48:04] [20 MB] [chunked_processor] Job retrieved successfully
    DATA: Array
(
    [status] => running
    [type] => backup
)

[2026-01-15 15:48:04] [20 MB] [chunked_processor] save_job called
    DATA: Array
(
    [job_id] => f0df9ec8-dce2-4392-a671-1785d207b753
    [status] => running
)

[2026-01-15 15:48:04] [20 MB] [chunked_processor] Transient save result
    DATA: Array
(
    [option_name] => speed_backups_job_f0df9ec8-dce2-4392-a671-1785d207b753
    [success] => YES
)

[2026-01-15 15:48:04] [20 MB] [chunked_processor] Option save result
    DATA: Array
(
    [option_name] => speed_backups_job_f0df9ec8-dce2-4392-a671-1785d207b753
    [success] => YES
)

[2026-01-15 15:48:04] [20 MB] [chunked_processor] Save verification (direct DB)
    DATA: Array
(
    [verified] => YES
)

[2026-01-15 15:48:04] [20 MB] [chunked_processor] get_job called
    DATA: Array
(
    [job_id] => f0df9ec8-dce2-4392-a671-1785d207b753
)

[2026-01-15 15:48:04] [20 MB] [chunked_processor] Transient lookup result
    DATA: Array
(
    [option_name] => speed_backups_job_f0df9ec8-dce2-4392-a671-1785d207b753
    [found] => YES
)

[2026-01-15 15:48:04] [20 MB] [chunked_processor] Job retrieved successfully
    DATA: Array
(
    [status] => running
    [type] => backup
)

[2026-01-15 15:48:04] [20 MB] [chunked_processor] get_job called
    DATA: Array
(
    [job_id] => f0df9ec8-dce2-4392-a671-1785d207b753
)

[2026-01-15 15:48:04] [20 MB] [chunked_processor] Transient lookup result
    DATA: Array
(
    [option_name] => speed_backups_job_f0df9ec8-dce2-4392-a671-1785d207b753
    [found] => YES
)

[2026-01-15 15:48:04] [20 MB] [chunked_processor] Job retrieved successfully
    DATA: Array
(
    [status] => running
    [type] => backup
)

[2026-01-15 15:48:05] [30 MB] [ERROR_HANDLER] PHP error handlers registered
[2026-01-15 15:48:05] [30 MB] [chunked_processor] get_job called
    DATA: Array
(
    [job_id] => f0df9ec8-dce2-4392-a671-1785d207b753
)

[2026-01-15 15:48:05] [30 MB] [chunked_processor] Transient lookup result
    DATA: Array
(
    [option_name] => speed_backups_job_f0df9ec8-dce2-4392-a671-1785d207b753
    [found] => YES
)

[2026-01-15 15:48:05] [30 MB] [chunked_processor] Job retrieved successfully
    DATA: Array
(
    [status] => running
    [type] => backup
)

[2026-01-15 15:48:05] [30 MB] [chunked_processor] get_job called
    DATA: Array
(
    [job_id] => f0df9ec8-dce2-4392-a671-1785d207b753
)

[2026-01-15 15:48:05] [30 MB] [chunked_processor] Transient lookup result
    DATA: Array
(
    [option_name] => speed_backups_job_f0df9ec8-dce2-4392-a671-1785d207b753
    [found] => YES
)

[2026-01-15 15:48:05] [30 MB] [chunked_processor] Job retrieved successfully
    DATA: Array
(
    [status] => running
    [type] => backup
)

[2026-01-15 15:48:05] [30 MB] [chunked_processor] get_job called
    DATA: Array
(
    [job_id] => f0df9ec8-dce2-4392-a671-1785d207b753
)

[2026-01-15 15:48:05] [30 MB] [chunked_processor] Transient lookup result
    DATA: Array
(
    [option_name] => speed_backups_job_f0df9ec8-dce2-4392-a671-1785d207b753
    [found] => YES
)

[2026-01-15 15:48:05] [30 MB] [chunked_processor] Job retrieved successfully
    DATA: Array
(
    [status] => running
    [type] => backup
)

[2026-01-15 15:48:05] [30 MB] [chunked_processor] save_job called
    DATA: Array
(
    [job_id] => f0df9ec8-dce2-4392-a671-1785d207b753
    [status] => running
)

[2026-01-15 15:48:05] [30 MB] [chunked_processor] Transient save result
    DATA: Array
(
    [option_name] => speed_backups_job_f0df9ec8-dce2-4392-a671-1785d207b753
    [success] => YES
)

[2026-01-15 15:48:05] [30 MB] [chunked_processor] Option save result
    DATA: Array
(
    [option_name] => speed_backups_job_f0df9ec8-dce2-4392-a671-1785d207b753
    [success] => YES
)

[2026-01-15 15:48:05] [30 MB] [chunked_processor] Save verification (direct DB)
    DATA: Array
(
    [verified] => YES
)

[2026-01-15 15:48:05] [30 MB] [chunked_processor] get_job called
    DATA: Array
(
    [job_id] => f0df9ec8-dce2-4392-a671-1785d207b753
)

[2026-01-15 15:48:05] [30 MB] [chunked_processor] Transient lookup result
    DATA: Array
(
    [option_name] => speed_backups_job_f0df9ec8-dce2-4392-a671-1785d207b753
    [found] => YES
)

[2026-01-15 15:48:05] [30 MB] [chunked_processor] Job retrieved successfully
    DATA: Array
(
    [status] => running
    [type] => backup
)

[2026-01-15 15:48:05] [30 MB] [chunked_processor] save_job called
    DATA: Array
(
    [job_id] => f0df9ec8-dce2-4392-a671-1785d207b753
    [status] => running
)

[2026-01-15 15:48:05] [30 MB] [chunked_processor] Transient save result
    DATA: Array
(
    [option_name] => speed_backups_job_f0df9ec8-dce2-4392-a671-1785d207b753
    [success] => YES
)

[2026-01-15 15:48:05] [30 MB] [chunked_processor] Option save result
    DATA: Array
(
    [option_name] => speed_backups_job_f0df9ec8-dce2-4392-a671-1785d207b753
    [success] => YES
)

[2026-01-15 15:48:05] [30 MB] [chunked_processor] Save verification (direct DB)
    DATA: Array
(
    [verified] => YES
)

[2026-01-15 15:48:05] [30 MB] [chunked_processor] get_job called
    DATA: Array
(
    [job_id] => f0df9ec8-dce2-4392-a671-1785d207b753
)

[2026-01-15 15:48:05] [30 MB] [chunked_processor] Transient lookup result
    DATA: Array
(
    [option_name] => speed_backups_job_f0df9ec8-dce2-4392-a671-1785d207b753
    [found] => YES
)

[2026-01-15 15:48:05] [30 MB] [chunked_processor] Job retrieved successfully
    DATA: Array
(
    [status] => running
    [type] => backup
)

[2026-01-15 15:48:05] [30 MB] [chunked_processor] get_job called
    DATA: Array
(
    [job_id] => f0df9ec8-dce2-4392-a671-1785d207b753
)

[2026-01-15 15:48:05] [30 MB] [chunked_processor] Transient lookup result
    DATA: Array
(
    [option_name] => speed_backups_job_f0df9ec8-dce2-4392-a671-1785d207b753
    [found] => YES
)

[2026-01-15 15:48:05] [30 MB] [chunked_processor] Job retrieved successfully
    DATA: Array
(
    [status] => running
    [type] => backup
)

[2026-01-15 15:48:05] [20 MB] [ERROR_HANDLER] PHP error handlers registered
[2026-01-15 15:48:06] [20 MB] [chunked_processor] get_job called
    DATA: Array
(
    [job_id] => f0df9ec8-dce2-4392-a671-1785d207b753
)

[2026-01-15 15:48:06] [20 MB] [chunked_processor] Transient lookup result
    DATA: Array
(
    [option_name] => speed_backups_job_f0df9ec8-dce2-4392-a671-1785d207b753
    [found] => YES
)

[2026-01-15 15:48:06] [20 MB] [chunked_processor] Job retrieved successfully
    DATA: Array
(
    [status] => running
    [type] => backup
)

[2026-01-15 15:48:06] [20 MB] [chunked_processor] get_job called
    DATA: Array
(
    [job_id] => f0df9ec8-dce2-4392-a671-1785d207b753
)

[2026-01-15 15:48:06] [20 MB] [chunked_processor] Transient lookup result
    DATA: Array
(
    [option_name] => speed_backups_job_f0df9ec8-dce2-4392-a671-1785d207b753
    [found] => YES
)

[2026-01-15 15:48:06] [20 MB] [chunked_processor] Job retrieved successfully
    DATA: Array
(
    [status] => running
    [type] => backup
)

[2026-01-15 15:48:06] [20 MB] [chunked_processor] get_job called
    DATA: Array
(
    [job_id] => f0df9ec8-dce2-4392-a671-1785d207b753
)

[2026-01-15 15:48:06] [20 MB] [chunked_processor] Transient lookup result
    DATA: Array
(
    [option_name] => speed_backups_job_f0df9ec8-dce2-4392-a671-1785d207b753
    [found] => YES
)

[2026-01-15 15:48:06] [20 MB] [chunked_processor] Job retrieved successfully
    DATA: Array
(
    [status] => running
    [type] => backup
)

[2026-01-15 15:48:06] [20 MB] [chunked_processor] save_job called
    DATA: Array
(
    [job_id] => f0df9ec8-dce2-4392-a671-1785d207b753
    [status] => running
)

[2026-01-15 15:48:06] [20 MB] [chunked_processor] Transient save result
    DATA: Array
(
    [option_name] => speed_backups_job_f0df9ec8-dce2-4392-a671-1785d207b753
    [success] => YES
)

[2026-01-15 15:48:06] [20 MB] [chunked_processor] Option save result
    DATA: Array
(
    [option_name] => speed_backups_job_f0df9ec8-dce2-4392-a671-1785d207b753
    [success] => YES
)

[2026-01-15 15:48:06] [20 MB] [chunked_processor] Save verification (direct DB)
    DATA: Array
(
    [verified] => YES
)

[2026-01-15 15:48:06] [24 MB] [chunked_processor] get_job called
    DATA: Array
(
    [job_id] => f0df9ec8-dce2-4392-a671-1785d207b753
)

[2026-01-15 15:48:06] [24 MB] [chunked_processor] Transient lookup result
    DATA: Array
(
    [option_name] => speed_backups_job_f0df9ec8-dce2-4392-a671-1785d207b753
    [found] => YES
)

[2026-01-15 15:48:06] [24 MB] [chunked_processor] Job retrieved successfully
    DATA: Array
(
    [status] => running
    [type] => backup
)

[2026-01-15 15:48:06] [24 MB] [chunked_processor] save_job called
    DATA: Array
(
    [job_id] => f0df9ec8-dce2-4392-a671-1785d207b753
    [status] => running
)

[2026-01-15 15:48:06] [24 MB] [chunked_processor] Transient save result
    DATA: Array
(
    [option_name] => speed_backups_job_f0df9ec8-dce2-4392-a671-1785d207b753
    [success] => YES
)

[2026-01-15 15:48:06] [24 MB] [chunked_processor] Option save result
    DATA: Array
(
    [option_name] => speed_backups_job_f0df9ec8-dce2-4392-a671-1785d207b753
    [success] => YES
)

[2026-01-15 15:48:06] [24 MB] [chunked_processor] Save verification (direct DB)
    DATA: Array
(
    [verified] => YES
)

[2026-01-15 15:48:06] [24 MB] [chunked_processor] get_job called
    DATA: Array
(
    [job_id] => f0df9ec8-dce2-4392-a671-1785d207b753
)

[2026-01-15 15:48:06] [24 MB] [chunked_processor] Transient lookup result
    DATA: Array
(
    [option_name] => speed_backups_job_f0df9ec8-dce2-4392-a671-1785d207b753
    [found] => YES
)

[2026-01-15 15:48:06] [24 MB] [chunked_processor] Job retrieved successfully
    DATA: Array
(
    [status] => running
    [type] => backup
)

[2026-01-15 15:48:06] [24 MB] [chunked_processor] get_job called
    DATA: Array
(
    [job_id] => f0df9ec8-dce2-4392-a671-1785d207b753
)

[2026-01-15 15:48:06] [24 MB] [chunked_processor] Transient lookup result
    DATA: Array
(
    [option_name] => speed_backups_job_f0df9ec8-dce2-4392-a671-1785d207b753
    [found] => YES
)

[2026-01-15 15:48:06] [24 MB] [chunked_processor] Job retrieved successfully
    DATA: Array
(
    [status] => running
    [type] => backup
)

[2026-01-15 15:48:06] [20 MB] [ERROR_HANDLER] PHP error handlers registered
[2026-01-15 15:48:06] [20 MB] [chunked_processor] get_job called
    DATA: Array
(
    [job_id] => f0df9ec8-dce2-4392-a671-1785d207b753
)

[2026-01-15 15:48:06] [20 MB] [chunked_processor] Transient lookup result
    DATA: Array
(
    [option_name] => speed_backups_job_f0df9ec8-dce2-4392-a671-1785d207b753
    [found] => YES
)

[2026-01-15 15:48:06] [20 MB] [chunked_processor] Job retrieved successfully
    DATA: Array
(
    [status] => running
    [type] => backup
)

[2026-01-15 15:48:06] [20 MB] [chunked_processor] get_job called
    DATA: Array
(
    [job_id] => f0df9ec8-dce2-4392-a671-1785d207b753
)

[2026-01-15 15:48:06] [20 MB] [chunked_processor] Transient lookup result
    DATA: Array
(
    [option_name] => speed_backups_job_f0df9ec8-dce2-4392-a671-1785d207b753
    [found] => YES
)

[2026-01-15 15:48:06] [20 MB] [chunked_processor] Job retrieved successfully
    DATA: Array
(
    [status] => running
    [type] => backup
)

[2026-01-15 15:48:06] [20 MB] [chunked_processor] get_job called
    DATA: Array
(
    [job_id] => f0df9ec8-dce2-4392-a671-1785d207b753
)

[2026-01-15 15:48:06] [20 MB] [chunked_processor] Transient lookup result
    DATA: Array
(
    [option_name] => speed_backups_job_f0df9ec8-dce2-4392-a671-1785d207b753
    [found] => YES
)

[2026-01-15 15:48:06] [20 MB] [chunked_processor] Job retrieved successfully
    DATA: Array
(
    [status] => running
    [type] => backup
)

[2026-01-15 15:48:06] [20 MB] [chunked_processor] save_job called
    DATA: Array
(
    [job_id] => f0df9ec8-dce2-4392-a671-1785d207b753
    [status] => running
)

[2026-01-15 15:48:06] [20 MB] [chunked_processor] Transient save result
    DATA: Array
(
    [option_name] => speed_backups_job_f0df9ec8-dce2-4392-a671-1785d207b753
    [success] => YES
)

[2026-01-15 15:48:06] [20 MB] [chunked_processor] Option save result
    DATA: Array
(
    [option_name] => speed_backups_job_f0df9ec8-dce2-4392-a671-1785d207b753
    [success] => YES
)

[2026-01-15 15:48:06] [20 MB] [chunked_processor] Save verification (direct DB)
    DATA: Array
(
    [verified] => YES
)

[2026-01-15 15:48:07] [22 MB] [chunked_processor] get_job called
    DATA: Array
(
    [job_id] => f0df9ec8-dce2-4392-a671-1785d207b753
)

[2026-01-15 15:48:07] [22 MB] [chunked_processor] Transient lookup result
    DATA: Array
(
    [option_name] => speed_backups_job_f0df9ec8-dce2-4392-a671-1785d207b753
    [found] => YES
)

[2026-01-15 15:48:07] [22 MB] [chunked_processor] Job retrieved successfully
    DATA: Array
(
    [status] => running
    [type] => backup
)

[2026-01-15 15:48:07] [22 MB] [chunked_processor] save_job called
    DATA: Array
(
    [job_id] => f0df9ec8-dce2-4392-a671-1785d207b753
    [status] => running
)

[2026-01-15 15:48:07] [22 MB] [chunked_processor] Transient save result
    DATA: Array
(
    [option_name] => speed_backups_job_f0df9ec8-dce2-4392-a671-1785d207b753
    [success] => YES
)

[2026-01-15 15:48:07] [22 MB] [chunked_processor] Option save result
    DATA: Array
(
    [option_name] => speed_backups_job_f0df9ec8-dce2-4392-a671-1785d207b753
    [success] => YES
)

[2026-01-15 15:48:07] [22 MB] [chunked_processor] Save verification (direct DB)
    DATA: Array
(
    [verified] => YES
)

[2026-01-15 15:48:07] [22 MB] [chunked_processor] get_job called
    DATA: Array
(
    [job_id] => f0df9ec8-dce2-4392-a671-1785d207b753
)

[2026-01-15 15:48:07] [22 MB] [chunked_processor] Transient lookup result
    DATA: Array
(
    [option_name] => speed_backups_job_f0df9ec8-dce2-4392-a671-1785d207b753
    [found] => YES
)

[2026-01-15 15:48:07] [22 MB] [chunked_processor] Job retrieved successfully
    DATA: Array
(
    [status] => running
    [type] => backup
)

[2026-01-15 15:48:07] [22 MB] [chunked_processor] get_job called
    DATA: Array
(
    [job_id] => f0df9ec8-dce2-4392-a671-1785d207b753
)

[2026-01-15 15:48:07] [22 MB] [chunked_processor] Transient lookup result
    DATA: Array
(
    [option_name] => speed_backups_job_f0df9ec8-dce2-4392-a671-1785d207b753
    [found] => YES
)

[2026-01-15 15:48:07] [22 MB] [chunked_processor] Job retrieved successfully
    DATA: Array
(
    [status] => running
    [type] => backup
)

[2026-01-15 15:48:07] [26 MB] [ERROR_HANDLER] PHP error handlers registered
[2026-01-15 15:48:07] [26 MB] [chunked_processor] get_job called
    DATA: Array
(
    [job_id] => f0df9ec8-dce2-4392-a671-1785d207b753
)

[2026-01-15 15:48:07] [26 MB] [chunked_processor] Transient lookup result
    DATA: Array
(
    [option_name] => speed_backups_job_f0df9ec8-dce2-4392-a671-1785d207b753
    [found] => YES
)

[2026-01-15 15:48:07] [26 MB] [chunked_processor] Job retrieved successfully
    DATA: Array
(
    [status] => running
    [type] => backup
)

[2026-01-15 15:48:07] [26 MB] [chunked_processor] get_job called
    DATA: Array
(
    [job_id] => f0df9ec8-dce2-4392-a671-1785d207b753
)

[2026-01-15 15:48:07] [26 MB] [chunked_processor] Transient lookup result
    DATA: Array
(
    [option_name] => speed_backups_job_f0df9ec8-dce2-4392-a671-1785d207b753
    [found] => YES
)

[2026-01-15 15:48:07] [26 MB] [chunked_processor] Job retrieved successfully
    DATA: Array
(
    [status] => running
    [type] => backup
)

[2026-01-15 15:48:07] [26 MB] [chunked_processor] get_job called
    DATA: Array
(
    [job_id] => f0df9ec8-dce2-4392-a671-1785d207b753
)

[2026-01-15 15:48:07] [26 MB] [chunked_processor] Transient lookup result
    DATA: Array
(
    [option_name] => speed_backups_job_f0df9ec8-dce2-4392-a671-1785d207b753
    [found] => YES
)

[2026-01-15 15:48:07] [26 MB] [chunked_processor] Job retrieved successfully
    DATA: Array
(
    [status] => running
    [type] => backup
)

[2026-01-15 15:48:07] [26 MB] [chunked_processor] save_job called
    DATA: Array
(
    [job_id] => f0df9ec8-dce2-4392-a671-1785d207b753
    [status] => running
)

[2026-01-15 15:48:07] [26 MB] [chunked_processor] Transient save result
    DATA: Array
(
    [option_name] => speed_backups_job_f0df9ec8-dce2-4392-a671-1785d207b753
    [success] => YES
)

[2026-01-15 15:48:07] [26 MB] [chunked_processor] Option save result
    DATA: Array
(
    [option_name] => speed_backups_job_f0df9ec8-dce2-4392-a671-1785d207b753
    [success] => YES
)

[2026-01-15 15:48:07] [26 MB] [chunked_processor] Save verification (direct DB)
    DATA: Array
(
    [verified] => YES
)

[2026-01-15 15:48:08] [26 MB] [chunked_processor] get_job called
    DATA: Array
(
    [job_id] => f0df9ec8-dce2-4392-a671-1785d207b753
)

[2026-01-15 15:48:08] [26 MB] [chunked_processor] Transient lookup result
    DATA: Array
(
    [option_name] => speed_backups_job_f0df9ec8-dce2-4392-a671-1785d207b753
    [found] => YES
)

[2026-01-15 15:48:08] [26 MB] [chunked_processor] Job retrieved successfully
    DATA: Array
(
    [status] => running
    [type] => backup
)

[2026-01-15 15:48:08] [26 MB] [chunked_processor] save_job called
    DATA: Array
(
    [job_id] => f0df9ec8-dce2-4392-a671-1785d207b753
    [status] => running
)

[2026-01-15 15:48:08] [26 MB] [chunked_processor] Transient save result
    DATA: Array
(
    [option_name] => speed_backups_job_f0df9ec8-dce2-4392-a671-1785d207b753
    [success] => YES
)

[2026-01-15 15:48:08] [26 MB] [chunked_processor] Option save result
    DATA: Array
(
    [option_name] => speed_backups_job_f0df9ec8-dce2-4392-a671-1785d207b753
    [success] => YES
)

[2026-01-15 15:48:08] [26 MB] [chunked_processor] Save verification (direct DB)
    DATA: Array
(
    [verified] => YES
)

[2026-01-15 15:48:08] [26 MB] [chunked_processor] get_job called
    DATA: Array
(
    [job_id] => f0df9ec8-dce2-4392-a671-1785d207b753
)

[2026-01-15 15:48:08] [26 MB] [chunked_processor] Transient lookup result
    DATA: Array
(
    [option_name] => speed_backups_job_f0df9ec8-dce2-4392-a671-1785d207b753
    [found] => YES
)

[2026-01-15 15:48:08] [26 MB] [chunked_processor] Job retrieved successfully
    DATA: Array
(
    [status] => running
    [type] => backup
)

[2026-01-15 15:48:08] [26 MB] [chunked_processor] get_job called
    DATA: Array
(
    [job_id] => f0df9ec8-dce2-4392-a671-1785d207b753
)

[2026-01-15 15:48:08] [26 MB] [chunked_processor] Transient lookup result
    DATA: Array
(
    [option_name] => speed_backups_job_f0df9ec8-dce2-4392-a671-1785d207b753
    [found] => YES
)

[2026-01-15 15:48:08] [26 MB] [chunked_processor] Job retrieved successfully
    DATA: Array
(
    [status] => running
    [type] => backup
)

[2026-01-15 15:48:08] [24 MB] [ERROR_HANDLER] PHP error handlers registered
[2026-01-15 15:48:08] [24 MB] [chunked_processor] get_job called
    DATA: Array
(
    [job_id] => f0df9ec8-dce2-4392-a671-1785d207b753
)

[2026-01-15 15:48:08] [24 MB] [chunked_processor] Transient lookup result
    DATA: Array
(
    [option_name] => speed_backups_job_f0df9ec8-dce2-4392-a671-1785d207b753
    [found] => YES
)

[2026-01-15 15:48:08] [24 MB] [chunked_processor] Job retrieved successfully
    DATA: Array
(
    [status] => running
    [type] => backup
)

[2026-01-15 15:48:08] [24 MB] [chunked_processor] get_job called
    DATA: Array
(
    [job_id] => f0df9ec8-dce2-4392-a671-1785d207b753
)

[2026-01-15 15:48:08] [24 MB] [chunked_processor] Transient lookup result
    DATA: Array
(
    [option_name] => speed_backups_job_f0df9ec8-dce2-4392-a671-1785d207b753
    [found] => YES
)

[2026-01-15 15:48:08] [24 MB] [chunked_processor] Job retrieved successfully
    DATA: Array
(
    [status] => running
    [type] => backup
)

[2026-01-15 15:48:08] [24 MB] [chunked_processor] get_job called
    DATA: Array
(
    [job_id] => f0df9ec8-dce2-4392-a671-1785d207b753
)

[2026-01-15 15:48:08] [24 MB] [chunked_processor] Transient lookup result
    DATA: Array
(
    [option_name] => speed_backups_job_f0df9ec8-dce2-4392-a671-1785d207b753
    [found] => YES
)

[2026-01-15 15:48:08] [24 MB] [chunked_processor] Job retrieved successfully
    DATA: Array
(
    [status] => running
    [type] => backup
)

[2026-01-15 15:48:08] [24 MB] [chunked_processor] save_job called
    DATA: Array
(
    [job_id] => f0df9ec8-dce2-4392-a671-1785d207b753
    [status] => running
)

[2026-01-15 15:48:08] [24 MB] [chunked_processor] Transient save result
    DATA: Array
(
    [option_name] => speed_backups_job_f0df9ec8-dce2-4392-a671-1785d207b753
    [success] => YES
)

[2026-01-15 15:48:08] [24 MB] [chunked_processor] Option save result
    DATA: Array
(
    [option_name] => speed_backups_job_f0df9ec8-dce2-4392-a671-1785d207b753
    [success] => YES
)

[2026-01-15 15:48:08] [24 MB] [chunked_processor] Save verification (direct DB)
    DATA: Array
(
    [verified] => YES
)

[2026-01-15 15:48:10] [26 MB] [chunked_processor] get_job called
    DATA: Array
(
    [job_id] => f0df9ec8-dce2-4392-a671-1785d207b753
)

[2026-01-15 15:48:10] [26 MB] [chunked_processor] Transient lookup result
    DATA: Array
(
    [option_name] => speed_backups_job_f0df9ec8-dce2-4392-a671-1785d207b753
    [found] => YES
)

[2026-01-15 15:48:10] [26 MB] [chunked_processor] Job retrieved successfully
    DATA: Array
(
    [status] => running
    [type] => backup
)

[2026-01-15 15:48:10] [26 MB] [chunked_processor] save_job called
    DATA: Array
(
    [job_id] => f0df9ec8-dce2-4392-a671-1785d207b753
    [status] => running
)

[2026-01-15 15:48:10] [26 MB] [chunked_processor] Transient save result
    DATA: Array
(
    [option_name] => speed_backups_job_f0df9ec8-dce2-4392-a671-1785d207b753
    [success] => YES
)

[2026-01-15 15:48:10] [26 MB] [chunked_processor] Option save result
    DATA: Array
(
    [option_name] => speed_backups_job_f0df9ec8-dce2-4392-a671-1785d207b753
    [success] => YES
)

[2026-01-15 15:48:10] [26 MB] [chunked_processor] Save verification (direct DB)
    DATA: Array
(
    [verified] => YES
)

[2026-01-15 15:48:10] [26 MB] [chunked_processor] get_job called
    DATA: Array
(
    [job_id] => f0df9ec8-dce2-4392-a671-1785d207b753
)

[2026-01-15 15:48:10] [26 MB] [chunked_processor] Transient lookup result
    DATA: Array
(
    [option_name] => speed_backups_job_f0df9ec8-dce2-4392-a671-1785d207b753
    [found] => YES
)

[2026-01-15 15:48:10] [26 MB] [chunked_processor] Job retrieved successfully
    DATA: Array
(
    [status] => running
    [type] => backup
)

[2026-01-15 15:48:10] [26 MB] [chunked_processor] get_job called
    DATA: Array
(
    [job_id] => f0df9ec8-dce2-4392-a671-1785d207b753
)

[2026-01-15 15:48:10] [26 MB] [chunked_processor] Transient lookup result
    DATA: Array
(
    [option_name] => speed_backups_job_f0df9ec8-dce2-4392-a671-1785d207b753
    [found] => YES
)

[2026-01-15 15:48:10] [26 MB] [chunked_processor] Job retrieved successfully
    DATA: Array
(
    [status] => running
    [type] => backup
)

[2026-01-15 15:48:11] [22 MB] [ERROR_HANDLER] PHP error handlers registered
[2026-01-15 15:48:11] [22 MB] [chunked_processor] get_job called
    DATA: Array
(
    [job_id] => f0df9ec8-dce2-4392-a671-1785d207b753
)

[2026-01-15 15:48:11] [22 MB] [chunked_processor] Transient lookup result
    DATA: Array
(
    [option_name] => speed_backups_job_f0df9ec8-dce2-4392-a671-1785d207b753
    [found] => YES
)

[2026-01-15 15:48:11] [22 MB] [chunked_processor] Job retrieved successfully
    DATA: Array
(
    [status] => running
    [type] => backup
)

[2026-01-15 15:48:11] [22 MB] [chunked_processor] get_job called
    DATA: Array
(
    [job_id] => f0df9ec8-dce2-4392-a671-1785d207b753
)

[2026-01-15 15:48:11] [22 MB] [chunked_processor] Transient lookup result
    DATA: Array
(
    [option_name] => speed_backups_job_f0df9ec8-dce2-4392-a671-1785d207b753
    [found] => YES
)

[2026-01-15 15:48:11] [22 MB] [chunked_processor] Job retrieved successfully
    DATA: Array
(
    [status] => running
    [type] => backup
)

[2026-01-15 15:48:11] [22 MB] [chunked_processor] get_job called
    DATA: Array
(
    [job_id] => f0df9ec8-dce2-4392-a671-1785d207b753
)

[2026-01-15 15:48:11] [22 MB] [chunked_processor] Transient lookup result
    DATA: Array
(
    [option_name] => speed_backups_job_f0df9ec8-dce2-4392-a671-1785d207b753
    [found] => YES
)

[2026-01-15 15:48:11] [22 MB] [chunked_processor] Job retrieved successfully
    DATA: Array
(
    [status] => running
    [type] => backup
)

[2026-01-15 15:48:11] [22 MB] [chunked_processor] save_job called
    DATA: Array
(
    [job_id] => f0df9ec8-dce2-4392-a671-1785d207b753
    [status] => running
)

[2026-01-15 15:48:11] [22 MB] [chunked_processor] Transient save result
    DATA: Array
(
    [option_name] => speed_backups_job_f0df9ec8-dce2-4392-a671-1785d207b753
    [success] => YES
)

[2026-01-15 15:48:11] [22 MB] [chunked_processor] Option save result
    DATA: Array
(
    [option_name] => speed_backups_job_f0df9ec8-dce2-4392-a671-1785d207b753
    [success] => YES
)

[2026-01-15 15:48:11] [22 MB] [chunked_processor] Save verification (direct DB)
    DATA: Array
(
    [verified] => YES
)

[2026-01-15 15:48:11] [24 MB] [chunked_processor] get_job called
    DATA: Array
(
    [job_id] => f0df9ec8-dce2-4392-a671-1785d207b753
)

[2026-01-15 15:48:11] [24 MB] [chunked_processor] Transient lookup result
    DATA: Array
(
    [option_name] => speed_backups_job_f0df9ec8-dce2-4392-a671-1785d207b753
    [found] => YES
)

[2026-01-15 15:48:11] [24 MB] [chunked_processor] Job retrieved successfully
    DATA: Array
(
    [status] => running
    [type] => backup
)

[2026-01-15 15:48:11] [24 MB] [chunked_processor] save_job called
    DATA: Array
(
    [job_id] => f0df9ec8-dce2-4392-a671-1785d207b753
    [status] => running
)

[2026-01-15 15:48:11] [24 MB] [chunked_processor] Transient save result
    DATA: Array
(
    [option_name] => speed_backups_job_f0df9ec8-dce2-4392-a671-1785d207b753
    [success] => YES
)

[2026-01-15 15:48:11] [24 MB] [chunked_processor] Option save result
    DATA: Array
(
    [option_name] => speed_backups_job_f0df9ec8-dce2-4392-a671-1785d207b753
    [success] => YES
)

[2026-01-15 15:48:11] [24 MB] [chunked_processor] Save verification (direct DB)
    DATA: Array
(
    [verified] => YES
)

[2026-01-15 15:48:11] [24 MB] [chunked_processor] get_job called
    DATA: Array
(
    [job_id] => f0df9ec8-dce2-4392-a671-1785d207b753
)

[2026-01-15 15:48:11] [24 MB] [chunked_processor] Transient lookup result
    DATA: Array
(
    [option_name] => speed_backups_job_f0df9ec8-dce2-4392-a671-1785d207b753
    [found] => YES
)

[2026-01-15 15:48:11] [24 MB] [chunked_processor] Job retrieved successfully
    DATA: Array
(
    [status] => running
    [type] => backup
)

[2026-01-15 15:48:11] [24 MB] [chunked_processor] get_job called
    DATA: Array
(
    [job_id] => f0df9ec8-dce2-4392-a671-1785d207b753
)

[2026-01-15 15:48:11] [24 MB] [chunked_processor] Transient lookup result
    DATA: Array
(
    [option_name] => speed_backups_job_f0df9ec8-dce2-4392-a671-1785d207b753
    [found] => YES
)

[2026-01-15 15:48:11] [24 MB] [chunked_processor] Job retrieved successfully
    DATA: Array
(
    [status] => running
    [type] => backup
)

[2026-01-15 15:48:12] [24 MB] [ERROR_HANDLER] PHP error handlers registered
[2026-01-15 15:48:12] [24 MB] [chunked_processor] get_job called
    DATA: Array
(
    [job_id] => f0df9ec8-dce2-4392-a671-1785d207b753
)

[2026-01-15 15:48:12] [24 MB] [chunked_processor] Transient lookup result
    DATA: Array
(
    [option_name] => speed_backups_job_f0df9ec8-dce2-4392-a671-1785d207b753
    [found] => YES
)

[2026-01-15 15:48:12] [24 MB] [chunked_processor] Job retrieved successfully
    DATA: Array
(
    [status] => running
    [type] => backup
)

[2026-01-15 15:48:12] [24 MB] [chunked_processor] get_job called
    DATA: Array
(
    [job_id] => f0df9ec8-dce2-4392-a671-1785d207b753
)

[2026-01-15 15:48:12] [24 MB] [chunked_processor] Transient lookup result
    DATA: Array
(
    [option_name] => speed_backups_job_f0df9ec8-dce2-4392-a671-1785d207b753
    [found] => YES
)

[2026-01-15 15:48:12] [24 MB] [chunked_processor] Job retrieved successfully
    DATA: Array
(
    [status] => running
    [type] => backup
)

[2026-01-15 15:48:12] [24 MB] [chunked_processor] get_job called
    DATA: Array
(
    [job_id] => f0df9ec8-dce2-4392-a671-1785d207b753
)

[2026-01-15 15:48:12] [24 MB] [chunked_processor] Transient lookup result
    DATA: Array
(
    [option_name] => speed_backups_job_f0df9ec8-dce2-4392-a671-1785d207b753
    [found] => YES
)

[2026-01-15 15:48:12] [24 MB] [chunked_processor] Job retrieved successfully
    DATA: Array
(
    [status] => running
    [type] => backup
)

[2026-01-15 15:48:12] [24 MB] [chunked_processor] save_job called
    DATA: Array
(
    [job_id] => f0df9ec8-dce2-4392-a671-1785d207b753
    [status] => running
)

[2026-01-15 15:48:12] [24 MB] [chunked_processor] Transient save result
    DATA: Array
(
    [option_name] => speed_backups_job_f0df9ec8-dce2-4392-a671-1785d207b753
    [success] => YES
)

[2026-01-15 15:48:12] [24 MB] [chunked_processor] Option save result
    DATA: Array
(
    [option_name] => speed_backups_job_f0df9ec8-dce2-4392-a671-1785d207b753
    [success] => YES
)

[2026-01-15 15:48:12] [24 MB] [chunked_processor] Save verification (direct DB)
    DATA: Array
(
    [verified] => YES
)

[2026-01-15 15:48:13] [26 MB] [chunked_processor] get_job called
    DATA: Array
(
    [job_id] => f0df9ec8-dce2-4392-a671-1785d207b753
)

[2026-01-15 15:48:13] [26 MB] [chunked_processor] Transient lookup result
    DATA: Array
(
    [option_name] => speed_backups_job_f0df9ec8-dce2-4392-a671-1785d207b753
    [found] => YES
)

[2026-01-15 15:48:13] [26 MB] [chunked_processor] Job retrieved successfully
    DATA: Array
(
    [status] => running
    [type] => backup
)

[2026-01-15 15:48:13] [26 MB] [chunked_processor] save_job called
    DATA: Array
(
    [job_id] => f0df9ec8-dce2-4392-a671-1785d207b753
    [status] => running
)

[2026-01-15 15:48:13] [26 MB] [chunked_processor] Transient save result
    DATA: Array
(
    [option_name] => speed_backups_job_f0df9ec8-dce2-4392-a671-1785d207b753
    [success] => YES
)

[2026-01-15 15:48:13] [26 MB] [chunked_processor] Option save result
    DATA: Array
(
    [option_name] => speed_backups_job_f0df9ec8-dce2-4392-a671-1785d207b753
    [success] => YES
)

[2026-01-15 15:48:13] [26 MB] [chunked_processor] Save verification (direct DB)
    DATA: Array
(
    [verified] => YES
)

[2026-01-15 15:48:13] [26 MB] [chunked_processor] get_job called
    DATA: Array
(
    [job_id] => f0df9ec8-dce2-4392-a671-1785d207b753
)

[2026-01-15 15:48:13] [26 MB] [chunked_processor] Transient lookup result
    DATA: Array
(
    [option_name] => speed_backups_job_f0df9ec8-dce2-4392-a671-1785d207b753
    [found] => YES
)

[2026-01-15 15:48:13] [26 MB] [chunked_processor] Job retrieved successfully
    DATA: Array
(
    [status] => running
    [type] => backup
)

[2026-01-15 15:48:13] [26 MB] [chunked_processor] get_job called
    DATA: Array
(
    [job_id] => f0df9ec8-dce2-4392-a671-1785d207b753
)

[2026-01-15 15:48:13] [26 MB] [chunked_processor] Transient lookup result
    DATA: Array
(
    [option_name] => speed_backups_job_f0df9ec8-dce2-4392-a671-1785d207b753
    [found] => YES
)

[2026-01-15 15:48:13] [26 MB] [chunked_processor] Job retrieved successfully
    DATA: Array
(
    [status] => running
    [type] => backup
)

[2026-01-15 15:48:13] [24 MB] [ERROR_HANDLER] PHP error handlers registered
[2026-01-15 15:48:13] [24 MB] [chunked_processor] get_job called
    DATA: Array
(
    [job_id] => f0df9ec8-dce2-4392-a671-1785d207b753
)

[2026-01-15 15:48:13] [24 MB] [chunked_processor] Transient lookup result
    DATA: Array
(
    [option_name] => speed_backups_job_f0df9ec8-dce2-4392-a671-1785d207b753
    [found] => YES
)

[2026-01-15 15:48:13] [24 MB] [chunked_processor] Job retrieved successfully
    DATA: Array
(
    [status] => running
    [type] => backup
)

[2026-01-15 15:48:13] [24 MB] [chunked_processor] get_job called
    DATA: Array
(
    [job_id] => f0df9ec8-dce2-4392-a671-1785d207b753
)

[2026-01-15 15:48:13] [24 MB] [chunked_processor] Transient lookup result
    DATA: Array
(
    [option_name] => speed_backups_job_f0df9ec8-dce2-4392-a671-1785d207b753
    [found] => YES
)

[2026-01-15 15:48:13] [24 MB] [chunked_processor] Job retrieved successfully
    DATA: Array
(
    [status] => running
    [type] => backup
)

[2026-01-15 15:48:13] [24 MB] [chunked_processor] get_job called
    DATA: Array
(
    [job_id] => f0df9ec8-dce2-4392-a671-1785d207b753
)

[2026-01-15 15:48:13] [24 MB] [chunked_processor] Transient lookup result
    DATA: Array
(
    [option_name] => speed_backups_job_f0df9ec8-dce2-4392-a671-1785d207b753
    [found] => YES
)

[2026-01-15 15:48:13] [24 MB] [chunked_processor] Job retrieved successfully
    DATA: Array
(
    [status] => running
    [type] => backup
)

[2026-01-15 15:48:13] [24 MB] [chunked_processor] save_job called
    DATA: Array
(
    [job_id] => f0df9ec8-dce2-4392-a671-1785d207b753
    [status] => running
)

[2026-01-15 15:48:13] [24 MB] [chunked_processor] Transient save result
    DATA: Array
(
    [option_name] => speed_backups_job_f0df9ec8-dce2-4392-a671-1785d207b753
    [success] => YES
)

[2026-01-15 15:48:13] [24 MB] [chunked_processor] Option save result
    DATA: Array
(
    [option_name] => speed_backups_job_f0df9ec8-dce2-4392-a671-1785d207b753
    [success] => YES
)

[2026-01-15 15:48:13] [24 MB] [chunked_processor] Save verification (direct DB)
    DATA: Array
(
    [verified] => YES
)

[2026-01-15 15:48:13] [24 MB] [chunked_processor] get_job called
    DATA: Array
(
    [job_id] => f0df9ec8-dce2-4392-a671-1785d207b753
)

[2026-01-15 15:48:13] [24 MB] [chunked_processor] Transient lookup result
    DATA: Array
(
    [option_name] => speed_backups_job_f0df9ec8-dce2-4392-a671-1785d207b753
    [found] => YES
)

[2026-01-15 15:48:13] [24 MB] [chunked_processor] Job retrieved successfully
    DATA: Array
(
    [status] => running
    [type] => backup
)

[2026-01-15 15:48:13] [24 MB] [chunked_processor] save_job called
    DATA: Array
(
    [job_id] => f0df9ec8-dce2-4392-a671-1785d207b753
    [status] => running
)

[2026-01-15 15:48:13] [24 MB] [chunked_processor] Transient save result
    DATA: Array
(
    [option_name] => speed_backups_job_f0df9ec8-dce2-4392-a671-1785d207b753
    [success] => YES
)

[2026-01-15 15:48:13] [24 MB] [chunked_processor] Option save result
    DATA: Array
(
    [option_name] => speed_backups_job_f0df9ec8-dce2-4392-a671-1785d207b753
    [success] => YES
)

[2026-01-15 15:48:13] [24 MB] [chunked_processor] Save verification (direct DB)
    DATA: Array
(
    [verified] => YES
)

[2026-01-15 15:48:13] [24 MB] [chunked_processor] get_job called
    DATA: Array
(
    [job_id] => f0df9ec8-dce2-4392-a671-1785d207b753
)

[2026-01-15 15:48:13] [24 MB] [chunked_processor] Transient lookup result
    DATA: Array
(
    [option_name] => speed_backups_job_f0df9ec8-dce2-4392-a671-1785d207b753
    [found] => YES
)

[2026-01-15 15:48:13] [24 MB] [chunked_processor] Job retrieved successfully
    DATA: Array
(
    [status] => running
    [type] => backup
)

[2026-01-15 15:48:13] [24 MB] [chunked_processor] get_job called
    DATA: Array
(
    [job_id] => f0df9ec8-dce2-4392-a671-1785d207b753
)

[2026-01-15 15:48:13] [24 MB] [chunked_processor] Transient lookup result
    DATA: Array
(
    [option_name] => speed_backups_job_f0df9ec8-dce2-4392-a671-1785d207b753
    [found] => YES
)

[2026-01-15 15:48:13] [24 MB] [chunked_processor] Job retrieved successfully
    DATA: Array
(
    [status] => running
    [type] => backup
)

[2026-01-15 15:48:14] [22 MB] [ERROR_HANDLER] PHP error handlers registered
[2026-01-15 15:48:14] [22 MB] [chunked_processor] get_job called
    DATA: Array
(
    [job_id] => f0df9ec8-dce2-4392-a671-1785d207b753
)

[2026-01-15 15:48:14] [22 MB] [chunked_processor] Transient lookup result
    DATA: Array
(
    [option_name] => speed_backups_job_f0df9ec8-dce2-4392-a671-1785d207b753
    [found] => YES
)

[2026-01-15 15:48:14] [22 MB] [chunked_processor] Job retrieved successfully
    DATA: Array
(
    [status] => running
    [type] => backup
)

[2026-01-15 15:48:14] [22 MB] [chunked_processor] get_job called
    DATA: Array
(
    [job_id] => f0df9ec8-dce2-4392-a671-1785d207b753
)

[2026-01-15 15:48:14] [22 MB] [chunked_processor] Transient lookup result
    DATA: Array
(
    [option_name] => speed_backups_job_f0df9ec8-dce2-4392-a671-1785d207b753
    [found] => YES
)

[2026-01-15 15:48:14] [22 MB] [chunked_processor] Job retrieved successfully
    DATA: Array
(
    [status] => running
    [type] => backup
)

[2026-01-15 15:48:14] [22 MB] [chunked_processor] get_job called
    DATA: Array
(
    [job_id] => f0df9ec8-dce2-4392-a671-1785d207b753
)

[2026-01-15 15:48:14] [22 MB] [chunked_processor] Transient lookup result
    DATA: Array
(
    [option_name] => speed_backups_job_f0df9ec8-dce2-4392-a671-1785d207b753
    [found] => YES
)

[2026-01-15 15:48:14] [22 MB] [chunked_processor] Job retrieved successfully
    DATA: Array
(
    [status] => running
    [type] => backup
)

[2026-01-15 15:48:14] [22 MB] [chunked_processor] save_job called
    DATA: Array
(
    [job_id] => f0df9ec8-dce2-4392-a671-1785d207b753
    [status] => running
)

[2026-01-15 15:48:14] [22 MB] [chunked_processor] Transient save result
    DATA: Array
(
    [option_name] => speed_backups_job_f0df9ec8-dce2-4392-a671-1785d207b753
    [success] => YES
)

[2026-01-15 15:48:14] [22 MB] [chunked_processor] Option save result
    DATA: Array
(
    [option_name] => speed_backups_job_f0df9ec8-dce2-4392-a671-1785d207b753
    [success] => YES
)

[2026-01-15 15:48:14] [22 MB] [chunked_processor] Save verification (direct DB)
    DATA: Array
(
    [verified] => YES
)

[2026-01-15 15:48:14] [24 MB] [chunked_processor] get_job called
    DATA: Array
(
    [job_id] => f0df9ec8-dce2-4392-a671-1785d207b753
)

[2026-01-15 15:48:14] [24 MB] [chunked_processor] Transient lookup result
    DATA: Array
(
    [option_name] => speed_backups_job_f0df9ec8-dce2-4392-a671-1785d207b753
    [found] => YES
)

[2026-01-15 15:48:14] [24 MB] [chunked_processor] Job retrieved successfully
    DATA: Array
(
    [status] => running
    [type] => backup
)

[2026-01-15 15:48:14] [24 MB] [chunked_processor] save_job called
    DATA: Array
(
    [job_id] => f0df9ec8-dce2-4392-a671-1785d207b753
    [status] => running
)

[2026-01-15 15:48:14] [24 MB] [chunked_processor] Transient save result
    DATA: Array
(
    [option_name] => speed_backups_job_f0df9ec8-dce2-4392-a671-1785d207b753
    [success] => YES
)

[2026-01-15 15:48:14] [24 MB] [chunked_processor] Option save result
    DATA: Array
(
    [option_name] => speed_backups_job_f0df9ec8-dce2-4392-a671-1785d207b753
    [success] => YES
)

[2026-01-15 15:48:14] [24 MB] [chunked_processor] Save verification (direct DB)
    DATA: Array
(
    [verified] => YES
)

[2026-01-15 15:48:14] [24 MB] [chunked_processor] get_job called
    DATA: Array
(
    [job_id] => f0df9ec8-dce2-4392-a671-1785d207b753
)

[2026-01-15 15:48:14] [24 MB] [chunked_processor] Transient lookup result
    DATA: Array
(
    [option_name] => speed_backups_job_f0df9ec8-dce2-4392-a671-1785d207b753
    [found] => YES
)

[2026-01-15 15:48:14] [24 MB] [chunked_processor] Job retrieved successfully
    DATA: Array
(
    [status] => running
    [type] => backup
)

[2026-01-15 15:48:14] [24 MB] [chunked_processor] get_job called
    DATA: Array
(
    [job_id] => f0df9ec8-dce2-4392-a671-1785d207b753
)

[2026-01-15 15:48:14] [24 MB] [chunked_processor] Transient lookup result
    DATA: Array
(
    [option_name] => speed_backups_job_f0df9ec8-dce2-4392-a671-1785d207b753
    [found] => YES
)

[2026-01-15 15:48:14] [24 MB] [chunked_processor] Job retrieved successfully
    DATA: Array
(
    [status] => running
    [type] => backup
)

[2026-01-15 15:48:15] [24 MB] [ERROR_HANDLER] PHP error handlers registered
[2026-01-15 15:48:15] [24 MB] [chunked_processor] get_job called
    DATA: Array
(
    [job_id] => f0df9ec8-dce2-4392-a671-1785d207b753
)

[2026-01-15 15:48:15] [24 MB] [chunked_processor] Transient lookup result
    DATA: Array
(
    [option_name] => speed_backups_job_f0df9ec8-dce2-4392-a671-1785d207b753
    [found] => YES
)

[2026-01-15 15:48:15] [24 MB] [chunked_processor] Job retrieved successfully
    DATA: Array
(
    [status] => running
    [type] => backup
)

[2026-01-15 15:48:15] [24 MB] [chunked_processor] get_job called
    DATA: Array
(
    [job_id] => f0df9ec8-dce2-4392-a671-1785d207b753
)

[2026-01-15 15:48:15] [24 MB] [chunked_processor] Transient lookup result
    DATA: Array
(
    [option_name] => speed_backups_job_f0df9ec8-dce2-4392-a671-1785d207b753
    [found] => YES
)

[2026-01-15 15:48:15] [24 MB] [chunked_processor] Job retrieved successfully
    DATA: Array
(
    [status] => running
    [type] => backup
)

[2026-01-15 15:48:15] [24 MB] [chunked_processor] get_job called
    DATA: Array
(
    [job_id] => f0df9ec8-dce2-4392-a671-1785d207b753
)

[2026-01-15 15:48:15] [24 MB] [chunked_processor] Transient lookup result
    DATA: Array
(
    [option_name] => speed_backups_job_f0df9ec8-dce2-4392-a671-1785d207b753
    [found] => YES
)

[2026-01-15 15:48:15] [24 MB] [chunked_processor] Job retrieved successfully
    DATA: Array
(
    [status] => running
    [type] => backup
)

[2026-01-15 15:48:15] [24 MB] [chunked_processor] save_job called
    DATA: Array
(
    [job_id] => f0df9ec8-dce2-4392-a671-1785d207b753
    [status] => running
)

[2026-01-15 15:48:15] [24 MB] [chunked_processor] Transient save result
    DATA: Array
(
    [option_name] => speed_backups_job_f0df9ec8-dce2-4392-a671-1785d207b753
    [success] => YES
)

[2026-01-15 15:48:15] [24 MB] [chunked_processor] Option save result
    DATA: Array
(
    [option_name] => speed_backups_job_f0df9ec8-dce2-4392-a671-1785d207b753
    [success] => YES
)

[2026-01-15 15:48:15] [24 MB] [chunked_processor] Save verification (direct DB)
    DATA: Array
(
    [verified] => YES
)

[2026-01-15 15:48:19] [26 MB] [chunked_processor] get_job called
    DATA: Array
(
    [job_id] => f0df9ec8-dce2-4392-a671-1785d207b753
)

[2026-01-15 15:48:19] [26 MB] [chunked_processor] Transient lookup result
    DATA: Array
(
    [option_name] => speed_backups_job_f0df9ec8-dce2-4392-a671-1785d207b753
    [found] => YES
)

[2026-01-15 15:48:19] [26 MB] [chunked_processor] Job retrieved successfully
    DATA: Array
(
    [status] => running
    [type] => backup
)

[2026-01-15 15:48:19] [26 MB] [chunked_processor] save_job called
    DATA: Array
(
    [job_id] => f0df9ec8-dce2-4392-a671-1785d207b753
    [status] => running
)

[2026-01-15 15:48:19] [26 MB] [chunked_processor] Transient save result
    DATA: Array
(
    [option_name] => speed_backups_job_f0df9ec8-dce2-4392-a671-1785d207b753
    [success] => YES
)

[2026-01-15 15:48:19] [26 MB] [chunked_processor] Option save result
    DATA: Array
(
    [option_name] => speed_backups_job_f0df9ec8-dce2-4392-a671-1785d207b753
    [success] => YES
)

[2026-01-15 15:48:19] [26 MB] [chunked_processor] Save verification (direct DB)
    DATA: Array
(
    [verified] => YES
)

[2026-01-15 15:48:19] [26 MB] [chunked_processor] get_job called
    DATA: Array
(
    [job_id] => f0df9ec8-dce2-4392-a671-1785d207b753
)

[2026-01-15 15:48:19] [26 MB] [chunked_processor] Transient lookup result
    DATA: Array
(
    [option_name] => speed_backups_job_f0df9ec8-dce2-4392-a671-1785d207b753
    [found] => YES
)

[2026-01-15 15:48:19] [26 MB] [chunked_processor] Job retrieved successfully
    DATA: Array
(
    [status] => running
    [type] => backup
)

[2026-01-15 15:48:19] [26 MB] [chunked_processor] get_job called
    DATA: Array
(
    [job_id] => f0df9ec8-dce2-4392-a671-1785d207b753
)

[2026-01-15 15:48:19] [26 MB] [chunked_processor] Transient lookup result
    DATA: Array
(
    [option_name] => speed_backups_job_f0df9ec8-dce2-4392-a671-1785d207b753
    [found] => YES
)

[2026-01-15 15:48:19] [26 MB] [chunked_processor] Job retrieved successfully
    DATA: Array
(
    [status] => running
    [type] => backup
)

[2026-01-15 15:48:19] [24 MB] [ERROR_HANDLER] PHP error handlers registered
[2026-01-15 15:48:19] [24 MB] [chunked_processor] get_job called
    DATA: Array
(
    [job_id] => f0df9ec8-dce2-4392-a671-1785d207b753
)

[2026-01-15 15:48:19] [24 MB] [chunked_processor] Transient lookup result
    DATA: Array
(
    [option_name] => speed_backups_job_f0df9ec8-dce2-4392-a671-1785d207b753
    [found] => YES
)

[2026-01-15 15:48:19] [24 MB] [chunked_processor] Job retrieved successfully
    DATA: Array
(
    [status] => running
    [type] => backup
)

[2026-01-15 15:48:19] [24 MB] [chunked_processor] get_job called
    DATA: Array
(
    [job_id] => f0df9ec8-dce2-4392-a671-1785d207b753
)

[2026-01-15 15:48:19] [24 MB] [chunked_processor] Transient lookup result
    DATA: Array
(
    [option_name] => speed_backups_job_f0df9ec8-dce2-4392-a671-1785d207b753
    [found] => YES
)

[2026-01-15 15:48:19] [24 MB] [chunked_processor] Job retrieved successfully
    DATA: Array
(
    [status] => running
    [type] => backup
)

[2026-01-15 15:48:19] [24 MB] [chunked_processor] get_job called
    DATA: Array
(
    [job_id] => f0df9ec8-dce2-4392-a671-1785d207b753
)

[2026-01-15 15:48:19] [24 MB] [chunked_processor] Transient lookup result
    DATA: Array
(
    [option_name] => speed_backups_job_f0df9ec8-dce2-4392-a671-1785d207b753
    [found] => YES
)

[2026-01-15 15:48:19] [24 MB] [chunked_processor] Job retrieved successfully
    DATA: Array
(
    [status] => running
    [type] => backup
)

[2026-01-15 15:48:19] [24 MB] [chunked_processor] save_job called
    DATA: Array
(
    [job_id] => f0df9ec8-dce2-4392-a671-1785d207b753
    [status] => running
)

[2026-01-15 15:48:19] [24 MB] [chunked_processor] Transient save result
    DATA: Array
(
    [option_name] => speed_backups_job_f0df9ec8-dce2-4392-a671-1785d207b753
    [success] => YES
)

[2026-01-15 15:48:19] [24 MB] [chunked_processor] Option save result
    DATA: Array
(
    [option_name] => speed_backups_job_f0df9ec8-dce2-4392-a671-1785d207b753
    [success] => YES
)

[2026-01-15 15:48:19] [24 MB] [chunked_processor] Save verification (direct DB)
    DATA: Array
(
    [verified] => YES
)

[2026-01-15 15:48:24] [24 MB] [chunked_processor] get_job called
    DATA: Array
(
    [job_id] => f0df9ec8-dce2-4392-a671-1785d207b753
)

[2026-01-15 15:48:24] [24 MB] [chunked_processor] Transient lookup result
    DATA: Array
(
    [option_name] => speed_backups_job_f0df9ec8-dce2-4392-a671-1785d207b753
    [found] => YES
)

[2026-01-15 15:48:24] [24 MB] [chunked_processor] Job retrieved successfully
    DATA: Array
(
    [status] => running
    [type] => backup
)

[2026-01-15 15:48:24] [24 MB] [chunked_processor] save_job called
    DATA: Array
(
    [job_id] => f0df9ec8-dce2-4392-a671-1785d207b753
    [status] => running
)

[2026-01-15 15:48:24] [24 MB] [chunked_processor] Transient save result
    DATA: Array
(
    [option_name] => speed_backups_job_f0df9ec8-dce2-4392-a671-1785d207b753
    [success] => YES
)

[2026-01-15 15:48:24] [24 MB] [chunked_processor] Option save result
    DATA: Array
(
    [option_name] => speed_backups_job_f0df9ec8-dce2-4392-a671-1785d207b753
    [success] => YES
)

[2026-01-15 15:48:24] [24 MB] [chunked_processor] Save verification (direct DB)
    DATA: Array
(
    [verified] => YES
)

[2026-01-15 15:48:24] [24 MB] [chunked_processor] get_job called
    DATA: Array
(
    [job_id] => f0df9ec8-dce2-4392-a671-1785d207b753
)

[2026-01-15 15:48:24] [24 MB] [chunked_processor] Transient lookup result
    DATA: Array
(
    [option_name] => speed_backups_job_f0df9ec8-dce2-4392-a671-1785d207b753
    [found] => YES
)

[2026-01-15 15:48:24] [24 MB] [chunked_processor] Job retrieved successfully
    DATA: Array
(
    [status] => running
    [type] => backup
)

[2026-01-15 15:48:24] [24 MB] [chunked_processor] get_job called
    DATA: Array
(
    [job_id] => f0df9ec8-dce2-4392-a671-1785d207b753
)

[2026-01-15 15:48:24] [24 MB] [chunked_processor] Transient lookup result
    DATA: Array
(
    [option_name] => speed_backups_job_f0df9ec8-dce2-4392-a671-1785d207b753
    [found] => YES
)

[2026-01-15 15:48:24] [24 MB] [chunked_processor] Job retrieved successfully
    DATA: Array
(
    [status] => running
    [type] => backup
)

[2026-01-15 15:48:24] [22 MB] [ERROR_HANDLER] PHP error handlers registered
[2026-01-15 15:48:24] [22 MB] [chunked_processor] get_job called
    DATA: Array
(
    [job_id] => f0df9ec8-dce2-4392-a671-1785d207b753
)

[2026-01-15 15:48:24] [22 MB] [chunked_processor] Transient lookup result
    DATA: Array
(
    [option_name] => speed_backups_job_f0df9ec8-dce2-4392-a671-1785d207b753
    [found] => YES
)

[2026-01-15 15:48:24] [22 MB] [chunked_processor] Job retrieved successfully
    DATA: Array
(
    [status] => running
    [type] => backup
)

[2026-01-15 15:48:24] [22 MB] [chunked_processor] get_job called
    DATA: Array
(
    [job_id] => f0df9ec8-dce2-4392-a671-1785d207b753
)

[2026-01-15 15:48:24] [22 MB] [chunked_processor] Transient lookup result
    DATA: Array
(
    [option_name] => speed_backups_job_f0df9ec8-dce2-4392-a671-1785d207b753
    [found] => YES
)

[2026-01-15 15:48:24] [22 MB] [chunked_processor] Job retrieved successfully
    DATA: Array
(
    [status] => running
    [type] => backup
)

[2026-01-15 15:48:24] [22 MB] [chunked_processor] get_job called
    DATA: Array
(
    [job_id] => f0df9ec8-dce2-4392-a671-1785d207b753
)

[2026-01-15 15:48:24] [22 MB] [chunked_processor] Transient lookup result
    DATA: Array
(
    [option_name] => speed_backups_job_f0df9ec8-dce2-4392-a671-1785d207b753
    [found] => YES
)

[2026-01-15 15:48:24] [22 MB] [chunked_processor] Job retrieved successfully
    DATA: Array
(
    [status] => running
    [type] => backup
)

[2026-01-15 15:48:24] [22 MB] [chunked_processor] save_job called
    DATA: Array
(
    [job_id] => f0df9ec8-dce2-4392-a671-1785d207b753
    [status] => running
)

[2026-01-15 15:48:24] [22 MB] [chunked_processor] Transient save result
    DATA: Array
(
    [option_name] => speed_backups_job_f0df9ec8-dce2-4392-a671-1785d207b753
    [success] => YES
)

[2026-01-15 15:48:24] [22 MB] [chunked_processor] Option save result
    DATA: Array
(
    [option_name] => speed_backups_job_f0df9ec8-dce2-4392-a671-1785d207b753
    [success] => YES
)

[2026-01-15 15:48:24] [22 MB] [chunked_processor] Save verification (direct DB)
    DATA: Array
(
    [verified] => YES
)

[2026-01-15 15:48:25] [22 MB] [chunked_processor] get_job called
    DATA: Array
(
    [job_id] => f0df9ec8-dce2-4392-a671-1785d207b753
)

[2026-01-15 15:48:25] [22 MB] [chunked_processor] Transient lookup result
    DATA: Array
(
    [option_name] => speed_backups_job_f0df9ec8-dce2-4392-a671-1785d207b753
    [found] => YES
)

[2026-01-15 15:48:25] [22 MB] [chunked_processor] Job retrieved successfully
    DATA: Array
(
    [status] => running
    [type] => backup
)

[2026-01-15 15:48:25] [22 MB] [chunked_processor] save_job called
    DATA: Array
(
    [job_id] => f0df9ec8-dce2-4392-a671-1785d207b753
    [status] => running
)

[2026-01-15 15:48:25] [22 MB] [chunked_processor] Transient save result
    DATA: Array
(
    [option_name] => speed_backups_job_f0df9ec8-dce2-4392-a671-1785d207b753
    [success] => YES
)

[2026-01-15 15:48:25] [22 MB] [chunked_processor] Option save result
    DATA: Array
(
    [option_name] => speed_backups_job_f0df9ec8-dce2-4392-a671-1785d207b753
    [success] => YES
)

[2026-01-15 15:48:25] [22 MB] [chunked_processor] Save verification (direct DB)
    DATA: Array
(
    [verified] => YES
)

[2026-01-15 15:48:25] [22 MB] [chunked_processor] get_job called
    DATA: Array
(
    [job_id] => f0df9ec8-dce2-4392-a671-1785d207b753
)

[2026-01-15 15:48:25] [22 MB] [chunked_processor] Transient lookup result
    DATA: Array
(
    [option_name] => speed_backups_job_f0df9ec8-dce2-4392-a671-1785d207b753
    [found] => YES
)

[2026-01-15 15:48:25] [22 MB] [chunked_processor] Job retrieved successfully
    DATA: Array
(
    [status] => running
    [type] => backup
)

[2026-01-15 15:48:25] [22 MB] [chunked_processor] get_job called
    DATA: Array
(
    [job_id] => f0df9ec8-dce2-4392-a671-1785d207b753
)

[2026-01-15 15:48:25] [22 MB] [chunked_processor] Transient lookup result
    DATA: Array
(
    [option_name] => speed_backups_job_f0df9ec8-dce2-4392-a671-1785d207b753
    [found] => YES
)

[2026-01-15 15:48:25] [22 MB] [chunked_processor] Job retrieved successfully
    DATA: Array
(
    [status] => running
    [type] => backup
)

[2026-01-15 15:48:25] [26 MB] [ERROR_HANDLER] PHP error handlers registered
[2026-01-15 15:48:25] [26 MB] [chunked_processor] get_job called
    DATA: Array
(
    [job_id] => f0df9ec8-dce2-4392-a671-1785d207b753
)

[2026-01-15 15:48:25] [26 MB] [chunked_processor] Transient lookup result
    DATA: Array
(
    [option_name] => speed_backups_job_f0df9ec8-dce2-4392-a671-1785d207b753
    [found] => YES
)

[2026-01-15 15:48:25] [26 MB] [chunked_processor] Job retrieved successfully
    DATA: Array
(
    [status] => running
    [type] => backup
)

[2026-01-15 15:48:25] [26 MB] [chunked_processor] get_job called
    DATA: Array
(
    [job_id] => f0df9ec8-dce2-4392-a671-1785d207b753
)

[2026-01-15 15:48:25] [26 MB] [chunked_processor] Transient lookup result
    DATA: Array
(
    [option_name] => speed_backups_job_f0df9ec8-dce2-4392-a671-1785d207b753
    [found] => YES
)

[2026-01-15 15:48:25] [26 MB] [chunked_processor] Job retrieved successfully
    DATA: Array
(
    [status] => running
    [type] => backup
)

[2026-01-15 15:48:25] [26 MB] [chunked_processor] get_job called
    DATA: Array
(
    [job_id] => f0df9ec8-dce2-4392-a671-1785d207b753
)

[2026-01-15 15:48:25] [26 MB] [chunked_processor] Transient lookup result
    DATA: Array
(
    [option_name] => speed_backups_job_f0df9ec8-dce2-4392-a671-1785d207b753
    [found] => YES
)

[2026-01-15 15:48:25] [26 MB] [chunked_processor] Job retrieved successfully
    DATA: Array
(
    [status] => running
    [type] => backup
)

[2026-01-15 15:48:25] [26 MB] [chunked_processor] save_job called
    DATA: Array
(
    [job_id] => f0df9ec8-dce2-4392-a671-1785d207b753
    [status] => running
)

[2026-01-15 15:48:25] [26 MB] [chunked_processor] Transient save result
    DATA: Array
(
    [option_name] => speed_backups_job_f0df9ec8-dce2-4392-a671-1785d207b753
    [success] => YES
)

[2026-01-15 15:48:25] [26 MB] [chunked_processor] Option save result
    DATA: Array
(
    [option_name] => speed_backups_job_f0df9ec8-dce2-4392-a671-1785d207b753
    [success] => YES
)

[2026-01-15 15:48:25] [26 MB] [chunked_processor] Save verification (direct DB)
    DATA: Array
(
    [verified] => YES
)

[2026-01-15 15:48:26] [26 MB] [chunked_processor] get_job called
    DATA: Array
(
    [job_id] => f0df9ec8-dce2-4392-a671-1785d207b753
)

[2026-01-15 15:48:26] [26 MB] [chunked_processor] Transient lookup result
    DATA: Array
(
    [option_name] => speed_backups_job_f0df9ec8-dce2-4392-a671-1785d207b753
    [found] => YES
)

[2026-01-15 15:48:26] [26 MB] [chunked_processor] Job retrieved successfully
    DATA: Array
(
    [status] => running
    [type] => backup
)

[2026-01-15 15:48:26] [26 MB] [chunked_processor] save_job called
    DATA: Array
(
    [job_id] => f0df9ec8-dce2-4392-a671-1785d207b753
    [status] => running
)

[2026-01-15 15:48:26] [26 MB] [chunked_processor] Transient save result
    DATA: Array
(
    [option_name] => speed_backups_job_f0df9ec8-dce2-4392-a671-1785d207b753
    [success] => YES
)

[2026-01-15 15:48:26] [26 MB] [chunked_processor] Option save result
    DATA: Array
(
    [option_name] => speed_backups_job_f0df9ec8-dce2-4392-a671-1785d207b753
    [success] => YES
)

[2026-01-15 15:48:26] [26 MB] [chunked_processor] Save verification (direct DB)
    DATA: Array
(
    [verified] => YES
)

[2026-01-15 15:48:26] [26 MB] [chunked_processor] get_job called
    DATA: Array
(
    [job_id] => f0df9ec8-dce2-4392-a671-1785d207b753
)

[2026-01-15 15:48:26] [26 MB] [chunked_processor] Transient lookup result
    DATA: Array
(
    [option_name] => speed_backups_job_f0df9ec8-dce2-4392-a671-1785d207b753
    [found] => YES
)

[2026-01-15 15:48:26] [26 MB] [chunked_processor] Job retrieved successfully
    DATA: Array
(
    [status] => running
    [type] => backup
)

[2026-01-15 15:48:26] [26 MB] [chunked_processor] get_job called
    DATA: Array
(
    [job_id] => f0df9ec8-dce2-4392-a671-1785d207b753
)

[2026-01-15 15:48:26] [26 MB] [chunked_processor] Transient lookup result
    DATA: Array
(
    [option_name] => speed_backups_job_f0df9ec8-dce2-4392-a671-1785d207b753
    [found] => YES
)

[2026-01-15 15:48:26] [26 MB] [chunked_processor] Job retrieved successfully
    DATA: Array
(
    [status] => running
    [type] => backup
)

[2026-01-15 15:48:27] [22 MB] [ERROR_HANDLER] PHP error handlers registered
[2026-01-15 15:48:27] [22 MB] [chunked_processor] get_job called
    DATA: Array
(
    [job_id] => f0df9ec8-dce2-4392-a671-1785d207b753
)

[2026-01-15 15:48:27] [22 MB] [chunked_processor] Transient lookup result
    DATA: Array
(
    [option_name] => speed_backups_job_f0df9ec8-dce2-4392-a671-1785d207b753
    [found] => YES
)

[2026-01-15 15:48:27] [22 MB] [chunked_processor] Job retrieved successfully
    DATA: Array
(
    [status] => running
    [type] => backup
)

[2026-01-15 15:48:27] [22 MB] [chunked_processor] get_job called
    DATA: Array
(
    [job_id] => f0df9ec8-dce2-4392-a671-1785d207b753
)

[2026-01-15 15:48:27] [22 MB] [chunked_processor] Transient lookup result
    DATA: Array
(
    [option_name] => speed_backups_job_f0df9ec8-dce2-4392-a671-1785d207b753
    [found] => YES
)

[2026-01-15 15:48:27] [22 MB] [chunked_processor] Job retrieved successfully
    DATA: Array
(
    [status] => running
    [type] => backup
)

[2026-01-15 15:48:27] [22 MB] [chunked_processor] get_job called
    DATA: Array
(
    [job_id] => f0df9ec8-dce2-4392-a671-1785d207b753
)

[2026-01-15 15:48:27] [22 MB] [chunked_processor] Transient lookup result
    DATA: Array
(
    [option_name] => speed_backups_job_f0df9ec8-dce2-4392-a671-1785d207b753
    [found] => YES
)

[2026-01-15 15:48:27] [22 MB] [chunked_processor] Job retrieved successfully
    DATA: Array
(
    [status] => running
    [type] => backup
)

[2026-01-15 15:48:27] [22 MB] [chunked_processor] save_job called
    DATA: Array
(
    [job_id] => f0df9ec8-dce2-4392-a671-1785d207b753
    [status] => running
)

[2026-01-15 15:48:27] [22 MB] [chunked_processor] Transient save result
    DATA: Array
(
    [option_name] => speed_backups_job_f0df9ec8-dce2-4392-a671-1785d207b753
    [success] => YES
)

[2026-01-15 15:48:27] [22 MB] [chunked_processor] Option save result
    DATA: Array
(
    [option_name] => speed_backups_job_f0df9ec8-dce2-4392-a671-1785d207b753
    [success] => YES
)

[2026-01-15 15:48:27] [22 MB] [chunked_processor] Save verification (direct DB)
    DATA: Array
(
    [verified] => YES
)

[2026-01-15 15:48:28] [24 MB] [chunked_processor] get_job called
    DATA: Array
(
    [job_id] => f0df9ec8-dce2-4392-a671-1785d207b753
)

[2026-01-15 15:48:28] [24 MB] [chunked_processor] Transient lookup result
    DATA: Array
(
    [option_name] => speed_backups_job_f0df9ec8-dce2-4392-a671-1785d207b753
    [found] => YES
)

[2026-01-15 15:48:28] [24 MB] [chunked_processor] Job retrieved successfully
    DATA: Array
(
    [status] => running
    [type] => backup
)

[2026-01-15 15:48:28] [24 MB] [chunked_processor] save_job called
    DATA: Array
(
    [job_id] => f0df9ec8-dce2-4392-a671-1785d207b753
    [status] => running
)

[2026-01-15 15:48:29] [24 MB] [chunked_processor] Transient save result
    DATA: Array
(
    [option_name] => speed_backups_job_f0df9ec8-dce2-4392-a671-1785d207b753
    [success] => YES
)

[2026-01-15 15:48:29] [24 MB] [chunked_processor] Option save result
    DATA: Array
(
    [option_name] => speed_backups_job_f0df9ec8-dce2-4392-a671-1785d207b753
    [success] => YES
)

[2026-01-15 15:48:29] [24 MB] [chunked_processor] Save verification (direct DB)
    DATA: Array
(
    [verified] => YES
)

[2026-01-15 15:48:29] [24 MB] [chunked_processor] get_job called
    DATA: Array
(
    [job_id] => f0df9ec8-dce2-4392-a671-1785d207b753
)

[2026-01-15 15:48:29] [24 MB] [chunked_processor] Transient lookup result
    DATA: Array
(
    [option_name] => speed_backups_job_f0df9ec8-dce2-4392-a671-1785d207b753
    [found] => YES
)

[2026-01-15 15:48:29] [24 MB] [chunked_processor] Job retrieved successfully
    DATA: Array
(
    [status] => running
    [type] => backup
)

[2026-01-15 15:48:29] [24 MB] [chunked_processor] get_job called
    DATA: Array
(
    [job_id] => f0df9ec8-dce2-4392-a671-1785d207b753
)

[2026-01-15 15:48:29] [24 MB] [chunked_processor] Transient lookup result
    DATA: Array
(
    [option_name] => speed_backups_job_f0df9ec8-dce2-4392-a671-1785d207b753
    [found] => YES
)

[2026-01-15 15:48:29] [24 MB] [chunked_processor] Job retrieved successfully
    DATA: Array
(
    [status] => running
    [type] => backup
)

[2026-01-15 15:48:29] [22 MB] [ERROR_HANDLER] PHP error handlers registered
[2026-01-15 15:48:29] [22 MB] [chunked_processor] get_job called
    DATA: Array
(
    [job_id] => f0df9ec8-dce2-4392-a671-1785d207b753
)

[2026-01-15 15:48:29] [22 MB] [chunked_processor] Transient lookup result
    DATA: Array
(
    [option_name] => speed_backups_job_f0df9ec8-dce2-4392-a671-1785d207b753
    [found] => YES
)

[2026-01-15 15:48:29] [22 MB] [chunked_processor] Job retrieved successfully
    DATA: Array
(
    [status] => running
    [type] => backup
)

[2026-01-15 15:48:29] [22 MB] [chunked_processor] get_job called
    DATA: Array
(
    [job_id] => f0df9ec8-dce2-4392-a671-1785d207b753
)

[2026-01-15 15:48:29] [22 MB] [chunked_processor] Transient lookup result
    DATA: Array
(
    [option_name] => speed_backups_job_f0df9ec8-dce2-4392-a671-1785d207b753
    [found] => YES
)

[2026-01-15 15:48:29] [22 MB] [chunked_processor] Job retrieved successfully
    DATA: Array
(
    [status] => running
    [type] => backup
)

[2026-01-15 15:48:29] [22 MB] [chunked_processor] get_job called
    DATA: Array
(
    [job_id] => f0df9ec8-dce2-4392-a671-1785d207b753
)

[2026-01-15 15:48:29] [22 MB] [chunked_processor] Transient lookup result
    DATA: Array
(
    [option_name] => speed_backups_job_f0df9ec8-dce2-4392-a671-1785d207b753
    [found] => YES
)

[2026-01-15 15:48:29] [22 MB] [chunked_processor] Job retrieved successfully
    DATA: Array
(
    [status] => running
    [type] => backup
)

[2026-01-15 15:48:29] [22 MB] [chunked_processor] save_job called
    DATA: Array
(
    [job_id] => f0df9ec8-dce2-4392-a671-1785d207b753
    [status] => running
)

[2026-01-15 15:48:29] [22 MB] [chunked_processor] Transient save result
    DATA: Array
(
    [option_name] => speed_backups_job_f0df9ec8-dce2-4392-a671-1785d207b753
    [success] => YES
)

[2026-01-15 15:48:29] [22 MB] [chunked_processor] Option save result
    DATA: Array
(
    [option_name] => speed_backups_job_f0df9ec8-dce2-4392-a671-1785d207b753
    [success] => YES
)

[2026-01-15 15:48:29] [22 MB] [chunked_processor] Save verification (direct DB)
    DATA: Array
(
    [verified] => YES
)

[2026-01-15 15:48:29] [22 MB] [chunked_processor] get_job called
    DATA: Array
(
    [job_id] => f0df9ec8-dce2-4392-a671-1785d207b753
)

[2026-01-15 15:48:29] [22 MB] [chunked_processor] Transient lookup result
    DATA: Array
(
    [option_name] => speed_backups_job_f0df9ec8-dce2-4392-a671-1785d207b753
    [found] => YES
)

[2026-01-15 15:48:29] [22 MB] [chunked_processor] Job retrieved successfully
    DATA: Array
(
    [status] => running
    [type] => backup
)

[2026-01-15 15:48:29] [22 MB] [chunked_processor] save_job called
    DATA: Array
(
    [job_id] => f0df9ec8-dce2-4392-a671-1785d207b753
    [status] => running
)

[2026-01-15 15:48:29] [22 MB] [chunked_processor] Transient save result
    DATA: Array
(
    [option_name] => speed_backups_job_f0df9ec8-dce2-4392-a671-1785d207b753
    [success] => YES
)

[2026-01-15 15:48:29] [22 MB] [chunked_processor] Option save result
    DATA: Array
(
    [option_name] => speed_backups_job_f0df9ec8-dce2-4392-a671-1785d207b753
    [success] => YES
)

[2026-01-15 15:48:29] [22 MB] [chunked_processor] Save verification (direct DB)
    DATA: Array
(
    [verified] => YES
)

[2026-01-15 15:48:29] [22 MB] [chunked_processor] get_job called
    DATA: Array
(
    [job_id] => f0df9ec8-dce2-4392-a671-1785d207b753
)

[2026-01-15 15:48:29] [22 MB] [chunked_processor] Transient lookup result
    DATA: Array
(
    [option_name] => speed_backups_job_f0df9ec8-dce2-4392-a671-1785d207b753
    [found] => YES
)

[2026-01-15 15:48:29] [22 MB] [chunked_processor] Job retrieved successfully
    DATA: Array
(
    [status] => running
    [type] => backup
)

[2026-01-15 15:48:29] [22 MB] [chunked_processor] get_job called
    DATA: Array
(
    [job_id] => f0df9ec8-dce2-4392-a671-1785d207b753
)

[2026-01-15 15:48:29] [22 MB] [chunked_processor] Transient lookup result
    DATA: Array
(
    [option_name] => speed_backups_job_f0df9ec8-dce2-4392-a671-1785d207b753
    [found] => YES
)

[2026-01-15 15:48:29] [22 MB] [chunked_processor] Job retrieved successfully
    DATA: Array
(
    [status] => running
    [type] => backup
)

[2026-01-15 15:48:29] [24 MB] [ERROR_HANDLER] PHP error handlers registered
[2026-01-15 15:48:30] [24 MB] [chunked_processor] get_job called
    DATA: Array
(
    [job_id] => f0df9ec8-dce2-4392-a671-1785d207b753
)

[2026-01-15 15:48:30] [24 MB] [chunked_processor] Transient lookup result
    DATA: Array
(
    [option_name] => speed_backups_job_f0df9ec8-dce2-4392-a671-1785d207b753
    [found] => YES
)

[2026-01-15 15:48:30] [24 MB] [chunked_processor] Job retrieved successfully
    DATA: Array
(
    [status] => running
    [type] => backup
)

[2026-01-15 15:48:30] [24 MB] [chunked_processor] get_job called
    DATA: Array
(
    [job_id] => f0df9ec8-dce2-4392-a671-1785d207b753
)

[2026-01-15 15:48:30] [24 MB] [chunked_processor] Transient lookup result
    DATA: Array
(
    [option_name] => speed_backups_job_f0df9ec8-dce2-4392-a671-1785d207b753
    [found] => YES
)

[2026-01-15 15:48:30] [24 MB] [chunked_processor] Job retrieved successfully
    DATA: Array
(
    [status] => running
    [type] => backup
)

[2026-01-15 15:48:30] [24 MB] [chunked_processor] get_job called
    DATA: Array
(
    [job_id] => f0df9ec8-dce2-4392-a671-1785d207b753
)

[2026-01-15 15:48:30] [24 MB] [chunked_processor] Transient lookup result
    DATA: Array
(
    [option_name] => speed_backups_job_f0df9ec8-dce2-4392-a671-1785d207b753
    [found] => YES
)

[2026-01-15 15:48:30] [24 MB] [chunked_processor] Job retrieved successfully
    DATA: Array
(
    [status] => running
    [type] => backup
)

[2026-01-15 15:48:30] [24 MB] [chunked_processor] save_job called
    DATA: Array
(
    [job_id] => f0df9ec8-dce2-4392-a671-1785d207b753
    [status] => running
)

[2026-01-15 15:48:30] [24 MB] [chunked_processor] Transient save result
    DATA: Array
(
    [option_name] => speed_backups_job_f0df9ec8-dce2-4392-a671-1785d207b753
    [success] => YES
)

[2026-01-15 15:48:30] [24 MB] [chunked_processor] Option save result
    DATA: Array
(
    [option_name] => speed_backups_job_f0df9ec8-dce2-4392-a671-1785d207b753
    [success] => YES
)

[2026-01-15 15:48:30] [24 MB] [chunked_processor] Save verification (direct DB)
    DATA: Array
(
    [verified] => YES
)

[2026-01-15 15:48:30] [24 MB] [chunked_processor] get_job called
    DATA: Array
(
    [job_id] => f0df9ec8-dce2-4392-a671-1785d207b753
)

[2026-01-15 15:48:30] [24 MB] [chunked_processor] Transient lookup result
    DATA: Array
(
    [option_name] => speed_backups_job_f0df9ec8-dce2-4392-a671-1785d207b753
    [found] => YES
)

[2026-01-15 15:48:30] [24 MB] [chunked_processor] Job retrieved successfully
    DATA: Array
(
    [status] => running
    [type] => backup
)

[2026-01-15 15:48:30] [24 MB] [chunked_processor] save_job called
    DATA: Array
(
    [job_id] => f0df9ec8-dce2-4392-a671-1785d207b753
    [status] => running
)

[2026-01-15 15:48:30] [24 MB] [chunked_processor] Transient save result
    DATA: Array
(
    [option_name] => speed_backups_job_f0df9ec8-dce2-4392-a671-1785d207b753
    [success] => YES
)

[2026-01-15 15:48:30] [24 MB] [chunked_processor] Option save result
    DATA: Array
(
    [option_name] => speed_backups_job_f0df9ec8-dce2-4392-a671-1785d207b753
    [success] => YES
)

[2026-01-15 15:48:30] [24 MB] [chunked_processor] Save verification (direct DB)
    DATA: Array
(
    [verified] => YES
)

[2026-01-15 15:48:30] [24 MB] [chunked_processor] get_job called
    DATA: Array
(
    [job_id] => f0df9ec8-dce2-4392-a671-1785d207b753
)

[2026-01-15 15:48:30] [24 MB] [chunked_processor] Transient lookup result
    DATA: Array
(
    [option_name] => speed_backups_job_f0df9ec8-dce2-4392-a671-1785d207b753
    [found] => YES
)

[2026-01-15 15:48:30] [24 MB] [chunked_processor] Job retrieved successfully
    DATA: Array
(
    [status] => running
    [type] => backup
)

[2026-01-15 15:48:30] [24 MB] [chunked_processor] get_job called
    DATA: Array
(
    [job_id] => f0df9ec8-dce2-4392-a671-1785d207b753
)

[2026-01-15 15:48:30] [24 MB] [chunked_processor] Transient lookup result
    DATA: Array
(
    [option_name] => speed_backups_job_f0df9ec8-dce2-4392-a671-1785d207b753
    [found] => YES
)

[2026-01-15 15:48:30] [24 MB] [chunked_processor] Job retrieved successfully
    DATA: Array
(
    [status] => running
    [type] => backup
)

[2026-01-15 15:48:30] [24 MB] [ERROR_HANDLER] PHP error handlers registered
[2026-01-15 15:48:30] [24 MB] [chunked_processor] get_job called
    DATA: Array
(
    [job_id] => f0df9ec8-dce2-4392-a671-1785d207b753
)

[2026-01-15 15:48:30] [24 MB] [chunked_processor] Transient lookup result
    DATA: Array
(
    [option_name] => speed_backups_job_f0df9ec8-dce2-4392-a671-1785d207b753
    [found] => YES
)

[2026-01-15 15:48:30] [24 MB] [chunked_processor] Job retrieved successfully
    DATA: Array
(
    [status] => running
    [type] => backup
)

[2026-01-15 15:48:30] [24 MB] [chunked_processor] get_job called
    DATA: Array
(
    [job_id] => f0df9ec8-dce2-4392-a671-1785d207b753
)

[2026-01-15 15:48:30] [24 MB] [chunked_processor] Transient lookup result
    DATA: Array
(
    [option_name] => speed_backups_job_f0df9ec8-dce2-4392-a671-1785d207b753
    [found] => YES
)

[2026-01-15 15:48:30] [24 MB] [chunked_processor] Job retrieved successfully
    DATA: Array
(
    [status] => running
    [type] => backup
)

[2026-01-15 15:48:30] [24 MB] [chunked_processor] get_job called
    DATA: Array
(
    [job_id] => f0df9ec8-dce2-4392-a671-1785d207b753
)

[2026-01-15 15:48:30] [24 MB] [chunked_processor] Transient lookup result
    DATA: Array
(
    [option_name] => speed_backups_job_f0df9ec8-dce2-4392-a671-1785d207b753
    [found] => YES
)

[2026-01-15 15:48:30] [24 MB] [chunked_processor] Job retrieved successfully
    DATA: Array
(
    [status] => running
    [type] => backup
)

[2026-01-15 15:48:30] [24 MB] [chunked_processor] save_job called
    DATA: Array
(
    [job_id] => f0df9ec8-dce2-4392-a671-1785d207b753
    [status] => running
)

[2026-01-15 15:48:30] [24 MB] [chunked_processor] Transient save result
    DATA: Array
(
    [option_name] => speed_backups_job_f0df9ec8-dce2-4392-a671-1785d207b753
    [success] => YES
)

[2026-01-15 15:48:30] [24 MB] [chunked_processor] Option save result
    DATA: Array
(
    [option_name] => speed_backups_job_f0df9ec8-dce2-4392-a671-1785d207b753
    [success] => YES
)

[2026-01-15 15:48:30] [24 MB] [chunked_processor] Save verification (direct DB)
    DATA: Array
(
    [verified] => YES
)

[2026-01-15 15:48:30] [24 MB] [chunked_processor] get_job called
    DATA: Array
(
    [job_id] => f0df9ec8-dce2-4392-a671-1785d207b753
)

[2026-01-15 15:48:30] [24 MB] [chunked_processor] Transient lookup result
    DATA: Array
(
    [option_name] => speed_backups_job_f0df9ec8-dce2-4392-a671-1785d207b753
    [found] => YES
)

[2026-01-15 15:48:30] [24 MB] [chunked_processor] Job retrieved successfully
    DATA: Array
(
    [status] => running
    [type] => backup
)

[2026-01-15 15:48:30] [24 MB] [chunked_processor] save_job called
    DATA: Array
(
    [job_id] => f0df9ec8-dce2-4392-a671-1785d207b753
    [status] => running
)

[2026-01-15 15:48:30] [24 MB] [chunked_processor] Transient save result
    DATA: Array
(
    [option_name] => speed_backups_job_f0df9ec8-dce2-4392-a671-1785d207b753
    [success] => YES
)

[2026-01-15 15:48:30] [24 MB] [chunked_processor] Option save result
    DATA: Array
(
    [option_name] => speed_backups_job_f0df9ec8-dce2-4392-a671-1785d207b753
    [success] => YES
)

[2026-01-15 15:48:30] [24 MB] [chunked_processor] Save verification (direct DB)
    DATA: Array
(
    [verified] => YES
)

[2026-01-15 15:48:30] [24 MB] [chunked_processor] get_job called
    DATA: Array
(
    [job_id] => f0df9ec8-dce2-4392-a671-1785d207b753
)

[2026-01-15 15:48:30] [24 MB] [chunked_processor] Transient lookup result
    DATA: Array
(
    [option_name] => speed_backups_job_f0df9ec8-dce2-4392-a671-1785d207b753
    [found] => YES
)

[2026-01-15 15:48:30] [24 MB] [chunked_processor] Job retrieved successfully
    DATA: Array
(
    [status] => running
    [type] => backup
)

[2026-01-15 15:48:30] [24 MB] [chunked_processor] get_job called
    DATA: Array
(
    [job_id] => f0df9ec8-dce2-4392-a671-1785d207b753
)

[2026-01-15 15:48:30] [24 MB] [chunked_processor] Transient lookup result
    DATA: Array
(
    [option_name] => speed_backups_job_f0df9ec8-dce2-4392-a671-1785d207b753
    [found] => YES
)

[2026-01-15 15:48:30] [24 MB] [chunked_processor] Job retrieved successfully
    DATA: Array
(
    [status] => running
    [type] => backup
)

[2026-01-15 15:48:31] [22 MB] [ERROR_HANDLER] PHP error handlers registered
[2026-01-15 15:48:31] [22 MB] [chunked_processor] get_job called
    DATA: Array
(
    [job_id] => f0df9ec8-dce2-4392-a671-1785d207b753
)

[2026-01-15 15:48:31] [22 MB] [chunked_processor] Transient lookup result
    DATA: Array
(
    [option_name] => speed_backups_job_f0df9ec8-dce2-4392-a671-1785d207b753
    [found] => YES
)

[2026-01-15 15:48:31] [22 MB] [chunked_processor] Job retrieved successfully
    DATA: Array
(
    [status] => running
    [type] => backup
)

[2026-01-15 15:48:31] [22 MB] [chunked_processor] get_job called
    DATA: Array
(
    [job_id] => f0df9ec8-dce2-4392-a671-1785d207b753
)

[2026-01-15 15:48:31] [22 MB] [chunked_processor] Transient lookup result
    DATA: Array
(
    [option_name] => speed_backups_job_f0df9ec8-dce2-4392-a671-1785d207b753
    [found] => YES
)

[2026-01-15 15:48:31] [22 MB] [chunked_processor] Job retrieved successfully
    DATA: Array
(
    [status] => running
    [type] => backup
)

[2026-01-15 15:48:31] [22 MB] [chunked_processor] get_job called
    DATA: Array
(
    [job_id] => f0df9ec8-dce2-4392-a671-1785d207b753
)

[2026-01-15 15:48:31] [22 MB] [chunked_processor] Transient lookup result
    DATA: Array
(
    [option_name] => speed_backups_job_f0df9ec8-dce2-4392-a671-1785d207b753
    [found] => YES
)

[2026-01-15 15:48:31] [22 MB] [chunked_processor] Job retrieved successfully
    DATA: Array
(
    [status] => running
    [type] => backup
)

[2026-01-15 15:48:31] [22 MB] [chunked_processor] save_job called
    DATA: Array
(
    [job_id] => f0df9ec8-dce2-4392-a671-1785d207b753
    [status] => running
)

[2026-01-15 15:48:31] [22 MB] [chunked_processor] Transient save result
    DATA: Array
(
    [option_name] => speed_backups_job_f0df9ec8-dce2-4392-a671-1785d207b753
    [success] => YES
)

[2026-01-15 15:48:31] [22 MB] [chunked_processor] Option save result
    DATA: Array
(
    [option_name] => speed_backups_job_f0df9ec8-dce2-4392-a671-1785d207b753
    [success] => YES
)

[2026-01-15 15:48:31] [22 MB] [chunked_processor] Save verification (direct DB)
    DATA: Array
(
    [verified] => YES
)

[2026-01-15 15:48:31] [22 MB] [chunked_processor] get_job called
    DATA: Array
(
    [job_id] => f0df9ec8-dce2-4392-a671-1785d207b753
)

[2026-01-15 15:48:31] [22 MB] [chunked_processor] Transient lookup result
    DATA: Array
(
    [option_name] => speed_backups_job_f0df9ec8-dce2-4392-a671-1785d207b753
    [found] => YES
)

[2026-01-15 15:48:31] [22 MB] [chunked_processor] Job retrieved successfully
    DATA: Array
(
    [status] => running
    [type] => backup
)

[2026-01-15 15:48:31] [22 MB] [chunked_processor] save_job called
    DATA: Array
(
    [job_id] => f0df9ec8-dce2-4392-a671-1785d207b753
    [status] => running
)

[2026-01-15 15:48:31] [22 MB] [chunked_processor] Transient save result
    DATA: Array
(
    [option_name] => speed_backups_job_f0df9ec8-dce2-4392-a671-1785d207b753
    [success] => YES
)

[2026-01-15 15:48:31] [22 MB] [chunked_processor] Option save result
    DATA: Array
(
    [option_name] => speed_backups_job_f0df9ec8-dce2-4392-a671-1785d207b753
    [success] => YES
)

[2026-01-15 15:48:31] [22 MB] [chunked_processor] Save verification (direct DB)
    DATA: Array
(
    [verified] => YES
)

[2026-01-15 15:48:31] [22 MB] [chunked_processor] get_job called
    DATA: Array
(
    [job_id] => f0df9ec8-dce2-4392-a671-1785d207b753
)

[2026-01-15 15:48:31] [22 MB] [chunked_processor] Transient lookup result
    DATA: Array
(
    [option_name] => speed_backups_job_f0df9ec8-dce2-4392-a671-1785d207b753
    [found] => YES
)

[2026-01-15 15:48:31] [22 MB] [chunked_processor] Job retrieved successfully
    DATA: Array
(
    [status] => running
    [type] => backup
)

[2026-01-15 15:48:31] [22 MB] [chunked_processor] get_job called
    DATA: Array
(
    [job_id] => f0df9ec8-dce2-4392-a671-1785d207b753
)

[2026-01-15 15:48:31] [22 MB] [chunked_processor] Transient lookup result
    DATA: Array
(
    [option_name] => speed_backups_job_f0df9ec8-dce2-4392-a671-1785d207b753
    [found] => YES
)

[2026-01-15 15:48:31] [22 MB] [chunked_processor] Job retrieved successfully
    DATA: Array
(
    [status] => running
    [type] => backup
)

[2026-01-15 15:48:31] [22 MB] [ERROR_HANDLER] PHP error handlers registered
[2026-01-15 15:48:31] [22 MB] [chunked_processor] get_job called
    DATA: Array
(
    [job_id] => f0df9ec8-dce2-4392-a671-1785d207b753
)

[2026-01-15 15:48:31] [22 MB] [chunked_processor] Transient lookup result
    DATA: Array
(
    [option_name] => speed_backups_job_f0df9ec8-dce2-4392-a671-1785d207b753
    [found] => YES
)

[2026-01-15 15:48:31] [22 MB] [chunked_processor] Job retrieved successfully
    DATA: Array
(
    [status] => running
    [type] => backup
)

[2026-01-15 15:48:31] [22 MB] [chunked_processor] get_job called
    DATA: Array
(
    [job_id] => f0df9ec8-dce2-4392-a671-1785d207b753
)

[2026-01-15 15:48:31] [22 MB] [chunked_processor] Transient lookup result
    DATA: Array
(
    [option_name] => speed_backups_job_f0df9ec8-dce2-4392-a671-1785d207b753
    [found] => YES
)

[2026-01-15 15:48:31] [22 MB] [chunked_processor] Job retrieved successfully
    DATA: Array
(
    [status] => running
    [type] => backup
)

[2026-01-15 15:48:31] [22 MB] [chunked_processor] get_job called
    DATA: Array
(
    [job_id] => f0df9ec8-dce2-4392-a671-1785d207b753
)

[2026-01-15 15:48:31] [22 MB] [chunked_processor] Transient lookup result
    DATA: Array
(
    [option_name] => speed_backups_job_f0df9ec8-dce2-4392-a671-1785d207b753
    [found] => YES
)

[2026-01-15 15:48:31] [22 MB] [chunked_processor] Job retrieved successfully
    DATA: Array
(
    [status] => running
    [type] => backup
)

[2026-01-15 15:48:31] [22 MB] [chunked_processor] save_job called
    DATA: Array
(
    [job_id] => f0df9ec8-dce2-4392-a671-1785d207b753
    [status] => running
)

[2026-01-15 15:48:31] [22 MB] [chunked_processor] Transient save result
    DATA: Array
(
    [option_name] => speed_backups_job_f0df9ec8-dce2-4392-a671-1785d207b753
    [success] => YES
)

[2026-01-15 15:48:31] [22 MB] [chunked_processor] Option save result
    DATA: Array
(
    [option_name] => speed_backups_job_f0df9ec8-dce2-4392-a671-1785d207b753
    [success] => YES
)

[2026-01-15 15:48:31] [22 MB] [chunked_processor] Save verification (direct DB)
    DATA: Array
(
    [verified] => YES
)

[2026-01-15 15:48:32] [22 MB] [chunked_processor] get_job called
    DATA: Array
(
    [job_id] => f0df9ec8-dce2-4392-a671-1785d207b753
)

[2026-01-15 15:48:32] [22 MB] [chunked_processor] Transient lookup result
    DATA: Array
(
    [option_name] => speed_backups_job_f0df9ec8-dce2-4392-a671-1785d207b753
    [found] => YES
)

[2026-01-15 15:48:32] [22 MB] [chunked_processor] Job retrieved successfully
    DATA: Array
(
    [status] => running
    [type] => backup
)

[2026-01-15 15:48:32] [22 MB] [chunked_processor] save_job called
    DATA: Array
(
    [job_id] => f0df9ec8-dce2-4392-a671-1785d207b753
    [status] => running
)

[2026-01-15 15:48:32] [22 MB] [chunked_processor] Transient save result
    DATA: Array
(
    [option_name] => speed_backups_job_f0df9ec8-dce2-4392-a671-1785d207b753
    [success] => YES
)

[2026-01-15 15:48:32] [22 MB] [chunked_processor] Option save result
    DATA: Array
(
    [option_name] => speed_backups_job_f0df9ec8-dce2-4392-a671-1785d207b753
    [success] => YES
)

[2026-01-15 15:48:32] [22 MB] [chunked_processor] Save verification (direct DB)
    DATA: Array
(
    [verified] => YES
)

[2026-01-15 15:48:32] [22 MB] [chunked_processor] get_job called
    DATA: Array
(
    [job_id] => f0df9ec8-dce2-4392-a671-1785d207b753
)

[2026-01-15 15:48:32] [22 MB] [chunked_processor] Transient lookup result
    DATA: Array
(
    [option_name] => speed_backups_job_f0df9ec8-dce2-4392-a671-1785d207b753
    [found] => YES
)

[2026-01-15 15:48:32] [22 MB] [chunked_processor] Job retrieved successfully
    DATA: Array
(
    [status] => running
    [type] => backup
)

[2026-01-15 15:48:32] [22 MB] [chunked_processor] get_job called
    DATA: Array
(
    [job_id] => f0df9ec8-dce2-4392-a671-1785d207b753
)

[2026-01-15 15:48:32] [22 MB] [chunked_processor] Transient lookup result
    DATA: Array
(
    [option_name] => speed_backups_job_f0df9ec8-dce2-4392-a671-1785d207b753
    [found] => YES
)

[2026-01-15 15:48:32] [22 MB] [chunked_processor] Job retrieved successfully
    DATA: Array
(
    [status] => running
    [type] => backup
)

[2026-01-15 15:48:32] [22 MB] [ERROR_HANDLER] PHP error handlers registered
[2026-01-15 15:48:32] [22 MB] [chunked_processor] get_job called
    DATA: Array
(
    [job_id] => f0df9ec8-dce2-4392-a671-1785d207b753
)

[2026-01-15 15:48:32] [22 MB] [chunked_processor] Transient lookup result
    DATA: Array
(
    [option_name] => speed_backups_job_f0df9ec8-dce2-4392-a671-1785d207b753
    [found] => YES
)

[2026-01-15 15:48:32] [22 MB] [chunked_processor] Job retrieved successfully
    DATA: Array
(
    [status] => running
    [type] => backup
)

[2026-01-15 15:48:32] [22 MB] [chunked_processor] get_job called
    DATA: Array
(
    [job_id] => f0df9ec8-dce2-4392-a671-1785d207b753
)

[2026-01-15 15:48:32] [22 MB] [chunked_processor] Transient lookup result
    DATA: Array
(
    [option_name] => speed_backups_job_f0df9ec8-dce2-4392-a671-1785d207b753
    [found] => YES
)

[2026-01-15 15:48:32] [22 MB] [chunked_processor] Job retrieved successfully
    DATA: Array
(
    [status] => running
    [type] => backup
)

[2026-01-15 15:48:32] [22 MB] [chunked_processor] get_job called
    DATA: Array
(
    [job_id] => f0df9ec8-dce2-4392-a671-1785d207b753
)

[2026-01-15 15:48:32] [22 MB] [chunked_processor] Transient lookup result
    DATA: Array
(
    [option_name] => speed_backups_job_f0df9ec8-dce2-4392-a671-1785d207b753
    [found] => YES
)

[2026-01-15 15:48:32] [22 MB] [chunked_processor] Job retrieved successfully
    DATA: Array
(
    [status] => running
    [type] => backup
)

[2026-01-15 15:48:32] [22 MB] [chunked_processor] save_job called
    DATA: Array
(
    [job_id] => f0df9ec8-dce2-4392-a671-1785d207b753
    [status] => running
)

[2026-01-15 15:48:32] [22 MB] [chunked_processor] Transient save result
    DATA: Array
(
    [option_name] => speed_backups_job_f0df9ec8-dce2-4392-a671-1785d207b753
    [success] => YES
)

[2026-01-15 15:48:32] [22 MB] [chunked_processor] Option save result
    DATA: Array
(
    [option_name] => speed_backups_job_f0df9ec8-dce2-4392-a671-1785d207b753
    [success] => YES
)

[2026-01-15 15:48:32] [22 MB] [chunked_processor] Save verification (direct DB)
    DATA: Array
(
    [verified] => YES
)

[2026-01-15 15:48:32] [22 MB] [chunked_processor] get_job called
    DATA: Array
(
    [job_id] => f0df9ec8-dce2-4392-a671-1785d207b753
)

[2026-01-15 15:48:32] [22 MB] [chunked_processor] Transient lookup result
    DATA: Array
(
    [option_name] => speed_backups_job_f0df9ec8-dce2-4392-a671-1785d207b753
    [found] => YES
)

[2026-01-15 15:48:32] [22 MB] [chunked_processor] Job retrieved successfully
    DATA: Array
(
    [status] => running
    [type] => backup
)

[2026-01-15 15:48:32] [22 MB] [chunked_processor] save_job called
    DATA: Array
(
    [job_id] => f0df9ec8-dce2-4392-a671-1785d207b753
    [status] => running
)

[2026-01-15 15:48:32] [22 MB] [chunked_processor] Transient save result
    DATA: Array
(
    [option_name] => speed_backups_job_f0df9ec8-dce2-4392-a671-1785d207b753
    [success] => YES
)

[2026-01-15 15:48:32] [22 MB] [chunked_processor] Option save result
    DATA: Array
(
    [option_name] => speed_backups_job_f0df9ec8-dce2-4392-a671-1785d207b753
    [success] => YES
)

[2026-01-15 15:48:32] [22 MB] [chunked_processor] Save verification (direct DB)
    DATA: Array
(
    [verified] => YES
)

[2026-01-15 15:48:32] [22 MB] [chunked_processor] get_job called
    DATA: Array
(
    [job_id] => f0df9ec8-dce2-4392-a671-1785d207b753
)

[2026-01-15 15:48:32] [22 MB] [chunked_processor] Transient lookup result
    DATA: Array
(
    [option_name] => speed_backups_job_f0df9ec8-dce2-4392-a671-1785d207b753
    [found] => YES
)

[2026-01-15 15:48:32] [22 MB] [chunked_processor] Job retrieved successfully
    DATA: Array
(
    [status] => running
    [type] => backup
)

[2026-01-15 15:48:32] [22 MB] [chunked_processor] get_job called
    DATA: Array
(
    [job_id] => f0df9ec8-dce2-4392-a671-1785d207b753
)

[2026-01-15 15:48:32] [22 MB] [chunked_processor] Transient lookup result
    DATA: Array
(
    [option_name] => speed_backups_job_f0df9ec8-dce2-4392-a671-1785d207b753
    [found] => YES
)

[2026-01-15 15:48:32] [22 MB] [chunked_processor] Job retrieved successfully
    DATA: Array
(
    [status] => running
    [type] => backup
)

[2026-01-15 15:48:33] [22 MB] [ERROR_HANDLER] PHP error handlers registered
[2026-01-15 15:48:33] [22 MB] [chunked_processor] get_job called
    DATA: Array
(
    [job_id] => f0df9ec8-dce2-4392-a671-1785d207b753
)

[2026-01-15 15:48:33] [22 MB] [chunked_processor] Transient lookup result
    DATA: Array
(
    [option_name] => speed_backups_job_f0df9ec8-dce2-4392-a671-1785d207b753
    [found] => YES
)

[2026-01-15 15:48:33] [22 MB] [chunked_processor] Job retrieved successfully
    DATA: Array
(
    [status] => running
    [type] => backup
)

[2026-01-15 15:48:33] [22 MB] [chunked_processor] get_job called
    DATA: Array
(
    [job_id] => f0df9ec8-dce2-4392-a671-1785d207b753
)

[2026-01-15 15:48:33] [22 MB] [chunked_processor] Transient lookup result
    DATA: Array
(
    [option_name] => speed_backups_job_f0df9ec8-dce2-4392-a671-1785d207b753
    [found] => YES
)

[2026-01-15 15:48:33] [22 MB] [chunked_processor] Job retrieved successfully
    DATA: Array
(
    [status] => running
    [type] => backup
)

[2026-01-15 15:48:33] [22 MB] [chunked_processor] get_job called
    DATA: Array
(
    [job_id] => f0df9ec8-dce2-4392-a671-1785d207b753
)

[2026-01-15 15:48:33] [22 MB] [chunked_processor] Transient lookup result
    DATA: Array
(
    [option_name] => speed_backups_job_f0df9ec8-dce2-4392-a671-1785d207b753
    [found] => YES
)

[2026-01-15 15:48:33] [22 MB] [chunked_processor] Job retrieved successfully
    DATA: Array
(
    [status] => running
    [type] => backup
)

[2026-01-15 15:48:33] [22 MB] [chunked_processor] save_job called
    DATA: Array
(
    [job_id] => f0df9ec8-dce2-4392-a671-1785d207b753
    [status] => running
)

[2026-01-15 15:48:33] [22 MB] [chunked_processor] Transient save result
    DATA: Array
(
    [option_name] => speed_backups_job_f0df9ec8-dce2-4392-a671-1785d207b753
    [success] => YES
)

[2026-01-15 15:48:33] [22 MB] [chunked_processor] Option save result
    DATA: Array
(
    [option_name] => speed_backups_job_f0df9ec8-dce2-4392-a671-1785d207b753
    [success] => YES
)

[2026-01-15 15:48:33] [22 MB] [chunked_processor] Save verification (direct DB)
    DATA: Array
(
    [verified] => YES
)

[2026-01-15 15:48:33] [22 MB] [chunked_processor] get_job called
    DATA: Array
(
    [job_id] => f0df9ec8-dce2-4392-a671-1785d207b753
)

[2026-01-15 15:48:33] [22 MB] [chunked_processor] Transient lookup result
    DATA: Array
(
    [option_name] => speed_backups_job_f0df9ec8-dce2-4392-a671-1785d207b753
    [found] => YES
)

[2026-01-15 15:48:33] [22 MB] [chunked_processor] Job retrieved successfully
    DATA: Array
(
    [status] => running
    [type] => backup
)

[2026-01-15 15:48:33] [22 MB] [chunked_processor] save_job called
    DATA: Array
(
    [job_id] => f0df9ec8-dce2-4392-a671-1785d207b753
    [status] => running
)

[2026-01-15 15:48:33] [22 MB] [chunked_processor] Transient save result
    DATA: Array
(
    [option_name] => speed_backups_job_f0df9ec8-dce2-4392-a671-1785d207b753
    [success] => YES
)

[2026-01-15 15:48:33] [22 MB] [chunked_processor] Option save result
    DATA: Array
(
    [option_name] => speed_backups_job_f0df9ec8-dce2-4392-a671-1785d207b753
    [success] => YES
)

[2026-01-15 15:48:33] [22 MB] [chunked_processor] Save verification (direct DB)
    DATA: Array
(
    [verified] => YES
)

[2026-01-15 15:48:33] [22 MB] [chunked_processor] get_job called
    DATA: Array
(
    [job_id] => f0df9ec8-dce2-4392-a671-1785d207b753
)

[2026-01-15 15:48:33] [22 MB] [chunked_processor] Transient lookup result
    DATA: Array
(
    [option_name] => speed_backups_job_f0df9ec8-dce2-4392-a671-1785d207b753
    [found] => YES
)

[2026-01-15 15:48:33] [22 MB] [chunked_processor] Job retrieved successfully
    DATA: Array
(
    [status] => running
    [type] => backup
)

[2026-01-15 15:48:33] [22 MB] [chunked_processor] get_job called
    DATA: Array
(
    [job_id] => f0df9ec8-dce2-4392-a671-1785d207b753
)

[2026-01-15 15:48:33] [22 MB] [chunked_processor] Transient lookup result
    DATA: Array
(
    [option_name] => speed_backups_job_f0df9ec8-dce2-4392-a671-1785d207b753
    [found] => YES
)

[2026-01-15 15:48:33] [22 MB] [chunked_processor] Job retrieved successfully
    DATA: Array
(
    [status] => running
    [type] => backup
)

[2026-01-15 15:48:33] [22 MB] [ERROR_HANDLER] PHP error handlers registered
[2026-01-15 15:48:33] [22 MB] [chunked_processor] get_job called
    DATA: Array
(
    [job_id] => f0df9ec8-dce2-4392-a671-1785d207b753
)

[2026-01-15 15:48:33] [22 MB] [chunked_processor] Transient lookup result
    DATA: Array
(
    [option_name] => speed_backups_job_f0df9ec8-dce2-4392-a671-1785d207b753
    [found] => YES
)

[2026-01-15 15:48:33] [22 MB] [chunked_processor] Job retrieved successfully
    DATA: Array
(
    [status] => running
    [type] => backup
)

[2026-01-15 15:48:33] [22 MB] [chunked_processor] get_job called
    DATA: Array
(
    [job_id] => f0df9ec8-dce2-4392-a671-1785d207b753
)

[2026-01-15 15:48:33] [22 MB] [chunked_processor] Transient lookup result
    DATA: Array
(
    [option_name] => speed_backups_job_f0df9ec8-dce2-4392-a671-1785d207b753
    [found] => YES
)

[2026-01-15 15:48:33] [22 MB] [chunked_processor] Job retrieved successfully
    DATA: Array
(
    [status] => running
    [type] => backup
)

[2026-01-15 15:48:33] [22 MB] [chunked_processor] get_job called
    DATA: Array
(
    [job_id] => f0df9ec8-dce2-4392-a671-1785d207b753
)

[2026-01-15 15:48:33] [22 MB] [chunked_processor] Transient lookup result
    DATA: Array
(
    [option_name] => speed_backups_job_f0df9ec8-dce2-4392-a671-1785d207b753
    [found] => YES
)

[2026-01-15 15:48:33] [22 MB] [chunked_processor] Job retrieved successfully
    DATA: Array
(
    [status] => running
    [type] => backup
)

[2026-01-15 15:48:33] [22 MB] [chunked_processor] save_job called
    DATA: Array
(
    [job_id] => f0df9ec8-dce2-4392-a671-1785d207b753
    [status] => running
)

[2026-01-15 15:48:33] [22 MB] [chunked_processor] Transient save result
    DATA: Array
(
    [option_name] => speed_backups_job_f0df9ec8-dce2-4392-a671-1785d207b753
    [success] => YES
)

[2026-01-15 15:48:33] [22 MB] [chunked_processor] Option save result
    DATA: Array
(
    [option_name] => speed_backups_job_f0df9ec8-dce2-4392-a671-1785d207b753
    [success] => YES
)

[2026-01-15 15:48:33] [22 MB] [chunked_processor] Save verification (direct DB)
    DATA: Array
(
    [verified] => YES
)

[2026-01-15 15:48:33] [22 MB] [chunked_processor] get_job called
    DATA: Array
(
    [job_id] => f0df9ec8-dce2-4392-a671-1785d207b753
)

[2026-01-15 15:48:33] [22 MB] [chunked_processor] Transient lookup result
    DATA: Array
(
    [option_name] => speed_backups_job_f0df9ec8-dce2-4392-a671-1785d207b753
    [found] => YES
)

[2026-01-15 15:48:33] [22 MB] [chunked_processor] Job retrieved successfully
    DATA: Array
(
    [status] => running
    [type] => backup
)

[2026-01-15 15:48:33] [22 MB] [chunked_processor] save_job called
    DATA: Array
(
    [job_id] => f0df9ec8-dce2-4392-a671-1785d207b753
    [status] => running
)

[2026-01-15 15:48:33] [22 MB] [chunked_processor] Transient save result
    DATA: Array
(
    [option_name] => speed_backups_job_f0df9ec8-dce2-4392-a671-1785d207b753
    [success] => YES
)

[2026-01-15 15:48:33] [22 MB] [chunked_processor] Option save result
    DATA: Array
(
    [option_name] => speed_backups_job_f0df9ec8-dce2-4392-a671-1785d207b753
    [success] => YES
)

[2026-01-15 15:48:33] [22 MB] [chunked_processor] Save verification (direct DB)
    DATA: Array
(
    [verified] => YES
)

[2026-01-15 15:48:33] [22 MB] [chunked_processor] get_job called
    DATA: Array
(
    [job_id] => f0df9ec8-dce2-4392-a671-1785d207b753
)

[2026-01-15 15:48:33] [22 MB] [chunked_processor] Transient lookup result
    DATA: Array
(
    [option_name] => speed_backups_job_f0df9ec8-dce2-4392-a671-1785d207b753
    [found] => YES
)

[2026-01-15 15:48:33] [22 MB] [chunked_processor] Job retrieved successfully
    DATA: Array
(
    [status] => running
    [type] => backup
)

[2026-01-15 15:48:33] [22 MB] [chunked_processor] get_job called
    DATA: Array
(
    [job_id] => f0df9ec8-dce2-4392-a671-1785d207b753
)

[2026-01-15 15:48:33] [22 MB] [chunked_processor] Transient lookup result
    DATA: Array
(
    [option_name] => speed_backups_job_f0df9ec8-dce2-4392-a671-1785d207b753
    [found] => YES
)

[2026-01-15 15:48:33] [22 MB] [chunked_processor] Job retrieved successfully
    DATA: Array
(
    [status] => running
    [type] => backup
)

[2026-01-15 15:48:34] [22 MB] [ERROR_HANDLER] PHP error handlers registered
[2026-01-15 15:48:34] [22 MB] [chunked_processor] get_job called
    DATA: Array
(
    [job_id] => f0df9ec8-dce2-4392-a671-1785d207b753
)

[2026-01-15 15:48:34] [22 MB] [chunked_processor] Transient lookup result
    DATA: Array
(
    [option_name] => speed_backups_job_f0df9ec8-dce2-4392-a671-1785d207b753
    [found] => YES
)

[2026-01-15 15:48:34] [22 MB] [chunked_processor] Job retrieved successfully
    DATA: Array
(
    [status] => running
    [type] => backup
)

[2026-01-15 15:48:34] [22 MB] [chunked_processor] get_job called
    DATA: Array
(
    [job_id] => f0df9ec8-dce2-4392-a671-1785d207b753
)

[2026-01-15 15:48:34] [22 MB] [chunked_processor] Transient lookup result
    DATA: Array
(
    [option_name] => speed_backups_job_f0df9ec8-dce2-4392-a671-1785d207b753
    [found] => YES
)

[2026-01-15 15:48:34] [22 MB] [chunked_processor] Job retrieved successfully
    DATA: Array
(
    [status] => running
    [type] => backup
)

[2026-01-15 15:48:34] [22 MB] [chunked_processor] get_job called
    DATA: Array
(
    [job_id] => f0df9ec8-dce2-4392-a671-1785d207b753
)

[2026-01-15 15:48:34] [22 MB] [chunked_processor] Transient lookup result
    DATA: Array
(
    [option_name] => speed_backups_job_f0df9ec8-dce2-4392-a671-1785d207b753
    [found] => YES
)

[2026-01-15 15:48:34] [22 MB] [chunked_processor] Job retrieved successfully
    DATA: Array
(
    [status] => running
    [type] => backup
)

[2026-01-15 15:48:34] [22 MB] [chunked_processor] save_job called
    DATA: Array
(
    [job_id] => f0df9ec8-dce2-4392-a671-1785d207b753
    [status] => running
)

[2026-01-15 15:48:34] [22 MB] [chunked_processor] Transient save result
    DATA: Array
(
    [option_name] => speed_backups_job_f0df9ec8-dce2-4392-a671-1785d207b753
    [success] => YES
)

[2026-01-15 15:48:34] [22 MB] [chunked_processor] Option save result
    DATA: Array
(
    [option_name] => speed_backups_job_f0df9ec8-dce2-4392-a671-1785d207b753
    [success] => YES
)

[2026-01-15 15:48:34] [22 MB] [chunked_processor] Save verification (direct DB)
    DATA: Array
(
    [verified] => YES
)

[2026-01-15 15:48:34] [24 MB] [chunked_processor] get_job called
    DATA: Array
(
    [job_id] => f0df9ec8-dce2-4392-a671-1785d207b753
)

[2026-01-15 15:48:34] [24 MB] [chunked_processor] Transient lookup result
    DATA: Array
(
    [option_name] => speed_backups_job_f0df9ec8-dce2-4392-a671-1785d207b753
    [found] => YES
)

[2026-01-15 15:48:34] [24 MB] [chunked_processor] Job retrieved successfully
    DATA: Array
(
    [status] => running
    [type] => backup
)

[2026-01-15 15:48:34] [24 MB] [chunked_processor] save_job called
    DATA: Array
(
    [job_id] => f0df9ec8-dce2-4392-a671-1785d207b753
    [status] => running
)

[2026-01-15 15:48:34] [24 MB] [chunked_processor] Transient save result
    DATA: Array
(
    [option_name] => speed_backups_job_f0df9ec8-dce2-4392-a671-1785d207b753
    [success] => YES
)

[2026-01-15 15:48:34] [24 MB] [chunked_processor] Option save result
    DATA: Array
(
    [option_name] => speed_backups_job_f0df9ec8-dce2-4392-a671-1785d207b753
    [success] => YES
)

[2026-01-15 15:48:34] [24 MB] [chunked_processor] Save verification (direct DB)
    DATA: Array
(
    [verified] => YES
)

[2026-01-15 15:48:34] [24 MB] [chunked_processor] get_job called
    DATA: Array
(
    [job_id] => f0df9ec8-dce2-4392-a671-1785d207b753
)

[2026-01-15 15:48:34] [24 MB] [chunked_processor] Transient lookup result
    DATA: Array
(
    [option_name] => speed_backups_job_f0df9ec8-dce2-4392-a671-1785d207b753
    [found] => YES
)

[2026-01-15 15:48:34] [24 MB] [chunked_processor] Job retrieved successfully
    DATA: Array
(
    [status] => running
    [type] => backup
)

[2026-01-15 15:48:34] [24 MB] [chunked_processor] get_job called
    DATA: Array
(
    [job_id] => f0df9ec8-dce2-4392-a671-1785d207b753
)

[2026-01-15 15:48:34] [24 MB] [chunked_processor] Transient lookup result
    DATA: Array
(
    [option_name] => speed_backups_job_f0df9ec8-dce2-4392-a671-1785d207b753
    [found] => YES
)

[2026-01-15 15:48:34] [24 MB] [chunked_processor] Job retrieved successfully
    DATA: Array
(
    [status] => running
    [type] => backup
)

[2026-01-15 15:48:35] [22 MB] [ERROR_HANDLER] PHP error handlers registered
[2026-01-15 15:48:35] [22 MB] [chunked_processor] get_job called
    DATA: Array
(
    [job_id] => f0df9ec8-dce2-4392-a671-1785d207b753
)

[2026-01-15 15:48:35] [22 MB] [chunked_processor] Transient lookup result
    DATA: Array
(
    [option_name] => speed_backups_job_f0df9ec8-dce2-4392-a671-1785d207b753
    [found] => YES
)

[2026-01-15 15:48:35] [22 MB] [chunked_processor] Job retrieved successfully
    DATA: Array
(
    [status] => running
    [type] => backup
)

[2026-01-15 15:48:35] [22 MB] [chunked_processor] get_job called
    DATA: Array
(
    [job_id] => f0df9ec8-dce2-4392-a671-1785d207b753
)

[2026-01-15 15:48:35] [22 MB] [chunked_processor] Transient lookup result
    DATA: Array
(
    [option_name] => speed_backups_job_f0df9ec8-dce2-4392-a671-1785d207b753
    [found] => YES
)

[2026-01-15 15:48:35] [22 MB] [chunked_processor] Job retrieved successfully
    DATA: Array
(
    [status] => running
    [type] => backup
)

[2026-01-15 15:48:35] [22 MB] [chunked_processor] get_job called
    DATA: Array
(
    [job_id] => f0df9ec8-dce2-4392-a671-1785d207b753
)

[2026-01-15 15:48:35] [22 MB] [chunked_processor] Transient lookup result
    DATA: Array
(
    [option_name] => speed_backups_job_f0df9ec8-dce2-4392-a671-1785d207b753
    [found] => YES
)

[2026-01-15 15:48:35] [22 MB] [chunked_processor] Job retrieved successfully
    DATA: Array
(
    [status] => running
    [type] => backup
)

[2026-01-15 15:48:35] [22 MB] [chunked_processor] save_job called
    DATA: Array
(
    [job_id] => f0df9ec8-dce2-4392-a671-1785d207b753
    [status] => running
)

[2026-01-15 15:48:35] [22 MB] [chunked_processor] Transient save result
    DATA: Array
(
    [option_name] => speed_backups_job_f0df9ec8-dce2-4392-a671-1785d207b753
    [success] => YES
)

[2026-01-15 15:48:35] [22 MB] [chunked_processor] Option save result
    DATA: Array
(
    [option_name] => speed_backups_job_f0df9ec8-dce2-4392-a671-1785d207b753
    [success] => YES
)

[2026-01-15 15:48:35] [22 MB] [chunked_processor] Save verification (direct DB)
    DATA: Array
(
    [verified] => YES
)

[2026-01-15 15:48:43] [24 MB] [chunked_processor] get_job called
    DATA: Array
(
    [job_id] => f0df9ec8-dce2-4392-a671-1785d207b753
)

[2026-01-15 15:48:43] [24 MB] [chunked_processor] Transient lookup result
    DATA: Array
(
    [option_name] => speed_backups_job_f0df9ec8-dce2-4392-a671-1785d207b753
    [found] => YES
)

[2026-01-15 15:48:43] [24 MB] [chunked_processor] Job retrieved successfully
    DATA: Array
(
    [status] => running
    [type] => backup
)

[2026-01-15 15:48:43] [24 MB] [chunked_processor] save_job called
    DATA: Array
(
    [job_id] => f0df9ec8-dce2-4392-a671-1785d207b753
    [status] => running
)

[2026-01-15 15:48:43] [24 MB] [chunked_processor] Transient save result
    DATA: Array
(
    [option_name] => speed_backups_job_f0df9ec8-dce2-4392-a671-1785d207b753
    [success] => YES
)

[2026-01-15 15:48:43] [24 MB] [chunked_processor] Option save result
    DATA: Array
(
    [option_name] => speed_backups_job_f0df9ec8-dce2-4392-a671-1785d207b753
    [success] => YES
)

[2026-01-15 15:48:43] [24 MB] [chunked_processor] Save verification (direct DB)
    DATA: Array
(
    [verified] => YES
)

[2026-01-15 15:48:43] [24 MB] [chunked_processor] get_job called
    DATA: Array
(
    [job_id] => f0df9ec8-dce2-4392-a671-1785d207b753
)

[2026-01-15 15:48:43] [24 MB] [chunked_processor] Transient lookup result
    DATA: Array
(
    [option_name] => speed_backups_job_f0df9ec8-dce2-4392-a671-1785d207b753
    [found] => YES
)

[2026-01-15 15:48:43] [24 MB] [chunked_processor] Job retrieved successfully
    DATA: Array
(
    [status] => running
    [type] => backup
)

[2026-01-15 15:48:43] [24 MB] [chunked_processor] get_job called
    DATA: Array
(
    [job_id] => f0df9ec8-dce2-4392-a671-1785d207b753
)

[2026-01-15 15:48:43] [24 MB] [chunked_processor] Transient lookup result
    DATA: Array
(
    [option_name] => speed_backups_job_f0df9ec8-dce2-4392-a671-1785d207b753
    [found] => YES
)

[2026-01-15 15:48:43] [24 MB] [chunked_processor] Job retrieved successfully
    DATA: Array
(
    [status] => running
    [type] => backup
)

[2026-01-15 15:48:43] [22 MB] [ERROR_HANDLER] PHP error handlers registered
[2026-01-15 15:48:43] [22 MB] [chunked_processor] get_job called
    DATA: Array
(
    [job_id] => f0df9ec8-dce2-4392-a671-1785d207b753
)

[2026-01-15 15:48:43] [22 MB] [chunked_processor] Transient lookup result
    DATA: Array
(
    [option_name] => speed_backups_job_f0df9ec8-dce2-4392-a671-1785d207b753
    [found] => YES
)

[2026-01-15 15:48:43] [22 MB] [chunked_processor] Job retrieved successfully
    DATA: Array
(
    [status] => running
    [type] => backup
)

[2026-01-15 15:48:43] [22 MB] [chunked_processor] get_job called
    DATA: Array
(
    [job_id] => f0df9ec8-dce2-4392-a671-1785d207b753
)

[2026-01-15 15:48:43] [22 MB] [chunked_processor] Transient lookup result
    DATA: Array
(
    [option_name] => speed_backups_job_f0df9ec8-dce2-4392-a671-1785d207b753
    [found] => YES
)

[2026-01-15 15:48:43] [22 MB] [chunked_processor] Job retrieved successfully
    DATA: Array
(
    [status] => running
    [type] => backup
)

[2026-01-15 15:48:43] [22 MB] [chunked_processor] get_job called
    DATA: Array
(
    [job_id] => f0df9ec8-dce2-4392-a671-1785d207b753
)

[2026-01-15 15:48:43] [22 MB] [chunked_processor] Transient lookup result
    DATA: Array
(
    [option_name] => speed_backups_job_f0df9ec8-dce2-4392-a671-1785d207b753
    [found] => YES
)

[2026-01-15 15:48:43] [22 MB] [chunked_processor] Job retrieved successfully
    DATA: Array
(
    [status] => running
    [type] => backup
)

[2026-01-15 15:48:43] [22 MB] [chunked_processor] save_job called
    DATA: Array
(
    [job_id] => f0df9ec8-dce2-4392-a671-1785d207b753
    [status] => running
)

[2026-01-15 15:48:43] [22 MB] [chunked_processor] Transient save result
    DATA: Array
(
    [option_name] => speed_backups_job_f0df9ec8-dce2-4392-a671-1785d207b753
    [success] => YES
)

[2026-01-15 15:48:43] [22 MB] [chunked_processor] Option save result
    DATA: Array
(
    [option_name] => speed_backups_job_f0df9ec8-dce2-4392-a671-1785d207b753
    [success] => YES
)

[2026-01-15 15:48:43] [22 MB] [chunked_processor] Save verification (direct DB)
    DATA: Array
(
    [verified] => YES
)

[2026-01-15 15:48:44] [22 MB] [chunked_processor] get_job called
    DATA: Array
(
    [job_id] => f0df9ec8-dce2-4392-a671-1785d207b753
)

[2026-01-15 15:48:44] [22 MB] [chunked_processor] Transient lookup result
    DATA: Array
(
    [option_name] => speed_backups_job_f0df9ec8-dce2-4392-a671-1785d207b753
    [found] => YES
)

[2026-01-15 15:48:44] [22 MB] [chunked_processor] Job retrieved successfully
    DATA: Array
(
    [status] => running
    [type] => backup
)

[2026-01-15 15:48:44] [22 MB] [chunked_processor] save_job called
    DATA: Array
(
    [job_id] => f0df9ec8-dce2-4392-a671-1785d207b753
    [status] => running
)

[2026-01-15 15:48:44] [22 MB] [chunked_processor] Transient save result
    DATA: Array
(
    [option_name] => speed_backups_job_f0df9ec8-dce2-4392-a671-1785d207b753
    [success] => YES
)

[2026-01-15 15:48:44] [22 MB] [chunked_processor] Option save result
    DATA: Array
(
    [option_name] => speed_backups_job_f0df9ec8-dce2-4392-a671-1785d207b753
    [success] => YES
)

[2026-01-15 15:48:44] [22 MB] [chunked_processor] Save verification (direct DB)
    DATA: Array
(
    [verified] => YES
)

[2026-01-15 15:48:44] [22 MB] [chunked_processor] get_job called
    DATA: Array
(
    [job_id] => f0df9ec8-dce2-4392-a671-1785d207b753
)

[2026-01-15 15:48:44] [22 MB] [chunked_processor] Transient lookup result
    DATA: Array
(
    [option_name] => speed_backups_job_f0df9ec8-dce2-4392-a671-1785d207b753
    [found] => YES
)

[2026-01-15 15:48:44] [22 MB] [chunked_processor] Job retrieved successfully
    DATA: Array
(
    [status] => running
    [type] => backup
)

[2026-01-15 15:48:44] [22 MB] [chunked_processor] get_job called
    DATA: Array
(
    [job_id] => f0df9ec8-dce2-4392-a671-1785d207b753
)

[2026-01-15 15:48:44] [22 MB] [chunked_processor] Transient lookup result
    DATA: Array
(
    [option_name] => speed_backups_job_f0df9ec8-dce2-4392-a671-1785d207b753
    [found] => YES
)

[2026-01-15 15:48:44] [22 MB] [chunked_processor] Job retrieved successfully
    DATA: Array
(
    [status] => running
    [type] => backup
)

[2026-01-15 15:48:44] [22 MB] [ERROR_HANDLER] PHP error handlers registered
[2026-01-15 15:48:44] [22 MB] [chunked_processor] get_job called
    DATA: Array
(
    [job_id] => f0df9ec8-dce2-4392-a671-1785d207b753
)

[2026-01-15 15:48:44] [22 MB] [chunked_processor] Transient lookup result
    DATA: Array
(
    [option_name] => speed_backups_job_f0df9ec8-dce2-4392-a671-1785d207b753
    [found] => YES
)

[2026-01-15 15:48:44] [22 MB] [chunked_processor] Job retrieved successfully
    DATA: Array
(
    [status] => running
    [type] => backup
)

[2026-01-15 15:48:44] [22 MB] [chunked_processor] get_job called
    DATA: Array
(
    [job_id] => f0df9ec8-dce2-4392-a671-1785d207b753
)

[2026-01-15 15:48:44] [22 MB] [chunked_processor] Transient lookup result
    DATA: Array
(
    [option_name] => speed_backups_job_f0df9ec8-dce2-4392-a671-1785d207b753
    [found] => YES
)

[2026-01-15 15:48:44] [22 MB] [chunked_processor] Job retrieved successfully
    DATA: Array
(
    [status] => running
    [type] => backup
)

[2026-01-15 15:48:44] [22 MB] [chunked_processor] get_job called
    DATA: Array
(
    [job_id] => f0df9ec8-dce2-4392-a671-1785d207b753
)

[2026-01-15 15:48:44] [22 MB] [chunked_processor] Transient lookup result
    DATA: Array
(
    [option_name] => speed_backups_job_f0df9ec8-dce2-4392-a671-1785d207b753
    [found] => YES
)

[2026-01-15 15:48:44] [22 MB] [chunked_processor] Job retrieved successfully
    DATA: Array
(
    [status] => running
    [type] => backup
)

[2026-01-15 15:48:44] [22 MB] [chunked_processor] save_job called
    DATA: Array
(
    [job_id] => f0df9ec8-dce2-4392-a671-1785d207b753
    [status] => running
)

[2026-01-15 15:48:44] [22 MB] [chunked_processor] Transient save result
    DATA: Array
(
    [option_name] => speed_backups_job_f0df9ec8-dce2-4392-a671-1785d207b753
    [success] => YES
)

[2026-01-15 15:48:44] [22 MB] [chunked_processor] Option save result
    DATA: Array
(
    [option_name] => speed_backups_job_f0df9ec8-dce2-4392-a671-1785d207b753
    [success] => YES
)

[2026-01-15 15:48:44] [22 MB] [chunked_processor] Save verification (direct DB)
    DATA: Array
(
    [verified] => YES
)

[2026-01-15 15:48:45] [22 MB] [chunked_processor] get_job called
    DATA: Array
(
    [job_id] => f0df9ec8-dce2-4392-a671-1785d207b753
)

[2026-01-15 15:48:45] [22 MB] [chunked_processor] Transient lookup result
    DATA: Array
(
    [option_name] => speed_backups_job_f0df9ec8-dce2-4392-a671-1785d207b753
    [found] => YES
)

[2026-01-15 15:48:45] [22 MB] [chunked_processor] Job retrieved successfully
    DATA: Array
(
    [status] => running
    [type] => backup
)

[2026-01-15 15:48:45] [22 MB] [chunked_processor] save_job called
    DATA: Array
(
    [job_id] => f0df9ec8-dce2-4392-a671-1785d207b753
    [status] => running
)

[2026-01-15 15:48:45] [22 MB] [chunked_processor] Transient save result
    DATA: Array
(
    [option_name] => speed_backups_job_f0df9ec8-dce2-4392-a671-1785d207b753
    [success] => YES
)

[2026-01-15 15:48:45] [22 MB] [chunked_processor] Option save result
    DATA: Array
(
    [option_name] => speed_backups_job_f0df9ec8-dce2-4392-a671-1785d207b753
    [success] => YES
)

[2026-01-15 15:48:45] [22 MB] [chunked_processor] Save verification (direct DB)
    DATA: Array
(
    [verified] => YES
)

[2026-01-15 15:48:45] [22 MB] [chunked_processor] get_job called
    DATA: Array
(
    [job_id] => f0df9ec8-dce2-4392-a671-1785d207b753
)

[2026-01-15 15:48:45] [22 MB] [chunked_processor] Transient lookup result
    DATA: Array
(
    [option_name] => speed_backups_job_f0df9ec8-dce2-4392-a671-1785d207b753
    [found] => YES
)

[2026-01-15 15:48:45] [22 MB] [chunked_processor] Job retrieved successfully
    DATA: Array
(
    [status] => running
    [type] => backup
)

[2026-01-15 15:48:45] [22 MB] [chunked_processor] get_job called
    DATA: Array
(
    [job_id] => f0df9ec8-dce2-4392-a671-1785d207b753
)

[2026-01-15 15:48:45] [22 MB] [chunked_processor] Transient lookup result
    DATA: Array
(
    [option_name] => speed_backups_job_f0df9ec8-dce2-4392-a671-1785d207b753
    [found] => YES
)

[2026-01-15 15:48:45] [22 MB] [chunked_processor] Job retrieved successfully
    DATA: Array
(
    [status] => running
    [type] => backup
)

[2026-01-15 15:48:46] [22 MB] [ERROR_HANDLER] PHP error handlers registered
[2026-01-15 15:48:46] [22 MB] [chunked_processor] get_job called
    DATA: Array
(
    [job_id] => f0df9ec8-dce2-4392-a671-1785d207b753
)

[2026-01-15 15:48:46] [22 MB] [chunked_processor] Transient lookup result
    DATA: Array
(
    [option_name] => speed_backups_job_f0df9ec8-dce2-4392-a671-1785d207b753
    [found] => YES
)

[2026-01-15 15:48:46] [22 MB] [chunked_processor] Job retrieved successfully
    DATA: Array
(
    [status] => running
    [type] => backup
)

[2026-01-15 15:48:46] [22 MB] [chunked_processor] get_job called
    DATA: Array
(
    [job_id] => f0df9ec8-dce2-4392-a671-1785d207b753
)

[2026-01-15 15:48:46] [22 MB] [chunked_processor] Transient lookup result
    DATA: Array
(
    [option_name] => speed_backups_job_f0df9ec8-dce2-4392-a671-1785d207b753
    [found] => YES
)

[2026-01-15 15:48:46] [22 MB] [chunked_processor] Job retrieved successfully
    DATA: Array
(
    [status] => running
    [type] => backup
)

[2026-01-15 15:48:46] [22 MB] [chunked_processor] get_job called
    DATA: Array
(
    [job_id] => f0df9ec8-dce2-4392-a671-1785d207b753
)

[2026-01-15 15:48:46] [22 MB] [chunked_processor] Transient lookup result
    DATA: Array
(
    [option_name] => speed_backups_job_f0df9ec8-dce2-4392-a671-1785d207b753
    [found] => YES
)

[2026-01-15 15:48:46] [22 MB] [chunked_processor] Job retrieved successfully
    DATA: Array
(
    [status] => running
    [type] => backup
)

[2026-01-15 15:48:46] [22 MB] [chunked_processor] save_job called
    DATA: Array
(
    [job_id] => f0df9ec8-dce2-4392-a671-1785d207b753
    [status] => running
)

[2026-01-15 15:48:46] [22 MB] [chunked_processor] Transient save result
    DATA: Array
(
    [option_name] => speed_backups_job_f0df9ec8-dce2-4392-a671-1785d207b753
    [success] => YES
)

[2026-01-15 15:48:46] [22 MB] [chunked_processor] Option save result
    DATA: Array
(
    [option_name] => speed_backups_job_f0df9ec8-dce2-4392-a671-1785d207b753
    [success] => YES
)

[2026-01-15 15:48:46] [22 MB] [chunked_processor] Save verification (direct DB)
    DATA: Array
(
    [verified] => YES
)

[2026-01-15 15:48:47] [22 MB] [chunked_processor] get_job called
    DATA: Array
(
    [job_id] => f0df9ec8-dce2-4392-a671-1785d207b753
)

[2026-01-15 15:48:47] [22 MB] [chunked_processor] Transient lookup result
    DATA: Array
(
    [option_name] => speed_backups_job_f0df9ec8-dce2-4392-a671-1785d207b753
    [found] => YES
)

[2026-01-15 15:48:47] [22 MB] [chunked_processor] Job retrieved successfully
    DATA: Array
(
    [status] => running
    [type] => backup
)

[2026-01-15 15:48:47] [22 MB] [chunked_processor] save_job called
    DATA: Array
(
    [job_id] => f0df9ec8-dce2-4392-a671-1785d207b753
    [status] => running
)

[2026-01-15 15:48:47] [22 MB] [chunked_processor] Transient save result
    DATA: Array
(
    [option_name] => speed_backups_job_f0df9ec8-dce2-4392-a671-1785d207b753
    [success] => YES
)

[2026-01-15 15:48:47] [22 MB] [chunked_processor] Option save result
    DATA: Array
(
    [option_name] => speed_backups_job_f0df9ec8-dce2-4392-a671-1785d207b753
    [success] => YES
)

[2026-01-15 15:48:47] [22 MB] [chunked_processor] Save verification (direct DB)
    DATA: Array
(
    [verified] => YES
)

[2026-01-15 15:48:47] [22 MB] [chunked_processor] get_job called
    DATA: Array
(
    [job_id] => f0df9ec8-dce2-4392-a671-1785d207b753
)

[2026-01-15 15:48:47] [22 MB] [chunked_processor] Transient lookup result
    DATA: Array
(
    [option_name] => speed_backups_job_f0df9ec8-dce2-4392-a671-1785d207b753
    [found] => YES
)

[2026-01-15 15:48:47] [22 MB] [chunked_processor] Job retrieved successfully
    DATA: Array
(
    [status] => running
    [type] => backup
)

[2026-01-15 15:48:47] [22 MB] [chunked_processor] get_job called
    DATA: Array
(
    [job_id] => f0df9ec8-dce2-4392-a671-1785d207b753
)

[2026-01-15 15:48:47] [22 MB] [chunked_processor] Transient lookup result
    DATA: Array
(
    [option_name] => speed_backups_job_f0df9ec8-dce2-4392-a671-1785d207b753
    [found] => YES
)

[2026-01-15 15:48:47] [22 MB] [chunked_processor] Job retrieved successfully
    DATA: Array
(
    [status] => running
    [type] => backup
)

[2026-01-15 15:48:48] [22 MB] [ERROR_HANDLER] PHP error handlers registered
[2026-01-15 15:48:48] [22 MB] [chunked_processor] get_job called
    DATA: Array
(
    [job_id] => f0df9ec8-dce2-4392-a671-1785d207b753
)

[2026-01-15 15:48:48] [22 MB] [chunked_processor] Transient lookup result
    DATA: Array
(
    [option_name] => speed_backups_job_f0df9ec8-dce2-4392-a671-1785d207b753
    [found] => YES
)

[2026-01-15 15:48:48] [22 MB] [chunked_processor] Job retrieved successfully
    DATA: Array
(
    [status] => running
    [type] => backup
)

[2026-01-15 15:48:48] [22 MB] [chunked_processor] get_job called
    DATA: Array
(
    [job_id] => f0df9ec8-dce2-4392-a671-1785d207b753
)

[2026-01-15 15:48:48] [22 MB] [chunked_processor] Transient lookup result
    DATA: Array
(
    [option_name] => speed_backups_job_f0df9ec8-dce2-4392-a671-1785d207b753
    [found] => YES
)

[2026-01-15 15:48:48] [22 MB] [chunked_processor] Job retrieved successfully
    DATA: Array
(
    [status] => running
    [type] => backup
)

[2026-01-15 15:48:48] [22 MB] [chunked_processor] get_job called
    DATA: Array
(
    [job_id] => f0df9ec8-dce2-4392-a671-1785d207b753
)

[2026-01-15 15:48:48] [22 MB] [chunked_processor] Transient lookup result
    DATA: Array
(
    [option_name] => speed_backups_job_f0df9ec8-dce2-4392-a671-1785d207b753
    [found] => YES
)

[2026-01-15 15:48:48] [22 MB] [chunked_processor] Job retrieved successfully
    DATA: Array
(
    [status] => running
    [type] => backup
)

[2026-01-15 15:48:48] [22 MB] [chunked_processor] save_job called
    DATA: Array
(
    [job_id] => f0df9ec8-dce2-4392-a671-1785d207b753
    [status] => running
)

[2026-01-15 15:48:48] [22 MB] [chunked_processor] Transient save result
    DATA: Array
(
    [option_name] => speed_backups_job_f0df9ec8-dce2-4392-a671-1785d207b753
    [success] => YES
)

[2026-01-15 15:48:48] [22 MB] [chunked_processor] Option save result
    DATA: Array
(
    [option_name] => speed_backups_job_f0df9ec8-dce2-4392-a671-1785d207b753
    [success] => YES
)

[2026-01-15 15:48:48] [22 MB] [chunked_processor] Save verification (direct DB)
    DATA: Array
(
    [verified] => YES
)

[2026-01-15 15:48:50] [22 MB] [ERROR_HANDLER] PHP error handlers registered
[2026-01-15 15:48:51] [22 MB] [chunked_processor] get_job called
    DATA: Array
(
    [job_id] => f0df9ec8-dce2-4392-a671-1785d207b753
)

[2026-01-15 15:48:51] [22 MB] [chunked_processor] Transient lookup result
    DATA: Array
(
    [option_name] => speed_backups_job_f0df9ec8-dce2-4392-a671-1785d207b753
    [found] => YES
)

[2026-01-15 15:48:51] [22 MB] [chunked_processor] Job retrieved successfully
    DATA: Array
(
    [status] => running
    [type] => backup
)

[2026-01-15 15:48:51] [22 MB] [chunked_processor] save_job called
    DATA: Array
(
    [job_id] => f0df9ec8-dce2-4392-a671-1785d207b753
    [status] => running
)

[2026-01-15 15:48:51] [22 MB] [chunked_processor] Transient save result
    DATA: Array
(
    [option_name] => speed_backups_job_f0df9ec8-dce2-4392-a671-1785d207b753
    [success] => YES
)

[2026-01-15 15:48:51] [22 MB] [chunked_processor] Option save result
    DATA: Array
(
    [option_name] => speed_backups_job_f0df9ec8-dce2-4392-a671-1785d207b753
    [success] => YES
)

[2026-01-15 15:48:51] [22 MB] [chunked_processor] Save verification (direct DB)
    DATA: Array
(
    [verified] => YES
)

[2026-01-15 15:48:51] [22 MB] [chunked_processor] get_job called
    DATA: Array
(
    [job_id] => f0df9ec8-dce2-4392-a671-1785d207b753
)

[2026-01-15 15:48:51] [22 MB] [chunked_processor] Transient lookup result
    DATA: Array
(
    [option_name] => speed_backups_job_f0df9ec8-dce2-4392-a671-1785d207b753
    [found] => YES
)

[2026-01-15 15:48:51] [22 MB] [chunked_processor] Job retrieved successfully
    DATA: Array
(
    [status] => running
    [type] => backup
)

[2026-01-15 15:48:51] [22 MB] [chunked_processor] get_job called
    DATA: Array
(
    [job_id] => f0df9ec8-dce2-4392-a671-1785d207b753
)

[2026-01-15 15:48:51] [22 MB] [chunked_processor] Transient lookup result
    DATA: Array
(
    [option_name] => speed_backups_job_f0df9ec8-dce2-4392-a671-1785d207b753
    [found] => YES
)

[2026-01-15 15:48:51] [22 MB] [chunked_processor] Job retrieved successfully
    DATA: Array
(
    [status] => running
    [type] => backup
)

[2026-01-15 15:48:52] [22 MB] [ERROR_HANDLER] PHP error handlers registered
[2026-01-15 15:48:52] [22 MB] [chunked_processor] get_job called
    DATA: Array
(
    [job_id] => f0df9ec8-dce2-4392-a671-1785d207b753
)

[2026-01-15 15:48:52] [22 MB] [chunked_processor] Transient lookup result
    DATA: Array
(
    [option_name] => speed_backups_job_f0df9ec8-dce2-4392-a671-1785d207b753
    [found] => YES
)

[2026-01-15 15:48:52] [22 MB] [chunked_processor] Job retrieved successfully
    DATA: Array
(
    [status] => running
    [type] => backup
)

[2026-01-15 15:48:52] [22 MB] [chunked_processor] get_job called
    DATA: Array
(
    [job_id] => f0df9ec8-dce2-4392-a671-1785d207b753
)

[2026-01-15 15:48:52] [22 MB] [chunked_processor] Transient lookup result
    DATA: Array
(
    [option_name] => speed_backups_job_f0df9ec8-dce2-4392-a671-1785d207b753
    [found] => YES
)

[2026-01-15 15:48:52] [22 MB] [chunked_processor] Job retrieved successfully
    DATA: Array
(
    [status] => running
    [type] => backup
)

[2026-01-15 15:48:52] [22 MB] [chunked_processor] get_job called
    DATA: Array
(
    [job_id] => f0df9ec8-dce2-4392-a671-1785d207b753
)

[2026-01-15 15:48:52] [22 MB] [chunked_processor] Transient lookup result
    DATA: Array
(
    [option_name] => speed_backups_job_f0df9ec8-dce2-4392-a671-1785d207b753
    [found] => YES
)

[2026-01-15 15:48:52] [22 MB] [chunked_processor] Job retrieved successfully
    DATA: Array
(
    [status] => running
    [type] => backup
)

[2026-01-15 15:48:52] [22 MB] [chunked_processor] save_job called
    DATA: Array
(
    [job_id] => f0df9ec8-dce2-4392-a671-1785d207b753
    [status] => running
)

[2026-01-15 15:48:52] [22 MB] [chunked_processor] Transient save result
    DATA: Array
(
    [option_name] => speed_backups_job_f0df9ec8-dce2-4392-a671-1785d207b753
    [success] => YES
)

[2026-01-15 15:48:52] [22 MB] [chunked_processor] Option save result
    DATA: Array
(
    [option_name] => speed_backups_job_f0df9ec8-dce2-4392-a671-1785d207b753
    [success] => YES
)

[2026-01-15 15:48:52] [22 MB] [chunked_processor] Save verification (direct DB)
    DATA: Array
(
    [verified] => YES
)

[2026-01-15 15:48:52] [22 MB] [chunked_processor] get_job called
    DATA: Array
(
    [job_id] => f0df9ec8-dce2-4392-a671-1785d207b753
)

[2026-01-15 15:48:52] [22 MB] [chunked_processor] Transient lookup result
    DATA: Array
(
    [option_name] => speed_backups_job_f0df9ec8-dce2-4392-a671-1785d207b753
    [found] => YES
)

[2026-01-15 15:48:52] [22 MB] [chunked_processor] Job retrieved successfully
    DATA: Array
(
    [status] => running
    [type] => backup
)

[2026-01-15 15:48:52] [22 MB] [chunked_processor] save_job called
    DATA: Array
(
    [job_id] => f0df9ec8-dce2-4392-a671-1785d207b753
    [status] => running
)

[2026-01-15 15:48:52] [22 MB] [chunked_processor] Transient save result
    DATA: Array
(
    [option_name] => speed_backups_job_f0df9ec8-dce2-4392-a671-1785d207b753
    [success] => YES
)

[2026-01-15 15:48:52] [22 MB] [chunked_processor] Option save result
    DATA: Array
(
    [option_name] => speed_backups_job_f0df9ec8-dce2-4392-a671-1785d207b753
    [success] => YES
)

[2026-01-15 15:48:52] [22 MB] [chunked_processor] Save verification (direct DB)
    DATA: Array
(
    [verified] => YES
)

[2026-01-15 15:48:52] [22 MB] [chunked_processor] get_job called
    DATA: Array
(
    [job_id] => f0df9ec8-dce2-4392-a671-1785d207b753
)

[2026-01-15 15:48:52] [22 MB] [chunked_processor] Transient lookup result
    DATA: Array
(
    [option_name] => speed_backups_job_f0df9ec8-dce2-4392-a671-1785d207b753
    [found] => YES
)

[2026-01-15 15:48:52] [22 MB] [chunked_processor] Job retrieved successfully
    DATA: Array
(
    [status] => running
    [type] => backup
)

[2026-01-15 15:48:52] [22 MB] [chunked_processor] get_job called
    DATA: Array
(
    [job_id] => f0df9ec8-dce2-4392-a671-1785d207b753
)

[2026-01-15 15:48:52] [22 MB] [chunked_processor] Transient lookup result
    DATA: Array
(
    [option_name] => speed_backups_job_f0df9ec8-dce2-4392-a671-1785d207b753
    [found] => YES
)

[2026-01-15 15:48:52] [22 MB] [chunked_processor] Job retrieved successfully
    DATA: Array
(
    [status] => running
    [type] => backup
)

[2026-01-15 15:48:53] [18 MB] [ERROR_HANDLER] PHP error handlers registered
[2026-01-15 15:48:53] [18 MB] [chunked_processor] get_job called
    DATA: Array
(
    [job_id] => f0df9ec8-dce2-4392-a671-1785d207b753
)

[2026-01-15 15:48:53] [18 MB] [chunked_processor] Transient lookup result
    DATA: Array
(
    [option_name] => speed_backups_job_f0df9ec8-dce2-4392-a671-1785d207b753
    [found] => YES
)

[2026-01-15 15:48:53] [18 MB] [chunked_processor] Job retrieved successfully
    DATA: Array
(
    [status] => running
    [type] => backup
)

[2026-01-15 15:48:53] [18 MB] [chunked_processor] get_job called
    DATA: Array
(
    [job_id] => f0df9ec8-dce2-4392-a671-1785d207b753
)

[2026-01-15 15:48:53] [18 MB] [chunked_processor] Transient lookup result
    DATA: Array
(
    [option_name] => speed_backups_job_f0df9ec8-dce2-4392-a671-1785d207b753
    [found] => YES
)

[2026-01-15 15:48:53] [18 MB] [chunked_processor] Job retrieved successfully
    DATA: Array
(
    [status] => running
    [type] => backup
)

[2026-01-15 15:48:53] [20 MB] [chunked_processor] get_job called
    DATA: Array
(
    [job_id] => f0df9ec8-dce2-4392-a671-1785d207b753
)

[2026-01-15 15:48:53] [20 MB] [chunked_processor] Transient lookup result
    DATA: Array
(
    [option_name] => speed_backups_job_f0df9ec8-dce2-4392-a671-1785d207b753
    [found] => YES
)

[2026-01-15 15:48:53] [20 MB] [chunked_processor] Job retrieved successfully
    DATA: Array
(
    [status] => running
    [type] => backup
)

[2026-01-15 15:48:53] [20 MB] [chunked_processor] save_job called
    DATA: Array
(
    [job_id] => f0df9ec8-dce2-4392-a671-1785d207b753
    [status] => running
)

[2026-01-15 15:48:53] [20 MB] [chunked_processor] Transient save result
    DATA: Array
(
    [option_name] => speed_backups_job_f0df9ec8-dce2-4392-a671-1785d207b753
    [success] => YES
)

[2026-01-15 15:48:53] [20 MB] [chunked_processor] Option save result
    DATA: Array
(
    [option_name] => speed_backups_job_f0df9ec8-dce2-4392-a671-1785d207b753
    [success] => YES
)

[2026-01-15 15:48:53] [20 MB] [chunked_processor] Save verification (direct DB)
    DATA: Array
(
    [verified] => YES
)

[2026-01-15 15:48:53] [22 MB] [chunked_processor] get_job called
    DATA: Array
(
    [job_id] => f0df9ec8-dce2-4392-a671-1785d207b753
)

[2026-01-15 15:48:53] [22 MB] [chunked_processor] Transient lookup result
    DATA: Array
(
    [option_name] => speed_backups_job_f0df9ec8-dce2-4392-a671-1785d207b753
    [found] => YES
)

[2026-01-15 15:48:53] [22 MB] [chunked_processor] Job retrieved successfully
    DATA: Array
(
    [status] => running
    [type] => backup
)

[2026-01-15 15:48:53] [22 MB] [chunked_processor] save_job called
    DATA: Array
(
    [job_id] => f0df9ec8-dce2-4392-a671-1785d207b753
    [status] => running
)

[2026-01-15 15:48:53] [22 MB] [chunked_processor] Transient save result
    DATA: Array
(
    [option_name] => speed_backups_job_f0df9ec8-dce2-4392-a671-1785d207b753
    [success] => YES
)

[2026-01-15 15:48:53] [22 MB] [chunked_processor] Option save result
    DATA: Array
(
    [option_name] => speed_backups_job_f0df9ec8-dce2-4392-a671-1785d207b753
    [success] => YES
)

[2026-01-15 15:48:53] [22 MB] [chunked_processor] Save verification (direct DB)
    DATA: Array
(
    [verified] => YES
)

[2026-01-15 15:48:53] [22 MB] [chunked_processor] get_job called
    DATA: Array
(
    [job_id] => f0df9ec8-dce2-4392-a671-1785d207b753
)

[2026-01-15 15:48:53] [22 MB] [chunked_processor] Transient lookup result
    DATA: Array
(
    [option_name] => speed_backups_job_f0df9ec8-dce2-4392-a671-1785d207b753
    [found] => YES
)

[2026-01-15 15:48:53] [22 MB] [chunked_processor] Job retrieved successfully
    DATA: Array
(
    [status] => running
    [type] => backup
)

[2026-01-15 15:48:53] [22 MB] [chunked_processor] get_job called
    DATA: Array
(
    [job_id] => f0df9ec8-dce2-4392-a671-1785d207b753
)

[2026-01-15 15:48:53] [22 MB] [chunked_processor] Transient lookup result
    DATA: Array
(
    [option_name] => speed_backups_job_f0df9ec8-dce2-4392-a671-1785d207b753
    [found] => YES
)

[2026-01-15 15:48:53] [22 MB] [chunked_processor] Job retrieved successfully
    DATA: Array
(
    [status] => running
    [type] => backup
)

[2026-01-15 15:48:54] [22 MB] [ERROR_HANDLER] PHP error handlers registered
[2026-01-15 15:48:54] [22 MB] [chunked_processor] get_job called
    DATA: Array
(
    [job_id] => f0df9ec8-dce2-4392-a671-1785d207b753
)

[2026-01-15 15:48:54] [22 MB] [chunked_processor] Transient lookup result
    DATA: Array
(
    [option_name] => speed_backups_job_f0df9ec8-dce2-4392-a671-1785d207b753
    [found] => YES
)

[2026-01-15 15:48:54] [22 MB] [chunked_processor] Job retrieved successfully
    DATA: Array
(
    [status] => running
    [type] => backup
)

[2026-01-15 15:48:54] [22 MB] [chunked_processor] get_job called
    DATA: Array
(
    [job_id] => f0df9ec8-dce2-4392-a671-1785d207b753
)

[2026-01-15 15:48:54] [22 MB] [chunked_processor] Transient lookup result
    DATA: Array
(
    [option_name] => speed_backups_job_f0df9ec8-dce2-4392-a671-1785d207b753
    [found] => YES
)

[2026-01-15 15:48:54] [22 MB] [chunked_processor] Job retrieved successfully
    DATA: Array
(
    [status] => running
    [type] => backup
)

[2026-01-15 15:48:54] [22 MB] [chunked_processor] get_job called
    DATA: Array
(
    [job_id] => f0df9ec8-dce2-4392-a671-1785d207b753
)

[2026-01-15 15:48:54] [22 MB] [chunked_processor] Transient lookup result
    DATA: Array
(
    [option_name] => speed_backups_job_f0df9ec8-dce2-4392-a671-1785d207b753
    [found] => YES
)

[2026-01-15 15:48:54] [22 MB] [chunked_processor] Job retrieved successfully
    DATA: Array
(
    [status] => running
    [type] => backup
)

[2026-01-15 15:48:54] [22 MB] [chunked_processor] save_job called
    DATA: Array
(
    [job_id] => f0df9ec8-dce2-4392-a671-1785d207b753
    [status] => running
)

[2026-01-15 15:48:54] [22 MB] [chunked_processor] Transient save result
    DATA: Array
(
    [option_name] => speed_backups_job_f0df9ec8-dce2-4392-a671-1785d207b753
    [success] => YES
)

[2026-01-15 15:48:54] [22 MB] [chunked_processor] Option save result
    DATA: Array
(
    [option_name] => speed_backups_job_f0df9ec8-dce2-4392-a671-1785d207b753
    [success] => YES
)

[2026-01-15 15:48:54] [22 MB] [chunked_processor] Save verification (direct DB)
    DATA: Array
(
    [verified] => YES
)

[2026-01-15 15:48:54] [22 MB] [chunked_processor] get_job called
    DATA: Array
(
    [job_id] => f0df9ec8-dce2-4392-a671-1785d207b753
)

[2026-01-15 15:48:54] [22 MB] [chunked_processor] Transient lookup result
    DATA: Array
(
    [option_name] => speed_backups_job_f0df9ec8-dce2-4392-a671-1785d207b753
    [found] => YES
)

[2026-01-15 15:48:54] [22 MB] [chunked_processor] Job retrieved successfully
    DATA: Array
(
    [status] => running
    [type] => backup
)

[2026-01-15 15:48:54] [22 MB] [chunked_processor] save_job called
    DATA: Array
(
    [job_id] => f0df9ec8-dce2-4392-a671-1785d207b753
    [status] => running
)

[2026-01-15 15:48:54] [22 MB] [chunked_processor] Transient save result
    DATA: Array
(
    [option_name] => speed_backups_job_f0df9ec8-dce2-4392-a671-1785d207b753
    [success] => YES
)

[2026-01-15 15:48:54] [22 MB] [chunked_processor] Option save result
    DATA: Array
(
    [option_name] => speed_backups_job_f0df9ec8-dce2-4392-a671-1785d207b753
    [success] => YES
)

[2026-01-15 15:48:54] [22 MB] [chunked_processor] Save verification (direct DB)
    DATA: Array
(
    [verified] => YES
)

[2026-01-15 15:48:54] [22 MB] [chunked_processor] get_job called
    DATA: Array
(
    [job_id] => f0df9ec8-dce2-4392-a671-1785d207b753
)

[2026-01-15 15:48:54] [22 MB] [chunked_processor] Transient lookup result
    DATA: Array
(
    [option_name] => speed_backups_job_f0df9ec8-dce2-4392-a671-1785d207b753
    [found] => YES
)

[2026-01-15 15:48:54] [22 MB] [chunked_processor] Job retrieved successfully
    DATA: Array
(
    [status] => running
    [type] => backup
)

[2026-01-15 15:48:54] [22 MB] [chunked_processor] get_job called
    DATA: Array
(
    [job_id] => f0df9ec8-dce2-4392-a671-1785d207b753
)

[2026-01-15 15:48:54] [22 MB] [chunked_processor] Transient lookup result
    DATA: Array
(
    [option_name] => speed_backups_job_f0df9ec8-dce2-4392-a671-1785d207b753
    [found] => YES
)

[2026-01-15 15:48:54] [22 MB] [chunked_processor] Job retrieved successfully
    DATA: Array
(
    [status] => running
    [type] => backup
)

[2026-01-15 15:48:55] [22 MB] [ERROR_HANDLER] PHP error handlers registered
[2026-01-15 15:48:55] [22 MB] [chunked_processor] get_job called
    DATA: Array
(
    [job_id] => f0df9ec8-dce2-4392-a671-1785d207b753
)

[2026-01-15 15:48:55] [22 MB] [chunked_processor] Transient lookup result
    DATA: Array
(
    [option_name] => speed_backups_job_f0df9ec8-dce2-4392-a671-1785d207b753
    [found] => YES
)

[2026-01-15 15:48:55] [22 MB] [chunked_processor] Job retrieved successfully
    DATA: Array
(
    [status] => running
    [type] => backup
)

[2026-01-15 15:48:55] [22 MB] [chunked_processor] get_job called
    DATA: Array
(
    [job_id] => f0df9ec8-dce2-4392-a671-1785d207b753
)

[2026-01-15 15:48:55] [22 MB] [chunked_processor] Transient lookup result
    DATA: Array
(
    [option_name] => speed_backups_job_f0df9ec8-dce2-4392-a671-1785d207b753
    [found] => YES
)

[2026-01-15 15:48:55] [22 MB] [chunked_processor] Job retrieved successfully
    DATA: Array
(
    [status] => running
    [type] => backup
)

[2026-01-15 15:48:55] [22 MB] [chunked_processor] get_job called
    DATA: Array
(
    [job_id] => f0df9ec8-dce2-4392-a671-1785d207b753
)

[2026-01-15 15:48:55] [22 MB] [chunked_processor] Transient lookup result
    DATA: Array
(
    [option_name] => speed_backups_job_f0df9ec8-dce2-4392-a671-1785d207b753
    [found] => YES
)

[2026-01-15 15:48:55] [22 MB] [chunked_processor] Job retrieved successfully
    DATA: Array
(
    [status] => running
    [type] => backup
)

[2026-01-15 15:48:55] [22 MB] [chunked_processor] save_job called
    DATA: Array
(
    [job_id] => f0df9ec8-dce2-4392-a671-1785d207b753
    [status] => running
)

[2026-01-15 15:48:55] [22 MB] [chunked_processor] Transient save result
    DATA: Array
(
    [option_name] => speed_backups_job_f0df9ec8-dce2-4392-a671-1785d207b753
    [success] => YES
)

[2026-01-15 15:48:55] [22 MB] [chunked_processor] Option save result
    DATA: Array
(
    [option_name] => speed_backups_job_f0df9ec8-dce2-4392-a671-1785d207b753
    [success] => YES
)

[2026-01-15 15:48:55] [22 MB] [chunked_processor] Save verification (direct DB)
    DATA: Array
(
    [verified] => YES
)

[2026-01-15 15:48:55] [22 MB] [chunked_processor] get_job called
    DATA: Array
(
    [job_id] => f0df9ec8-dce2-4392-a671-1785d207b753
)

[2026-01-15 15:48:55] [22 MB] [chunked_processor] Transient lookup result
    DATA: Array
(
    [option_name] => speed_backups_job_f0df9ec8-dce2-4392-a671-1785d207b753
    [found] => YES
)

[2026-01-15 15:48:55] [22 MB] [chunked_processor] Job retrieved successfully
    DATA: Array
(
    [status] => running
    [type] => backup
)

[2026-01-15 15:48:55] [22 MB] [chunked_processor] save_job called
    DATA: Array
(
    [job_id] => f0df9ec8-dce2-4392-a671-1785d207b753
    [status] => running
)

[2026-01-15 15:48:55] [22 MB] [chunked_processor] Transient save result
    DATA: Array
(
    [option_name] => speed_backups_job_f0df9ec8-dce2-4392-a671-1785d207b753
    [success] => YES
)

[2026-01-15 15:48:55] [22 MB] [chunked_processor] Option save result
    DATA: Array
(
    [option_name] => speed_backups_job_f0df9ec8-dce2-4392-a671-1785d207b753
    [success] => YES
)

[2026-01-15 15:48:55] [22 MB] [chunked_processor] Save verification (direct DB)
    DATA: Array
(
    [verified] => YES
)

[2026-01-15 15:48:55] [22 MB] [chunked_processor] get_job called
    DATA: Array
(
    [job_id] => f0df9ec8-dce2-4392-a671-1785d207b753
)

[2026-01-15 15:48:55] [22 MB] [chunked_processor] Transient lookup result
    DATA: Array
(
    [option_name] => speed_backups_job_f0df9ec8-dce2-4392-a671-1785d207b753
    [found] => YES
)

[2026-01-15 15:48:55] [22 MB] [chunked_processor] Job retrieved successfully
    DATA: Array
(
    [status] => running
    [type] => backup
)

[2026-01-15 15:48:55] [22 MB] [chunked_processor] get_job called
    DATA: Array
(
    [job_id] => f0df9ec8-dce2-4392-a671-1785d207b753
)

[2026-01-15 15:48:55] [22 MB] [chunked_processor] Transient lookup result
    DATA: Array
(
    [option_name] => speed_backups_job_f0df9ec8-dce2-4392-a671-1785d207b753
    [found] => YES
)

[2026-01-15 15:48:55] [22 MB] [chunked_processor] Job retrieved successfully
    DATA: Array
(
    [status] => running
    [type] => backup
)

[2026-01-15 15:48:56] [20 MB] [ERROR_HANDLER] PHP error handlers registered
[2026-01-15 15:48:56] [20 MB] [chunked_processor] get_job called
    DATA: Array
(
    [job_id] => f0df9ec8-dce2-4392-a671-1785d207b753
)

[2026-01-15 15:48:56] [20 MB] [chunked_processor] Transient lookup result
    DATA: Array
(
    [option_name] => speed_backups_job_f0df9ec8-dce2-4392-a671-1785d207b753
    [found] => YES
)

[2026-01-15 15:48:56] [20 MB] [chunked_processor] Job retrieved successfully
    DATA: Array
(
    [status] => running
    [type] => backup
)

[2026-01-15 15:48:56] [20 MB] [chunked_processor] get_job called
    DATA: Array
(
    [job_id] => f0df9ec8-dce2-4392-a671-1785d207b753
)

[2026-01-15 15:48:56] [20 MB] [chunked_processor] Transient lookup result
    DATA: Array
(
    [option_name] => speed_backups_job_f0df9ec8-dce2-4392-a671-1785d207b753
    [found] => YES
)

[2026-01-15 15:48:56] [20 MB] [chunked_processor] Job retrieved successfully
    DATA: Array
(
    [status] => running
    [type] => backup
)

[2026-01-15 15:48:56] [20 MB] [chunked_processor] get_job called
    DATA: Array
(
    [job_id] => f0df9ec8-dce2-4392-a671-1785d207b753
)

[2026-01-15 15:48:56] [20 MB] [chunked_processor] Transient lookup result
    DATA: Array
(
    [option_name] => speed_backups_job_f0df9ec8-dce2-4392-a671-1785d207b753
    [found] => YES
)

[2026-01-15 15:48:56] [20 MB] [chunked_processor] Job retrieved successfully
    DATA: Array
(
    [status] => running
    [type] => backup
)

[2026-01-15 15:48:56] [20 MB] [chunked_processor] save_job called
    DATA: Array
(
    [job_id] => f0df9ec8-dce2-4392-a671-1785d207b753
    [status] => running
)

[2026-01-15 15:48:56] [20 MB] [chunked_processor] Transient save result
    DATA: Array
(
    [option_name] => speed_backups_job_f0df9ec8-dce2-4392-a671-1785d207b753
    [success] => YES
)

[2026-01-15 15:48:56] [20 MB] [chunked_processor] Option save result
    DATA: Array
(
    [option_name] => speed_backups_job_f0df9ec8-dce2-4392-a671-1785d207b753
    [success] => YES
)

[2026-01-15 15:48:56] [20 MB] [chunked_processor] Save verification (direct DB)
    DATA: Array
(
    [verified] => YES
)

[2026-01-15 15:48:56] [22 MB] [chunked_processor] get_job called
    DATA: Array
(
    [job_id] => f0df9ec8-dce2-4392-a671-1785d207b753
)

[2026-01-15 15:48:56] [22 MB] [chunked_processor] Transient lookup result
    DATA: Array
(
    [option_name] => speed_backups_job_f0df9ec8-dce2-4392-a671-1785d207b753
    [found] => YES
)

[2026-01-15 15:48:56] [22 MB] [chunked_processor] Job retrieved successfully
    DATA: Array
(
    [status] => running
    [type] => backup
)

[2026-01-15 15:48:56] [22 MB] [chunked_processor] save_job called
    DATA: Array
(
    [job_id] => f0df9ec8-dce2-4392-a671-1785d207b753
    [status] => running
)

[2026-01-15 15:48:56] [22 MB] [chunked_processor] Transient save result
    DATA: Array
(
    [option_name] => speed_backups_job_f0df9ec8-dce2-4392-a671-1785d207b753
    [success] => YES
)

[2026-01-15 15:48:56] [22 MB] [chunked_processor] Option save result
    DATA: Array
(
    [option_name] => speed_backups_job_f0df9ec8-dce2-4392-a671-1785d207b753
    [success] => YES
)

[2026-01-15 15:48:56] [22 MB] [chunked_processor] Save verification (direct DB)
    DATA: Array
(
    [verified] => YES
)

[2026-01-15 15:48:56] [22 MB] [chunked_processor] get_job called
    DATA: Array
(
    [job_id] => f0df9ec8-dce2-4392-a671-1785d207b753
)

[2026-01-15 15:48:56] [22 MB] [chunked_processor] Transient lookup result
    DATA: Array
(
    [option_name] => speed_backups_job_f0df9ec8-dce2-4392-a671-1785d207b753
    [found] => YES
)

[2026-01-15 15:48:56] [22 MB] [chunked_processor] Job retrieved successfully
    DATA: Array
(
    [status] => running
    [type] => backup
)

[2026-01-15 15:48:56] [22 MB] [chunked_processor] get_job called
    DATA: Array
(
    [job_id] => f0df9ec8-dce2-4392-a671-1785d207b753
)

[2026-01-15 15:48:56] [22 MB] [chunked_processor] Transient lookup result
    DATA: Array
(
    [option_name] => speed_backups_job_f0df9ec8-dce2-4392-a671-1785d207b753
    [found] => YES
)

[2026-01-15 15:48:56] [22 MB] [chunked_processor] Job retrieved successfully
    DATA: Array
(
    [status] => running
    [type] => backup
)

[2026-01-15 15:48:57] [22 MB] [ERROR_HANDLER] PHP error handlers registered
[2026-01-15 15:48:57] [22 MB] [chunked_processor] get_job called
    DATA: Array
(
    [job_id] => f0df9ec8-dce2-4392-a671-1785d207b753
)

[2026-01-15 15:48:57] [22 MB] [chunked_processor] Transient lookup result
    DATA: Array
(
    [option_name] => speed_backups_job_f0df9ec8-dce2-4392-a671-1785d207b753
    [found] => YES
)

[2026-01-15 15:48:57] [22 MB] [chunked_processor] Job retrieved successfully
    DATA: Array
(
    [status] => running
    [type] => backup
)

[2026-01-15 15:48:57] [22 MB] [chunked_processor] get_job called
    DATA: Array
(
    [job_id] => f0df9ec8-dce2-4392-a671-1785d207b753
)

[2026-01-15 15:48:57] [22 MB] [chunked_processor] Transient lookup result
    DATA: Array
(
    [option_name] => speed_backups_job_f0df9ec8-dce2-4392-a671-1785d207b753
    [found] => YES
)

[2026-01-15 15:48:57] [22 MB] [chunked_processor] Job retrieved successfully
    DATA: Array
(
    [status] => running
    [type] => backup
)

[2026-01-15 15:48:57] [22 MB] [chunked_processor] get_job called
    DATA: Array
(
    [job_id] => f0df9ec8-dce2-4392-a671-1785d207b753
)

[2026-01-15 15:48:57] [22 MB] [chunked_processor] Transient lookup result
    DATA: Array
(
    [option_name] => speed_backups_job_f0df9ec8-dce2-4392-a671-1785d207b753
    [found] => YES
)

[2026-01-15 15:48:57] [22 MB] [chunked_processor] Job retrieved successfully
    DATA: Array
(
    [status] => running
    [type] => backup
)

[2026-01-15 15:48:57] [22 MB] [chunked_processor] save_job called
    DATA: Array
(
    [job_id] => f0df9ec8-dce2-4392-a671-1785d207b753
    [status] => running
)

[2026-01-15 15:48:57] [22 MB] [chunked_processor] Transient save result
    DATA: Array
(
    [option_name] => speed_backups_job_f0df9ec8-dce2-4392-a671-1785d207b753
    [success] => YES
)

[2026-01-15 15:48:57] [22 MB] [chunked_processor] Option save result
    DATA: Array
(
    [option_name] => speed_backups_job_f0df9ec8-dce2-4392-a671-1785d207b753
    [success] => YES
)

[2026-01-15 15:48:57] [22 MB] [chunked_processor] Save verification (direct DB)
    DATA: Array
(
    [verified] => YES
)

[2026-01-15 15:48:58] [22 MB] [chunked_processor] get_job called
    DATA: Array
(
    [job_id] => f0df9ec8-dce2-4392-a671-1785d207b753
)

[2026-01-15 15:48:58] [22 MB] [chunked_processor] Transient lookup result
    DATA: Array
(
    [option_name] => speed_backups_job_f0df9ec8-dce2-4392-a671-1785d207b753
    [found] => YES
)

[2026-01-15 15:48:58] [22 MB] [chunked_processor] Job retrieved successfully
    DATA: Array
(
    [status] => running
    [type] => backup
)

[2026-01-15 15:48:58] [22 MB] [chunked_processor] save_job called
    DATA: Array
(
    [job_id] => f0df9ec8-dce2-4392-a671-1785d207b753
    [status] => running
)

[2026-01-15 15:48:58] [22 MB] [chunked_processor] Transient save result
    DATA: Array
(
    [option_name] => speed_backups_job_f0df9ec8-dce2-4392-a671-1785d207b753
    [success] => YES
)

[2026-01-15 15:48:58] [22 MB] [chunked_processor] Option save result
    DATA: Array
(
    [option_name] => speed_backups_job_f0df9ec8-dce2-4392-a671-1785d207b753
    [success] => YES
)

[2026-01-15 15:48:58] [22 MB] [chunked_processor] Save verification (direct DB)
    DATA: Array
(
    [verified] => YES
)

[2026-01-15 15:48:58] [22 MB] [chunked_processor] get_job called
    DATA: Array
(
    [job_id] => f0df9ec8-dce2-4392-a671-1785d207b753
)

[2026-01-15 15:48:58] [22 MB] [chunked_processor] Transient lookup result
    DATA: Array
(
    [option_name] => speed_backups_job_f0df9ec8-dce2-4392-a671-1785d207b753
    [found] => YES
)

[2026-01-15 15:48:58] [22 MB] [chunked_processor] Job retrieved successfully
    DATA: Array
(
    [status] => running
    [type] => backup
)

[2026-01-15 15:48:58] [22 MB] [chunked_processor] get_job called
    DATA: Array
(
    [job_id] => f0df9ec8-dce2-4392-a671-1785d207b753
)

[2026-01-15 15:48:58] [22 MB] [chunked_processor] Transient lookup result
    DATA: Array
(
    [option_name] => speed_backups_job_f0df9ec8-dce2-4392-a671-1785d207b753
    [found] => YES
)

[2026-01-15 15:48:58] [22 MB] [chunked_processor] Job retrieved successfully
    DATA: Array
(
    [status] => running
    [type] => backup
)

[2026-01-15 15:48:59] [22 MB] [ERROR_HANDLER] PHP error handlers registered
[2026-01-15 15:48:59] [22 MB] [chunked_processor] get_job called
    DATA: Array
(
    [job_id] => f0df9ec8-dce2-4392-a671-1785d207b753
)

[2026-01-15 15:48:59] [22 MB] [chunked_processor] Transient lookup result
    DATA: Array
(
    [option_name] => speed_backups_job_f0df9ec8-dce2-4392-a671-1785d207b753
    [found] => YES
)

[2026-01-15 15:48:59] [22 MB] [chunked_processor] Job retrieved successfully
    DATA: Array
(
    [status] => running
    [type] => backup
)

[2026-01-15 15:48:59] [22 MB] [chunked_processor] get_job called
    DATA: Array
(
    [job_id] => f0df9ec8-dce2-4392-a671-1785d207b753
)

[2026-01-15 15:48:59] [22 MB] [chunked_processor] Transient lookup result
    DATA: Array
(
    [option_name] => speed_backups_job_f0df9ec8-dce2-4392-a671-1785d207b753
    [found] => YES
)

[2026-01-15 15:48:59] [22 MB] [chunked_processor] Job retrieved successfully
    DATA: Array
(
    [status] => running
    [type] => backup
)

[2026-01-15 15:48:59] [22 MB] [chunked_processor] get_job called
    DATA: Array
(
    [job_id] => f0df9ec8-dce2-4392-a671-1785d207b753
)

[2026-01-15 15:48:59] [22 MB] [chunked_processor] Transient lookup result
    DATA: Array
(
    [option_name] => speed_backups_job_f0df9ec8-dce2-4392-a671-1785d207b753
    [found] => YES
)

[2026-01-15 15:48:59] [22 MB] [chunked_processor] Job retrieved successfully
    DATA: Array
(
    [status] => running
    [type] => backup
)

[2026-01-15 15:48:59] [22 MB] [chunked_processor] save_job called
    DATA: Array
(
    [job_id] => f0df9ec8-dce2-4392-a671-1785d207b753
    [status] => running
)

[2026-01-15 15:48:59] [22 MB] [chunked_processor] Transient save result
    DATA: Array
(
    [option_name] => speed_backups_job_f0df9ec8-dce2-4392-a671-1785d207b753
    [success] => YES
)

[2026-01-15 15:48:59] [22 MB] [chunked_processor] Option save result
    DATA: Array
(
    [option_name] => speed_backups_job_f0df9ec8-dce2-4392-a671-1785d207b753
    [success] => YES
)

[2026-01-15 15:48:59] [22 MB] [chunked_processor] Save verification (direct DB)
    DATA: Array
(
    [verified] => YES
)

[2026-01-15 15:49:01] [22 MB] [chunked_processor] get_job called
    DATA: Array
(
    [job_id] => f0df9ec8-dce2-4392-a671-1785d207b753
)

[2026-01-15 15:49:01] [22 MB] [chunked_processor] Transient lookup result
    DATA: Array
(
    [option_name] => speed_backups_job_f0df9ec8-dce2-4392-a671-1785d207b753
    [found] => YES
)

[2026-01-15 15:49:01] [22 MB] [chunked_processor] Job retrieved successfully
    DATA: Array
(
    [status] => running
    [type] => backup
)

[2026-01-15 15:49:01] [22 MB] [chunked_processor] save_job called
    DATA: Array
(
    [job_id] => f0df9ec8-dce2-4392-a671-1785d207b753
    [status] => running
)

[2026-01-15 15:49:01] [22 MB] [chunked_processor] Transient save result
    DATA: Array
(
    [option_name] => speed_backups_job_f0df9ec8-dce2-4392-a671-1785d207b753
    [success] => YES
)

[2026-01-15 15:49:01] [22 MB] [chunked_processor] Option save result
    DATA: Array
(
    [option_name] => speed_backups_job_f0df9ec8-dce2-4392-a671-1785d207b753
    [success] => YES
)

[2026-01-15 15:49:01] [22 MB] [chunked_processor] Save verification (direct DB)
    DATA: Array
(
    [verified] => YES
)

[2026-01-15 15:49:01] [22 MB] [chunked_processor] get_job called
    DATA: Array
(
    [job_id] => f0df9ec8-dce2-4392-a671-1785d207b753
)

[2026-01-15 15:49:01] [22 MB] [chunked_processor] Transient lookup result
    DATA: Array
(
    [option_name] => speed_backups_job_f0df9ec8-dce2-4392-a671-1785d207b753
    [found] => YES
)

[2026-01-15 15:49:01] [22 MB] [chunked_processor] Job retrieved successfully
    DATA: Array
(
    [status] => running
    [type] => backup
)

[2026-01-15 15:49:01] [22 MB] [chunked_processor] get_job called
    DATA: Array
(
    [job_id] => f0df9ec8-dce2-4392-a671-1785d207b753
)

[2026-01-15 15:49:01] [22 MB] [chunked_processor] Transient lookup result
    DATA: Array
(
    [option_name] => speed_backups_job_f0df9ec8-dce2-4392-a671-1785d207b753
    [found] => YES
)

[2026-01-15 15:49:01] [22 MB] [chunked_processor] Job retrieved successfully
    DATA: Array
(
    [status] => running
    [type] => backup
)

[2026-01-15 15:49:02] [20 MB] [ERROR_HANDLER] PHP error handlers registered
[2026-01-15 15:49:02] [20 MB] [chunked_processor] get_job called
    DATA: Array
(
    [job_id] => f0df9ec8-dce2-4392-a671-1785d207b753
)

[2026-01-15 15:49:02] [20 MB] [chunked_processor] Transient lookup result
    DATA: Array
(
    [option_name] => speed_backups_job_f0df9ec8-dce2-4392-a671-1785d207b753
    [found] => YES
)

[2026-01-15 15:49:02] [20 MB] [chunked_processor] Job retrieved successfully
    DATA: Array
(
    [status] => running
    [type] => backup
)

[2026-01-15 15:49:02] [20 MB] [chunked_processor] get_job called
    DATA: Array
(
    [job_id] => f0df9ec8-dce2-4392-a671-1785d207b753
)

[2026-01-15 15:49:02] [20 MB] [chunked_processor] Transient lookup result
    DATA: Array
(
    [option_name] => speed_backups_job_f0df9ec8-dce2-4392-a671-1785d207b753
    [found] => YES
)

[2026-01-15 15:49:02] [20 MB] [chunked_processor] Job retrieved successfully
    DATA: Array
(
    [status] => running
    [type] => backup
)

[2026-01-15 15:49:02] [20 MB] [chunked_processor] get_job called
    DATA: Array
(
    [job_id] => f0df9ec8-dce2-4392-a671-1785d207b753
)

[2026-01-15 15:49:02] [20 MB] [chunked_processor] Transient lookup result
    DATA: Array
(
    [option_name] => speed_backups_job_f0df9ec8-dce2-4392-a671-1785d207b753
    [found] => YES
)

[2026-01-15 15:49:02] [20 MB] [chunked_processor] Job retrieved successfully
    DATA: Array
(
    [status] => running
    [type] => backup
)

[2026-01-15 15:49:02] [20 MB] [chunked_processor] save_job called
    DATA: Array
(
    [job_id] => f0df9ec8-dce2-4392-a671-1785d207b753
    [status] => running
)

[2026-01-15 15:49:02] [20 MB] [chunked_processor] Transient save result
    DATA: Array
(
    [option_name] => speed_backups_job_f0df9ec8-dce2-4392-a671-1785d207b753
    [success] => YES
)

[2026-01-15 15:49:02] [20 MB] [chunked_processor] Option save result
    DATA: Array
(
    [option_name] => speed_backups_job_f0df9ec8-dce2-4392-a671-1785d207b753
    [success] => YES
)

[2026-01-15 15:49:02] [20 MB] [chunked_processor] Save verification (direct DB)
    DATA: Array
(
    [verified] => YES
)

[2026-01-15 15:49:04] [22 MB] [chunked_processor] get_job called
    DATA: Array
(
    [job_id] => f0df9ec8-dce2-4392-a671-1785d207b753
)

[2026-01-15 15:49:04] [22 MB] [chunked_processor] Transient lookup result
    DATA: Array
(
    [option_name] => speed_backups_job_f0df9ec8-dce2-4392-a671-1785d207b753
    [found] => YES
)

[2026-01-15 15:49:04] [22 MB] [chunked_processor] Job retrieved successfully
    DATA: Array
(
    [status] => running
    [type] => backup
)

[2026-01-15 15:49:04] [22 MB] [chunked_processor] save_job called
    DATA: Array
(
    [job_id] => f0df9ec8-dce2-4392-a671-1785d207b753
    [status] => running
)

[2026-01-15 15:49:04] [22 MB] [chunked_processor] Transient save result
    DATA: Array
(
    [option_name] => speed_backups_job_f0df9ec8-dce2-4392-a671-1785d207b753
    [success] => YES
)

[2026-01-15 15:49:04] [22 MB] [chunked_processor] Option save result
    DATA: Array
(
    [option_name] => speed_backups_job_f0df9ec8-dce2-4392-a671-1785d207b753
    [success] => YES
)

[2026-01-15 15:49:04] [22 MB] [chunked_processor] Save verification (direct DB)
    DATA: Array
(
    [verified] => YES
)

[2026-01-15 15:49:04] [22 MB] [chunked_processor] get_job called
    DATA: Array
(
    [job_id] => f0df9ec8-dce2-4392-a671-1785d207b753
)

[2026-01-15 15:49:04] [22 MB] [chunked_processor] Transient lookup result
    DATA: Array
(
    [option_name] => speed_backups_job_f0df9ec8-dce2-4392-a671-1785d207b753
    [found] => YES
)

[2026-01-15 15:49:04] [22 MB] [chunked_processor] Job retrieved successfully
    DATA: Array
(
    [status] => running
    [type] => backup
)

[2026-01-15 15:49:04] [22 MB] [chunked_processor] get_job called
    DATA: Array
(
    [job_id] => f0df9ec8-dce2-4392-a671-1785d207b753
)

[2026-01-15 15:49:04] [22 MB] [chunked_processor] Transient lookup result
    DATA: Array
(
    [option_name] => speed_backups_job_f0df9ec8-dce2-4392-a671-1785d207b753
    [found] => YES
)

[2026-01-15 15:49:04] [22 MB] [chunked_processor] Job retrieved successfully
    DATA: Array
(
    [status] => running
    [type] => backup
)

[2026-01-15 15:49:05] [22 MB] [ERROR_HANDLER] PHP error handlers registered
[2026-01-15 15:49:05] [22 MB] [chunked_processor] get_job called
    DATA: Array
(
    [job_id] => f0df9ec8-dce2-4392-a671-1785d207b753
)

[2026-01-15 15:49:05] [22 MB] [chunked_processor] Transient lookup result
    DATA: Array
(
    [option_name] => speed_backups_job_f0df9ec8-dce2-4392-a671-1785d207b753
    [found] => YES
)

[2026-01-15 15:49:05] [22 MB] [chunked_processor] Job retrieved successfully
    DATA: Array
(
    [status] => running
    [type] => backup
)

[2026-01-15 15:49:05] [22 MB] [chunked_processor] get_job called
    DATA: Array
(
    [job_id] => f0df9ec8-dce2-4392-a671-1785d207b753
)

[2026-01-15 15:49:05] [22 MB] [chunked_processor] Transient lookup result
    DATA: Array
(
    [option_name] => speed_backups_job_f0df9ec8-dce2-4392-a671-1785d207b753
    [found] => YES
)

[2026-01-15 15:49:05] [22 MB] [chunked_processor] Job retrieved successfully
    DATA: Array
(
    [status] => running
    [type] => backup
)

[2026-01-15 15:49:05] [22 MB] [chunked_processor] get_job called
    DATA: Array
(
    [job_id] => f0df9ec8-dce2-4392-a671-1785d207b753
)

[2026-01-15 15:49:05] [22 MB] [chunked_processor] Transient lookup result
    DATA: Array
(
    [option_name] => speed_backups_job_f0df9ec8-dce2-4392-a671-1785d207b753
    [found] => YES
)

[2026-01-15 15:49:05] [22 MB] [chunked_processor] Job retrieved successfully
    DATA: Array
(
    [status] => running
    [type] => backup
)

[2026-01-15 15:49:05] [22 MB] [chunked_processor] save_job called
    DATA: Array
(
    [job_id] => f0df9ec8-dce2-4392-a671-1785d207b753
    [status] => running
)

[2026-01-15 15:49:05] [22 MB] [chunked_processor] Transient save result
    DATA: Array
(
    [option_name] => speed_backups_job_f0df9ec8-dce2-4392-a671-1785d207b753
    [success] => YES
)

[2026-01-15 15:49:05] [22 MB] [chunked_processor] Option save result
    DATA: Array
(
    [option_name] => speed_backups_job_f0df9ec8-dce2-4392-a671-1785d207b753
    [success] => YES
)

[2026-01-15 15:49:05] [22 MB] [chunked_processor] Save verification (direct DB)
    DATA: Array
(
    [verified] => YES
)

[2026-01-15 15:49:05] [22 MB] [chunked_processor] get_job called
    DATA: Array
(
    [job_id] => f0df9ec8-dce2-4392-a671-1785d207b753
)

[2026-01-15 15:49:05] [22 MB] [chunked_processor] Transient lookup result
    DATA: Array
(
    [option_name] => speed_backups_job_f0df9ec8-dce2-4392-a671-1785d207b753
    [found] => YES
)

[2026-01-15 15:49:05] [22 MB] [chunked_processor] Job retrieved successfully
    DATA: Array
(
    [status] => running
    [type] => backup
)

[2026-01-15 15:49:05] [22 MB] [chunked_processor] save_job called
    DATA: Array
(
    [job_id] => f0df9ec8-dce2-4392-a671-1785d207b753
    [status] => running
)

[2026-01-15 15:49:05] [22 MB] [chunked_processor] Transient save result
    DATA: Array
(
    [option_name] => speed_backups_job_f0df9ec8-dce2-4392-a671-1785d207b753
    [success] => YES
)

[2026-01-15 15:49:05] [22 MB] [chunked_processor] Option save result
    DATA: Array
(
    [option_name] => speed_backups_job_f0df9ec8-dce2-4392-a671-1785d207b753
    [success] => YES
)

[2026-01-15 15:49:05] [22 MB] [chunked_processor] Save verification (direct DB)
    DATA: Array
(
    [verified] => YES
)

[2026-01-15 15:49:05] [22 MB] [chunked_processor] get_job called
    DATA: Array
(
    [job_id] => f0df9ec8-dce2-4392-a671-1785d207b753
)

[2026-01-15 15:49:05] [22 MB] [chunked_processor] Transient lookup result
    DATA: Array
(
    [option_name] => speed_backups_job_f0df9ec8-dce2-4392-a671-1785d207b753
    [found] => YES
)

[2026-01-15 15:49:05] [22 MB] [chunked_processor] Job retrieved successfully
    DATA: Array
(
    [status] => running
    [type] => backup
)

[2026-01-15 15:49:05] [22 MB] [chunked_processor] get_job called
    DATA: Array
(
    [job_id] => f0df9ec8-dce2-4392-a671-1785d207b753
)

[2026-01-15 15:49:05] [22 MB] [chunked_processor] Transient lookup result
    DATA: Array
(
    [option_name] => speed_backups_job_f0df9ec8-dce2-4392-a671-1785d207b753
    [found] => YES
)

[2026-01-15 15:49:05] [22 MB] [chunked_processor] Job retrieved successfully
    DATA: Array
(
    [status] => running
    [type] => backup
)

[2026-01-15 15:49:06] [22 MB] [ERROR_HANDLER] PHP error handlers registered
[2026-01-15 15:49:06] [22 MB] [chunked_processor] get_job called
    DATA: Array
(
    [job_id] => f0df9ec8-dce2-4392-a671-1785d207b753
)

[2026-01-15 15:49:06] [22 MB] [chunked_processor] Transient lookup result
    DATA: Array
(
    [option_name] => speed_backups_job_f0df9ec8-dce2-4392-a671-1785d207b753
    [found] => YES
)

[2026-01-15 15:49:06] [22 MB] [chunked_processor] Job retrieved successfully
    DATA: Array
(
    [status] => running
    [type] => backup
)

[2026-01-15 15:49:06] [22 MB] [chunked_processor] get_job called
    DATA: Array
(
    [job_id] => f0df9ec8-dce2-4392-a671-1785d207b753
)

[2026-01-15 15:49:06] [22 MB] [chunked_processor] Transient lookup result
    DATA: Array
(
    [option_name] => speed_backups_job_f0df9ec8-dce2-4392-a671-1785d207b753
    [found] => YES
)

[2026-01-15 15:49:06] [22 MB] [chunked_processor] Job retrieved successfully
    DATA: Array
(
    [status] => running
    [type] => backup
)

[2026-01-15 15:49:06] [22 MB] [chunked_processor] get_job called
    DATA: Array
(
    [job_id] => f0df9ec8-dce2-4392-a671-1785d207b753
)

[2026-01-15 15:49:06] [22 MB] [chunked_processor] Transient lookup result
    DATA: Array
(
    [option_name] => speed_backups_job_f0df9ec8-dce2-4392-a671-1785d207b753
    [found] => YES
)

[2026-01-15 15:49:06] [22 MB] [chunked_processor] Job retrieved successfully
    DATA: Array
(
    [status] => running
    [type] => backup
)

[2026-01-15 15:49:06] [22 MB] [chunked_processor] save_job called
    DATA: Array
(
    [job_id] => f0df9ec8-dce2-4392-a671-1785d207b753
    [status] => running
)

[2026-01-15 15:49:06] [22 MB] [chunked_processor] Transient save result
    DATA: Array
(
    [option_name] => speed_backups_job_f0df9ec8-dce2-4392-a671-1785d207b753
    [success] => YES
)

[2026-01-15 15:49:06] [22 MB] [chunked_processor] Option save result
    DATA: Array
(
    [option_name] => speed_backups_job_f0df9ec8-dce2-4392-a671-1785d207b753
    [success] => YES
)

[2026-01-15 15:49:06] [22 MB] [chunked_processor] Save verification (direct DB)
    DATA: Array
(
    [verified] => YES
)

[2026-01-15 15:49:06] [22 MB] [chunked_processor] get_job called
    DATA: Array
(
    [job_id] => f0df9ec8-dce2-4392-a671-1785d207b753
)

[2026-01-15 15:49:06] [22 MB] [chunked_processor] Transient lookup result
    DATA: Array
(
    [option_name] => speed_backups_job_f0df9ec8-dce2-4392-a671-1785d207b753
    [found] => YES
)

[2026-01-15 15:49:06] [22 MB] [chunked_processor] Job retrieved successfully
    DATA: Array
(
    [status] => running
    [type] => backup
)

[2026-01-15 15:49:06] [22 MB] [chunked_processor] save_job called
    DATA: Array
(
    [job_id] => f0df9ec8-dce2-4392-a671-1785d207b753
    [status] => running
)

[2026-01-15 15:49:06] [22 MB] [chunked_processor] Transient save result
    DATA: Array
(
    [option_name] => speed_backups_job_f0df9ec8-dce2-4392-a671-1785d207b753
    [success] => YES
)

[2026-01-15 15:49:06] [22 MB] [chunked_processor] Option save result
    DATA: Array
(
    [option_name] => speed_backups_job_f0df9ec8-dce2-4392-a671-1785d207b753
    [success] => YES
)

[2026-01-15 15:49:06] [22 MB] [chunked_processor] Save verification (direct DB)
    DATA: Array
(
    [verified] => YES
)

[2026-01-15 15:49:06] [22 MB] [chunked_processor] get_job called
    DATA: Array
(
    [job_id] => f0df9ec8-dce2-4392-a671-1785d207b753
)

[2026-01-15 15:49:06] [22 MB] [chunked_processor] Transient lookup result
    DATA: Array
(
    [option_name] => speed_backups_job_f0df9ec8-dce2-4392-a671-1785d207b753
    [found] => YES
)

[2026-01-15 15:49:06] [22 MB] [chunked_processor] Job retrieved successfully
    DATA: Array
(
    [status] => running
    [type] => backup
)

[2026-01-15 15:49:06] [22 MB] [chunked_processor] get_job called
    DATA: Array
(
    [job_id] => f0df9ec8-dce2-4392-a671-1785d207b753
)

[2026-01-15 15:49:06] [22 MB] [chunked_processor] Transient lookup result
    DATA: Array
(
    [option_name] => speed_backups_job_f0df9ec8-dce2-4392-a671-1785d207b753
    [found] => YES
)

[2026-01-15 15:49:06] [22 MB] [chunked_processor] Job retrieved successfully
    DATA: Array
(
    [status] => running
    [type] => backup
)

[2026-01-15 15:49:07] [20 MB] [ERROR_HANDLER] PHP error handlers registered
[2026-01-15 15:49:07] [20 MB] [chunked_processor] get_job called
    DATA: Array
(
    [job_id] => f0df9ec8-dce2-4392-a671-1785d207b753
)

[2026-01-15 15:49:07] [20 MB] [chunked_processor] Transient lookup result
    DATA: Array
(
    [option_name] => speed_backups_job_f0df9ec8-dce2-4392-a671-1785d207b753
    [found] => YES
)

[2026-01-15 15:49:07] [20 MB] [chunked_processor] Job retrieved successfully
    DATA: Array
(
    [status] => running
    [type] => backup
)

[2026-01-15 15:49:07] [20 MB] [chunked_processor] get_job called
    DATA: Array
(
    [job_id] => f0df9ec8-dce2-4392-a671-1785d207b753
)

[2026-01-15 15:49:07] [20 MB] [chunked_processor] Transient lookup result
    DATA: Array
(
    [option_name] => speed_backups_job_f0df9ec8-dce2-4392-a671-1785d207b753
    [found] => YES
)

[2026-01-15 15:49:07] [20 MB] [chunked_processor] Job retrieved successfully
    DATA: Array
(
    [status] => running
    [type] => backup
)

[2026-01-15 15:49:07] [20 MB] [chunked_processor] get_job called
    DATA: Array
(
    [job_id] => f0df9ec8-dce2-4392-a671-1785d207b753
)

[2026-01-15 15:49:07] [20 MB] [chunked_processor] Transient lookup result
    DATA: Array
(
    [option_name] => speed_backups_job_f0df9ec8-dce2-4392-a671-1785d207b753
    [found] => YES
)

[2026-01-15 15:49:07] [20 MB] [chunked_processor] Job retrieved successfully
    DATA: Array
(
    [status] => running
    [type] => backup
)

[2026-01-15 15:49:07] [20 MB] [chunked_processor] save_job called
    DATA: Array
(
    [job_id] => f0df9ec8-dce2-4392-a671-1785d207b753
    [status] => running
)

[2026-01-15 15:49:07] [20 MB] [chunked_processor] Transient save result
    DATA: Array
(
    [option_name] => speed_backups_job_f0df9ec8-dce2-4392-a671-1785d207b753
    [success] => YES
)

[2026-01-15 15:49:07] [20 MB] [chunked_processor] Option save result
    DATA: Array
(
    [option_name] => speed_backups_job_f0df9ec8-dce2-4392-a671-1785d207b753
    [success] => YES
)

[2026-01-15 15:49:07] [20 MB] [chunked_processor] Save verification (direct DB)
    DATA: Array
(
    [verified] => YES
)

[2026-01-15 15:49:07] [22 MB] [chunked_processor] get_job called
    DATA: Array
(
    [job_id] => f0df9ec8-dce2-4392-a671-1785d207b753
)

[2026-01-15 15:49:07] [22 MB] [chunked_processor] Transient lookup result
    DATA: Array
(
    [option_name] => speed_backups_job_f0df9ec8-dce2-4392-a671-1785d207b753
    [found] => YES
)

[2026-01-15 15:49:07] [22 MB] [chunked_processor] Job retrieved successfully
    DATA: Array
(
    [status] => running
    [type] => backup
)

[2026-01-15 15:49:07] [22 MB] [chunked_processor] save_job called
    DATA: Array
(
    [job_id] => f0df9ec8-dce2-4392-a671-1785d207b753
    [status] => running
)

[2026-01-15 15:49:07] [22 MB] [chunked_processor] Transient save result
    DATA: Array
(
    [option_name] => speed_backups_job_f0df9ec8-dce2-4392-a671-1785d207b753
    [success] => YES
)

[2026-01-15 15:49:07] [22 MB] [chunked_processor] Option save result
    DATA: Array
(
    [option_name] => speed_backups_job_f0df9ec8-dce2-4392-a671-1785d207b753
    [success] => YES
)

[2026-01-15 15:49:07] [22 MB] [chunked_processor] Save verification (direct DB)
    DATA: Array
(
    [verified] => YES
)

[2026-01-15 15:49:07] [22 MB] [chunked_processor] get_job called
    DATA: Array
(
    [job_id] => f0df9ec8-dce2-4392-a671-1785d207b753
)

[2026-01-15 15:49:07] [22 MB] [chunked_processor] Transient lookup result
    DATA: Array
(
    [option_name] => speed_backups_job_f0df9ec8-dce2-4392-a671-1785d207b753
    [found] => YES
)

[2026-01-15 15:49:07] [22 MB] [chunked_processor] Job retrieved successfully
    DATA: Array
(
    [status] => running
    [type] => backup
)

[2026-01-15 15:49:07] [22 MB] [chunked_processor] get_job called
    DATA: Array
(
    [job_id] => f0df9ec8-dce2-4392-a671-1785d207b753
)

[2026-01-15 15:49:07] [22 MB] [chunked_processor] Transient lookup result
    DATA: Array
(
    [option_name] => speed_backups_job_f0df9ec8-dce2-4392-a671-1785d207b753
    [found] => YES
)

[2026-01-15 15:49:07] [22 MB] [chunked_processor] Job retrieved successfully
    DATA: Array
(
    [status] => running
    [type] => backup
)

[2026-01-15 15:49:08] [22 MB] [ERROR_HANDLER] PHP error handlers registered
[2026-01-15 15:49:08] [22 MB] [chunked_processor] get_job called
    DATA: Array
(
    [job_id] => f0df9ec8-dce2-4392-a671-1785d207b753
)

[2026-01-15 15:49:08] [22 MB] [chunked_processor] Transient lookup result
    DATA: Array
(
    [option_name] => speed_backups_job_f0df9ec8-dce2-4392-a671-1785d207b753
    [found] => YES
)

[2026-01-15 15:49:08] [22 MB] [chunked_processor] Job retrieved successfully
    DATA: Array
(
    [status] => running
    [type] => backup
)

[2026-01-15 15:49:08] [22 MB] [chunked_processor] get_job called
    DATA: Array
(
    [job_id] => f0df9ec8-dce2-4392-a671-1785d207b753
)

[2026-01-15 15:49:08] [22 MB] [chunked_processor] Transient lookup result
    DATA: Array
(
    [option_name] => speed_backups_job_f0df9ec8-dce2-4392-a671-1785d207b753
    [found] => YES
)

[2026-01-15 15:49:08] [22 MB] [chunked_processor] Job retrieved successfully
    DATA: Array
(
    [status] => running
    [type] => backup
)

[2026-01-15 15:49:08] [22 MB] [chunked_processor] get_job called
    DATA: Array
(
    [job_id] => f0df9ec8-dce2-4392-a671-1785d207b753
)

[2026-01-15 15:49:08] [22 MB] [chunked_processor] Transient lookup result
    DATA: Array
(
    [option_name] => speed_backups_job_f0df9ec8-dce2-4392-a671-1785d207b753
    [found] => YES
)

[2026-01-15 15:49:08] [22 MB] [chunked_processor] Job retrieved successfully
    DATA: Array
(
    [status] => running
    [type] => backup
)

[2026-01-15 15:49:08] [22 MB] [chunked_processor] save_job called
    DATA: Array
(
    [job_id] => f0df9ec8-dce2-4392-a671-1785d207b753
    [status] => running
)

[2026-01-15 15:49:08] [22 MB] [chunked_processor] Transient save result
    DATA: Array
(
    [option_name] => speed_backups_job_f0df9ec8-dce2-4392-a671-1785d207b753
    [success] => YES
)

[2026-01-15 15:49:08] [22 MB] [chunked_processor] Option save result
    DATA: Array
(
    [option_name] => speed_backups_job_f0df9ec8-dce2-4392-a671-1785d207b753
    [success] => YES
)

[2026-01-15 15:49:08] [22 MB] [chunked_processor] Save verification (direct DB)
    DATA: Array
(
    [verified] => YES
)

[2026-01-15 15:49:08] [22 MB] [chunked_processor] get_job called
    DATA: Array
(
    [job_id] => f0df9ec8-dce2-4392-a671-1785d207b753
)

[2026-01-15 15:49:08] [22 MB] [chunked_processor] Transient lookup result
    DATA: Array
(
    [option_name] => speed_backups_job_f0df9ec8-dce2-4392-a671-1785d207b753
    [found] => YES
)

[2026-01-15 15:49:08] [22 MB] [chunked_processor] Job retrieved successfully
    DATA: Array
(
    [status] => running
    [type] => backup
)

[2026-01-15 15:49:08] [22 MB] [chunked_processor] save_job called
    DATA: Array
(
    [job_id] => f0df9ec8-dce2-4392-a671-1785d207b753
    [status] => running
)

[2026-01-15 15:49:08] [22 MB] [chunked_processor] Transient save result
    DATA: Array
(
    [option_name] => speed_backups_job_f0df9ec8-dce2-4392-a671-1785d207b753
    [success] => YES
)

[2026-01-15 15:49:08] [22 MB] [chunked_processor] Option save result
    DATA: Array
(
    [option_name] => speed_backups_job_f0df9ec8-dce2-4392-a671-1785d207b753
    [success] => YES
)

[2026-01-15 15:49:08] [22 MB] [chunked_processor] Save verification (direct DB)
    DATA: Array
(
    [verified] => YES
)

[2026-01-15 15:49:08] [22 MB] [chunked_processor] get_job called
    DATA: Array
(
    [job_id] => f0df9ec8-dce2-4392-a671-1785d207b753
)

[2026-01-15 15:49:08] [22 MB] [chunked_processor] Transient lookup result
    DATA: Array
(
    [option_name] => speed_backups_job_f0df9ec8-dce2-4392-a671-1785d207b753
    [found] => YES
)

[2026-01-15 15:49:08] [22 MB] [chunked_processor] Job retrieved successfully
    DATA: Array
(
    [status] => running
    [type] => backup
)

[2026-01-15 15:49:08] [22 MB] [chunked_processor] get_job called
    DATA: Array
(
    [job_id] => f0df9ec8-dce2-4392-a671-1785d207b753
)

[2026-01-15 15:49:08] [22 MB] [chunked_processor] Transient lookup result
    DATA: Array
(
    [option_name] => speed_backups_job_f0df9ec8-dce2-4392-a671-1785d207b753
    [found] => YES
)

[2026-01-15 15:49:08] [22 MB] [chunked_processor] Job retrieved successfully
    DATA: Array
(
    [status] => running
    [type] => backup
)

[2026-01-15 15:49:09] [22 MB] [ERROR_HANDLER] PHP error handlers registered
[2026-01-15 15:49:09] [22 MB] [chunked_processor] get_job called
    DATA: Array
(
    [job_id] => f0df9ec8-dce2-4392-a671-1785d207b753
)

[2026-01-15 15:49:09] [22 MB] [chunked_processor] Transient lookup result
    DATA: Array
(
    [option_name] => speed_backups_job_f0df9ec8-dce2-4392-a671-1785d207b753
    [found] => YES
)

[2026-01-15 15:49:09] [22 MB] [chunked_processor] Job retrieved successfully
    DATA: Array
(
    [status] => running
    [type] => backup
)

[2026-01-15 15:49:09] [22 MB] [chunked_processor] get_job called
    DATA: Array
(
    [job_id] => f0df9ec8-dce2-4392-a671-1785d207b753
)

[2026-01-15 15:49:09] [22 MB] [chunked_processor] Transient lookup result
    DATA: Array
(
    [option_name] => speed_backups_job_f0df9ec8-dce2-4392-a671-1785d207b753
    [found] => YES
)

[2026-01-15 15:49:09] [22 MB] [chunked_processor] Job retrieved successfully
    DATA: Array
(
    [status] => running
    [type] => backup
)

[2026-01-15 15:49:09] [22 MB] [chunked_processor] get_job called
    DATA: Array
(
    [job_id] => f0df9ec8-dce2-4392-a671-1785d207b753
)

[2026-01-15 15:49:09] [22 MB] [chunked_processor] Transient lookup result
    DATA: Array
(
    [option_name] => speed_backups_job_f0df9ec8-dce2-4392-a671-1785d207b753
    [found] => YES
)

[2026-01-15 15:49:09] [22 MB] [chunked_processor] Job retrieved successfully
    DATA: Array
(
    [status] => running
    [type] => backup
)

[2026-01-15 15:49:09] [22 MB] [chunked_processor] save_job called
    DATA: Array
(
    [job_id] => f0df9ec8-dce2-4392-a671-1785d207b753
    [status] => running
)

[2026-01-15 15:49:09] [22 MB] [chunked_processor] Transient save result
    DATA: Array
(
    [option_name] => speed_backups_job_f0df9ec8-dce2-4392-a671-1785d207b753
    [success] => YES
)

[2026-01-15 15:49:09] [22 MB] [chunked_processor] Option save result
    DATA: Array
(
    [option_name] => speed_backups_job_f0df9ec8-dce2-4392-a671-1785d207b753
    [success] => YES
)

[2026-01-15 15:49:09] [22 MB] [chunked_processor] Save verification (direct DB)
    DATA: Array
(
    [verified] => YES
)

[2026-01-15 15:49:10] [24 MB] [chunked_processor] get_job called
    DATA: Array
(
    [job_id] => f0df9ec8-dce2-4392-a671-1785d207b753
)

[2026-01-15 15:49:10] [24 MB] [chunked_processor] Transient lookup result
    DATA: Array
(
    [option_name] => speed_backups_job_f0df9ec8-dce2-4392-a671-1785d207b753
    [found] => YES
)

[2026-01-15 15:49:10] [24 MB] [chunked_processor] Job retrieved successfully
    DATA: Array
(
    [status] => running
    [type] => backup
)

[2026-01-15 15:49:10] [24 MB] [chunked_processor] save_job called
    DATA: Array
(
    [job_id] => f0df9ec8-dce2-4392-a671-1785d207b753
    [status] => running
)

[2026-01-15 15:49:10] [24 MB] [chunked_processor] Transient save result
    DATA: Array
(
    [option_name] => speed_backups_job_f0df9ec8-dce2-4392-a671-1785d207b753
    [success] => YES
)

[2026-01-15 15:49:10] [24 MB] [chunked_processor] Option save result
    DATA: Array
(
    [option_name] => speed_backups_job_f0df9ec8-dce2-4392-a671-1785d207b753
    [success] => YES
)

[2026-01-15 15:49:10] [24 MB] [chunked_processor] Save verification (direct DB)
    DATA: Array
(
    [verified] => YES
)

[2026-01-15 15:49:10] [24 MB] [chunked_processor] get_job called
    DATA: Array
(
    [job_id] => f0df9ec8-dce2-4392-a671-1785d207b753
)

[2026-01-15 15:49:10] [24 MB] [chunked_processor] Transient lookup result
    DATA: Array
(
    [option_name] => speed_backups_job_f0df9ec8-dce2-4392-a671-1785d207b753
    [found] => YES
)

[2026-01-15 15:49:10] [24 MB] [chunked_processor] Job retrieved successfully
    DATA: Array
(
    [status] => running
    [type] => backup
)

[2026-01-15 15:49:10] [24 MB] [chunked_processor] get_job called
    DATA: Array
(
    [job_id] => f0df9ec8-dce2-4392-a671-1785d207b753
)

[2026-01-15 15:49:10] [24 MB] [chunked_processor] Transient lookup result
    DATA: Array
(
    [option_name] => speed_backups_job_f0df9ec8-dce2-4392-a671-1785d207b753
    [found] => YES
)

[2026-01-15 15:49:10] [24 MB] [chunked_processor] Job retrieved successfully
    DATA: Array
(
    [status] => running
    [type] => backup
)

[2026-01-15 15:49:11] [20 MB] [ERROR_HANDLER] PHP error handlers registered
[2026-01-15 15:49:11] [20 MB] [chunked_processor] get_job called
    DATA: Array
(
    [job_id] => f0df9ec8-dce2-4392-a671-1785d207b753
)

[2026-01-15 15:49:11] [20 MB] [chunked_processor] Transient lookup result
    DATA: Array
(
    [option_name] => speed_backups_job_f0df9ec8-dce2-4392-a671-1785d207b753
    [found] => YES
)

[2026-01-15 15:49:11] [20 MB] [chunked_processor] Job retrieved successfully
    DATA: Array
(
    [status] => running
    [type] => backup
)

[2026-01-15 15:49:11] [20 MB] [chunked_processor] get_job called
    DATA: Array
(
    [job_id] => f0df9ec8-dce2-4392-a671-1785d207b753
)

[2026-01-15 15:49:11] [20 MB] [chunked_processor] Transient lookup result
    DATA: Array
(
    [option_name] => speed_backups_job_f0df9ec8-dce2-4392-a671-1785d207b753
    [found] => YES
)

[2026-01-15 15:49:11] [20 MB] [chunked_processor] Job retrieved successfully
    DATA: Array
(
    [status] => running
    [type] => backup
)

[2026-01-15 15:49:11] [20 MB] [chunked_processor] get_job called
    DATA: Array
(
    [job_id] => f0df9ec8-dce2-4392-a671-1785d207b753
)

[2026-01-15 15:49:11] [20 MB] [chunked_processor] Transient lookup result
    DATA: Array
(
    [option_name] => speed_backups_job_f0df9ec8-dce2-4392-a671-1785d207b753
    [found] => YES
)

[2026-01-15 15:49:11] [20 MB] [chunked_processor] Job retrieved successfully
    DATA: Array
(
    [status] => running
    [type] => backup
)

[2026-01-15 15:49:11] [20 MB] [chunked_processor] save_job called
    DATA: Array
(
    [job_id] => f0df9ec8-dce2-4392-a671-1785d207b753
    [status] => running
)

[2026-01-15 15:49:11] [20 MB] [chunked_processor] Transient save result
    DATA: Array
(
    [option_name] => speed_backups_job_f0df9ec8-dce2-4392-a671-1785d207b753
    [success] => YES
)

[2026-01-15 15:49:11] [20 MB] [chunked_processor] Option save result
    DATA: Array
(
    [option_name] => speed_backups_job_f0df9ec8-dce2-4392-a671-1785d207b753
    [success] => YES
)

[2026-01-15 15:49:11] [20 MB] [chunked_processor] Save verification (direct DB)
    DATA: Array
(
    [verified] => YES
)

[2026-01-15 15:49:11] [22 MB] [chunked_processor] get_job called
    DATA: Array
(
    [job_id] => f0df9ec8-dce2-4392-a671-1785d207b753
)

[2026-01-15 15:49:11] [22 MB] [chunked_processor] Transient lookup result
    DATA: Array
(
    [option_name] => speed_backups_job_f0df9ec8-dce2-4392-a671-1785d207b753
    [found] => YES
)

[2026-01-15 15:49:11] [22 MB] [chunked_processor] Job retrieved successfully
    DATA: Array
(
    [status] => running
    [type] => backup
)

[2026-01-15 15:49:11] [22 MB] [chunked_processor] save_job called
    DATA: Array
(
    [job_id] => f0df9ec8-dce2-4392-a671-1785d207b753
    [status] => running
)

[2026-01-15 15:49:11] [22 MB] [chunked_processor] Transient save result
    DATA: Array
(
    [option_name] => speed_backups_job_f0df9ec8-dce2-4392-a671-1785d207b753
    [success] => YES
)

[2026-01-15 15:49:11] [22 MB] [chunked_processor] Option save result
    DATA: Array
(
    [option_name] => speed_backups_job_f0df9ec8-dce2-4392-a671-1785d207b753
    [success] => YES
)

[2026-01-15 15:49:11] [22 MB] [chunked_processor] Save verification (direct DB)
    DATA: Array
(
    [verified] => YES
)

[2026-01-15 15:49:11] [22 MB] [chunked_processor] get_job called
    DATA: Array
(
    [job_id] => f0df9ec8-dce2-4392-a671-1785d207b753
)

[2026-01-15 15:49:11] [22 MB] [chunked_processor] Transient lookup result
    DATA: Array
(
    [option_name] => speed_backups_job_f0df9ec8-dce2-4392-a671-1785d207b753
    [found] => YES
)

[2026-01-15 15:49:11] [22 MB] [chunked_processor] Job retrieved successfully
    DATA: Array
(
    [status] => running
    [type] => backup
)

[2026-01-15 15:49:11] [22 MB] [chunked_processor] get_job called
    DATA: Array
(
    [job_id] => f0df9ec8-dce2-4392-a671-1785d207b753
)

[2026-01-15 15:49:11] [22 MB] [chunked_processor] Transient lookup result
    DATA: Array
(
    [option_name] => speed_backups_job_f0df9ec8-dce2-4392-a671-1785d207b753
    [found] => YES
)

[2026-01-15 15:49:11] [22 MB] [chunked_processor] Job retrieved successfully
    DATA: Array
(
    [status] => running
    [type] => backup
)

[2026-01-15 15:49:12] [22 MB] [ERROR_HANDLER] PHP error handlers registered
[2026-01-15 15:49:12] [22 MB] [chunked_processor] get_job called
    DATA: Array
(
    [job_id] => f0df9ec8-dce2-4392-a671-1785d207b753
)

[2026-01-15 15:49:12] [22 MB] [chunked_processor] Transient lookup result
    DATA: Array
(
    [option_name] => speed_backups_job_f0df9ec8-dce2-4392-a671-1785d207b753
    [found] => YES
)

[2026-01-15 15:49:12] [22 MB] [chunked_processor] Job retrieved successfully
    DATA: Array
(
    [status] => running
    [type] => backup
)

[2026-01-15 15:49:12] [22 MB] [chunked_processor] get_job called
    DATA: Array
(
    [job_id] => f0df9ec8-dce2-4392-a671-1785d207b753
)

[2026-01-15 15:49:12] [22 MB] [chunked_processor] Transient lookup result
    DATA: Array
(
    [option_name] => speed_backups_job_f0df9ec8-dce2-4392-a671-1785d207b753
    [found] => YES
)

[2026-01-15 15:49:12] [22 MB] [chunked_processor] Job retrieved successfully
    DATA: Array
(
    [status] => running
    [type] => backup
)

[2026-01-15 15:49:12] [22 MB] [chunked_processor] get_job called
    DATA: Array
(
    [job_id] => f0df9ec8-dce2-4392-a671-1785d207b753
)

[2026-01-15 15:49:12] [22 MB] [chunked_processor] Transient lookup result
    DATA: Array
(
    [option_name] => speed_backups_job_f0df9ec8-dce2-4392-a671-1785d207b753
    [found] => YES
)

[2026-01-15 15:49:12] [22 MB] [chunked_processor] Job retrieved successfully
    DATA: Array
(
    [status] => running
    [type] => backup
)

[2026-01-15 15:49:12] [22 MB] [chunked_processor] save_job called
    DATA: Array
(
    [job_id] => f0df9ec8-dce2-4392-a671-1785d207b753
    [status] => running
)

[2026-01-15 15:49:12] [22 MB] [chunked_processor] Transient save result
    DATA: Array
(
    [option_name] => speed_backups_job_f0df9ec8-dce2-4392-a671-1785d207b753
    [success] => YES
)

[2026-01-15 15:49:12] [22 MB] [chunked_processor] Option save result
    DATA: Array
(
    [option_name] => speed_backups_job_f0df9ec8-dce2-4392-a671-1785d207b753
    [success] => YES
)

[2026-01-15 15:49:12] [22 MB] [chunked_processor] Save verification (direct DB)
    DATA: Array
(
    [verified] => YES
)

[2026-01-15 15:49:12] [22 MB] [chunked_processor] get_job called
    DATA: Array
(
    [job_id] => f0df9ec8-dce2-4392-a671-1785d207b753
)

[2026-01-15 15:49:12] [22 MB] [chunked_processor] Transient lookup result
    DATA: Array
(
    [option_name] => speed_backups_job_f0df9ec8-dce2-4392-a671-1785d207b753
    [found] => YES
)

[2026-01-15 15:49:12] [22 MB] [chunked_processor] Job retrieved successfully
    DATA: Array
(
    [status] => running
    [type] => backup
)

[2026-01-15 15:49:12] [22 MB] [chunked_processor] save_job called
    DATA: Array
(
    [job_id] => f0df9ec8-dce2-4392-a671-1785d207b753
    [status] => running
)

[2026-01-15 15:49:12] [22 MB] [chunked_processor] Transient save result
    DATA: Array
(
    [option_name] => speed_backups_job_f0df9ec8-dce2-4392-a671-1785d207b753
    [success] => YES
)

[2026-01-15 15:49:12] [22 MB] [chunked_processor] Option save result
    DATA: Array
(
    [option_name] => speed_backups_job_f0df9ec8-dce2-4392-a671-1785d207b753
    [success] => YES
)

[2026-01-15 15:49:12] [22 MB] [chunked_processor] Save verification (direct DB)
    DATA: Array
(
    [verified] => YES
)

[2026-01-15 15:49:12] [22 MB] [chunked_processor] get_job called
    DATA: Array
(
    [job_id] => f0df9ec8-dce2-4392-a671-1785d207b753
)

[2026-01-15 15:49:12] [22 MB] [chunked_processor] Transient lookup result
    DATA: Array
(
    [option_name] => speed_backups_job_f0df9ec8-dce2-4392-a671-1785d207b753
    [found] => YES
)

[2026-01-15 15:49:12] [22 MB] [chunked_processor] Job retrieved successfully
    DATA: Array
(
    [status] => running
    [type] => backup
)

[2026-01-15 15:49:12] [22 MB] [chunked_processor] get_job called
    DATA: Array
(
    [job_id] => f0df9ec8-dce2-4392-a671-1785d207b753
)

[2026-01-15 15:49:12] [22 MB] [chunked_processor] Transient lookup result
    DATA: Array
(
    [option_name] => speed_backups_job_f0df9ec8-dce2-4392-a671-1785d207b753
    [found] => YES
)

[2026-01-15 15:49:12] [22 MB] [chunked_processor] Job retrieved successfully
    DATA: Array
(
    [status] => running
    [type] => backup
)

[2026-01-15 15:49:13] [24 MB] [ERROR_HANDLER] PHP error handlers registered
[2026-01-15 15:49:13] [24 MB] [chunked_processor] get_job called
    DATA: Array
(
    [job_id] => f0df9ec8-dce2-4392-a671-1785d207b753
)

[2026-01-15 15:49:13] [24 MB] [chunked_processor] Transient lookup result
    DATA: Array
(
    [option_name] => speed_backups_job_f0df9ec8-dce2-4392-a671-1785d207b753
    [found] => YES
)

[2026-01-15 15:49:13] [24 MB] [chunked_processor] Job retrieved successfully
    DATA: Array
(
    [status] => running
    [type] => backup
)

[2026-01-15 15:49:13] [24 MB] [chunked_processor] get_job called
    DATA: Array
(
    [job_id] => f0df9ec8-dce2-4392-a671-1785d207b753
)

[2026-01-15 15:49:13] [24 MB] [chunked_processor] Transient lookup result
    DATA: Array
(
    [option_name] => speed_backups_job_f0df9ec8-dce2-4392-a671-1785d207b753
    [found] => YES
)

[2026-01-15 15:49:13] [24 MB] [chunked_processor] Job retrieved successfully
    DATA: Array
(
    [status] => running
    [type] => backup
)

[2026-01-15 15:49:13] [24 MB] [chunked_processor] get_job called
    DATA: Array
(
    [job_id] => f0df9ec8-dce2-4392-a671-1785d207b753
)

[2026-01-15 15:49:13] [24 MB] [chunked_processor] Transient lookup result
    DATA: Array
(
    [option_name] => speed_backups_job_f0df9ec8-dce2-4392-a671-1785d207b753
    [found] => YES
)

[2026-01-15 15:49:13] [24 MB] [chunked_processor] Job retrieved successfully
    DATA: Array
(
    [status] => running
    [type] => backup
)

[2026-01-15 15:49:13] [24 MB] [chunked_processor] save_job called
    DATA: Array
(
    [job_id] => f0df9ec8-dce2-4392-a671-1785d207b753
    [status] => running
)

[2026-01-15 15:49:13] [24 MB] [chunked_processor] Transient save result
    DATA: Array
(
    [option_name] => speed_backups_job_f0df9ec8-dce2-4392-a671-1785d207b753
    [success] => YES
)

[2026-01-15 15:49:13] [24 MB] [chunked_processor] Option save result
    DATA: Array
(
    [option_name] => speed_backups_job_f0df9ec8-dce2-4392-a671-1785d207b753
    [success] => YES
)

[2026-01-15 15:49:13] [24 MB] [chunked_processor] Save verification (direct DB)
    DATA: Array
(
    [verified] => YES
)

[2026-01-15 15:49:13] [24 MB] [chunked_processor] get_job called
    DATA: Array
(
    [job_id] => f0df9ec8-dce2-4392-a671-1785d207b753
)

[2026-01-15 15:49:13] [24 MB] [chunked_processor] Transient lookup result
    DATA: Array
(
    [option_name] => speed_backups_job_f0df9ec8-dce2-4392-a671-1785d207b753
    [found] => YES
)

[2026-01-15 15:49:13] [24 MB] [chunked_processor] Job retrieved successfully
    DATA: Array
(
    [status] => running
    [type] => backup
)

[2026-01-15 15:49:13] [24 MB] [chunked_processor] save_job called
    DATA: Array
(
    [job_id] => f0df9ec8-dce2-4392-a671-1785d207b753
    [status] => running
)

[2026-01-15 15:49:13] [24 MB] [chunked_processor] Transient save result
    DATA: Array
(
    [option_name] => speed_backups_job_f0df9ec8-dce2-4392-a671-1785d207b753
    [success] => YES
)

[2026-01-15 15:49:13] [24 MB] [chunked_processor] Option save result
    DATA: Array
(
    [option_name] => speed_backups_job_f0df9ec8-dce2-4392-a671-1785d207b753
    [success] => YES
)

[2026-01-15 15:49:13] [24 MB] [chunked_processor] Save verification (direct DB)
    DATA: Array
(
    [verified] => YES
)

[2026-01-15 15:49:13] [24 MB] [chunked_processor] get_job called
    DATA: Array
(
    [job_id] => f0df9ec8-dce2-4392-a671-1785d207b753
)

[2026-01-15 15:49:13] [24 MB] [chunked_processor] Transient lookup result
    DATA: Array
(
    [option_name] => speed_backups_job_f0df9ec8-dce2-4392-a671-1785d207b753
    [found] => YES
)

[2026-01-15 15:49:13] [24 MB] [chunked_processor] Job retrieved successfully
    DATA: Array
(
    [status] => running
    [type] => backup
)

[2026-01-15 15:49:13] [24 MB] [chunked_processor] get_job called
    DATA: Array
(
    [job_id] => f0df9ec8-dce2-4392-a671-1785d207b753
)

[2026-01-15 15:49:13] [24 MB] [chunked_processor] Transient lookup result
    DATA: Array
(
    [option_name] => speed_backups_job_f0df9ec8-dce2-4392-a671-1785d207b753
    [found] => YES
)

[2026-01-15 15:49:13] [24 MB] [chunked_processor] Job retrieved successfully
    DATA: Array
(
    [status] => running
    [type] => backup
)

[2026-01-15 15:49:14] [22 MB] [ERROR_HANDLER] PHP error handlers registered
[2026-01-15 15:49:14] [22 MB] [chunked_processor] get_job called
    DATA: Array
(
    [job_id] => f0df9ec8-dce2-4392-a671-1785d207b753
)

[2026-01-15 15:49:14] [22 MB] [chunked_processor] Transient lookup result
    DATA: Array
(
    [option_name] => speed_backups_job_f0df9ec8-dce2-4392-a671-1785d207b753
    [found] => YES
)

[2026-01-15 15:49:14] [22 MB] [chunked_processor] Job retrieved successfully
    DATA: Array
(
    [status] => running
    [type] => backup
)

[2026-01-15 15:49:14] [22 MB] [chunked_processor] get_job called
    DATA: Array
(
    [job_id] => f0df9ec8-dce2-4392-a671-1785d207b753
)

[2026-01-15 15:49:14] [22 MB] [chunked_processor] Transient lookup result
    DATA: Array
(
    [option_name] => speed_backups_job_f0df9ec8-dce2-4392-a671-1785d207b753
    [found] => YES
)

[2026-01-15 15:49:14] [22 MB] [chunked_processor] Job retrieved successfully
    DATA: Array
(
    [status] => running
    [type] => backup
)

[2026-01-15 15:49:14] [22 MB] [chunked_processor] get_job called
    DATA: Array
(
    [job_id] => f0df9ec8-dce2-4392-a671-1785d207b753
)

[2026-01-15 15:49:14] [22 MB] [chunked_processor] Transient lookup result
    DATA: Array
(
    [option_name] => speed_backups_job_f0df9ec8-dce2-4392-a671-1785d207b753
    [found] => YES
)

[2026-01-15 15:49:14] [22 MB] [chunked_processor] Job retrieved successfully
    DATA: Array
(
    [status] => running
    [type] => backup
)

[2026-01-15 15:49:14] [22 MB] [chunked_processor] save_job called
    DATA: Array
(
    [job_id] => f0df9ec8-dce2-4392-a671-1785d207b753
    [status] => running
)

[2026-01-15 15:49:14] [22 MB] [chunked_processor] Transient save result
    DATA: Array
(
    [option_name] => speed_backups_job_f0df9ec8-dce2-4392-a671-1785d207b753
    [success] => YES
)

[2026-01-15 15:49:14] [22 MB] [chunked_processor] Option save result
    DATA: Array
(
    [option_name] => speed_backups_job_f0df9ec8-dce2-4392-a671-1785d207b753
    [success] => YES
)

[2026-01-15 15:49:14] [22 MB] [chunked_processor] Save verification (direct DB)
    DATA: Array
(
    [verified] => YES
)

[2026-01-15 15:49:14] [22 MB] [chunked_processor] get_job called
    DATA: Array
(
    [job_id] => f0df9ec8-dce2-4392-a671-1785d207b753
)

[2026-01-15 15:49:14] [22 MB] [chunked_processor] Transient lookup result
    DATA: Array
(
    [option_name] => speed_backups_job_f0df9ec8-dce2-4392-a671-1785d207b753
    [found] => YES
)

[2026-01-15 15:49:14] [22 MB] [chunked_processor] Job retrieved successfully
    DATA: Array
(
    [status] => running
    [type] => backup
)

[2026-01-15 15:49:14] [22 MB] [chunked_processor] save_job called
    DATA: Array
(
    [job_id] => f0df9ec8-dce2-4392-a671-1785d207b753
    [status] => running
)

[2026-01-15 15:49:14] [22 MB] [chunked_processor] Transient save result
    DATA: Array
(
    [option_name] => speed_backups_job_f0df9ec8-dce2-4392-a671-1785d207b753
    [success] => YES
)

[2026-01-15 15:49:14] [22 MB] [chunked_processor] Option save result
    DATA: Array
(
    [option_name] => speed_backups_job_f0df9ec8-dce2-4392-a671-1785d207b753
    [success] => YES
)

[2026-01-15 15:49:14] [22 MB] [chunked_processor] Save verification (direct DB)
    DATA: Array
(
    [verified] => YES
)

[2026-01-15 15:49:14] [22 MB] [chunked_processor] get_job called
    DATA: Array
(
    [job_id] => f0df9ec8-dce2-4392-a671-1785d207b753
)

[2026-01-15 15:49:14] [22 MB] [chunked_processor] Transient lookup result
    DATA: Array
(
    [option_name] => speed_backups_job_f0df9ec8-dce2-4392-a671-1785d207b753
    [found] => YES
)

[2026-01-15 15:49:14] [22 MB] [chunked_processor] Job retrieved successfully
    DATA: Array
(
    [status] => running
    [type] => backup
)

[2026-01-15 15:49:14] [22 MB] [chunked_processor] get_job called
    DATA: Array
(
    [job_id] => f0df9ec8-dce2-4392-a671-1785d207b753
)

[2026-01-15 15:49:14] [22 MB] [chunked_processor] Transient lookup result
    DATA: Array
(
    [option_name] => speed_backups_job_f0df9ec8-dce2-4392-a671-1785d207b753
    [found] => YES
)

[2026-01-15 15:49:14] [22 MB] [chunked_processor] Job retrieved successfully
    DATA: Array
(
    [status] => running
    [type] => backup
)

[2026-01-15 15:49:15] [22 MB] [ERROR_HANDLER] PHP error handlers registered
[2026-01-15 15:49:15] [22 MB] [chunked_processor] get_job called
    DATA: Array
(
    [job_id] => f0df9ec8-dce2-4392-a671-1785d207b753
)

[2026-01-15 15:49:15] [22 MB] [chunked_processor] Transient lookup result
    DATA: Array
(
    [option_name] => speed_backups_job_f0df9ec8-dce2-4392-a671-1785d207b753
    [found] => YES
)

[2026-01-15 15:49:15] [22 MB] [chunked_processor] Job retrieved successfully
    DATA: Array
(
    [status] => running
    [type] => backup
)

[2026-01-15 15:49:15] [22 MB] [chunked_processor] get_job called
    DATA: Array
(
    [job_id] => f0df9ec8-dce2-4392-a671-1785d207b753
)

[2026-01-15 15:49:15] [22 MB] [chunked_processor] Transient lookup result
    DATA: Array
(
    [option_name] => speed_backups_job_f0df9ec8-dce2-4392-a671-1785d207b753
    [found] => YES
)

[2026-01-15 15:49:15] [22 MB] [chunked_processor] Job retrieved successfully
    DATA: Array
(
    [status] => running
    [type] => backup
)

[2026-01-15 15:49:15] [22 MB] [chunked_processor] get_job called
    DATA: Array
(
    [job_id] => f0df9ec8-dce2-4392-a671-1785d207b753
)

[2026-01-15 15:49:15] [22 MB] [chunked_processor] Transient lookup result
    DATA: Array
(
    [option_name] => speed_backups_job_f0df9ec8-dce2-4392-a671-1785d207b753
    [found] => YES
)

[2026-01-15 15:49:15] [22 MB] [chunked_processor] Job retrieved successfully
    DATA: Array
(
    [status] => running
    [type] => backup
)

[2026-01-15 15:49:15] [22 MB] [chunked_processor] save_job called
    DATA: Array
(
    [job_id] => f0df9ec8-dce2-4392-a671-1785d207b753
    [status] => running
)

[2026-01-15 15:49:15] [22 MB] [chunked_processor] Transient save result
    DATA: Array
(
    [option_name] => speed_backups_job_f0df9ec8-dce2-4392-a671-1785d207b753
    [success] => YES
)

[2026-01-15 15:49:15] [22 MB] [chunked_processor] Option save result
    DATA: Array
(
    [option_name] => speed_backups_job_f0df9ec8-dce2-4392-a671-1785d207b753
    [success] => YES
)

[2026-01-15 15:49:15] [22 MB] [chunked_processor] Save verification (direct DB)
    DATA: Array
(
    [verified] => YES
)

[2026-01-15 15:49:15] [24 MB] [chunked_processor] get_job called
    DATA: Array
(
    [job_id] => f0df9ec8-dce2-4392-a671-1785d207b753
)

[2026-01-15 15:49:15] [24 MB] [chunked_processor] Transient lookup result
    DATA: Array
(
    [option_name] => speed_backups_job_f0df9ec8-dce2-4392-a671-1785d207b753
    [found] => YES
)

[2026-01-15 15:49:15] [24 MB] [chunked_processor] Job retrieved successfully
    DATA: Array
(
    [status] => running
    [type] => backup
)

[2026-01-15 15:49:15] [24 MB] [chunked_processor] save_job called
    DATA: Array
(
    [job_id] => f0df9ec8-dce2-4392-a671-1785d207b753
    [status] => running
)

[2026-01-15 15:49:15] [24 MB] [chunked_processor] Transient save result
    DATA: Array
(
    [option_name] => speed_backups_job_f0df9ec8-dce2-4392-a671-1785d207b753
    [success] => YES
)

[2026-01-15 15:49:15] [24 MB] [chunked_processor] Option save result
    DATA: Array
(
    [option_name] => speed_backups_job_f0df9ec8-dce2-4392-a671-1785d207b753
    [success] => YES
)

[2026-01-15 15:49:15] [24 MB] [chunked_processor] Save verification (direct DB)
    DATA: Array
(
    [verified] => YES
)

[2026-01-15 15:49:15] [24 MB] [chunked_processor] get_job called
    DATA: Array
(
    [job_id] => f0df9ec8-dce2-4392-a671-1785d207b753
)

[2026-01-15 15:49:15] [24 MB] [chunked_processor] Transient lookup result
    DATA: Array
(
    [option_name] => speed_backups_job_f0df9ec8-dce2-4392-a671-1785d207b753
    [found] => YES
)

[2026-01-15 15:49:15] [24 MB] [chunked_processor] Job retrieved successfully
    DATA: Array
(
    [status] => running
    [type] => backup
)

[2026-01-15 15:49:15] [24 MB] [chunked_processor] get_job called
    DATA: Array
(
    [job_id] => f0df9ec8-dce2-4392-a671-1785d207b753
)

[2026-01-15 15:49:15] [24 MB] [chunked_processor] Transient lookup result
    DATA: Array
(
    [option_name] => speed_backups_job_f0df9ec8-dce2-4392-a671-1785d207b753
    [found] => YES
)

[2026-01-15 15:49:15] [24 MB] [chunked_processor] Job retrieved successfully
    DATA: Array
(
    [status] => running
    [type] => backup
)

[2026-01-15 15:49:16] [22 MB] [ERROR_HANDLER] PHP error handlers registered
[2026-01-15 15:49:16] [22 MB] [chunked_processor] get_job called
    DATA: Array
(
    [job_id] => f0df9ec8-dce2-4392-a671-1785d207b753
)

[2026-01-15 15:49:16] [22 MB] [chunked_processor] Transient lookup result
    DATA: Array
(
    [option_name] => speed_backups_job_f0df9ec8-dce2-4392-a671-1785d207b753
    [found] => YES
)

[2026-01-15 15:49:16] [22 MB] [chunked_processor] Job retrieved successfully
    DATA: Array
(
    [status] => running
    [type] => backup
)

[2026-01-15 15:49:16] [22 MB] [chunked_processor] get_job called
    DATA: Array
(
    [job_id] => f0df9ec8-dce2-4392-a671-1785d207b753
)

[2026-01-15 15:49:16] [22 MB] [chunked_processor] Transient lookup result
    DATA: Array
(
    [option_name] => speed_backups_job_f0df9ec8-dce2-4392-a671-1785d207b753
    [found] => YES
)

[2026-01-15 15:49:16] [22 MB] [chunked_processor] Job retrieved successfully
    DATA: Array
(
    [status] => running
    [type] => backup
)

[2026-01-15 15:49:16] [22 MB] [chunked_processor] get_job called
    DATA: Array
(
    [job_id] => f0df9ec8-dce2-4392-a671-1785d207b753
)

[2026-01-15 15:49:16] [22 MB] [chunked_processor] Transient lookup result
    DATA: Array
(
    [option_name] => speed_backups_job_f0df9ec8-dce2-4392-a671-1785d207b753
    [found] => YES
)

[2026-01-15 15:49:16] [22 MB] [chunked_processor] Job retrieved successfully
    DATA: Array
(
    [status] => running
    [type] => backup
)

[2026-01-15 15:49:16] [22 MB] [chunked_processor] save_job called
    DATA: Array
(
    [job_id] => f0df9ec8-dce2-4392-a671-1785d207b753
    [status] => running
)

[2026-01-15 15:49:16] [22 MB] [chunked_processor] Transient save result
    DATA: Array
(
    [option_name] => speed_backups_job_f0df9ec8-dce2-4392-a671-1785d207b753
    [success] => YES
)

[2026-01-15 15:49:16] [22 MB] [chunked_processor] Option save result
    DATA: Array
(
    [option_name] => speed_backups_job_f0df9ec8-dce2-4392-a671-1785d207b753
    [success] => YES
)

[2026-01-15 15:49:16] [22 MB] [chunked_processor] Save verification (direct DB)
    DATA: Array
(
    [verified] => YES
)

[2026-01-15 15:49:17] [22 MB] [chunked_processor] get_job called
    DATA: Array
(
    [job_id] => f0df9ec8-dce2-4392-a671-1785d207b753
)

[2026-01-15 15:49:17] [22 MB] [chunked_processor] Transient lookup result
    DATA: Array
(
    [option_name] => speed_backups_job_f0df9ec8-dce2-4392-a671-1785d207b753
    [found] => YES
)

[2026-01-15 15:49:17] [22 MB] [chunked_processor] Job retrieved successfully
    DATA: Array
(
    [status] => running
    [type] => backup
)

[2026-01-15 15:49:17] [22 MB] [chunked_processor] save_job called
    DATA: Array
(
    [job_id] => f0df9ec8-dce2-4392-a671-1785d207b753
    [status] => running
)

[2026-01-15 15:49:17] [22 MB] [chunked_processor] Transient save result
    DATA: Array
(
    [option_name] => speed_backups_job_f0df9ec8-dce2-4392-a671-1785d207b753
    [success] => YES
)

[2026-01-15 15:49:17] [22 MB] [chunked_processor] Option save result
    DATA: Array
(
    [option_name] => speed_backups_job_f0df9ec8-dce2-4392-a671-1785d207b753
    [success] => YES
)

[2026-01-15 15:49:17] [22 MB] [chunked_processor] Save verification (direct DB)
    DATA: Array
(
    [verified] => YES
)

[2026-01-15 15:49:17] [22 MB] [chunked_processor] get_job called
    DATA: Array
(
    [job_id] => f0df9ec8-dce2-4392-a671-1785d207b753
)

[2026-01-15 15:49:17] [22 MB] [chunked_processor] Transient lookup result
    DATA: Array
(
    [option_name] => speed_backups_job_f0df9ec8-dce2-4392-a671-1785d207b753
    [found] => YES
)

[2026-01-15 15:49:17] [22 MB] [chunked_processor] Job retrieved successfully
    DATA: Array
(
    [status] => running
    [type] => backup
)

[2026-01-15 15:49:17] [22 MB] [chunked_processor] get_job called
    DATA: Array
(
    [job_id] => f0df9ec8-dce2-4392-a671-1785d207b753
)

[2026-01-15 15:49:17] [22 MB] [chunked_processor] Transient lookup result
    DATA: Array
(
    [option_name] => speed_backups_job_f0df9ec8-dce2-4392-a671-1785d207b753
    [found] => YES
)

[2026-01-15 15:49:17] [22 MB] [chunked_processor] Job retrieved successfully
    DATA: Array
(
    [status] => running
    [type] => backup
)

[2026-01-15 15:49:18] [22 MB] [ERROR_HANDLER] PHP error handlers registered
[2026-01-15 15:49:18] [22 MB] [chunked_processor] get_job called
    DATA: Array
(
    [job_id] => f0df9ec8-dce2-4392-a671-1785d207b753
)

[2026-01-15 15:49:18] [22 MB] [chunked_processor] Transient lookup result
    DATA: Array
(
    [option_name] => speed_backups_job_f0df9ec8-dce2-4392-a671-1785d207b753
    [found] => YES
)

[2026-01-15 15:49:18] [22 MB] [chunked_processor] Job retrieved successfully
    DATA: Array
(
    [status] => running
    [type] => backup
)

[2026-01-15 15:49:18] [22 MB] [chunked_processor] get_job called
    DATA: Array
(
    [job_id] => f0df9ec8-dce2-4392-a671-1785d207b753
)

[2026-01-15 15:49:18] [22 MB] [chunked_processor] Transient lookup result
    DATA: Array
(
    [option_name] => speed_backups_job_f0df9ec8-dce2-4392-a671-1785d207b753
    [found] => YES
)

[2026-01-15 15:49:18] [22 MB] [chunked_processor] Job retrieved successfully
    DATA: Array
(
    [status] => running
    [type] => backup
)

[2026-01-15 15:49:18] [22 MB] [chunked_processor] get_job called
    DATA: Array
(
    [job_id] => f0df9ec8-dce2-4392-a671-1785d207b753
)

[2026-01-15 15:49:18] [22 MB] [chunked_processor] Transient lookup result
    DATA: Array
(
    [option_name] => speed_backups_job_f0df9ec8-dce2-4392-a671-1785d207b753
    [found] => YES
)

[2026-01-15 15:49:18] [22 MB] [chunked_processor] Job retrieved successfully
    DATA: Array
(
    [status] => running
    [type] => backup
)

[2026-01-15 15:49:18] [22 MB] [chunked_processor] save_job called
    DATA: Array
(
    [job_id] => f0df9ec8-dce2-4392-a671-1785d207b753
    [status] => running
)

[2026-01-15 15:49:18] [22 MB] [chunked_processor] Transient save result
    DATA: Array
(
    [option_name] => speed_backups_job_f0df9ec8-dce2-4392-a671-1785d207b753
    [success] => YES
)

[2026-01-15 15:49:18] [22 MB] [chunked_processor] Option save result
    DATA: Array
(
    [option_name] => speed_backups_job_f0df9ec8-dce2-4392-a671-1785d207b753
    [success] => YES
)

[2026-01-15 15:49:18] [22 MB] [chunked_processor] Save verification (direct DB)
    DATA: Array
(
    [verified] => YES
)

[2026-01-15 15:49:19] [22 MB] [chunked_processor] get_job called
    DATA: Array
(
    [job_id] => f0df9ec8-dce2-4392-a671-1785d207b753
)

[2026-01-15 15:49:19] [22 MB] [chunked_processor] Transient lookup result
    DATA: Array
(
    [option_name] => speed_backups_job_f0df9ec8-dce2-4392-a671-1785d207b753
    [found] => YES
)

[2026-01-15 15:49:19] [22 MB] [chunked_processor] Job retrieved successfully
    DATA: Array
(
    [status] => running
    [type] => backup
)

[2026-01-15 15:49:19] [22 MB] [chunked_processor] save_job called
    DATA: Array
(
    [job_id] => f0df9ec8-dce2-4392-a671-1785d207b753
    [status] => running
)

[2026-01-15 15:49:19] [22 MB] [chunked_processor] Transient save result
    DATA: Array
(
    [option_name] => speed_backups_job_f0df9ec8-dce2-4392-a671-1785d207b753
    [success] => YES
)

[2026-01-15 15:49:19] [22 MB] [chunked_processor] Option save result
    DATA: Array
(
    [option_name] => speed_backups_job_f0df9ec8-dce2-4392-a671-1785d207b753
    [success] => YES
)

[2026-01-15 15:49:19] [22 MB] [chunked_processor] Save verification (direct DB)
    DATA: Array
(
    [verified] => YES
)

[2026-01-15 15:49:19] [22 MB] [chunked_processor] get_job called
    DATA: Array
(
    [job_id] => f0df9ec8-dce2-4392-a671-1785d207b753
)

[2026-01-15 15:49:19] [22 MB] [chunked_processor] Transient lookup result
    DATA: Array
(
    [option_name] => speed_backups_job_f0df9ec8-dce2-4392-a671-1785d207b753
    [found] => YES
)

[2026-01-15 15:49:19] [22 MB] [chunked_processor] Job retrieved successfully
    DATA: Array
(
    [status] => running
    [type] => backup
)

[2026-01-15 15:49:19] [22 MB] [chunked_processor] get_job called
    DATA: Array
(
    [job_id] => f0df9ec8-dce2-4392-a671-1785d207b753
)

[2026-01-15 15:49:19] [22 MB] [chunked_processor] Transient lookup result
    DATA: Array
(
    [option_name] => speed_backups_job_f0df9ec8-dce2-4392-a671-1785d207b753
    [found] => YES
)

[2026-01-15 15:49:19] [22 MB] [chunked_processor] Job retrieved successfully
    DATA: Array
(
    [status] => running
    [type] => backup
)

[2026-01-15 15:49:20] [24 MB] [ERROR_HANDLER] PHP error handlers registered
[2026-01-15 15:49:20] [24 MB] [chunked_processor] get_job called
    DATA: Array
(
    [job_id] => f0df9ec8-dce2-4392-a671-1785d207b753
)

[2026-01-15 15:49:20] [24 MB] [chunked_processor] Transient lookup result
    DATA: Array
(
    [option_name] => speed_backups_job_f0df9ec8-dce2-4392-a671-1785d207b753
    [found] => YES
)

[2026-01-15 15:49:20] [24 MB] [chunked_processor] Job retrieved successfully
    DATA: Array
(
    [status] => running
    [type] => backup
)

[2026-01-15 15:49:20] [24 MB] [chunked_processor] get_job called
    DATA: Array
(
    [job_id] => f0df9ec8-dce2-4392-a671-1785d207b753
)

[2026-01-15 15:49:20] [24 MB] [chunked_processor] Transient lookup result
    DATA: Array
(
    [option_name] => speed_backups_job_f0df9ec8-dce2-4392-a671-1785d207b753
    [found] => YES
)

[2026-01-15 15:49:20] [24 MB] [chunked_processor] Job retrieved successfully
    DATA: Array
(
    [status] => running
    [type] => backup
)

[2026-01-15 15:49:20] [24 MB] [chunked_processor] get_job called
    DATA: Array
(
    [job_id] => f0df9ec8-dce2-4392-a671-1785d207b753
)

[2026-01-15 15:49:20] [24 MB] [chunked_processor] Transient lookup result
    DATA: Array
(
    [option_name] => speed_backups_job_f0df9ec8-dce2-4392-a671-1785d207b753
    [found] => YES
)

[2026-01-15 15:49:20] [24 MB] [chunked_processor] Job retrieved successfully
    DATA: Array
(
    [status] => running
    [type] => backup
)

[2026-01-15 15:49:20] [24 MB] [chunked_processor] save_job called
    DATA: Array
(
    [job_id] => f0df9ec8-dce2-4392-a671-1785d207b753
    [status] => running
)

[2026-01-15 15:49:20] [24 MB] [chunked_processor] Transient save result
    DATA: Array
(
    [option_name] => speed_backups_job_f0df9ec8-dce2-4392-a671-1785d207b753
    [success] => YES
)

[2026-01-15 15:49:20] [24 MB] [chunked_processor] Option save result
    DATA: Array
(
    [option_name] => speed_backups_job_f0df9ec8-dce2-4392-a671-1785d207b753
    [success] => YES
)

[2026-01-15 15:49:20] [24 MB] [chunked_processor] Save verification (direct DB)
    DATA: Array
(
    [verified] => YES
)

[2026-01-15 15:49:20] [24 MB] [chunked_processor] get_job called
    DATA: Array
(
    [job_id] => f0df9ec8-dce2-4392-a671-1785d207b753
)

[2026-01-15 15:49:20] [24 MB] [chunked_processor] Transient lookup result
    DATA: Array
(
    [option_name] => speed_backups_job_f0df9ec8-dce2-4392-a671-1785d207b753
    [found] => YES
)

[2026-01-15 15:49:20] [24 MB] [chunked_processor] Job retrieved successfully
    DATA: Array
(
    [status] => running
    [type] => backup
)

[2026-01-15 15:49:20] [24 MB] [chunked_processor] save_job called
    DATA: Array
(
    [job_id] => f0df9ec8-dce2-4392-a671-1785d207b753
    [status] => running
)

[2026-01-15 15:49:20] [24 MB] [chunked_processor] Transient save result
    DATA: Array
(
    [option_name] => speed_backups_job_f0df9ec8-dce2-4392-a671-1785d207b753
    [success] => YES
)

[2026-01-15 15:49:20] [24 MB] [chunked_processor] Option save result
    DATA: Array
(
    [option_name] => speed_backups_job_f0df9ec8-dce2-4392-a671-1785d207b753
    [success] => YES
)

[2026-01-15 15:49:20] [24 MB] [chunked_processor] Save verification (direct DB)
    DATA: Array
(
    [verified] => YES
)

[2026-01-15 15:49:20] [24 MB] [chunked_processor] get_job called
    DATA: Array
(
    [job_id] => f0df9ec8-dce2-4392-a671-1785d207b753
)

[2026-01-15 15:49:20] [24 MB] [chunked_processor] Transient lookup result
    DATA: Array
(
    [option_name] => speed_backups_job_f0df9ec8-dce2-4392-a671-1785d207b753
    [found] => YES
)

[2026-01-15 15:49:20] [24 MB] [chunked_processor] Job retrieved successfully
    DATA: Array
(
    [status] => running
    [type] => backup
)

[2026-01-15 15:49:20] [24 MB] [chunked_processor] get_job called
    DATA: Array
(
    [job_id] => f0df9ec8-dce2-4392-a671-1785d207b753
)

[2026-01-15 15:49:20] [24 MB] [chunked_processor] Transient lookup result
    DATA: Array
(
    [option_name] => speed_backups_job_f0df9ec8-dce2-4392-a671-1785d207b753
    [found] => YES
)

[2026-01-15 15:49:20] [24 MB] [chunked_processor] Job retrieved successfully
    DATA: Array
(
    [status] => running
    [type] => backup
)

[2026-01-15 15:49:21] [22 MB] [ERROR_HANDLER] PHP error handlers registered
[2026-01-15 15:49:21] [22 MB] [chunked_processor] get_job called
    DATA: Array
(
    [job_id] => f0df9ec8-dce2-4392-a671-1785d207b753
)

[2026-01-15 15:49:21] [22 MB] [chunked_processor] Transient lookup result
    DATA: Array
(
    [option_name] => speed_backups_job_f0df9ec8-dce2-4392-a671-1785d207b753
    [found] => YES
)

[2026-01-15 15:49:21] [22 MB] [chunked_processor] Job retrieved successfully
    DATA: Array
(
    [status] => running
    [type] => backup
)

[2026-01-15 15:49:21] [22 MB] [chunked_processor] get_job called
    DATA: Array
(
    [job_id] => f0df9ec8-dce2-4392-a671-1785d207b753
)

[2026-01-15 15:49:21] [22 MB] [chunked_processor] Transient lookup result
    DATA: Array
(
    [option_name] => speed_backups_job_f0df9ec8-dce2-4392-a671-1785d207b753
    [found] => YES
)

[2026-01-15 15:49:21] [22 MB] [chunked_processor] Job retrieved successfully
    DATA: Array
(
    [status] => running
    [type] => backup
)

[2026-01-15 15:49:21] [22 MB] [chunked_processor] get_job called
    DATA: Array
(
    [job_id] => f0df9ec8-dce2-4392-a671-1785d207b753
)

[2026-01-15 15:49:21] [22 MB] [chunked_processor] Transient lookup result
    DATA: Array
(
    [option_name] => speed_backups_job_f0df9ec8-dce2-4392-a671-1785d207b753
    [found] => YES
)

[2026-01-15 15:49:21] [22 MB] [chunked_processor] Job retrieved successfully
    DATA: Array
(
    [status] => running
    [type] => backup
)

[2026-01-15 15:49:21] [22 MB] [chunked_processor] save_job called
    DATA: Array
(
    [job_id] => f0df9ec8-dce2-4392-a671-1785d207b753
    [status] => running
)

[2026-01-15 15:49:21] [22 MB] [chunked_processor] Transient save result
    DATA: Array
(
    [option_name] => speed_backups_job_f0df9ec8-dce2-4392-a671-1785d207b753
    [success] => YES
)

[2026-01-15 15:49:21] [22 MB] [chunked_processor] Option save result
    DATA: Array
(
    [option_name] => speed_backups_job_f0df9ec8-dce2-4392-a671-1785d207b753
    [success] => YES
)

[2026-01-15 15:49:21] [22 MB] [chunked_processor] Save verification (direct DB)
    DATA: Array
(
    [verified] => YES
)

[2026-01-15 15:49:21] [22 MB] [chunked_processor] get_job called
    DATA: Array
(
    [job_id] => f0df9ec8-dce2-4392-a671-1785d207b753
)

[2026-01-15 15:49:21] [22 MB] [chunked_processor] Transient lookup result
    DATA: Array
(
    [option_name] => speed_backups_job_f0df9ec8-dce2-4392-a671-1785d207b753
    [found] => YES
)

[2026-01-15 15:49:21] [22 MB] [chunked_processor] Job retrieved successfully
    DATA: Array
(
    [status] => running
    [type] => backup
)

[2026-01-15 15:49:21] [22 MB] [chunked_processor] save_job called
    DATA: Array
(
    [job_id] => f0df9ec8-dce2-4392-a671-1785d207b753
    [status] => running
)

[2026-01-15 15:49:21] [22 MB] [chunked_processor] Transient save result
    DATA: Array
(
    [option_name] => speed_backups_job_f0df9ec8-dce2-4392-a671-1785d207b753
    [success] => YES
)

[2026-01-15 15:49:21] [22 MB] [chunked_processor] Option save result
    DATA: Array
(
    [option_name] => speed_backups_job_f0df9ec8-dce2-4392-a671-1785d207b753
    [success] => YES
)

[2026-01-15 15:49:21] [22 MB] [chunked_processor] Save verification (direct DB)
    DATA: Array
(
    [verified] => YES
)

[2026-01-15 15:49:21] [22 MB] [chunked_processor] get_job called
    DATA: Array
(
    [job_id] => f0df9ec8-dce2-4392-a671-1785d207b753
)

[2026-01-15 15:49:21] [22 MB] [chunked_processor] Transient lookup result
    DATA: Array
(
    [option_name] => speed_backups_job_f0df9ec8-dce2-4392-a671-1785d207b753
    [found] => YES
)

[2026-01-15 15:49:21] [22 MB] [chunked_processor] Job retrieved successfully
    DATA: Array
(
    [status] => running
    [type] => backup
)

[2026-01-15 15:49:21] [22 MB] [chunked_processor] get_job called
    DATA: Array
(
    [job_id] => f0df9ec8-dce2-4392-a671-1785d207b753
)

[2026-01-15 15:49:21] [22 MB] [chunked_processor] Transient lookup result
    DATA: Array
(
    [option_name] => speed_backups_job_f0df9ec8-dce2-4392-a671-1785d207b753
    [found] => YES
)

[2026-01-15 15:49:21] [22 MB] [chunked_processor] Job retrieved successfully
    DATA: Array
(
    [status] => running
    [type] => backup
)

[2026-01-15 15:49:22] [22 MB] [ERROR_HANDLER] PHP error handlers registered
[2026-01-15 15:49:22] [22 MB] [chunked_processor] get_job called
    DATA: Array
(
    [job_id] => f0df9ec8-dce2-4392-a671-1785d207b753
)

[2026-01-15 15:49:22] [22 MB] [chunked_processor] Transient lookup result
    DATA: Array
(
    [option_name] => speed_backups_job_f0df9ec8-dce2-4392-a671-1785d207b753
    [found] => YES
)

[2026-01-15 15:49:22] [22 MB] [chunked_processor] Job retrieved successfully
    DATA: Array
(
    [status] => running
    [type] => backup
)

[2026-01-15 15:49:22] [22 MB] [chunked_processor] get_job called
    DATA: Array
(
    [job_id] => f0df9ec8-dce2-4392-a671-1785d207b753
)

[2026-01-15 15:49:22] [22 MB] [chunked_processor] Transient lookup result
    DATA: Array
(
    [option_name] => speed_backups_job_f0df9ec8-dce2-4392-a671-1785d207b753
    [found] => YES
)

[2026-01-15 15:49:22] [22 MB] [chunked_processor] Job retrieved successfully
    DATA: Array
(
    [status] => running
    [type] => backup
)

[2026-01-15 15:49:22] [22 MB] [chunked_processor] get_job called
    DATA: Array
(
    [job_id] => f0df9ec8-dce2-4392-a671-1785d207b753
)

[2026-01-15 15:49:22] [22 MB] [chunked_processor] Transient lookup result
    DATA: Array
(
    [option_name] => speed_backups_job_f0df9ec8-dce2-4392-a671-1785d207b753
    [found] => YES
)

[2026-01-15 15:49:22] [22 MB] [chunked_processor] Job retrieved successfully
    DATA: Array
(
    [status] => running
    [type] => backup
)

[2026-01-15 15:49:22] [22 MB] [chunked_processor] save_job called
    DATA: Array
(
    [job_id] => f0df9ec8-dce2-4392-a671-1785d207b753
    [status] => running
)

[2026-01-15 15:49:22] [22 MB] [chunked_processor] Transient save result
    DATA: Array
(
    [option_name] => speed_backups_job_f0df9ec8-dce2-4392-a671-1785d207b753
    [success] => YES
)

[2026-01-15 15:49:22] [22 MB] [chunked_processor] Option save result
    DATA: Array
(
    [option_name] => speed_backups_job_f0df9ec8-dce2-4392-a671-1785d207b753
    [success] => YES
)

[2026-01-15 15:49:22] [22 MB] [chunked_processor] Save verification (direct DB)
    DATA: Array
(
    [verified] => YES
)

[2026-01-15 15:49:22] [22 MB] [chunked_processor] get_job called
    DATA: Array
(
    [job_id] => f0df9ec8-dce2-4392-a671-1785d207b753
)

[2026-01-15 15:49:22] [22 MB] [chunked_processor] Transient lookup result
    DATA: Array
(
    [option_name] => speed_backups_job_f0df9ec8-dce2-4392-a671-1785d207b753
    [found] => YES
)

[2026-01-15 15:49:22] [22 MB] [chunked_processor] Job retrieved successfully
    DATA: Array
(
    [status] => running
    [type] => backup
)

[2026-01-15 15:49:22] [22 MB] [chunked_processor] save_job called
    DATA: Array
(
    [job_id] => f0df9ec8-dce2-4392-a671-1785d207b753
    [status] => running
)

[2026-01-15 15:49:22] [22 MB] [chunked_processor] Transient save result
    DATA: Array
(
    [option_name] => speed_backups_job_f0df9ec8-dce2-4392-a671-1785d207b753
    [success] => YES
)

[2026-01-15 15:49:22] [22 MB] [chunked_processor] Option save result
    DATA: Array
(
    [option_name] => speed_backups_job_f0df9ec8-dce2-4392-a671-1785d207b753
    [success] => YES
)

[2026-01-15 15:49:22] [22 MB] [chunked_processor] Save verification (direct DB)
    DATA: Array
(
    [verified] => YES
)

[2026-01-15 15:49:22] [22 MB] [chunked_processor] get_job called
    DATA: Array
(
    [job_id] => f0df9ec8-dce2-4392-a671-1785d207b753
)

[2026-01-15 15:49:22] [22 MB] [chunked_processor] Transient lookup result
    DATA: Array
(
    [option_name] => speed_backups_job_f0df9ec8-dce2-4392-a671-1785d207b753
    [found] => YES
)

[2026-01-15 15:49:22] [22 MB] [chunked_processor] Job retrieved successfully
    DATA: Array
(
    [status] => running
    [type] => backup
)

[2026-01-15 15:49:22] [22 MB] [chunked_processor] get_job called
    DATA: Array
(
    [job_id] => f0df9ec8-dce2-4392-a671-1785d207b753
)

[2026-01-15 15:49:22] [22 MB] [chunked_processor] Transient lookup result
    DATA: Array
(
    [option_name] => speed_backups_job_f0df9ec8-dce2-4392-a671-1785d207b753
    [found] => YES
)

[2026-01-15 15:49:22] [22 MB] [chunked_processor] Job retrieved successfully
    DATA: Array
(
    [status] => running
    [type] => backup
)

[2026-01-15 15:49:23] [22 MB] [ERROR_HANDLER] PHP error handlers registered
[2026-01-15 15:49:23] [22 MB] [chunked_processor] get_job called
    DATA: Array
(
    [job_id] => f0df9ec8-dce2-4392-a671-1785d207b753
)

[2026-01-15 15:49:23] [22 MB] [chunked_processor] Transient lookup result
    DATA: Array
(
    [option_name] => speed_backups_job_f0df9ec8-dce2-4392-a671-1785d207b753
    [found] => YES
)

[2026-01-15 15:49:23] [22 MB] [chunked_processor] Job retrieved successfully
    DATA: Array
(
    [status] => running
    [type] => backup
)

[2026-01-15 15:49:23] [22 MB] [chunked_processor] get_job called
    DATA: Array
(
    [job_id] => f0df9ec8-dce2-4392-a671-1785d207b753
)

[2026-01-15 15:49:23] [22 MB] [chunked_processor] Transient lookup result
    DATA: Array
(
    [option_name] => speed_backups_job_f0df9ec8-dce2-4392-a671-1785d207b753
    [found] => YES
)

[2026-01-15 15:49:23] [22 MB] [chunked_processor] Job retrieved successfully
    DATA: Array
(
    [status] => running
    [type] => backup
)

[2026-01-15 15:49:23] [22 MB] [chunked_processor] get_job called
    DATA: Array
(
    [job_id] => f0df9ec8-dce2-4392-a671-1785d207b753
)

[2026-01-15 15:49:23] [22 MB] [chunked_processor] Transient lookup result
    DATA: Array
(
    [option_name] => speed_backups_job_f0df9ec8-dce2-4392-a671-1785d207b753
    [found] => YES
)

[2026-01-15 15:49:23] [22 MB] [chunked_processor] Job retrieved successfully
    DATA: Array
(
    [status] => running
    [type] => backup
)

[2026-01-15 15:49:23] [22 MB] [chunked_processor] save_job called
    DATA: Array
(
    [job_id] => f0df9ec8-dce2-4392-a671-1785d207b753
    [status] => running
)

[2026-01-15 15:49:23] [22 MB] [chunked_processor] Transient save result
    DATA: Array
(
    [option_name] => speed_backups_job_f0df9ec8-dce2-4392-a671-1785d207b753
    [success] => YES
)

[2026-01-15 15:49:23] [22 MB] [chunked_processor] Option save result
    DATA: Array
(
    [option_name] => speed_backups_job_f0df9ec8-dce2-4392-a671-1785d207b753
    [success] => YES
)

[2026-01-15 15:49:23] [22 MB] [chunked_processor] Save verification (direct DB)
    DATA: Array
(
    [verified] => YES
)

[2026-01-15 15:49:24] [22 MB] [chunked_processor] get_job called
    DATA: Array
(
    [job_id] => f0df9ec8-dce2-4392-a671-1785d207b753
)

[2026-01-15 15:49:24] [22 MB] [chunked_processor] Transient lookup result
    DATA: Array
(
    [option_name] => speed_backups_job_f0df9ec8-dce2-4392-a671-1785d207b753
    [found] => YES
)

[2026-01-15 15:49:24] [22 MB] [chunked_processor] Job retrieved successfully
    DATA: Array
(
    [status] => running
    [type] => backup
)

[2026-01-15 15:49:24] [22 MB] [chunked_processor] save_job called
    DATA: Array
(
    [job_id] => f0df9ec8-dce2-4392-a671-1785d207b753
    [status] => running
)

[2026-01-15 15:49:24] [22 MB] [chunked_processor] Transient save result
    DATA: Array
(
    [option_name] => speed_backups_job_f0df9ec8-dce2-4392-a671-1785d207b753
    [success] => YES
)

[2026-01-15 15:49:24] [22 MB] [chunked_processor] Option save result
    DATA: Array
(
    [option_name] => speed_backups_job_f0df9ec8-dce2-4392-a671-1785d207b753
    [success] => YES
)

[2026-01-15 15:49:24] [22 MB] [chunked_processor] Save verification (direct DB)
    DATA: Array
(
    [verified] => YES
)

[2026-01-15 15:49:24] [22 MB] [chunked_processor] get_job called
    DATA: Array
(
    [job_id] => f0df9ec8-dce2-4392-a671-1785d207b753
)

[2026-01-15 15:49:24] [22 MB] [chunked_processor] Transient lookup result
    DATA: Array
(
    [option_name] => speed_backups_job_f0df9ec8-dce2-4392-a671-1785d207b753
    [found] => YES
)

[2026-01-15 15:49:24] [22 MB] [chunked_processor] Job retrieved successfully
    DATA: Array
(
    [status] => running
    [type] => backup
)

[2026-01-15 15:49:24] [22 MB] [chunked_processor] get_job called
    DATA: Array
(
    [job_id] => f0df9ec8-dce2-4392-a671-1785d207b753
)

[2026-01-15 15:49:24] [22 MB] [chunked_processor] Transient lookup result
    DATA: Array
(
    [option_name] => speed_backups_job_f0df9ec8-dce2-4392-a671-1785d207b753
    [found] => YES
)

[2026-01-15 15:49:24] [22 MB] [chunked_processor] Job retrieved successfully
    DATA: Array
(
    [status] => running
    [type] => backup
)

[2026-01-15 15:49:25] [22 MB] [ERROR_HANDLER] PHP error handlers registered
[2026-01-15 15:49:25] [22 MB] [chunked_processor] get_job called
    DATA: Array
(
    [job_id] => f0df9ec8-dce2-4392-a671-1785d207b753
)

[2026-01-15 15:49:25] [22 MB] [chunked_processor] Transient lookup result
    DATA: Array
(
    [option_name] => speed_backups_job_f0df9ec8-dce2-4392-a671-1785d207b753
    [found] => YES
)

[2026-01-15 15:49:25] [22 MB] [chunked_processor] Job retrieved successfully
    DATA: Array
(
    [status] => running
    [type] => backup
)

[2026-01-15 15:49:25] [22 MB] [chunked_processor] get_job called
    DATA: Array
(
    [job_id] => f0df9ec8-dce2-4392-a671-1785d207b753
)

[2026-01-15 15:49:25] [22 MB] [chunked_processor] Transient lookup result
    DATA: Array
(
    [option_name] => speed_backups_job_f0df9ec8-dce2-4392-a671-1785d207b753
    [found] => YES
)

[2026-01-15 15:49:25] [22 MB] [chunked_processor] Job retrieved successfully
    DATA: Array
(
    [status] => running
    [type] => backup
)

[2026-01-15 15:49:25] [22 MB] [chunked_processor] get_job called
    DATA: Array
(
    [job_id] => f0df9ec8-dce2-4392-a671-1785d207b753
)

[2026-01-15 15:49:25] [22 MB] [chunked_processor] Transient lookup result
    DATA: Array
(
    [option_name] => speed_backups_job_f0df9ec8-dce2-4392-a671-1785d207b753
    [found] => YES
)

[2026-01-15 15:49:25] [22 MB] [chunked_processor] Job retrieved successfully
    DATA: Array
(
    [status] => running
    [type] => backup
)

[2026-01-15 15:49:25] [22 MB] [chunked_processor] save_job called
    DATA: Array
(
    [job_id] => f0df9ec8-dce2-4392-a671-1785d207b753
    [status] => running
)

[2026-01-15 15:49:25] [22 MB] [chunked_processor] Transient save result
    DATA: Array
(
    [option_name] => speed_backups_job_f0df9ec8-dce2-4392-a671-1785d207b753
    [success] => YES
)

[2026-01-15 15:49:25] [22 MB] [chunked_processor] Option save result
    DATA: Array
(
    [option_name] => speed_backups_job_f0df9ec8-dce2-4392-a671-1785d207b753
    [success] => YES
)

[2026-01-15 15:49:25] [22 MB] [chunked_processor] Save verification (direct DB)
    DATA: Array
(
    [verified] => YES
)

[2026-01-15 15:49:27] [22 MB] [chunked_processor] get_job called
    DATA: Array
(
    [job_id] => f0df9ec8-dce2-4392-a671-1785d207b753
)

[2026-01-15 15:49:27] [22 MB] [chunked_processor] Transient lookup result
    DATA: Array
(
    [option_name] => speed_backups_job_f0df9ec8-dce2-4392-a671-1785d207b753
    [found] => YES
)

[2026-01-15 15:49:27] [22 MB] [chunked_processor] Job retrieved successfully
    DATA: Array
(
    [status] => running
    [type] => backup
)

[2026-01-15 15:49:27] [22 MB] [chunked_processor] save_job called
    DATA: Array
(
    [job_id] => f0df9ec8-dce2-4392-a671-1785d207b753
    [status] => running
)

[2026-01-15 15:49:27] [22 MB] [chunked_processor] Transient save result
    DATA: Array
(
    [option_name] => speed_backups_job_f0df9ec8-dce2-4392-a671-1785d207b753
    [success] => YES
)

[2026-01-15 15:49:27] [22 MB] [chunked_processor] Option save result
    DATA: Array
(
    [option_name] => speed_backups_job_f0df9ec8-dce2-4392-a671-1785d207b753
    [success] => YES
)

[2026-01-15 15:49:27] [22 MB] [chunked_processor] Save verification (direct DB)
    DATA: Array
(
    [verified] => YES
)

[2026-01-15 15:49:27] [22 MB] [chunked_processor] get_job called
    DATA: Array
(
    [job_id] => f0df9ec8-dce2-4392-a671-1785d207b753
)

[2026-01-15 15:49:27] [22 MB] [chunked_processor] Transient lookup result
    DATA: Array
(
    [option_name] => speed_backups_job_f0df9ec8-dce2-4392-a671-1785d207b753
    [found] => YES
)

[2026-01-15 15:49:27] [22 MB] [chunked_processor] Job retrieved successfully
    DATA: Array
(
    [status] => running
    [type] => backup
)

[2026-01-15 15:49:27] [22 MB] [chunked_processor] get_job called
    DATA: Array
(
    [job_id] => f0df9ec8-dce2-4392-a671-1785d207b753
)

[2026-01-15 15:49:27] [22 MB] [chunked_processor] Transient lookup result
    DATA: Array
(
    [option_name] => speed_backups_job_f0df9ec8-dce2-4392-a671-1785d207b753
    [found] => YES
)

[2026-01-15 15:49:27] [22 MB] [chunked_processor] Job retrieved successfully
    DATA: Array
(
    [status] => running
    [type] => backup
)

[2026-01-15 15:49:28] [22 MB] [ERROR_HANDLER] PHP error handlers registered
[2026-01-15 15:49:28] [22 MB] [chunked_processor] get_job called
    DATA: Array
(
    [job_id] => f0df9ec8-dce2-4392-a671-1785d207b753
)

[2026-01-15 15:49:28] [22 MB] [chunked_processor] Transient lookup result
    DATA: Array
(
    [option_name] => speed_backups_job_f0df9ec8-dce2-4392-a671-1785d207b753
    [found] => YES
)

[2026-01-15 15:49:28] [22 MB] [chunked_processor] Job retrieved successfully
    DATA: Array
(
    [status] => running
    [type] => backup
)

[2026-01-15 15:49:28] [22 MB] [chunked_processor] get_job called
    DATA: Array
(
    [job_id] => f0df9ec8-dce2-4392-a671-1785d207b753
)

[2026-01-15 15:49:28] [22 MB] [chunked_processor] Transient lookup result
    DATA: Array
(
    [option_name] => speed_backups_job_f0df9ec8-dce2-4392-a671-1785d207b753
    [found] => YES
)

[2026-01-15 15:49:28] [22 MB] [chunked_processor] Job retrieved successfully
    DATA: Array
(
    [status] => running
    [type] => backup
)

[2026-01-15 15:49:28] [22 MB] [chunked_processor] get_job called
    DATA: Array
(
    [job_id] => f0df9ec8-dce2-4392-a671-1785d207b753
)

[2026-01-15 15:49:28] [22 MB] [chunked_processor] Transient lookup result
    DATA: Array
(
    [option_name] => speed_backups_job_f0df9ec8-dce2-4392-a671-1785d207b753
    [found] => YES
)

[2026-01-15 15:49:28] [22 MB] [chunked_processor] Job retrieved successfully
    DATA: Array
(
    [status] => running
    [type] => backup
)

[2026-01-15 15:49:28] [22 MB] [chunked_processor] save_job called
    DATA: Array
(
    [job_id] => f0df9ec8-dce2-4392-a671-1785d207b753
    [status] => running
)

[2026-01-15 15:49:28] [22 MB] [chunked_processor] Transient save result
    DATA: Array
(
    [option_name] => speed_backups_job_f0df9ec8-dce2-4392-a671-1785d207b753
    [success] => YES
)

[2026-01-15 15:49:28] [22 MB] [chunked_processor] Option save result
    DATA: Array
(
    [option_name] => speed_backups_job_f0df9ec8-dce2-4392-a671-1785d207b753
    [success] => YES
)

[2026-01-15 15:49:28] [22 MB] [chunked_processor] Save verification (direct DB)
    DATA: Array
(
    [verified] => YES
)

[2026-01-15 15:49:30] [24 MB] [chunked_processor] get_job called
    DATA: Array
(
    [job_id] => f0df9ec8-dce2-4392-a671-1785d207b753
)

[2026-01-15 15:49:30] [24 MB] [chunked_processor] Transient lookup result
    DATA: Array
(
    [option_name] => speed_backups_job_f0df9ec8-dce2-4392-a671-1785d207b753
    [found] => YES
)

[2026-01-15 15:49:30] [24 MB] [chunked_processor] Job retrieved successfully
    DATA: Array
(
    [status] => running
    [type] => backup
)

[2026-01-15 15:49:30] [24 MB] [chunked_processor] save_job called
    DATA: Array
(
    [job_id] => f0df9ec8-dce2-4392-a671-1785d207b753
    [status] => running
)

[2026-01-15 15:49:30] [24 MB] [chunked_processor] Transient save result
    DATA: Array
(
    [option_name] => speed_backups_job_f0df9ec8-dce2-4392-a671-1785d207b753
    [success] => YES
)

[2026-01-15 15:49:30] [24 MB] [chunked_processor] Option save result
    DATA: Array
(
    [option_name] => speed_backups_job_f0df9ec8-dce2-4392-a671-1785d207b753
    [success] => YES
)

[2026-01-15 15:49:30] [24 MB] [chunked_processor] Save verification (direct DB)
    DATA: Array
(
    [verified] => YES
)

[2026-01-15 15:49:30] [24 MB] [chunked_processor] get_job called
    DATA: Array
(
    [job_id] => f0df9ec8-dce2-4392-a671-1785d207b753
)

[2026-01-15 15:49:30] [24 MB] [chunked_processor] Transient lookup result
    DATA: Array
(
    [option_name] => speed_backups_job_f0df9ec8-dce2-4392-a671-1785d207b753
    [found] => YES
)

[2026-01-15 15:49:30] [24 MB] [chunked_processor] Job retrieved successfully
    DATA: Array
(
    [status] => running
    [type] => backup
)

[2026-01-15 15:49:30] [24 MB] [chunked_processor] get_job called
    DATA: Array
(
    [job_id] => f0df9ec8-dce2-4392-a671-1785d207b753
)

[2026-01-15 15:49:30] [24 MB] [chunked_processor] Transient lookup result
    DATA: Array
(
    [option_name] => speed_backups_job_f0df9ec8-dce2-4392-a671-1785d207b753
    [found] => YES
)

[2026-01-15 15:49:30] [24 MB] [chunked_processor] Job retrieved successfully
    DATA: Array
(
    [status] => running
    [type] => backup
)

[2026-01-15 15:49:31] [22 MB] [ERROR_HANDLER] PHP error handlers registered
[2026-01-15 15:49:31] [22 MB] [chunked_processor] get_job called
    DATA: Array
(
    [job_id] => f0df9ec8-dce2-4392-a671-1785d207b753
)

[2026-01-15 15:49:31] [22 MB] [chunked_processor] Transient lookup result
    DATA: Array
(
    [option_name] => speed_backups_job_f0df9ec8-dce2-4392-a671-1785d207b753
    [found] => YES
)

[2026-01-15 15:49:31] [22 MB] [chunked_processor] Job retrieved successfully
    DATA: Array
(
    [status] => running
    [type] => backup
)

[2026-01-15 15:49:31] [22 MB] [chunked_processor] get_job called
    DATA: Array
(
    [job_id] => f0df9ec8-dce2-4392-a671-1785d207b753
)

[2026-01-15 15:49:31] [22 MB] [chunked_processor] Transient lookup result
    DATA: Array
(
    [option_name] => speed_backups_job_f0df9ec8-dce2-4392-a671-1785d207b753
    [found] => YES
)

[2026-01-15 15:49:31] [22 MB] [chunked_processor] Job retrieved successfully
    DATA: Array
(
    [status] => running
    [type] => backup
)

[2026-01-15 15:49:31] [22 MB] [chunked_processor] get_job called
    DATA: Array
(
    [job_id] => f0df9ec8-dce2-4392-a671-1785d207b753
)

[2026-01-15 15:49:31] [22 MB] [chunked_processor] Transient lookup result
    DATA: Array
(
    [option_name] => speed_backups_job_f0df9ec8-dce2-4392-a671-1785d207b753
    [found] => YES
)

[2026-01-15 15:49:31] [22 MB] [chunked_processor] Job retrieved successfully
    DATA: Array
(
    [status] => running
    [type] => backup
)

[2026-01-15 15:49:31] [22 MB] [chunked_processor] save_job called
    DATA: Array
(
    [job_id] => f0df9ec8-dce2-4392-a671-1785d207b753
    [status] => running
)

[2026-01-15 15:49:31] [22 MB] [chunked_processor] Transient save result
    DATA: Array
(
    [option_name] => speed_backups_job_f0df9ec8-dce2-4392-a671-1785d207b753
    [success] => YES
)

[2026-01-15 15:49:31] [22 MB] [chunked_processor] Option save result
    DATA: Array
(
    [option_name] => speed_backups_job_f0df9ec8-dce2-4392-a671-1785d207b753
    [success] => YES
)

[2026-01-15 15:49:31] [22 MB] [chunked_processor] Save verification (direct DB)
    DATA: Array
(
    [verified] => YES
)

[2026-01-15 15:49:33] [24 MB] [chunked_processor] get_job called
    DATA: Array
(
    [job_id] => f0df9ec8-dce2-4392-a671-1785d207b753
)

[2026-01-15 15:49:33] [24 MB] [chunked_processor] Transient lookup result
    DATA: Array
(
    [option_name] => speed_backups_job_f0df9ec8-dce2-4392-a671-1785d207b753
    [found] => YES
)

[2026-01-15 15:49:33] [24 MB] [chunked_processor] Job retrieved successfully
    DATA: Array
(
    [status] => running
    [type] => backup
)

[2026-01-15 15:49:33] [24 MB] [chunked_processor] save_job called
    DATA: Array
(
    [job_id] => f0df9ec8-dce2-4392-a671-1785d207b753
    [status] => running
)

[2026-01-15 15:49:33] [24 MB] [chunked_processor] Transient save result
    DATA: Array
(
    [option_name] => speed_backups_job_f0df9ec8-dce2-4392-a671-1785d207b753
    [success] => YES
)

[2026-01-15 15:49:33] [24 MB] [chunked_processor] Option save result
    DATA: Array
(
    [option_name] => speed_backups_job_f0df9ec8-dce2-4392-a671-1785d207b753
    [success] => YES
)

[2026-01-15 15:49:33] [24 MB] [chunked_processor] Save verification (direct DB)
    DATA: Array
(
    [verified] => YES
)

[2026-01-15 15:49:33] [24 MB] [chunked_processor] get_job called
    DATA: Array
(
    [job_id] => f0df9ec8-dce2-4392-a671-1785d207b753
)

[2026-01-15 15:49:33] [24 MB] [chunked_processor] Transient lookup result
    DATA: Array
(
    [option_name] => speed_backups_job_f0df9ec8-dce2-4392-a671-1785d207b753
    [found] => YES
)

[2026-01-15 15:49:33] [24 MB] [chunked_processor] Job retrieved successfully
    DATA: Array
(
    [status] => running
    [type] => backup
)

[2026-01-15 15:49:33] [24 MB] [chunked_processor] get_job called
    DATA: Array
(
    [job_id] => f0df9ec8-dce2-4392-a671-1785d207b753
)

[2026-01-15 15:49:33] [24 MB] [chunked_processor] Transient lookup result
    DATA: Array
(
    [option_name] => speed_backups_job_f0df9ec8-dce2-4392-a671-1785d207b753
    [found] => YES
)

[2026-01-15 15:49:33] [24 MB] [chunked_processor] Job retrieved successfully
    DATA: Array
(
    [status] => running
    [type] => backup
)

[2026-01-15 15:49:34] [20 MB] [ERROR_HANDLER] PHP error handlers registered
[2026-01-15 15:49:34] [20 MB] [chunked_processor] get_job called
    DATA: Array
(
    [job_id] => f0df9ec8-dce2-4392-a671-1785d207b753
)

[2026-01-15 15:49:34] [20 MB] [chunked_processor] Transient lookup result
    DATA: Array
(
    [option_name] => speed_backups_job_f0df9ec8-dce2-4392-a671-1785d207b753
    [found] => YES
)

[2026-01-15 15:49:34] [20 MB] [chunked_processor] Job retrieved successfully
    DATA: Array
(
    [status] => running
    [type] => backup
)

[2026-01-15 15:49:34] [20 MB] [chunked_processor] get_job called
    DATA: Array
(
    [job_id] => f0df9ec8-dce2-4392-a671-1785d207b753
)

[2026-01-15 15:49:34] [20 MB] [chunked_processor] Transient lookup result
    DATA: Array
(
    [option_name] => speed_backups_job_f0df9ec8-dce2-4392-a671-1785d207b753
    [found] => YES
)

[2026-01-15 15:49:34] [20 MB] [chunked_processor] Job retrieved successfully
    DATA: Array
(
    [status] => running
    [type] => backup
)

[2026-01-15 15:49:34] [20 MB] [chunked_processor] get_job called
    DATA: Array
(
    [job_id] => f0df9ec8-dce2-4392-a671-1785d207b753
)

[2026-01-15 15:49:34] [20 MB] [chunked_processor] Transient lookup result
    DATA: Array
(
    [option_name] => speed_backups_job_f0df9ec8-dce2-4392-a671-1785d207b753
    [found] => YES
)

[2026-01-15 15:49:34] [20 MB] [chunked_processor] Job retrieved successfully
    DATA: Array
(
    [status] => running
    [type] => backup
)

[2026-01-15 15:49:34] [20 MB] [chunked_processor] save_job called
    DATA: Array
(
    [job_id] => f0df9ec8-dce2-4392-a671-1785d207b753
    [status] => running
)

[2026-01-15 15:49:34] [20 MB] [chunked_processor] Transient save result
    DATA: Array
(
    [option_name] => speed_backups_job_f0df9ec8-dce2-4392-a671-1785d207b753
    [success] => YES
)

[2026-01-15 15:49:34] [20 MB] [chunked_processor] Option save result
    DATA: Array
(
    [option_name] => speed_backups_job_f0df9ec8-dce2-4392-a671-1785d207b753
    [success] => YES
)

[2026-01-15 15:49:34] [20 MB] [chunked_processor] Save verification (direct DB)
    DATA: Array
(
    [verified] => YES
)

[2026-01-15 15:49:34] [22 MB] [chunked_processor] get_job called
    DATA: Array
(
    [job_id] => f0df9ec8-dce2-4392-a671-1785d207b753
)

[2026-01-15 15:49:34] [22 MB] [chunked_processor] Transient lookup result
    DATA: Array
(
    [option_name] => speed_backups_job_f0df9ec8-dce2-4392-a671-1785d207b753
    [found] => YES
)

[2026-01-15 15:49:34] [22 MB] [chunked_processor] Job retrieved successfully
    DATA: Array
(
    [status] => running
    [type] => backup
)

[2026-01-15 15:49:34] [22 MB] [chunked_processor] save_job called
    DATA: Array
(
    [job_id] => f0df9ec8-dce2-4392-a671-1785d207b753
    [status] => running
)

[2026-01-15 15:49:34] [22 MB] [chunked_processor] Transient save result
    DATA: Array
(
    [option_name] => speed_backups_job_f0df9ec8-dce2-4392-a671-1785d207b753
    [success] => YES
)

[2026-01-15 15:49:34] [22 MB] [chunked_processor] Option save result
    DATA: Array
(
    [option_name] => speed_backups_job_f0df9ec8-dce2-4392-a671-1785d207b753
    [success] => YES
)

[2026-01-15 15:49:34] [22 MB] [chunked_processor] Save verification (direct DB)
    DATA: Array
(
    [verified] => YES
)

[2026-01-15 15:49:34] [22 MB] [chunked_processor] get_job called
    DATA: Array
(
    [job_id] => f0df9ec8-dce2-4392-a671-1785d207b753
)

[2026-01-15 15:49:34] [22 MB] [chunked_processor] Transient lookup result
    DATA: Array
(
    [option_name] => speed_backups_job_f0df9ec8-dce2-4392-a671-1785d207b753
    [found] => YES
)

[2026-01-15 15:49:34] [22 MB] [chunked_processor] Job retrieved successfully
    DATA: Array
(
    [status] => running
    [type] => backup
)

[2026-01-15 15:49:34] [22 MB] [chunked_processor] get_job called
    DATA: Array
(
    [job_id] => f0df9ec8-dce2-4392-a671-1785d207b753
)

[2026-01-15 15:49:34] [22 MB] [chunked_processor] Transient lookup result
    DATA: Array
(
    [option_name] => speed_backups_job_f0df9ec8-dce2-4392-a671-1785d207b753
    [found] => YES
)

[2026-01-15 15:49:34] [22 MB] [chunked_processor] Job retrieved successfully
    DATA: Array
(
    [status] => running
    [type] => backup
)

[2026-01-15 15:49:35] [24 MB] [ERROR_HANDLER] PHP error handlers registered
[2026-01-15 15:49:35] [24 MB] [chunked_processor] get_job called
    DATA: Array
(
    [job_id] => f0df9ec8-dce2-4392-a671-1785d207b753
)

[2026-01-15 15:49:35] [24 MB] [chunked_processor] Transient lookup result
    DATA: Array
(
    [option_name] => speed_backups_job_f0df9ec8-dce2-4392-a671-1785d207b753
    [found] => YES
)

[2026-01-15 15:49:35] [24 MB] [chunked_processor] Job retrieved successfully
    DATA: Array
(
    [status] => running
    [type] => backup
)

[2026-01-15 15:49:35] [24 MB] [chunked_processor] get_job called
    DATA: Array
(
    [job_id] => f0df9ec8-dce2-4392-a671-1785d207b753
)

[2026-01-15 15:49:35] [24 MB] [chunked_processor] Transient lookup result
    DATA: Array
(
    [option_name] => speed_backups_job_f0df9ec8-dce2-4392-a671-1785d207b753
    [found] => YES
)

[2026-01-15 15:49:35] [24 MB] [chunked_processor] Job retrieved successfully
    DATA: Array
(
    [status] => running
    [type] => backup
)

[2026-01-15 15:49:35] [24 MB] [chunked_processor] get_job called
    DATA: Array
(
    [job_id] => f0df9ec8-dce2-4392-a671-1785d207b753
)

[2026-01-15 15:49:35] [24 MB] [chunked_processor] Transient lookup result
    DATA: Array
(
    [option_name] => speed_backups_job_f0df9ec8-dce2-4392-a671-1785d207b753
    [found] => YES
)

[2026-01-15 15:49:35] [24 MB] [chunked_processor] Job retrieved successfully
    DATA: Array
(
    [status] => running
    [type] => backup
)

[2026-01-15 15:49:35] [24 MB] [chunked_processor] save_job called
    DATA: Array
(
    [job_id] => f0df9ec8-dce2-4392-a671-1785d207b753
    [status] => running
)

[2026-01-15 15:49:35] [24 MB] [chunked_processor] Transient save result
    DATA: Array
(
    [option_name] => speed_backups_job_f0df9ec8-dce2-4392-a671-1785d207b753
    [success] => YES
)

[2026-01-15 15:49:35] [24 MB] [chunked_processor] Option save result
    DATA: Array
(
    [option_name] => speed_backups_job_f0df9ec8-dce2-4392-a671-1785d207b753
    [success] => YES
)

[2026-01-15 15:49:35] [24 MB] [chunked_processor] Save verification (direct DB)
    DATA: Array
(
    [verified] => YES
)

[2026-01-15 15:49:36] [28 MB] [chunked_processor] get_job called
    DATA: Array
(
    [job_id] => f0df9ec8-dce2-4392-a671-1785d207b753
)

[2026-01-15 15:49:36] [28 MB] [chunked_processor] Transient lookup result
    DATA: Array
(
    [option_name] => speed_backups_job_f0df9ec8-dce2-4392-a671-1785d207b753
    [found] => YES
)

[2026-01-15 15:49:36] [28 MB] [chunked_processor] Job retrieved successfully
    DATA: Array
(
    [status] => running
    [type] => backup
)

[2026-01-15 15:49:36] [28 MB] [chunked_processor] save_job called
    DATA: Array
(
    [job_id] => f0df9ec8-dce2-4392-a671-1785d207b753
    [status] => running
)

[2026-01-15 15:49:36] [28 MB] [chunked_processor] Transient save result
    DATA: Array
(
    [option_name] => speed_backups_job_f0df9ec8-dce2-4392-a671-1785d207b753
    [success] => YES
)

[2026-01-15 15:49:36] [28 MB] [chunked_processor] Option save result
    DATA: Array
(
    [option_name] => speed_backups_job_f0df9ec8-dce2-4392-a671-1785d207b753
    [success] => YES
)

[2026-01-15 15:49:36] [28 MB] [chunked_processor] Save verification (direct DB)
    DATA: Array
(
    [verified] => YES
)

[2026-01-15 15:49:36] [28 MB] [chunked_processor] get_job called
    DATA: Array
(
    [job_id] => f0df9ec8-dce2-4392-a671-1785d207b753
)

[2026-01-15 15:49:36] [28 MB] [chunked_processor] Transient lookup result
    DATA: Array
(
    [option_name] => speed_backups_job_f0df9ec8-dce2-4392-a671-1785d207b753
    [found] => YES
)

[2026-01-15 15:49:36] [28 MB] [chunked_processor] Job retrieved successfully
    DATA: Array
(
    [status] => running
    [type] => backup
)

[2026-01-15 15:49:36] [28 MB] [chunked_processor] get_job called
    DATA: Array
(
    [job_id] => f0df9ec8-dce2-4392-a671-1785d207b753
)

[2026-01-15 15:49:36] [28 MB] [chunked_processor] Transient lookup result
    DATA: Array
(
    [option_name] => speed_backups_job_f0df9ec8-dce2-4392-a671-1785d207b753
    [found] => YES
)

[2026-01-15 15:49:36] [28 MB] [chunked_processor] Job retrieved successfully
    DATA: Array
(
    [status] => running
    [type] => backup
)

[2026-01-15 15:49:37] [24 MB] [ERROR_HANDLER] PHP error handlers registered
[2026-01-15 15:49:37] [24 MB] [chunked_processor] get_job called
    DATA: Array
(
    [job_id] => f0df9ec8-dce2-4392-a671-1785d207b753
)

[2026-01-15 15:49:37] [24 MB] [chunked_processor] Transient lookup result
    DATA: Array
(
    [option_name] => speed_backups_job_f0df9ec8-dce2-4392-a671-1785d207b753
    [found] => YES
)

[2026-01-15 15:49:37] [24 MB] [chunked_processor] Job retrieved successfully
    DATA: Array
(
    [status] => running
    [type] => backup
)

[2026-01-15 15:49:37] [24 MB] [chunked_processor] get_job called
    DATA: Array
(
    [job_id] => f0df9ec8-dce2-4392-a671-1785d207b753
)

[2026-01-15 15:49:37] [24 MB] [chunked_processor] Transient lookup result
    DATA: Array
(
    [option_name] => speed_backups_job_f0df9ec8-dce2-4392-a671-1785d207b753
    [found] => YES
)

[2026-01-15 15:49:37] [24 MB] [chunked_processor] Job retrieved successfully
    DATA: Array
(
    [status] => running
    [type] => backup
)

[2026-01-15 15:49:37] [24 MB] [chunked_processor] get_job called
    DATA: Array
(
    [job_id] => f0df9ec8-dce2-4392-a671-1785d207b753
)

[2026-01-15 15:49:37] [24 MB] [chunked_processor] Transient lookup result
    DATA: Array
(
    [option_name] => speed_backups_job_f0df9ec8-dce2-4392-a671-1785d207b753
    [found] => YES
)

[2026-01-15 15:49:37] [24 MB] [chunked_processor] Job retrieved successfully
    DATA: Array
(
    [status] => running
    [type] => backup
)

[2026-01-15 15:49:37] [24 MB] [chunked_processor] save_job called
    DATA: Array
(
    [job_id] => f0df9ec8-dce2-4392-a671-1785d207b753
    [status] => running
)

[2026-01-15 15:49:37] [24 MB] [chunked_processor] Transient save result
    DATA: Array
(
    [option_name] => speed_backups_job_f0df9ec8-dce2-4392-a671-1785d207b753
    [success] => YES
)

[2026-01-15 15:49:37] [24 MB] [chunked_processor] Option save result
    DATA: Array
(
    [option_name] => speed_backups_job_f0df9ec8-dce2-4392-a671-1785d207b753
    [success] => YES
)

[2026-01-15 15:49:37] [24 MB] [chunked_processor] Save verification (direct DB)
    DATA: Array
(
    [verified] => YES
)

[2026-01-15 15:49:39] [26 MB] [chunked_processor] get_job called
    DATA: Array
(
    [job_id] => f0df9ec8-dce2-4392-a671-1785d207b753
)

[2026-01-15 15:49:39] [26 MB] [chunked_processor] Transient lookup result
    DATA: Array
(
    [option_name] => speed_backups_job_f0df9ec8-dce2-4392-a671-1785d207b753
    [found] => YES
)

[2026-01-15 15:49:39] [26 MB] [chunked_processor] Job retrieved successfully
    DATA: Array
(
    [status] => running
    [type] => backup
)

[2026-01-15 15:49:39] [26 MB] [chunked_processor] save_job called
    DATA: Array
(
    [job_id] => f0df9ec8-dce2-4392-a671-1785d207b753
    [status] => running
)

[2026-01-15 15:49:39] [26 MB] [chunked_processor] Transient save result
    DATA: Array
(
    [option_name] => speed_backups_job_f0df9ec8-dce2-4392-a671-1785d207b753
    [success] => YES
)

[2026-01-15 15:49:39] [26 MB] [chunked_processor] Option save result
    DATA: Array
(
    [option_name] => speed_backups_job_f0df9ec8-dce2-4392-a671-1785d207b753
    [success] => YES
)

[2026-01-15 15:49:39] [26 MB] [chunked_processor] Save verification (direct DB)
    DATA: Array
(
    [verified] => YES
)

[2026-01-15 15:49:39] [26 MB] [chunked_processor] get_job called
    DATA: Array
(
    [job_id] => f0df9ec8-dce2-4392-a671-1785d207b753
)

[2026-01-15 15:49:39] [26 MB] [chunked_processor] Transient lookup result
    DATA: Array
(
    [option_name] => speed_backups_job_f0df9ec8-dce2-4392-a671-1785d207b753
    [found] => YES
)

[2026-01-15 15:49:39] [26 MB] [chunked_processor] Job retrieved successfully
    DATA: Array
(
    [status] => running
    [type] => backup
)

[2026-01-15 15:49:39] [26 MB] [chunked_processor] get_job called
    DATA: Array
(
    [job_id] => f0df9ec8-dce2-4392-a671-1785d207b753
)

[2026-01-15 15:49:39] [26 MB] [chunked_processor] Transient lookup result
    DATA: Array
(
    [option_name] => speed_backups_job_f0df9ec8-dce2-4392-a671-1785d207b753
    [found] => YES
)

[2026-01-15 15:49:39] [26 MB] [chunked_processor] Job retrieved successfully
    DATA: Array
(
    [status] => running
    [type] => backup
)

[2026-01-15 15:49:40] [22 MB] [ERROR_HANDLER] PHP error handlers registered
[2026-01-15 15:49:40] [22 MB] [chunked_processor] get_job called
    DATA: Array
(
    [job_id] => f0df9ec8-dce2-4392-a671-1785d207b753
)

[2026-01-15 15:49:40] [22 MB] [chunked_processor] Transient lookup result
    DATA: Array
(
    [option_name] => speed_backups_job_f0df9ec8-dce2-4392-a671-1785d207b753
    [found] => YES
)

[2026-01-15 15:49:40] [22 MB] [chunked_processor] Job retrieved successfully
    DATA: Array
(
    [status] => running
    [type] => backup
)

[2026-01-15 15:49:40] [22 MB] [chunked_processor] get_job called
    DATA: Array
(
    [job_id] => f0df9ec8-dce2-4392-a671-1785d207b753
)

[2026-01-15 15:49:40] [22 MB] [chunked_processor] Transient lookup result
    DATA: Array
(
    [option_name] => speed_backups_job_f0df9ec8-dce2-4392-a671-1785d207b753
    [found] => YES
)

[2026-01-15 15:49:40] [22 MB] [chunked_processor] Job retrieved successfully
    DATA: Array
(
    [status] => running
    [type] => backup
)

[2026-01-15 15:49:40] [22 MB] [chunked_processor] get_job called
    DATA: Array
(
    [job_id] => f0df9ec8-dce2-4392-a671-1785d207b753
)

[2026-01-15 15:49:40] [22 MB] [chunked_processor] Transient lookup result
    DATA: Array
(
    [option_name] => speed_backups_job_f0df9ec8-dce2-4392-a671-1785d207b753
    [found] => YES
)

[2026-01-15 15:49:40] [22 MB] [chunked_processor] Job retrieved successfully
    DATA: Array
(
    [status] => running
    [type] => backup
)

[2026-01-15 15:49:40] [22 MB] [chunked_processor] save_job called
    DATA: Array
(
    [job_id] => f0df9ec8-dce2-4392-a671-1785d207b753
    [status] => running
)

[2026-01-15 15:49:40] [22 MB] [chunked_processor] Transient save result
    DATA: Array
(
    [option_name] => speed_backups_job_f0df9ec8-dce2-4392-a671-1785d207b753
    [success] => YES
)

[2026-01-15 15:49:40] [22 MB] [chunked_processor] Option save result
    DATA: Array
(
    [option_name] => speed_backups_job_f0df9ec8-dce2-4392-a671-1785d207b753
    [success] => YES
)

[2026-01-15 15:49:40] [22 MB] [chunked_processor] Save verification (direct DB)
    DATA: Array
(
    [verified] => YES
)

[2026-01-15 15:49:45] [24 MB] [chunked_processor] get_job called
    DATA: Array
(
    [job_id] => f0df9ec8-dce2-4392-a671-1785d207b753
)

[2026-01-15 15:49:45] [24 MB] [chunked_processor] Transient lookup result
    DATA: Array
(
    [option_name] => speed_backups_job_f0df9ec8-dce2-4392-a671-1785d207b753
    [found] => YES
)

[2026-01-15 15:49:45] [24 MB] [chunked_processor] Job retrieved successfully
    DATA: Array
(
    [status] => running
    [type] => backup
)

[2026-01-15 15:49:45] [24 MB] [chunked_processor] save_job called
    DATA: Array
(
    [job_id] => f0df9ec8-dce2-4392-a671-1785d207b753
    [status] => running
)

[2026-01-15 15:49:45] [24 MB] [chunked_processor] Transient save result
    DATA: Array
(
    [option_name] => speed_backups_job_f0df9ec8-dce2-4392-a671-1785d207b753
    [success] => YES
)

[2026-01-15 15:49:45] [24 MB] [chunked_processor] Option save result
    DATA: Array
(
    [option_name] => speed_backups_job_f0df9ec8-dce2-4392-a671-1785d207b753
    [success] => YES
)

[2026-01-15 15:49:45] [24 MB] [chunked_processor] Save verification (direct DB)
    DATA: Array
(
    [verified] => YES
)

[2026-01-15 15:49:45] [24 MB] [chunked_processor] get_job called
    DATA: Array
(
    [job_id] => f0df9ec8-dce2-4392-a671-1785d207b753
)

[2026-01-15 15:49:45] [24 MB] [chunked_processor] Transient lookup result
    DATA: Array
(
    [option_name] => speed_backups_job_f0df9ec8-dce2-4392-a671-1785d207b753
    [found] => YES
)

[2026-01-15 15:49:45] [24 MB] [chunked_processor] Job retrieved successfully
    DATA: Array
(
    [status] => running
    [type] => backup
)

[2026-01-15 15:49:45] [24 MB] [chunked_processor] get_job called
    DATA: Array
(
    [job_id] => f0df9ec8-dce2-4392-a671-1785d207b753
)

[2026-01-15 15:49:45] [24 MB] [chunked_processor] Transient lookup result
    DATA: Array
(
    [option_name] => speed_backups_job_f0df9ec8-dce2-4392-a671-1785d207b753
    [found] => YES
)

[2026-01-15 15:49:45] [24 MB] [chunked_processor] Job retrieved successfully
    DATA: Array
(
    [status] => running
    [type] => backup
)

[2026-01-15 15:49:46] [28 MB] [ERROR_HANDLER] PHP error handlers registered
[2026-01-15 15:49:46] [28 MB] [chunked_processor] get_job called
    DATA: Array
(
    [job_id] => f0df9ec8-dce2-4392-a671-1785d207b753
)

[2026-01-15 15:49:46] [28 MB] [chunked_processor] Transient lookup result
    DATA: Array
(
    [option_name] => speed_backups_job_f0df9ec8-dce2-4392-a671-1785d207b753
    [found] => YES
)

[2026-01-15 15:49:46] [28 MB] [chunked_processor] Job retrieved successfully
    DATA: Array
(
    [status] => running
    [type] => backup
)

[2026-01-15 15:49:46] [28 MB] [chunked_processor] get_job called
    DATA: Array
(
    [job_id] => f0df9ec8-dce2-4392-a671-1785d207b753
)

[2026-01-15 15:49:46] [28 MB] [chunked_processor] Transient lookup result
    DATA: Array
(
    [option_name] => speed_backups_job_f0df9ec8-dce2-4392-a671-1785d207b753
    [found] => YES
)

[2026-01-15 15:49:46] [28 MB] [chunked_processor] Job retrieved successfully
    DATA: Array
(
    [status] => running
    [type] => backup
)

[2026-01-15 15:49:46] [28 MB] [chunked_processor] get_job called
    DATA: Array
(
    [job_id] => f0df9ec8-dce2-4392-a671-1785d207b753
)

[2026-01-15 15:49:46] [28 MB] [chunked_processor] Transient lookup result
    DATA: Array
(
    [option_name] => speed_backups_job_f0df9ec8-dce2-4392-a671-1785d207b753
    [found] => YES
)

[2026-01-15 15:49:46] [28 MB] [chunked_processor] Job retrieved successfully
    DATA: Array
(
    [status] => running
    [type] => backup
)

[2026-01-15 15:49:46] [28 MB] [chunked_processor] save_job called
    DATA: Array
(
    [job_id] => f0df9ec8-dce2-4392-a671-1785d207b753
    [status] => running
)

[2026-01-15 15:49:46] [28 MB] [chunked_processor] Transient save result
    DATA: Array
(
    [option_name] => speed_backups_job_f0df9ec8-dce2-4392-a671-1785d207b753
    [success] => YES
)

[2026-01-15 15:49:46] [28 MB] [chunked_processor] Option save result
    DATA: Array
(
    [option_name] => speed_backups_job_f0df9ec8-dce2-4392-a671-1785d207b753
    [success] => YES
)

[2026-01-15 15:49:46] [28 MB] [chunked_processor] Save verification (direct DB)
    DATA: Array
(
    [verified] => YES
)

[2026-01-15 15:49:49] [28 MB] [chunked_processor] get_job called
    DATA: Array
(
    [job_id] => f0df9ec8-dce2-4392-a671-1785d207b753
)

[2026-01-15 15:49:49] [28 MB] [chunked_processor] Transient lookup result
    DATA: Array
(
    [option_name] => speed_backups_job_f0df9ec8-dce2-4392-a671-1785d207b753
    [found] => YES
)

[2026-01-15 15:49:49] [28 MB] [chunked_processor] Job retrieved successfully
    DATA: Array
(
    [status] => running
    [type] => backup
)

[2026-01-15 15:49:49] [28 MB] [chunked_processor] save_job called
    DATA: Array
(
    [job_id] => f0df9ec8-dce2-4392-a671-1785d207b753
    [status] => running
)

[2026-01-15 15:49:49] [28 MB] [chunked_processor] Transient save result
    DATA: Array
(
    [option_name] => speed_backups_job_f0df9ec8-dce2-4392-a671-1785d207b753
    [success] => YES
)

[2026-01-15 15:49:49] [28 MB] [chunked_processor] Option save result
    DATA: Array
(
    [option_name] => speed_backups_job_f0df9ec8-dce2-4392-a671-1785d207b753
    [success] => YES
)

[2026-01-15 15:49:49] [28 MB] [chunked_processor] Save verification (direct DB)
    DATA: Array
(
    [verified] => YES
)

[2026-01-15 15:49:49] [28 MB] [chunked_processor] get_job called
    DATA: Array
(
    [job_id] => f0df9ec8-dce2-4392-a671-1785d207b753
)

[2026-01-15 15:49:49] [28 MB] [chunked_processor] Transient lookup result
    DATA: Array
(
    [option_name] => speed_backups_job_f0df9ec8-dce2-4392-a671-1785d207b753
    [found] => YES
)

[2026-01-15 15:49:49] [28 MB] [chunked_processor] Job retrieved successfully
    DATA: Array
(
    [status] => running
    [type] => backup
)

[2026-01-15 15:49:49] [28 MB] [chunked_processor] get_job called
    DATA: Array
(
    [job_id] => f0df9ec8-dce2-4392-a671-1785d207b753
)

[2026-01-15 15:49:49] [28 MB] [chunked_processor] Transient lookup result
    DATA: Array
(
    [option_name] => speed_backups_job_f0df9ec8-dce2-4392-a671-1785d207b753
    [found] => YES
)

[2026-01-15 15:49:49] [28 MB] [chunked_processor] Job retrieved successfully
    DATA: Array
(
    [status] => running
    [type] => backup
)

[2026-01-15 15:49:50] [26 MB] [ERROR_HANDLER] PHP error handlers registered
[2026-01-15 15:49:50] [26 MB] [chunked_processor] get_job called
    DATA: Array
(
    [job_id] => f0df9ec8-dce2-4392-a671-1785d207b753
)

[2026-01-15 15:49:50] [26 MB] [chunked_processor] Transient lookup result
    DATA: Array
(
    [option_name] => speed_backups_job_f0df9ec8-dce2-4392-a671-1785d207b753
    [found] => YES
)

[2026-01-15 15:49:50] [26 MB] [chunked_processor] Job retrieved successfully
    DATA: Array
(
    [status] => running
    [type] => backup
)

[2026-01-15 15:49:50] [26 MB] [chunked_processor] get_job called
    DATA: Array
(
    [job_id] => f0df9ec8-dce2-4392-a671-1785d207b753
)

[2026-01-15 15:49:50] [26 MB] [chunked_processor] Transient lookup result
    DATA: Array
(
    [option_name] => speed_backups_job_f0df9ec8-dce2-4392-a671-1785d207b753
    [found] => YES
)

[2026-01-15 15:49:50] [26 MB] [chunked_processor] Job retrieved successfully
    DATA: Array
(
    [status] => running
    [type] => backup
)

[2026-01-15 15:49:50] [26 MB] [chunked_processor] get_job called
    DATA: Array
(
    [job_id] => f0df9ec8-dce2-4392-a671-1785d207b753
)

[2026-01-15 15:49:50] [26 MB] [chunked_processor] Transient lookup result
    DATA: Array
(
    [option_name] => speed_backups_job_f0df9ec8-dce2-4392-a671-1785d207b753
    [found] => YES
)

[2026-01-15 15:49:50] [26 MB] [chunked_processor] Job retrieved successfully
    DATA: Array
(
    [status] => running
    [type] => backup
)

[2026-01-15 15:49:50] [26 MB] [chunked_processor] save_job called
    DATA: Array
(
    [job_id] => f0df9ec8-dce2-4392-a671-1785d207b753
    [status] => running
)

[2026-01-15 15:49:50] [26 MB] [chunked_processor] Transient save result
    DATA: Array
(
    [option_name] => speed_backups_job_f0df9ec8-dce2-4392-a671-1785d207b753
    [success] => YES
)

[2026-01-15 15:49:50] [26 MB] [chunked_processor] Option save result
    DATA: Array
(
    [option_name] => speed_backups_job_f0df9ec8-dce2-4392-a671-1785d207b753
    [success] => YES
)

[2026-01-15 15:49:50] [26 MB] [chunked_processor] Save verification (direct DB)
    DATA: Array
(
    [verified] => YES
)

[2026-01-15 15:49:51] [26 MB] [chunked_processor] get_job called
    DATA: Array
(
    [job_id] => f0df9ec8-dce2-4392-a671-1785d207b753
)

[2026-01-15 15:49:51] [26 MB] [chunked_processor] Transient lookup result
    DATA: Array
(
    [option_name] => speed_backups_job_f0df9ec8-dce2-4392-a671-1785d207b753
    [found] => YES
)

[2026-01-15 15:49:51] [26 MB] [chunked_processor] Job retrieved successfully
    DATA: Array
(
    [status] => running
    [type] => backup
)

[2026-01-15 15:49:51] [26 MB] [chunked_processor] save_job called
    DATA: Array
(
    [job_id] => f0df9ec8-dce2-4392-a671-1785d207b753
    [status] => running
)

[2026-01-15 15:49:52] [26 MB] [chunked_processor] Transient save result
    DATA: Array
(
    [option_name] => speed_backups_job_f0df9ec8-dce2-4392-a671-1785d207b753
    [success] => YES
)

[2026-01-15 15:49:52] [26 MB] [chunked_processor] Option save result
    DATA: Array
(
    [option_name] => speed_backups_job_f0df9ec8-dce2-4392-a671-1785d207b753
    [success] => YES
)

[2026-01-15 15:49:52] [26 MB] [chunked_processor] Save verification (direct DB)
    DATA: Array
(
    [verified] => YES
)

[2026-01-15 15:49:52] [26 MB] [chunked_processor] get_job called
    DATA: Array
(
    [job_id] => f0df9ec8-dce2-4392-a671-1785d207b753
)

[2026-01-15 15:49:52] [26 MB] [chunked_processor] Transient lookup result
    DATA: Array
(
    [option_name] => speed_backups_job_f0df9ec8-dce2-4392-a671-1785d207b753
    [found] => YES
)

[2026-01-15 15:49:52] [26 MB] [chunked_processor] Job retrieved successfully
    DATA: Array
(
    [status] => running
    [type] => backup
)

[2026-01-15 15:49:52] [26 MB] [chunked_processor] get_job called
    DATA: Array
(
    [job_id] => f0df9ec8-dce2-4392-a671-1785d207b753
)

[2026-01-15 15:49:52] [26 MB] [chunked_processor] Transient lookup result
    DATA: Array
(
    [option_name] => speed_backups_job_f0df9ec8-dce2-4392-a671-1785d207b753
    [found] => YES
)

[2026-01-15 15:49:52] [26 MB] [chunked_processor] Job retrieved successfully
    DATA: Array
(
    [status] => running
    [type] => backup
)

[2026-01-15 15:49:53] [24 MB] [ERROR_HANDLER] PHP error handlers registered
[2026-01-15 15:49:53] [24 MB] [chunked_processor] get_job called
    DATA: Array
(
    [job_id] => f0df9ec8-dce2-4392-a671-1785d207b753
)

[2026-01-15 15:49:53] [24 MB] [chunked_processor] Transient lookup result
    DATA: Array
(
    [option_name] => speed_backups_job_f0df9ec8-dce2-4392-a671-1785d207b753
    [found] => YES
)

[2026-01-15 15:49:53] [24 MB] [chunked_processor] Job retrieved successfully
    DATA: Array
(
    [status] => running
    [type] => backup
)

[2026-01-15 15:49:53] [24 MB] [chunked_processor] get_job called
    DATA: Array
(
    [job_id] => f0df9ec8-dce2-4392-a671-1785d207b753
)

[2026-01-15 15:49:53] [24 MB] [chunked_processor] Transient lookup result
    DATA: Array
(
    [option_name] => speed_backups_job_f0df9ec8-dce2-4392-a671-1785d207b753
    [found] => YES
)

[2026-01-15 15:49:53] [24 MB] [chunked_processor] Job retrieved successfully
    DATA: Array
(
    [status] => running
    [type] => backup
)

[2026-01-15 15:49:53] [24 MB] [chunked_processor] get_job called
    DATA: Array
(
    [job_id] => f0df9ec8-dce2-4392-a671-1785d207b753
)

[2026-01-15 15:49:53] [24 MB] [chunked_processor] Transient lookup result
    DATA: Array
(
    [option_name] => speed_backups_job_f0df9ec8-dce2-4392-a671-1785d207b753
    [found] => YES
)

[2026-01-15 15:49:53] [24 MB] [chunked_processor] Job retrieved successfully
    DATA: Array
(
    [status] => running
    [type] => backup
)

[2026-01-15 15:49:53] [24 MB] [chunked_processor] save_job called
    DATA: Array
(
    [job_id] => f0df9ec8-dce2-4392-a671-1785d207b753
    [status] => running
)

[2026-01-15 15:49:53] [24 MB] [chunked_processor] Transient save result
    DATA: Array
(
    [option_name] => speed_backups_job_f0df9ec8-dce2-4392-a671-1785d207b753
    [success] => YES
)

[2026-01-15 15:49:53] [24 MB] [chunked_processor] Option save result
    DATA: Array
(
    [option_name] => speed_backups_job_f0df9ec8-dce2-4392-a671-1785d207b753
    [success] => YES
)

[2026-01-15 15:49:53] [24 MB] [chunked_processor] Save verification (direct DB)
    DATA: Array
(
    [verified] => YES
)

[2026-01-15 15:49:57] [24 MB] [chunked_processor] get_job called
    DATA: Array
(
    [job_id] => f0df9ec8-dce2-4392-a671-1785d207b753
)

[2026-01-15 15:49:57] [24 MB] [chunked_processor] Transient lookup result
    DATA: Array
(
    [option_name] => speed_backups_job_f0df9ec8-dce2-4392-a671-1785d207b753
    [found] => YES
)

[2026-01-15 15:49:57] [24 MB] [chunked_processor] Job retrieved successfully
    DATA: Array
(
    [status] => running
    [type] => backup
)

[2026-01-15 15:49:57] [24 MB] [chunked_processor] save_job called
    DATA: Array
(
    [job_id] => f0df9ec8-dce2-4392-a671-1785d207b753
    [status] => running
)

[2026-01-15 15:49:57] [24 MB] [chunked_processor] Transient save result
    DATA: Array
(
    [option_name] => speed_backups_job_f0df9ec8-dce2-4392-a671-1785d207b753
    [success] => YES
)

[2026-01-15 15:49:57] [24 MB] [chunked_processor] Option save result
    DATA: Array
(
    [option_name] => speed_backups_job_f0df9ec8-dce2-4392-a671-1785d207b753
    [success] => YES
)

[2026-01-15 15:49:57] [24 MB] [chunked_processor] Save verification (direct DB)
    DATA: Array
(
    [verified] => YES
)

[2026-01-15 15:49:57] [24 MB] [chunked_processor] get_job called
    DATA: Array
(
    [job_id] => f0df9ec8-dce2-4392-a671-1785d207b753
)

[2026-01-15 15:49:57] [24 MB] [chunked_processor] Transient lookup result
    DATA: Array
(
    [option_name] => speed_backups_job_f0df9ec8-dce2-4392-a671-1785d207b753
    [found] => YES
)

[2026-01-15 15:49:57] [24 MB] [chunked_processor] Job retrieved successfully
    DATA: Array
(
    [status] => running
    [type] => backup
)

[2026-01-15 15:49:57] [24 MB] [chunked_processor] get_job called
    DATA: Array
(
    [job_id] => f0df9ec8-dce2-4392-a671-1785d207b753
)

[2026-01-15 15:49:57] [24 MB] [chunked_processor] Transient lookup result
    DATA: Array
(
    [option_name] => speed_backups_job_f0df9ec8-dce2-4392-a671-1785d207b753
    [found] => YES
)

[2026-01-15 15:49:57] [24 MB] [chunked_processor] Job retrieved successfully
    DATA: Array
(
    [status] => running
    [type] => backup
)

[2026-01-15 15:49:58] [26 MB] [ERROR_HANDLER] PHP error handlers registered
[2026-01-15 15:49:58] [26 MB] [chunked_processor] get_job called
    DATA: Array
(
    [job_id] => f0df9ec8-dce2-4392-a671-1785d207b753
)

[2026-01-15 15:49:58] [26 MB] [chunked_processor] Transient lookup result
    DATA: Array
(
    [option_name] => speed_backups_job_f0df9ec8-dce2-4392-a671-1785d207b753
    [found] => YES
)

[2026-01-15 15:49:58] [26 MB] [chunked_processor] Job retrieved successfully
    DATA: Array
(
    [status] => running
    [type] => backup
)

[2026-01-15 15:49:58] [26 MB] [chunked_processor] get_job called
    DATA: Array
(
    [job_id] => f0df9ec8-dce2-4392-a671-1785d207b753
)

[2026-01-15 15:49:58] [26 MB] [chunked_processor] Transient lookup result
    DATA: Array
(
    [option_name] => speed_backups_job_f0df9ec8-dce2-4392-a671-1785d207b753
    [found] => YES
)

[2026-01-15 15:49:58] [26 MB] [chunked_processor] Job retrieved successfully
    DATA: Array
(
    [status] => running
    [type] => backup
)

[2026-01-15 15:49:58] [26 MB] [chunked_processor] get_job called
    DATA: Array
(
    [job_id] => f0df9ec8-dce2-4392-a671-1785d207b753
)

[2026-01-15 15:49:58] [26 MB] [chunked_processor] Transient lookup result
    DATA: Array
(
    [option_name] => speed_backups_job_f0df9ec8-dce2-4392-a671-1785d207b753
    [found] => YES
)

[2026-01-15 15:49:58] [26 MB] [chunked_processor] Job retrieved successfully
    DATA: Array
(
    [status] => running
    [type] => backup
)

[2026-01-15 15:49:58] [26 MB] [chunked_processor] save_job called
    DATA: Array
(
    [job_id] => f0df9ec8-dce2-4392-a671-1785d207b753
    [status] => running
)

[2026-01-15 15:49:58] [26 MB] [chunked_processor] Transient save result
    DATA: Array
(
    [option_name] => speed_backups_job_f0df9ec8-dce2-4392-a671-1785d207b753
    [success] => YES
)

[2026-01-15 15:49:58] [26 MB] [chunked_processor] Option save result
    DATA: Array
(
    [option_name] => speed_backups_job_f0df9ec8-dce2-4392-a671-1785d207b753
    [success] => YES
)

[2026-01-15 15:49:58] [26 MB] [chunked_processor] Save verification (direct DB)
    DATA: Array
(
    [verified] => YES
)

[2026-01-15 15:49:58] [26 MB] [chunked_processor] get_job called
    DATA: Array
(
    [job_id] => f0df9ec8-dce2-4392-a671-1785d207b753
)

[2026-01-15 15:49:58] [26 MB] [chunked_processor] Transient lookup result
    DATA: Array
(
    [option_name] => speed_backups_job_f0df9ec8-dce2-4392-a671-1785d207b753
    [found] => YES
)

[2026-01-15 15:49:58] [26 MB] [chunked_processor] Job retrieved successfully
    DATA: Array
(
    [status] => running
    [type] => backup
)

[2026-01-15 15:49:58] [26 MB] [chunked_processor] save_job called
    DATA: Array
(
    [job_id] => f0df9ec8-dce2-4392-a671-1785d207b753
    [status] => running
)

[2026-01-15 15:49:58] [26 MB] [chunked_processor] Transient save result
    DATA: Array
(
    [option_name] => speed_backups_job_f0df9ec8-dce2-4392-a671-1785d207b753
    [success] => YES
)

[2026-01-15 15:49:58] [26 MB] [chunked_processor] Option save result
    DATA: Array
(
    [option_name] => speed_backups_job_f0df9ec8-dce2-4392-a671-1785d207b753
    [success] => YES
)

[2026-01-15 15:49:58] [26 MB] [chunked_processor] Save verification (direct DB)
    DATA: Array
(
    [verified] => YES
)

[2026-01-15 15:49:58] [26 MB] [chunked_processor] get_job called
    DATA: Array
(
    [job_id] => f0df9ec8-dce2-4392-a671-1785d207b753
)

[2026-01-15 15:49:58] [26 MB] [chunked_processor] Transient lookup result
    DATA: Array
(
    [option_name] => speed_backups_job_f0df9ec8-dce2-4392-a671-1785d207b753
    [found] => YES
)

[2026-01-15 15:49:58] [26 MB] [chunked_processor] Job retrieved successfully
    DATA: Array
(
    [status] => running
    [type] => backup
)

[2026-01-15 15:49:58] [26 MB] [chunked_processor] get_job called
    DATA: Array
(
    [job_id] => f0df9ec8-dce2-4392-a671-1785d207b753
)

[2026-01-15 15:49:58] [26 MB] [chunked_processor] Transient lookup result
    DATA: Array
(
    [option_name] => speed_backups_job_f0df9ec8-dce2-4392-a671-1785d207b753
    [found] => YES
)

[2026-01-15 15:49:58] [26 MB] [chunked_processor] Job retrieved successfully
    DATA: Array
(
    [status] => running
    [type] => backup
)

[2026-01-15 15:49:59] [24 MB] [ERROR_HANDLER] PHP error handlers registered
[2026-01-15 15:49:59] [24 MB] [chunked_processor] get_job called
    DATA: Array
(
    [job_id] => f0df9ec8-dce2-4392-a671-1785d207b753
)

[2026-01-15 15:49:59] [24 MB] [chunked_processor] Transient lookup result
    DATA: Array
(
    [option_name] => speed_backups_job_f0df9ec8-dce2-4392-a671-1785d207b753
    [found] => YES
)

[2026-01-15 15:49:59] [24 MB] [chunked_processor] Job retrieved successfully
    DATA: Array
(
    [status] => running
    [type] => backup
)

[2026-01-15 15:49:59] [24 MB] [chunked_processor] get_job called
    DATA: Array
(
    [job_id] => f0df9ec8-dce2-4392-a671-1785d207b753
)

[2026-01-15 15:49:59] [24 MB] [chunked_processor] Transient lookup result
    DATA: Array
(
    [option_name] => speed_backups_job_f0df9ec8-dce2-4392-a671-1785d207b753
    [found] => YES
)

[2026-01-15 15:49:59] [24 MB] [chunked_processor] Job retrieved successfully
    DATA: Array
(
    [status] => running
    [type] => backup
)

[2026-01-15 15:49:59] [24 MB] [chunked_processor] get_job called
    DATA: Array
(
    [job_id] => f0df9ec8-dce2-4392-a671-1785d207b753
)

[2026-01-15 15:49:59] [24 MB] [chunked_processor] Transient lookup result
    DATA: Array
(
    [option_name] => speed_backups_job_f0df9ec8-dce2-4392-a671-1785d207b753
    [found] => YES
)

[2026-01-15 15:49:59] [24 MB] [chunked_processor] Job retrieved successfully
    DATA: Array
(
    [status] => running
    [type] => backup
)

[2026-01-15 15:49:59] [24 MB] [chunked_processor] save_job called
    DATA: Array
(
    [job_id] => f0df9ec8-dce2-4392-a671-1785d207b753
    [status] => running
)

[2026-01-15 15:49:59] [24 MB] [chunked_processor] Transient save result
    DATA: Array
(
    [option_name] => speed_backups_job_f0df9ec8-dce2-4392-a671-1785d207b753
    [success] => YES
)

[2026-01-15 15:49:59] [24 MB] [chunked_processor] Option save result
    DATA: Array
(
    [option_name] => speed_backups_job_f0df9ec8-dce2-4392-a671-1785d207b753
    [success] => YES
)

[2026-01-15 15:49:59] [24 MB] [chunked_processor] Save verification (direct DB)
    DATA: Array
(
    [verified] => YES
)

[2026-01-15 15:50:00] [24 MB] [chunked_processor] get_job called
    DATA: Array
(
    [job_id] => f0df9ec8-dce2-4392-a671-1785d207b753
)

[2026-01-15 15:50:00] [24 MB] [chunked_processor] Transient lookup result
    DATA: Array
(
    [option_name] => speed_backups_job_f0df9ec8-dce2-4392-a671-1785d207b753
    [found] => YES
)

[2026-01-15 15:50:00] [24 MB] [chunked_processor] Job retrieved successfully
    DATA: Array
(
    [status] => running
    [type] => backup
)

[2026-01-15 15:50:00] [24 MB] [chunked_processor] save_job called
    DATA: Array
(
    [job_id] => f0df9ec8-dce2-4392-a671-1785d207b753
    [status] => running
)

[2026-01-15 15:50:00] [24 MB] [chunked_processor] Transient save result
    DATA: Array
(
    [option_name] => speed_backups_job_f0df9ec8-dce2-4392-a671-1785d207b753
    [success] => YES
)

[2026-01-15 15:50:00] [24 MB] [chunked_processor] Option save result
    DATA: Array
(
    [option_name] => speed_backups_job_f0df9ec8-dce2-4392-a671-1785d207b753
    [success] => YES
)

[2026-01-15 15:50:00] [24 MB] [chunked_processor] Save verification (direct DB)
    DATA: Array
(
    [verified] => YES
)

[2026-01-15 15:50:00] [24 MB] [chunked_processor] get_job called
    DATA: Array
(
    [job_id] => f0df9ec8-dce2-4392-a671-1785d207b753
)

[2026-01-15 15:50:00] [24 MB] [chunked_processor] Transient lookup result
    DATA: Array
(
    [option_name] => speed_backups_job_f0df9ec8-dce2-4392-a671-1785d207b753
    [found] => YES
)

[2026-01-15 15:50:00] [24 MB] [chunked_processor] Job retrieved successfully
    DATA: Array
(
    [status] => running
    [type] => backup
)

[2026-01-15 15:50:00] [24 MB] [chunked_processor] get_job called
    DATA: Array
(
    [job_id] => f0df9ec8-dce2-4392-a671-1785d207b753
)

[2026-01-15 15:50:00] [24 MB] [chunked_processor] Transient lookup result
    DATA: Array
(
    [option_name] => speed_backups_job_f0df9ec8-dce2-4392-a671-1785d207b753
    [found] => YES
)

[2026-01-15 15:50:00] [24 MB] [chunked_processor] Job retrieved successfully
    DATA: Array
(
    [status] => running
    [type] => backup
)

[2026-01-15 15:50:01] [22 MB] [ERROR_HANDLER] PHP error handlers registered
[2026-01-15 15:50:01] [22 MB] [chunked_processor] get_job called
    DATA: Array
(
    [job_id] => f0df9ec8-dce2-4392-a671-1785d207b753
)

[2026-01-15 15:50:01] [22 MB] [chunked_processor] Transient lookup result
    DATA: Array
(
    [option_name] => speed_backups_job_f0df9ec8-dce2-4392-a671-1785d207b753
    [found] => YES
)

[2026-01-15 15:50:01] [22 MB] [chunked_processor] Job retrieved successfully
    DATA: Array
(
    [status] => running
    [type] => backup
)

[2026-01-15 15:50:01] [22 MB] [chunked_processor] get_job called
    DATA: Array
(
    [job_id] => f0df9ec8-dce2-4392-a671-1785d207b753
)

[2026-01-15 15:50:01] [22 MB] [chunked_processor] Transient lookup result
    DATA: Array
(
    [option_name] => speed_backups_job_f0df9ec8-dce2-4392-a671-1785d207b753
    [found] => YES
)

[2026-01-15 15:50:01] [22 MB] [chunked_processor] Job retrieved successfully
    DATA: Array
(
    [status] => running
    [type] => backup
)

[2026-01-15 15:50:01] [22 MB] [chunked_processor] get_job called
    DATA: Array
(
    [job_id] => f0df9ec8-dce2-4392-a671-1785d207b753
)

[2026-01-15 15:50:01] [22 MB] [chunked_processor] Transient lookup result
    DATA: Array
(
    [option_name] => speed_backups_job_f0df9ec8-dce2-4392-a671-1785d207b753
    [found] => YES
)

[2026-01-15 15:50:01] [22 MB] [chunked_processor] Job retrieved successfully
    DATA: Array
(
    [status] => running
    [type] => backup
)

[2026-01-15 15:50:01] [22 MB] [chunked_processor] save_job called
    DATA: Array
(
    [job_id] => f0df9ec8-dce2-4392-a671-1785d207b753
    [status] => running
)

[2026-01-15 15:50:01] [22 MB] [chunked_processor] Transient save result
    DATA: Array
(
    [option_name] => speed_backups_job_f0df9ec8-dce2-4392-a671-1785d207b753
    [success] => YES
)

[2026-01-15 15:50:01] [22 MB] [chunked_processor] Option save result
    DATA: Array
(
    [option_name] => speed_backups_job_f0df9ec8-dce2-4392-a671-1785d207b753
    [success] => YES
)

[2026-01-15 15:50:01] [22 MB] [chunked_processor] Save verification (direct DB)
    DATA: Array
(
    [verified] => YES
)

[2026-01-15 15:50:02] [22 MB] [chunked_processor] get_job called
    DATA: Array
(
    [job_id] => f0df9ec8-dce2-4392-a671-1785d207b753
)

[2026-01-15 15:50:02] [22 MB] [chunked_processor] Transient lookup result
    DATA: Array
(
    [option_name] => speed_backups_job_f0df9ec8-dce2-4392-a671-1785d207b753
    [found] => YES
)

[2026-01-15 15:50:02] [22 MB] [chunked_processor] Job retrieved successfully
    DATA: Array
(
    [status] => running
    [type] => backup
)

[2026-01-15 15:50:02] [22 MB] [chunked_processor] save_job called
    DATA: Array
(
    [job_id] => f0df9ec8-dce2-4392-a671-1785d207b753
    [status] => running
)

[2026-01-15 15:50:02] [22 MB] [chunked_processor] Transient save result
    DATA: Array
(
    [option_name] => speed_backups_job_f0df9ec8-dce2-4392-a671-1785d207b753
    [success] => YES
)

[2026-01-15 15:50:02] [22 MB] [chunked_processor] Option save result
    DATA: Array
(
    [option_name] => speed_backups_job_f0df9ec8-dce2-4392-a671-1785d207b753
    [success] => YES
)

[2026-01-15 15:50:02] [22 MB] [chunked_processor] Save verification (direct DB)
    DATA: Array
(
    [verified] => YES
)

[2026-01-15 15:50:02] [22 MB] [chunked_processor] get_job called
    DATA: Array
(
    [job_id] => f0df9ec8-dce2-4392-a671-1785d207b753
)

[2026-01-15 15:50:02] [22 MB] [chunked_processor] Transient lookup result
    DATA: Array
(
    [option_name] => speed_backups_job_f0df9ec8-dce2-4392-a671-1785d207b753
    [found] => YES
)

[2026-01-15 15:50:02] [22 MB] [chunked_processor] Job retrieved successfully
    DATA: Array
(
    [status] => running
    [type] => backup
)

[2026-01-15 15:50:02] [22 MB] [chunked_processor] get_job called
    DATA: Array
(
    [job_id] => f0df9ec8-dce2-4392-a671-1785d207b753
)

[2026-01-15 15:50:02] [22 MB] [chunked_processor] Transient lookup result
    DATA: Array
(
    [option_name] => speed_backups_job_f0df9ec8-dce2-4392-a671-1785d207b753
    [found] => YES
)

[2026-01-15 15:50:02] [22 MB] [chunked_processor] Job retrieved successfully
    DATA: Array
(
    [status] => running
    [type] => backup
)

[2026-01-15 15:50:03] [24 MB] [ERROR_HANDLER] PHP error handlers registered
[2026-01-15 15:50:03] [24 MB] [chunked_processor] get_job called
    DATA: Array
(
    [job_id] => f0df9ec8-dce2-4392-a671-1785d207b753
)

[2026-01-15 15:50:03] [24 MB] [chunked_processor] Transient lookup result
    DATA: Array
(
    [option_name] => speed_backups_job_f0df9ec8-dce2-4392-a671-1785d207b753
    [found] => YES
)

[2026-01-15 15:50:03] [24 MB] [chunked_processor] Job retrieved successfully
    DATA: Array
(
    [status] => running
    [type] => backup
)

[2026-01-15 15:50:03] [24 MB] [chunked_processor] get_job called
    DATA: Array
(
    [job_id] => f0df9ec8-dce2-4392-a671-1785d207b753
)

[2026-01-15 15:50:03] [24 MB] [chunked_processor] Transient lookup result
    DATA: Array
(
    [option_name] => speed_backups_job_f0df9ec8-dce2-4392-a671-1785d207b753
    [found] => YES
)

[2026-01-15 15:50:03] [24 MB] [chunked_processor] Job retrieved successfully
    DATA: Array
(
    [status] => running
    [type] => backup
)

[2026-01-15 15:50:03] [24 MB] [chunked_processor] get_job called
    DATA: Array
(
    [job_id] => f0df9ec8-dce2-4392-a671-1785d207b753
)

[2026-01-15 15:50:03] [24 MB] [chunked_processor] Transient lookup result
    DATA: Array
(
    [option_name] => speed_backups_job_f0df9ec8-dce2-4392-a671-1785d207b753
    [found] => YES
)

[2026-01-15 15:50:03] [24 MB] [chunked_processor] Job retrieved successfully
    DATA: Array
(
    [status] => running
    [type] => backup
)

[2026-01-15 15:50:03] [24 MB] [chunked_processor] save_job called
    DATA: Array
(
    [job_id] => f0df9ec8-dce2-4392-a671-1785d207b753
    [status] => running
)

[2026-01-15 15:50:03] [24 MB] [chunked_processor] Transient save result
    DATA: Array
(
    [option_name] => speed_backups_job_f0df9ec8-dce2-4392-a671-1785d207b753
    [success] => YES
)

[2026-01-15 15:50:03] [24 MB] [chunked_processor] Option save result
    DATA: Array
(
    [option_name] => speed_backups_job_f0df9ec8-dce2-4392-a671-1785d207b753
    [success] => YES
)

[2026-01-15 15:50:03] [24 MB] [chunked_processor] Save verification (direct DB)
    DATA: Array
(
    [verified] => YES
)

[2026-01-15 15:50:03] [24 MB] [chunked_processor] get_job called
    DATA: Array
(
    [job_id] => f0df9ec8-dce2-4392-a671-1785d207b753
)

[2026-01-15 15:50:03] [24 MB] [chunked_processor] Transient lookup result
    DATA: Array
(
    [option_name] => speed_backups_job_f0df9ec8-dce2-4392-a671-1785d207b753
    [found] => YES
)

[2026-01-15 15:50:03] [24 MB] [chunked_processor] Job retrieved successfully
    DATA: Array
(
    [status] => running
    [type] => backup
)

[2026-01-15 15:50:03] [24 MB] [chunked_processor] save_job called
    DATA: Array
(
    [job_id] => f0df9ec8-dce2-4392-a671-1785d207b753
    [status] => running
)

[2026-01-15 15:50:03] [24 MB] [chunked_processor] Transient save result
    DATA: Array
(
    [option_name] => speed_backups_job_f0df9ec8-dce2-4392-a671-1785d207b753
    [success] => YES
)

[2026-01-15 15:50:03] [24 MB] [chunked_processor] Option save result
    DATA: Array
(
    [option_name] => speed_backups_job_f0df9ec8-dce2-4392-a671-1785d207b753
    [success] => YES
)

[2026-01-15 15:50:03] [24 MB] [chunked_processor] Save verification (direct DB)
    DATA: Array
(
    [verified] => YES
)

[2026-01-15 15:50:03] [24 MB] [chunked_processor] get_job called
    DATA: Array
(
    [job_id] => f0df9ec8-dce2-4392-a671-1785d207b753
)

[2026-01-15 15:50:03] [24 MB] [chunked_processor] Transient lookup result
    DATA: Array
(
    [option_name] => speed_backups_job_f0df9ec8-dce2-4392-a671-1785d207b753
    [found] => YES
)

[2026-01-15 15:50:03] [24 MB] [chunked_processor] Job retrieved successfully
    DATA: Array
(
    [status] => running
    [type] => backup
)

[2026-01-15 15:50:03] [24 MB] [chunked_processor] get_job called
    DATA: Array
(
    [job_id] => f0df9ec8-dce2-4392-a671-1785d207b753
)

[2026-01-15 15:50:03] [24 MB] [chunked_processor] Transient lookup result
    DATA: Array
(
    [option_name] => speed_backups_job_f0df9ec8-dce2-4392-a671-1785d207b753
    [found] => YES
)

[2026-01-15 15:50:03] [24 MB] [chunked_processor] Job retrieved successfully
    DATA: Array
(
    [status] => running
    [type] => backup
)

[2026-01-15 15:50:04] [22 MB] [ERROR_HANDLER] PHP error handlers registered
[2026-01-15 15:50:04] [22 MB] [chunked_processor] get_job called
    DATA: Array
(
    [job_id] => f0df9ec8-dce2-4392-a671-1785d207b753
)

[2026-01-15 15:50:04] [22 MB] [chunked_processor] Transient lookup result
    DATA: Array
(
    [option_name] => speed_backups_job_f0df9ec8-dce2-4392-a671-1785d207b753
    [found] => YES
)

[2026-01-15 15:50:04] [22 MB] [chunked_processor] Job retrieved successfully
    DATA: Array
(
    [status] => running
    [type] => backup
)

[2026-01-15 15:50:04] [22 MB] [chunked_processor] get_job called
    DATA: Array
(
    [job_id] => f0df9ec8-dce2-4392-a671-1785d207b753
)

[2026-01-15 15:50:04] [22 MB] [chunked_processor] Transient lookup result
    DATA: Array
(
    [option_name] => speed_backups_job_f0df9ec8-dce2-4392-a671-1785d207b753
    [found] => YES
)

[2026-01-15 15:50:04] [22 MB] [chunked_processor] Job retrieved successfully
    DATA: Array
(
    [status] => running
    [type] => backup
)

[2026-01-15 15:50:04] [22 MB] [chunked_processor] get_job called
    DATA: Array
(
    [job_id] => f0df9ec8-dce2-4392-a671-1785d207b753
)

[2026-01-15 15:50:04] [22 MB] [chunked_processor] Transient lookup result
    DATA: Array
(
    [option_name] => speed_backups_job_f0df9ec8-dce2-4392-a671-1785d207b753
    [found] => YES
)

[2026-01-15 15:50:04] [22 MB] [chunked_processor] Job retrieved successfully
    DATA: Array
(
    [status] => running
    [type] => backup
)

[2026-01-15 15:50:04] [22 MB] [chunked_processor] save_job called
    DATA: Array
(
    [job_id] => f0df9ec8-dce2-4392-a671-1785d207b753
    [status] => running
)

[2026-01-15 15:50:04] [22 MB] [chunked_processor] Transient save result
    DATA: Array
(
    [option_name] => speed_backups_job_f0df9ec8-dce2-4392-a671-1785d207b753
    [success] => YES
)

[2026-01-15 15:50:04] [22 MB] [chunked_processor] Option save result
    DATA: Array
(
    [option_name] => speed_backups_job_f0df9ec8-dce2-4392-a671-1785d207b753
    [success] => YES
)

[2026-01-15 15:50:04] [22 MB] [chunked_processor] Save verification (direct DB)
    DATA: Array
(
    [verified] => YES
)

[2026-01-15 15:50:04] [22 MB] [chunked_processor] get_job called
    DATA: Array
(
    [job_id] => f0df9ec8-dce2-4392-a671-1785d207b753
)

[2026-01-15 15:50:04] [22 MB] [chunked_processor] Transient lookup result
    DATA: Array
(
    [option_name] => speed_backups_job_f0df9ec8-dce2-4392-a671-1785d207b753
    [found] => YES
)

[2026-01-15 15:50:04] [22 MB] [chunked_processor] Job retrieved successfully
    DATA: Array
(
    [status] => running
    [type] => backup
)

[2026-01-15 15:50:04] [22 MB] [chunked_processor] save_job called
    DATA: Array
(
    [job_id] => f0df9ec8-dce2-4392-a671-1785d207b753
    [status] => running
)

[2026-01-15 15:50:04] [22 MB] [chunked_processor] Transient save result
    DATA: Array
(
    [option_name] => speed_backups_job_f0df9ec8-dce2-4392-a671-1785d207b753
    [success] => YES
)

[2026-01-15 15:50:04] [22 MB] [chunked_processor] Option save result
    DATA: Array
(
    [option_name] => speed_backups_job_f0df9ec8-dce2-4392-a671-1785d207b753
    [success] => YES
)

[2026-01-15 15:50:04] [22 MB] [chunked_processor] Save verification (direct DB)
    DATA: Array
(
    [verified] => YES
)

[2026-01-15 15:50:04] [22 MB] [chunked_processor] get_job called
    DATA: Array
(
    [job_id] => f0df9ec8-dce2-4392-a671-1785d207b753
)

[2026-01-15 15:50:04] [22 MB] [chunked_processor] Transient lookup result
    DATA: Array
(
    [option_name] => speed_backups_job_f0df9ec8-dce2-4392-a671-1785d207b753
    [found] => YES
)

[2026-01-15 15:50:04] [22 MB] [chunked_processor] Job retrieved successfully
    DATA: Array
(
    [status] => running
    [type] => backup
)

[2026-01-15 15:50:04] [22 MB] [chunked_processor] get_job called
    DATA: Array
(
    [job_id] => f0df9ec8-dce2-4392-a671-1785d207b753
)

[2026-01-15 15:50:04] [22 MB] [chunked_processor] Transient lookup result
    DATA: Array
(
    [option_name] => speed_backups_job_f0df9ec8-dce2-4392-a671-1785d207b753
    [found] => YES
)

[2026-01-15 15:50:04] [22 MB] [chunked_processor] Job retrieved successfully
    DATA: Array
(
    [status] => running
    [type] => backup
)

[2026-01-15 15:50:05] [22 MB] [ERROR_HANDLER] PHP error handlers registered
[2026-01-15 15:50:05] [22 MB] [chunked_processor] get_job called
    DATA: Array
(
    [job_id] => f0df9ec8-dce2-4392-a671-1785d207b753
)

[2026-01-15 15:50:05] [22 MB] [chunked_processor] Transient lookup result
    DATA: Array
(
    [option_name] => speed_backups_job_f0df9ec8-dce2-4392-a671-1785d207b753
    [found] => YES
)

[2026-01-15 15:50:05] [22 MB] [chunked_processor] Job retrieved successfully
    DATA: Array
(
    [status] => running
    [type] => backup
)

[2026-01-15 15:50:05] [22 MB] [chunked_processor] get_job called
    DATA: Array
(
    [job_id] => f0df9ec8-dce2-4392-a671-1785d207b753
)

[2026-01-15 15:50:05] [22 MB] [chunked_processor] Transient lookup result
    DATA: Array
(
    [option_name] => speed_backups_job_f0df9ec8-dce2-4392-a671-1785d207b753
    [found] => YES
)

[2026-01-15 15:50:05] [22 MB] [chunked_processor] Job retrieved successfully
    DATA: Array
(
    [status] => running
    [type] => backup
)

[2026-01-15 15:50:05] [22 MB] [chunked_processor] get_job called
    DATA: Array
(
    [job_id] => f0df9ec8-dce2-4392-a671-1785d207b753
)

[2026-01-15 15:50:05] [22 MB] [chunked_processor] Transient lookup result
    DATA: Array
(
    [option_name] => speed_backups_job_f0df9ec8-dce2-4392-a671-1785d207b753
    [found] => YES
)

[2026-01-15 15:50:05] [22 MB] [chunked_processor] Job retrieved successfully
    DATA: Array
(
    [status] => running
    [type] => backup
)

[2026-01-15 15:50:05] [22 MB] [chunked_processor] save_job called
    DATA: Array
(
    [job_id] => f0df9ec8-dce2-4392-a671-1785d207b753
    [status] => running
)

[2026-01-15 15:50:05] [22 MB] [chunked_processor] Transient save result
    DATA: Array
(
    [option_name] => speed_backups_job_f0df9ec8-dce2-4392-a671-1785d207b753
    [success] => YES
)

[2026-01-15 15:50:05] [22 MB] [chunked_processor] Option save result
    DATA: Array
(
    [option_name] => speed_backups_job_f0df9ec8-dce2-4392-a671-1785d207b753
    [success] => YES
)

[2026-01-15 15:50:05] [22 MB] [chunked_processor] Save verification (direct DB)
    DATA: Array
(
    [verified] => YES
)

[2026-01-15 15:50:05] [22 MB] [chunked_processor] get_job called
    DATA: Array
(
    [job_id] => f0df9ec8-dce2-4392-a671-1785d207b753
)

[2026-01-15 15:50:05] [22 MB] [chunked_processor] Transient lookup result
    DATA: Array
(
    [option_name] => speed_backups_job_f0df9ec8-dce2-4392-a671-1785d207b753
    [found] => YES
)

[2026-01-15 15:50:05] [22 MB] [chunked_processor] Job retrieved successfully
    DATA: Array
(
    [status] => running
    [type] => backup
)

[2026-01-15 15:50:05] [22 MB] [chunked_processor] save_job called
    DATA: Array
(
    [job_id] => f0df9ec8-dce2-4392-a671-1785d207b753
    [status] => running
)

[2026-01-15 15:50:05] [22 MB] [chunked_processor] Transient save result
    DATA: Array
(
    [option_name] => speed_backups_job_f0df9ec8-dce2-4392-a671-1785d207b753
    [success] => YES
)

[2026-01-15 15:50:05] [22 MB] [chunked_processor] Option save result
    DATA: Array
(
    [option_name] => speed_backups_job_f0df9ec8-dce2-4392-a671-1785d207b753
    [success] => YES
)

[2026-01-15 15:50:05] [22 MB] [chunked_processor] Save verification (direct DB)
    DATA: Array
(
    [verified] => YES
)

[2026-01-15 15:50:05] [22 MB] [chunked_processor] get_job called
    DATA: Array
(
    [job_id] => f0df9ec8-dce2-4392-a671-1785d207b753
)

[2026-01-15 15:50:05] [22 MB] [chunked_processor] Transient lookup result
    DATA: Array
(
    [option_name] => speed_backups_job_f0df9ec8-dce2-4392-a671-1785d207b753
    [found] => YES
)

[2026-01-15 15:50:05] [22 MB] [chunked_processor] Job retrieved successfully
    DATA: Array
(
    [status] => running
    [type] => backup
)

[2026-01-15 15:50:05] [22 MB] [chunked_processor] get_job called
    DATA: Array
(
    [job_id] => f0df9ec8-dce2-4392-a671-1785d207b753
)

[2026-01-15 15:50:05] [22 MB] [chunked_processor] Transient lookup result
    DATA: Array
(
    [option_name] => speed_backups_job_f0df9ec8-dce2-4392-a671-1785d207b753
    [found] => YES
)

[2026-01-15 15:50:05] [22 MB] [chunked_processor] Job retrieved successfully
    DATA: Array
(
    [status] => running
    [type] => backup
)

[2026-01-15 15:50:06] [22 MB] [ERROR_HANDLER] PHP error handlers registered
[2026-01-15 15:50:06] [22 MB] [chunked_processor] get_job called
    DATA: Array
(
    [job_id] => f0df9ec8-dce2-4392-a671-1785d207b753
)

[2026-01-15 15:50:06] [22 MB] [chunked_processor] Transient lookup result
    DATA: Array
(
    [option_name] => speed_backups_job_f0df9ec8-dce2-4392-a671-1785d207b753
    [found] => YES
)

[2026-01-15 15:50:06] [22 MB] [chunked_processor] Job retrieved successfully
    DATA: Array
(
    [status] => running
    [type] => backup
)

[2026-01-15 15:50:06] [22 MB] [chunked_processor] get_job called
    DATA: Array
(
    [job_id] => f0df9ec8-dce2-4392-a671-1785d207b753
)

[2026-01-15 15:50:06] [22 MB] [chunked_processor] Transient lookup result
    DATA: Array
(
    [option_name] => speed_backups_job_f0df9ec8-dce2-4392-a671-1785d207b753
    [found] => YES
)

[2026-01-15 15:50:06] [22 MB] [chunked_processor] Job retrieved successfully
    DATA: Array
(
    [status] => running
    [type] => backup
)

[2026-01-15 15:50:06] [22 MB] [chunked_processor] get_job called
    DATA: Array
(
    [job_id] => f0df9ec8-dce2-4392-a671-1785d207b753
)

[2026-01-15 15:50:06] [22 MB] [chunked_processor] Transient lookup result
    DATA: Array
(
    [option_name] => speed_backups_job_f0df9ec8-dce2-4392-a671-1785d207b753
    [found] => YES
)

[2026-01-15 15:50:06] [22 MB] [chunked_processor] Job retrieved successfully
    DATA: Array
(
    [status] => running
    [type] => backup
)

[2026-01-15 15:50:06] [22 MB] [chunked_processor] save_job called
    DATA: Array
(
    [job_id] => f0df9ec8-dce2-4392-a671-1785d207b753
    [status] => running
)

[2026-01-15 15:50:06] [22 MB] [chunked_processor] Transient save result
    DATA: Array
(
    [option_name] => speed_backups_job_f0df9ec8-dce2-4392-a671-1785d207b753
    [success] => YES
)

[2026-01-15 15:50:06] [22 MB] [chunked_processor] Option save result
    DATA: Array
(
    [option_name] => speed_backups_job_f0df9ec8-dce2-4392-a671-1785d207b753
    [success] => YES
)

[2026-01-15 15:50:06] [22 MB] [chunked_processor] Save verification (direct DB)
    DATA: Array
(
    [verified] => YES
)

[2026-01-15 15:50:06] [22 MB] [chunked_processor] get_job called
    DATA: Array
(
    [job_id] => f0df9ec8-dce2-4392-a671-1785d207b753
)

[2026-01-15 15:50:06] [22 MB] [chunked_processor] Transient lookup result
    DATA: Array
(
    [option_name] => speed_backups_job_f0df9ec8-dce2-4392-a671-1785d207b753
    [found] => YES
)

[2026-01-15 15:50:06] [22 MB] [chunked_processor] Job retrieved successfully
    DATA: Array
(
    [status] => running
    [type] => backup
)

[2026-01-15 15:50:06] [22 MB] [chunked_processor] save_job called
    DATA: Array
(
    [job_id] => f0df9ec8-dce2-4392-a671-1785d207b753
    [status] => running
)

[2026-01-15 15:50:06] [22 MB] [chunked_processor] Transient save result
    DATA: Array
(
    [option_name] => speed_backups_job_f0df9ec8-dce2-4392-a671-1785d207b753
    [success] => YES
)

[2026-01-15 15:50:06] [22 MB] [chunked_processor] Option save result
    DATA: Array
(
    [option_name] => speed_backups_job_f0df9ec8-dce2-4392-a671-1785d207b753
    [success] => YES
)

[2026-01-15 15:50:06] [22 MB] [chunked_processor] Save verification (direct DB)
    DATA: Array
(
    [verified] => YES
)

[2026-01-15 15:50:06] [22 MB] [chunked_processor] get_job called
    DATA: Array
(
    [job_id] => f0df9ec8-dce2-4392-a671-1785d207b753
)

[2026-01-15 15:50:06] [22 MB] [chunked_processor] Transient lookup result
    DATA: Array
(
    [option_name] => speed_backups_job_f0df9ec8-dce2-4392-a671-1785d207b753
    [found] => YES
)

[2026-01-15 15:50:06] [22 MB] [chunked_processor] Job retrieved successfully
    DATA: Array
(
    [status] => running
    [type] => backup
)

[2026-01-15 15:50:06] [22 MB] [chunked_processor] get_job called
    DATA: Array
(
    [job_id] => f0df9ec8-dce2-4392-a671-1785d207b753
)

[2026-01-15 15:50:06] [22 MB] [chunked_processor] Transient lookup result
    DATA: Array
(
    [option_name] => speed_backups_job_f0df9ec8-dce2-4392-a671-1785d207b753
    [found] => YES
)

[2026-01-15 15:50:06] [22 MB] [chunked_processor] Job retrieved successfully
    DATA: Array
(
    [status] => running
    [type] => backup
)

[2026-01-15 15:50:07] [22 MB] [ERROR_HANDLER] PHP error handlers registered
[2026-01-15 15:50:07] [22 MB] [chunked_processor] get_job called
    DATA: Array
(
    [job_id] => f0df9ec8-dce2-4392-a671-1785d207b753
)

[2026-01-15 15:50:07] [22 MB] [chunked_processor] Transient lookup result
    DATA: Array
(
    [option_name] => speed_backups_job_f0df9ec8-dce2-4392-a671-1785d207b753
    [found] => YES
)

[2026-01-15 15:50:07] [22 MB] [chunked_processor] Job retrieved successfully
    DATA: Array
(
    [status] => running
    [type] => backup
)

[2026-01-15 15:50:07] [22 MB] [chunked_processor] get_job called
    DATA: Array
(
    [job_id] => f0df9ec8-dce2-4392-a671-1785d207b753
)

[2026-01-15 15:50:07] [22 MB] [chunked_processor] Transient lookup result
    DATA: Array
(
    [option_name] => speed_backups_job_f0df9ec8-dce2-4392-a671-1785d207b753
    [found] => YES
)

[2026-01-15 15:50:07] [22 MB] [chunked_processor] Job retrieved successfully
    DATA: Array
(
    [status] => running
    [type] => backup
)

[2026-01-15 15:50:07] [22 MB] [chunked_processor] get_job called
    DATA: Array
(
    [job_id] => f0df9ec8-dce2-4392-a671-1785d207b753
)

[2026-01-15 15:50:07] [22 MB] [chunked_processor] Transient lookup result
    DATA: Array
(
    [option_name] => speed_backups_job_f0df9ec8-dce2-4392-a671-1785d207b753
    [found] => YES
)

[2026-01-15 15:50:07] [22 MB] [chunked_processor] Job retrieved successfully
    DATA: Array
(
    [status] => running
    [type] => backup
)

[2026-01-15 15:50:07] [22 MB] [chunked_processor] save_job called
    DATA: Array
(
    [job_id] => f0df9ec8-dce2-4392-a671-1785d207b753
    [status] => running
)

[2026-01-15 15:50:07] [22 MB] [chunked_processor] Transient save result
    DATA: Array
(
    [option_name] => speed_backups_job_f0df9ec8-dce2-4392-a671-1785d207b753
    [success] => YES
)

[2026-01-15 15:50:07] [22 MB] [chunked_processor] Option save result
    DATA: Array
(
    [option_name] => speed_backups_job_f0df9ec8-dce2-4392-a671-1785d207b753
    [success] => YES
)

[2026-01-15 15:50:07] [22 MB] [chunked_processor] Save verification (direct DB)
    DATA: Array
(
    [verified] => YES
)

[2026-01-15 15:50:07] [22 MB] [chunked_processor] get_job called
    DATA: Array
(
    [job_id] => f0df9ec8-dce2-4392-a671-1785d207b753
)

[2026-01-15 15:50:07] [22 MB] [chunked_processor] Transient lookup result
    DATA: Array
(
    [option_name] => speed_backups_job_f0df9ec8-dce2-4392-a671-1785d207b753
    [found] => YES
)

[2026-01-15 15:50:07] [22 MB] [chunked_processor] Job retrieved successfully
    DATA: Array
(
    [status] => running
    [type] => backup
)

[2026-01-15 15:50:07] [22 MB] [chunked_processor] save_job called
    DATA: Array
(
    [job_id] => f0df9ec8-dce2-4392-a671-1785d207b753
    [status] => running
)

[2026-01-15 15:50:07] [22 MB] [chunked_processor] Transient save result
    DATA: Array
(
    [option_name] => speed_backups_job_f0df9ec8-dce2-4392-a671-1785d207b753
    [success] => YES
)

[2026-01-15 15:50:07] [22 MB] [chunked_processor] Option save result
    DATA: Array
(
    [option_name] => speed_backups_job_f0df9ec8-dce2-4392-a671-1785d207b753
    [success] => YES
)

[2026-01-15 15:50:07] [22 MB] [chunked_processor] Save verification (direct DB)
    DATA: Array
(
    [verified] => YES
)

[2026-01-15 15:50:07] [22 MB] [chunked_processor] get_job called
    DATA: Array
(
    [job_id] => f0df9ec8-dce2-4392-a671-1785d207b753
)

[2026-01-15 15:50:07] [22 MB] [chunked_processor] Transient lookup result
    DATA: Array
(
    [option_name] => speed_backups_job_f0df9ec8-dce2-4392-a671-1785d207b753
    [found] => YES
)

[2026-01-15 15:50:07] [22 MB] [chunked_processor] Job retrieved successfully
    DATA: Array
(
    [status] => running
    [type] => backup
)

[2026-01-15 15:50:07] [22 MB] [chunked_processor] get_job called
    DATA: Array
(
    [job_id] => f0df9ec8-dce2-4392-a671-1785d207b753
)

[2026-01-15 15:50:07] [22 MB] [chunked_processor] Transient lookup result
    DATA: Array
(
    [option_name] => speed_backups_job_f0df9ec8-dce2-4392-a671-1785d207b753
    [found] => YES
)

[2026-01-15 15:50:07] [22 MB] [chunked_processor] Job retrieved successfully
    DATA: Array
(
    [status] => running
    [type] => backup
)

[2026-01-15 15:50:08] [22 MB] [ERROR_HANDLER] PHP error handlers registered
[2026-01-15 15:50:08] [22 MB] [chunked_processor] get_job called
    DATA: Array
(
    [job_id] => f0df9ec8-dce2-4392-a671-1785d207b753
)

[2026-01-15 15:50:08] [22 MB] [chunked_processor] Transient lookup result
    DATA: Array
(
    [option_name] => speed_backups_job_f0df9ec8-dce2-4392-a671-1785d207b753
    [found] => YES
)

[2026-01-15 15:50:08] [22 MB] [chunked_processor] Job retrieved successfully
    DATA: Array
(
    [status] => running
    [type] => backup
)

[2026-01-15 15:50:08] [22 MB] [chunked_processor] get_job called
    DATA: Array
(
    [job_id] => f0df9ec8-dce2-4392-a671-1785d207b753
)

[2026-01-15 15:50:08] [22 MB] [chunked_processor] Transient lookup result
    DATA: Array
(
    [option_name] => speed_backups_job_f0df9ec8-dce2-4392-a671-1785d207b753
    [found] => YES
)

[2026-01-15 15:50:08] [22 MB] [chunked_processor] Job retrieved successfully
    DATA: Array
(
    [status] => running
    [type] => backup
)

[2026-01-15 15:50:08] [22 MB] [chunked_processor] get_job called
    DATA: Array
(
    [job_id] => f0df9ec8-dce2-4392-a671-1785d207b753
)

[2026-01-15 15:50:08] [22 MB] [chunked_processor] Transient lookup result
    DATA: Array
(
    [option_name] => speed_backups_job_f0df9ec8-dce2-4392-a671-1785d207b753
    [found] => YES
)

[2026-01-15 15:50:08] [22 MB] [chunked_processor] Job retrieved successfully
    DATA: Array
(
    [status] => running
    [type] => backup
)

[2026-01-15 15:50:08] [22 MB] [chunked_processor] save_job called
    DATA: Array
(
    [job_id] => f0df9ec8-dce2-4392-a671-1785d207b753
    [status] => running
)

[2026-01-15 15:50:08] [22 MB] [chunked_processor] Transient save result
    DATA: Array
(
    [option_name] => speed_backups_job_f0df9ec8-dce2-4392-a671-1785d207b753
    [success] => YES
)

[2026-01-15 15:50:08] [22 MB] [chunked_processor] Option save result
    DATA: Array
(
    [option_name] => speed_backups_job_f0df9ec8-dce2-4392-a671-1785d207b753
    [success] => YES
)

[2026-01-15 15:50:08] [22 MB] [chunked_processor] Save verification (direct DB)
    DATA: Array
(
    [verified] => YES
)

[2026-01-15 15:50:09] [24 MB] [chunked_processor] get_job called
    DATA: Array
(
    [job_id] => f0df9ec8-dce2-4392-a671-1785d207b753
)

[2026-01-15 15:50:09] [24 MB] [chunked_processor] Transient lookup result
    DATA: Array
(
    [option_name] => speed_backups_job_f0df9ec8-dce2-4392-a671-1785d207b753
    [found] => YES
)

[2026-01-15 15:50:09] [24 MB] [chunked_processor] Job retrieved successfully
    DATA: Array
(
    [status] => running
    [type] => backup
)

[2026-01-15 15:50:09] [24 MB] [chunked_processor] save_job called
    DATA: Array
(
    [job_id] => f0df9ec8-dce2-4392-a671-1785d207b753
    [status] => running
)

[2026-01-15 15:50:09] [24 MB] [chunked_processor] Transient save result
    DATA: Array
(
    [option_name] => speed_backups_job_f0df9ec8-dce2-4392-a671-1785d207b753
    [success] => YES
)

[2026-01-15 15:50:09] [24 MB] [chunked_processor] Option save result
    DATA: Array
(
    [option_name] => speed_backups_job_f0df9ec8-dce2-4392-a671-1785d207b753
    [success] => YES
)

[2026-01-15 15:50:09] [24 MB] [chunked_processor] Save verification (direct DB)
    DATA: Array
(
    [verified] => YES
)

[2026-01-15 15:50:09] [24 MB] [chunked_processor] get_job called
    DATA: Array
(
    [job_id] => f0df9ec8-dce2-4392-a671-1785d207b753
)

[2026-01-15 15:50:09] [24 MB] [chunked_processor] Transient lookup result
    DATA: Array
(
    [option_name] => speed_backups_job_f0df9ec8-dce2-4392-a671-1785d207b753
    [found] => YES
)

[2026-01-15 15:50:09] [24 MB] [chunked_processor] Job retrieved successfully
    DATA: Array
(
    [status] => running
    [type] => backup
)

[2026-01-15 15:50:09] [24 MB] [chunked_processor] get_job called
    DATA: Array
(
    [job_id] => f0df9ec8-dce2-4392-a671-1785d207b753
)

[2026-01-15 15:50:09] [24 MB] [chunked_processor] Transient lookup result
    DATA: Array
(
    [option_name] => speed_backups_job_f0df9ec8-dce2-4392-a671-1785d207b753
    [found] => YES
)

[2026-01-15 15:50:09] [24 MB] [chunked_processor] Job retrieved successfully
    DATA: Array
(
    [status] => running
    [type] => backup
)

[2026-01-15 15:50:09] [22 MB] [ERROR_HANDLER] PHP error handlers registered
[2026-01-15 15:50:09] [22 MB] [ERROR_HANDLER] PHP error handlers registered
[2026-01-15 15:50:09] [22 MB] [chunked_processor] get_job called
    DATA: Array
(
    [job_id] => f0df9ec8-dce2-4392-a671-1785d207b753
)

[2026-01-15 15:50:09] [22 MB] [chunked_processor] Transient lookup result
    DATA: Array
(
    [option_name] => speed_backups_job_f0df9ec8-dce2-4392-a671-1785d207b753
    [found] => YES
)

[2026-01-15 15:50:09] [22 MB] [chunked_processor] Job retrieved successfully
    DATA: Array
(
    [status] => running
    [type] => backup
)

[2026-01-15 15:50:09] [22 MB] [chunked_processor] get_job called
    DATA: Array
(
    [job_id] => f0df9ec8-dce2-4392-a671-1785d207b753
)

[2026-01-15 15:50:09] [22 MB] [chunked_processor] Transient lookup result
    DATA: Array
(
    [option_name] => speed_backups_job_f0df9ec8-dce2-4392-a671-1785d207b753
    [found] => YES
)

[2026-01-15 15:50:09] [22 MB] [chunked_processor] Job retrieved successfully
    DATA: Array
(
    [status] => running
    [type] => backup
)

[2026-01-15 15:50:09] [22 MB] [chunked_processor] get_job called
    DATA: Array
(
    [job_id] => f0df9ec8-dce2-4392-a671-1785d207b753
)

[2026-01-15 15:50:09] [22 MB] [chunked_processor] Transient lookup result
    DATA: Array
(
    [option_name] => speed_backups_job_f0df9ec8-dce2-4392-a671-1785d207b753
    [found] => YES
)

[2026-01-15 15:50:09] [22 MB] [chunked_processor] Job retrieved successfully
    DATA: Array
(
    [status] => running
    [type] => backup
)

[2026-01-15 15:50:09] [22 MB] [chunked_processor] save_job called
    DATA: Array
(
    [job_id] => f0df9ec8-dce2-4392-a671-1785d207b753
    [status] => running
)

[2026-01-15 15:50:09] [22 MB] [chunked_processor] Transient save result
    DATA: Array
(
    [option_name] => speed_backups_job_f0df9ec8-dce2-4392-a671-1785d207b753
    [success] => YES
)

[2026-01-15 15:50:09] [22 MB] [chunked_processor] Option save result
    DATA: Array
(
    [option_name] => speed_backups_job_f0df9ec8-dce2-4392-a671-1785d207b753
    [success] => YES
)

[2026-01-15 15:50:09] [22 MB] [chunked_processor] Save verification (direct DB)
    DATA: Array
(
    [verified] => YES
)

[2026-01-15 15:50:09] [22 MB] [chunked_processor] get_job called
    DATA: Array
(
    [job_id] => f0df9ec8-dce2-4392-a671-1785d207b753
)

[2026-01-15 15:50:09] [22 MB] [chunked_processor] Transient lookup result
    DATA: Array
(
    [option_name] => speed_backups_job_f0df9ec8-dce2-4392-a671-1785d207b753
    [found] => YES
)

[2026-01-15 15:50:09] [22 MB] [chunked_processor] Job retrieved successfully
    DATA: Array
(
    [status] => running
    [type] => backup
)

[2026-01-15 15:50:09] [22 MB] [chunked_processor] save_job called
    DATA: Array
(
    [job_id] => f0df9ec8-dce2-4392-a671-1785d207b753
    [status] => running
)

[2026-01-15 15:50:09] [22 MB] [chunked_processor] Transient save result
    DATA: Array
(
    [option_name] => speed_backups_job_f0df9ec8-dce2-4392-a671-1785d207b753
    [success] => YES
)

[2026-01-15 15:50:09] [22 MB] [chunked_processor] Option save result
    DATA: Array
(
    [option_name] => speed_backups_job_f0df9ec8-dce2-4392-a671-1785d207b753
    [success] => YES
)

[2026-01-15 15:50:09] [22 MB] [chunked_processor] Save verification (direct DB)
    DATA: Array
(
    [verified] => YES
)

[2026-01-15 15:50:09] [22 MB] [chunked_processor] get_job called
    DATA: Array
(
    [job_id] => f0df9ec8-dce2-4392-a671-1785d207b753
)

[2026-01-15 15:50:09] [22 MB] [chunked_processor] Transient lookup result
    DATA: Array
(
    [option_name] => speed_backups_job_f0df9ec8-dce2-4392-a671-1785d207b753
    [found] => YES
)

[2026-01-15 15:50:09] [22 MB] [chunked_processor] Job retrieved successfully
    DATA: Array
(
    [status] => running
    [type] => backup
)

[2026-01-15 15:50:09] [22 MB] [chunked_processor] get_job called
    DATA: Array
(
    [job_id] => f0df9ec8-dce2-4392-a671-1785d207b753
)

[2026-01-15 15:50:09] [22 MB] [chunked_processor] Transient lookup result
    DATA: Array
(
    [option_name] => speed_backups_job_f0df9ec8-dce2-4392-a671-1785d207b753
    [found] => YES
)

[2026-01-15 15:50:09] [22 MB] [chunked_processor] Job retrieved successfully
    DATA: Array
(
    [status] => running
    [type] => backup
)

[2026-01-15 15:50:10] [22 MB] [ERROR_HANDLER] PHP error handlers registered
[2026-01-15 15:50:10] [22 MB] [chunked_processor] get_job called
    DATA: Array
(
    [job_id] => f0df9ec8-dce2-4392-a671-1785d207b753
)

[2026-01-15 15:50:10] [22 MB] [chunked_processor] Transient lookup result
    DATA: Array
(
    [option_name] => speed_backups_job_f0df9ec8-dce2-4392-a671-1785d207b753
    [found] => YES
)

[2026-01-15 15:50:10] [22 MB] [chunked_processor] Job retrieved successfully
    DATA: Array
(
    [status] => running
    [type] => backup
)

[2026-01-15 15:50:10] [22 MB] [chunked_processor] get_job called
    DATA: Array
(
    [job_id] => f0df9ec8-dce2-4392-a671-1785d207b753
)

[2026-01-15 15:50:10] [22 MB] [chunked_processor] Transient lookup result
    DATA: Array
(
    [option_name] => speed_backups_job_f0df9ec8-dce2-4392-a671-1785d207b753
    [found] => YES
)

[2026-01-15 15:50:10] [22 MB] [chunked_processor] Job retrieved successfully
    DATA: Array
(
    [status] => running
    [type] => backup
)

[2026-01-15 15:50:10] [22 MB] [chunked_processor] get_job called
    DATA: Array
(
    [job_id] => f0df9ec8-dce2-4392-a671-1785d207b753
)

[2026-01-15 15:50:10] [22 MB] [chunked_processor] Transient lookup result
    DATA: Array
(
    [option_name] => speed_backups_job_f0df9ec8-dce2-4392-a671-1785d207b753
    [found] => YES
)

[2026-01-15 15:50:10] [22 MB] [chunked_processor] Job retrieved successfully
    DATA: Array
(
    [status] => running
    [type] => backup
)

[2026-01-15 15:50:10] [22 MB] [chunked_processor] save_job called
    DATA: Array
(
    [job_id] => f0df9ec8-dce2-4392-a671-1785d207b753
    [status] => running
)

[2026-01-15 15:50:10] [22 MB] [chunked_processor] Transient save result
    DATA: Array
(
    [option_name] => speed_backups_job_f0df9ec8-dce2-4392-a671-1785d207b753
    [success] => YES
)

[2026-01-15 15:50:10] [22 MB] [chunked_processor] Option save result
    DATA: Array
(
    [option_name] => speed_backups_job_f0df9ec8-dce2-4392-a671-1785d207b753
    [success] => YES
)

[2026-01-15 15:50:10] [22 MB] [chunked_processor] Save verification (direct DB)
    DATA: Array
(
    [verified] => YES
)

[2026-01-15 15:50:10] [22 MB] [chunked_processor] get_job called
    DATA: Array
(
    [job_id] => f0df9ec8-dce2-4392-a671-1785d207b753
)

[2026-01-15 15:50:10] [22 MB] [chunked_processor] Transient lookup result
    DATA: Array
(
    [option_name] => speed_backups_job_f0df9ec8-dce2-4392-a671-1785d207b753
    [found] => YES
)

[2026-01-15 15:50:10] [22 MB] [chunked_processor] Job retrieved successfully
    DATA: Array
(
    [status] => running
    [type] => backup
)

[2026-01-15 15:50:10] [22 MB] [chunked_processor] save_job called
    DATA: Array
(
    [job_id] => f0df9ec8-dce2-4392-a671-1785d207b753
    [status] => running
)

[2026-01-15 15:50:10] [22 MB] [chunked_processor] Transient save result
    DATA: Array
(
    [option_name] => speed_backups_job_f0df9ec8-dce2-4392-a671-1785d207b753
    [success] => YES
)

[2026-01-15 15:50:10] [22 MB] [chunked_processor] Option save result
    DATA: Array
(
    [option_name] => speed_backups_job_f0df9ec8-dce2-4392-a671-1785d207b753
    [success] => YES
)

[2026-01-15 15:50:10] [22 MB] [chunked_processor] Save verification (direct DB)
    DATA: Array
(
    [verified] => YES
)

[2026-01-15 15:50:10] [22 MB] [chunked_processor] get_job called
    DATA: Array
(
    [job_id] => f0df9ec8-dce2-4392-a671-1785d207b753
)

[2026-01-15 15:50:10] [22 MB] [chunked_processor] Transient lookup result
    DATA: Array
(
    [option_name] => speed_backups_job_f0df9ec8-dce2-4392-a671-1785d207b753
    [found] => YES
)

[2026-01-15 15:50:10] [22 MB] [chunked_processor] Job retrieved successfully
    DATA: Array
(
    [status] => running
    [type] => backup
)

[2026-01-15 15:50:10] [22 MB] [chunked_processor] get_job called
    DATA: Array
(
    [job_id] => f0df9ec8-dce2-4392-a671-1785d207b753
)

[2026-01-15 15:50:10] [22 MB] [chunked_processor] Transient lookup result
    DATA: Array
(
    [option_name] => speed_backups_job_f0df9ec8-dce2-4392-a671-1785d207b753
    [found] => YES
)

[2026-01-15 15:50:10] [22 MB] [chunked_processor] Job retrieved successfully
    DATA: Array
(
    [status] => running
    [type] => backup
)

[2026-01-15 15:50:10] [18 MB] [ERROR_HANDLER] PHP error handlers registered
[2026-01-15 15:50:10] [18 MB] [chunked_processor] get_job called
    DATA: Array
(
    [job_id] => f0df9ec8-dce2-4392-a671-1785d207b753
)

[2026-01-15 15:50:10] [18 MB] [chunked_processor] Transient lookup result
    DATA: Array
(
    [option_name] => speed_backups_job_f0df9ec8-dce2-4392-a671-1785d207b753
    [found] => YES
)

[2026-01-15 15:50:10] [18 MB] [chunked_processor] Job retrieved successfully
    DATA: Array
(
    [status] => running
    [type] => backup
)

[2026-01-15 15:50:10] [18 MB] [chunked_processor] get_job called
    DATA: Array
(
    [job_id] => f0df9ec8-dce2-4392-a671-1785d207b753
)

[2026-01-15 15:50:10] [18 MB] [chunked_processor] Transient lookup result
    DATA: Array
(
    [option_name] => speed_backups_job_f0df9ec8-dce2-4392-a671-1785d207b753
    [found] => YES
)

[2026-01-15 15:50:10] [18 MB] [chunked_processor] Job retrieved successfully
    DATA: Array
(
    [status] => running
    [type] => backup
)

[2026-01-15 15:50:10] [20 MB] [chunked_processor] get_job called
    DATA: Array
(
    [job_id] => f0df9ec8-dce2-4392-a671-1785d207b753
)

[2026-01-15 15:50:10] [20 MB] [chunked_processor] Transient lookup result
    DATA: Array
(
    [option_name] => speed_backups_job_f0df9ec8-dce2-4392-a671-1785d207b753
    [found] => YES
)

[2026-01-15 15:50:10] [20 MB] [chunked_processor] Job retrieved successfully
    DATA: Array
(
    [status] => running
    [type] => backup
)

[2026-01-15 15:50:10] [20 MB] [chunked_processor] save_job called
    DATA: Array
(
    [job_id] => f0df9ec8-dce2-4392-a671-1785d207b753
    [status] => running
)

[2026-01-15 15:50:10] [20 MB] [chunked_processor] Transient save result
    DATA: Array
(
    [option_name] => speed_backups_job_f0df9ec8-dce2-4392-a671-1785d207b753
    [success] => YES
)

[2026-01-15 15:50:10] [20 MB] [chunked_processor] Option save result
    DATA: Array
(
    [option_name] => speed_backups_job_f0df9ec8-dce2-4392-a671-1785d207b753
    [success] => YES
)

[2026-01-15 15:50:10] [20 MB] [chunked_processor] Save verification (direct DB)
    DATA: Array
(
    [verified] => YES
)

[2026-01-15 15:50:11] [22 MB] [chunked_processor] get_job called
    DATA: Array
(
    [job_id] => f0df9ec8-dce2-4392-a671-1785d207b753
)

[2026-01-15 15:50:11] [22 MB] [chunked_processor] Transient lookup result
    DATA: Array
(
    [option_name] => speed_backups_job_f0df9ec8-dce2-4392-a671-1785d207b753
    [found] => YES
)

[2026-01-15 15:50:11] [22 MB] [chunked_processor] Job retrieved successfully
    DATA: Array
(
    [status] => running
    [type] => backup
)

[2026-01-15 15:50:11] [22 MB] [chunked_processor] save_job called
    DATA: Array
(
    [job_id] => f0df9ec8-dce2-4392-a671-1785d207b753
    [status] => running
)

[2026-01-15 15:50:11] [22 MB] [chunked_processor] Transient save result
    DATA: Array
(
    [option_name] => speed_backups_job_f0df9ec8-dce2-4392-a671-1785d207b753
    [success] => YES
)

[2026-01-15 15:50:11] [22 MB] [chunked_processor] Option save result
    DATA: Array
(
    [option_name] => speed_backups_job_f0df9ec8-dce2-4392-a671-1785d207b753
    [success] => YES
)

[2026-01-15 15:50:11] [22 MB] [chunked_processor] Save verification (direct DB)
    DATA: Array
(
    [verified] => YES
)

[2026-01-15 15:50:11] [22 MB] [chunked_processor] get_job called
    DATA: Array
(
    [job_id] => f0df9ec8-dce2-4392-a671-1785d207b753
)

[2026-01-15 15:50:11] [22 MB] [chunked_processor] Transient lookup result
    DATA: Array
(
    [option_name] => speed_backups_job_f0df9ec8-dce2-4392-a671-1785d207b753
    [found] => YES
)

[2026-01-15 15:50:11] [22 MB] [chunked_processor] Job retrieved successfully
    DATA: Array
(
    [status] => running
    [type] => backup
)

[2026-01-15 15:50:11] [22 MB] [chunked_processor] get_job called
    DATA: Array
(
    [job_id] => f0df9ec8-dce2-4392-a671-1785d207b753
)

[2026-01-15 15:50:11] [22 MB] [chunked_processor] Transient lookup result
    DATA: Array
(
    [option_name] => speed_backups_job_f0df9ec8-dce2-4392-a671-1785d207b753
    [found] => YES
)

[2026-01-15 15:50:11] [22 MB] [chunked_processor] Job retrieved successfully
    DATA: Array
(
    [status] => running
    [type] => backup
)

[2026-01-15 15:50:12] [22 MB] [ERROR_HANDLER] PHP error handlers registered
[2026-01-15 15:50:12] [22 MB] [chunked_processor] get_job called
    DATA: Array
(
    [job_id] => f0df9ec8-dce2-4392-a671-1785d207b753
)

[2026-01-15 15:50:12] [22 MB] [chunked_processor] Transient lookup result
    DATA: Array
(
    [option_name] => speed_backups_job_f0df9ec8-dce2-4392-a671-1785d207b753
    [found] => YES
)

[2026-01-15 15:50:12] [22 MB] [chunked_processor] Job retrieved successfully
    DATA: Array
(
    [status] => running
    [type] => backup
)

[2026-01-15 15:50:12] [22 MB] [chunked_processor] get_job called
    DATA: Array
(
    [job_id] => f0df9ec8-dce2-4392-a671-1785d207b753
)

[2026-01-15 15:50:12] [22 MB] [chunked_processor] Transient lookup result
    DATA: Array
(
    [option_name] => speed_backups_job_f0df9ec8-dce2-4392-a671-1785d207b753
    [found] => YES
)

[2026-01-15 15:50:12] [22 MB] [chunked_processor] Job retrieved successfully
    DATA: Array
(
    [status] => running
    [type] => backup
)

[2026-01-15 15:50:12] [22 MB] [chunked_processor] get_job called
    DATA: Array
(
    [job_id] => f0df9ec8-dce2-4392-a671-1785d207b753
)

[2026-01-15 15:50:12] [22 MB] [chunked_processor] Transient lookup result
    DATA: Array
(
    [option_name] => speed_backups_job_f0df9ec8-dce2-4392-a671-1785d207b753
    [found] => YES
)

[2026-01-15 15:50:12] [22 MB] [chunked_processor] Job retrieved successfully
    DATA: Array
(
    [status] => running
    [type] => backup
)

[2026-01-15 15:50:12] [22 MB] [chunked_processor] save_job called
    DATA: Array
(
    [job_id] => f0df9ec8-dce2-4392-a671-1785d207b753
    [status] => running
)

[2026-01-15 15:50:12] [22 MB] [chunked_processor] Transient save result
    DATA: Array
(
    [option_name] => speed_backups_job_f0df9ec8-dce2-4392-a671-1785d207b753
    [success] => YES
)

[2026-01-15 15:50:12] [22 MB] [chunked_processor] Option save result
    DATA: Array
(
    [option_name] => speed_backups_job_f0df9ec8-dce2-4392-a671-1785d207b753
    [success] => YES
)

[2026-01-15 15:50:12] [22 MB] [chunked_processor] Save verification (direct DB)
    DATA: Array
(
    [verified] => YES
)

[2026-01-15 15:50:12] [22 MB] [chunked_processor] get_job called
    DATA: Array
(
    [job_id] => f0df9ec8-dce2-4392-a671-1785d207b753
)

[2026-01-15 15:50:12] [22 MB] [chunked_processor] Transient lookup result
    DATA: Array
(
    [option_name] => speed_backups_job_f0df9ec8-dce2-4392-a671-1785d207b753
    [found] => YES
)

[2026-01-15 15:50:12] [22 MB] [chunked_processor] Job retrieved successfully
    DATA: Array
(
    [status] => running
    [type] => backup
)

[2026-01-15 15:50:12] [22 MB] [chunked_processor] save_job called
    DATA: Array
(
    [job_id] => f0df9ec8-dce2-4392-a671-1785d207b753
    [status] => running
)

[2026-01-15 15:50:12] [22 MB] [chunked_processor] Transient save result
    DATA: Array
(
    [option_name] => speed_backups_job_f0df9ec8-dce2-4392-a671-1785d207b753
    [success] => YES
)

[2026-01-15 15:50:12] [22 MB] [chunked_processor] Option save result
    DATA: Array
(
    [option_name] => speed_backups_job_f0df9ec8-dce2-4392-a671-1785d207b753
    [success] => YES
)

[2026-01-15 15:50:12] [22 MB] [chunked_processor] Save verification (direct DB)
    DATA: Array
(
    [verified] => YES
)

[2026-01-15 15:50:12] [22 MB] [chunked_processor] get_job called
    DATA: Array
(
    [job_id] => f0df9ec8-dce2-4392-a671-1785d207b753
)

[2026-01-15 15:50:12] [22 MB] [chunked_processor] Transient lookup result
    DATA: Array
(
    [option_name] => speed_backups_job_f0df9ec8-dce2-4392-a671-1785d207b753
    [found] => YES
)

[2026-01-15 15:50:12] [22 MB] [chunked_processor] Job retrieved successfully
    DATA: Array
(
    [status] => running
    [type] => backup
)

[2026-01-15 15:50:12] [22 MB] [chunked_processor] get_job called
    DATA: Array
(
    [job_id] => f0df9ec8-dce2-4392-a671-1785d207b753
)

[2026-01-15 15:50:12] [22 MB] [chunked_processor] Transient lookup result
    DATA: Array
(
    [option_name] => speed_backups_job_f0df9ec8-dce2-4392-a671-1785d207b753
    [found] => YES
)

[2026-01-15 15:50:12] [22 MB] [chunked_processor] Job retrieved successfully
    DATA: Array
(
    [status] => running
    [type] => backup
)

[2026-01-15 15:50:12] [22 MB] [ERROR_HANDLER] PHP error handlers registered
[2026-01-15 15:50:13] [22 MB] [chunked_processor] get_job called
    DATA: Array
(
    [job_id] => f0df9ec8-dce2-4392-a671-1785d207b753
)

[2026-01-15 15:50:13] [22 MB] [chunked_processor] Transient lookup result
    DATA: Array
(
    [option_name] => speed_backups_job_f0df9ec8-dce2-4392-a671-1785d207b753
    [found] => YES
)

[2026-01-15 15:50:13] [22 MB] [chunked_processor] Job retrieved successfully
    DATA: Array
(
    [status] => running
    [type] => backup
)

[2026-01-15 15:50:13] [22 MB] [chunked_processor] get_job called
    DATA: Array
(
    [job_id] => f0df9ec8-dce2-4392-a671-1785d207b753
)

[2026-01-15 15:50:13] [22 MB] [chunked_processor] Transient lookup result
    DATA: Array
(
    [option_name] => speed_backups_job_f0df9ec8-dce2-4392-a671-1785d207b753
    [found] => YES
)

[2026-01-15 15:50:13] [22 MB] [chunked_processor] Job retrieved successfully
    DATA: Array
(
    [status] => running
    [type] => backup
)

[2026-01-15 15:50:13] [22 MB] [chunked_processor] get_job called
    DATA: Array
(
    [job_id] => f0df9ec8-dce2-4392-a671-1785d207b753
)

[2026-01-15 15:50:13] [22 MB] [chunked_processor] Transient lookup result
    DATA: Array
(
    [option_name] => speed_backups_job_f0df9ec8-dce2-4392-a671-1785d207b753
    [found] => YES
)

[2026-01-15 15:50:13] [22 MB] [chunked_processor] Job retrieved successfully
    DATA: Array
(
    [status] => running
    [type] => backup
)

[2026-01-15 15:50:13] [22 MB] [chunked_processor] save_job called
    DATA: Array
(
    [job_id] => f0df9ec8-dce2-4392-a671-1785d207b753
    [status] => running
)

[2026-01-15 15:50:13] [22 MB] [chunked_processor] Transient save result
    DATA: Array
(
    [option_name] => speed_backups_job_f0df9ec8-dce2-4392-a671-1785d207b753
    [success] => YES
)

[2026-01-15 15:50:13] [22 MB] [chunked_processor] Option save result
    DATA: Array
(
    [option_name] => speed_backups_job_f0df9ec8-dce2-4392-a671-1785d207b753
    [success] => YES
)

[2026-01-15 15:50:13] [22 MB] [chunked_processor] Save verification (direct DB)
    DATA: Array
(
    [verified] => YES
)

[2026-01-15 15:50:13] [22 MB] [chunked_processor] get_job called
    DATA: Array
(
    [job_id] => f0df9ec8-dce2-4392-a671-1785d207b753
)

[2026-01-15 15:50:13] [22 MB] [chunked_processor] Transient lookup result
    DATA: Array
(
    [option_name] => speed_backups_job_f0df9ec8-dce2-4392-a671-1785d207b753
    [found] => YES
)

[2026-01-15 15:50:13] [22 MB] [chunked_processor] Job retrieved successfully
    DATA: Array
(
    [status] => running
    [type] => backup
)

[2026-01-15 15:50:13] [22 MB] [chunked_processor] save_job called
    DATA: Array
(
    [job_id] => f0df9ec8-dce2-4392-a671-1785d207b753
    [status] => running
)

[2026-01-15 15:50:13] [22 MB] [chunked_processor] Transient save result
    DATA: Array
(
    [option_name] => speed_backups_job_f0df9ec8-dce2-4392-a671-1785d207b753
    [success] => YES
)

[2026-01-15 15:50:13] [22 MB] [chunked_processor] Option save result
    DATA: Array
(
    [option_name] => speed_backups_job_f0df9ec8-dce2-4392-a671-1785d207b753
    [success] => YES
)

[2026-01-15 15:50:13] [22 MB] [chunked_processor] Save verification (direct DB)
    DATA: Array
(
    [verified] => YES
)

[2026-01-15 15:50:13] [22 MB] [chunked_processor] get_job called
    DATA: Array
(
    [job_id] => f0df9ec8-dce2-4392-a671-1785d207b753
)

[2026-01-15 15:50:13] [22 MB] [chunked_processor] Transient lookup result
    DATA: Array
(
    [option_name] => speed_backups_job_f0df9ec8-dce2-4392-a671-1785d207b753
    [found] => YES
)

[2026-01-15 15:50:13] [22 MB] [chunked_processor] Job retrieved successfully
    DATA: Array
(
    [status] => running
    [type] => backup
)

[2026-01-15 15:50:13] [22 MB] [chunked_processor] save_job called
    DATA: Array
(
    [job_id] => f0df9ec8-dce2-4392-a671-1785d207b753
    [status] => running
)

[2026-01-15 15:50:13] [22 MB] [chunked_processor] Transient save result
    DATA: Array
(
    [option_name] => speed_backups_job_f0df9ec8-dce2-4392-a671-1785d207b753
    [success] => YES
)

[2026-01-15 15:50:13] [22 MB] [chunked_processor] Option save result
    DATA: Array
(
    [option_name] => speed_backups_job_f0df9ec8-dce2-4392-a671-1785d207b753
    [success] => YES
)

[2026-01-15 15:50:13] [22 MB] [chunked_processor] Save verification (direct DB)
    DATA: Array
(
    [verified] => YES
)

[2026-01-15 15:50:13] [22 MB] [chunked_processor] get_job called
    DATA: Array
(
    [job_id] => f0df9ec8-dce2-4392-a671-1785d207b753
)

[2026-01-15 15:50:13] [22 MB] [chunked_processor] Transient lookup result
    DATA: Array
(
    [option_name] => speed_backups_job_f0df9ec8-dce2-4392-a671-1785d207b753
    [found] => YES
)

[2026-01-15 15:50:13] [22 MB] [chunked_processor] Job retrieved successfully
    DATA: Array
(
    [status] => running
    [type] => backup
)

[2026-01-15 15:50:13] [22 MB] [chunked_processor] save_job called
    DATA: Array
(
    [job_id] => f0df9ec8-dce2-4392-a671-1785d207b753
    [status] => running
)

[2026-01-15 15:50:13] [22 MB] [chunked_processor] Transient save result
    DATA: Array
(
    [option_name] => speed_backups_job_f0df9ec8-dce2-4392-a671-1785d207b753
    [success] => YES
)

[2026-01-15 15:50:13] [22 MB] [chunked_processor] Option save result
    DATA: Array
(
    [option_name] => speed_backups_job_f0df9ec8-dce2-4392-a671-1785d207b753
    [success] => YES
)

[2026-01-15 15:50:13] [22 MB] [chunked_processor] Save verification (direct DB)
    DATA: Array
(
    [verified] => YES
)

[2026-01-15 15:50:13] [22 MB] [chunked_processor] get_job called
    DATA: Array
(
    [job_id] => f0df9ec8-dce2-4392-a671-1785d207b753
)

[2026-01-15 15:50:13] [22 MB] [chunked_processor] Transient lookup result
    DATA: Array
(
    [option_name] => speed_backups_job_f0df9ec8-dce2-4392-a671-1785d207b753
    [found] => YES
)

[2026-01-15 15:50:13] [22 MB] [chunked_processor] Job retrieved successfully
    DATA: Array
(
    [status] => running
    [type] => backup
)

[2026-01-15 15:50:13] [22 MB] [chunked_processor] get_job called
    DATA: Array
(
    [job_id] => f0df9ec8-dce2-4392-a671-1785d207b753
)

[2026-01-15 15:50:13] [22 MB] [chunked_processor] Transient lookup result
    DATA: Array
(
    [option_name] => speed_backups_job_f0df9ec8-dce2-4392-a671-1785d207b753
    [found] => YES
)

[2026-01-15 15:50:13] [22 MB] [chunked_processor] Job retrieved successfully
    DATA: Array
(
    [status] => running
    [type] => backup
)

[2026-01-15 15:50:13] [20 MB] [ERROR_HANDLER] PHP error handlers registered
[2026-01-15 15:50:13] [20 MB] [chunked_processor] get_job called
    DATA: Array
(
    [job_id] => f0df9ec8-dce2-4392-a671-1785d207b753
)

[2026-01-15 15:50:13] [20 MB] [chunked_processor] Transient lookup result
    DATA: Array
(
    [option_name] => speed_backups_job_f0df9ec8-dce2-4392-a671-1785d207b753
    [found] => YES
)

[2026-01-15 15:50:13] [20 MB] [chunked_processor] Job retrieved successfully
    DATA: Array
(
    [status] => running
    [type] => backup
)

[2026-01-15 15:50:13] [20 MB] [chunked_processor] get_job called
    DATA: Array
(
    [job_id] => f0df9ec8-dce2-4392-a671-1785d207b753
)

[2026-01-15 15:50:13] [20 MB] [chunked_processor] Transient lookup result
    DATA: Array
(
    [option_name] => speed_backups_job_f0df9ec8-dce2-4392-a671-1785d207b753
    [found] => YES
)

[2026-01-15 15:50:13] [20 MB] [chunked_processor] Job retrieved successfully
    DATA: Array
(
    [status] => running
    [type] => backup
)

[2026-01-15 15:50:13] [20 MB] [chunked_processor] get_job called
    DATA: Array
(
    [job_id] => f0df9ec8-dce2-4392-a671-1785d207b753
)

[2026-01-15 15:50:13] [20 MB] [chunked_processor] Transient lookup result
    DATA: Array
(
    [option_name] => speed_backups_job_f0df9ec8-dce2-4392-a671-1785d207b753
    [found] => YES
)

[2026-01-15 15:50:13] [20 MB] [chunked_processor] Job retrieved successfully
    DATA: Array
(
    [status] => running
    [type] => backup
)

[2026-01-15 15:50:13] [20 MB] [chunked_processor] save_job called
    DATA: Array
(
    [job_id] => f0df9ec8-dce2-4392-a671-1785d207b753
    [status] => running
)

[2026-01-15 15:50:13] [20 MB] [chunked_processor] Transient save result
    DATA: Array
(
    [option_name] => speed_backups_job_f0df9ec8-dce2-4392-a671-1785d207b753
    [success] => YES
)

[2026-01-15 15:50:13] [20 MB] [chunked_processor] Option save result
    DATA: Array
(
    [option_name] => speed_backups_job_f0df9ec8-dce2-4392-a671-1785d207b753
    [success] => YES
)

[2026-01-15 15:50:13] [20 MB] [chunked_processor] Save verification (direct DB)
    DATA: Array
(
    [verified] => YES
)

[2026-01-15 15:50:13] [20 MB] [chunked_processor] get_job called
    DATA: Array
(
    [job_id] => f0df9ec8-dce2-4392-a671-1785d207b753
)

[2026-01-15 15:50:13] [20 MB] [chunked_processor] Transient lookup result
    DATA: Array
(
    [option_name] => speed_backups_job_f0df9ec8-dce2-4392-a671-1785d207b753
    [found] => YES
)

[2026-01-15 15:50:13] [20 MB] [chunked_processor] Job retrieved successfully
    DATA: Array
(
    [status] => running
    [type] => backup
)

[2026-01-15 15:50:13] [20 MB] [chunked_processor] save_job called
    DATA: Array
(
    [job_id] => f0df9ec8-dce2-4392-a671-1785d207b753
    [status] => running
)

[2026-01-15 15:50:13] [20 MB] [chunked_processor] Transient save result
    DATA: Array
(
    [option_name] => speed_backups_job_f0df9ec8-dce2-4392-a671-1785d207b753
    [success] => YES
)

[2026-01-15 15:50:13] [20 MB] [chunked_processor] Option save result
    DATA: Array
(
    [option_name] => speed_backups_job_f0df9ec8-dce2-4392-a671-1785d207b753
    [success] => YES
)

[2026-01-15 15:50:13] [20 MB] [chunked_processor] Save verification (direct DB)
    DATA: Array
(
    [verified] => YES
)

[2026-01-15 15:50:13] [20 MB] [chunked_processor] get_job called
    DATA: Array
(
    [job_id] => f0df9ec8-dce2-4392-a671-1785d207b753
)

[2026-01-15 15:50:13] [20 MB] [chunked_processor] Transient lookup result
    DATA: Array
(
    [option_name] => speed_backups_job_f0df9ec8-dce2-4392-a671-1785d207b753
    [found] => YES
)

[2026-01-15 15:50:13] [20 MB] [chunked_processor] Job retrieved successfully
    DATA: Array
(
    [status] => running
    [type] => backup
)

[2026-01-15 15:50:13] [20 MB] [chunked_processor] save_job called
    DATA: Array
(
    [job_id] => f0df9ec8-dce2-4392-a671-1785d207b753
    [status] => running
)

[2026-01-15 15:50:13] [20 MB] [chunked_processor] Transient save result
    DATA: Array
(
    [option_name] => speed_backups_job_f0df9ec8-dce2-4392-a671-1785d207b753
    [success] => YES
)

[2026-01-15 15:50:13] [20 MB] [chunked_processor] Option save result
    DATA: Array
(
    [option_name] => speed_backups_job_f0df9ec8-dce2-4392-a671-1785d207b753
    [success] => YES
)

[2026-01-15 15:50:13] [20 MB] [chunked_processor] Save verification (direct DB)
    DATA: Array
(
    [verified] => YES
)

[2026-01-15 15:50:13] [20 MB] [chunked_processor] get_job called
    DATA: Array
(
    [job_id] => f0df9ec8-dce2-4392-a671-1785d207b753
)

[2026-01-15 15:50:13] [20 MB] [chunked_processor] Transient lookup result
    DATA: Array
(
    [option_name] => speed_backups_job_f0df9ec8-dce2-4392-a671-1785d207b753
    [found] => YES
)

[2026-01-15 15:50:13] [20 MB] [chunked_processor] Job retrieved successfully
    DATA: Array
(
    [status] => running
    [type] => backup
)

[2026-01-15 15:50:13] [20 MB] [chunked_processor] get_job called
    DATA: Array
(
    [job_id] => f0df9ec8-dce2-4392-a671-1785d207b753
)

[2026-01-15 15:50:13] [20 MB] [chunked_processor] Transient lookup result
    DATA: Array
(
    [option_name] => speed_backups_job_f0df9ec8-dce2-4392-a671-1785d207b753
    [found] => YES
)

[2026-01-15 15:50:13] [20 MB] [chunked_processor] Job retrieved successfully
    DATA: Array
(
    [status] => running
    [type] => backup
)

[2026-01-15 15:50:14] [22 MB] [ERROR_HANDLER] PHP error handlers registered
[2026-01-15 15:50:14] [22 MB] [chunked_processor] get_job called
    DATA: Array
(
    [job_id] => f0df9ec8-dce2-4392-a671-1785d207b753
)

[2026-01-15 15:50:14] [22 MB] [chunked_processor] Transient lookup result
    DATA: Array
(
    [option_name] => speed_backups_job_f0df9ec8-dce2-4392-a671-1785d207b753
    [found] => YES
)

[2026-01-15 15:50:14] [22 MB] [chunked_processor] Job retrieved successfully
    DATA: Array
(
    [status] => running
    [type] => backup
)

[2026-01-15 15:50:14] [22 MB] [chunked_processor] get_job called
    DATA: Array
(
    [job_id] => f0df9ec8-dce2-4392-a671-1785d207b753
)

[2026-01-15 15:50:14] [22 MB] [chunked_processor] Transient lookup result
    DATA: Array
(
    [option_name] => speed_backups_job_f0df9ec8-dce2-4392-a671-1785d207b753
    [found] => YES
)

[2026-01-15 15:50:14] [22 MB] [chunked_processor] Job retrieved successfully
    DATA: Array
(
    [status] => running
    [type] => backup
)

[2026-01-15 15:50:14] [22 MB] [chunked_processor] get_job called
    DATA: Array
(
    [job_id] => f0df9ec8-dce2-4392-a671-1785d207b753
)

[2026-01-15 15:50:14] [22 MB] [chunked_processor] Transient lookup result
    DATA: Array
(
    [option_name] => speed_backups_job_f0df9ec8-dce2-4392-a671-1785d207b753
    [found] => YES
)

[2026-01-15 15:50:14] [22 MB] [chunked_processor] Job retrieved successfully
    DATA: Array
(
    [status] => running
    [type] => backup
)

[2026-01-15 15:50:14] [22 MB] [chunked_processor] save_job called
    DATA: Array
(
    [job_id] => f0df9ec8-dce2-4392-a671-1785d207b753
    [status] => running
)

[2026-01-15 15:50:14] [22 MB] [chunked_processor] Transient save result
    DATA: Array
(
    [option_name] => speed_backups_job_f0df9ec8-dce2-4392-a671-1785d207b753
    [success] => YES
)

[2026-01-15 15:50:14] [22 MB] [chunked_processor] Option save result
    DATA: Array
(
    [option_name] => speed_backups_job_f0df9ec8-dce2-4392-a671-1785d207b753
    [success] => YES
)

[2026-01-15 15:50:14] [22 MB] [chunked_processor] Save verification (direct DB)
    DATA: Array
(
    [verified] => YES
)

[2026-01-15 15:50:16] [22 MB] [chunked_processor] get_job called
    DATA: Array
(
    [job_id] => f0df9ec8-dce2-4392-a671-1785d207b753
)

[2026-01-15 15:50:16] [22 MB] [chunked_processor] Transient lookup result
    DATA: Array
(
    [option_name] => speed_backups_job_f0df9ec8-dce2-4392-a671-1785d207b753
    [found] => YES
)

[2026-01-15 15:50:16] [22 MB] [chunked_processor] Job retrieved successfully
    DATA: Array
(
    [status] => running
    [type] => backup
)

[2026-01-15 15:50:16] [22 MB] [chunked_processor] save_job called
    DATA: Array
(
    [job_id] => f0df9ec8-dce2-4392-a671-1785d207b753
    [status] => running
)

[2026-01-15 15:50:16] [22 MB] [chunked_processor] Transient save result
    DATA: Array
(
    [option_name] => speed_backups_job_f0df9ec8-dce2-4392-a671-1785d207b753
    [success] => YES
)

[2026-01-15 15:50:16] [22 MB] [chunked_processor] Option save result
    DATA: Array
(
    [option_name] => speed_backups_job_f0df9ec8-dce2-4392-a671-1785d207b753
    [success] => YES
)

[2026-01-15 15:50:16] [22 MB] [chunked_processor] Save verification (direct DB)
    DATA: Array
(
    [verified] => YES
)

[2026-01-15 15:50:16] [22 MB] [chunked_processor] get_job called
    DATA: Array
(
    [job_id] => f0df9ec8-dce2-4392-a671-1785d207b753
)

[2026-01-15 15:50:16] [22 MB] [chunked_processor] Transient lookup result
    DATA: Array
(
    [option_name] => speed_backups_job_f0df9ec8-dce2-4392-a671-1785d207b753
    [found] => YES
)

[2026-01-15 15:50:16] [22 MB] [chunked_processor] Job retrieved successfully
    DATA: Array
(
    [status] => running
    [type] => backup
)

[2026-01-15 15:50:16] [22 MB] [chunked_processor] save_job called
    DATA: Array
(
    [job_id] => f0df9ec8-dce2-4392-a671-1785d207b753
    [status] => running
)

[2026-01-15 15:50:16] [22 MB] [chunked_processor] Transient save result
    DATA: Array
(
    [option_name] => speed_backups_job_f0df9ec8-dce2-4392-a671-1785d207b753
    [success] => YES
)

[2026-01-15 15:50:16] [22 MB] [chunked_processor] Option save result
    DATA: Array
(
    [option_name] => speed_backups_job_f0df9ec8-dce2-4392-a671-1785d207b753
    [success] => YES
)

[2026-01-15 15:50:16] [22 MB] [chunked_processor] Save verification (direct DB)
    DATA: Array
(
    [verified] => YES
)

[2026-01-15 15:50:16] [22 MB] [chunked_processor] get_job called
    DATA: Array
(
    [job_id] => f0df9ec8-dce2-4392-a671-1785d207b753
)

[2026-01-15 15:50:16] [22 MB] [chunked_processor] Transient lookup result
    DATA: Array
(
    [option_name] => speed_backups_job_f0df9ec8-dce2-4392-a671-1785d207b753
    [found] => YES
)

[2026-01-15 15:50:16] [22 MB] [chunked_processor] Job retrieved successfully
    DATA: Array
(
    [status] => running
    [type] => backup
)

[2026-01-15 15:50:16] [22 MB] [chunked_processor] get_job called
    DATA: Array
(
    [job_id] => f0df9ec8-dce2-4392-a671-1785d207b753
)

[2026-01-15 15:50:16] [22 MB] [chunked_processor] Transient lookup result
    DATA: Array
(
    [option_name] => speed_backups_job_f0df9ec8-dce2-4392-a671-1785d207b753
    [found] => YES
)

[2026-01-15 15:50:16] [22 MB] [chunked_processor] Job retrieved successfully
    DATA: Array
(
    [status] => running
    [type] => backup
)

[2026-01-15 15:50:17] [22 MB] [ERROR_HANDLER] PHP error handlers registered
[2026-01-15 15:50:17] [22 MB] [chunked_processor] get_job called
    DATA: Array
(
    [job_id] => f0df9ec8-dce2-4392-a671-1785d207b753
)

[2026-01-15 15:50:17] [22 MB] [chunked_processor] Transient lookup result
    DATA: Array
(
    [option_name] => speed_backups_job_f0df9ec8-dce2-4392-a671-1785d207b753
    [found] => YES
)

[2026-01-15 15:50:17] [22 MB] [chunked_processor] Job retrieved successfully
    DATA: Array
(
    [status] => running
    [type] => backup
)

[2026-01-15 15:50:17] [22 MB] [chunked_processor] get_job called
    DATA: Array
(
    [job_id] => f0df9ec8-dce2-4392-a671-1785d207b753
)

[2026-01-15 15:50:17] [22 MB] [chunked_processor] Transient lookup result
    DATA: Array
(
    [option_name] => speed_backups_job_f0df9ec8-dce2-4392-a671-1785d207b753
    [found] => YES
)

[2026-01-15 15:50:17] [22 MB] [chunked_processor] Job retrieved successfully
    DATA: Array
(
    [status] => running
    [type] => backup
)

[2026-01-15 15:50:17] [22 MB] [chunked_processor] get_job called
    DATA: Array
(
    [job_id] => f0df9ec8-dce2-4392-a671-1785d207b753
)

[2026-01-15 15:50:17] [22 MB] [chunked_processor] Transient lookup result
    DATA: Array
(
    [option_name] => speed_backups_job_f0df9ec8-dce2-4392-a671-1785d207b753
    [found] => YES
)

[2026-01-15 15:50:17] [22 MB] [chunked_processor] Job retrieved successfully
    DATA: Array
(
    [status] => running
    [type] => backup
)

[2026-01-15 15:50:17] [22 MB] [chunked_processor] save_job called
    DATA: Array
(
    [job_id] => f0df9ec8-dce2-4392-a671-1785d207b753
    [status] => running
)

[2026-01-15 15:50:17] [22 MB] [chunked_processor] Transient save result
    DATA: Array
(
    [option_name] => speed_backups_job_f0df9ec8-dce2-4392-a671-1785d207b753
    [success] => YES
)

[2026-01-15 15:50:17] [22 MB] [chunked_processor] Option save result
    DATA: Array
(
    [option_name] => speed_backups_job_f0df9ec8-dce2-4392-a671-1785d207b753
    [success] => YES
)

[2026-01-15 15:50:17] [22 MB] [chunked_processor] Save verification (direct DB)
    DATA: Array
(
    [verified] => YES
)

[2026-01-15 15:50:17] [22 MB] [chunked_processor] get_job called
    DATA: Array
(
    [job_id] => f0df9ec8-dce2-4392-a671-1785d207b753
)

[2026-01-15 15:50:17] [22 MB] [chunked_processor] Transient lookup result
    DATA: Array
(
    [option_name] => speed_backups_job_f0df9ec8-dce2-4392-a671-1785d207b753
    [found] => YES
)

[2026-01-15 15:50:17] [22 MB] [chunked_processor] Job retrieved successfully
    DATA: Array
(
    [status] => running
    [type] => backup
)

[2026-01-15 15:50:17] [22 MB] [chunked_processor] save_job called
    DATA: Array
(
    [job_id] => f0df9ec8-dce2-4392-a671-1785d207b753
    [status] => completed
)

[2026-01-15 15:50:17] [22 MB] [chunked_processor] Transient save result
    DATA: Array
(
    [option_name] => speed_backups_job_f0df9ec8-dce2-4392-a671-1785d207b753
    [success] => YES
)

[2026-01-15 15:50:17] [22 MB] [chunked_processor] Option save result
    DATA: Array
(
    [option_name] => speed_backups_job_f0df9ec8-dce2-4392-a671-1785d207b753
    [success] => YES
)

[2026-01-15 15:50:17] [22 MB] [chunked_processor] Save verification (direct DB)
    DATA: Array
(
    [verified] => YES
)

[2026-01-15 15:50:17] [22 MB] [chunked_processor] get_job called
    DATA: Array
(
    [job_id] => f0df9ec8-dce2-4392-a671-1785d207b753
)

[2026-01-15 15:50:17] [22 MB] [chunked_processor] Transient lookup result
    DATA: Array
(
    [option_name] => speed_backups_job_f0df9ec8-dce2-4392-a671-1785d207b753
    [found] => YES
)

[2026-01-15 15:50:17] [22 MB] [chunked_processor] Job retrieved successfully
    DATA: Array
(
    [status] => completed
    [type] => backup
)

[2026-01-15 15:50:17] [22 MB] [chunked_processor] save_job called
    DATA: Array
(
    [job_id] => f0df9ec8-dce2-4392-a671-1785d207b753
    [status] => completed
)

[2026-01-15 15:50:17] [22 MB] [chunked_processor] Transient save result
    DATA: Array
(
    [option_name] => speed_backups_job_f0df9ec8-dce2-4392-a671-1785d207b753
    [success] => YES
)

[2026-01-15 15:50:17] [22 MB] [chunked_processor] Option save result
    DATA: Array
(
    [option_name] => speed_backups_job_f0df9ec8-dce2-4392-a671-1785d207b753
    [success] => YES
)

[2026-01-15 15:50:17] [22 MB] [chunked_processor] Save verification (direct DB)
    DATA: Array
(
    [verified] => YES
)

[2026-01-15 15:50:17] [22 MB] [chunked_processor] get_job called
    DATA: Array
(
    [job_id] => f0df9ec8-dce2-4392-a671-1785d207b753
)

[2026-01-15 15:50:17] [22 MB] [chunked_processor] Transient lookup result
    DATA: Array
(
    [option_name] => speed_backups_job_f0df9ec8-dce2-4392-a671-1785d207b753
    [found] => YES
)

[2026-01-15 15:50:17] [22 MB] [chunked_processor] Job retrieved successfully
    DATA: Array
(
    [status] => completed
    [type] => backup
)

[2026-01-15 15:50:17] [16 MB] [ERROR_HANDLER] PHP error handlers registered
[2026-01-15 15:50:17] [18 MB] [ERROR_HANDLER] PHP error handlers registered
[2026-01-15 15:50:19] [18 MB] [ERROR_HANDLER] PHP error handlers registered
[2026-01-15 15:50:20] [14 MB] [ERROR_HANDLER] PHP error handlers registered
[2026-01-15 15:50:23] [16 MB] [ERROR_HANDLER] PHP error handlers registered
[2026-01-15 15:50:23] [16 MB] [SESSION] ============================================================
[2026-01-15 15:50:23] [16 MB] [SESSION] NEW RESTORE SESSION STARTED
[2026-01-15 15:50:23] [16 MB] [SESSION] WordPress: 6.9
[2026-01-15 15:50:23] [16 MB] [SESSION] PHP: 8.2.26
[2026-01-15 15:50:23] [16 MB] [SESSION] Plugin: 1.0.0
[2026-01-15 15:50:23] [16 MB] [SESSION] ============================================================
[2026-01-15 15:50:23] [16 MB] [FUNCTION] >>> ENTER: start_restore
    DATA: Array
(
    [0] => file_path
)

[2026-01-15 15:50:23] [18 MB] [start_restore] Backup validation passed
[2026-01-15 15:50:23] [18 MB] [start_restore] Restore options
    DATA: Array
(
    [restore_database] => YES
    [restore_files] => YES
    [replace_urls] => YES
)

[2026-01-15 15:50:23] [18 MB] [chunked_processor] save_job called
    DATA: Array
(
    [job_id] => 46c20819-194b-439d-b6d2-7e5ec5a67c23
    [status] => pending
)

[2026-01-15 15:50:23] [18 MB] [chunked_processor] Transient save result
    DATA: Array
(
    [option_name] => speed_backups_job_46c20819-194b-439d-b6d2-7e5ec5a67c23
    [success] => YES
)

[2026-01-15 15:50:23] [18 MB] [chunked_processor] Option save result
    DATA: Array
(
    [option_name] => speed_backups_job_46c20819-194b-439d-b6d2-7e5ec5a67c23
    [success] => YES
)

[2026-01-15 15:50:23] [18 MB] [chunked_processor] Save verification (direct DB)
    DATA: Array
(
    [verified] => YES
)

[2026-01-15 15:50:23] [18 MB] [start_restore] Job created
    DATA: Array
(
    [job_id] => 46c20819-194b-439d-b6d2-7e5ec5a67c23
)

[2026-01-15 15:50:23] [18 MB] [chunked_processor] get_job called
    DATA: Array
(
    [job_id] => 46c20819-194b-439d-b6d2-7e5ec5a67c23
)

[2026-01-15 15:50:23] [18 MB] [chunked_processor] Transient lookup result
    DATA: Array
(
    [option_name] => speed_backups_job_46c20819-194b-439d-b6d2-7e5ec5a67c23
    [found] => YES
)

[2026-01-15 15:50:23] [18 MB] [chunked_processor] Job retrieved successfully
    DATA: Array
(
    [status] => pending
    [type] => restore
)

[2026-01-15 15:50:23] [18 MB] [chunked_processor] save_job called
    DATA: Array
(
    [job_id] => 46c20819-194b-439d-b6d2-7e5ec5a67c23
    [status] => running
)

[2026-01-15 15:50:23] [18 MB] [chunked_processor] Transient save result
    DATA: Array
(
    [option_name] => speed_backups_job_46c20819-194b-439d-b6d2-7e5ec5a67c23
    [success] => YES
)

[2026-01-15 15:50:23] [18 MB] [chunked_processor] Option save result
    DATA: Array
(
    [option_name] => speed_backups_job_46c20819-194b-439d-b6d2-7e5ec5a67c23
    [success] => YES
)

[2026-01-15 15:50:23] [18 MB] [chunked_processor] Save verification (direct DB)
    DATA: Array
(
    [verified] => YES
)

[2026-01-15 15:50:23] [18 MB] [chunked_processor] get_job called
    DATA: Array
(
    [job_id] => 46c20819-194b-439d-b6d2-7e5ec5a67c23
)

[2026-01-15 15:50:23] [18 MB] [chunked_processor] Transient lookup result
    DATA: Array
(
    [option_name] => speed_backups_job_46c20819-194b-439d-b6d2-7e5ec5a67c23
    [found] => YES
)

[2026-01-15 15:50:23] [18 MB] [chunked_processor] Job retrieved successfully
    DATA: Array
(
    [status] => running
    [type] => restore
)

[2026-01-15 15:50:23] [18 MB] [chunked_processor] save_job called
    DATA: Array
(
    [job_id] => 46c20819-194b-439d-b6d2-7e5ec5a67c23
    [status] => running
)

[2026-01-15 15:50:23] [18 MB] [chunked_processor] Transient save result
    DATA: Array
(
    [option_name] => speed_backups_job_46c20819-194b-439d-b6d2-7e5ec5a67c23
    [success] => YES
)

[2026-01-15 15:50:23] [18 MB] [chunked_processor] Option save result
    DATA: Array
(
    [option_name] => speed_backups_job_46c20819-194b-439d-b6d2-7e5ec5a67c23
    [success] => YES
)

[2026-01-15 15:50:23] [18 MB] [chunked_processor] Save verification (direct DB)
    DATA: Array
(
    [verified] => YES
)

[2026-01-15 15:50:23] [18 MB] [chunked_processor] get_job called
    DATA: Array
(
    [job_id] => 46c20819-194b-439d-b6d2-7e5ec5a67c23
)

[2026-01-15 15:50:23] [18 MB] [chunked_processor] Transient lookup result
    DATA: Array
(
    [option_name] => speed_backups_job_46c20819-194b-439d-b6d2-7e5ec5a67c23
    [found] => YES
)

[2026-01-15 15:50:23] [18 MB] [chunked_processor] Job retrieved successfully
    DATA: Array
(
    [status] => running
    [type] => restore
)

[2026-01-15 15:50:23] [18 MB] [start_restore] Job creation verification
    DATA: Array
(
    [job_exists] => YES
)

[2026-01-15 15:50:23] [18 MB] [FUNCTION] <<< EXIT: start_restore
[2026-01-15 15:50:23] [16 MB] [ERROR_HANDLER] PHP error handlers registered
[2026-01-15 15:50:23] [16 MB] [FUNCTION] >>> ENTER: process_chunk
    DATA: Array
(
    [0] => job_id
)

[2026-01-15 15:50:23] [16 MB] [chunked_processor] get_job called
    DATA: Array
(
    [job_id] => 46c20819-194b-439d-b6d2-7e5ec5a67c23
)

[2026-01-15 15:50:23] [16 MB] [chunked_processor] Transient lookup result
    DATA: Array
(
    [option_name] => speed_backups_job_46c20819-194b-439d-b6d2-7e5ec5a67c23
    [found] => YES
)

[2026-01-15 15:50:23] [16 MB] [chunked_processor] Job retrieved successfully
    DATA: Array
(
    [status] => running
    [type] => restore
)

[2026-01-15 15:50:23] [16 MB] [JOB_STATE] Job 46c20819-194b-439d-b6d2-7e5ec5a67c23 state
    DATA: Array
(
    [status] => running
    [type] => restore
    [phase] => validate
    [progress] => 0
)

[2026-01-15 15:50:23] [16 MB] [chunked_processor] get_job called
    DATA: Array
(
    [job_id] => 46c20819-194b-439d-b6d2-7e5ec5a67c23
)

[2026-01-15 15:50:23] [16 MB] [chunked_processor] Transient lookup result
    DATA: Array
(
    [option_name] => speed_backups_job_46c20819-194b-439d-b6d2-7e5ec5a67c23
    [found] => YES
)

[2026-01-15 15:50:23] [16 MB] [chunked_processor] Job retrieved successfully
    DATA: Array
(
    [status] => running
    [type] => restore
)

[2026-01-15 15:50:23] [16 MB] [chunked_processor] get_job called
    DATA: Array
(
    [job_id] => 46c20819-194b-439d-b6d2-7e5ec5a67c23
)

[2026-01-15 15:50:23] [16 MB] [chunked_processor] Transient lookup result
    DATA: Array
(
    [option_name] => speed_backups_job_46c20819-194b-439d-b6d2-7e5ec5a67c23
    [found] => YES
)

[2026-01-15 15:50:23] [16 MB] [chunked_processor] Job retrieved successfully
    DATA: Array
(
    [status] => running
    [type] => restore
)

[2026-01-15 15:50:23] [16 MB] [chunked_processor] save_job called
    DATA: Array
(
    [job_id] => 46c20819-194b-439d-b6d2-7e5ec5a67c23
    [status] => running
)

[2026-01-15 15:50:23] [16 MB] [chunked_processor] Transient save result
    DATA: Array
(
    [option_name] => speed_backups_job_46c20819-194b-439d-b6d2-7e5ec5a67c23
    [success] => YES
)

[2026-01-15 15:50:23] [16 MB] [chunked_processor] Option save result
    DATA: Array
(
    [option_name] => speed_backups_job_46c20819-194b-439d-b6d2-7e5ec5a67c23
    [success] => YES
)

[2026-01-15 15:50:23] [16 MB] [chunked_processor] Save verification (direct DB)
    DATA: Array
(
    [verified] => YES
)

[2026-01-15 15:50:23] [18 MB] [chunked_processor] get_job called
    DATA: Array
(
    [job_id] => 46c20819-194b-439d-b6d2-7e5ec5a67c23
)

[2026-01-15 15:50:23] [18 MB] [chunked_processor] Transient lookup result
    DATA: Array
(
    [option_name] => speed_backups_job_46c20819-194b-439d-b6d2-7e5ec5a67c23
    [found] => YES
)

[2026-01-15 15:50:23] [18 MB] [chunked_processor] Job retrieved successfully
    DATA: Array
(
    [status] => running
    [type] => restore
)

[2026-01-15 15:50:23] [18 MB] [chunked_processor] save_job called
    DATA: Array
(
    [job_id] => 46c20819-194b-439d-b6d2-7e5ec5a67c23
    [status] => running
)

[2026-01-15 15:50:23] [18 MB] [chunked_processor] Transient save result
    DATA: Array
(
    [option_name] => speed_backups_job_46c20819-194b-439d-b6d2-7e5ec5a67c23
    [success] => YES
)

[2026-01-15 15:50:23] [18 MB] [chunked_processor] Option save result
    DATA: Array
(
    [option_name] => speed_backups_job_46c20819-194b-439d-b6d2-7e5ec5a67c23
    [success] => YES
)

[2026-01-15 15:50:23] [18 MB] [chunked_processor] Save verification (direct DB)
    DATA: Array
(
    [verified] => YES
)

[2026-01-15 15:50:23] [18 MB] [chunked_processor] get_job called
    DATA: Array
(
    [job_id] => 46c20819-194b-439d-b6d2-7e5ec5a67c23
)

[2026-01-15 15:50:23] [18 MB] [chunked_processor] Transient lookup result
    DATA: Array
(
    [option_name] => speed_backups_job_46c20819-194b-439d-b6d2-7e5ec5a67c23
    [found] => YES
)

[2026-01-15 15:50:23] [18 MB] [chunked_processor] Job retrieved successfully
    DATA: Array
(
    [status] => running
    [type] => restore
)

[2026-01-15 15:50:23] [18 MB] [chunked_processor] save_job called
    DATA: Array
(
    [job_id] => 46c20819-194b-439d-b6d2-7e5ec5a67c23
    [status] => running
)

[2026-01-15 15:50:23] [18 MB] [chunked_processor] Transient save result
    DATA: Array
(
    [option_name] => speed_backups_job_46c20819-194b-439d-b6d2-7e5ec5a67c23
    [success] => YES
)

[2026-01-15 15:50:23] [18 MB] [chunked_processor] Option save result
    DATA: Array
(
    [option_name] => speed_backups_job_46c20819-194b-439d-b6d2-7e5ec5a67c23
    [success] => YES
)

[2026-01-15 15:50:23] [18 MB] [chunked_processor] Save verification (direct DB)
    DATA: Array
(
    [verified] => YES
)

[2026-01-15 15:50:23] [18 MB] [chunked_processor] get_job called
    DATA: Array
(
    [job_id] => 46c20819-194b-439d-b6d2-7e5ec5a67c23
)

[2026-01-15 15:50:23] [18 MB] [chunked_processor] Transient lookup result
    DATA: Array
(
    [option_name] => speed_backups_job_46c20819-194b-439d-b6d2-7e5ec5a67c23
    [found] => YES
)

[2026-01-15 15:50:23] [18 MB] [chunked_processor] Job retrieved successfully
    DATA: Array
(
    [status] => running
    [type] => restore
)

[2026-01-15 15:50:23] [18 MB] [chunked_processor] get_job called
    DATA: Array
(
    [job_id] => 46c20819-194b-439d-b6d2-7e5ec5a67c23
)

[2026-01-15 15:50:23] [18 MB] [chunked_processor] Transient lookup result
    DATA: Array
(
    [option_name] => speed_backups_job_46c20819-194b-439d-b6d2-7e5ec5a67c23
    [found] => YES
)

[2026-01-15 15:50:23] [18 MB] [chunked_processor] Job retrieved successfully
    DATA: Array
(
    [status] => running
    [type] => restore
)

[2026-01-15 15:50:23] [16 MB] [ERROR_HANDLER] PHP error handlers registered
[2026-01-15 15:50:23] [16 MB] [FUNCTION] >>> ENTER: process_chunk
    DATA: Array
(
    [0] => job_id
)

[2026-01-15 15:50:23] [16 MB] [chunked_processor] get_job called
    DATA: Array
(
    [job_id] => 46c20819-194b-439d-b6d2-7e5ec5a67c23
)

[2026-01-15 15:50:23] [16 MB] [chunked_processor] Transient lookup result
    DATA: Array
(
    [option_name] => speed_backups_job_46c20819-194b-439d-b6d2-7e5ec5a67c23
    [found] => YES
)

[2026-01-15 15:50:23] [16 MB] [chunked_processor] Job retrieved successfully
    DATA: Array
(
    [status] => running
    [type] => restore
)

[2026-01-15 15:50:23] [16 MB] [JOB_STATE] Job 46c20819-194b-439d-b6d2-7e5ec5a67c23 state
    DATA: Array
(
    [status] => running
    [type] => restore
    [phase] => extract
    [progress] => 100
)

[2026-01-15 15:50:23] [16 MB] [chunked_processor] get_job called
    DATA: Array
(
    [job_id] => 46c20819-194b-439d-b6d2-7e5ec5a67c23
)

[2026-01-15 15:50:23] [16 MB] [chunked_processor] Transient lookup result
    DATA: Array
(
    [option_name] => speed_backups_job_46c20819-194b-439d-b6d2-7e5ec5a67c23
    [found] => YES
)

[2026-01-15 15:50:23] [16 MB] [chunked_processor] Job retrieved successfully
    DATA: Array
(
    [status] => running
    [type] => restore
)

[2026-01-15 15:50:23] [16 MB] [chunked_processor] get_job called
    DATA: Array
(
    [job_id] => 46c20819-194b-439d-b6d2-7e5ec5a67c23
)

[2026-01-15 15:50:23] [16 MB] [chunked_processor] Transient lookup result
    DATA: Array
(
    [option_name] => speed_backups_job_46c20819-194b-439d-b6d2-7e5ec5a67c23
    [found] => YES
)

[2026-01-15 15:50:23] [16 MB] [chunked_processor] Job retrieved successfully
    DATA: Array
(
    [status] => running
    [type] => restore
)

[2026-01-15 15:50:23] [16 MB] [chunked_processor] save_job called
    DATA: Array
(
    [job_id] => 46c20819-194b-439d-b6d2-7e5ec5a67c23
    [status] => running
)

[2026-01-15 15:50:23] [16 MB] [chunked_processor] Transient save result
    DATA: Array
(
    [option_name] => speed_backups_job_46c20819-194b-439d-b6d2-7e5ec5a67c23
    [success] => YES
)

[2026-01-15 15:50:23] [16 MB] [chunked_processor] Option save result
    DATA: Array
(
    [option_name] => speed_backups_job_46c20819-194b-439d-b6d2-7e5ec5a67c23
    [success] => YES
)

[2026-01-15 15:50:23] [16 MB] [chunked_processor] Save verification (direct DB)
    DATA: Array
(
    [verified] => YES
)

[2026-01-15 15:50:24] [18 MB] [chunked_processor] get_job called
    DATA: Array
(
    [job_id] => 46c20819-194b-439d-b6d2-7e5ec5a67c23
)

[2026-01-15 15:50:24] [18 MB] [chunked_processor] Transient lookup result
    DATA: Array
(
    [option_name] => speed_backups_job_46c20819-194b-439d-b6d2-7e5ec5a67c23
    [found] => YES
)

[2026-01-15 15:50:24] [18 MB] [chunked_processor] Job retrieved successfully
    DATA: Array
(
    [status] => running
    [type] => restore
)

[2026-01-15 15:50:24] [18 MB] [chunked_processor] save_job called
    DATA: Array
(
    [job_id] => 46c20819-194b-439d-b6d2-7e5ec5a67c23
    [status] => running
)

[2026-01-15 15:50:24] [18 MB] [chunked_processor] Transient save result
    DATA: Array
(
    [option_name] => speed_backups_job_46c20819-194b-439d-b6d2-7e5ec5a67c23
    [success] => YES
)

[2026-01-15 15:50:24] [18 MB] [chunked_processor] Option save result
    DATA: Array
(
    [option_name] => speed_backups_job_46c20819-194b-439d-b6d2-7e5ec5a67c23
    [success] => YES
)

[2026-01-15 15:50:24] [18 MB] [chunked_processor] Save verification (direct DB)
    DATA: Array
(
    [verified] => YES
)

[2026-01-15 15:50:24] [18 MB] [chunked_processor] get_job called
    DATA: Array
(
    [job_id] => 46c20819-194b-439d-b6d2-7e5ec5a67c23
)

[2026-01-15 15:50:24] [18 MB] [chunked_processor] Transient lookup result
    DATA: Array
(
    [option_name] => speed_backups_job_46c20819-194b-439d-b6d2-7e5ec5a67c23
    [found] => YES
)

[2026-01-15 15:50:24] [18 MB] [chunked_processor] Job retrieved successfully
    DATA: Array
(
    [status] => running
    [type] => restore
)

[2026-01-15 15:50:24] [18 MB] [chunked_processor] get_job called
    DATA: Array
(
    [job_id] => 46c20819-194b-439d-b6d2-7e5ec5a67c23
)

[2026-01-15 15:50:24] [18 MB] [chunked_processor] Transient lookup result
    DATA: Array
(
    [option_name] => speed_backups_job_46c20819-194b-439d-b6d2-7e5ec5a67c23
    [found] => YES
)

[2026-01-15 15:50:24] [18 MB] [chunked_processor] Job retrieved successfully
    DATA: Array
(
    [status] => running
    [type] => restore
)

[2026-01-15 15:50:24] [16 MB] [ERROR_HANDLER] PHP error handlers registered
[2026-01-15 15:50:24] [16 MB] [FUNCTION] >>> ENTER: process_chunk
    DATA: Array
(
    [0] => job_id
)

[2026-01-15 15:50:24] [16 MB] [chunked_processor] get_job called
    DATA: Array
(
    [job_id] => 46c20819-194b-439d-b6d2-7e5ec5a67c23
)

[2026-01-15 15:50:24] [16 MB] [chunked_processor] Transient lookup result
    DATA: Array
(
    [option_name] => speed_backups_job_46c20819-194b-439d-b6d2-7e5ec5a67c23
    [found] => YES
)

[2026-01-15 15:50:24] [16 MB] [chunked_processor] Job retrieved successfully
    DATA: Array
(
    [status] => running
    [type] => restore
)

[2026-01-15 15:50:24] [16 MB] [JOB_STATE] Job 46c20819-194b-439d-b6d2-7e5ec5a67c23 state
    DATA: Array
(
    [status] => running
    [type] => restore
    [phase] => extract
    [progress] => 0
)

[2026-01-15 15:50:24] [16 MB] [chunked_processor] get_job called
    DATA: Array
(
    [job_id] => 46c20819-194b-439d-b6d2-7e5ec5a67c23
)

[2026-01-15 15:50:24] [16 MB] [chunked_processor] Transient lookup result
    DATA: Array
(
    [option_name] => speed_backups_job_46c20819-194b-439d-b6d2-7e5ec5a67c23
    [found] => YES
)

[2026-01-15 15:50:24] [16 MB] [chunked_processor] Job retrieved successfully
    DATA: Array
(
    [status] => running
    [type] => restore
)

[2026-01-15 15:50:24] [16 MB] [chunked_processor] get_job called
    DATA: Array
(
    [job_id] => 46c20819-194b-439d-b6d2-7e5ec5a67c23
)

[2026-01-15 15:50:24] [16 MB] [chunked_processor] Transient lookup result
    DATA: Array
(
    [option_name] => speed_backups_job_46c20819-194b-439d-b6d2-7e5ec5a67c23
    [found] => YES
)

[2026-01-15 15:50:24] [16 MB] [chunked_processor] Job retrieved successfully
    DATA: Array
(
    [status] => running
    [type] => restore
)

[2026-01-15 15:50:24] [16 MB] [chunked_processor] save_job called
    DATA: Array
(
    [job_id] => 46c20819-194b-439d-b6d2-7e5ec5a67c23
    [status] => running
)

[2026-01-15 15:50:24] [16 MB] [chunked_processor] Transient save result
    DATA: Array
(
    [option_name] => speed_backups_job_46c20819-194b-439d-b6d2-7e5ec5a67c23
    [success] => YES
)

[2026-01-15 15:50:24] [16 MB] [chunked_processor] Option save result
    DATA: Array
(
    [option_name] => speed_backups_job_46c20819-194b-439d-b6d2-7e5ec5a67c23
    [success] => YES
)

[2026-01-15 15:50:24] [16 MB] [chunked_processor] Save verification (direct DB)
    DATA: Array
(
    [verified] => YES
)

[2026-01-15 15:50:24] [16 MB] [chunked_processor] get_job called
    DATA: Array
(
    [job_id] => 46c20819-194b-439d-b6d2-7e5ec5a67c23
)

[2026-01-15 15:50:24] [16 MB] [chunked_processor] Transient lookup result
    DATA: Array
(
    [option_name] => speed_backups_job_46c20819-194b-439d-b6d2-7e5ec5a67c23
    [found] => YES
)

[2026-01-15 15:50:24] [16 MB] [chunked_processor] Job retrieved successfully
    DATA: Array
(
    [status] => running
    [type] => restore
)

[2026-01-15 15:50:24] [16 MB] [chunked_processor] save_job called
    DATA: Array
(
    [job_id] => 46c20819-194b-439d-b6d2-7e5ec5a67c23
    [status] => running
)

[2026-01-15 15:50:24] [16 MB] [chunked_processor] Transient save result
    DATA: Array
(
    [option_name] => speed_backups_job_46c20819-194b-439d-b6d2-7e5ec5a67c23
    [success] => YES
)

[2026-01-15 15:50:24] [16 MB] [chunked_processor] Option save result
    DATA: Array
(
    [option_name] => speed_backups_job_46c20819-194b-439d-b6d2-7e5ec5a67c23
    [success] => YES
)

[2026-01-15 15:50:24] [16 MB] [chunked_processor] Save verification (direct DB)
    DATA: Array
(
    [verified] => YES
)

[2026-01-15 15:50:24] [16 MB] [chunked_processor] get_job called
    DATA: Array
(
    [job_id] => 46c20819-194b-439d-b6d2-7e5ec5a67c23
)

[2026-01-15 15:50:24] [16 MB] [chunked_processor] Transient lookup result
    DATA: Array
(
    [option_name] => speed_backups_job_46c20819-194b-439d-b6d2-7e5ec5a67c23
    [found] => YES
)

[2026-01-15 15:50:24] [16 MB] [chunked_processor] Job retrieved successfully
    DATA: Array
(
    [status] => running
    [type] => restore
)

[2026-01-15 15:50:24] [16 MB] [chunked_processor] get_job called
    DATA: Array
(
    [job_id] => 46c20819-194b-439d-b6d2-7e5ec5a67c23
)

[2026-01-15 15:50:24] [16 MB] [chunked_processor] Transient lookup result
    DATA: Array
(
    [option_name] => speed_backups_job_46c20819-194b-439d-b6d2-7e5ec5a67c23
    [found] => YES
)

[2026-01-15 15:50:24] [16 MB] [chunked_processor] Job retrieved successfully
    DATA: Array
(
    [status] => running
    [type] => restore
)

[2026-01-15 15:50:24] [16 MB] [ERROR_HANDLER] PHP error handlers registered
[2026-01-15 15:50:25] [16 MB] [FUNCTION] >>> ENTER: process_chunk
    DATA: Array
(
    [0] => job_id
)

[2026-01-15 15:50:25] [16 MB] [chunked_processor] get_job called
    DATA: Array
(
    [job_id] => 46c20819-194b-439d-b6d2-7e5ec5a67c23
)

[2026-01-15 15:50:25] [16 MB] [chunked_processor] Transient lookup result
    DATA: Array
(
    [option_name] => speed_backups_job_46c20819-194b-439d-b6d2-7e5ec5a67c23
    [found] => YES
)

[2026-01-15 15:50:25] [16 MB] [chunked_processor] Job retrieved successfully
    DATA: Array
(
    [status] => running
    [type] => restore
)

[2026-01-15 15:50:25] [16 MB] [JOB_STATE] Job 46c20819-194b-439d-b6d2-7e5ec5a67c23 state
    DATA: Array
(
    [status] => running
    [type] => restore
    [phase] => extract
    [progress] => 1.2951690195571
)

[2026-01-15 15:50:25] [16 MB] [chunked_processor] get_job called
    DATA: Array
(
    [job_id] => 46c20819-194b-439d-b6d2-7e5ec5a67c23
)

[2026-01-15 15:50:25] [16 MB] [chunked_processor] Transient lookup result
    DATA: Array
(
    [option_name] => speed_backups_job_46c20819-194b-439d-b6d2-7e5ec5a67c23
    [found] => YES
)

[2026-01-15 15:50:25] [16 MB] [chunked_processor] Job retrieved successfully
    DATA: Array
(
    [status] => running
    [type] => restore
)

[2026-01-15 15:50:25] [16 MB] [chunked_processor] get_job called
    DATA: Array
(
    [job_id] => 46c20819-194b-439d-b6d2-7e5ec5a67c23
)

[2026-01-15 15:50:25] [16 MB] [chunked_processor] Transient lookup result
    DATA: Array
(
    [option_name] => speed_backups_job_46c20819-194b-439d-b6d2-7e5ec5a67c23
    [found] => YES
)

[2026-01-15 15:50:25] [16 MB] [chunked_processor] Job retrieved successfully
    DATA: Array
(
    [status] => running
    [type] => restore
)

[2026-01-15 15:50:25] [16 MB] [chunked_processor] save_job called
    DATA: Array
(
    [job_id] => 46c20819-194b-439d-b6d2-7e5ec5a67c23
    [status] => running
)

[2026-01-15 15:50:25] [16 MB] [chunked_processor] Transient save result
    DATA: Array
(
    [option_name] => speed_backups_job_46c20819-194b-439d-b6d2-7e5ec5a67c23
    [success] => YES
)

[2026-01-15 15:50:25] [16 MB] [chunked_processor] Option save result
    DATA: Array
(
    [option_name] => speed_backups_job_46c20819-194b-439d-b6d2-7e5ec5a67c23
    [success] => YES
)

[2026-01-15 15:50:25] [16 MB] [chunked_processor] Save verification (direct DB)
    DATA: Array
(
    [verified] => YES
)

[2026-01-15 15:50:25] [16 MB] [chunked_processor] get_job called
    DATA: Array
(
    [job_id] => 46c20819-194b-439d-b6d2-7e5ec5a67c23
)

[2026-01-15 15:50:25] [16 MB] [chunked_processor] Transient lookup result
    DATA: Array
(
    [option_name] => speed_backups_job_46c20819-194b-439d-b6d2-7e5ec5a67c23
    [found] => YES
)

[2026-01-15 15:50:25] [16 MB] [chunked_processor] Job retrieved successfully
    DATA: Array
(
    [status] => running
    [type] => restore
)

[2026-01-15 15:50:25] [16 MB] [chunked_processor] save_job called
    DATA: Array
(
    [job_id] => 46c20819-194b-439d-b6d2-7e5ec5a67c23
    [status] => running
)

[2026-01-15 15:50:25] [16 MB] [chunked_processor] Transient save result
    DATA: Array
(
    [option_name] => speed_backups_job_46c20819-194b-439d-b6d2-7e5ec5a67c23
    [success] => YES
)

[2026-01-15 15:50:25] [16 MB] [chunked_processor] Option save result
    DATA: Array
(
    [option_name] => speed_backups_job_46c20819-194b-439d-b6d2-7e5ec5a67c23
    [success] => YES
)

[2026-01-15 15:50:25] [16 MB] [chunked_processor] Save verification (direct DB)
    DATA: Array
(
    [verified] => YES
)

[2026-01-15 15:50:25] [16 MB] [chunked_processor] get_job called
    DATA: Array
(
    [job_id] => 46c20819-194b-439d-b6d2-7e5ec5a67c23
)

[2026-01-15 15:50:25] [16 MB] [chunked_processor] Transient lookup result
    DATA: Array
(
    [option_name] => speed_backups_job_46c20819-194b-439d-b6d2-7e5ec5a67c23
    [found] => YES
)

[2026-01-15 15:50:25] [16 MB] [chunked_processor] Job retrieved successfully
    DATA: Array
(
    [status] => running
    [type] => restore
)

[2026-01-15 15:50:25] [16 MB] [chunked_processor] get_job called
    DATA: Array
(
    [job_id] => 46c20819-194b-439d-b6d2-7e5ec5a67c23
)

[2026-01-15 15:50:25] [16 MB] [chunked_processor] Transient lookup result
    DATA: Array
(
    [option_name] => speed_backups_job_46c20819-194b-439d-b6d2-7e5ec5a67c23
    [found] => YES
)

[2026-01-15 15:50:25] [16 MB] [chunked_processor] Job retrieved successfully
    DATA: Array
(
    [status] => running
    [type] => restore
)

[2026-01-15 15:50:25] [16 MB] [ERROR_HANDLER] PHP error handlers registered
[2026-01-15 15:50:25] [16 MB] [FUNCTION] >>> ENTER: process_chunk
    DATA: Array
(
    [0] => job_id
)

[2026-01-15 15:50:25] [16 MB] [chunked_processor] get_job called
    DATA: Array
(
    [job_id] => 46c20819-194b-439d-b6d2-7e5ec5a67c23
)

[2026-01-15 15:50:25] [16 MB] [chunked_processor] Transient lookup result
    DATA: Array
(
    [option_name] => speed_backups_job_46c20819-194b-439d-b6d2-7e5ec5a67c23
    [found] => YES
)

[2026-01-15 15:50:25] [16 MB] [chunked_processor] Job retrieved successfully
    DATA: Array
(
    [status] => running
    [type] => restore
)

[2026-01-15 15:50:25] [16 MB] [JOB_STATE] Job 46c20819-194b-439d-b6d2-7e5ec5a67c23 state
    DATA: Array
(
    [status] => running
    [type] => restore
    [phase] => extract
    [progress] => 2.5903380391141
)

[2026-01-15 15:50:25] [16 MB] [chunked_processor] get_job called
    DATA: Array
(
    [job_id] => 46c20819-194b-439d-b6d2-7e5ec5a67c23
)

[2026-01-15 15:50:25] [16 MB] [chunked_processor] Transient lookup result
    DATA: Array
(
    [option_name] => speed_backups_job_46c20819-194b-439d-b6d2-7e5ec5a67c23
    [found] => YES
)

[2026-01-15 15:50:25] [16 MB] [chunked_processor] Job retrieved successfully
    DATA: Array
(
    [status] => running
    [type] => restore
)

[2026-01-15 15:50:25] [16 MB] [chunked_processor] get_job called
    DATA: Array
(
    [job_id] => 46c20819-194b-439d-b6d2-7e5ec5a67c23
)

[2026-01-15 15:50:25] [16 MB] [chunked_processor] Transient lookup result
    DATA: Array
(
    [option_name] => speed_backups_job_46c20819-194b-439d-b6d2-7e5ec5a67c23
    [found] => YES
)

[2026-01-15 15:50:25] [16 MB] [chunked_processor] Job retrieved successfully
    DATA: Array
(
    [status] => running
    [type] => restore
)

[2026-01-15 15:50:25] [16 MB] [chunked_processor] save_job called
    DATA: Array
(
    [job_id] => 46c20819-194b-439d-b6d2-7e5ec5a67c23
    [status] => running
)

[2026-01-15 15:50:25] [16 MB] [chunked_processor] Transient save result
    DATA: Array
(
    [option_name] => speed_backups_job_46c20819-194b-439d-b6d2-7e5ec5a67c23
    [success] => YES
)

[2026-01-15 15:50:25] [16 MB] [chunked_processor] Option save result
    DATA: Array
(
    [option_name] => speed_backups_job_46c20819-194b-439d-b6d2-7e5ec5a67c23
    [success] => YES
)

[2026-01-15 15:50:25] [16 MB] [chunked_processor] Save verification (direct DB)
    DATA: Array
(
    [verified] => YES
)

[2026-01-15 15:50:25] [16 MB] [chunked_processor] get_job called
    DATA: Array
(
    [job_id] => 46c20819-194b-439d-b6d2-7e5ec5a67c23
)

[2026-01-15 15:50:25] [16 MB] [chunked_processor] Transient lookup result
    DATA: Array
(
    [option_name] => speed_backups_job_46c20819-194b-439d-b6d2-7e5ec5a67c23
    [found] => YES
)

[2026-01-15 15:50:25] [16 MB] [chunked_processor] Job retrieved successfully
    DATA: Array
(
    [status] => running
    [type] => restore
)

[2026-01-15 15:50:25] [16 MB] [chunked_processor] save_job called
    DATA: Array
(
    [job_id] => 46c20819-194b-439d-b6d2-7e5ec5a67c23
    [status] => running
)

[2026-01-15 15:50:25] [16 MB] [chunked_processor] Transient save result
    DATA: Array
(
    [option_name] => speed_backups_job_46c20819-194b-439d-b6d2-7e5ec5a67c23
    [success] => YES
)

[2026-01-15 15:50:25] [16 MB] [chunked_processor] Option save result
    DATA: Array
(
    [option_name] => speed_backups_job_46c20819-194b-439d-b6d2-7e5ec5a67c23
    [success] => YES
)

[2026-01-15 15:50:25] [16 MB] [chunked_processor] Save verification (direct DB)
    DATA: Array
(
    [verified] => YES
)

[2026-01-15 15:50:25] [16 MB] [chunked_processor] get_job called
    DATA: Array
(
    [job_id] => 46c20819-194b-439d-b6d2-7e5ec5a67c23
)

[2026-01-15 15:50:25] [16 MB] [chunked_processor] Transient lookup result
    DATA: Array
(
    [option_name] => speed_backups_job_46c20819-194b-439d-b6d2-7e5ec5a67c23
    [found] => YES
)

[2026-01-15 15:50:25] [16 MB] [chunked_processor] Job retrieved successfully
    DATA: Array
(
    [status] => running
    [type] => restore
)

[2026-01-15 15:50:25] [16 MB] [chunked_processor] get_job called
    DATA: Array
(
    [job_id] => 46c20819-194b-439d-b6d2-7e5ec5a67c23
)

[2026-01-15 15:50:25] [16 MB] [chunked_processor] Transient lookup result
    DATA: Array
(
    [option_name] => speed_backups_job_46c20819-194b-439d-b6d2-7e5ec5a67c23
    [found] => YES
)

[2026-01-15 15:50:25] [16 MB] [chunked_processor] Job retrieved successfully
    DATA: Array
(
    [status] => running
    [type] => restore
)

[2026-01-15 15:50:25] [16 MB] [ERROR_HANDLER] PHP error handlers registered
[2026-01-15 15:50:25] [16 MB] [FUNCTION] >>> ENTER: process_chunk
    DATA: Array
(
    [0] => job_id
)

[2026-01-15 15:50:25] [16 MB] [chunked_processor] get_job called
    DATA: Array
(
    [job_id] => 46c20819-194b-439d-b6d2-7e5ec5a67c23
)

[2026-01-15 15:50:25] [16 MB] [chunked_processor] Transient lookup result
    DATA: Array
(
    [option_name] => speed_backups_job_46c20819-194b-439d-b6d2-7e5ec5a67c23
    [found] => YES
)

[2026-01-15 15:50:25] [16 MB] [chunked_processor] Job retrieved successfully
    DATA: Array
(
    [status] => running
    [type] => restore
)

[2026-01-15 15:50:25] [16 MB] [JOB_STATE] Job 46c20819-194b-439d-b6d2-7e5ec5a67c23 state
    DATA: Array
(
    [status] => running
    [type] => restore
    [phase] => extract
    [progress] => 3.8855070586712
)

[2026-01-15 15:50:25] [16 MB] [chunked_processor] get_job called
    DATA: Array
(
    [job_id] => 46c20819-194b-439d-b6d2-7e5ec5a67c23
)

[2026-01-15 15:50:25] [16 MB] [chunked_processor] Transient lookup result
    DATA: Array
(
    [option_name] => speed_backups_job_46c20819-194b-439d-b6d2-7e5ec5a67c23
    [found] => YES
)

[2026-01-15 15:50:25] [16 MB] [chunked_processor] Job retrieved successfully
    DATA: Array
(
    [status] => running
    [type] => restore
)

[2026-01-15 15:50:25] [16 MB] [chunked_processor] get_job called
    DATA: Array
(
    [job_id] => 46c20819-194b-439d-b6d2-7e5ec5a67c23
)

[2026-01-15 15:50:25] [16 MB] [chunked_processor] Transient lookup result
    DATA: Array
(
    [option_name] => speed_backups_job_46c20819-194b-439d-b6d2-7e5ec5a67c23
    [found] => YES
)

[2026-01-15 15:50:25] [16 MB] [chunked_processor] Job retrieved successfully
    DATA: Array
(
    [status] => running
    [type] => restore
)

[2026-01-15 15:50:25] [16 MB] [chunked_processor] save_job called
    DATA: Array
(
    [job_id] => 46c20819-194b-439d-b6d2-7e5ec5a67c23
    [status] => running
)

[2026-01-15 15:50:25] [16 MB] [chunked_processor] Transient save result
    DATA: Array
(
    [option_name] => speed_backups_job_46c20819-194b-439d-b6d2-7e5ec5a67c23
    [success] => YES
)

[2026-01-15 15:50:25] [16 MB] [chunked_processor] Option save result
    DATA: Array
(
    [option_name] => speed_backups_job_46c20819-194b-439d-b6d2-7e5ec5a67c23
    [success] => YES
)

[2026-01-15 15:50:25] [16 MB] [chunked_processor] Save verification (direct DB)
    DATA: Array
(
    [verified] => YES
)

[2026-01-15 15:50:25] [16 MB] [chunked_processor] get_job called
    DATA: Array
(
    [job_id] => 46c20819-194b-439d-b6d2-7e5ec5a67c23
)

[2026-01-15 15:50:25] [16 MB] [chunked_processor] Transient lookup result
    DATA: Array
(
    [option_name] => speed_backups_job_46c20819-194b-439d-b6d2-7e5ec5a67c23
    [found] => YES
)

[2026-01-15 15:50:25] [16 MB] [chunked_processor] Job retrieved successfully
    DATA: Array
(
    [status] => running
    [type] => restore
)

[2026-01-15 15:50:25] [16 MB] [chunked_processor] save_job called
    DATA: Array
(
    [job_id] => 46c20819-194b-439d-b6d2-7e5ec5a67c23
    [status] => running
)

[2026-01-15 15:50:25] [16 MB] [chunked_processor] Transient save result
    DATA: Array
(
    [option_name] => speed_backups_job_46c20819-194b-439d-b6d2-7e5ec5a67c23
    [success] => YES
)

[2026-01-15 15:50:25] [16 MB] [chunked_processor] Option save result
    DATA: Array
(
    [option_name] => speed_backups_job_46c20819-194b-439d-b6d2-7e5ec5a67c23
    [success] => YES
)

[2026-01-15 15:50:25] [16 MB] [chunked_processor] Save verification (direct DB)
    DATA: Array
(
    [verified] => YES
)

[2026-01-15 15:50:25] [16 MB] [chunked_processor] get_job called
    DATA: Array
(
    [job_id] => 46c20819-194b-439d-b6d2-7e5ec5a67c23
)

[2026-01-15 15:50:25] [16 MB] [chunked_processor] Transient lookup result
    DATA: Array
(
    [option_name] => speed_backups_job_46c20819-194b-439d-b6d2-7e5ec5a67c23
    [found] => YES
)

[2026-01-15 15:50:25] [16 MB] [chunked_processor] Job retrieved successfully
    DATA: Array
(
    [status] => running
    [type] => restore
)

[2026-01-15 15:50:25] [16 MB] [chunked_processor] get_job called
    DATA: Array
(
    [job_id] => 46c20819-194b-439d-b6d2-7e5ec5a67c23
)

[2026-01-15 15:50:25] [16 MB] [chunked_processor] Transient lookup result
    DATA: Array
(
    [option_name] => speed_backups_job_46c20819-194b-439d-b6d2-7e5ec5a67c23
    [found] => YES
)

[2026-01-15 15:50:25] [16 MB] [chunked_processor] Job retrieved successfully
    DATA: Array
(
    [status] => running
    [type] => restore
)

[2026-01-15 15:50:26] [14 MB] [ERROR_HANDLER] PHP error handlers registered
[2026-01-15 15:50:26] [14 MB] [FUNCTION] >>> ENTER: process_chunk
    DATA: Array
(
    [0] => job_id
)

[2026-01-15 15:50:26] [14 MB] [chunked_processor] get_job called
    DATA: Array
(
    [job_id] => 46c20819-194b-439d-b6d2-7e5ec5a67c23
)

[2026-01-15 15:50:26] [14 MB] [chunked_processor] Transient lookup result
    DATA: Array
(
    [option_name] => speed_backups_job_46c20819-194b-439d-b6d2-7e5ec5a67c23
    [found] => YES
)

[2026-01-15 15:50:26] [14 MB] [chunked_processor] Job retrieved successfully
    DATA: Array
(
    [status] => running
    [type] => restore
)

[2026-01-15 15:50:26] [14 MB] [JOB_STATE] Job 46c20819-194b-439d-b6d2-7e5ec5a67c23 state
    DATA: Array
(
    [status] => running
    [type] => restore
    [phase] => extract
    [progress] => 5.1806760782282
)

[2026-01-15 15:50:26] [14 MB] [chunked_processor] get_job called
    DATA: Array
(
    [job_id] => 46c20819-194b-439d-b6d2-7e5ec5a67c23
)

[2026-01-15 15:50:26] [14 MB] [chunked_processor] Transient lookup result
    DATA: Array
(
    [option_name] => speed_backups_job_46c20819-194b-439d-b6d2-7e5ec5a67c23
    [found] => YES
)

[2026-01-15 15:50:26] [14 MB] [chunked_processor] Job retrieved successfully
    DATA: Array
(
    [status] => running
    [type] => restore
)

[2026-01-15 15:50:26] [14 MB] [chunked_processor] get_job called
    DATA: Array
(
    [job_id] => 46c20819-194b-439d-b6d2-7e5ec5a67c23
)

[2026-01-15 15:50:26] [14 MB] [chunked_processor] Transient lookup result
    DATA: Array
(
    [option_name] => speed_backups_job_46c20819-194b-439d-b6d2-7e5ec5a67c23
    [found] => YES
)

[2026-01-15 15:50:26] [14 MB] [chunked_processor] Job retrieved successfully
    DATA: Array
(
    [status] => running
    [type] => restore
)

[2026-01-15 15:50:26] [14 MB] [chunked_processor] save_job called
    DATA: Array
(
    [job_id] => 46c20819-194b-439d-b6d2-7e5ec5a67c23
    [status] => running
)

[2026-01-15 15:50:26] [14 MB] [chunked_processor] Transient save result
    DATA: Array
(
    [option_name] => speed_backups_job_46c20819-194b-439d-b6d2-7e5ec5a67c23
    [success] => YES
)

[2026-01-15 15:50:26] [14 MB] [chunked_processor] Option save result
    DATA: Array
(
    [option_name] => speed_backups_job_46c20819-194b-439d-b6d2-7e5ec5a67c23
    [success] => YES
)

[2026-01-15 15:50:26] [14 MB] [chunked_processor] Save verification (direct DB)
    DATA: Array
(
    [verified] => YES
)

[2026-01-15 15:50:26] [14 MB] [chunked_processor] get_job called
    DATA: Array
(
    [job_id] => 46c20819-194b-439d-b6d2-7e5ec5a67c23
)

[2026-01-15 15:50:26] [14 MB] [chunked_processor] Transient lookup result
    DATA: Array
(
    [option_name] => speed_backups_job_46c20819-194b-439d-b6d2-7e5ec5a67c23
    [found] => YES
)

[2026-01-15 15:50:26] [14 MB] [chunked_processor] Job retrieved successfully
    DATA: Array
(
    [status] => running
    [type] => restore
)

[2026-01-15 15:50:26] [14 MB] [chunked_processor] save_job called
    DATA: Array
(
    [job_id] => 46c20819-194b-439d-b6d2-7e5ec5a67c23
    [status] => running
)

[2026-01-15 15:50:26] [14 MB] [chunked_processor] Transient save result
    DATA: Array
(
    [option_name] => speed_backups_job_46c20819-194b-439d-b6d2-7e5ec5a67c23
    [success] => YES
)

[2026-01-15 15:50:26] [14 MB] [chunked_processor] Option save result
    DATA: Array
(
    [option_name] => speed_backups_job_46c20819-194b-439d-b6d2-7e5ec5a67c23
    [success] => YES
)

[2026-01-15 15:50:26] [14 MB] [chunked_processor] Save verification (direct DB)
    DATA: Array
(
    [verified] => YES
)

[2026-01-15 15:50:26] [14 MB] [chunked_processor] get_job called
    DATA: Array
(
    [job_id] => 46c20819-194b-439d-b6d2-7e5ec5a67c23
)

[2026-01-15 15:50:26] [14 MB] [chunked_processor] Transient lookup result
    DATA: Array
(
    [option_name] => speed_backups_job_46c20819-194b-439d-b6d2-7e5ec5a67c23
    [found] => YES
)

[2026-01-15 15:50:26] [14 MB] [chunked_processor] Job retrieved successfully
    DATA: Array
(
    [status] => running
    [type] => restore
)

[2026-01-15 15:50:26] [14 MB] [chunked_processor] get_job called
    DATA: Array
(
    [job_id] => 46c20819-194b-439d-b6d2-7e5ec5a67c23
)

[2026-01-15 15:50:26] [14 MB] [chunked_processor] Transient lookup result
    DATA: Array
(
    [option_name] => speed_backups_job_46c20819-194b-439d-b6d2-7e5ec5a67c23
    [found] => YES
)

[2026-01-15 15:50:26] [14 MB] [chunked_processor] Job retrieved successfully
    DATA: Array
(
    [status] => running
    [type] => restore
)

[2026-01-15 15:50:26] [14 MB] [ERROR_HANDLER] PHP error handlers registered
[2026-01-15 15:50:26] [14 MB] [FUNCTION] >>> ENTER: process_chunk
    DATA: Array
(
    [0] => job_id
)

[2026-01-15 15:50:26] [14 MB] [chunked_processor] get_job called
    DATA: Array
(
    [job_id] => 46c20819-194b-439d-b6d2-7e5ec5a67c23
)

[2026-01-15 15:50:26] [14 MB] [chunked_processor] Transient lookup result
    DATA: Array
(
    [option_name] => speed_backups_job_46c20819-194b-439d-b6d2-7e5ec5a67c23
    [found] => YES
)

[2026-01-15 15:50:26] [14 MB] [chunked_processor] Job retrieved successfully
    DATA: Array
(
    [status] => running
    [type] => restore
)

[2026-01-15 15:50:26] [14 MB] [JOB_STATE] Job 46c20819-194b-439d-b6d2-7e5ec5a67c23 state
    DATA: Array
(
    [status] => running
    [type] => restore
    [phase] => extract
    [progress] => 6.4758450977853
)

[2026-01-15 15:50:26] [14 MB] [chunked_processor] get_job called
    DATA: Array
(
    [job_id] => 46c20819-194b-439d-b6d2-7e5ec5a67c23
)

[2026-01-15 15:50:26] [14 MB] [chunked_processor] Transient lookup result
    DATA: Array
(
    [option_name] => speed_backups_job_46c20819-194b-439d-b6d2-7e5ec5a67c23
    [found] => YES
)

[2026-01-15 15:50:26] [14 MB] [chunked_processor] Job retrieved successfully
    DATA: Array
(
    [status] => running
    [type] => restore
)

[2026-01-15 15:50:26] [14 MB] [chunked_processor] get_job called
    DATA: Array
(
    [job_id] => 46c20819-194b-439d-b6d2-7e5ec5a67c23
)

[2026-01-15 15:50:26] [14 MB] [chunked_processor] Transient lookup result
    DATA: Array
(
    [option_name] => speed_backups_job_46c20819-194b-439d-b6d2-7e5ec5a67c23
    [found] => YES
)

[2026-01-15 15:50:26] [14 MB] [chunked_processor] Job retrieved successfully
    DATA: Array
(
    [status] => running
    [type] => restore
)

[2026-01-15 15:50:26] [14 MB] [chunked_processor] save_job called
    DATA: Array
(
    [job_id] => 46c20819-194b-439d-b6d2-7e5ec5a67c23
    [status] => running
)

[2026-01-15 15:50:26] [14 MB] [chunked_processor] Transient save result
    DATA: Array
(
    [option_name] => speed_backups_job_46c20819-194b-439d-b6d2-7e5ec5a67c23
    [success] => YES
)

[2026-01-15 15:50:26] [14 MB] [chunked_processor] Option save result
    DATA: Array
(
    [option_name] => speed_backups_job_46c20819-194b-439d-b6d2-7e5ec5a67c23
    [success] => YES
)

[2026-01-15 15:50:26] [14 MB] [chunked_processor] Save verification (direct DB)
    DATA: Array
(
    [verified] => YES
)

[2026-01-15 15:50:26] [16 MB] [chunked_processor] get_job called
    DATA: Array
(
    [job_id] => 46c20819-194b-439d-b6d2-7e5ec5a67c23
)

[2026-01-15 15:50:26] [16 MB] [chunked_processor] Transient lookup result
    DATA: Array
(
    [option_name] => speed_backups_job_46c20819-194b-439d-b6d2-7e5ec5a67c23
    [found] => YES
)

[2026-01-15 15:50:26] [16 MB] [chunked_processor] Job retrieved successfully
    DATA: Array
(
    [status] => running
    [type] => restore
)

[2026-01-15 15:50:26] [16 MB] [chunked_processor] save_job called
    DATA: Array
(
    [job_id] => 46c20819-194b-439d-b6d2-7e5ec5a67c23
    [status] => running
)

[2026-01-15 15:50:26] [16 MB] [chunked_processor] Transient save result
    DATA: Array
(
    [option_name] => speed_backups_job_46c20819-194b-439d-b6d2-7e5ec5a67c23
    [success] => YES
)

[2026-01-15 15:50:26] [16 MB] [chunked_processor] Option save result
    DATA: Array
(
    [option_name] => speed_backups_job_46c20819-194b-439d-b6d2-7e5ec5a67c23
    [success] => YES
)

[2026-01-15 15:50:26] [16 MB] [chunked_processor] Save verification (direct DB)
    DATA: Array
(
    [verified] => YES
)

[2026-01-15 15:50:26] [16 MB] [chunked_processor] get_job called
    DATA: Array
(
    [job_id] => 46c20819-194b-439d-b6d2-7e5ec5a67c23
)

[2026-01-15 15:50:26] [16 MB] [chunked_processor] Transient lookup result
    DATA: Array
(
    [option_name] => speed_backups_job_46c20819-194b-439d-b6d2-7e5ec5a67c23
    [found] => YES
)

[2026-01-15 15:50:26] [16 MB] [chunked_processor] Job retrieved successfully
    DATA: Array
(
    [status] => running
    [type] => restore
)

[2026-01-15 15:50:26] [16 MB] [chunked_processor] get_job called
    DATA: Array
(
    [job_id] => 46c20819-194b-439d-b6d2-7e5ec5a67c23
)

[2026-01-15 15:50:26] [16 MB] [chunked_processor] Transient lookup result
    DATA: Array
(
    [option_name] => speed_backups_job_46c20819-194b-439d-b6d2-7e5ec5a67c23
    [found] => YES
)

[2026-01-15 15:50:26] [16 MB] [chunked_processor] Job retrieved successfully
    DATA: Array
(
    [status] => running
    [type] => restore
)

[2026-01-15 15:50:26] [14 MB] [ERROR_HANDLER] PHP error handlers registered
[2026-01-15 15:50:26] [14 MB] [FUNCTION] >>> ENTER: process_chunk
    DATA: Array
(
    [0] => job_id
)

[2026-01-15 15:50:26] [14 MB] [chunked_processor] get_job called
    DATA: Array
(
    [job_id] => 46c20819-194b-439d-b6d2-7e5ec5a67c23
)

[2026-01-15 15:50:26] [14 MB] [chunked_processor] Transient lookup result
    DATA: Array
(
    [option_name] => speed_backups_job_46c20819-194b-439d-b6d2-7e5ec5a67c23
    [found] => YES
)

[2026-01-15 15:50:26] [14 MB] [chunked_processor] Job retrieved successfully
    DATA: Array
(
    [status] => running
    [type] => restore
)

[2026-01-15 15:50:26] [14 MB] [JOB_STATE] Job 46c20819-194b-439d-b6d2-7e5ec5a67c23 state
    DATA: Array
(
    [status] => running
    [type] => restore
    [phase] => extract
    [progress] => 7.7710141173423
)

[2026-01-15 15:50:26] [14 MB] [chunked_processor] get_job called
    DATA: Array
(
    [job_id] => 46c20819-194b-439d-b6d2-7e5ec5a67c23
)

[2026-01-15 15:50:26] [14 MB] [chunked_processor] Transient lookup result
    DATA: Array
(
    [option_name] => speed_backups_job_46c20819-194b-439d-b6d2-7e5ec5a67c23
    [found] => YES
)

[2026-01-15 15:50:26] [14 MB] [chunked_processor] Job retrieved successfully
    DATA: Array
(
    [status] => running
    [type] => restore
)

[2026-01-15 15:50:26] [14 MB] [chunked_processor] get_job called
    DATA: Array
(
    [job_id] => 46c20819-194b-439d-b6d2-7e5ec5a67c23
)

[2026-01-15 15:50:26] [14 MB] [chunked_processor] Transient lookup result
    DATA: Array
(
    [option_name] => speed_backups_job_46c20819-194b-439d-b6d2-7e5ec5a67c23
    [found] => YES
)

[2026-01-15 15:50:26] [14 MB] [chunked_processor] Job retrieved successfully
    DATA: Array
(
    [status] => running
    [type] => restore
)

[2026-01-15 15:50:26] [14 MB] [chunked_processor] save_job called
    DATA: Array
(
    [job_id] => 46c20819-194b-439d-b6d2-7e5ec5a67c23
    [status] => running
)

[2026-01-15 15:50:26] [14 MB] [chunked_processor] Transient save result
    DATA: Array
(
    [option_name] => speed_backups_job_46c20819-194b-439d-b6d2-7e5ec5a67c23
    [success] => YES
)

[2026-01-15 15:50:26] [14 MB] [chunked_processor] Option save result
    DATA: Array
(
    [option_name] => speed_backups_job_46c20819-194b-439d-b6d2-7e5ec5a67c23
    [success] => YES
)

[2026-01-15 15:50:26] [14 MB] [chunked_processor] Save verification (direct DB)
    DATA: Array
(
    [verified] => YES
)

[2026-01-15 15:50:26] [14 MB] [chunked_processor] get_job called
    DATA: Array
(
    [job_id] => 46c20819-194b-439d-b6d2-7e5ec5a67c23
)

[2026-01-15 15:50:26] [14 MB] [chunked_processor] Transient lookup result
    DATA: Array
(
    [option_name] => speed_backups_job_46c20819-194b-439d-b6d2-7e5ec5a67c23
    [found] => YES
)

[2026-01-15 15:50:26] [14 MB] [chunked_processor] Job retrieved successfully
    DATA: Array
(
    [status] => running
    [type] => restore
)

[2026-01-15 15:50:26] [14 MB] [chunked_processor] save_job called
    DATA: Array
(
    [job_id] => 46c20819-194b-439d-b6d2-7e5ec5a67c23
    [status] => running
)

[2026-01-15 15:50:26] [14 MB] [chunked_processor] Transient save result
    DATA: Array
(
    [option_name] => speed_backups_job_46c20819-194b-439d-b6d2-7e5ec5a67c23
    [success] => YES
)

[2026-01-15 15:50:26] [14 MB] [chunked_processor] Option save result
    DATA: Array
(
    [option_name] => speed_backups_job_46c20819-194b-439d-b6d2-7e5ec5a67c23
    [success] => YES
)

[2026-01-15 15:50:26] [14 MB] [chunked_processor] Save verification (direct DB)
    DATA: Array
(
    [verified] => YES
)

[2026-01-15 15:50:26] [14 MB] [chunked_processor] get_job called
    DATA: Array
(
    [job_id] => 46c20819-194b-439d-b6d2-7e5ec5a67c23
)

[2026-01-15 15:50:26] [14 MB] [chunked_processor] Transient lookup result
    DATA: Array
(
    [option_name] => speed_backups_job_46c20819-194b-439d-b6d2-7e5ec5a67c23
    [found] => YES
)

[2026-01-15 15:50:26] [14 MB] [chunked_processor] Job retrieved successfully
    DATA: Array
(
    [status] => running
    [type] => restore
)

[2026-01-15 15:50:26] [14 MB] [chunked_processor] get_job called
    DATA: Array
(
    [job_id] => 46c20819-194b-439d-b6d2-7e5ec5a67c23
)

[2026-01-15 15:50:26] [14 MB] [chunked_processor] Transient lookup result
    DATA: Array
(
    [option_name] => speed_backups_job_46c20819-194b-439d-b6d2-7e5ec5a67c23
    [found] => YES
)

[2026-01-15 15:50:26] [14 MB] [chunked_processor] Job retrieved successfully
    DATA: Array
(
    [status] => running
    [type] => restore
)

[2026-01-15 15:50:27] [14 MB] [ERROR_HANDLER] PHP error handlers registered
[2026-01-15 15:50:27] [14 MB] [FUNCTION] >>> ENTER: process_chunk
    DATA: Array
(
    [0] => job_id
)

[2026-01-15 15:50:27] [14 MB] [chunked_processor] get_job called
    DATA: Array
(
    [job_id] => 46c20819-194b-439d-b6d2-7e5ec5a67c23
)

[2026-01-15 15:50:27] [14 MB] [chunked_processor] Transient lookup result
    DATA: Array
(
    [option_name] => speed_backups_job_46c20819-194b-439d-b6d2-7e5ec5a67c23
    [found] => YES
)

[2026-01-15 15:50:27] [14 MB] [chunked_processor] Job retrieved successfully
    DATA: Array
(
    [status] => running
    [type] => restore
)

[2026-01-15 15:50:27] [14 MB] [JOB_STATE] Job 46c20819-194b-439d-b6d2-7e5ec5a67c23 state
    DATA: Array
(
    [status] => running
    [type] => restore
    [phase] => extract
    [progress] => 9.0661831368994
)

[2026-01-15 15:50:27] [14 MB] [chunked_processor] get_job called
    DATA: Array
(
    [job_id] => 46c20819-194b-439d-b6d2-7e5ec5a67c23
)

[2026-01-15 15:50:27] [14 MB] [chunked_processor] Transient lookup result
    DATA: Array
(
    [option_name] => speed_backups_job_46c20819-194b-439d-b6d2-7e5ec5a67c23
    [found] => YES
)

[2026-01-15 15:50:27] [14 MB] [chunked_processor] Job retrieved successfully
    DATA: Array
(
    [status] => running
    [type] => restore
)

[2026-01-15 15:50:27] [14 MB] [chunked_processor] get_job called
    DATA: Array
(
    [job_id] => 46c20819-194b-439d-b6d2-7e5ec5a67c23
)

[2026-01-15 15:50:27] [14 MB] [chunked_processor] Transient lookup result
    DATA: Array
(
    [option_name] => speed_backups_job_46c20819-194b-439d-b6d2-7e5ec5a67c23
    [found] => YES
)

[2026-01-15 15:50:27] [14 MB] [chunked_processor] Job retrieved successfully
    DATA: Array
(
    [status] => running
    [type] => restore
)

[2026-01-15 15:50:27] [14 MB] [chunked_processor] save_job called
    DATA: Array
(
    [job_id] => 46c20819-194b-439d-b6d2-7e5ec5a67c23
    [status] => running
)

[2026-01-15 15:50:27] [14 MB] [chunked_processor] Transient save result
    DATA: Array
(
    [option_name] => speed_backups_job_46c20819-194b-439d-b6d2-7e5ec5a67c23
    [success] => YES
)

[2026-01-15 15:50:27] [14 MB] [chunked_processor] Option save result
    DATA: Array
(
    [option_name] => speed_backups_job_46c20819-194b-439d-b6d2-7e5ec5a67c23
    [success] => YES
)

[2026-01-15 15:50:27] [14 MB] [chunked_processor] Save verification (direct DB)
    DATA: Array
(
    [verified] => YES
)

[2026-01-15 15:50:27] [14 MB] [chunked_processor] get_job called
    DATA: Array
(
    [job_id] => 46c20819-194b-439d-b6d2-7e5ec5a67c23
)

[2026-01-15 15:50:27] [14 MB] [chunked_processor] Transient lookup result
    DATA: Array
(
    [option_name] => speed_backups_job_46c20819-194b-439d-b6d2-7e5ec5a67c23
    [found] => YES
)

[2026-01-15 15:50:27] [14 MB] [chunked_processor] Job retrieved successfully
    DATA: Array
(
    [status] => running
    [type] => restore
)

[2026-01-15 15:50:27] [14 MB] [chunked_processor] save_job called
    DATA: Array
(
    [job_id] => 46c20819-194b-439d-b6d2-7e5ec5a67c23
    [status] => running
)

[2026-01-15 15:50:27] [14 MB] [chunked_processor] Transient save result
    DATA: Array
(
    [option_name] => speed_backups_job_46c20819-194b-439d-b6d2-7e5ec5a67c23
    [success] => YES
)

[2026-01-15 15:50:27] [14 MB] [chunked_processor] Option save result
    DATA: Array
(
    [option_name] => speed_backups_job_46c20819-194b-439d-b6d2-7e5ec5a67c23
    [success] => YES
)

[2026-01-15 15:50:27] [14 MB] [chunked_processor] Save verification (direct DB)
    DATA: Array
(
    [verified] => YES
)

[2026-01-15 15:50:27] [14 MB] [chunked_processor] get_job called
    DATA: Array
(
    [job_id] => 46c20819-194b-439d-b6d2-7e5ec5a67c23
)

[2026-01-15 15:50:27] [14 MB] [chunked_processor] Transient lookup result
    DATA: Array
(
    [option_name] => speed_backups_job_46c20819-194b-439d-b6d2-7e5ec5a67c23
    [found] => YES
)

[2026-01-15 15:50:27] [14 MB] [chunked_processor] Job retrieved successfully
    DATA: Array
(
    [status] => running
    [type] => restore
)

[2026-01-15 15:50:27] [14 MB] [chunked_processor] get_job called
    DATA: Array
(
    [job_id] => 46c20819-194b-439d-b6d2-7e5ec5a67c23
)

[2026-01-15 15:50:27] [14 MB] [chunked_processor] Transient lookup result
    DATA: Array
(
    [option_name] => speed_backups_job_46c20819-194b-439d-b6d2-7e5ec5a67c23
    [found] => YES
)

[2026-01-15 15:50:27] [14 MB] [chunked_processor] Job retrieved successfully
    DATA: Array
(
    [status] => running
    [type] => restore
)

[2026-01-15 15:50:27] [16 MB] [ERROR_HANDLER] PHP error handlers registered
[2026-01-15 15:50:27] [16 MB] [FUNCTION] >>> ENTER: process_chunk
    DATA: Array
(
    [0] => job_id
)

[2026-01-15 15:50:27] [16 MB] [chunked_processor] get_job called
    DATA: Array
(
    [job_id] => 46c20819-194b-439d-b6d2-7e5ec5a67c23
)

[2026-01-15 15:50:27] [16 MB] [chunked_processor] Transient lookup result
    DATA: Array
(
    [option_name] => speed_backups_job_46c20819-194b-439d-b6d2-7e5ec5a67c23
    [found] => YES
)

[2026-01-15 15:50:27] [16 MB] [chunked_processor] Job retrieved successfully
    DATA: Array
(
    [status] => running
    [type] => restore
)

[2026-01-15 15:50:27] [16 MB] [JOB_STATE] Job 46c20819-194b-439d-b6d2-7e5ec5a67c23 state
    DATA: Array
(
    [status] => running
    [type] => restore
    [phase] => extract
    [progress] => 10.361352156456
)

[2026-01-15 15:50:27] [16 MB] [chunked_processor] get_job called
    DATA: Array
(
    [job_id] => 46c20819-194b-439d-b6d2-7e5ec5a67c23
)

[2026-01-15 15:50:27] [16 MB] [chunked_processor] Transient lookup result
    DATA: Array
(
    [option_name] => speed_backups_job_46c20819-194b-439d-b6d2-7e5ec5a67c23
    [found] => YES
)

[2026-01-15 15:50:27] [16 MB] [chunked_processor] Job retrieved successfully
    DATA: Array
(
    [status] => running
    [type] => restore
)

[2026-01-15 15:50:27] [16 MB] [chunked_processor] get_job called
    DATA: Array
(
    [job_id] => 46c20819-194b-439d-b6d2-7e5ec5a67c23
)

[2026-01-15 15:50:27] [16 MB] [chunked_processor] Transient lookup result
    DATA: Array
(
    [option_name] => speed_backups_job_46c20819-194b-439d-b6d2-7e5ec5a67c23
    [found] => YES
)

[2026-01-15 15:50:27] [16 MB] [chunked_processor] Job retrieved successfully
    DATA: Array
(
    [status] => running
    [type] => restore
)

[2026-01-15 15:50:27] [16 MB] [chunked_processor] save_job called
    DATA: Array
(
    [job_id] => 46c20819-194b-439d-b6d2-7e5ec5a67c23
    [status] => running
)

[2026-01-15 15:50:27] [16 MB] [chunked_processor] Transient save result
    DATA: Array
(
    [option_name] => speed_backups_job_46c20819-194b-439d-b6d2-7e5ec5a67c23
    [success] => YES
)

[2026-01-15 15:50:27] [16 MB] [chunked_processor] Option save result
    DATA: Array
(
    [option_name] => speed_backups_job_46c20819-194b-439d-b6d2-7e5ec5a67c23
    [success] => YES
)

[2026-01-15 15:50:27] [16 MB] [chunked_processor] Save verification (direct DB)
    DATA: Array
(
    [verified] => YES
)

[2026-01-15 15:50:27] [16 MB] [chunked_processor] get_job called
    DATA: Array
(
    [job_id] => 46c20819-194b-439d-b6d2-7e5ec5a67c23
)

[2026-01-15 15:50:27] [16 MB] [chunked_processor] Transient lookup result
    DATA: Array
(
    [option_name] => speed_backups_job_46c20819-194b-439d-b6d2-7e5ec5a67c23
    [found] => YES
)

[2026-01-15 15:50:27] [16 MB] [chunked_processor] Job retrieved successfully
    DATA: Array
(
    [status] => running
    [type] => restore
)

[2026-01-15 15:50:27] [16 MB] [chunked_processor] save_job called
    DATA: Array
(
    [job_id] => 46c20819-194b-439d-b6d2-7e5ec5a67c23
    [status] => running
)

[2026-01-15 15:50:27] [16 MB] [chunked_processor] Transient save result
    DATA: Array
(
    [option_name] => speed_backups_job_46c20819-194b-439d-b6d2-7e5ec5a67c23
    [success] => YES
)

[2026-01-15 15:50:27] [16 MB] [chunked_processor] Option save result
    DATA: Array
(
    [option_name] => speed_backups_job_46c20819-194b-439d-b6d2-7e5ec5a67c23
    [success] => YES
)

[2026-01-15 15:50:27] [16 MB] [chunked_processor] Save verification (direct DB)
    DATA: Array
(
    [verified] => YES
)

[2026-01-15 15:50:27] [16 MB] [chunked_processor] get_job called
    DATA: Array
(
    [job_id] => 46c20819-194b-439d-b6d2-7e5ec5a67c23
)

[2026-01-15 15:50:27] [16 MB] [chunked_processor] Transient lookup result
    DATA: Array
(
    [option_name] => speed_backups_job_46c20819-194b-439d-b6d2-7e5ec5a67c23
    [found] => YES
)

[2026-01-15 15:50:27] [16 MB] [chunked_processor] Job retrieved successfully
    DATA: Array
(
    [status] => running
    [type] => restore
)

[2026-01-15 15:50:27] [16 MB] [chunked_processor] get_job called
    DATA: Array
(
    [job_id] => 46c20819-194b-439d-b6d2-7e5ec5a67c23
)

[2026-01-15 15:50:27] [16 MB] [chunked_processor] Transient lookup result
    DATA: Array
(
    [option_name] => speed_backups_job_46c20819-194b-439d-b6d2-7e5ec5a67c23
    [found] => YES
)

[2026-01-15 15:50:27] [16 MB] [chunked_processor] Job retrieved successfully
    DATA: Array
(
    [status] => running
    [type] => restore
)

[2026-01-15 15:50:28] [14 MB] [ERROR_HANDLER] PHP error handlers registered
[2026-01-15 15:50:28] [14 MB] [FUNCTION] >>> ENTER: process_chunk
    DATA: Array
(
    [0] => job_id
)

[2026-01-15 15:50:28] [14 MB] [chunked_processor] get_job called
    DATA: Array
(
    [job_id] => 46c20819-194b-439d-b6d2-7e5ec5a67c23
)

[2026-01-15 15:50:28] [14 MB] [chunked_processor] Transient lookup result
    DATA: Array
(
    [option_name] => speed_backups_job_46c20819-194b-439d-b6d2-7e5ec5a67c23
    [found] => YES
)

[2026-01-15 15:50:28] [14 MB] [chunked_processor] Job retrieved successfully
    DATA: Array
(
    [status] => running
    [type] => restore
)

[2026-01-15 15:50:28] [14 MB] [JOB_STATE] Job 46c20819-194b-439d-b6d2-7e5ec5a67c23 state
    DATA: Array
(
    [status] => running
    [type] => restore
    [phase] => extract
    [progress] => 11.656521176013
)

[2026-01-15 15:50:28] [14 MB] [chunked_processor] get_job called
    DATA: Array
(
    [job_id] => 46c20819-194b-439d-b6d2-7e5ec5a67c23
)

[2026-01-15 15:50:28] [14 MB] [chunked_processor] Transient lookup result
    DATA: Array
(
    [option_name] => speed_backups_job_46c20819-194b-439d-b6d2-7e5ec5a67c23
    [found] => YES
)

[2026-01-15 15:50:28] [14 MB] [chunked_processor] Job retrieved successfully
    DATA: Array
(
    [status] => running
    [type] => restore
)

[2026-01-15 15:50:28] [14 MB] [chunked_processor] get_job called
    DATA: Array
(
    [job_id] => 46c20819-194b-439d-b6d2-7e5ec5a67c23
)

[2026-01-15 15:50:28] [14 MB] [chunked_processor] Transient lookup result
    DATA: Array
(
    [option_name] => speed_backups_job_46c20819-194b-439d-b6d2-7e5ec5a67c23
    [found] => YES
)

[2026-01-15 15:50:28] [14 MB] [chunked_processor] Job retrieved successfully
    DATA: Array
(
    [status] => running
    [type] => restore
)

[2026-01-15 15:50:28] [14 MB] [chunked_processor] save_job called
    DATA: Array
(
    [job_id] => 46c20819-194b-439d-b6d2-7e5ec5a67c23
    [status] => running
)

[2026-01-15 15:50:28] [14 MB] [chunked_processor] Transient save result
    DATA: Array
(
    [option_name] => speed_backups_job_46c20819-194b-439d-b6d2-7e5ec5a67c23
    [success] => YES
)

[2026-01-15 15:50:28] [14 MB] [chunked_processor] Option save result
    DATA: Array
(
    [option_name] => speed_backups_job_46c20819-194b-439d-b6d2-7e5ec5a67c23
    [success] => YES
)

[2026-01-15 15:50:28] [14 MB] [chunked_processor] Save verification (direct DB)
    DATA: Array
(
    [verified] => YES
)

[2026-01-15 15:50:28] [14 MB] [chunked_processor] get_job called
    DATA: Array
(
    [job_id] => 46c20819-194b-439d-b6d2-7e5ec5a67c23
)

[2026-01-15 15:50:28] [14 MB] [chunked_processor] Transient lookup result
    DATA: Array
(
    [option_name] => speed_backups_job_46c20819-194b-439d-b6d2-7e5ec5a67c23
    [found] => YES
)

[2026-01-15 15:50:28] [14 MB] [chunked_processor] Job retrieved successfully
    DATA: Array
(
    [status] => running
    [type] => restore
)

[2026-01-15 15:50:28] [14 MB] [chunked_processor] save_job called
    DATA: Array
(
    [job_id] => 46c20819-194b-439d-b6d2-7e5ec5a67c23
    [status] => running
)

[2026-01-15 15:50:28] [14 MB] [chunked_processor] Transient save result
    DATA: Array
(
    [option_name] => speed_backups_job_46c20819-194b-439d-b6d2-7e5ec5a67c23
    [success] => YES
)

[2026-01-15 15:50:28] [14 MB] [chunked_processor] Option save result
    DATA: Array
(
    [option_name] => speed_backups_job_46c20819-194b-439d-b6d2-7e5ec5a67c23
    [success] => YES
)

[2026-01-15 15:50:28] [14 MB] [chunked_processor] Save verification (direct DB)
    DATA: Array
(
    [verified] => YES
)

[2026-01-15 15:50:28] [14 MB] [chunked_processor] get_job called
    DATA: Array
(
    [job_id] => 46c20819-194b-439d-b6d2-7e5ec5a67c23
)

[2026-01-15 15:50:28] [14 MB] [chunked_processor] Transient lookup result
    DATA: Array
(
    [option_name] => speed_backups_job_46c20819-194b-439d-b6d2-7e5ec5a67c23
    [found] => YES
)

[2026-01-15 15:50:28] [14 MB] [chunked_processor] Job retrieved successfully
    DATA: Array
(
    [status] => running
    [type] => restore
)

[2026-01-15 15:50:28] [14 MB] [chunked_processor] get_job called
    DATA: Array
(
    [job_id] => 46c20819-194b-439d-b6d2-7e5ec5a67c23
)

[2026-01-15 15:50:28] [14 MB] [chunked_processor] Transient lookup result
    DATA: Array
(
    [option_name] => speed_backups_job_46c20819-194b-439d-b6d2-7e5ec5a67c23
    [found] => YES
)

[2026-01-15 15:50:28] [14 MB] [chunked_processor] Job retrieved successfully
    DATA: Array
(
    [status] => running
    [type] => restore
)

[2026-01-15 15:50:28] [14 MB] [ERROR_HANDLER] PHP error handlers registered
[2026-01-15 15:50:28] [14 MB] [FUNCTION] >>> ENTER: process_chunk
    DATA: Array
(
    [0] => job_id
)

[2026-01-15 15:50:28] [14 MB] [chunked_processor] get_job called
    DATA: Array
(
    [job_id] => 46c20819-194b-439d-b6d2-7e5ec5a67c23
)

[2026-01-15 15:50:28] [14 MB] [chunked_processor] Transient lookup result
    DATA: Array
(
    [option_name] => speed_backups_job_46c20819-194b-439d-b6d2-7e5ec5a67c23
    [found] => YES
)

[2026-01-15 15:50:28] [14 MB] [chunked_processor] Job retrieved successfully
    DATA: Array
(
    [status] => running
    [type] => restore
)

[2026-01-15 15:50:28] [14 MB] [JOB_STATE] Job 46c20819-194b-439d-b6d2-7e5ec5a67c23 state
    DATA: Array
(
    [status] => running
    [type] => restore
    [phase] => extract
    [progress] => 12.951690195571
)

[2026-01-15 15:50:28] [14 MB] [chunked_processor] get_job called
    DATA: Array
(
    [job_id] => 46c20819-194b-439d-b6d2-7e5ec5a67c23
)

[2026-01-15 15:50:28] [14 MB] [chunked_processor] Transient lookup result
    DATA: Array
(
    [option_name] => speed_backups_job_46c20819-194b-439d-b6d2-7e5ec5a67c23
    [found] => YES
)

[2026-01-15 15:50:28] [14 MB] [chunked_processor] Job retrieved successfully
    DATA: Array
(
    [status] => running
    [type] => restore
)

[2026-01-15 15:50:28] [14 MB] [chunked_processor] get_job called
    DATA: Array
(
    [job_id] => 46c20819-194b-439d-b6d2-7e5ec5a67c23
)

[2026-01-15 15:50:28] [14 MB] [chunked_processor] Transient lookup result
    DATA: Array
(
    [option_name] => speed_backups_job_46c20819-194b-439d-b6d2-7e5ec5a67c23
    [found] => YES
)

[2026-01-15 15:50:28] [14 MB] [chunked_processor] Job retrieved successfully
    DATA: Array
(
    [status] => running
    [type] => restore
)

[2026-01-15 15:50:28] [14 MB] [chunked_processor] save_job called
    DATA: Array
(
    [job_id] => 46c20819-194b-439d-b6d2-7e5ec5a67c23
    [status] => running
)

[2026-01-15 15:50:28] [14 MB] [chunked_processor] Transient save result
    DATA: Array
(
    [option_name] => speed_backups_job_46c20819-194b-439d-b6d2-7e5ec5a67c23
    [success] => YES
)

[2026-01-15 15:50:28] [14 MB] [chunked_processor] Option save result
    DATA: Array
(
    [option_name] => speed_backups_job_46c20819-194b-439d-b6d2-7e5ec5a67c23
    [success] => YES
)

[2026-01-15 15:50:28] [14 MB] [chunked_processor] Save verification (direct DB)
    DATA: Array
(
    [verified] => YES
)

[2026-01-15 15:50:28] [14 MB] [chunked_processor] get_job called
    DATA: Array
(
    [job_id] => 46c20819-194b-439d-b6d2-7e5ec5a67c23
)

[2026-01-15 15:50:28] [14 MB] [chunked_processor] Transient lookup result
    DATA: Array
(
    [option_name] => speed_backups_job_46c20819-194b-439d-b6d2-7e5ec5a67c23
    [found] => YES
)

[2026-01-15 15:50:28] [14 MB] [chunked_processor] Job retrieved successfully
    DATA: Array
(
    [status] => running
    [type] => restore
)

[2026-01-15 15:50:28] [14 MB] [chunked_processor] save_job called
    DATA: Array
(
    [job_id] => 46c20819-194b-439d-b6d2-7e5ec5a67c23
    [status] => running
)

[2026-01-15 15:50:28] [14 MB] [chunked_processor] Transient save result
    DATA: Array
(
    [option_name] => speed_backups_job_46c20819-194b-439d-b6d2-7e5ec5a67c23
    [success] => YES
)

[2026-01-15 15:50:28] [14 MB] [chunked_processor] Option save result
    DATA: Array
(
    [option_name] => speed_backups_job_46c20819-194b-439d-b6d2-7e5ec5a67c23
    [success] => YES
)

[2026-01-15 15:50:28] [14 MB] [chunked_processor] Save verification (direct DB)
    DATA: Array
(
    [verified] => YES
)

[2026-01-15 15:50:28] [14 MB] [chunked_processor] get_job called
    DATA: Array
(
    [job_id] => 46c20819-194b-439d-b6d2-7e5ec5a67c23
)

[2026-01-15 15:50:28] [14 MB] [chunked_processor] Transient lookup result
    DATA: Array
(
    [option_name] => speed_backups_job_46c20819-194b-439d-b6d2-7e5ec5a67c23
    [found] => YES
)

[2026-01-15 15:50:28] [14 MB] [chunked_processor] Job retrieved successfully
    DATA: Array
(
    [status] => running
    [type] => restore
)

[2026-01-15 15:50:28] [14 MB] [chunked_processor] get_job called
    DATA: Array
(
    [job_id] => 46c20819-194b-439d-b6d2-7e5ec5a67c23
)

[2026-01-15 15:50:28] [14 MB] [chunked_processor] Transient lookup result
    DATA: Array
(
    [option_name] => speed_backups_job_46c20819-194b-439d-b6d2-7e5ec5a67c23
    [found] => YES
)

[2026-01-15 15:50:28] [14 MB] [chunked_processor] Job retrieved successfully
    DATA: Array
(
    [status] => running
    [type] => restore
)

[2026-01-15 15:50:28] [14 MB] [ERROR_HANDLER] PHP error handlers registered
[2026-01-15 15:50:28] [14 MB] [FUNCTION] >>> ENTER: process_chunk
    DATA: Array
(
    [0] => job_id
)

[2026-01-15 15:50:28] [14 MB] [chunked_processor] get_job called
    DATA: Array
(
    [job_id] => 46c20819-194b-439d-b6d2-7e5ec5a67c23
)

[2026-01-15 15:50:28] [14 MB] [chunked_processor] Transient lookup result
    DATA: Array
(
    [option_name] => speed_backups_job_46c20819-194b-439d-b6d2-7e5ec5a67c23
    [found] => YES
)

[2026-01-15 15:50:28] [14 MB] [chunked_processor] Job retrieved successfully
    DATA: Array
(
    [status] => running
    [type] => restore
)

[2026-01-15 15:50:28] [14 MB] [JOB_STATE] Job 46c20819-194b-439d-b6d2-7e5ec5a67c23 state
    DATA: Array
(
    [status] => running
    [type] => restore
    [phase] => extract
    [progress] => 14.246859215128
)

[2026-01-15 15:50:28] [14 MB] [chunked_processor] get_job called
    DATA: Array
(
    [job_id] => 46c20819-194b-439d-b6d2-7e5ec5a67c23
)

[2026-01-15 15:50:28] [14 MB] [chunked_processor] Transient lookup result
    DATA: Array
(
    [option_name] => speed_backups_job_46c20819-194b-439d-b6d2-7e5ec5a67c23
    [found] => YES
)

[2026-01-15 15:50:28] [14 MB] [chunked_processor] Job retrieved successfully
    DATA: Array
(
    [status] => running
    [type] => restore
)

[2026-01-15 15:50:28] [14 MB] [chunked_processor] get_job called
    DATA: Array
(
    [job_id] => 46c20819-194b-439d-b6d2-7e5ec5a67c23
)

[2026-01-15 15:50:28] [14 MB] [chunked_processor] Transient lookup result
    DATA: Array
(
    [option_name] => speed_backups_job_46c20819-194b-439d-b6d2-7e5ec5a67c23
    [found] => YES
)

[2026-01-15 15:50:28] [14 MB] [chunked_processor] Job retrieved successfully
    DATA: Array
(
    [status] => running
    [type] => restore
)

[2026-01-15 15:50:28] [14 MB] [chunked_processor] save_job called
    DATA: Array
(
    [job_id] => 46c20819-194b-439d-b6d2-7e5ec5a67c23
    [status] => running
)

[2026-01-15 15:50:28] [14 MB] [chunked_processor] Transient save result
    DATA: Array
(
    [option_name] => speed_backups_job_46c20819-194b-439d-b6d2-7e5ec5a67c23
    [success] => YES
)

[2026-01-15 15:50:28] [14 MB] [chunked_processor] Option save result
    DATA: Array
(
    [option_name] => speed_backups_job_46c20819-194b-439d-b6d2-7e5ec5a67c23
    [success] => YES
)

[2026-01-15 15:50:28] [14 MB] [chunked_processor] Save verification (direct DB)
    DATA: Array
(
    [verified] => YES
)

[2026-01-15 15:50:28] [14 MB] [chunked_processor] get_job called
    DATA: Array
(
    [job_id] => 46c20819-194b-439d-b6d2-7e5ec5a67c23
)

[2026-01-15 15:50:28] [14 MB] [chunked_processor] Transient lookup result
    DATA: Array
(
    [option_name] => speed_backups_job_46c20819-194b-439d-b6d2-7e5ec5a67c23
    [found] => YES
)

[2026-01-15 15:50:28] [14 MB] [chunked_processor] Job retrieved successfully
    DATA: Array
(
    [status] => running
    [type] => restore
)

[2026-01-15 15:50:28] [14 MB] [chunked_processor] save_job called
    DATA: Array
(
    [job_id] => 46c20819-194b-439d-b6d2-7e5ec5a67c23
    [status] => running
)

[2026-01-15 15:50:28] [14 MB] [chunked_processor] Transient save result
    DATA: Array
(
    [option_name] => speed_backups_job_46c20819-194b-439d-b6d2-7e5ec5a67c23
    [success] => YES
)

[2026-01-15 15:50:28] [14 MB] [chunked_processor] Option save result
    DATA: Array
(
    [option_name] => speed_backups_job_46c20819-194b-439d-b6d2-7e5ec5a67c23
    [success] => YES
)

[2026-01-15 15:50:28] [14 MB] [chunked_processor] Save verification (direct DB)
    DATA: Array
(
    [verified] => YES
)

[2026-01-15 15:50:28] [14 MB] [chunked_processor] get_job called
    DATA: Array
(
    [job_id] => 46c20819-194b-439d-b6d2-7e5ec5a67c23
)

[2026-01-15 15:50:28] [14 MB] [chunked_processor] Transient lookup result
    DATA: Array
(
    [option_name] => speed_backups_job_46c20819-194b-439d-b6d2-7e5ec5a67c23
    [found] => YES
)

[2026-01-15 15:50:28] [14 MB] [chunked_processor] Job retrieved successfully
    DATA: Array
(
    [status] => running
    [type] => restore
)

[2026-01-15 15:50:28] [14 MB] [chunked_processor] get_job called
    DATA: Array
(
    [job_id] => 46c20819-194b-439d-b6d2-7e5ec5a67c23
)

[2026-01-15 15:50:28] [14 MB] [chunked_processor] Transient lookup result
    DATA: Array
(
    [option_name] => speed_backups_job_46c20819-194b-439d-b6d2-7e5ec5a67c23
    [found] => YES
)

[2026-01-15 15:50:28] [14 MB] [chunked_processor] Job retrieved successfully
    DATA: Array
(
    [status] => running
    [type] => restore
)

[2026-01-15 15:50:29] [14 MB] [ERROR_HANDLER] PHP error handlers registered
[2026-01-15 15:50:29] [14 MB] [FUNCTION] >>> ENTER: process_chunk
    DATA: Array
(
    [0] => job_id
)

[2026-01-15 15:50:29] [14 MB] [chunked_processor] get_job called
    DATA: Array
(
    [job_id] => 46c20819-194b-439d-b6d2-7e5ec5a67c23
)

[2026-01-15 15:50:29] [14 MB] [chunked_processor] Transient lookup result
    DATA: Array
(
    [option_name] => speed_backups_job_46c20819-194b-439d-b6d2-7e5ec5a67c23
    [found] => YES
)

[2026-01-15 15:50:29] [14 MB] [chunked_processor] Job retrieved successfully
    DATA: Array
(
    [status] => running
    [type] => restore
)

[2026-01-15 15:50:29] [14 MB] [JOB_STATE] Job 46c20819-194b-439d-b6d2-7e5ec5a67c23 state
    DATA: Array
(
    [status] => running
    [type] => restore
    [phase] => extract
    [progress] => 15.542028234685
)

[2026-01-15 15:50:29] [14 MB] [chunked_processor] get_job called
    DATA: Array
(
    [job_id] => 46c20819-194b-439d-b6d2-7e5ec5a67c23
)

[2026-01-15 15:50:29] [14 MB] [chunked_processor] Transient lookup result
    DATA: Array
(
    [option_name] => speed_backups_job_46c20819-194b-439d-b6d2-7e5ec5a67c23
    [found] => YES
)

[2026-01-15 15:50:29] [14 MB] [chunked_processor] Job retrieved successfully
    DATA: Array
(
    [status] => running
    [type] => restore
)

[2026-01-15 15:50:29] [14 MB] [chunked_processor] get_job called
    DATA: Array
(
    [job_id] => 46c20819-194b-439d-b6d2-7e5ec5a67c23
)

[2026-01-15 15:50:29] [14 MB] [chunked_processor] Transient lookup result
    DATA: Array
(
    [option_name] => speed_backups_job_46c20819-194b-439d-b6d2-7e5ec5a67c23
    [found] => YES
)

[2026-01-15 15:50:29] [14 MB] [chunked_processor] Job retrieved successfully
    DATA: Array
(
    [status] => running
    [type] => restore
)

[2026-01-15 15:50:29] [14 MB] [chunked_processor] save_job called
    DATA: Array
(
    [job_id] => 46c20819-194b-439d-b6d2-7e5ec5a67c23
    [status] => running
)

[2026-01-15 15:50:29] [14 MB] [chunked_processor] Transient save result
    DATA: Array
(
    [option_name] => speed_backups_job_46c20819-194b-439d-b6d2-7e5ec5a67c23
    [success] => YES
)

[2026-01-15 15:50:29] [14 MB] [chunked_processor] Option save result
    DATA: Array
(
    [option_name] => speed_backups_job_46c20819-194b-439d-b6d2-7e5ec5a67c23
    [success] => YES
)

[2026-01-15 15:50:29] [14 MB] [chunked_processor] Save verification (direct DB)
    DATA: Array
(
    [verified] => YES
)

[2026-01-15 15:50:29] [14 MB] [chunked_processor] get_job called
    DATA: Array
(
    [job_id] => 46c20819-194b-439d-b6d2-7e5ec5a67c23
)

[2026-01-15 15:50:29] [14 MB] [chunked_processor] Transient lookup result
    DATA: Array
(
    [option_name] => speed_backups_job_46c20819-194b-439d-b6d2-7e5ec5a67c23
    [found] => YES
)

[2026-01-15 15:50:29] [14 MB] [chunked_processor] Job retrieved successfully
    DATA: Array
(
    [status] => running
    [type] => restore
)

[2026-01-15 15:50:29] [14 MB] [chunked_processor] save_job called
    DATA: Array
(
    [job_id] => 46c20819-194b-439d-b6d2-7e5ec5a67c23
    [status] => running
)

[2026-01-15 15:50:29] [14 MB] [chunked_processor] Transient save result
    DATA: Array
(
    [option_name] => speed_backups_job_46c20819-194b-439d-b6d2-7e5ec5a67c23
    [success] => YES
)

[2026-01-15 15:50:29] [14 MB] [chunked_processor] Option save result
    DATA: Array
(
    [option_name] => speed_backups_job_46c20819-194b-439d-b6d2-7e5ec5a67c23
    [success] => YES
)

[2026-01-15 15:50:29] [14 MB] [chunked_processor] Save verification (direct DB)
    DATA: Array
(
    [verified] => YES
)

[2026-01-15 15:50:29] [14 MB] [chunked_processor] get_job called
    DATA: Array
(
    [job_id] => 46c20819-194b-439d-b6d2-7e5ec5a67c23
)

[2026-01-15 15:50:29] [14 MB] [chunked_processor] Transient lookup result
    DATA: Array
(
    [option_name] => speed_backups_job_46c20819-194b-439d-b6d2-7e5ec5a67c23
    [found] => YES
)

[2026-01-15 15:50:29] [14 MB] [chunked_processor] Job retrieved successfully
    DATA: Array
(
    [status] => running
    [type] => restore
)

[2026-01-15 15:50:29] [14 MB] [chunked_processor] get_job called
    DATA: Array
(
    [job_id] => 46c20819-194b-439d-b6d2-7e5ec5a67c23
)

[2026-01-15 15:50:29] [14 MB] [chunked_processor] Transient lookup result
    DATA: Array
(
    [option_name] => speed_backups_job_46c20819-194b-439d-b6d2-7e5ec5a67c23
    [found] => YES
)

[2026-01-15 15:50:29] [14 MB] [chunked_processor] Job retrieved successfully
    DATA: Array
(
    [status] => running
    [type] => restore
)

[2026-01-15 15:50:29] [14 MB] [ERROR_HANDLER] PHP error handlers registered
[2026-01-15 15:50:29] [14 MB] [FUNCTION] >>> ENTER: process_chunk
    DATA: Array
(
    [0] => job_id
)

[2026-01-15 15:50:29] [14 MB] [chunked_processor] get_job called
    DATA: Array
(
    [job_id] => 46c20819-194b-439d-b6d2-7e5ec5a67c23
)

[2026-01-15 15:50:29] [14 MB] [chunked_processor] Transient lookup result
    DATA: Array
(
    [option_name] => speed_backups_job_46c20819-194b-439d-b6d2-7e5ec5a67c23
    [found] => YES
)

[2026-01-15 15:50:29] [14 MB] [chunked_processor] Job retrieved successfully
    DATA: Array
(
    [status] => running
    [type] => restore
)

[2026-01-15 15:50:29] [14 MB] [JOB_STATE] Job 46c20819-194b-439d-b6d2-7e5ec5a67c23 state
    DATA: Array
(
    [status] => running
    [type] => restore
    [phase] => extract
    [progress] => 16.837197254242
)

[2026-01-15 15:50:29] [14 MB] [chunked_processor] get_job called
    DATA: Array
(
    [job_id] => 46c20819-194b-439d-b6d2-7e5ec5a67c23
)

[2026-01-15 15:50:29] [14 MB] [chunked_processor] Transient lookup result
    DATA: Array
(
    [option_name] => speed_backups_job_46c20819-194b-439d-b6d2-7e5ec5a67c23
    [found] => YES
)

[2026-01-15 15:50:29] [14 MB] [chunked_processor] Job retrieved successfully
    DATA: Array
(
    [status] => running
    [type] => restore
)

[2026-01-15 15:50:29] [14 MB] [chunked_processor] get_job called
    DATA: Array
(
    [job_id] => 46c20819-194b-439d-b6d2-7e5ec5a67c23
)

[2026-01-15 15:50:29] [14 MB] [chunked_processor] Transient lookup result
    DATA: Array
(
    [option_name] => speed_backups_job_46c20819-194b-439d-b6d2-7e5ec5a67c23
    [found] => YES
)

[2026-01-15 15:50:29] [14 MB] [chunked_processor] Job retrieved successfully
    DATA: Array
(
    [status] => running
    [type] => restore
)

[2026-01-15 15:50:29] [14 MB] [chunked_processor] save_job called
    DATA: Array
(
    [job_id] => 46c20819-194b-439d-b6d2-7e5ec5a67c23
    [status] => running
)

[2026-01-15 15:50:29] [14 MB] [chunked_processor] Transient save result
    DATA: Array
(
    [option_name] => speed_backups_job_46c20819-194b-439d-b6d2-7e5ec5a67c23
    [success] => YES
)

[2026-01-15 15:50:29] [14 MB] [chunked_processor] Option save result
    DATA: Array
(
    [option_name] => speed_backups_job_46c20819-194b-439d-b6d2-7e5ec5a67c23
    [success] => YES
)

[2026-01-15 15:50:29] [14 MB] [chunked_processor] Save verification (direct DB)
    DATA: Array
(
    [verified] => YES
)

[2026-01-15 15:50:29] [14 MB] [chunked_processor] get_job called
    DATA: Array
(
    [job_id] => 46c20819-194b-439d-b6d2-7e5ec5a67c23
)

[2026-01-15 15:50:29] [14 MB] [chunked_processor] Transient lookup result
    DATA: Array
(
    [option_name] => speed_backups_job_46c20819-194b-439d-b6d2-7e5ec5a67c23
    [found] => YES
)

[2026-01-15 15:50:29] [14 MB] [chunked_processor] Job retrieved successfully
    DATA: Array
(
    [status] => running
    [type] => restore
)

[2026-01-15 15:50:29] [14 MB] [chunked_processor] save_job called
    DATA: Array
(
    [job_id] => 46c20819-194b-439d-b6d2-7e5ec5a67c23
    [status] => running
)

[2026-01-15 15:50:29] [14 MB] [chunked_processor] Transient save result
    DATA: Array
(
    [option_name] => speed_backups_job_46c20819-194b-439d-b6d2-7e5ec5a67c23
    [success] => YES
)

[2026-01-15 15:50:29] [14 MB] [chunked_processor] Option save result
    DATA: Array
(
    [option_name] => speed_backups_job_46c20819-194b-439d-b6d2-7e5ec5a67c23
    [success] => YES
)

[2026-01-15 15:50:29] [14 MB] [chunked_processor] Save verification (direct DB)
    DATA: Array
(
    [verified] => YES
)

[2026-01-15 15:50:29] [14 MB] [chunked_processor] get_job called
    DATA: Array
(
    [job_id] => 46c20819-194b-439d-b6d2-7e5ec5a67c23
)

[2026-01-15 15:50:29] [14 MB] [chunked_processor] Transient lookup result
    DATA: Array
(
    [option_name] => speed_backups_job_46c20819-194b-439d-b6d2-7e5ec5a67c23
    [found] => YES
)

[2026-01-15 15:50:29] [14 MB] [chunked_processor] Job retrieved successfully
    DATA: Array
(
    [status] => running
    [type] => restore
)

[2026-01-15 15:50:29] [14 MB] [chunked_processor] get_job called
    DATA: Array
(
    [job_id] => 46c20819-194b-439d-b6d2-7e5ec5a67c23
)

[2026-01-15 15:50:29] [14 MB] [chunked_processor] Transient lookup result
    DATA: Array
(
    [option_name] => speed_backups_job_46c20819-194b-439d-b6d2-7e5ec5a67c23
    [found] => YES
)

[2026-01-15 15:50:29] [14 MB] [chunked_processor] Job retrieved successfully
    DATA: Array
(
    [status] => running
    [type] => restore
)

[2026-01-15 15:50:29] [14 MB] [ERROR_HANDLER] PHP error handlers registered
[2026-01-15 15:50:30] [14 MB] [FUNCTION] >>> ENTER: process_chunk
    DATA: Array
(
    [0] => job_id
)

[2026-01-15 15:50:30] [14 MB] [chunked_processor] get_job called
    DATA: Array
(
    [job_id] => 46c20819-194b-439d-b6d2-7e5ec5a67c23
)

[2026-01-15 15:50:30] [14 MB] [chunked_processor] Transient lookup result
    DATA: Array
(
    [option_name] => speed_backups_job_46c20819-194b-439d-b6d2-7e5ec5a67c23
    [found] => YES
)

[2026-01-15 15:50:30] [14 MB] [chunked_processor] Job retrieved successfully
    DATA: Array
(
    [status] => running
    [type] => restore
)

[2026-01-15 15:50:30] [14 MB] [JOB_STATE] Job 46c20819-194b-439d-b6d2-7e5ec5a67c23 state
    DATA: Array
(
    [status] => running
    [type] => restore
    [phase] => extract
    [progress] => 18.132366273799
)

[2026-01-15 15:50:30] [14 MB] [chunked_processor] get_job called
    DATA: Array
(
    [job_id] => 46c20819-194b-439d-b6d2-7e5ec5a67c23
)

[2026-01-15 15:50:30] [14 MB] [chunked_processor] Transient lookup result
    DATA: Array
(
    [option_name] => speed_backups_job_46c20819-194b-439d-b6d2-7e5ec5a67c23
    [found] => YES
)

[2026-01-15 15:50:30] [14 MB] [chunked_processor] Job retrieved successfully
    DATA: Array
(
    [status] => running
    [type] => restore
)

[2026-01-15 15:50:30] [14 MB] [chunked_processor] get_job called
    DATA: Array
(
    [job_id] => 46c20819-194b-439d-b6d2-7e5ec5a67c23
)

[2026-01-15 15:50:30] [14 MB] [chunked_processor] Transient lookup result
    DATA: Array
(
    [option_name] => speed_backups_job_46c20819-194b-439d-b6d2-7e5ec5a67c23
    [found] => YES
)

[2026-01-15 15:50:30] [14 MB] [chunked_processor] Job retrieved successfully
    DATA: Array
(
    [status] => running
    [type] => restore
)

[2026-01-15 15:50:30] [14 MB] [chunked_processor] save_job called
    DATA: Array
(
    [job_id] => 46c20819-194b-439d-b6d2-7e5ec5a67c23
    [status] => running
)

[2026-01-15 15:50:30] [14 MB] [chunked_processor] Transient save result
    DATA: Array
(
    [option_name] => speed_backups_job_46c20819-194b-439d-b6d2-7e5ec5a67c23
    [success] => YES
)

[2026-01-15 15:50:30] [14 MB] [chunked_processor] Option save result
    DATA: Array
(
    [option_name] => speed_backups_job_46c20819-194b-439d-b6d2-7e5ec5a67c23
    [success] => YES
)

[2026-01-15 15:50:30] [14 MB] [chunked_processor] Save verification (direct DB)
    DATA: Array
(
    [verified] => YES
)

[2026-01-15 15:50:30] [14 MB] [chunked_processor] get_job called
    DATA: Array
(
    [job_id] => 46c20819-194b-439d-b6d2-7e5ec5a67c23
)

[2026-01-15 15:50:30] [14 MB] [chunked_processor] Transient lookup result
    DATA: Array
(
    [option_name] => speed_backups_job_46c20819-194b-439d-b6d2-7e5ec5a67c23
    [found] => YES
)

[2026-01-15 15:50:30] [14 MB] [chunked_processor] Job retrieved successfully
    DATA: Array
(
    [status] => running
    [type] => restore
)

[2026-01-15 15:50:30] [14 MB] [chunked_processor] save_job called
    DATA: Array
(
    [job_id] => 46c20819-194b-439d-b6d2-7e5ec5a67c23
    [status] => running
)

[2026-01-15 15:50:30] [14 MB] [chunked_processor] Transient save result
    DATA: Array
(
    [option_name] => speed_backups_job_46c20819-194b-439d-b6d2-7e5ec5a67c23
    [success] => YES
)

[2026-01-15 15:50:30] [14 MB] [chunked_processor] Option save result
    DATA: Array
(
    [option_name] => speed_backups_job_46c20819-194b-439d-b6d2-7e5ec5a67c23
    [success] => YES
)

[2026-01-15 15:50:30] [14 MB] [chunked_processor] Save verification (direct DB)
    DATA: Array
(
    [verified] => YES
)

[2026-01-15 15:50:30] [14 MB] [chunked_processor] get_job called
    DATA: Array
(
    [job_id] => 46c20819-194b-439d-b6d2-7e5ec5a67c23
)

[2026-01-15 15:50:30] [14 MB] [chunked_processor] Transient lookup result
    DATA: Array
(
    [option_name] => speed_backups_job_46c20819-194b-439d-b6d2-7e5ec5a67c23
    [found] => YES
)

[2026-01-15 15:50:30] [14 MB] [chunked_processor] Job retrieved successfully
    DATA: Array
(
    [status] => running
    [type] => restore
)

[2026-01-15 15:50:30] [14 MB] [chunked_processor] get_job called
    DATA: Array
(
    [job_id] => 46c20819-194b-439d-b6d2-7e5ec5a67c23
)

[2026-01-15 15:50:30] [14 MB] [chunked_processor] Transient lookup result
    DATA: Array
(
    [option_name] => speed_backups_job_46c20819-194b-439d-b6d2-7e5ec5a67c23
    [found] => YES
)

[2026-01-15 15:50:30] [14 MB] [chunked_processor] Job retrieved successfully
    DATA: Array
(
    [status] => running
    [type] => restore
)

[2026-01-15 15:50:30] [14 MB] [ERROR_HANDLER] PHP error handlers registered
[2026-01-15 15:50:30] [14 MB] [FUNCTION] >>> ENTER: process_chunk
    DATA: Array
(
    [0] => job_id
)

[2026-01-15 15:50:30] [14 MB] [chunked_processor] get_job called
    DATA: Array
(
    [job_id] => 46c20819-194b-439d-b6d2-7e5ec5a67c23
)

[2026-01-15 15:50:30] [14 MB] [chunked_processor] Transient lookup result
    DATA: Array
(
    [option_name] => speed_backups_job_46c20819-194b-439d-b6d2-7e5ec5a67c23
    [found] => YES
)

[2026-01-15 15:50:30] [14 MB] [chunked_processor] Job retrieved successfully
    DATA: Array
(
    [status] => running
    [type] => restore
)

[2026-01-15 15:50:30] [14 MB] [JOB_STATE] Job 46c20819-194b-439d-b6d2-7e5ec5a67c23 state
    DATA: Array
(
    [status] => running
    [type] => restore
    [phase] => extract
    [progress] => 19.427535293356
)

[2026-01-15 15:50:30] [14 MB] [chunked_processor] get_job called
    DATA: Array
(
    [job_id] => 46c20819-194b-439d-b6d2-7e5ec5a67c23
)

[2026-01-15 15:50:30] [14 MB] [chunked_processor] Transient lookup result
    DATA: Array
(
    [option_name] => speed_backups_job_46c20819-194b-439d-b6d2-7e5ec5a67c23
    [found] => YES
)

[2026-01-15 15:50:30] [14 MB] [chunked_processor] Job retrieved successfully
    DATA: Array
(
    [status] => running
    [type] => restore
)

[2026-01-15 15:50:30] [14 MB] [chunked_processor] get_job called
    DATA: Array
(
    [job_id] => 46c20819-194b-439d-b6d2-7e5ec5a67c23
)

[2026-01-15 15:50:30] [14 MB] [chunked_processor] Transient lookup result
    DATA: Array
(
    [option_name] => speed_backups_job_46c20819-194b-439d-b6d2-7e5ec5a67c23
    [found] => YES
)

[2026-01-15 15:50:30] [14 MB] [chunked_processor] Job retrieved successfully
    DATA: Array
(
    [status] => running
    [type] => restore
)

[2026-01-15 15:50:30] [14 MB] [chunked_processor] save_job called
    DATA: Array
(
    [job_id] => 46c20819-194b-439d-b6d2-7e5ec5a67c23
    [status] => running
)

[2026-01-15 15:50:30] [14 MB] [chunked_processor] Transient save result
    DATA: Array
(
    [option_name] => speed_backups_job_46c20819-194b-439d-b6d2-7e5ec5a67c23
    [success] => YES
)

[2026-01-15 15:50:30] [14 MB] [chunked_processor] Option save result
    DATA: Array
(
    [option_name] => speed_backups_job_46c20819-194b-439d-b6d2-7e5ec5a67c23
    [success] => YES
)

[2026-01-15 15:50:30] [14 MB] [chunked_processor] Save verification (direct DB)
    DATA: Array
(
    [verified] => YES
)

[2026-01-15 15:50:30] [14 MB] [chunked_processor] get_job called
    DATA: Array
(
    [job_id] => 46c20819-194b-439d-b6d2-7e5ec5a67c23
)

[2026-01-15 15:50:30] [14 MB] [chunked_processor] Transient lookup result
    DATA: Array
(
    [option_name] => speed_backups_job_46c20819-194b-439d-b6d2-7e5ec5a67c23
    [found] => YES
)

[2026-01-15 15:50:30] [14 MB] [chunked_processor] Job retrieved successfully
    DATA: Array
(
    [status] => running
    [type] => restore
)

[2026-01-15 15:50:30] [14 MB] [chunked_processor] save_job called
    DATA: Array
(
    [job_id] => 46c20819-194b-439d-b6d2-7e5ec5a67c23
    [status] => running
)

[2026-01-15 15:50:30] [14 MB] [chunked_processor] Transient save result
    DATA: Array
(
    [option_name] => speed_backups_job_46c20819-194b-439d-b6d2-7e5ec5a67c23
    [success] => YES
)

[2026-01-15 15:50:30] [14 MB] [chunked_processor] Option save result
    DATA: Array
(
    [option_name] => speed_backups_job_46c20819-194b-439d-b6d2-7e5ec5a67c23
    [success] => YES
)

[2026-01-15 15:50:30] [14 MB] [chunked_processor] Save verification (direct DB)
    DATA: Array
(
    [verified] => YES
)

[2026-01-15 15:50:30] [14 MB] [chunked_processor] get_job called
    DATA: Array
(
    [job_id] => 46c20819-194b-439d-b6d2-7e5ec5a67c23
)

[2026-01-15 15:50:30] [14 MB] [chunked_processor] Transient lookup result
    DATA: Array
(
    [option_name] => speed_backups_job_46c20819-194b-439d-b6d2-7e5ec5a67c23
    [found] => YES
)

[2026-01-15 15:50:30] [14 MB] [chunked_processor] Job retrieved successfully
    DATA: Array
(
    [status] => running
    [type] => restore
)

[2026-01-15 15:50:30] [14 MB] [chunked_processor] get_job called
    DATA: Array
(
    [job_id] => 46c20819-194b-439d-b6d2-7e5ec5a67c23
)

[2026-01-15 15:50:30] [14 MB] [chunked_processor] Transient lookup result
    DATA: Array
(
    [option_name] => speed_backups_job_46c20819-194b-439d-b6d2-7e5ec5a67c23
    [found] => YES
)

[2026-01-15 15:50:30] [14 MB] [chunked_processor] Job retrieved successfully
    DATA: Array
(
    [status] => running
    [type] => restore
)

[2026-01-15 15:50:30] [14 MB] [ERROR_HANDLER] PHP error handlers registered
[2026-01-15 15:50:30] [14 MB] [FUNCTION] >>> ENTER: process_chunk
    DATA: Array
(
    [0] => job_id
)

[2026-01-15 15:50:30] [14 MB] [chunked_processor] get_job called
    DATA: Array
(
    [job_id] => 46c20819-194b-439d-b6d2-7e5ec5a67c23
)

[2026-01-15 15:50:30] [14 MB] [chunked_processor] Transient lookup result
    DATA: Array
(
    [option_name] => speed_backups_job_46c20819-194b-439d-b6d2-7e5ec5a67c23
    [found] => YES
)

[2026-01-15 15:50:30] [14 MB] [chunked_processor] Job retrieved successfully
    DATA: Array
(
    [status] => running
    [type] => restore
)

[2026-01-15 15:50:30] [14 MB] [JOB_STATE] Job 46c20819-194b-439d-b6d2-7e5ec5a67c23 state
    DATA: Array
(
    [status] => running
    [type] => restore
    [phase] => extract
    [progress] => 20.722704312913
)

[2026-01-15 15:50:30] [14 MB] [chunked_processor] get_job called
    DATA: Array
(
    [job_id] => 46c20819-194b-439d-b6d2-7e5ec5a67c23
)

[2026-01-15 15:50:30] [14 MB] [chunked_processor] Transient lookup result
    DATA: Array
(
    [option_name] => speed_backups_job_46c20819-194b-439d-b6d2-7e5ec5a67c23
    [found] => YES
)

[2026-01-15 15:50:30] [14 MB] [chunked_processor] Job retrieved successfully
    DATA: Array
(
    [status] => running
    [type] => restore
)

[2026-01-15 15:50:30] [14 MB] [chunked_processor] get_job called
    DATA: Array
(
    [job_id] => 46c20819-194b-439d-b6d2-7e5ec5a67c23
)

[2026-01-15 15:50:30] [14 MB] [chunked_processor] Transient lookup result
    DATA: Array
(
    [option_name] => speed_backups_job_46c20819-194b-439d-b6d2-7e5ec5a67c23
    [found] => YES
)

[2026-01-15 15:50:30] [14 MB] [chunked_processor] Job retrieved successfully
    DATA: Array
(
    [status] => running
    [type] => restore
)

[2026-01-15 15:50:30] [14 MB] [chunked_processor] save_job called
    DATA: Array
(
    [job_id] => 46c20819-194b-439d-b6d2-7e5ec5a67c23
    [status] => running
)

[2026-01-15 15:50:30] [14 MB] [chunked_processor] Transient save result
    DATA: Array
(
    [option_name] => speed_backups_job_46c20819-194b-439d-b6d2-7e5ec5a67c23
    [success] => YES
)

[2026-01-15 15:50:30] [14 MB] [chunked_processor] Option save result
    DATA: Array
(
    [option_name] => speed_backups_job_46c20819-194b-439d-b6d2-7e5ec5a67c23
    [success] => YES
)

[2026-01-15 15:50:30] [14 MB] [chunked_processor] Save verification (direct DB)
    DATA: Array
(
    [verified] => YES
)

[2026-01-15 15:50:30] [14 MB] [chunked_processor] get_job called
    DATA: Array
(
    [job_id] => 46c20819-194b-439d-b6d2-7e5ec5a67c23
)

[2026-01-15 15:50:30] [14 MB] [chunked_processor] Transient lookup result
    DATA: Array
(
    [option_name] => speed_backups_job_46c20819-194b-439d-b6d2-7e5ec5a67c23
    [found] => YES
)

[2026-01-15 15:50:30] [14 MB] [chunked_processor] Job retrieved successfully
    DATA: Array
(
    [status] => running
    [type] => restore
)

[2026-01-15 15:50:30] [14 MB] [chunked_processor] save_job called
    DATA: Array
(
    [job_id] => 46c20819-194b-439d-b6d2-7e5ec5a67c23
    [status] => running
)

[2026-01-15 15:50:30] [14 MB] [chunked_processor] Transient save result
    DATA: Array
(
    [option_name] => speed_backups_job_46c20819-194b-439d-b6d2-7e5ec5a67c23
    [success] => YES
)

[2026-01-15 15:50:30] [14 MB] [chunked_processor] Option save result
    DATA: Array
(
    [option_name] => speed_backups_job_46c20819-194b-439d-b6d2-7e5ec5a67c23
    [success] => YES
)

[2026-01-15 15:50:30] [14 MB] [chunked_processor] Save verification (direct DB)
    DATA: Array
(
    [verified] => YES
)

[2026-01-15 15:50:30] [14 MB] [chunked_processor] get_job called
    DATA: Array
(
    [job_id] => 46c20819-194b-439d-b6d2-7e5ec5a67c23
)

[2026-01-15 15:50:30] [14 MB] [chunked_processor] Transient lookup result
    DATA: Array
(
    [option_name] => speed_backups_job_46c20819-194b-439d-b6d2-7e5ec5a67c23
    [found] => YES
)

[2026-01-15 15:50:30] [14 MB] [chunked_processor] Job retrieved successfully
    DATA: Array
(
    [status] => running
    [type] => restore
)

[2026-01-15 15:50:30] [14 MB] [chunked_processor] get_job called
    DATA: Array
(
    [job_id] => 46c20819-194b-439d-b6d2-7e5ec5a67c23
)

[2026-01-15 15:50:30] [14 MB] [chunked_processor] Transient lookup result
    DATA: Array
(
    [option_name] => speed_backups_job_46c20819-194b-439d-b6d2-7e5ec5a67c23
    [found] => YES
)

[2026-01-15 15:50:30] [14 MB] [chunked_processor] Job retrieved successfully
    DATA: Array
(
    [status] => running
    [type] => restore
)

[2026-01-15 15:50:31] [14 MB] [ERROR_HANDLER] PHP error handlers registered
[2026-01-15 15:50:31] [14 MB] [FUNCTION] >>> ENTER: process_chunk
    DATA: Array
(
    [0] => job_id
)

[2026-01-15 15:50:31] [14 MB] [chunked_processor] get_job called
    DATA: Array
(
    [job_id] => 46c20819-194b-439d-b6d2-7e5ec5a67c23
)

[2026-01-15 15:50:31] [14 MB] [chunked_processor] Transient lookup result
    DATA: Array
(
    [option_name] => speed_backups_job_46c20819-194b-439d-b6d2-7e5ec5a67c23
    [found] => YES
)

[2026-01-15 15:50:31] [14 MB] [chunked_processor] Job retrieved successfully
    DATA: Array
(
    [status] => running
    [type] => restore
)

[2026-01-15 15:50:31] [14 MB] [JOB_STATE] Job 46c20819-194b-439d-b6d2-7e5ec5a67c23 state
    DATA: Array
(
    [status] => running
    [type] => restore
    [phase] => extract
    [progress] => 22.01787333247
)

[2026-01-15 15:50:31] [14 MB] [chunked_processor] get_job called
    DATA: Array
(
    [job_id] => 46c20819-194b-439d-b6d2-7e5ec5a67c23
)

[2026-01-15 15:50:31] [14 MB] [chunked_processor] Transient lookup result
    DATA: Array
(
    [option_name] => speed_backups_job_46c20819-194b-439d-b6d2-7e5ec5a67c23
    [found] => YES
)

[2026-01-15 15:50:31] [14 MB] [chunked_processor] Job retrieved successfully
    DATA: Array
(
    [status] => running
    [type] => restore
)

[2026-01-15 15:50:31] [14 MB] [chunked_processor] get_job called
    DATA: Array
(
    [job_id] => 46c20819-194b-439d-b6d2-7e5ec5a67c23
)

[2026-01-15 15:50:31] [14 MB] [chunked_processor] Transient lookup result
    DATA: Array
(
    [option_name] => speed_backups_job_46c20819-194b-439d-b6d2-7e5ec5a67c23
    [found] => YES
)

[2026-01-15 15:50:31] [14 MB] [chunked_processor] Job retrieved successfully
    DATA: Array
(
    [status] => running
    [type] => restore
)

[2026-01-15 15:50:31] [14 MB] [chunked_processor] save_job called
    DATA: Array
(
    [job_id] => 46c20819-194b-439d-b6d2-7e5ec5a67c23
    [status] => running
)

[2026-01-15 15:50:31] [14 MB] [chunked_processor] Transient save result
    DATA: Array
(
    [option_name] => speed_backups_job_46c20819-194b-439d-b6d2-7e5ec5a67c23
    [success] => YES
)

[2026-01-15 15:50:31] [14 MB] [chunked_processor] Option save result
    DATA: Array
(
    [option_name] => speed_backups_job_46c20819-194b-439d-b6d2-7e5ec5a67c23
    [success] => YES
)

[2026-01-15 15:50:31] [14 MB] [chunked_processor] Save verification (direct DB)
    DATA: Array
(
    [verified] => YES
)

[2026-01-15 15:50:31] [14 MB] [chunked_processor] get_job called
    DATA: Array
(
    [job_id] => 46c20819-194b-439d-b6d2-7e5ec5a67c23
)

[2026-01-15 15:50:31] [14 MB] [chunked_processor] Transient lookup result
    DATA: Array
(
    [option_name] => speed_backups_job_46c20819-194b-439d-b6d2-7e5ec5a67c23
    [found] => YES
)

[2026-01-15 15:50:31] [14 MB] [chunked_processor] Job retrieved successfully
    DATA: Array
(
    [status] => running
    [type] => restore
)

[2026-01-15 15:50:31] [14 MB] [chunked_processor] save_job called
    DATA: Array
(
    [job_id] => 46c20819-194b-439d-b6d2-7e5ec5a67c23
    [status] => running
)

[2026-01-15 15:50:31] [14 MB] [chunked_processor] Transient save result
    DATA: Array
(
    [option_name] => speed_backups_job_46c20819-194b-439d-b6d2-7e5ec5a67c23
    [success] => YES
)

[2026-01-15 15:50:31] [14 MB] [chunked_processor] Option save result
    DATA: Array
(
    [option_name] => speed_backups_job_46c20819-194b-439d-b6d2-7e5ec5a67c23
    [success] => YES
)

[2026-01-15 15:50:31] [14 MB] [chunked_processor] Save verification (direct DB)
    DATA: Array
(
    [verified] => YES
)

[2026-01-15 15:50:31] [14 MB] [chunked_processor] get_job called
    DATA: Array
(
    [job_id] => 46c20819-194b-439d-b6d2-7e5ec5a67c23
)

[2026-01-15 15:50:31] [14 MB] [chunked_processor] Transient lookup result
    DATA: Array
(
    [option_name] => speed_backups_job_46c20819-194b-439d-b6d2-7e5ec5a67c23
    [found] => YES
)

[2026-01-15 15:50:31] [14 MB] [chunked_processor] Job retrieved successfully
    DATA: Array
(
    [status] => running
    [type] => restore
)

[2026-01-15 15:50:31] [14 MB] [chunked_processor] get_job called
    DATA: Array
(
    [job_id] => 46c20819-194b-439d-b6d2-7e5ec5a67c23
)

[2026-01-15 15:50:31] [14 MB] [chunked_processor] Transient lookup result
    DATA: Array
(
    [option_name] => speed_backups_job_46c20819-194b-439d-b6d2-7e5ec5a67c23
    [found] => YES
)

[2026-01-15 15:50:31] [14 MB] [chunked_processor] Job retrieved successfully
    DATA: Array
(
    [status] => running
    [type] => restore
)

[2026-01-15 15:50:31] [14 MB] [ERROR_HANDLER] PHP error handlers registered
[2026-01-15 15:50:31] [14 MB] [FUNCTION] >>> ENTER: process_chunk
    DATA: Array
(
    [0] => job_id
)

[2026-01-15 15:50:31] [14 MB] [chunked_processor] get_job called
    DATA: Array
(
    [job_id] => 46c20819-194b-439d-b6d2-7e5ec5a67c23
)

[2026-01-15 15:50:31] [14 MB] [chunked_processor] Transient lookup result
    DATA: Array
(
    [option_name] => speed_backups_job_46c20819-194b-439d-b6d2-7e5ec5a67c23
    [found] => YES
)

[2026-01-15 15:50:31] [14 MB] [chunked_processor] Job retrieved successfully
    DATA: Array
(
    [status] => running
    [type] => restore
)

[2026-01-15 15:50:31] [14 MB] [JOB_STATE] Job 46c20819-194b-439d-b6d2-7e5ec5a67c23 state
    DATA: Array
(
    [status] => running
    [type] => restore
    [phase] => extract
    [progress] => 23.313042352027
)

[2026-01-15 15:50:31] [14 MB] [chunked_processor] get_job called
    DATA: Array
(
    [job_id] => 46c20819-194b-439d-b6d2-7e5ec5a67c23
)

[2026-01-15 15:50:31] [14 MB] [chunked_processor] Transient lookup result
    DATA: Array
(
    [option_name] => speed_backups_job_46c20819-194b-439d-b6d2-7e5ec5a67c23
    [found] => YES
)

[2026-01-15 15:50:31] [14 MB] [chunked_processor] Job retrieved successfully
    DATA: Array
(
    [status] => running
    [type] => restore
)

[2026-01-15 15:50:31] [14 MB] [chunked_processor] get_job called
    DATA: Array
(
    [job_id] => 46c20819-194b-439d-b6d2-7e5ec5a67c23
)

[2026-01-15 15:50:31] [14 MB] [chunked_processor] Transient lookup result
    DATA: Array
(
    [option_name] => speed_backups_job_46c20819-194b-439d-b6d2-7e5ec5a67c23
    [found] => YES
)

[2026-01-15 15:50:31] [14 MB] [chunked_processor] Job retrieved successfully
    DATA: Array
(
    [status] => running
    [type] => restore
)

[2026-01-15 15:50:31] [14 MB] [chunked_processor] save_job called
    DATA: Array
(
    [job_id] => 46c20819-194b-439d-b6d2-7e5ec5a67c23
    [status] => running
)

[2026-01-15 15:50:31] [14 MB] [chunked_processor] Transient save result
    DATA: Array
(
    [option_name] => speed_backups_job_46c20819-194b-439d-b6d2-7e5ec5a67c23
    [success] => YES
)

[2026-01-15 15:50:31] [14 MB] [chunked_processor] Option save result
    DATA: Array
(
    [option_name] => speed_backups_job_46c20819-194b-439d-b6d2-7e5ec5a67c23
    [success] => YES
)

[2026-01-15 15:50:31] [14 MB] [chunked_processor] Save verification (direct DB)
    DATA: Array
(
    [verified] => YES
)

[2026-01-15 15:50:31] [14 MB] [chunked_processor] get_job called
    DATA: Array
(
    [job_id] => 46c20819-194b-439d-b6d2-7e5ec5a67c23
)

[2026-01-15 15:50:31] [14 MB] [chunked_processor] Transient lookup result
    DATA: Array
(
    [option_name] => speed_backups_job_46c20819-194b-439d-b6d2-7e5ec5a67c23
    [found] => YES
)

[2026-01-15 15:50:31] [14 MB] [chunked_processor] Job retrieved successfully
    DATA: Array
(
    [status] => running
    [type] => restore
)

[2026-01-15 15:50:31] [14 MB] [chunked_processor] save_job called
    DATA: Array
(
    [job_id] => 46c20819-194b-439d-b6d2-7e5ec5a67c23
    [status] => running
)

[2026-01-15 15:50:31] [14 MB] [chunked_processor] Transient save result
    DATA: Array
(
    [option_name] => speed_backups_job_46c20819-194b-439d-b6d2-7e5ec5a67c23
    [success] => YES
)

[2026-01-15 15:50:31] [14 MB] [chunked_processor] Option save result
    DATA: Array
(
    [option_name] => speed_backups_job_46c20819-194b-439d-b6d2-7e5ec5a67c23
    [success] => YES
)

[2026-01-15 15:50:31] [14 MB] [chunked_processor] Save verification (direct DB)
    DATA: Array
(
    [verified] => YES
)

[2026-01-15 15:50:31] [14 MB] [chunked_processor] get_job called
    DATA: Array
(
    [job_id] => 46c20819-194b-439d-b6d2-7e5ec5a67c23
)

[2026-01-15 15:50:31] [14 MB] [chunked_processor] Transient lookup result
    DATA: Array
(
    [option_name] => speed_backups_job_46c20819-194b-439d-b6d2-7e5ec5a67c23
    [found] => YES
)

[2026-01-15 15:50:31] [14 MB] [chunked_processor] Job retrieved successfully
    DATA: Array
(
    [status] => running
    [type] => restore
)

[2026-01-15 15:50:31] [14 MB] [chunked_processor] get_job called
    DATA: Array
(
    [job_id] => 46c20819-194b-439d-b6d2-7e5ec5a67c23
)

[2026-01-15 15:50:31] [14 MB] [chunked_processor] Transient lookup result
    DATA: Array
(
    [option_name] => speed_backups_job_46c20819-194b-439d-b6d2-7e5ec5a67c23
    [found] => YES
)

[2026-01-15 15:50:31] [14 MB] [chunked_processor] Job retrieved successfully
    DATA: Array
(
    [status] => running
    [type] => restore
)

[2026-01-15 15:50:31] [14 MB] [ERROR_HANDLER] PHP error handlers registered
[2026-01-15 15:50:31] [14 MB] [FUNCTION] >>> ENTER: process_chunk
    DATA: Array
(
    [0] => job_id
)

[2026-01-15 15:50:31] [14 MB] [chunked_processor] get_job called
    DATA: Array
(
    [job_id] => 46c20819-194b-439d-b6d2-7e5ec5a67c23
)

[2026-01-15 15:50:31] [14 MB] [chunked_processor] Transient lookup result
    DATA: Array
(
    [option_name] => speed_backups_job_46c20819-194b-439d-b6d2-7e5ec5a67c23
    [found] => YES
)

[2026-01-15 15:50:31] [14 MB] [chunked_processor] Job retrieved successfully
    DATA: Array
(
    [status] => running
    [type] => restore
)

[2026-01-15 15:50:31] [14 MB] [JOB_STATE] Job 46c20819-194b-439d-b6d2-7e5ec5a67c23 state
    DATA: Array
(
    [status] => running
    [type] => restore
    [phase] => extract
    [progress] => 24.608211371584
)

[2026-01-15 15:50:31] [14 MB] [chunked_processor] get_job called
    DATA: Array
(
    [job_id] => 46c20819-194b-439d-b6d2-7e5ec5a67c23
)

[2026-01-15 15:50:31] [14 MB] [chunked_processor] Transient lookup result
    DATA: Array
(
    [option_name] => speed_backups_job_46c20819-194b-439d-b6d2-7e5ec5a67c23
    [found] => YES
)

[2026-01-15 15:50:31] [14 MB] [chunked_processor] Job retrieved successfully
    DATA: Array
(
    [status] => running
    [type] => restore
)

[2026-01-15 15:50:31] [14 MB] [chunked_processor] get_job called
    DATA: Array
(
    [job_id] => 46c20819-194b-439d-b6d2-7e5ec5a67c23
)

[2026-01-15 15:50:31] [14 MB] [chunked_processor] Transient lookup result
    DATA: Array
(
    [option_name] => speed_backups_job_46c20819-194b-439d-b6d2-7e5ec5a67c23
    [found] => YES
)

[2026-01-15 15:50:31] [14 MB] [chunked_processor] Job retrieved successfully
    DATA: Array
(
    [status] => running
    [type] => restore
)

[2026-01-15 15:50:31] [14 MB] [chunked_processor] save_job called
    DATA: Array
(
    [job_id] => 46c20819-194b-439d-b6d2-7e5ec5a67c23
    [status] => running
)

[2026-01-15 15:50:31] [14 MB] [chunked_processor] Transient save result
    DATA: Array
(
    [option_name] => speed_backups_job_46c20819-194b-439d-b6d2-7e5ec5a67c23
    [success] => YES
)

[2026-01-15 15:50:31] [14 MB] [chunked_processor] Option save result
    DATA: Array
(
    [option_name] => speed_backups_job_46c20819-194b-439d-b6d2-7e5ec5a67c23
    [success] => YES
)

[2026-01-15 15:50:31] [14 MB] [chunked_processor] Save verification (direct DB)
    DATA: Array
(
    [verified] => YES
)

[2026-01-15 15:50:31] [14 MB] [chunked_processor] get_job called
    DATA: Array
(
    [job_id] => 46c20819-194b-439d-b6d2-7e5ec5a67c23
)

[2026-01-15 15:50:31] [14 MB] [chunked_processor] Transient lookup result
    DATA: Array
(
    [option_name] => speed_backups_job_46c20819-194b-439d-b6d2-7e5ec5a67c23
    [found] => YES
)

[2026-01-15 15:50:31] [14 MB] [chunked_processor] Job retrieved successfully
    DATA: Array
(
    [status] => running
    [type] => restore
)

[2026-01-15 15:50:31] [14 MB] [chunked_processor] save_job called
    DATA: Array
(
    [job_id] => 46c20819-194b-439d-b6d2-7e5ec5a67c23
    [status] => running
)

[2026-01-15 15:50:31] [14 MB] [chunked_processor] Transient save result
    DATA: Array
(
    [option_name] => speed_backups_job_46c20819-194b-439d-b6d2-7e5ec5a67c23
    [success] => YES
)

[2026-01-15 15:50:31] [14 MB] [chunked_processor] Option save result
    DATA: Array
(
    [option_name] => speed_backups_job_46c20819-194b-439d-b6d2-7e5ec5a67c23
    [success] => YES
)

[2026-01-15 15:50:31] [14 MB] [chunked_processor] Save verification (direct DB)
    DATA: Array
(
    [verified] => YES
)

[2026-01-15 15:50:31] [14 MB] [chunked_processor] get_job called
    DATA: Array
(
    [job_id] => 46c20819-194b-439d-b6d2-7e5ec5a67c23
)

[2026-01-15 15:50:31] [14 MB] [chunked_processor] Transient lookup result
    DATA: Array
(
    [option_name] => speed_backups_job_46c20819-194b-439d-b6d2-7e5ec5a67c23
    [found] => YES
)

[2026-01-15 15:50:31] [14 MB] [chunked_processor] Job retrieved successfully
    DATA: Array
(
    [status] => running
    [type] => restore
)

[2026-01-15 15:50:31] [14 MB] [chunked_processor] get_job called
    DATA: Array
(
    [job_id] => 46c20819-194b-439d-b6d2-7e5ec5a67c23
)

[2026-01-15 15:50:31] [14 MB] [chunked_processor] Transient lookup result
    DATA: Array
(
    [option_name] => speed_backups_job_46c20819-194b-439d-b6d2-7e5ec5a67c23
    [found] => YES
)

[2026-01-15 15:50:31] [14 MB] [chunked_processor] Job retrieved successfully
    DATA: Array
(
    [status] => running
    [type] => restore
)

[2026-01-15 15:50:32] [14 MB] [ERROR_HANDLER] PHP error handlers registered
[2026-01-15 15:50:32] [14 MB] [FUNCTION] >>> ENTER: process_chunk
    DATA: Array
(
    [0] => job_id
)

[2026-01-15 15:50:32] [14 MB] [chunked_processor] get_job called
    DATA: Array
(
    [job_id] => 46c20819-194b-439d-b6d2-7e5ec5a67c23
)

[2026-01-15 15:50:32] [14 MB] [chunked_processor] Transient lookup result
    DATA: Array
(
    [option_name] => speed_backups_job_46c20819-194b-439d-b6d2-7e5ec5a67c23
    [found] => YES
)

[2026-01-15 15:50:32] [14 MB] [chunked_processor] Job retrieved successfully
    DATA: Array
(
    [status] => running
    [type] => restore
)

[2026-01-15 15:50:32] [14 MB] [JOB_STATE] Job 46c20819-194b-439d-b6d2-7e5ec5a67c23 state
    DATA: Array
(
    [status] => running
    [type] => restore
    [phase] => extract
    [progress] => 25.903380391141
)

[2026-01-15 15:50:32] [14 MB] [chunked_processor] get_job called
    DATA: Array
(
    [job_id] => 46c20819-194b-439d-b6d2-7e5ec5a67c23
)

[2026-01-15 15:50:32] [14 MB] [chunked_processor] Transient lookup result
    DATA: Array
(
    [option_name] => speed_backups_job_46c20819-194b-439d-b6d2-7e5ec5a67c23
    [found] => YES
)

[2026-01-15 15:50:32] [14 MB] [chunked_processor] Job retrieved successfully
    DATA: Array
(
    [status] => running
    [type] => restore
)

[2026-01-15 15:50:32] [14 MB] [chunked_processor] get_job called
    DATA: Array
(
    [job_id] => 46c20819-194b-439d-b6d2-7e5ec5a67c23
)

[2026-01-15 15:50:32] [14 MB] [chunked_processor] Transient lookup result
    DATA: Array
(
    [option_name] => speed_backups_job_46c20819-194b-439d-b6d2-7e5ec5a67c23
    [found] => YES
)

[2026-01-15 15:50:32] [14 MB] [chunked_processor] Job retrieved successfully
    DATA: Array
(
    [status] => running
    [type] => restore
)

[2026-01-15 15:50:32] [14 MB] [chunked_processor] save_job called
    DATA: Array
(
    [job_id] => 46c20819-194b-439d-b6d2-7e5ec5a67c23
    [status] => running
)

[2026-01-15 15:50:32] [14 MB] [chunked_processor] Transient save result
    DATA: Array
(
    [option_name] => speed_backups_job_46c20819-194b-439d-b6d2-7e5ec5a67c23
    [success] => YES
)

[2026-01-15 15:50:32] [14 MB] [chunked_processor] Option save result
    DATA: Array
(
    [option_name] => speed_backups_job_46c20819-194b-439d-b6d2-7e5ec5a67c23
    [success] => YES
)

[2026-01-15 15:50:32] [14 MB] [chunked_processor] Save verification (direct DB)
    DATA: Array
(
    [verified] => YES
)

[2026-01-15 15:50:32] [14 MB] [chunked_processor] get_job called
    DATA: Array
(
    [job_id] => 46c20819-194b-439d-b6d2-7e5ec5a67c23
)

[2026-01-15 15:50:32] [14 MB] [chunked_processor] Transient lookup result
    DATA: Array
(
    [option_name] => speed_backups_job_46c20819-194b-439d-b6d2-7e5ec5a67c23
    [found] => YES
)

[2026-01-15 15:50:32] [14 MB] [chunked_processor] Job retrieved successfully
    DATA: Array
(
    [status] => running
    [type] => restore
)

[2026-01-15 15:50:32] [14 MB] [chunked_processor] save_job called
    DATA: Array
(
    [job_id] => 46c20819-194b-439d-b6d2-7e5ec5a67c23
    [status] => running
)

[2026-01-15 15:50:32] [14 MB] [chunked_processor] Transient save result
    DATA: Array
(
    [option_name] => speed_backups_job_46c20819-194b-439d-b6d2-7e5ec5a67c23
    [success] => YES
)

[2026-01-15 15:50:32] [14 MB] [chunked_processor] Option save result
    DATA: Array
(
    [option_name] => speed_backups_job_46c20819-194b-439d-b6d2-7e5ec5a67c23
    [success] => YES
)

[2026-01-15 15:50:32] [14 MB] [chunked_processor] Save verification (direct DB)
    DATA: Array
(
    [verified] => YES
)

[2026-01-15 15:50:32] [14 MB] [chunked_processor] get_job called
    DATA: Array
(
    [job_id] => 46c20819-194b-439d-b6d2-7e5ec5a67c23
)

[2026-01-15 15:50:32] [14 MB] [chunked_processor] Transient lookup result
    DATA: Array
(
    [option_name] => speed_backups_job_46c20819-194b-439d-b6d2-7e5ec5a67c23
    [found] => YES
)

[2026-01-15 15:50:32] [14 MB] [chunked_processor] Job retrieved successfully
    DATA: Array
(
    [status] => running
    [type] => restore
)

[2026-01-15 15:50:32] [14 MB] [chunked_processor] get_job called
    DATA: Array
(
    [job_id] => 46c20819-194b-439d-b6d2-7e5ec5a67c23
)

[2026-01-15 15:50:32] [14 MB] [chunked_processor] Transient lookup result
    DATA: Array
(
    [option_name] => speed_backups_job_46c20819-194b-439d-b6d2-7e5ec5a67c23
    [found] => YES
)

[2026-01-15 15:50:32] [14 MB] [chunked_processor] Job retrieved successfully
    DATA: Array
(
    [status] => running
    [type] => restore
)

[2026-01-15 15:50:32] [14 MB] [ERROR_HANDLER] PHP error handlers registered
[2026-01-15 15:50:32] [14 MB] [FUNCTION] >>> ENTER: process_chunk
    DATA: Array
(
    [0] => job_id
)

[2026-01-15 15:50:32] [14 MB] [chunked_processor] get_job called
    DATA: Array
(
    [job_id] => 46c20819-194b-439d-b6d2-7e5ec5a67c23
)

[2026-01-15 15:50:32] [14 MB] [chunked_processor] Transient lookup result
    DATA: Array
(
    [option_name] => speed_backups_job_46c20819-194b-439d-b6d2-7e5ec5a67c23
    [found] => YES
)

[2026-01-15 15:50:32] [14 MB] [chunked_processor] Job retrieved successfully
    DATA: Array
(
    [status] => running
    [type] => restore
)

[2026-01-15 15:50:32] [14 MB] [JOB_STATE] Job 46c20819-194b-439d-b6d2-7e5ec5a67c23 state
    DATA: Array
(
    [status] => running
    [type] => restore
    [phase] => extract
    [progress] => 27.198549410698
)

[2026-01-15 15:50:32] [14 MB] [chunked_processor] get_job called
    DATA: Array
(
    [job_id] => 46c20819-194b-439d-b6d2-7e5ec5a67c23
)

[2026-01-15 15:50:32] [14 MB] [chunked_processor] Transient lookup result
    DATA: Array
(
    [option_name] => speed_backups_job_46c20819-194b-439d-b6d2-7e5ec5a67c23
    [found] => YES
)

[2026-01-15 15:50:32] [14 MB] [chunked_processor] Job retrieved successfully
    DATA: Array
(
    [status] => running
    [type] => restore
)

[2026-01-15 15:50:32] [14 MB] [chunked_processor] get_job called
    DATA: Array
(
    [job_id] => 46c20819-194b-439d-b6d2-7e5ec5a67c23
)

[2026-01-15 15:50:32] [14 MB] [chunked_processor] Transient lookup result
    DATA: Array
(
    [option_name] => speed_backups_job_46c20819-194b-439d-b6d2-7e5ec5a67c23
    [found] => YES
)

[2026-01-15 15:50:32] [14 MB] [chunked_processor] Job retrieved successfully
    DATA: Array
(
    [status] => running
    [type] => restore
)

[2026-01-15 15:50:32] [14 MB] [chunked_processor] save_job called
    DATA: Array
(
    [job_id] => 46c20819-194b-439d-b6d2-7e5ec5a67c23
    [status] => running
)

[2026-01-15 15:50:32] [14 MB] [chunked_processor] Transient save result
    DATA: Array
(
    [option_name] => speed_backups_job_46c20819-194b-439d-b6d2-7e5ec5a67c23
    [success] => YES
)

[2026-01-15 15:50:32] [14 MB] [chunked_processor] Option save result
    DATA: Array
(
    [option_name] => speed_backups_job_46c20819-194b-439d-b6d2-7e5ec5a67c23
    [success] => YES
)

[2026-01-15 15:50:32] [14 MB] [chunked_processor] Save verification (direct DB)
    DATA: Array
(
    [verified] => YES
)

[2026-01-15 15:50:32] [14 MB] [chunked_processor] get_job called
    DATA: Array
(
    [job_id] => 46c20819-194b-439d-b6d2-7e5ec5a67c23
)

[2026-01-15 15:50:32] [14 MB] [chunked_processor] Transient lookup result
    DATA: Array
(
    [option_name] => speed_backups_job_46c20819-194b-439d-b6d2-7e5ec5a67c23
    [found] => YES
)

[2026-01-15 15:50:32] [14 MB] [chunked_processor] Job retrieved successfully
    DATA: Array
(
    [status] => running
    [type] => restore
)

[2026-01-15 15:50:32] [14 MB] [chunked_processor] save_job called
    DATA: Array
(
    [job_id] => 46c20819-194b-439d-b6d2-7e5ec5a67c23
    [status] => running
)

[2026-01-15 15:50:32] [14 MB] [chunked_processor] Transient save result
    DATA: Array
(
    [option_name] => speed_backups_job_46c20819-194b-439d-b6d2-7e5ec5a67c23
    [success] => YES
)

[2026-01-15 15:50:32] [14 MB] [chunked_processor] Option save result
    DATA: Array
(
    [option_name] => speed_backups_job_46c20819-194b-439d-b6d2-7e5ec5a67c23
    [success] => YES
)

[2026-01-15 15:50:32] [14 MB] [chunked_processor] Save verification (direct DB)
    DATA: Array
(
    [verified] => YES
)

[2026-01-15 15:50:32] [14 MB] [chunked_processor] get_job called
    DATA: Array
(
    [job_id] => 46c20819-194b-439d-b6d2-7e5ec5a67c23
)

[2026-01-15 15:50:32] [14 MB] [chunked_processor] Transient lookup result
    DATA: Array
(
    [option_name] => speed_backups_job_46c20819-194b-439d-b6d2-7e5ec5a67c23
    [found] => YES
)

[2026-01-15 15:50:32] [14 MB] [chunked_processor] Job retrieved successfully
    DATA: Array
(
    [status] => running
    [type] => restore
)

[2026-01-15 15:50:32] [14 MB] [chunked_processor] get_job called
    DATA: Array
(
    [job_id] => 46c20819-194b-439d-b6d2-7e5ec5a67c23
)

[2026-01-15 15:50:32] [14 MB] [chunked_processor] Transient lookup result
    DATA: Array
(
    [option_name] => speed_backups_job_46c20819-194b-439d-b6d2-7e5ec5a67c23
    [found] => YES
)

[2026-01-15 15:50:32] [14 MB] [chunked_processor] Job retrieved successfully
    DATA: Array
(
    [status] => running
    [type] => restore
)

[2026-01-15 15:50:33] [14 MB] [ERROR_HANDLER] PHP error handlers registered
[2026-01-15 15:50:33] [14 MB] [FUNCTION] >>> ENTER: process_chunk
    DATA: Array
(
    [0] => job_id
)

[2026-01-15 15:50:33] [14 MB] [chunked_processor] get_job called
    DATA: Array
(
    [job_id] => 46c20819-194b-439d-b6d2-7e5ec5a67c23
)

[2026-01-15 15:50:33] [14 MB] [chunked_processor] Transient lookup result
    DATA: Array
(
    [option_name] => speed_backups_job_46c20819-194b-439d-b6d2-7e5ec5a67c23
    [found] => YES
)

[2026-01-15 15:50:33] [14 MB] [chunked_processor] Job retrieved successfully
    DATA: Array
(
    [status] => running
    [type] => restore
)

[2026-01-15 15:50:33] [14 MB] [JOB_STATE] Job 46c20819-194b-439d-b6d2-7e5ec5a67c23 state
    DATA: Array
(
    [status] => running
    [type] => restore
    [phase] => extract
    [progress] => 28.493718430255
)

[2026-01-15 15:50:33] [14 MB] [chunked_processor] get_job called
    DATA: Array
(
    [job_id] => 46c20819-194b-439d-b6d2-7e5ec5a67c23
)

[2026-01-15 15:50:33] [14 MB] [chunked_processor] Transient lookup result
    DATA: Array
(
    [option_name] => speed_backups_job_46c20819-194b-439d-b6d2-7e5ec5a67c23
    [found] => YES
)

[2026-01-15 15:50:33] [14 MB] [chunked_processor] Job retrieved successfully
    DATA: Array
(
    [status] => running
    [type] => restore
)

[2026-01-15 15:50:33] [14 MB] [chunked_processor] get_job called
    DATA: Array
(
    [job_id] => 46c20819-194b-439d-b6d2-7e5ec5a67c23
)

[2026-01-15 15:50:33] [14 MB] [chunked_processor] Transient lookup result
    DATA: Array
(
    [option_name] => speed_backups_job_46c20819-194b-439d-b6d2-7e5ec5a67c23
    [found] => YES
)

[2026-01-15 15:50:33] [14 MB] [chunked_processor] Job retrieved successfully
    DATA: Array
(
    [status] => running
    [type] => restore
)

[2026-01-15 15:50:33] [14 MB] [chunked_processor] save_job called
    DATA: Array
(
    [job_id] => 46c20819-194b-439d-b6d2-7e5ec5a67c23
    [status] => running
)

[2026-01-15 15:50:33] [14 MB] [chunked_processor] Transient save result
    DATA: Array
(
    [option_name] => speed_backups_job_46c20819-194b-439d-b6d2-7e5ec5a67c23
    [success] => YES
)

[2026-01-15 15:50:33] [14 MB] [chunked_processor] Option save result
    DATA: Array
(
    [option_name] => speed_backups_job_46c20819-194b-439d-b6d2-7e5ec5a67c23
    [success] => YES
)

[2026-01-15 15:50:33] [14 MB] [chunked_processor] Save verification (direct DB)
    DATA: Array
(
    [verified] => YES
)

[2026-01-15 15:50:33] [14 MB] [chunked_processor] get_job called
    DATA: Array
(
    [job_id] => 46c20819-194b-439d-b6d2-7e5ec5a67c23
)

[2026-01-15 15:50:33] [14 MB] [chunked_processor] Transient lookup result
    DATA: Array
(
    [option_name] => speed_backups_job_46c20819-194b-439d-b6d2-7e5ec5a67c23
    [found] => YES
)

[2026-01-15 15:50:33] [14 MB] [chunked_processor] Job retrieved successfully
    DATA: Array
(
    [status] => running
    [type] => restore
)

[2026-01-15 15:50:33] [14 MB] [chunked_processor] save_job called
    DATA: Array
(
    [job_id] => 46c20819-194b-439d-b6d2-7e5ec5a67c23
    [status] => running
)

[2026-01-15 15:50:33] [14 MB] [chunked_processor] Transient save result
    DATA: Array
(
    [option_name] => speed_backups_job_46c20819-194b-439d-b6d2-7e5ec5a67c23
    [success] => YES
)

[2026-01-15 15:50:33] [14 MB] [chunked_processor] Option save result
    DATA: Array
(
    [option_name] => speed_backups_job_46c20819-194b-439d-b6d2-7e5ec5a67c23
    [success] => YES
)

[2026-01-15 15:50:33] [14 MB] [chunked_processor] Save verification (direct DB)
    DATA: Array
(
    [verified] => YES
)

[2026-01-15 15:50:33] [14 MB] [chunked_processor] get_job called
    DATA: Array
(
    [job_id] => 46c20819-194b-439d-b6d2-7e5ec5a67c23
)

[2026-01-15 15:50:33] [14 MB] [chunked_processor] Transient lookup result
    DATA: Array
(
    [option_name] => speed_backups_job_46c20819-194b-439d-b6d2-7e5ec5a67c23
    [found] => YES
)

[2026-01-15 15:50:33] [14 MB] [chunked_processor] Job retrieved successfully
    DATA: Array
(
    [status] => running
    [type] => restore
)

[2026-01-15 15:50:33] [14 MB] [chunked_processor] get_job called
    DATA: Array
(
    [job_id] => 46c20819-194b-439d-b6d2-7e5ec5a67c23
)

[2026-01-15 15:50:33] [14 MB] [chunked_processor] Transient lookup result
    DATA: Array
(
    [option_name] => speed_backups_job_46c20819-194b-439d-b6d2-7e5ec5a67c23
    [found] => YES
)

[2026-01-15 15:50:33] [14 MB] [chunked_processor] Job retrieved successfully
    DATA: Array
(
    [status] => running
    [type] => restore
)

[2026-01-15 15:50:33] [14 MB] [ERROR_HANDLER] PHP error handlers registered
[2026-01-15 15:50:33] [14 MB] [FUNCTION] >>> ENTER: process_chunk
    DATA: Array
(
    [0] => job_id
)

[2026-01-15 15:50:33] [14 MB] [chunked_processor] get_job called
    DATA: Array
(
    [job_id] => 46c20819-194b-439d-b6d2-7e5ec5a67c23
)

[2026-01-15 15:50:33] [14 MB] [chunked_processor] Transient lookup result
    DATA: Array
(
    [option_name] => speed_backups_job_46c20819-194b-439d-b6d2-7e5ec5a67c23
    [found] => YES
)

[2026-01-15 15:50:33] [14 MB] [chunked_processor] Job retrieved successfully
    DATA: Array
(
    [status] => running
    [type] => restore
)

[2026-01-15 15:50:33] [14 MB] [JOB_STATE] Job 46c20819-194b-439d-b6d2-7e5ec5a67c23 state
    DATA: Array
(
    [status] => running
    [type] => restore
    [phase] => extract
    [progress] => 29.788887449812
)

[2026-01-15 15:50:33] [14 MB] [chunked_processor] get_job called
    DATA: Array
(
    [job_id] => 46c20819-194b-439d-b6d2-7e5ec5a67c23
)

[2026-01-15 15:50:33] [14 MB] [chunked_processor] Transient lookup result
    DATA: Array
(
    [option_name] => speed_backups_job_46c20819-194b-439d-b6d2-7e5ec5a67c23
    [found] => YES
)

[2026-01-15 15:50:33] [14 MB] [chunked_processor] Job retrieved successfully
    DATA: Array
(
    [status] => running
    [type] => restore
)

[2026-01-15 15:50:33] [14 MB] [chunked_processor] get_job called
    DATA: Array
(
    [job_id] => 46c20819-194b-439d-b6d2-7e5ec5a67c23
)

[2026-01-15 15:50:33] [14 MB] [chunked_processor] Transient lookup result
    DATA: Array
(
    [option_name] => speed_backups_job_46c20819-194b-439d-b6d2-7e5ec5a67c23
    [found] => YES
)

[2026-01-15 15:50:33] [14 MB] [chunked_processor] Job retrieved successfully
    DATA: Array
(
    [status] => running
    [type] => restore
)

[2026-01-15 15:50:33] [14 MB] [chunked_processor] save_job called
    DATA: Array
(
    [job_id] => 46c20819-194b-439d-b6d2-7e5ec5a67c23
    [status] => running
)

[2026-01-15 15:50:33] [14 MB] [chunked_processor] Transient save result
    DATA: Array
(
    [option_name] => speed_backups_job_46c20819-194b-439d-b6d2-7e5ec5a67c23
    [success] => YES
)

[2026-01-15 15:50:33] [14 MB] [chunked_processor] Option save result
    DATA: Array
(
    [option_name] => speed_backups_job_46c20819-194b-439d-b6d2-7e5ec5a67c23
    [success] => YES
)

[2026-01-15 15:50:33] [14 MB] [chunked_processor] Save verification (direct DB)
    DATA: Array
(
    [verified] => YES
)

[2026-01-15 15:50:33] [14 MB] [chunked_processor] get_job called
    DATA: Array
(
    [job_id] => 46c20819-194b-439d-b6d2-7e5ec5a67c23
)

[2026-01-15 15:50:33] [14 MB] [chunked_processor] Transient lookup result
    DATA: Array
(
    [option_name] => speed_backups_job_46c20819-194b-439d-b6d2-7e5ec5a67c23
    [found] => YES
)

[2026-01-15 15:50:33] [14 MB] [chunked_processor] Job retrieved successfully
    DATA: Array
(
    [status] => running
    [type] => restore
)

[2026-01-15 15:50:33] [14 MB] [chunked_processor] save_job called
    DATA: Array
(
    [job_id] => 46c20819-194b-439d-b6d2-7e5ec5a67c23
    [status] => running
)

[2026-01-15 15:50:33] [14 MB] [chunked_processor] Transient save result
    DATA: Array
(
    [option_name] => speed_backups_job_46c20819-194b-439d-b6d2-7e5ec5a67c23
    [success] => YES
)

[2026-01-15 15:50:33] [14 MB] [chunked_processor] Option save result
    DATA: Array
(
    [option_name] => speed_backups_job_46c20819-194b-439d-b6d2-7e5ec5a67c23
    [success] => YES
)

[2026-01-15 15:50:33] [14 MB] [chunked_processor] Save verification (direct DB)
    DATA: Array
(
    [verified] => YES
)

[2026-01-15 15:50:33] [14 MB] [chunked_processor] get_job called
    DATA: Array
(
    [job_id] => 46c20819-194b-439d-b6d2-7e5ec5a67c23
)

[2026-01-15 15:50:33] [14 MB] [chunked_processor] Transient lookup result
    DATA: Array
(
    [option_name] => speed_backups_job_46c20819-194b-439d-b6d2-7e5ec5a67c23
    [found] => YES
)

[2026-01-15 15:50:33] [14 MB] [chunked_processor] Job retrieved successfully
    DATA: Array
(
    [status] => running
    [type] => restore
)

[2026-01-15 15:50:33] [14 MB] [chunked_processor] get_job called
    DATA: Array
(
    [job_id] => 46c20819-194b-439d-b6d2-7e5ec5a67c23
)

[2026-01-15 15:50:33] [14 MB] [chunked_processor] Transient lookup result
    DATA: Array
(
    [option_name] => speed_backups_job_46c20819-194b-439d-b6d2-7e5ec5a67c23
    [found] => YES
)

[2026-01-15 15:50:33] [14 MB] [chunked_processor] Job retrieved successfully
    DATA: Array
(
    [status] => running
    [type] => restore
)

[2026-01-15 15:50:33] [14 MB] [ERROR_HANDLER] PHP error handlers registered
[2026-01-15 15:50:33] [14 MB] [FUNCTION] >>> ENTER: process_chunk
    DATA: Array
(
    [0] => job_id
)

[2026-01-15 15:50:33] [14 MB] [chunked_processor] get_job called
    DATA: Array
(
    [job_id] => 46c20819-194b-439d-b6d2-7e5ec5a67c23
)

[2026-01-15 15:50:33] [14 MB] [chunked_processor] Transient lookup result
    DATA: Array
(
    [option_name] => speed_backups_job_46c20819-194b-439d-b6d2-7e5ec5a67c23
    [found] => YES
)

[2026-01-15 15:50:33] [14 MB] [chunked_processor] Job retrieved successfully
    DATA: Array
(
    [status] => running
    [type] => restore
)

[2026-01-15 15:50:33] [14 MB] [JOB_STATE] Job 46c20819-194b-439d-b6d2-7e5ec5a67c23 state
    DATA: Array
(
    [status] => running
    [type] => restore
    [phase] => extract
    [progress] => 31.084056469369
)

[2026-01-15 15:50:33] [14 MB] [chunked_processor] get_job called
    DATA: Array
(
    [job_id] => 46c20819-194b-439d-b6d2-7e5ec5a67c23
)

[2026-01-15 15:50:33] [14 MB] [chunked_processor] Transient lookup result
    DATA: Array
(
    [option_name] => speed_backups_job_46c20819-194b-439d-b6d2-7e5ec5a67c23
    [found] => YES
)

[2026-01-15 15:50:33] [14 MB] [chunked_processor] Job retrieved successfully
    DATA: Array
(
    [status] => running
    [type] => restore
)

[2026-01-15 15:50:33] [14 MB] [chunked_processor] get_job called
    DATA: Array
(
    [job_id] => 46c20819-194b-439d-b6d2-7e5ec5a67c23
)

[2026-01-15 15:50:33] [14 MB] [chunked_processor] Transient lookup result
    DATA: Array
(
    [option_name] => speed_backups_job_46c20819-194b-439d-b6d2-7e5ec5a67c23
    [found] => YES
)

[2026-01-15 15:50:33] [14 MB] [chunked_processor] Job retrieved successfully
    DATA: Array
(
    [status] => running
    [type] => restore
)

[2026-01-15 15:50:33] [14 MB] [chunked_processor] save_job called
    DATA: Array
(
    [job_id] => 46c20819-194b-439d-b6d2-7e5ec5a67c23
    [status] => running
)

[2026-01-15 15:50:33] [14 MB] [chunked_processor] Transient save result
    DATA: Array
(
    [option_name] => speed_backups_job_46c20819-194b-439d-b6d2-7e5ec5a67c23
    [success] => YES
)

[2026-01-15 15:50:33] [14 MB] [chunked_processor] Option save result
    DATA: Array
(
    [option_name] => speed_backups_job_46c20819-194b-439d-b6d2-7e5ec5a67c23
    [success] => YES
)

[2026-01-15 15:50:33] [14 MB] [chunked_processor] Save verification (direct DB)
    DATA: Array
(
    [verified] => YES
)

[2026-01-15 15:50:33] [14 MB] [chunked_processor] get_job called
    DATA: Array
(
    [job_id] => 46c20819-194b-439d-b6d2-7e5ec5a67c23
)

[2026-01-15 15:50:33] [14 MB] [chunked_processor] Transient lookup result
    DATA: Array
(
    [option_name] => speed_backups_job_46c20819-194b-439d-b6d2-7e5ec5a67c23
    [found] => YES
)

[2026-01-15 15:50:33] [14 MB] [chunked_processor] Job retrieved successfully
    DATA: Array
(
    [status] => running
    [type] => restore
)

[2026-01-15 15:50:33] [14 MB] [chunked_processor] save_job called
    DATA: Array
(
    [job_id] => 46c20819-194b-439d-b6d2-7e5ec5a67c23
    [status] => running
)

[2026-01-15 15:50:33] [14 MB] [chunked_processor] Transient save result
    DATA: Array
(
    [option_name] => speed_backups_job_46c20819-194b-439d-b6d2-7e5ec5a67c23
    [success] => YES
)

[2026-01-15 15:50:33] [14 MB] [chunked_processor] Option save result
    DATA: Array
(
    [option_name] => speed_backups_job_46c20819-194b-439d-b6d2-7e5ec5a67c23
    [success] => YES
)

[2026-01-15 15:50:33] [14 MB] [chunked_processor] Save verification (direct DB)
    DATA: Array
(
    [verified] => YES
)

[2026-01-15 15:50:33] [14 MB] [chunked_processor] get_job called
    DATA: Array
(
    [job_id] => 46c20819-194b-439d-b6d2-7e5ec5a67c23
)

[2026-01-15 15:50:33] [14 MB] [chunked_processor] Transient lookup result
    DATA: Array
(
    [option_name] => speed_backups_job_46c20819-194b-439d-b6d2-7e5ec5a67c23
    [found] => YES
)

[2026-01-15 15:50:33] [14 MB] [chunked_processor] Job retrieved successfully
    DATA: Array
(
    [status] => running
    [type] => restore
)

[2026-01-15 15:50:33] [14 MB] [chunked_processor] get_job called
    DATA: Array
(
    [job_id] => 46c20819-194b-439d-b6d2-7e5ec5a67c23
)

[2026-01-15 15:50:33] [14 MB] [chunked_processor] Transient lookup result
    DATA: Array
(
    [option_name] => speed_backups_job_46c20819-194b-439d-b6d2-7e5ec5a67c23
    [found] => YES
)

[2026-01-15 15:50:33] [14 MB] [chunked_processor] Job retrieved successfully
    DATA: Array
(
    [status] => running
    [type] => restore
)

[2026-01-15 15:50:34] [14 MB] [ERROR_HANDLER] PHP error handlers registered
[2026-01-15 15:50:34] [14 MB] [FUNCTION] >>> ENTER: process_chunk
    DATA: Array
(
    [0] => job_id
)

[2026-01-15 15:50:34] [14 MB] [chunked_processor] get_job called
    DATA: Array
(
    [job_id] => 46c20819-194b-439d-b6d2-7e5ec5a67c23
)

[2026-01-15 15:50:34] [14 MB] [chunked_processor] Transient lookup result
    DATA: Array
(
    [option_name] => speed_backups_job_46c20819-194b-439d-b6d2-7e5ec5a67c23
    [found] => YES
)

[2026-01-15 15:50:34] [14 MB] [chunked_processor] Job retrieved successfully
    DATA: Array
(
    [status] => running
    [type] => restore
)

[2026-01-15 15:50:34] [14 MB] [JOB_STATE] Job 46c20819-194b-439d-b6d2-7e5ec5a67c23 state
    DATA: Array
(
    [status] => running
    [type] => restore
    [phase] => extract
    [progress] => 32.379225488926
)

[2026-01-15 15:50:34] [14 MB] [chunked_processor] get_job called
    DATA: Array
(
    [job_id] => 46c20819-194b-439d-b6d2-7e5ec5a67c23
)

[2026-01-15 15:50:34] [14 MB] [chunked_processor] Transient lookup result
    DATA: Array
(
    [option_name] => speed_backups_job_46c20819-194b-439d-b6d2-7e5ec5a67c23
    [found] => YES
)

[2026-01-15 15:50:34] [14 MB] [chunked_processor] Job retrieved successfully
    DATA: Array
(
    [status] => running
    [type] => restore
)

[2026-01-15 15:50:34] [14 MB] [chunked_processor] get_job called
    DATA: Array
(
    [job_id] => 46c20819-194b-439d-b6d2-7e5ec5a67c23
)

[2026-01-15 15:50:34] [14 MB] [chunked_processor] Transient lookup result
    DATA: Array
(
    [option_name] => speed_backups_job_46c20819-194b-439d-b6d2-7e5ec5a67c23
    [found] => YES
)

[2026-01-15 15:50:34] [14 MB] [chunked_processor] Job retrieved successfully
    DATA: Array
(
    [status] => running
    [type] => restore
)

[2026-01-15 15:50:34] [14 MB] [chunked_processor] save_job called
    DATA: Array
(
    [job_id] => 46c20819-194b-439d-b6d2-7e5ec5a67c23
    [status] => running
)

[2026-01-15 15:50:34] [14 MB] [chunked_processor] Transient save result
    DATA: Array
(
    [option_name] => speed_backups_job_46c20819-194b-439d-b6d2-7e5ec5a67c23
    [success] => YES
)

[2026-01-15 15:50:34] [14 MB] [chunked_processor] Option save result
    DATA: Array
(
    [option_name] => speed_backups_job_46c20819-194b-439d-b6d2-7e5ec5a67c23
    [success] => YES
)

[2026-01-15 15:50:34] [14 MB] [chunked_processor] Save verification (direct DB)
    DATA: Array
(
    [verified] => YES
)

[2026-01-15 15:50:34] [14 MB] [chunked_processor] get_job called
    DATA: Array
(
    [job_id] => 46c20819-194b-439d-b6d2-7e5ec5a67c23
)

[2026-01-15 15:50:34] [14 MB] [chunked_processor] Transient lookup result
    DATA: Array
(
    [option_name] => speed_backups_job_46c20819-194b-439d-b6d2-7e5ec5a67c23
    [found] => YES
)

[2026-01-15 15:50:34] [14 MB] [chunked_processor] Job retrieved successfully
    DATA: Array
(
    [status] => running
    [type] => restore
)

[2026-01-15 15:50:34] [14 MB] [chunked_processor] save_job called
    DATA: Array
(
    [job_id] => 46c20819-194b-439d-b6d2-7e5ec5a67c23
    [status] => running
)

[2026-01-15 15:50:34] [14 MB] [chunked_processor] Transient save result
    DATA: Array
(
    [option_name] => speed_backups_job_46c20819-194b-439d-b6d2-7e5ec5a67c23
    [success] => YES
)

[2026-01-15 15:50:34] [14 MB] [chunked_processor] Option save result
    DATA: Array
(
    [option_name] => speed_backups_job_46c20819-194b-439d-b6d2-7e5ec5a67c23
    [success] => YES
)

[2026-01-15 15:50:34] [14 MB] [chunked_processor] Save verification (direct DB)
    DATA: Array
(
    [verified] => YES
)

[2026-01-15 15:50:34] [14 MB] [chunked_processor] get_job called
    DATA: Array
(
    [job_id] => 46c20819-194b-439d-b6d2-7e5ec5a67c23
)

[2026-01-15 15:50:34] [14 MB] [chunked_processor] Transient lookup result
    DATA: Array
(
    [option_name] => speed_backups_job_46c20819-194b-439d-b6d2-7e5ec5a67c23
    [found] => YES
)

[2026-01-15 15:50:34] [14 MB] [chunked_processor] Job retrieved successfully
    DATA: Array
(
    [status] => running
    [type] => restore
)

[2026-01-15 15:50:34] [14 MB] [chunked_processor] get_job called
    DATA: Array
(
    [job_id] => 46c20819-194b-439d-b6d2-7e5ec5a67c23
)

[2026-01-15 15:50:34] [14 MB] [chunked_processor] Transient lookup result
    DATA: Array
(
    [option_name] => speed_backups_job_46c20819-194b-439d-b6d2-7e5ec5a67c23
    [found] => YES
)

[2026-01-15 15:50:34] [14 MB] [chunked_processor] Job retrieved successfully
    DATA: Array
(
    [status] => running
    [type] => restore
)

[2026-01-15 15:50:34] [14 MB] [ERROR_HANDLER] PHP error handlers registered
[2026-01-15 15:50:34] [14 MB] [FUNCTION] >>> ENTER: process_chunk
    DATA: Array
(
    [0] => job_id
)

[2026-01-15 15:50:34] [14 MB] [chunked_processor] get_job called
    DATA: Array
(
    [job_id] => 46c20819-194b-439d-b6d2-7e5ec5a67c23
)

[2026-01-15 15:50:34] [14 MB] [chunked_processor] Transient lookup result
    DATA: Array
(
    [option_name] => speed_backups_job_46c20819-194b-439d-b6d2-7e5ec5a67c23
    [found] => YES
)

[2026-01-15 15:50:34] [14 MB] [chunked_processor] Job retrieved successfully
    DATA: Array
(
    [status] => running
    [type] => restore
)

[2026-01-15 15:50:34] [14 MB] [JOB_STATE] Job 46c20819-194b-439d-b6d2-7e5ec5a67c23 state
    DATA: Array
(
    [status] => running
    [type] => restore
    [phase] => extract
    [progress] => 33.674394508483
)

[2026-01-15 15:50:34] [14 MB] [chunked_processor] get_job called
    DATA: Array
(
    [job_id] => 46c20819-194b-439d-b6d2-7e5ec5a67c23
)

[2026-01-15 15:50:34] [14 MB] [chunked_processor] Transient lookup result
    DATA: Array
(
    [option_name] => speed_backups_job_46c20819-194b-439d-b6d2-7e5ec5a67c23
    [found] => YES
)

[2026-01-15 15:50:34] [14 MB] [chunked_processor] Job retrieved successfully
    DATA: Array
(
    [status] => running
    [type] => restore
)

[2026-01-15 15:50:34] [14 MB] [chunked_processor] get_job called
    DATA: Array
(
    [job_id] => 46c20819-194b-439d-b6d2-7e5ec5a67c23
)

[2026-01-15 15:50:34] [14 MB] [chunked_processor] Transient lookup result
    DATA: Array
(
    [option_name] => speed_backups_job_46c20819-194b-439d-b6d2-7e5ec5a67c23
    [found] => YES
)

[2026-01-15 15:50:34] [14 MB] [chunked_processor] Job retrieved successfully
    DATA: Array
(
    [status] => running
    [type] => restore
)

[2026-01-15 15:50:34] [14 MB] [chunked_processor] save_job called
    DATA: Array
(
    [job_id] => 46c20819-194b-439d-b6d2-7e5ec5a67c23
    [status] => running
)

[2026-01-15 15:50:34] [14 MB] [chunked_processor] Transient save result
    DATA: Array
(
    [option_name] => speed_backups_job_46c20819-194b-439d-b6d2-7e5ec5a67c23
    [success] => YES
)

[2026-01-15 15:50:34] [14 MB] [chunked_processor] Option save result
    DATA: Array
(
    [option_name] => speed_backups_job_46c20819-194b-439d-b6d2-7e5ec5a67c23
    [success] => YES
)

[2026-01-15 15:50:34] [14 MB] [chunked_processor] Save verification (direct DB)
    DATA: Array
(
    [verified] => YES
)

[2026-01-15 15:50:34] [14 MB] [chunked_processor] get_job called
    DATA: Array
(
    [job_id] => 46c20819-194b-439d-b6d2-7e5ec5a67c23
)

[2026-01-15 15:50:34] [14 MB] [chunked_processor] Transient lookup result
    DATA: Array
(
    [option_name] => speed_backups_job_46c20819-194b-439d-b6d2-7e5ec5a67c23
    [found] => YES
)

[2026-01-15 15:50:34] [14 MB] [chunked_processor] Job retrieved successfully
    DATA: Array
(
    [status] => running
    [type] => restore
)

[2026-01-15 15:50:34] [14 MB] [chunked_processor] save_job called
    DATA: Array
(
    [job_id] => 46c20819-194b-439d-b6d2-7e5ec5a67c23
    [status] => running
)

[2026-01-15 15:50:34] [14 MB] [chunked_processor] Transient save result
    DATA: Array
(
    [option_name] => speed_backups_job_46c20819-194b-439d-b6d2-7e5ec5a67c23
    [success] => YES
)

[2026-01-15 15:50:34] [14 MB] [chunked_processor] Option save result
    DATA: Array
(
    [option_name] => speed_backups_job_46c20819-194b-439d-b6d2-7e5ec5a67c23
    [success] => YES
)

[2026-01-15 15:50:34] [14 MB] [chunked_processor] Save verification (direct DB)
    DATA: Array
(
    [verified] => YES
)

[2026-01-15 15:50:34] [14 MB] [chunked_processor] get_job called
    DATA: Array
(
    [job_id] => 46c20819-194b-439d-b6d2-7e5ec5a67c23
)

[2026-01-15 15:50:34] [14 MB] [chunked_processor] Transient lookup result
    DATA: Array
(
    [option_name] => speed_backups_job_46c20819-194b-439d-b6d2-7e5ec5a67c23
    [found] => YES
)

[2026-01-15 15:50:34] [14 MB] [chunked_processor] Job retrieved successfully
    DATA: Array
(
    [status] => running
    [type] => restore
)

[2026-01-15 15:50:34] [14 MB] [chunked_processor] get_job called
    DATA: Array
(
    [job_id] => 46c20819-194b-439d-b6d2-7e5ec5a67c23
)

[2026-01-15 15:50:34] [14 MB] [chunked_processor] Transient lookup result
    DATA: Array
(
    [option_name] => speed_backups_job_46c20819-194b-439d-b6d2-7e5ec5a67c23
    [found] => YES
)

[2026-01-15 15:50:34] [14 MB] [chunked_processor] Job retrieved successfully
    DATA: Array
(
    [status] => running
    [type] => restore
)

[2026-01-15 15:50:35] [14 MB] [ERROR_HANDLER] PHP error handlers registered
[2026-01-15 15:50:35] [14 MB] [FUNCTION] >>> ENTER: process_chunk
    DATA: Array
(
    [0] => job_id
)

[2026-01-15 15:50:35] [14 MB] [chunked_processor] get_job called
    DATA: Array
(
    [job_id] => 46c20819-194b-439d-b6d2-7e5ec5a67c23
)

[2026-01-15 15:50:35] [14 MB] [chunked_processor] Transient lookup result
    DATA: Array
(
    [option_name] => speed_backups_job_46c20819-194b-439d-b6d2-7e5ec5a67c23
    [found] => YES
)

[2026-01-15 15:50:35] [14 MB] [chunked_processor] Job retrieved successfully
    DATA: Array
(
    [status] => running
    [type] => restore
)

[2026-01-15 15:50:35] [14 MB] [JOB_STATE] Job 46c20819-194b-439d-b6d2-7e5ec5a67c23 state
    DATA: Array
(
    [status] => running
    [type] => restore
    [phase] => extract
    [progress] => 34.96956352804
)

[2026-01-15 15:50:35] [14 MB] [chunked_processor] get_job called
    DATA: Array
(
    [job_id] => 46c20819-194b-439d-b6d2-7e5ec5a67c23
)

[2026-01-15 15:50:35] [14 MB] [chunked_processor] Transient lookup result
    DATA: Array
(
    [option_name] => speed_backups_job_46c20819-194b-439d-b6d2-7e5ec5a67c23
    [found] => YES
)

[2026-01-15 15:50:35] [14 MB] [chunked_processor] Job retrieved successfully
    DATA: Array
(
    [status] => running
    [type] => restore
)

[2026-01-15 15:50:35] [14 MB] [chunked_processor] get_job called
    DATA: Array
(
    [job_id] => 46c20819-194b-439d-b6d2-7e5ec5a67c23
)

[2026-01-15 15:50:35] [14 MB] [chunked_processor] Transient lookup result
    DATA: Array
(
    [option_name] => speed_backups_job_46c20819-194b-439d-b6d2-7e5ec5a67c23
    [found] => YES
)

[2026-01-15 15:50:35] [14 MB] [chunked_processor] Job retrieved successfully
    DATA: Array
(
    [status] => running
    [type] => restore
)

[2026-01-15 15:50:35] [14 MB] [chunked_processor] save_job called
    DATA: Array
(
    [job_id] => 46c20819-194b-439d-b6d2-7e5ec5a67c23
    [status] => running
)

[2026-01-15 15:50:35] [14 MB] [chunked_processor] Transient save result
    DATA: Array
(
    [option_name] => speed_backups_job_46c20819-194b-439d-b6d2-7e5ec5a67c23
    [success] => YES
)

[2026-01-15 15:50:35] [14 MB] [chunked_processor] Option save result
    DATA: Array
(
    [option_name] => speed_backups_job_46c20819-194b-439d-b6d2-7e5ec5a67c23
    [success] => YES
)

[2026-01-15 15:50:35] [14 MB] [chunked_processor] Save verification (direct DB)
    DATA: Array
(
    [verified] => YES
)

[2026-01-15 15:50:35] [14 MB] [chunked_processor] get_job called
    DATA: Array
(
    [job_id] => 46c20819-194b-439d-b6d2-7e5ec5a67c23
)

[2026-01-15 15:50:35] [14 MB] [chunked_processor] Transient lookup result
    DATA: Array
(
    [option_name] => speed_backups_job_46c20819-194b-439d-b6d2-7e5ec5a67c23
    [found] => YES
)

[2026-01-15 15:50:35] [14 MB] [chunked_processor] Job retrieved successfully
    DATA: Array
(
    [status] => running
    [type] => restore
)

[2026-01-15 15:50:35] [14 MB] [chunked_processor] save_job called
    DATA: Array
(
    [job_id] => 46c20819-194b-439d-b6d2-7e5ec5a67c23
    [status] => running
)

[2026-01-15 15:50:35] [14 MB] [chunked_processor] Transient save result
    DATA: Array
(
    [option_name] => speed_backups_job_46c20819-194b-439d-b6d2-7e5ec5a67c23
    [success] => YES
)

[2026-01-15 15:50:35] [14 MB] [chunked_processor] Option save result
    DATA: Array
(
    [option_name] => speed_backups_job_46c20819-194b-439d-b6d2-7e5ec5a67c23
    [success] => YES
)

[2026-01-15 15:50:35] [14 MB] [chunked_processor] Save verification (direct DB)
    DATA: Array
(
    [verified] => YES
)

[2026-01-15 15:50:35] [14 MB] [chunked_processor] get_job called
    DATA: Array
(
    [job_id] => 46c20819-194b-439d-b6d2-7e5ec5a67c23
)

[2026-01-15 15:50:35] [14 MB] [chunked_processor] Transient lookup result
    DATA: Array
(
    [option_name] => speed_backups_job_46c20819-194b-439d-b6d2-7e5ec5a67c23
    [found] => YES
)

[2026-01-15 15:50:35] [14 MB] [chunked_processor] Job retrieved successfully
    DATA: Array
(
    [status] => running
    [type] => restore
)

[2026-01-15 15:50:35] [14 MB] [chunked_processor] get_job called
    DATA: Array
(
    [job_id] => 46c20819-194b-439d-b6d2-7e5ec5a67c23
)

[2026-01-15 15:50:35] [14 MB] [chunked_processor] Transient lookup result
    DATA: Array
(
    [option_name] => speed_backups_job_46c20819-194b-439d-b6d2-7e5ec5a67c23
    [found] => YES
)

[2026-01-15 15:50:35] [14 MB] [chunked_processor] Job retrieved successfully
    DATA: Array
(
    [status] => running
    [type] => restore
)

[2026-01-15 15:50:36] [14 MB] [ERROR_HANDLER] PHP error handlers registered
[2026-01-15 15:50:36] [14 MB] [FUNCTION] >>> ENTER: process_chunk
    DATA: Array
(
    [0] => job_id
)

[2026-01-15 15:50:36] [14 MB] [chunked_processor] get_job called
    DATA: Array
(
    [job_id] => 46c20819-194b-439d-b6d2-7e5ec5a67c23
)

[2026-01-15 15:50:36] [14 MB] [chunked_processor] Transient lookup result
    DATA: Array
(
    [option_name] => speed_backups_job_46c20819-194b-439d-b6d2-7e5ec5a67c23
    [found] => YES
)

[2026-01-15 15:50:36] [14 MB] [chunked_processor] Job retrieved successfully
    DATA: Array
(
    [status] => running
    [type] => restore
)

[2026-01-15 15:50:36] [14 MB] [JOB_STATE] Job 46c20819-194b-439d-b6d2-7e5ec5a67c23 state
    DATA: Array
(
    [status] => running
    [type] => restore
    [phase] => extract
    [progress] => 36.264732547597
)

[2026-01-15 15:50:36] [14 MB] [chunked_processor] get_job called
    DATA: Array
(
    [job_id] => 46c20819-194b-439d-b6d2-7e5ec5a67c23
)

[2026-01-15 15:50:36] [14 MB] [chunked_processor] Transient lookup result
    DATA: Array
(
    [option_name] => speed_backups_job_46c20819-194b-439d-b6d2-7e5ec5a67c23
    [found] => YES
)

[2026-01-15 15:50:36] [14 MB] [chunked_processor] Job retrieved successfully
    DATA: Array
(
    [status] => running
    [type] => restore
)

[2026-01-15 15:50:36] [14 MB] [chunked_processor] get_job called
    DATA: Array
(
    [job_id] => 46c20819-194b-439d-b6d2-7e5ec5a67c23
)

[2026-01-15 15:50:36] [14 MB] [chunked_processor] Transient lookup result
    DATA: Array
(
    [option_name] => speed_backups_job_46c20819-194b-439d-b6d2-7e5ec5a67c23
    [found] => YES
)

[2026-01-15 15:50:36] [14 MB] [chunked_processor] Job retrieved successfully
    DATA: Array
(
    [status] => running
    [type] => restore
)

[2026-01-15 15:50:36] [14 MB] [chunked_processor] save_job called
    DATA: Array
(
    [job_id] => 46c20819-194b-439d-b6d2-7e5ec5a67c23
    [status] => running
)

[2026-01-15 15:50:36] [14 MB] [chunked_processor] Transient save result
    DATA: Array
(
    [option_name] => speed_backups_job_46c20819-194b-439d-b6d2-7e5ec5a67c23
    [success] => YES
)

[2026-01-15 15:50:36] [14 MB] [chunked_processor] Option save result
    DATA: Array
(
    [option_name] => speed_backups_job_46c20819-194b-439d-b6d2-7e5ec5a67c23
    [success] => YES
)

[2026-01-15 15:50:36] [14 MB] [chunked_processor] Save verification (direct DB)
    DATA: Array
(
    [verified] => YES
)

[2026-01-15 15:50:36] [14 MB] [chunked_processor] get_job called
    DATA: Array
(
    [job_id] => 46c20819-194b-439d-b6d2-7e5ec5a67c23
)

[2026-01-15 15:50:36] [14 MB] [chunked_processor] Transient lookup result
    DATA: Array
(
    [option_name] => speed_backups_job_46c20819-194b-439d-b6d2-7e5ec5a67c23
    [found] => YES
)

[2026-01-15 15:50:36] [14 MB] [chunked_processor] Job retrieved successfully
    DATA: Array
(
    [status] => running
    [type] => restore
)

[2026-01-15 15:50:36] [14 MB] [chunked_processor] save_job called
    DATA: Array
(
    [job_id] => 46c20819-194b-439d-b6d2-7e5ec5a67c23
    [status] => running
)

[2026-01-15 15:50:36] [14 MB] [chunked_processor] Transient save result
    DATA: Array
(
    [option_name] => speed_backups_job_46c20819-194b-439d-b6d2-7e5ec5a67c23
    [success] => YES
)

[2026-01-15 15:50:36] [14 MB] [chunked_processor] Option save result
    DATA: Array
(
    [option_name] => speed_backups_job_46c20819-194b-439d-b6d2-7e5ec5a67c23
    [success] => YES
)

[2026-01-15 15:50:36] [14 MB] [chunked_processor] Save verification (direct DB)
    DATA: Array
(
    [verified] => YES
)

[2026-01-15 15:50:36] [14 MB] [chunked_processor] get_job called
    DATA: Array
(
    [job_id] => 46c20819-194b-439d-b6d2-7e5ec5a67c23
)

[2026-01-15 15:50:36] [14 MB] [chunked_processor] Transient lookup result
    DATA: Array
(
    [option_name] => speed_backups_job_46c20819-194b-439d-b6d2-7e5ec5a67c23
    [found] => YES
)

[2026-01-15 15:50:36] [14 MB] [chunked_processor] Job retrieved successfully
    DATA: Array
(
    [status] => running
    [type] => restore
)

[2026-01-15 15:50:36] [14 MB] [chunked_processor] get_job called
    DATA: Array
(
    [job_id] => 46c20819-194b-439d-b6d2-7e5ec5a67c23
)

[2026-01-15 15:50:36] [14 MB] [chunked_processor] Transient lookup result
    DATA: Array
(
    [option_name] => speed_backups_job_46c20819-194b-439d-b6d2-7e5ec5a67c23
    [found] => YES
)

[2026-01-15 15:50:36] [14 MB] [chunked_processor] Job retrieved successfully
    DATA: Array
(
    [status] => running
    [type] => restore
)

[2026-01-15 15:50:37] [14 MB] [ERROR_HANDLER] PHP error handlers registered
[2026-01-15 15:50:37] [14 MB] [FUNCTION] >>> ENTER: process_chunk
    DATA: Array
(
    [0] => job_id
)

[2026-01-15 15:50:37] [14 MB] [chunked_processor] get_job called
    DATA: Array
(
    [job_id] => 46c20819-194b-439d-b6d2-7e5ec5a67c23
)

[2026-01-15 15:50:37] [14 MB] [chunked_processor] Transient lookup result
    DATA: Array
(
    [option_name] => speed_backups_job_46c20819-194b-439d-b6d2-7e5ec5a67c23
    [found] => YES
)

[2026-01-15 15:50:37] [14 MB] [chunked_processor] Job retrieved successfully
    DATA: Array
(
    [status] => running
    [type] => restore
)

[2026-01-15 15:50:37] [14 MB] [JOB_STATE] Job 46c20819-194b-439d-b6d2-7e5ec5a67c23 state
    DATA: Array
(
    [status] => running
    [type] => restore
    [phase] => extract
    [progress] => 37.559901567155
)

[2026-01-15 15:50:37] [14 MB] [chunked_processor] get_job called
    DATA: Array
(
    [job_id] => 46c20819-194b-439d-b6d2-7e5ec5a67c23
)

[2026-01-15 15:50:37] [14 MB] [chunked_processor] Transient lookup result
    DATA: Array
(
    [option_name] => speed_backups_job_46c20819-194b-439d-b6d2-7e5ec5a67c23
    [found] => YES
)

[2026-01-15 15:50:37] [14 MB] [chunked_processor] Job retrieved successfully
    DATA: Array
(
    [status] => running
    [type] => restore
)

[2026-01-15 15:50:37] [14 MB] [chunked_processor] get_job called
    DATA: Array
(
    [job_id] => 46c20819-194b-439d-b6d2-7e5ec5a67c23
)

[2026-01-15 15:50:37] [14 MB] [chunked_processor] Transient lookup result
    DATA: Array
(
    [option_name] => speed_backups_job_46c20819-194b-439d-b6d2-7e5ec5a67c23
    [found] => YES
)

[2026-01-15 15:50:37] [14 MB] [chunked_processor] Job retrieved successfully
    DATA: Array
(
    [status] => running
    [type] => restore
)

[2026-01-15 15:50:37] [14 MB] [chunked_processor] save_job called
    DATA: Array
(
    [job_id] => 46c20819-194b-439d-b6d2-7e5ec5a67c23
    [status] => running
)

[2026-01-15 15:50:37] [14 MB] [chunked_processor] Transient save result
    DATA: Array
(
    [option_name] => speed_backups_job_46c20819-194b-439d-b6d2-7e5ec5a67c23
    [success] => YES
)

[2026-01-15 15:50:37] [14 MB] [chunked_processor] Option save result
    DATA: Array
(
    [option_name] => speed_backups_job_46c20819-194b-439d-b6d2-7e5ec5a67c23
    [success] => YES
)

[2026-01-15 15:50:37] [14 MB] [chunked_processor] Save verification (direct DB)
    DATA: Array
(
    [verified] => YES
)

[2026-01-15 15:50:37] [14 MB] [chunked_processor] get_job called
    DATA: Array
(
    [job_id] => 46c20819-194b-439d-b6d2-7e5ec5a67c23
)

[2026-01-15 15:50:37] [14 MB] [chunked_processor] Transient lookup result
    DATA: Array
(
    [option_name] => speed_backups_job_46c20819-194b-439d-b6d2-7e5ec5a67c23
    [found] => YES
)

[2026-01-15 15:50:37] [14 MB] [chunked_processor] Job retrieved successfully
    DATA: Array
(
    [status] => running
    [type] => restore
)

[2026-01-15 15:50:37] [14 MB] [chunked_processor] save_job called
    DATA: Array
(
    [job_id] => 46c20819-194b-439d-b6d2-7e5ec5a67c23
    [status] => running
)

[2026-01-15 15:50:37] [14 MB] [chunked_processor] Transient save result
    DATA: Array
(
    [option_name] => speed_backups_job_46c20819-194b-439d-b6d2-7e5ec5a67c23
    [success] => YES
)

[2026-01-15 15:50:37] [14 MB] [chunked_processor] Option save result
    DATA: Array
(
    [option_name] => speed_backups_job_46c20819-194b-439d-b6d2-7e5ec5a67c23
    [success] => YES
)

[2026-01-15 15:50:37] [14 MB] [chunked_processor] Save verification (direct DB)
    DATA: Array
(
    [verified] => YES
)

[2026-01-15 15:50:37] [14 MB] [chunked_processor] get_job called
    DATA: Array
(
    [job_id] => 46c20819-194b-439d-b6d2-7e5ec5a67c23
)

[2026-01-15 15:50:37] [14 MB] [chunked_processor] Transient lookup result
    DATA: Array
(
    [option_name] => speed_backups_job_46c20819-194b-439d-b6d2-7e5ec5a67c23
    [found] => YES
)

[2026-01-15 15:50:37] [14 MB] [chunked_processor] Job retrieved successfully
    DATA: Array
(
    [status] => running
    [type] => restore
)

[2026-01-15 15:50:37] [14 MB] [chunked_processor] get_job called
    DATA: Array
(
    [job_id] => 46c20819-194b-439d-b6d2-7e5ec5a67c23
)

[2026-01-15 15:50:37] [14 MB] [chunked_processor] Transient lookup result
    DATA: Array
(
    [option_name] => speed_backups_job_46c20819-194b-439d-b6d2-7e5ec5a67c23
    [found] => YES
)

[2026-01-15 15:50:37] [14 MB] [chunked_processor] Job retrieved successfully
    DATA: Array
(
    [status] => running
    [type] => restore
)

[2026-01-15 15:50:38] [14 MB] [ERROR_HANDLER] PHP error handlers registered
[2026-01-15 15:50:38] [14 MB] [FUNCTION] >>> ENTER: process_chunk
    DATA: Array
(
    [0] => job_id
)

[2026-01-15 15:50:38] [14 MB] [chunked_processor] get_job called
    DATA: Array
(
    [job_id] => 46c20819-194b-439d-b6d2-7e5ec5a67c23
)

[2026-01-15 15:50:38] [14 MB] [chunked_processor] Transient lookup result
    DATA: Array
(
    [option_name] => speed_backups_job_46c20819-194b-439d-b6d2-7e5ec5a67c23
    [found] => YES
)

[2026-01-15 15:50:38] [14 MB] [chunked_processor] Job retrieved successfully
    DATA: Array
(
    [status] => running
    [type] => restore
)

[2026-01-15 15:50:38] [14 MB] [JOB_STATE] Job 46c20819-194b-439d-b6d2-7e5ec5a67c23 state
    DATA: Array
(
    [status] => running
    [type] => restore
    [phase] => extract
    [progress] => 38.855070586712
)

[2026-01-15 15:50:38] [14 MB] [chunked_processor] get_job called
    DATA: Array
(
    [job_id] => 46c20819-194b-439d-b6d2-7e5ec5a67c23
)

[2026-01-15 15:50:38] [14 MB] [chunked_processor] Transient lookup result
    DATA: Array
(
    [option_name] => speed_backups_job_46c20819-194b-439d-b6d2-7e5ec5a67c23
    [found] => YES
)

[2026-01-15 15:50:38] [14 MB] [chunked_processor] Job retrieved successfully
    DATA: Array
(
    [status] => running
    [type] => restore
)

[2026-01-15 15:50:38] [14 MB] [chunked_processor] get_job called
    DATA: Array
(
    [job_id] => 46c20819-194b-439d-b6d2-7e5ec5a67c23
)

[2026-01-15 15:50:38] [14 MB] [chunked_processor] Transient lookup result
    DATA: Array
(
    [option_name] => speed_backups_job_46c20819-194b-439d-b6d2-7e5ec5a67c23
    [found] => YES
)

[2026-01-15 15:50:38] [14 MB] [chunked_processor] Job retrieved successfully
    DATA: Array
(
    [status] => running
    [type] => restore
)

[2026-01-15 15:50:38] [14 MB] [chunked_processor] save_job called
    DATA: Array
(
    [job_id] => 46c20819-194b-439d-b6d2-7e5ec5a67c23
    [status] => running
)

[2026-01-15 15:50:38] [14 MB] [chunked_processor] Transient save result
    DATA: Array
(
    [option_name] => speed_backups_job_46c20819-194b-439d-b6d2-7e5ec5a67c23
    [success] => YES
)

[2026-01-15 15:50:38] [14 MB] [chunked_processor] Option save result
    DATA: Array
(
    [option_name] => speed_backups_job_46c20819-194b-439d-b6d2-7e5ec5a67c23
    [success] => YES
)

[2026-01-15 15:50:38] [14 MB] [chunked_processor] Save verification (direct DB)
    DATA: Array
(
    [verified] => YES
)

[2026-01-15 15:50:38] [14 MB] [chunked_processor] get_job called
    DATA: Array
(
    [job_id] => 46c20819-194b-439d-b6d2-7e5ec5a67c23
)

[2026-01-15 15:50:38] [14 MB] [chunked_processor] Transient lookup result
    DATA: Array
(
    [option_name] => speed_backups_job_46c20819-194b-439d-b6d2-7e5ec5a67c23
    [found] => YES
)

[2026-01-15 15:50:38] [14 MB] [chunked_processor] Job retrieved successfully
    DATA: Array
(
    [status] => running
    [type] => restore
)

[2026-01-15 15:50:38] [14 MB] [chunked_processor] save_job called
    DATA: Array
(
    [job_id] => 46c20819-194b-439d-b6d2-7e5ec5a67c23
    [status] => running
)

[2026-01-15 15:50:38] [14 MB] [chunked_processor] Transient save result
    DATA: Array
(
    [option_name] => speed_backups_job_46c20819-194b-439d-b6d2-7e5ec5a67c23
    [success] => YES
)

[2026-01-15 15:50:38] [14 MB] [chunked_processor] Option save result
    DATA: Array
(
    [option_name] => speed_backups_job_46c20819-194b-439d-b6d2-7e5ec5a67c23
    [success] => YES
)

[2026-01-15 15:50:38] [14 MB] [chunked_processor] Save verification (direct DB)
    DATA: Array
(
    [verified] => YES
)

[2026-01-15 15:50:38] [14 MB] [chunked_processor] get_job called
    DATA: Array
(
    [job_id] => 46c20819-194b-439d-b6d2-7e5ec5a67c23
)

[2026-01-15 15:50:38] [14 MB] [chunked_processor] Transient lookup result
    DATA: Array
(
    [option_name] => speed_backups_job_46c20819-194b-439d-b6d2-7e5ec5a67c23
    [found] => YES
)

[2026-01-15 15:50:38] [14 MB] [chunked_processor] Job retrieved successfully
    DATA: Array
(
    [status] => running
    [type] => restore
)

[2026-01-15 15:50:38] [14 MB] [chunked_processor] get_job called
    DATA: Array
(
    [job_id] => 46c20819-194b-439d-b6d2-7e5ec5a67c23
)

[2026-01-15 15:50:38] [14 MB] [chunked_processor] Transient lookup result
    DATA: Array
(
    [option_name] => speed_backups_job_46c20819-194b-439d-b6d2-7e5ec5a67c23
    [found] => YES
)

[2026-01-15 15:50:38] [14 MB] [chunked_processor] Job retrieved successfully
    DATA: Array
(
    [status] => running
    [type] => restore
)

[2026-01-15 15:50:39] [14 MB] [ERROR_HANDLER] PHP error handlers registered
[2026-01-15 15:50:39] [14 MB] [FUNCTION] >>> ENTER: process_chunk
    DATA: Array
(
    [0] => job_id
)

[2026-01-15 15:50:39] [14 MB] [chunked_processor] get_job called
    DATA: Array
(
    [job_id] => 46c20819-194b-439d-b6d2-7e5ec5a67c23
)

[2026-01-15 15:50:39] [14 MB] [chunked_processor] Transient lookup result
    DATA: Array
(
    [option_name] => speed_backups_job_46c20819-194b-439d-b6d2-7e5ec5a67c23
    [found] => YES
)

[2026-01-15 15:50:39] [14 MB] [chunked_processor] Job retrieved successfully
    DATA: Array
(
    [status] => running
    [type] => restore
)

[2026-01-15 15:50:39] [14 MB] [JOB_STATE] Job 46c20819-194b-439d-b6d2-7e5ec5a67c23 state
    DATA: Array
(
    [status] => running
    [type] => restore
    [phase] => extract
    [progress] => 40.150239606269
)

[2026-01-15 15:50:39] [14 MB] [chunked_processor] get_job called
    DATA: Array
(
    [job_id] => 46c20819-194b-439d-b6d2-7e5ec5a67c23
)

[2026-01-15 15:50:39] [14 MB] [chunked_processor] Transient lookup result
    DATA: Array
(
    [option_name] => speed_backups_job_46c20819-194b-439d-b6d2-7e5ec5a67c23
    [found] => YES
)

[2026-01-15 15:50:39] [14 MB] [chunked_processor] Job retrieved successfully
    DATA: Array
(
    [status] => running
    [type] => restore
)

[2026-01-15 15:50:39] [14 MB] [chunked_processor] get_job called
    DATA: Array
(
    [job_id] => 46c20819-194b-439d-b6d2-7e5ec5a67c23
)

[2026-01-15 15:50:39] [14 MB] [chunked_processor] Transient lookup result
    DATA: Array
(
    [option_name] => speed_backups_job_46c20819-194b-439d-b6d2-7e5ec5a67c23
    [found] => YES
)

[2026-01-15 15:50:39] [14 MB] [chunked_processor] Job retrieved successfully
    DATA: Array
(
    [status] => running
    [type] => restore
)

[2026-01-15 15:50:39] [14 MB] [chunked_processor] save_job called
    DATA: Array
(
    [job_id] => 46c20819-194b-439d-b6d2-7e5ec5a67c23
    [status] => running
)

[2026-01-15 15:50:39] [14 MB] [chunked_processor] Transient save result
    DATA: Array
(
    [option_name] => speed_backups_job_46c20819-194b-439d-b6d2-7e5ec5a67c23
    [success] => YES
)

[2026-01-15 15:50:39] [14 MB] [chunked_processor] Option save result
    DATA: Array
(
    [option_name] => speed_backups_job_46c20819-194b-439d-b6d2-7e5ec5a67c23
    [success] => YES
)

[2026-01-15 15:50:39] [14 MB] [chunked_processor] Save verification (direct DB)
    DATA: Array
(
    [verified] => YES
)

[2026-01-15 15:50:39] [14 MB] [chunked_processor] get_job called
    DATA: Array
(
    [job_id] => 46c20819-194b-439d-b6d2-7e5ec5a67c23
)

[2026-01-15 15:50:39] [14 MB] [chunked_processor] Transient lookup result
    DATA: Array
(
    [option_name] => speed_backups_job_46c20819-194b-439d-b6d2-7e5ec5a67c23
    [found] => YES
)

[2026-01-15 15:50:39] [14 MB] [chunked_processor] Job retrieved successfully
    DATA: Array
(
    [status] => running
    [type] => restore
)

[2026-01-15 15:50:39] [14 MB] [chunked_processor] save_job called
    DATA: Array
(
    [job_id] => 46c20819-194b-439d-b6d2-7e5ec5a67c23
    [status] => running
)

[2026-01-15 15:50:39] [14 MB] [chunked_processor] Transient save result
    DATA: Array
(
    [option_name] => speed_backups_job_46c20819-194b-439d-b6d2-7e5ec5a67c23
    [success] => YES
)

[2026-01-15 15:50:39] [14 MB] [chunked_processor] Option save result
    DATA: Array
(
    [option_name] => speed_backups_job_46c20819-194b-439d-b6d2-7e5ec5a67c23
    [success] => YES
)

[2026-01-15 15:50:39] [14 MB] [chunked_processor] Save verification (direct DB)
    DATA: Array
(
    [verified] => YES
)

[2026-01-15 15:50:39] [14 MB] [chunked_processor] get_job called
    DATA: Array
(
    [job_id] => 46c20819-194b-439d-b6d2-7e5ec5a67c23
)

[2026-01-15 15:50:39] [14 MB] [chunked_processor] Transient lookup result
    DATA: Array
(
    [option_name] => speed_backups_job_46c20819-194b-439d-b6d2-7e5ec5a67c23
    [found] => YES
)

[2026-01-15 15:50:39] [14 MB] [chunked_processor] Job retrieved successfully
    DATA: Array
(
    [status] => running
    [type] => restore
)

[2026-01-15 15:50:39] [14 MB] [chunked_processor] get_job called
    DATA: Array
(
    [job_id] => 46c20819-194b-439d-b6d2-7e5ec5a67c23
)

[2026-01-15 15:50:39] [14 MB] [chunked_processor] Transient lookup result
    DATA: Array
(
    [option_name] => speed_backups_job_46c20819-194b-439d-b6d2-7e5ec5a67c23
    [found] => YES
)

[2026-01-15 15:50:39] [14 MB] [chunked_processor] Job retrieved successfully
    DATA: Array
(
    [status] => running
    [type] => restore
)

[2026-01-15 15:50:40] [14 MB] [ERROR_HANDLER] PHP error handlers registered
[2026-01-15 15:50:40] [14 MB] [FUNCTION] >>> ENTER: process_chunk
    DATA: Array
(
    [0] => job_id
)

[2026-01-15 15:50:40] [14 MB] [chunked_processor] get_job called
    DATA: Array
(
    [job_id] => 46c20819-194b-439d-b6d2-7e5ec5a67c23
)

[2026-01-15 15:50:40] [14 MB] [chunked_processor] Transient lookup result
    DATA: Array
(
    [option_name] => speed_backups_job_46c20819-194b-439d-b6d2-7e5ec5a67c23
    [found] => YES
)

[2026-01-15 15:50:40] [14 MB] [chunked_processor] Job retrieved successfully
    DATA: Array
(
    [status] => running
    [type] => restore
)

[2026-01-15 15:50:40] [14 MB] [JOB_STATE] Job 46c20819-194b-439d-b6d2-7e5ec5a67c23 state
    DATA: Array
(
    [status] => running
    [type] => restore
    [phase] => extract
    [progress] => 41.445408625826
)

[2026-01-15 15:50:40] [14 MB] [chunked_processor] get_job called
    DATA: Array
(
    [job_id] => 46c20819-194b-439d-b6d2-7e5ec5a67c23
)

[2026-01-15 15:50:40] [14 MB] [chunked_processor] Transient lookup result
    DATA: Array
(
    [option_name] => speed_backups_job_46c20819-194b-439d-b6d2-7e5ec5a67c23
    [found] => YES
)

[2026-01-15 15:50:40] [14 MB] [chunked_processor] Job retrieved successfully
    DATA: Array
(
    [status] => running
    [type] => restore
)

[2026-01-15 15:50:40] [14 MB] [chunked_processor] get_job called
    DATA: Array
(
    [job_id] => 46c20819-194b-439d-b6d2-7e5ec5a67c23
)

[2026-01-15 15:50:40] [14 MB] [chunked_processor] Transient lookup result
    DATA: Array
(
    [option_name] => speed_backups_job_46c20819-194b-439d-b6d2-7e5ec5a67c23
    [found] => YES
)

[2026-01-15 15:50:40] [14 MB] [chunked_processor] Job retrieved successfully
    DATA: Array
(
    [status] => running
    [type] => restore
)

[2026-01-15 15:50:40] [14 MB] [chunked_processor] save_job called
    DATA: Array
(
    [job_id] => 46c20819-194b-439d-b6d2-7e5ec5a67c23
    [status] => running
)

[2026-01-15 15:50:40] [14 MB] [chunked_processor] Transient save result
    DATA: Array
(
    [option_name] => speed_backups_job_46c20819-194b-439d-b6d2-7e5ec5a67c23
    [success] => YES
)

[2026-01-15 15:50:40] [14 MB] [chunked_processor] Option save result
    DATA: Array
(
    [option_name] => speed_backups_job_46c20819-194b-439d-b6d2-7e5ec5a67c23
    [success] => YES
)

[2026-01-15 15:50:40] [14 MB] [chunked_processor] Save verification (direct DB)
    DATA: Array
(
    [verified] => YES
)

[2026-01-15 15:50:40] [14 MB] [chunked_processor] get_job called
    DATA: Array
(
    [job_id] => 46c20819-194b-439d-b6d2-7e5ec5a67c23
)

[2026-01-15 15:50:40] [14 MB] [chunked_processor] Transient lookup result
    DATA: Array
(
    [option_name] => speed_backups_job_46c20819-194b-439d-b6d2-7e5ec5a67c23
    [found] => YES
)

[2026-01-15 15:50:40] [14 MB] [chunked_processor] Job retrieved successfully
    DATA: Array
(
    [status] => running
    [type] => restore
)

[2026-01-15 15:50:40] [14 MB] [chunked_processor] save_job called
    DATA: Array
(
    [job_id] => 46c20819-194b-439d-b6d2-7e5ec5a67c23
    [status] => running
)

[2026-01-15 15:50:40] [14 MB] [chunked_processor] Transient save result
    DATA: Array
(
    [option_name] => speed_backups_job_46c20819-194b-439d-b6d2-7e5ec5a67c23
    [success] => YES
)

[2026-01-15 15:50:40] [14 MB] [chunked_processor] Option save result
    DATA: Array
(
    [option_name] => speed_backups_job_46c20819-194b-439d-b6d2-7e5ec5a67c23
    [success] => YES
)

[2026-01-15 15:50:40] [14 MB] [chunked_processor] Save verification (direct DB)
    DATA: Array
(
    [verified] => YES
)

[2026-01-15 15:50:40] [14 MB] [chunked_processor] get_job called
    DATA: Array
(
    [job_id] => 46c20819-194b-439d-b6d2-7e5ec5a67c23
)

[2026-01-15 15:50:40] [14 MB] [chunked_processor] Transient lookup result
    DATA: Array
(
    [option_name] => speed_backups_job_46c20819-194b-439d-b6d2-7e5ec5a67c23
    [found] => YES
)

[2026-01-15 15:50:40] [14 MB] [chunked_processor] Job retrieved successfully
    DATA: Array
(
    [status] => running
    [type] => restore
)

[2026-01-15 15:50:40] [14 MB] [chunked_processor] get_job called
    DATA: Array
(
    [job_id] => 46c20819-194b-439d-b6d2-7e5ec5a67c23
)

[2026-01-15 15:50:40] [14 MB] [chunked_processor] Transient lookup result
    DATA: Array
(
    [option_name] => speed_backups_job_46c20819-194b-439d-b6d2-7e5ec5a67c23
    [found] => YES
)

[2026-01-15 15:50:40] [14 MB] [chunked_processor] Job retrieved successfully
    DATA: Array
(
    [status] => running
    [type] => restore
)

[2026-01-15 15:50:41] [14 MB] [ERROR_HANDLER] PHP error handlers registered
[2026-01-15 15:50:41] [14 MB] [FUNCTION] >>> ENTER: process_chunk
    DATA: Array
(
    [0] => job_id
)

[2026-01-15 15:50:41] [14 MB] [chunked_processor] get_job called
    DATA: Array
(
    [job_id] => 46c20819-194b-439d-b6d2-7e5ec5a67c23
)

[2026-01-15 15:50:41] [14 MB] [chunked_processor] Transient lookup result
    DATA: Array
(
    [option_name] => speed_backups_job_46c20819-194b-439d-b6d2-7e5ec5a67c23
    [found] => YES
)

[2026-01-15 15:50:41] [14 MB] [chunked_processor] Job retrieved successfully
    DATA: Array
(
    [status] => running
    [type] => restore
)

[2026-01-15 15:50:41] [14 MB] [JOB_STATE] Job 46c20819-194b-439d-b6d2-7e5ec5a67c23 state
    DATA: Array
(
    [status] => running
    [type] => restore
    [phase] => extract
    [progress] => 42.740577645383
)

[2026-01-15 15:50:41] [14 MB] [chunked_processor] get_job called
    DATA: Array
(
    [job_id] => 46c20819-194b-439d-b6d2-7e5ec5a67c23
)

[2026-01-15 15:50:41] [14 MB] [chunked_processor] Transient lookup result
    DATA: Array
(
    [option_name] => speed_backups_job_46c20819-194b-439d-b6d2-7e5ec5a67c23
    [found] => YES
)

[2026-01-15 15:50:41] [14 MB] [chunked_processor] Job retrieved successfully
    DATA: Array
(
    [status] => running
    [type] => restore
)

[2026-01-15 15:50:41] [14 MB] [chunked_processor] get_job called
    DATA: Array
(
    [job_id] => 46c20819-194b-439d-b6d2-7e5ec5a67c23
)

[2026-01-15 15:50:41] [14 MB] [chunked_processor] Transient lookup result
    DATA: Array
(
    [option_name] => speed_backups_job_46c20819-194b-439d-b6d2-7e5ec5a67c23
    [found] => YES
)

[2026-01-15 15:50:41] [14 MB] [chunked_processor] Job retrieved successfully
    DATA: Array
(
    [status] => running
    [type] => restore
)

[2026-01-15 15:50:41] [14 MB] [chunked_processor] save_job called
    DATA: Array
(
    [job_id] => 46c20819-194b-439d-b6d2-7e5ec5a67c23
    [status] => running
)

[2026-01-15 15:50:41] [14 MB] [chunked_processor] Transient save result
    DATA: Array
(
    [option_name] => speed_backups_job_46c20819-194b-439d-b6d2-7e5ec5a67c23
    [success] => YES
)

[2026-01-15 15:50:41] [14 MB] [chunked_processor] Option save result
    DATA: Array
(
    [option_name] => speed_backups_job_46c20819-194b-439d-b6d2-7e5ec5a67c23
    [success] => YES
)

[2026-01-15 15:50:41] [14 MB] [chunked_processor] Save verification (direct DB)
    DATA: Array
(
    [verified] => YES
)

[2026-01-15 15:50:41] [14 MB] [chunked_processor] get_job called
    DATA: Array
(
    [job_id] => 46c20819-194b-439d-b6d2-7e5ec5a67c23
)

[2026-01-15 15:50:41] [14 MB] [chunked_processor] Transient lookup result
    DATA: Array
(
    [option_name] => speed_backups_job_46c20819-194b-439d-b6d2-7e5ec5a67c23
    [found] => YES
)

[2026-01-15 15:50:41] [14 MB] [chunked_processor] Job retrieved successfully
    DATA: Array
(
    [status] => running
    [type] => restore
)

[2026-01-15 15:50:41] [14 MB] [chunked_processor] save_job called
    DATA: Array
(
    [job_id] => 46c20819-194b-439d-b6d2-7e5ec5a67c23
    [status] => running
)

[2026-01-15 15:50:41] [14 MB] [chunked_processor] Transient save result
    DATA: Array
(
    [option_name] => speed_backups_job_46c20819-194b-439d-b6d2-7e5ec5a67c23
    [success] => YES
)

[2026-01-15 15:50:41] [14 MB] [chunked_processor] Option save result
    DATA: Array
(
    [option_name] => speed_backups_job_46c20819-194b-439d-b6d2-7e5ec5a67c23
    [success] => YES
)

[2026-01-15 15:50:41] [14 MB] [chunked_processor] Save verification (direct DB)
    DATA: Array
(
    [verified] => YES
)

[2026-01-15 15:50:41] [14 MB] [chunked_processor] get_job called
    DATA: Array
(
    [job_id] => 46c20819-194b-439d-b6d2-7e5ec5a67c23
)

[2026-01-15 15:50:41] [14 MB] [chunked_processor] Transient lookup result
    DATA: Array
(
    [option_name] => speed_backups_job_46c20819-194b-439d-b6d2-7e5ec5a67c23
    [found] => YES
)

[2026-01-15 15:50:41] [14 MB] [chunked_processor] Job retrieved successfully
    DATA: Array
(
    [status] => running
    [type] => restore
)

[2026-01-15 15:50:41] [14 MB] [chunked_processor] get_job called
    DATA: Array
(
    [job_id] => 46c20819-194b-439d-b6d2-7e5ec5a67c23
)

[2026-01-15 15:50:41] [14 MB] [chunked_processor] Transient lookup result
    DATA: Array
(
    [option_name] => speed_backups_job_46c20819-194b-439d-b6d2-7e5ec5a67c23
    [found] => YES
)

[2026-01-15 15:50:41] [14 MB] [chunked_processor] Job retrieved successfully
    DATA: Array
(
    [status] => running
    [type] => restore
)

[2026-01-15 15:50:42] [14 MB] [ERROR_HANDLER] PHP error handlers registered
[2026-01-15 15:50:42] [14 MB] [FUNCTION] >>> ENTER: process_chunk
    DATA: Array
(
    [0] => job_id
)

[2026-01-15 15:50:42] [14 MB] [chunked_processor] get_job called
    DATA: Array
(
    [job_id] => 46c20819-194b-439d-b6d2-7e5ec5a67c23
)

[2026-01-15 15:50:42] [14 MB] [chunked_processor] Transient lookup result
    DATA: Array
(
    [option_name] => speed_backups_job_46c20819-194b-439d-b6d2-7e5ec5a67c23
    [found] => YES
)

[2026-01-15 15:50:42] [14 MB] [chunked_processor] Job retrieved successfully
    DATA: Array
(
    [status] => running
    [type] => restore
)

[2026-01-15 15:50:42] [14 MB] [JOB_STATE] Job 46c20819-194b-439d-b6d2-7e5ec5a67c23 state
    DATA: Array
(
    [status] => running
    [type] => restore
    [phase] => extract
    [progress] => 44.03574666494
)

[2026-01-15 15:50:42] [14 MB] [chunked_processor] get_job called
    DATA: Array
(
    [job_id] => 46c20819-194b-439d-b6d2-7e5ec5a67c23
)

[2026-01-15 15:50:42] [14 MB] [chunked_processor] Transient lookup result
    DATA: Array
(
    [option_name] => speed_backups_job_46c20819-194b-439d-b6d2-7e5ec5a67c23
    [found] => YES
)

[2026-01-15 15:50:42] [14 MB] [chunked_processor] Job retrieved successfully
    DATA: Array
(
    [status] => running
    [type] => restore
)

[2026-01-15 15:50:42] [14 MB] [chunked_processor] get_job called
    DATA: Array
(
    [job_id] => 46c20819-194b-439d-b6d2-7e5ec5a67c23
)

[2026-01-15 15:50:42] [14 MB] [chunked_processor] Transient lookup result
    DATA: Array
(
    [option_name] => speed_backups_job_46c20819-194b-439d-b6d2-7e5ec5a67c23
    [found] => YES
)

[2026-01-15 15:50:42] [14 MB] [chunked_processor] Job retrieved successfully
    DATA: Array
(
    [status] => running
    [type] => restore
)

[2026-01-15 15:50:42] [14 MB] [chunked_processor] save_job called
    DATA: Array
(
    [job_id] => 46c20819-194b-439d-b6d2-7e5ec5a67c23
    [status] => running
)

[2026-01-15 15:50:42] [14 MB] [chunked_processor] Transient save result
    DATA: Array
(
    [option_name] => speed_backups_job_46c20819-194b-439d-b6d2-7e5ec5a67c23
    [success] => YES
)

[2026-01-15 15:50:42] [14 MB] [chunked_processor] Option save result
    DATA: Array
(
    [option_name] => speed_backups_job_46c20819-194b-439d-b6d2-7e5ec5a67c23
    [success] => YES
)

[2026-01-15 15:50:42] [14 MB] [chunked_processor] Save verification (direct DB)
    DATA: Array
(
    [verified] => YES
)

[2026-01-15 15:50:42] [14 MB] [chunked_processor] get_job called
    DATA: Array
(
    [job_id] => 46c20819-194b-439d-b6d2-7e5ec5a67c23
)

[2026-01-15 15:50:42] [14 MB] [chunked_processor] Transient lookup result
    DATA: Array
(
    [option_name] => speed_backups_job_46c20819-194b-439d-b6d2-7e5ec5a67c23
    [found] => YES
)

[2026-01-15 15:50:42] [14 MB] [chunked_processor] Job retrieved successfully
    DATA: Array
(
    [status] => running
    [type] => restore
)

[2026-01-15 15:50:42] [14 MB] [chunked_processor] save_job called
    DATA: Array
(
    [job_id] => 46c20819-194b-439d-b6d2-7e5ec5a67c23
    [status] => running
)

[2026-01-15 15:50:42] [14 MB] [chunked_processor] Transient save result
    DATA: Array
(
    [option_name] => speed_backups_job_46c20819-194b-439d-b6d2-7e5ec5a67c23
    [success] => YES
)

[2026-01-15 15:50:42] [14 MB] [chunked_processor] Option save result
    DATA: Array
(
    [option_name] => speed_backups_job_46c20819-194b-439d-b6d2-7e5ec5a67c23
    [success] => YES
)

[2026-01-15 15:50:42] [14 MB] [chunked_processor] Save verification (direct DB)
    DATA: Array
(
    [verified] => YES
)

[2026-01-15 15:50:42] [14 MB] [chunked_processor] get_job called
    DATA: Array
(
    [job_id] => 46c20819-194b-439d-b6d2-7e5ec5a67c23
)

[2026-01-15 15:50:42] [14 MB] [chunked_processor] Transient lookup result
    DATA: Array
(
    [option_name] => speed_backups_job_46c20819-194b-439d-b6d2-7e5ec5a67c23
    [found] => YES
)

[2026-01-15 15:50:42] [14 MB] [chunked_processor] Job retrieved successfully
    DATA: Array
(
    [status] => running
    [type] => restore
)

[2026-01-15 15:50:42] [14 MB] [chunked_processor] get_job called
    DATA: Array
(
    [job_id] => 46c20819-194b-439d-b6d2-7e5ec5a67c23
)

[2026-01-15 15:50:42] [14 MB] [chunked_processor] Transient lookup result
    DATA: Array
(
    [option_name] => speed_backups_job_46c20819-194b-439d-b6d2-7e5ec5a67c23
    [found] => YES
)

[2026-01-15 15:50:42] [14 MB] [chunked_processor] Job retrieved successfully
    DATA: Array
(
    [status] => running
    [type] => restore
)

[2026-01-15 15:50:43] [14 MB] [ERROR_HANDLER] PHP error handlers registered
[2026-01-15 15:50:43] [14 MB] [FUNCTION] >>> ENTER: process_chunk
    DATA: Array
(
    [0] => job_id
)

[2026-01-15 15:50:43] [14 MB] [chunked_processor] get_job called
    DATA: Array
(
    [job_id] => 46c20819-194b-439d-b6d2-7e5ec5a67c23
)

[2026-01-15 15:50:43] [14 MB] [chunked_processor] Transient lookup result
    DATA: Array
(
    [option_name] => speed_backups_job_46c20819-194b-439d-b6d2-7e5ec5a67c23
    [found] => YES
)

[2026-01-15 15:50:43] [14 MB] [chunked_processor] Job retrieved successfully
    DATA: Array
(
    [status] => running
    [type] => restore
)

[2026-01-15 15:50:43] [14 MB] [JOB_STATE] Job 46c20819-194b-439d-b6d2-7e5ec5a67c23 state
    DATA: Array
(
    [status] => running
    [type] => restore
    [phase] => extract
    [progress] => 45.330915684497
)

[2026-01-15 15:50:43] [14 MB] [chunked_processor] get_job called
    DATA: Array
(
    [job_id] => 46c20819-194b-439d-b6d2-7e5ec5a67c23
)

[2026-01-15 15:50:43] [14 MB] [chunked_processor] Transient lookup result
    DATA: Array
(
    [option_name] => speed_backups_job_46c20819-194b-439d-b6d2-7e5ec5a67c23
    [found] => YES
)

[2026-01-15 15:50:43] [14 MB] [chunked_processor] Job retrieved successfully
    DATA: Array
(
    [status] => running
    [type] => restore
)

[2026-01-15 15:50:43] [14 MB] [chunked_processor] get_job called
    DATA: Array
(
    [job_id] => 46c20819-194b-439d-b6d2-7e5ec5a67c23
)

[2026-01-15 15:50:43] [14 MB] [chunked_processor] Transient lookup result
    DATA: Array
(
    [option_name] => speed_backups_job_46c20819-194b-439d-b6d2-7e5ec5a67c23
    [found] => YES
)

[2026-01-15 15:50:43] [14 MB] [chunked_processor] Job retrieved successfully
    DATA: Array
(
    [status] => running
    [type] => restore
)

[2026-01-15 15:50:43] [14 MB] [chunked_processor] save_job called
    DATA: Array
(
    [job_id] => 46c20819-194b-439d-b6d2-7e5ec5a67c23
    [status] => running
)

[2026-01-15 15:50:43] [14 MB] [chunked_processor] Transient save result
    DATA: Array
(
    [option_name] => speed_backups_job_46c20819-194b-439d-b6d2-7e5ec5a67c23
    [success] => YES
)

[2026-01-15 15:50:43] [14 MB] [chunked_processor] Option save result
    DATA: Array
(
    [option_name] => speed_backups_job_46c20819-194b-439d-b6d2-7e5ec5a67c23
    [success] => YES
)

[2026-01-15 15:50:43] [14 MB] [chunked_processor] Save verification (direct DB)
    DATA: Array
(
    [verified] => YES
)

[2026-01-15 15:50:43] [14 MB] [chunked_processor] get_job called
    DATA: Array
(
    [job_id] => 46c20819-194b-439d-b6d2-7e5ec5a67c23
)

[2026-01-15 15:50:43] [14 MB] [chunked_processor] Transient lookup result
    DATA: Array
(
    [option_name] => speed_backups_job_46c20819-194b-439d-b6d2-7e5ec5a67c23
    [found] => YES
)

[2026-01-15 15:50:43] [14 MB] [chunked_processor] Job retrieved successfully
    DATA: Array
(
    [status] => running
    [type] => restore
)

[2026-01-15 15:50:43] [14 MB] [chunked_processor] save_job called
    DATA: Array
(
    [job_id] => 46c20819-194b-439d-b6d2-7e5ec5a67c23
    [status] => running
)

[2026-01-15 15:50:43] [14 MB] [chunked_processor] Transient save result
    DATA: Array
(
    [option_name] => speed_backups_job_46c20819-194b-439d-b6d2-7e5ec5a67c23
    [success] => YES
)

[2026-01-15 15:50:43] [14 MB] [chunked_processor] Option save result
    DATA: Array
(
    [option_name] => speed_backups_job_46c20819-194b-439d-b6d2-7e5ec5a67c23
    [success] => YES
)

[2026-01-15 15:50:43] [14 MB] [chunked_processor] Save verification (direct DB)
    DATA: Array
(
    [verified] => YES
)

[2026-01-15 15:50:43] [14 MB] [chunked_processor] get_job called
    DATA: Array
(
    [job_id] => 46c20819-194b-439d-b6d2-7e5ec5a67c23
)

[2026-01-15 15:50:43] [14 MB] [chunked_processor] Transient lookup result
    DATA: Array
(
    [option_name] => speed_backups_job_46c20819-194b-439d-b6d2-7e5ec5a67c23
    [found] => YES
)

[2026-01-15 15:50:43] [14 MB] [chunked_processor] Job retrieved successfully
    DATA: Array
(
    [status] => running
    [type] => restore
)

[2026-01-15 15:50:43] [14 MB] [chunked_processor] get_job called
    DATA: Array
(
    [job_id] => 46c20819-194b-439d-b6d2-7e5ec5a67c23
)

[2026-01-15 15:50:43] [14 MB] [chunked_processor] Transient lookup result
    DATA: Array
(
    [option_name] => speed_backups_job_46c20819-194b-439d-b6d2-7e5ec5a67c23
    [found] => YES
)

[2026-01-15 15:50:43] [14 MB] [chunked_processor] Job retrieved successfully
    DATA: Array
(
    [status] => running
    [type] => restore
)

[2026-01-15 15:50:44] [14 MB] [ERROR_HANDLER] PHP error handlers registered
[2026-01-15 15:50:44] [14 MB] [FUNCTION] >>> ENTER: process_chunk
    DATA: Array
(
    [0] => job_id
)

[2026-01-15 15:50:44] [14 MB] [chunked_processor] get_job called
    DATA: Array
(
    [job_id] => 46c20819-194b-439d-b6d2-7e5ec5a67c23
)

[2026-01-15 15:50:44] [14 MB] [chunked_processor] Transient lookup result
    DATA: Array
(
    [option_name] => speed_backups_job_46c20819-194b-439d-b6d2-7e5ec5a67c23
    [found] => YES
)

[2026-01-15 15:50:44] [14 MB] [chunked_processor] Job retrieved successfully
    DATA: Array
(
    [status] => running
    [type] => restore
)

[2026-01-15 15:50:44] [14 MB] [JOB_STATE] Job 46c20819-194b-439d-b6d2-7e5ec5a67c23 state
    DATA: Array
(
    [status] => running
    [type] => restore
    [phase] => extract
    [progress] => 46.626084704054
)

[2026-01-15 15:50:44] [14 MB] [chunked_processor] get_job called
    DATA: Array
(
    [job_id] => 46c20819-194b-439d-b6d2-7e5ec5a67c23
)

[2026-01-15 15:50:44] [14 MB] [chunked_processor] Transient lookup result
    DATA: Array
(
    [option_name] => speed_backups_job_46c20819-194b-439d-b6d2-7e5ec5a67c23
    [found] => YES
)

[2026-01-15 15:50:44] [14 MB] [chunked_processor] Job retrieved successfully
    DATA: Array
(
    [status] => running
    [type] => restore
)

[2026-01-15 15:50:44] [14 MB] [chunked_processor] get_job called
    DATA: Array
(
    [job_id] => 46c20819-194b-439d-b6d2-7e5ec5a67c23
)

[2026-01-15 15:50:44] [14 MB] [chunked_processor] Transient lookup result
    DATA: Array
(
    [option_name] => speed_backups_job_46c20819-194b-439d-b6d2-7e5ec5a67c23
    [found] => YES
)

[2026-01-15 15:50:44] [14 MB] [chunked_processor] Job retrieved successfully
    DATA: Array
(
    [status] => running
    [type] => restore
)

[2026-01-15 15:50:44] [14 MB] [chunked_processor] save_job called
    DATA: Array
(
    [job_id] => 46c20819-194b-439d-b6d2-7e5ec5a67c23
    [status] => running
)

[2026-01-15 15:50:44] [14 MB] [chunked_processor] Transient save result
    DATA: Array
(
    [option_name] => speed_backups_job_46c20819-194b-439d-b6d2-7e5ec5a67c23
    [success] => YES
)

[2026-01-15 15:50:44] [14 MB] [chunked_processor] Option save result
    DATA: Array
(
    [option_name] => speed_backups_job_46c20819-194b-439d-b6d2-7e5ec5a67c23
    [success] => YES
)

[2026-01-15 15:50:44] [14 MB] [chunked_processor] Save verification (direct DB)
    DATA: Array
(
    [verified] => YES
)

[2026-01-15 15:50:44] [14 MB] [chunked_processor] get_job called
    DATA: Array
(
    [job_id] => 46c20819-194b-439d-b6d2-7e5ec5a67c23
)

[2026-01-15 15:50:44] [14 MB] [chunked_processor] Transient lookup result
    DATA: Array
(
    [option_name] => speed_backups_job_46c20819-194b-439d-b6d2-7e5ec5a67c23
    [found] => YES
)

[2026-01-15 15:50:44] [14 MB] [chunked_processor] Job retrieved successfully
    DATA: Array
(
    [status] => running
    [type] => restore
)

[2026-01-15 15:50:44] [14 MB] [chunked_processor] save_job called
    DATA: Array
(
    [job_id] => 46c20819-194b-439d-b6d2-7e5ec5a67c23
    [status] => running
)

[2026-01-15 15:50:44] [14 MB] [chunked_processor] Transient save result
    DATA: Array
(
    [option_name] => speed_backups_job_46c20819-194b-439d-b6d2-7e5ec5a67c23
    [success] => YES
)

[2026-01-15 15:50:44] [14 MB] [chunked_processor] Option save result
    DATA: Array
(
    [option_name] => speed_backups_job_46c20819-194b-439d-b6d2-7e5ec5a67c23
    [success] => YES
)

[2026-01-15 15:50:44] [14 MB] [chunked_processor] Save verification (direct DB)
    DATA: Array
(
    [verified] => YES
)

[2026-01-15 15:50:44] [14 MB] [chunked_processor] get_job called
    DATA: Array
(
    [job_id] => 46c20819-194b-439d-b6d2-7e5ec5a67c23
)

[2026-01-15 15:50:44] [14 MB] [chunked_processor] Transient lookup result
    DATA: Array
(
    [option_name] => speed_backups_job_46c20819-194b-439d-b6d2-7e5ec5a67c23
    [found] => YES
)

[2026-01-15 15:50:44] [14 MB] [chunked_processor] Job retrieved successfully
    DATA: Array
(
    [status] => running
    [type] => restore
)

[2026-01-15 15:50:44] [14 MB] [chunked_processor] get_job called
    DATA: Array
(
    [job_id] => 46c20819-194b-439d-b6d2-7e5ec5a67c23
)

[2026-01-15 15:50:44] [14 MB] [chunked_processor] Transient lookup result
    DATA: Array
(
    [option_name] => speed_backups_job_46c20819-194b-439d-b6d2-7e5ec5a67c23
    [found] => YES
)

[2026-01-15 15:50:44] [14 MB] [chunked_processor] Job retrieved successfully
    DATA: Array
(
    [status] => running
    [type] => restore
)

[2026-01-15 15:50:45] [14 MB] [ERROR_HANDLER] PHP error handlers registered
[2026-01-15 15:50:45] [14 MB] [FUNCTION] >>> ENTER: process_chunk
    DATA: Array
(
    [0] => job_id
)

[2026-01-15 15:50:45] [14 MB] [chunked_processor] get_job called
    DATA: Array
(
    [job_id] => 46c20819-194b-439d-b6d2-7e5ec5a67c23
)

[2026-01-15 15:50:45] [14 MB] [chunked_processor] Transient lookup result
    DATA: Array
(
    [option_name] => speed_backups_job_46c20819-194b-439d-b6d2-7e5ec5a67c23
    [found] => YES
)

[2026-01-15 15:50:45] [14 MB] [chunked_processor] Job retrieved successfully
    DATA: Array
(
    [status] => running
    [type] => restore
)

[2026-01-15 15:50:45] [14 MB] [JOB_STATE] Job 46c20819-194b-439d-b6d2-7e5ec5a67c23 state
    DATA: Array
(
    [status] => running
    [type] => restore
    [phase] => extract
    [progress] => 47.921253723611
)

[2026-01-15 15:50:45] [14 MB] [chunked_processor] get_job called
    DATA: Array
(
    [job_id] => 46c20819-194b-439d-b6d2-7e5ec5a67c23
)

[2026-01-15 15:50:45] [14 MB] [chunked_processor] Transient lookup result
    DATA: Array
(
    [option_name] => speed_backups_job_46c20819-194b-439d-b6d2-7e5ec5a67c23
    [found] => YES
)

[2026-01-15 15:50:45] [14 MB] [chunked_processor] Job retrieved successfully
    DATA: Array
(
    [status] => running
    [type] => restore
)

[2026-01-15 15:50:45] [14 MB] [chunked_processor] get_job called
    DATA: Array
(
    [job_id] => 46c20819-194b-439d-b6d2-7e5ec5a67c23
)

[2026-01-15 15:50:45] [14 MB] [chunked_processor] Transient lookup result
    DATA: Array
(
    [option_name] => speed_backups_job_46c20819-194b-439d-b6d2-7e5ec5a67c23
    [found] => YES
)

[2026-01-15 15:50:45] [14 MB] [chunked_processor] Job retrieved successfully
    DATA: Array
(
    [status] => running
    [type] => restore
)

[2026-01-15 15:50:45] [14 MB] [chunked_processor] save_job called
    DATA: Array
(
    [job_id] => 46c20819-194b-439d-b6d2-7e5ec5a67c23
    [status] => running
)

[2026-01-15 15:50:45] [14 MB] [chunked_processor] Transient save result
    DATA: Array
(
    [option_name] => speed_backups_job_46c20819-194b-439d-b6d2-7e5ec5a67c23
    [success] => YES
)

[2026-01-15 15:50:45] [14 MB] [chunked_processor] Option save result
    DATA: Array
(
    [option_name] => speed_backups_job_46c20819-194b-439d-b6d2-7e5ec5a67c23
    [success] => YES
)

[2026-01-15 15:50:45] [14 MB] [chunked_processor] Save verification (direct DB)
    DATA: Array
(
    [verified] => YES
)

[2026-01-15 15:50:45] [14 MB] [chunked_processor] get_job called
    DATA: Array
(
    [job_id] => 46c20819-194b-439d-b6d2-7e5ec5a67c23
)

[2026-01-15 15:50:45] [14 MB] [chunked_processor] Transient lookup result
    DATA: Array
(
    [option_name] => speed_backups_job_46c20819-194b-439d-b6d2-7e5ec5a67c23
    [found] => YES
)

[2026-01-15 15:50:45] [14 MB] [chunked_processor] Job retrieved successfully
    DATA: Array
(
    [status] => running
    [type] => restore
)

[2026-01-15 15:50:45] [14 MB] [chunked_processor] save_job called
    DATA: Array
(
    [job_id] => 46c20819-194b-439d-b6d2-7e5ec5a67c23
    [status] => running
)

[2026-01-15 15:50:45] [14 MB] [chunked_processor] Transient save result
    DATA: Array
(
    [option_name] => speed_backups_job_46c20819-194b-439d-b6d2-7e5ec5a67c23
    [success] => YES
)

[2026-01-15 15:50:45] [14 MB] [chunked_processor] Option save result
    DATA: Array
(
    [option_name] => speed_backups_job_46c20819-194b-439d-b6d2-7e5ec5a67c23
    [success] => YES
)

[2026-01-15 15:50:45] [14 MB] [chunked_processor] Save verification (direct DB)
    DATA: Array
(
    [verified] => YES
)

[2026-01-15 15:50:45] [14 MB] [chunked_processor] get_job called
    DATA: Array
(
    [job_id] => 46c20819-194b-439d-b6d2-7e5ec5a67c23
)

[2026-01-15 15:50:45] [14 MB] [chunked_processor] Transient lookup result
    DATA: Array
(
    [option_name] => speed_backups_job_46c20819-194b-439d-b6d2-7e5ec5a67c23
    [found] => YES
)

[2026-01-15 15:50:45] [14 MB] [chunked_processor] Job retrieved successfully
    DATA: Array
(
    [status] => running
    [type] => restore
)

[2026-01-15 15:50:45] [14 MB] [chunked_processor] get_job called
    DATA: Array
(
    [job_id] => 46c20819-194b-439d-b6d2-7e5ec5a67c23
)

[2026-01-15 15:50:45] [14 MB] [chunked_processor] Transient lookup result
    DATA: Array
(
    [option_name] => speed_backups_job_46c20819-194b-439d-b6d2-7e5ec5a67c23
    [found] => YES
)

[2026-01-15 15:50:45] [14 MB] [chunked_processor] Job retrieved successfully
    DATA: Array
(
    [status] => running
    [type] => restore
)

[2026-01-15 15:50:46] [14 MB] [ERROR_HANDLER] PHP error handlers registered
[2026-01-15 15:50:46] [14 MB] [FUNCTION] >>> ENTER: process_chunk
    DATA: Array
(
    [0] => job_id
)

[2026-01-15 15:50:46] [14 MB] [chunked_processor] get_job called
    DATA: Array
(
    [job_id] => 46c20819-194b-439d-b6d2-7e5ec5a67c23
)

[2026-01-15 15:50:46] [14 MB] [chunked_processor] Transient lookup result
    DATA: Array
(
    [option_name] => speed_backups_job_46c20819-194b-439d-b6d2-7e5ec5a67c23
    [found] => YES
)

[2026-01-15 15:50:46] [14 MB] [chunked_processor] Job retrieved successfully
    DATA: Array
(
    [status] => running
    [type] => restore
)

[2026-01-15 15:50:46] [14 MB] [JOB_STATE] Job 46c20819-194b-439d-b6d2-7e5ec5a67c23 state
    DATA: Array
(
    [status] => running
    [type] => restore
    [phase] => extract
    [progress] => 49.216422743168
)

[2026-01-15 15:50:46] [14 MB] [chunked_processor] get_job called
    DATA: Array
(
    [job_id] => 46c20819-194b-439d-b6d2-7e5ec5a67c23
)

[2026-01-15 15:50:46] [14 MB] [chunked_processor] Transient lookup result
    DATA: Array
(
    [option_name] => speed_backups_job_46c20819-194b-439d-b6d2-7e5ec5a67c23
    [found] => YES
)

[2026-01-15 15:50:46] [14 MB] [chunked_processor] Job retrieved successfully
    DATA: Array
(
    [status] => running
    [type] => restore
)

[2026-01-15 15:50:46] [14 MB] [chunked_processor] get_job called
    DATA: Array
(
    [job_id] => 46c20819-194b-439d-b6d2-7e5ec5a67c23
)

[2026-01-15 15:50:46] [14 MB] [chunked_processor] Transient lookup result
    DATA: Array
(
    [option_name] => speed_backups_job_46c20819-194b-439d-b6d2-7e5ec5a67c23
    [found] => YES
)

[2026-01-15 15:50:46] [14 MB] [chunked_processor] Job retrieved successfully
    DATA: Array
(
    [status] => running
    [type] => restore
)

[2026-01-15 15:50:46] [14 MB] [chunked_processor] save_job called
    DATA: Array
(
    [job_id] => 46c20819-194b-439d-b6d2-7e5ec5a67c23
    [status] => running
)

[2026-01-15 15:50:46] [14 MB] [chunked_processor] Transient save result
    DATA: Array
(
    [option_name] => speed_backups_job_46c20819-194b-439d-b6d2-7e5ec5a67c23
    [success] => YES
)

[2026-01-15 15:50:46] [14 MB] [chunked_processor] Option save result
    DATA: Array
(
    [option_name] => speed_backups_job_46c20819-194b-439d-b6d2-7e5ec5a67c23
    [success] => YES
)

[2026-01-15 15:50:46] [14 MB] [chunked_processor] Save verification (direct DB)
    DATA: Array
(
    [verified] => YES
)

[2026-01-15 15:50:46] [14 MB] [chunked_processor] get_job called
    DATA: Array
(
    [job_id] => 46c20819-194b-439d-b6d2-7e5ec5a67c23
)

[2026-01-15 15:50:46] [14 MB] [chunked_processor] Transient lookup result
    DATA: Array
(
    [option_name] => speed_backups_job_46c20819-194b-439d-b6d2-7e5ec5a67c23
    [found] => YES
)

[2026-01-15 15:50:46] [14 MB] [chunked_processor] Job retrieved successfully
    DATA: Array
(
    [status] => running
    [type] => restore
)

[2026-01-15 15:50:46] [14 MB] [chunked_processor] save_job called
    DATA: Array
(
    [job_id] => 46c20819-194b-439d-b6d2-7e5ec5a67c23
    [status] => running
)

[2026-01-15 15:50:46] [14 MB] [chunked_processor] Transient save result
    DATA: Array
(
    [option_name] => speed_backups_job_46c20819-194b-439d-b6d2-7e5ec5a67c23
    [success] => YES
)

[2026-01-15 15:50:46] [14 MB] [chunked_processor] Option save result
    DATA: Array
(
    [option_name] => speed_backups_job_46c20819-194b-439d-b6d2-7e5ec5a67c23
    [success] => YES
)

[2026-01-15 15:50:46] [14 MB] [chunked_processor] Save verification (direct DB)
    DATA: Array
(
    [verified] => YES
)

[2026-01-15 15:50:46] [14 MB] [chunked_processor] get_job called
    DATA: Array
(
    [job_id] => 46c20819-194b-439d-b6d2-7e5ec5a67c23
)

[2026-01-15 15:50:46] [14 MB] [chunked_processor] Transient lookup result
    DATA: Array
(
    [option_name] => speed_backups_job_46c20819-194b-439d-b6d2-7e5ec5a67c23
    [found] => YES
)

[2026-01-15 15:50:46] [14 MB] [chunked_processor] Job retrieved successfully
    DATA: Array
(
    [status] => running
    [type] => restore
)

[2026-01-15 15:50:46] [14 MB] [chunked_processor] get_job called
    DATA: Array
(
    [job_id] => 46c20819-194b-439d-b6d2-7e5ec5a67c23
)

[2026-01-15 15:50:46] [14 MB] [chunked_processor] Transient lookup result
    DATA: Array
(
    [option_name] => speed_backups_job_46c20819-194b-439d-b6d2-7e5ec5a67c23
    [found] => YES
)

[2026-01-15 15:50:46] [14 MB] [chunked_processor] Job retrieved successfully
    DATA: Array
(
    [status] => running
    [type] => restore
)

[2026-01-15 15:50:47] [14 MB] [ERROR_HANDLER] PHP error handlers registered
[2026-01-15 15:50:47] [14 MB] [FUNCTION] >>> ENTER: process_chunk
    DATA: Array
(
    [0] => job_id
)

[2026-01-15 15:50:47] [14 MB] [chunked_processor] get_job called
    DATA: Array
(
    [job_id] => 46c20819-194b-439d-b6d2-7e5ec5a67c23
)

[2026-01-15 15:50:47] [14 MB] [chunked_processor] Transient lookup result
    DATA: Array
(
    [option_name] => speed_backups_job_46c20819-194b-439d-b6d2-7e5ec5a67c23
    [found] => YES
)

[2026-01-15 15:50:47] [14 MB] [chunked_processor] Job retrieved successfully
    DATA: Array
(
    [status] => running
    [type] => restore
)

[2026-01-15 15:50:47] [14 MB] [JOB_STATE] Job 46c20819-194b-439d-b6d2-7e5ec5a67c23 state
    DATA: Array
(
    [status] => running
    [type] => restore
    [phase] => extract
    [progress] => 50.511591762725
)

[2026-01-15 15:50:47] [14 MB] [chunked_processor] get_job called
    DATA: Array
(
    [job_id] => 46c20819-194b-439d-b6d2-7e5ec5a67c23
)

[2026-01-15 15:50:47] [14 MB] [chunked_processor] Transient lookup result
    DATA: Array
(
    [option_name] => speed_backups_job_46c20819-194b-439d-b6d2-7e5ec5a67c23
    [found] => YES
)

[2026-01-15 15:50:47] [14 MB] [chunked_processor] Job retrieved successfully
    DATA: Array
(
    [status] => running
    [type] => restore
)

[2026-01-15 15:50:47] [14 MB] [chunked_processor] get_job called
    DATA: Array
(
    [job_id] => 46c20819-194b-439d-b6d2-7e5ec5a67c23
)

[2026-01-15 15:50:47] [14 MB] [chunked_processor] Transient lookup result
    DATA: Array
(
    [option_name] => speed_backups_job_46c20819-194b-439d-b6d2-7e5ec5a67c23
    [found] => YES
)

[2026-01-15 15:50:47] [14 MB] [chunked_processor] Job retrieved successfully
    DATA: Array
(
    [status] => running
    [type] => restore
)

[2026-01-15 15:50:47] [14 MB] [chunked_processor] save_job called
    DATA: Array
(
    [job_id] => 46c20819-194b-439d-b6d2-7e5ec5a67c23
    [status] => running
)

[2026-01-15 15:50:47] [14 MB] [chunked_processor] Transient save result
    DATA: Array
(
    [option_name] => speed_backups_job_46c20819-194b-439d-b6d2-7e5ec5a67c23
    [success] => YES
)

[2026-01-15 15:50:47] [14 MB] [chunked_processor] Option save result
    DATA: Array
(
    [option_name] => speed_backups_job_46c20819-194b-439d-b6d2-7e5ec5a67c23
    [success] => YES
)

[2026-01-15 15:50:47] [14 MB] [chunked_processor] Save verification (direct DB)
    DATA: Array
(
    [verified] => YES
)

[2026-01-15 15:50:47] [14 MB] [chunked_processor] get_job called
    DATA: Array
(
    [job_id] => 46c20819-194b-439d-b6d2-7e5ec5a67c23
)

[2026-01-15 15:50:47] [14 MB] [chunked_processor] Transient lookup result
    DATA: Array
(
    [option_name] => speed_backups_job_46c20819-194b-439d-b6d2-7e5ec5a67c23
    [found] => YES
)

[2026-01-15 15:50:47] [14 MB] [chunked_processor] Job retrieved successfully
    DATA: Array
(
    [status] => running
    [type] => restore
)

[2026-01-15 15:50:47] [14 MB] [chunked_processor] save_job called
    DATA: Array
(
    [job_id] => 46c20819-194b-439d-b6d2-7e5ec5a67c23
    [status] => running
)

[2026-01-15 15:50:47] [14 MB] [chunked_processor] Transient save result
    DATA: Array
(
    [option_name] => speed_backups_job_46c20819-194b-439d-b6d2-7e5ec5a67c23
    [success] => YES
)

[2026-01-15 15:50:47] [14 MB] [chunked_processor] Option save result
    DATA: Array
(
    [option_name] => speed_backups_job_46c20819-194b-439d-b6d2-7e5ec5a67c23
    [success] => YES
)

[2026-01-15 15:50:47] [14 MB] [chunked_processor] Save verification (direct DB)
    DATA: Array
(
    [verified] => YES
)

[2026-01-15 15:50:47] [14 MB] [chunked_processor] get_job called
    DATA: Array
(
    [job_id] => 46c20819-194b-439d-b6d2-7e5ec5a67c23
)

[2026-01-15 15:50:47] [14 MB] [chunked_processor] Transient lookup result
    DATA: Array
(
    [option_name] => speed_backups_job_46c20819-194b-439d-b6d2-7e5ec5a67c23
    [found] => YES
)

[2026-01-15 15:50:47] [14 MB] [chunked_processor] Job retrieved successfully
    DATA: Array
(
    [status] => running
    [type] => restore
)

[2026-01-15 15:50:47] [14 MB] [chunked_processor] get_job called
    DATA: Array
(
    [job_id] => 46c20819-194b-439d-b6d2-7e5ec5a67c23
)

[2026-01-15 15:50:47] [14 MB] [chunked_processor] Transient lookup result
    DATA: Array
(
    [option_name] => speed_backups_job_46c20819-194b-439d-b6d2-7e5ec5a67c23
    [found] => YES
)

[2026-01-15 15:50:47] [14 MB] [chunked_processor] Job retrieved successfully
    DATA: Array
(
    [status] => running
    [type] => restore
)

[2026-01-15 15:50:48] [14 MB] [ERROR_HANDLER] PHP error handlers registered
[2026-01-15 15:50:48] [14 MB] [FUNCTION] >>> ENTER: process_chunk
    DATA: Array
(
    [0] => job_id
)

[2026-01-15 15:50:48] [14 MB] [chunked_processor] get_job called
    DATA: Array
(
    [job_id] => 46c20819-194b-439d-b6d2-7e5ec5a67c23
)

[2026-01-15 15:50:48] [14 MB] [chunked_processor] Transient lookup result
    DATA: Array
(
    [option_name] => speed_backups_job_46c20819-194b-439d-b6d2-7e5ec5a67c23
    [found] => YES
)

[2026-01-15 15:50:48] [14 MB] [chunked_processor] Job retrieved successfully
    DATA: Array
(
    [status] => running
    [type] => restore
)

[2026-01-15 15:50:48] [14 MB] [JOB_STATE] Job 46c20819-194b-439d-b6d2-7e5ec5a67c23 state
    DATA: Array
(
    [status] => running
    [type] => restore
    [phase] => extract
    [progress] => 51.806760782282
)

[2026-01-15 15:50:48] [14 MB] [chunked_processor] get_job called
    DATA: Array
(
    [job_id] => 46c20819-194b-439d-b6d2-7e5ec5a67c23
)

[2026-01-15 15:50:48] [14 MB] [chunked_processor] Transient lookup result
    DATA: Array
(
    [option_name] => speed_backups_job_46c20819-194b-439d-b6d2-7e5ec5a67c23
    [found] => YES
)

[2026-01-15 15:50:48] [14 MB] [chunked_processor] Job retrieved successfully
    DATA: Array
(
    [status] => running
    [type] => restore
)

[2026-01-15 15:50:48] [14 MB] [chunked_processor] get_job called
    DATA: Array
(
    [job_id] => 46c20819-194b-439d-b6d2-7e5ec5a67c23
)

[2026-01-15 15:50:48] [14 MB] [chunked_processor] Transient lookup result
    DATA: Array
(
    [option_name] => speed_backups_job_46c20819-194b-439d-b6d2-7e5ec5a67c23
    [found] => YES
)

[2026-01-15 15:50:48] [14 MB] [chunked_processor] Job retrieved successfully
    DATA: Array
(
    [status] => running
    [type] => restore
)

[2026-01-15 15:50:48] [14 MB] [chunked_processor] save_job called
    DATA: Array
(
    [job_id] => 46c20819-194b-439d-b6d2-7e5ec5a67c23
    [status] => running
)

[2026-01-15 15:50:48] [14 MB] [chunked_processor] Transient save result
    DATA: Array
(
    [option_name] => speed_backups_job_46c20819-194b-439d-b6d2-7e5ec5a67c23
    [success] => YES
)

[2026-01-15 15:50:48] [14 MB] [chunked_processor] Option save result
    DATA: Array
(
    [option_name] => speed_backups_job_46c20819-194b-439d-b6d2-7e5ec5a67c23
    [success] => YES
)

[2026-01-15 15:50:48] [14 MB] [chunked_processor] Save verification (direct DB)
    DATA: Array
(
    [verified] => YES
)

[2026-01-15 15:50:48] [14 MB] [chunked_processor] get_job called
    DATA: Array
(
    [job_id] => 46c20819-194b-439d-b6d2-7e5ec5a67c23
)

[2026-01-15 15:50:48] [14 MB] [chunked_processor] Transient lookup result
    DATA: Array
(
    [option_name] => speed_backups_job_46c20819-194b-439d-b6d2-7e5ec5a67c23
    [found] => YES
)

[2026-01-15 15:50:48] [14 MB] [chunked_processor] Job retrieved successfully
    DATA: Array
(
    [status] => running
    [type] => restore
)

[2026-01-15 15:50:48] [14 MB] [chunked_processor] save_job called
    DATA: Array
(
    [job_id] => 46c20819-194b-439d-b6d2-7e5ec5a67c23
    [status] => running
)

[2026-01-15 15:50:48] [14 MB] [chunked_processor] Transient save result
    DATA: Array
(
    [option_name] => speed_backups_job_46c20819-194b-439d-b6d2-7e5ec5a67c23
    [success] => YES
)

[2026-01-15 15:50:48] [14 MB] [chunked_processor] Option save result
    DATA: Array
(
    [option_name] => speed_backups_job_46c20819-194b-439d-b6d2-7e5ec5a67c23
    [success] => YES
)

[2026-01-15 15:50:48] [14 MB] [chunked_processor] Save verification (direct DB)
    DATA: Array
(
    [verified] => YES
)

[2026-01-15 15:50:48] [14 MB] [chunked_processor] get_job called
    DATA: Array
(
    [job_id] => 46c20819-194b-439d-b6d2-7e5ec5a67c23
)

[2026-01-15 15:50:48] [14 MB] [chunked_processor] Transient lookup result
    DATA: Array
(
    [option_name] => speed_backups_job_46c20819-194b-439d-b6d2-7e5ec5a67c23
    [found] => YES
)

[2026-01-15 15:50:48] [14 MB] [chunked_processor] Job retrieved successfully
    DATA: Array
(
    [status] => running
    [type] => restore
)

[2026-01-15 15:50:48] [14 MB] [chunked_processor] get_job called
    DATA: Array
(
    [job_id] => 46c20819-194b-439d-b6d2-7e5ec5a67c23
)

[2026-01-15 15:50:48] [14 MB] [chunked_processor] Transient lookup result
    DATA: Array
(
    [option_name] => speed_backups_job_46c20819-194b-439d-b6d2-7e5ec5a67c23
    [found] => YES
)

[2026-01-15 15:50:48] [14 MB] [chunked_processor] Job retrieved successfully
    DATA: Array
(
    [status] => running
    [type] => restore
)

[2026-01-15 15:50:49] [14 MB] [ERROR_HANDLER] PHP error handlers registered
[2026-01-15 15:50:49] [14 MB] [FUNCTION] >>> ENTER: process_chunk
    DATA: Array
(
    [0] => job_id
)

[2026-01-15 15:50:49] [14 MB] [chunked_processor] get_job called
    DATA: Array
(
    [job_id] => 46c20819-194b-439d-b6d2-7e5ec5a67c23
)

[2026-01-15 15:50:49] [14 MB] [chunked_processor] Transient lookup result
    DATA: Array
(
    [option_name] => speed_backups_job_46c20819-194b-439d-b6d2-7e5ec5a67c23
    [found] => YES
)

[2026-01-15 15:50:49] [14 MB] [chunked_processor] Job retrieved successfully
    DATA: Array
(
    [status] => running
    [type] => restore
)

[2026-01-15 15:50:49] [14 MB] [JOB_STATE] Job 46c20819-194b-439d-b6d2-7e5ec5a67c23 state
    DATA: Array
(
    [status] => running
    [type] => restore
    [phase] => extract
    [progress] => 53.101929801839
)

[2026-01-15 15:50:49] [14 MB] [chunked_processor] get_job called
    DATA: Array
(
    [job_id] => 46c20819-194b-439d-b6d2-7e5ec5a67c23
)

[2026-01-15 15:50:49] [14 MB] [chunked_processor] Transient lookup result
    DATA: Array
(
    [option_name] => speed_backups_job_46c20819-194b-439d-b6d2-7e5ec5a67c23
    [found] => YES
)

[2026-01-15 15:50:49] [14 MB] [chunked_processor] Job retrieved successfully
    DATA: Array
(
    [status] => running
    [type] => restore
)

[2026-01-15 15:50:49] [14 MB] [chunked_processor] get_job called
    DATA: Array
(
    [job_id] => 46c20819-194b-439d-b6d2-7e5ec5a67c23
)

[2026-01-15 15:50:49] [14 MB] [chunked_processor] Transient lookup result
    DATA: Array
(
    [option_name] => speed_backups_job_46c20819-194b-439d-b6d2-7e5ec5a67c23
    [found] => YES
)

[2026-01-15 15:50:49] [14 MB] [chunked_processor] Job retrieved successfully
    DATA: Array
(
    [status] => running
    [type] => restore
)

[2026-01-15 15:50:49] [14 MB] [chunked_processor] save_job called
    DATA: Array
(
    [job_id] => 46c20819-194b-439d-b6d2-7e5ec5a67c23
    [status] => running
)

[2026-01-15 15:50:49] [14 MB] [chunked_processor] Transient save result
    DATA: Array
(
    [option_name] => speed_backups_job_46c20819-194b-439d-b6d2-7e5ec5a67c23
    [success] => YES
)

[2026-01-15 15:50:49] [14 MB] [chunked_processor] Option save result
    DATA: Array
(
    [option_name] => speed_backups_job_46c20819-194b-439d-b6d2-7e5ec5a67c23
    [success] => YES
)

[2026-01-15 15:50:49] [14 MB] [chunked_processor] Save verification (direct DB)
    DATA: Array
(
    [verified] => YES
)

[2026-01-15 15:50:49] [14 MB] [chunked_processor] get_job called
    DATA: Array
(
    [job_id] => 46c20819-194b-439d-b6d2-7e5ec5a67c23
)

[2026-01-15 15:50:49] [14 MB] [chunked_processor] Transient lookup result
    DATA: Array
(
    [option_name] => speed_backups_job_46c20819-194b-439d-b6d2-7e5ec5a67c23
    [found] => YES
)

[2026-01-15 15:50:49] [14 MB] [chunked_processor] Job retrieved successfully
    DATA: Array
(
    [status] => running
    [type] => restore
)

[2026-01-15 15:50:49] [14 MB] [chunked_processor] save_job called
    DATA: Array
(
    [job_id] => 46c20819-194b-439d-b6d2-7e5ec5a67c23
    [status] => running
)

[2026-01-15 15:50:49] [14 MB] [chunked_processor] Transient save result
    DATA: Array
(
    [option_name] => speed_backups_job_46c20819-194b-439d-b6d2-7e5ec5a67c23
    [success] => YES
)

[2026-01-15 15:50:49] [14 MB] [chunked_processor] Option save result
    DATA: Array
(
    [option_name] => speed_backups_job_46c20819-194b-439d-b6d2-7e5ec5a67c23
    [success] => YES
)

[2026-01-15 15:50:49] [14 MB] [chunked_processor] Save verification (direct DB)
    DATA: Array
(
    [verified] => YES
)

[2026-01-15 15:50:49] [14 MB] [chunked_processor] get_job called
    DATA: Array
(
    [job_id] => 46c20819-194b-439d-b6d2-7e5ec5a67c23
)

[2026-01-15 15:50:49] [14 MB] [chunked_processor] Transient lookup result
    DATA: Array
(
    [option_name] => speed_backups_job_46c20819-194b-439d-b6d2-7e5ec5a67c23
    [found] => YES
)

[2026-01-15 15:50:49] [14 MB] [chunked_processor] Job retrieved successfully
    DATA: Array
(
    [status] => running
    [type] => restore
)

[2026-01-15 15:50:49] [14 MB] [chunked_processor] get_job called
    DATA: Array
(
    [job_id] => 46c20819-194b-439d-b6d2-7e5ec5a67c23
)

[2026-01-15 15:50:49] [14 MB] [chunked_processor] Transient lookup result
    DATA: Array
(
    [option_name] => speed_backups_job_46c20819-194b-439d-b6d2-7e5ec5a67c23
    [found] => YES
)

[2026-01-15 15:50:49] [14 MB] [chunked_processor] Job retrieved successfully
    DATA: Array
(
    [status] => running
    [type] => restore
)

[2026-01-15 15:50:50] [14 MB] [ERROR_HANDLER] PHP error handlers registered
[2026-01-15 15:50:50] [14 MB] [FUNCTION] >>> ENTER: process_chunk
    DATA: Array
(
    [0] => job_id
)

[2026-01-15 15:50:50] [14 MB] [chunked_processor] get_job called
    DATA: Array
(
    [job_id] => 46c20819-194b-439d-b6d2-7e5ec5a67c23
)

[2026-01-15 15:50:50] [14 MB] [chunked_processor] Transient lookup result
    DATA: Array
(
    [option_name] => speed_backups_job_46c20819-194b-439d-b6d2-7e5ec5a67c23
    [found] => YES
)

[2026-01-15 15:50:50] [14 MB] [chunked_processor] Job retrieved successfully
    DATA: Array
(
    [status] => running
    [type] => restore
)

[2026-01-15 15:50:50] [14 MB] [JOB_STATE] Job 46c20819-194b-439d-b6d2-7e5ec5a67c23 state
    DATA: Array
(
    [status] => running
    [type] => restore
    [phase] => extract
    [progress] => 54.397098821396
)

[2026-01-15 15:50:50] [14 MB] [chunked_processor] get_job called
    DATA: Array
(
    [job_id] => 46c20819-194b-439d-b6d2-7e5ec5a67c23
)

[2026-01-15 15:50:50] [14 MB] [chunked_processor] Transient lookup result
    DATA: Array
(
    [option_name] => speed_backups_job_46c20819-194b-439d-b6d2-7e5ec5a67c23
    [found] => YES
)

[2026-01-15 15:50:50] [14 MB] [chunked_processor] Job retrieved successfully
    DATA: Array
(
    [status] => running
    [type] => restore
)

[2026-01-15 15:50:50] [14 MB] [chunked_processor] get_job called
    DATA: Array
(
    [job_id] => 46c20819-194b-439d-b6d2-7e5ec5a67c23
)

[2026-01-15 15:50:50] [14 MB] [chunked_processor] Transient lookup result
    DATA: Array
(
    [option_name] => speed_backups_job_46c20819-194b-439d-b6d2-7e5ec5a67c23
    [found] => YES
)

[2026-01-15 15:50:50] [14 MB] [chunked_processor] Job retrieved successfully
    DATA: Array
(
    [status] => running
    [type] => restore
)

[2026-01-15 15:50:50] [14 MB] [chunked_processor] save_job called
    DATA: Array
(
    [job_id] => 46c20819-194b-439d-b6d2-7e5ec5a67c23
    [status] => running
)

[2026-01-15 15:50:50] [14 MB] [chunked_processor] Transient save result
    DATA: Array
(
    [option_name] => speed_backups_job_46c20819-194b-439d-b6d2-7e5ec5a67c23
    [success] => YES
)

[2026-01-15 15:50:50] [14 MB] [chunked_processor] Option save result
    DATA: Array
(
    [option_name] => speed_backups_job_46c20819-194b-439d-b6d2-7e5ec5a67c23
    [success] => YES
)

[2026-01-15 15:50:50] [14 MB] [chunked_processor] Save verification (direct DB)
    DATA: Array
(
    [verified] => YES
)

[2026-01-15 15:50:50] [14 MB] [chunked_processor] get_job called
    DATA: Array
(
    [job_id] => 46c20819-194b-439d-b6d2-7e5ec5a67c23
)

[2026-01-15 15:50:50] [14 MB] [chunked_processor] Transient lookup result
    DATA: Array
(
    [option_name] => speed_backups_job_46c20819-194b-439d-b6d2-7e5ec5a67c23
    [found] => YES
)

[2026-01-15 15:50:50] [14 MB] [chunked_processor] Job retrieved successfully
    DATA: Array
(
    [status] => running
    [type] => restore
)

[2026-01-15 15:50:50] [14 MB] [chunked_processor] save_job called
    DATA: Array
(
    [job_id] => 46c20819-194b-439d-b6d2-7e5ec5a67c23
    [status] => running
)

[2026-01-15 15:50:50] [14 MB] [chunked_processor] Transient save result
    DATA: Array
(
    [option_name] => speed_backups_job_46c20819-194b-439d-b6d2-7e5ec5a67c23
    [success] => YES
)

[2026-01-15 15:50:50] [14 MB] [chunked_processor] Option save result
    DATA: Array
(
    [option_name] => speed_backups_job_46c20819-194b-439d-b6d2-7e5ec5a67c23
    [success] => YES
)

[2026-01-15 15:50:50] [14 MB] [chunked_processor] Save verification (direct DB)
    DATA: Array
(
    [verified] => YES
)

[2026-01-15 15:50:50] [14 MB] [chunked_processor] get_job called
    DATA: Array
(
    [job_id] => 46c20819-194b-439d-b6d2-7e5ec5a67c23
)

[2026-01-15 15:50:50] [14 MB] [chunked_processor] Transient lookup result
    DATA: Array
(
    [option_name] => speed_backups_job_46c20819-194b-439d-b6d2-7e5ec5a67c23
    [found] => YES
)

[2026-01-15 15:50:50] [14 MB] [chunked_processor] Job retrieved successfully
    DATA: Array
(
    [status] => running
    [type] => restore
)

[2026-01-15 15:50:50] [14 MB] [chunked_processor] get_job called
    DATA: Array
(
    [job_id] => 46c20819-194b-439d-b6d2-7e5ec5a67c23
)

[2026-01-15 15:50:50] [14 MB] [chunked_processor] Transient lookup result
    DATA: Array
(
    [option_name] => speed_backups_job_46c20819-194b-439d-b6d2-7e5ec5a67c23
    [found] => YES
)

[2026-01-15 15:50:50] [14 MB] [chunked_processor] Job retrieved successfully
    DATA: Array
(
    [status] => running
    [type] => restore
)

[2026-01-15 15:50:51] [14 MB] [ERROR_HANDLER] PHP error handlers registered
[2026-01-15 15:50:51] [14 MB] [FUNCTION] >>> ENTER: process_chunk
    DATA: Array
(
    [0] => job_id
)

[2026-01-15 15:50:51] [14 MB] [chunked_processor] get_job called
    DATA: Array
(
    [job_id] => 46c20819-194b-439d-b6d2-7e5ec5a67c23
)

[2026-01-15 15:50:51] [14 MB] [chunked_processor] Transient lookup result
    DATA: Array
(
    [option_name] => speed_backups_job_46c20819-194b-439d-b6d2-7e5ec5a67c23
    [found] => YES
)

[2026-01-15 15:50:51] [14 MB] [chunked_processor] Job retrieved successfully
    DATA: Array
(
    [status] => running
    [type] => restore
)

[2026-01-15 15:50:51] [14 MB] [JOB_STATE] Job 46c20819-194b-439d-b6d2-7e5ec5a67c23 state
    DATA: Array
(
    [status] => running
    [type] => restore
    [phase] => extract
    [progress] => 55.692267840953
)

[2026-01-15 15:50:51] [14 MB] [chunked_processor] get_job called
    DATA: Array
(
    [job_id] => 46c20819-194b-439d-b6d2-7e5ec5a67c23
)

[2026-01-15 15:50:51] [14 MB] [chunked_processor] Transient lookup result
    DATA: Array
(
    [option_name] => speed_backups_job_46c20819-194b-439d-b6d2-7e5ec5a67c23
    [found] => YES
)

[2026-01-15 15:50:51] [14 MB] [chunked_processor] Job retrieved successfully
    DATA: Array
(
    [status] => running
    [type] => restore
)

[2026-01-15 15:50:51] [14 MB] [chunked_processor] get_job called
    DATA: Array
(
    [job_id] => 46c20819-194b-439d-b6d2-7e5ec5a67c23
)

[2026-01-15 15:50:51] [14 MB] [chunked_processor] Transient lookup result
    DATA: Array
(
    [option_name] => speed_backups_job_46c20819-194b-439d-b6d2-7e5ec5a67c23
    [found] => YES
)

[2026-01-15 15:50:51] [14 MB] [chunked_processor] Job retrieved successfully
    DATA: Array
(
    [status] => running
    [type] => restore
)

[2026-01-15 15:50:51] [14 MB] [chunked_processor] save_job called
    DATA: Array
(
    [job_id] => 46c20819-194b-439d-b6d2-7e5ec5a67c23
    [status] => running
)

[2026-01-15 15:50:51] [14 MB] [chunked_processor] Transient save result
    DATA: Array
(
    [option_name] => speed_backups_job_46c20819-194b-439d-b6d2-7e5ec5a67c23
    [success] => YES
)

[2026-01-15 15:50:51] [14 MB] [chunked_processor] Option save result
    DATA: Array
(
    [option_name] => speed_backups_job_46c20819-194b-439d-b6d2-7e5ec5a67c23
    [success] => YES
)

[2026-01-15 15:50:51] [14 MB] [chunked_processor] Save verification (direct DB)
    DATA: Array
(
    [verified] => YES
)

[2026-01-15 15:50:51] [14 MB] [chunked_processor] get_job called
    DATA: Array
(
    [job_id] => 46c20819-194b-439d-b6d2-7e5ec5a67c23
)

[2026-01-15 15:50:51] [14 MB] [chunked_processor] Transient lookup result
    DATA: Array
(
    [option_name] => speed_backups_job_46c20819-194b-439d-b6d2-7e5ec5a67c23
    [found] => YES
)

[2026-01-15 15:50:51] [14 MB] [chunked_processor] Job retrieved successfully
    DATA: Array
(
    [status] => running
    [type] => restore
)

[2026-01-15 15:50:51] [14 MB] [chunked_processor] save_job called
    DATA: Array
(
    [job_id] => 46c20819-194b-439d-b6d2-7e5ec5a67c23
    [status] => running
)

[2026-01-15 15:50:51] [14 MB] [chunked_processor] Transient save result
    DATA: Array
(
    [option_name] => speed_backups_job_46c20819-194b-439d-b6d2-7e5ec5a67c23
    [success] => YES
)

[2026-01-15 15:50:51] [14 MB] [chunked_processor] Option save result
    DATA: Array
(
    [option_name] => speed_backups_job_46c20819-194b-439d-b6d2-7e5ec5a67c23
    [success] => YES
)

[2026-01-15 15:50:51] [14 MB] [chunked_processor] Save verification (direct DB)
    DATA: Array
(
    [verified] => YES
)

[2026-01-15 15:50:51] [14 MB] [chunked_processor] get_job called
    DATA: Array
(
    [job_id] => 46c20819-194b-439d-b6d2-7e5ec5a67c23
)

[2026-01-15 15:50:51] [14 MB] [chunked_processor] Transient lookup result
    DATA: Array
(
    [option_name] => speed_backups_job_46c20819-194b-439d-b6d2-7e5ec5a67c23
    [found] => YES
)

[2026-01-15 15:50:51] [14 MB] [chunked_processor] Job retrieved successfully
    DATA: Array
(
    [status] => running
    [type] => restore
)

[2026-01-15 15:50:51] [14 MB] [chunked_processor] get_job called
    DATA: Array
(
    [job_id] => 46c20819-194b-439d-b6d2-7e5ec5a67c23
)

[2026-01-15 15:50:51] [14 MB] [chunked_processor] Transient lookup result
    DATA: Array
(
    [option_name] => speed_backups_job_46c20819-194b-439d-b6d2-7e5ec5a67c23
    [found] => YES
)

[2026-01-15 15:50:51] [14 MB] [chunked_processor] Job retrieved successfully
    DATA: Array
(
    [status] => running
    [type] => restore
)

[2026-01-15 15:50:52] [14 MB] [ERROR_HANDLER] PHP error handlers registered
[2026-01-15 15:50:52] [14 MB] [FUNCTION] >>> ENTER: process_chunk
    DATA: Array
(
    [0] => job_id
)

[2026-01-15 15:50:52] [14 MB] [chunked_processor] get_job called
    DATA: Array
(
    [job_id] => 46c20819-194b-439d-b6d2-7e5ec5a67c23
)

[2026-01-15 15:50:52] [14 MB] [chunked_processor] Transient lookup result
    DATA: Array
(
    [option_name] => speed_backups_job_46c20819-194b-439d-b6d2-7e5ec5a67c23
    [found] => YES
)

[2026-01-15 15:50:52] [14 MB] [chunked_processor] Job retrieved successfully
    DATA: Array
(
    [status] => running
    [type] => restore
)

[2026-01-15 15:50:52] [14 MB] [JOB_STATE] Job 46c20819-194b-439d-b6d2-7e5ec5a67c23 state
    DATA: Array
(
    [status] => running
    [type] => restore
    [phase] => extract
    [progress] => 56.98743686051
)

[2026-01-15 15:50:52] [14 MB] [chunked_processor] get_job called
    DATA: Array
(
    [job_id] => 46c20819-194b-439d-b6d2-7e5ec5a67c23
)

[2026-01-15 15:50:52] [14 MB] [chunked_processor] Transient lookup result
    DATA: Array
(
    [option_name] => speed_backups_job_46c20819-194b-439d-b6d2-7e5ec5a67c23
    [found] => YES
)

[2026-01-15 15:50:52] [14 MB] [chunked_processor] Job retrieved successfully
    DATA: Array
(
    [status] => running
    [type] => restore
)

[2026-01-15 15:50:52] [14 MB] [chunked_processor] get_job called
    DATA: Array
(
    [job_id] => 46c20819-194b-439d-b6d2-7e5ec5a67c23
)

[2026-01-15 15:50:52] [14 MB] [chunked_processor] Transient lookup result
    DATA: Array
(
    [option_name] => speed_backups_job_46c20819-194b-439d-b6d2-7e5ec5a67c23
    [found] => YES
)

[2026-01-15 15:50:52] [14 MB] [chunked_processor] Job retrieved successfully
    DATA: Array
(
    [status] => running
    [type] => restore
)

[2026-01-15 15:50:52] [14 MB] [chunked_processor] save_job called
    DATA: Array
(
    [job_id] => 46c20819-194b-439d-b6d2-7e5ec5a67c23
    [status] => running
)

[2026-01-15 15:50:52] [14 MB] [chunked_processor] Transient save result
    DATA: Array
(
    [option_name] => speed_backups_job_46c20819-194b-439d-b6d2-7e5ec5a67c23
    [success] => YES
)

[2026-01-15 15:50:52] [14 MB] [chunked_processor] Option save result
    DATA: Array
(
    [option_name] => speed_backups_job_46c20819-194b-439d-b6d2-7e5ec5a67c23
    [success] => YES
)

[2026-01-15 15:50:52] [14 MB] [chunked_processor] Save verification (direct DB)
    DATA: Array
(
    [verified] => YES
)

[2026-01-15 15:50:52] [14 MB] [chunked_processor] get_job called
    DATA: Array
(
    [job_id] => 46c20819-194b-439d-b6d2-7e5ec5a67c23
)

[2026-01-15 15:50:52] [14 MB] [chunked_processor] Transient lookup result
    DATA: Array
(
    [option_name] => speed_backups_job_46c20819-194b-439d-b6d2-7e5ec5a67c23
    [found] => YES
)

[2026-01-15 15:50:52] [14 MB] [chunked_processor] Job retrieved successfully
    DATA: Array
(
    [status] => running
    [type] => restore
)

[2026-01-15 15:50:52] [14 MB] [chunked_processor] save_job called
    DATA: Array
(
    [job_id] => 46c20819-194b-439d-b6d2-7e5ec5a67c23
    [status] => running
)

[2026-01-15 15:50:52] [14 MB] [chunked_processor] Transient save result
    DATA: Array
(
    [option_name] => speed_backups_job_46c20819-194b-439d-b6d2-7e5ec5a67c23
    [success] => YES
)

[2026-01-15 15:50:52] [14 MB] [chunked_processor] Option save result
    DATA: Array
(
    [option_name] => speed_backups_job_46c20819-194b-439d-b6d2-7e5ec5a67c23
    [success] => YES
)

[2026-01-15 15:50:52] [14 MB] [chunked_processor] Save verification (direct DB)
    DATA: Array
(
    [verified] => YES
)

[2026-01-15 15:50:52] [14 MB] [chunked_processor] get_job called
    DATA: Array
(
    [job_id] => 46c20819-194b-439d-b6d2-7e5ec5a67c23
)

[2026-01-15 15:50:52] [14 MB] [chunked_processor] Transient lookup result
    DATA: Array
(
    [option_name] => speed_backups_job_46c20819-194b-439d-b6d2-7e5ec5a67c23
    [found] => YES
)

[2026-01-15 15:50:52] [14 MB] [chunked_processor] Job retrieved successfully
    DATA: Array
(
    [status] => running
    [type] => restore
)

[2026-01-15 15:50:52] [14 MB] [chunked_processor] get_job called
    DATA: Array
(
    [job_id] => 46c20819-194b-439d-b6d2-7e5ec5a67c23
)

[2026-01-15 15:50:52] [14 MB] [chunked_processor] Transient lookup result
    DATA: Array
(
    [option_name] => speed_backups_job_46c20819-194b-439d-b6d2-7e5ec5a67c23
    [found] => YES
)

[2026-01-15 15:50:52] [14 MB] [chunked_processor] Job retrieved successfully
    DATA: Array
(
    [status] => running
    [type] => restore
)

[2026-01-15 15:50:53] [14 MB] [ERROR_HANDLER] PHP error handlers registered
[2026-01-15 15:50:53] [14 MB] [FUNCTION] >>> ENTER: process_chunk
    DATA: Array
(
    [0] => job_id
)

[2026-01-15 15:50:53] [14 MB] [chunked_processor] get_job called
    DATA: Array
(
    [job_id] => 46c20819-194b-439d-b6d2-7e5ec5a67c23
)

[2026-01-15 15:50:53] [14 MB] [chunked_processor] Transient lookup result
    DATA: Array
(
    [option_name] => speed_backups_job_46c20819-194b-439d-b6d2-7e5ec5a67c23
    [found] => YES
)

[2026-01-15 15:50:53] [14 MB] [chunked_processor] Job retrieved successfully
    DATA: Array
(
    [status] => running
    [type] => restore
)

[2026-01-15 15:50:53] [14 MB] [JOB_STATE] Job 46c20819-194b-439d-b6d2-7e5ec5a67c23 state
    DATA: Array
(
    [status] => running
    [type] => restore
    [phase] => extract
    [progress] => 58.282605880067
)

[2026-01-15 15:50:53] [14 MB] [chunked_processor] get_job called
    DATA: Array
(
    [job_id] => 46c20819-194b-439d-b6d2-7e5ec5a67c23
)

[2026-01-15 15:50:53] [14 MB] [chunked_processor] Transient lookup result
    DATA: Array
(
    [option_name] => speed_backups_job_46c20819-194b-439d-b6d2-7e5ec5a67c23
    [found] => YES
)

[2026-01-15 15:50:53] [14 MB] [chunked_processor] Job retrieved successfully
    DATA: Array
(
    [status] => running
    [type] => restore
)

[2026-01-15 15:50:53] [14 MB] [chunked_processor] get_job called
    DATA: Array
(
    [job_id] => 46c20819-194b-439d-b6d2-7e5ec5a67c23
)

[2026-01-15 15:50:53] [14 MB] [chunked_processor] Transient lookup result
    DATA: Array
(
    [option_name] => speed_backups_job_46c20819-194b-439d-b6d2-7e5ec5a67c23
    [found] => YES
)

[2026-01-15 15:50:53] [14 MB] [chunked_processor] Job retrieved successfully
    DATA: Array
(
    [status] => running
    [type] => restore
)

[2026-01-15 15:50:53] [14 MB] [chunked_processor] save_job called
    DATA: Array
(
    [job_id] => 46c20819-194b-439d-b6d2-7e5ec5a67c23
    [status] => running
)

[2026-01-15 15:50:53] [14 MB] [chunked_processor] Transient save result
    DATA: Array
(
    [option_name] => speed_backups_job_46c20819-194b-439d-b6d2-7e5ec5a67c23
    [success] => YES
)

[2026-01-15 15:50:53] [14 MB] [chunked_processor] Option save result
    DATA: Array
(
    [option_name] => speed_backups_job_46c20819-194b-439d-b6d2-7e5ec5a67c23
    [success] => YES
)

[2026-01-15 15:50:53] [14 MB] [chunked_processor] Save verification (direct DB)
    DATA: Array
(
    [verified] => YES
)

[2026-01-15 15:50:53] [14 MB] [chunked_processor] get_job called
    DATA: Array
(
    [job_id] => 46c20819-194b-439d-b6d2-7e5ec5a67c23
)

[2026-01-15 15:50:53] [14 MB] [chunked_processor] Transient lookup result
    DATA: Array
(
    [option_name] => speed_backups_job_46c20819-194b-439d-b6d2-7e5ec5a67c23
    [found] => YES
)

[2026-01-15 15:50:53] [14 MB] [chunked_processor] Job retrieved successfully
    DATA: Array
(
    [status] => running
    [type] => restore
)

[2026-01-15 15:50:53] [14 MB] [chunked_processor] save_job called
    DATA: Array
(
    [job_id] => 46c20819-194b-439d-b6d2-7e5ec5a67c23
    [status] => running
)

[2026-01-15 15:50:53] [14 MB] [chunked_processor] Transient save result
    DATA: Array
(
    [option_name] => speed_backups_job_46c20819-194b-439d-b6d2-7e5ec5a67c23
    [success] => YES
)

[2026-01-15 15:50:53] [14 MB] [chunked_processor] Option save result
    DATA: Array
(
    [option_name] => speed_backups_job_46c20819-194b-439d-b6d2-7e5ec5a67c23
    [success] => YES
)

[2026-01-15 15:50:53] [14 MB] [chunked_processor] Save verification (direct DB)
    DATA: Array
(
    [verified] => YES
)

[2026-01-15 15:50:53] [14 MB] [chunked_processor] get_job called
    DATA: Array
(
    [job_id] => 46c20819-194b-439d-b6d2-7e5ec5a67c23
)

[2026-01-15 15:50:53] [14 MB] [chunked_processor] Transient lookup result
    DATA: Array
(
    [option_name] => speed_backups_job_46c20819-194b-439d-b6d2-7e5ec5a67c23
    [found] => YES
)

[2026-01-15 15:50:53] [14 MB] [chunked_processor] Job retrieved successfully
    DATA: Array
(
    [status] => running
    [type] => restore
)

[2026-01-15 15:50:53] [14 MB] [chunked_processor] get_job called
    DATA: Array
(
    [job_id] => 46c20819-194b-439d-b6d2-7e5ec5a67c23
)

[2026-01-15 15:50:53] [14 MB] [chunked_processor] Transient lookup result
    DATA: Array
(
    [option_name] => speed_backups_job_46c20819-194b-439d-b6d2-7e5ec5a67c23
    [found] => YES
)

[2026-01-15 15:50:53] [14 MB] [chunked_processor] Job retrieved successfully
    DATA: Array
(
    [status] => running
    [type] => restore
)

[2026-01-15 15:50:54] [14 MB] [ERROR_HANDLER] PHP error handlers registered
[2026-01-15 15:50:54] [14 MB] [FUNCTION] >>> ENTER: process_chunk
    DATA: Array
(
    [0] => job_id
)

[2026-01-15 15:50:54] [14 MB] [chunked_processor] get_job called
    DATA: Array
(
    [job_id] => 46c20819-194b-439d-b6d2-7e5ec5a67c23
)

[2026-01-15 15:50:54] [14 MB] [chunked_processor] Transient lookup result
    DATA: Array
(
    [option_name] => speed_backups_job_46c20819-194b-439d-b6d2-7e5ec5a67c23
    [found] => YES
)

[2026-01-15 15:50:54] [14 MB] [chunked_processor] Job retrieved successfully
    DATA: Array
(
    [status] => running
    [type] => restore
)

[2026-01-15 15:50:54] [14 MB] [JOB_STATE] Job 46c20819-194b-439d-b6d2-7e5ec5a67c23 state
    DATA: Array
(
    [status] => running
    [type] => restore
    [phase] => extract
    [progress] => 59.577774899624
)

[2026-01-15 15:50:54] [14 MB] [chunked_processor] get_job called
    DATA: Array
(
    [job_id] => 46c20819-194b-439d-b6d2-7e5ec5a67c23
)

[2026-01-15 15:50:54] [14 MB] [chunked_processor] Transient lookup result
    DATA: Array
(
    [option_name] => speed_backups_job_46c20819-194b-439d-b6d2-7e5ec5a67c23
    [found] => YES
)

[2026-01-15 15:50:54] [14 MB] [chunked_processor] Job retrieved successfully
    DATA: Array
(
    [status] => running
    [type] => restore
)

[2026-01-15 15:50:54] [14 MB] [chunked_processor] get_job called
    DATA: Array
(
    [job_id] => 46c20819-194b-439d-b6d2-7e5ec5a67c23
)

[2026-01-15 15:50:54] [14 MB] [chunked_processor] Transient lookup result
    DATA: Array
(
    [option_name] => speed_backups_job_46c20819-194b-439d-b6d2-7e5ec5a67c23
    [found] => YES
)

[2026-01-15 15:50:54] [14 MB] [chunked_processor] Job retrieved successfully
    DATA: Array
(
    [status] => running
    [type] => restore
)

[2026-01-15 15:50:54] [14 MB] [chunked_processor] save_job called
    DATA: Array
(
    [job_id] => 46c20819-194b-439d-b6d2-7e5ec5a67c23
    [status] => running
)

[2026-01-15 15:50:54] [14 MB] [chunked_processor] Transient save result
    DATA: Array
(
    [option_name] => speed_backups_job_46c20819-194b-439d-b6d2-7e5ec5a67c23
    [success] => YES
)

[2026-01-15 15:50:54] [14 MB] [chunked_processor] Option save result
    DATA: Array
(
    [option_name] => speed_backups_job_46c20819-194b-439d-b6d2-7e5ec5a67c23
    [success] => YES
)

[2026-01-15 15:50:54] [14 MB] [chunked_processor] Save verification (direct DB)
    DATA: Array
(
    [verified] => YES
)

[2026-01-15 15:50:54] [16 MB] [chunked_processor] get_job called
    DATA: Array
(
    [job_id] => 46c20819-194b-439d-b6d2-7e5ec5a67c23
)

[2026-01-15 15:50:54] [16 MB] [chunked_processor] Transient lookup result
    DATA: Array
(
    [option_name] => speed_backups_job_46c20819-194b-439d-b6d2-7e5ec5a67c23
    [found] => YES
)

[2026-01-15 15:50:54] [16 MB] [chunked_processor] Job retrieved successfully
    DATA: Array
(
    [status] => running
    [type] => restore
)

[2026-01-15 15:50:54] [16 MB] [chunked_processor] save_job called
    DATA: Array
(
    [job_id] => 46c20819-194b-439d-b6d2-7e5ec5a67c23
    [status] => running
)

[2026-01-15 15:50:54] [16 MB] [chunked_processor] Transient save result
    DATA: Array
(
    [option_name] => speed_backups_job_46c20819-194b-439d-b6d2-7e5ec5a67c23
    [success] => YES
)

[2026-01-15 15:50:54] [16 MB] [chunked_processor] Option save result
    DATA: Array
(
    [option_name] => speed_backups_job_46c20819-194b-439d-b6d2-7e5ec5a67c23
    [success] => YES
)

[2026-01-15 15:50:54] [16 MB] [chunked_processor] Save verification (direct DB)
    DATA: Array
(
    [verified] => YES
)

[2026-01-15 15:50:54] [16 MB] [chunked_processor] get_job called
    DATA: Array
(
    [job_id] => 46c20819-194b-439d-b6d2-7e5ec5a67c23
)

[2026-01-15 15:50:54] [16 MB] [chunked_processor] Transient lookup result
    DATA: Array
(
    [option_name] => speed_backups_job_46c20819-194b-439d-b6d2-7e5ec5a67c23
    [found] => YES
)

[2026-01-15 15:50:54] [16 MB] [chunked_processor] Job retrieved successfully
    DATA: Array
(
    [status] => running
    [type] => restore
)

[2026-01-15 15:50:54] [16 MB] [chunked_processor] get_job called
    DATA: Array
(
    [job_id] => 46c20819-194b-439d-b6d2-7e5ec5a67c23
)

[2026-01-15 15:50:54] [16 MB] [chunked_processor] Transient lookup result
    DATA: Array
(
    [option_name] => speed_backups_job_46c20819-194b-439d-b6d2-7e5ec5a67c23
    [found] => YES
)

[2026-01-15 15:50:54] [16 MB] [chunked_processor] Job retrieved successfully
    DATA: Array
(
    [status] => running
    [type] => restore
)

[2026-01-15 15:50:55] [14 MB] [ERROR_HANDLER] PHP error handlers registered
[2026-01-15 15:50:55] [14 MB] [FUNCTION] >>> ENTER: process_chunk
    DATA: Array
(
    [0] => job_id
)

[2026-01-15 15:50:55] [14 MB] [chunked_processor] get_job called
    DATA: Array
(
    [job_id] => 46c20819-194b-439d-b6d2-7e5ec5a67c23
)

[2026-01-15 15:50:55] [14 MB] [chunked_processor] Transient lookup result
    DATA: Array
(
    [option_name] => speed_backups_job_46c20819-194b-439d-b6d2-7e5ec5a67c23
    [found] => YES
)

[2026-01-15 15:50:55] [14 MB] [chunked_processor] Job retrieved successfully
    DATA: Array
(
    [status] => running
    [type] => restore
)

[2026-01-15 15:50:55] [14 MB] [JOB_STATE] Job 46c20819-194b-439d-b6d2-7e5ec5a67c23 state
    DATA: Array
(
    [status] => running
    [type] => restore
    [phase] => extract
    [progress] => 60.872943919181
)

[2026-01-15 15:50:55] [14 MB] [chunked_processor] get_job called
    DATA: Array
(
    [job_id] => 46c20819-194b-439d-b6d2-7e5ec5a67c23
)

[2026-01-15 15:50:55] [14 MB] [chunked_processor] Transient lookup result
    DATA: Array
(
    [option_name] => speed_backups_job_46c20819-194b-439d-b6d2-7e5ec5a67c23
    [found] => YES
)

[2026-01-15 15:50:55] [14 MB] [chunked_processor] Job retrieved successfully
    DATA: Array
(
    [status] => running
    [type] => restore
)

[2026-01-15 15:50:55] [14 MB] [chunked_processor] get_job called
    DATA: Array
(
    [job_id] => 46c20819-194b-439d-b6d2-7e5ec5a67c23
)

[2026-01-15 15:50:55] [14 MB] [chunked_processor] Transient lookup result
    DATA: Array
(
    [option_name] => speed_backups_job_46c20819-194b-439d-b6d2-7e5ec5a67c23
    [found] => YES
)

[2026-01-15 15:50:55] [14 MB] [chunked_processor] Job retrieved successfully
    DATA: Array
(
    [status] => running
    [type] => restore
)

[2026-01-15 15:50:55] [14 MB] [chunked_processor] save_job called
    DATA: Array
(
    [job_id] => 46c20819-194b-439d-b6d2-7e5ec5a67c23
    [status] => running
)

[2026-01-15 15:50:55] [14 MB] [chunked_processor] Transient save result
    DATA: Array
(
    [option_name] => speed_backups_job_46c20819-194b-439d-b6d2-7e5ec5a67c23
    [success] => YES
)

[2026-01-15 15:50:55] [14 MB] [chunked_processor] Option save result
    DATA: Array
(
    [option_name] => speed_backups_job_46c20819-194b-439d-b6d2-7e5ec5a67c23
    [success] => YES
)

[2026-01-15 15:50:55] [14 MB] [chunked_processor] Save verification (direct DB)
    DATA: Array
(
    [verified] => YES
)

[2026-01-15 15:50:55] [14 MB] [chunked_processor] get_job called
    DATA: Array
(
    [job_id] => 46c20819-194b-439d-b6d2-7e5ec5a67c23
)

[2026-01-15 15:50:55] [14 MB] [chunked_processor] Transient lookup result
    DATA: Array
(
    [option_name] => speed_backups_job_46c20819-194b-439d-b6d2-7e5ec5a67c23
    [found] => YES
)

[2026-01-15 15:50:55] [14 MB] [chunked_processor] Job retrieved successfully
    DATA: Array
(
    [status] => running
    [type] => restore
)

[2026-01-15 15:50:55] [14 MB] [chunked_processor] save_job called
    DATA: Array
(
    [job_id] => 46c20819-194b-439d-b6d2-7e5ec5a67c23
    [status] => running
)

[2026-01-15 15:50:55] [14 MB] [chunked_processor] Transient save result
    DATA: Array
(
    [option_name] => speed_backups_job_46c20819-194b-439d-b6d2-7e5ec5a67c23
    [success] => YES
)

[2026-01-15 15:50:55] [14 MB] [chunked_processor] Option save result
    DATA: Array
(
    [option_name] => speed_backups_job_46c20819-194b-439d-b6d2-7e5ec5a67c23
    [success] => YES
)

[2026-01-15 15:50:55] [14 MB] [chunked_processor] Save verification (direct DB)
    DATA: Array
(
    [verified] => YES
)

[2026-01-15 15:50:55] [14 MB] [chunked_processor] get_job called
    DATA: Array
(
    [job_id] => 46c20819-194b-439d-b6d2-7e5ec5a67c23
)

[2026-01-15 15:50:55] [14 MB] [chunked_processor] Transient lookup result
    DATA: Array
(
    [option_name] => speed_backups_job_46c20819-194b-439d-b6d2-7e5ec5a67c23
    [found] => YES
)

[2026-01-15 15:50:55] [14 MB] [chunked_processor] Job retrieved successfully
    DATA: Array
(
    [status] => running
    [type] => restore
)

[2026-01-15 15:50:55] [14 MB] [chunked_processor] get_job called
    DATA: Array
(
    [job_id] => 46c20819-194b-439d-b6d2-7e5ec5a67c23
)

[2026-01-15 15:50:55] [14 MB] [chunked_processor] Transient lookup result
    DATA: Array
(
    [option_name] => speed_backups_job_46c20819-194b-439d-b6d2-7e5ec5a67c23
    [found] => YES
)

[2026-01-15 15:50:55] [14 MB] [chunked_processor] Job retrieved successfully
    DATA: Array
(
    [status] => running
    [type] => restore
)

[2026-01-15 15:50:56] [14 MB] [ERROR_HANDLER] PHP error handlers registered
[2026-01-15 15:50:56] [14 MB] [FUNCTION] >>> ENTER: process_chunk
    DATA: Array
(
    [0] => job_id
)

[2026-01-15 15:50:56] [14 MB] [chunked_processor] get_job called
    DATA: Array
(
    [job_id] => 46c20819-194b-439d-b6d2-7e5ec5a67c23
)

[2026-01-15 15:50:56] [14 MB] [chunked_processor] Transient lookup result
    DATA: Array
(
    [option_name] => speed_backups_job_46c20819-194b-439d-b6d2-7e5ec5a67c23
    [found] => YES
)

[2026-01-15 15:50:56] [14 MB] [chunked_processor] Job retrieved successfully
    DATA: Array
(
    [status] => running
    [type] => restore
)

[2026-01-15 15:50:56] [14 MB] [JOB_STATE] Job 46c20819-194b-439d-b6d2-7e5ec5a67c23 state
    DATA: Array
(
    [status] => running
    [type] => restore
    [phase] => extract
    [progress] => 62.168112938739
)

[2026-01-15 15:50:56] [14 MB] [chunked_processor] get_job called
    DATA: Array
(
    [job_id] => 46c20819-194b-439d-b6d2-7e5ec5a67c23
)

[2026-01-15 15:50:56] [14 MB] [chunked_processor] Transient lookup result
    DATA: Array
(
    [option_name] => speed_backups_job_46c20819-194b-439d-b6d2-7e5ec5a67c23
    [found] => YES
)

[2026-01-15 15:50:56] [14 MB] [chunked_processor] Job retrieved successfully
    DATA: Array
(
    [status] => running
    [type] => restore
)

[2026-01-15 15:50:56] [14 MB] [chunked_processor] get_job called
    DATA: Array
(
    [job_id] => 46c20819-194b-439d-b6d2-7e5ec5a67c23
)

[2026-01-15 15:50:56] [14 MB] [chunked_processor] Transient lookup result
    DATA: Array
(
    [option_name] => speed_backups_job_46c20819-194b-439d-b6d2-7e5ec5a67c23
    [found] => YES
)

[2026-01-15 15:50:56] [14 MB] [chunked_processor] Job retrieved successfully
    DATA: Array
(
    [status] => running
    [type] => restore
)

[2026-01-15 15:50:56] [14 MB] [chunked_processor] save_job called
    DATA: Array
(
    [job_id] => 46c20819-194b-439d-b6d2-7e5ec5a67c23
    [status] => running
)

[2026-01-15 15:50:56] [14 MB] [chunked_processor] Transient save result
    DATA: Array
(
    [option_name] => speed_backups_job_46c20819-194b-439d-b6d2-7e5ec5a67c23
    [success] => YES
)

[2026-01-15 15:50:56] [14 MB] [chunked_processor] Option save result
    DATA: Array
(
    [option_name] => speed_backups_job_46c20819-194b-439d-b6d2-7e5ec5a67c23
    [success] => YES
)

[2026-01-15 15:50:56] [14 MB] [chunked_processor] Save verification (direct DB)
    DATA: Array
(
    [verified] => YES
)

[2026-01-15 15:50:56] [14 MB] [chunked_processor] get_job called
    DATA: Array
(
    [job_id] => 46c20819-194b-439d-b6d2-7e5ec5a67c23
)

[2026-01-15 15:50:56] [14 MB] [chunked_processor] Transient lookup result
    DATA: Array
(
    [option_name] => speed_backups_job_46c20819-194b-439d-b6d2-7e5ec5a67c23
    [found] => YES
)

[2026-01-15 15:50:56] [14 MB] [chunked_processor] Job retrieved successfully
    DATA: Array
(
    [status] => running
    [type] => restore
)

[2026-01-15 15:50:56] [14 MB] [chunked_processor] save_job called
    DATA: Array
(
    [job_id] => 46c20819-194b-439d-b6d2-7e5ec5a67c23
    [status] => running
)

[2026-01-15 15:50:56] [14 MB] [chunked_processor] Transient save result
    DATA: Array
(
    [option_name] => speed_backups_job_46c20819-194b-439d-b6d2-7e5ec5a67c23
    [success] => YES
)

[2026-01-15 15:50:56] [14 MB] [chunked_processor] Option save result
    DATA: Array
(
    [option_name] => speed_backups_job_46c20819-194b-439d-b6d2-7e5ec5a67c23
    [success] => YES
)

[2026-01-15 15:50:56] [14 MB] [chunked_processor] Save verification (direct DB)
    DATA: Array
(
    [verified] => YES
)

[2026-01-15 15:50:56] [14 MB] [chunked_processor] get_job called
    DATA: Array
(
    [job_id] => 46c20819-194b-439d-b6d2-7e5ec5a67c23
)

[2026-01-15 15:50:56] [14 MB] [chunked_processor] Transient lookup result
    DATA: Array
(
    [option_name] => speed_backups_job_46c20819-194b-439d-b6d2-7e5ec5a67c23
    [found] => YES
)

[2026-01-15 15:50:56] [14 MB] [chunked_processor] Job retrieved successfully
    DATA: Array
(
    [status] => running
    [type] => restore
)

[2026-01-15 15:50:56] [14 MB] [chunked_processor] get_job called
    DATA: Array
(
    [job_id] => 46c20819-194b-439d-b6d2-7e5ec5a67c23
)

[2026-01-15 15:50:56] [14 MB] [chunked_processor] Transient lookup result
    DATA: Array
(
    [option_name] => speed_backups_job_46c20819-194b-439d-b6d2-7e5ec5a67c23
    [found] => YES
)

[2026-01-15 15:50:56] [14 MB] [chunked_processor] Job retrieved successfully
    DATA: Array
(
    [status] => running
    [type] => restore
)

[2026-01-15 15:50:57] [14 MB] [ERROR_HANDLER] PHP error handlers registered
[2026-01-15 15:50:57] [14 MB] [FUNCTION] >>> ENTER: process_chunk
    DATA: Array
(
    [0] => job_id
)

[2026-01-15 15:50:57] [14 MB] [chunked_processor] get_job called
    DATA: Array
(
    [job_id] => 46c20819-194b-439d-b6d2-7e5ec5a67c23
)

[2026-01-15 15:50:57] [14 MB] [chunked_processor] Transient lookup result
    DATA: Array
(
    [option_name] => speed_backups_job_46c20819-194b-439d-b6d2-7e5ec5a67c23
    [found] => YES
)

[2026-01-15 15:50:57] [14 MB] [chunked_processor] Job retrieved successfully
    DATA: Array
(
    [status] => running
    [type] => restore
)

[2026-01-15 15:50:57] [14 MB] [JOB_STATE] Job 46c20819-194b-439d-b6d2-7e5ec5a67c23 state
    DATA: Array
(
    [status] => running
    [type] => restore
    [phase] => extract
    [progress] => 63.463281958296
)

[2026-01-15 15:50:57] [14 MB] [chunked_processor] get_job called
    DATA: Array
(
    [job_id] => 46c20819-194b-439d-b6d2-7e5ec5a67c23
)

[2026-01-15 15:50:57] [14 MB] [chunked_processor] Transient lookup result
    DATA: Array
(
    [option_name] => speed_backups_job_46c20819-194b-439d-b6d2-7e5ec5a67c23
    [found] => YES
)

[2026-01-15 15:50:57] [14 MB] [chunked_processor] Job retrieved successfully
    DATA: Array
(
    [status] => running
    [type] => restore
)

[2026-01-15 15:50:57] [14 MB] [chunked_processor] get_job called
    DATA: Array
(
    [job_id] => 46c20819-194b-439d-b6d2-7e5ec5a67c23
)

[2026-01-15 15:50:57] [14 MB] [chunked_processor] Transient lookup result
    DATA: Array
(
    [option_name] => speed_backups_job_46c20819-194b-439d-b6d2-7e5ec5a67c23
    [found] => YES
)

[2026-01-15 15:50:57] [14 MB] [chunked_processor] Job retrieved successfully
    DATA: Array
(
    [status] => running
    [type] => restore
)

[2026-01-15 15:50:57] [14 MB] [chunked_processor] save_job called
    DATA: Array
(
    [job_id] => 46c20819-194b-439d-b6d2-7e5ec5a67c23
    [status] => running
)

[2026-01-15 15:50:57] [14 MB] [chunked_processor] Transient save result
    DATA: Array
(
    [option_name] => speed_backups_job_46c20819-194b-439d-b6d2-7e5ec5a67c23
    [success] => YES
)

[2026-01-15 15:50:57] [14 MB] [chunked_processor] Option save result
    DATA: Array
(
    [option_name] => speed_backups_job_46c20819-194b-439d-b6d2-7e5ec5a67c23
    [success] => YES
)

[2026-01-15 15:50:57] [14 MB] [chunked_processor] Save verification (direct DB)
    DATA: Array
(
    [verified] => YES
)

[2026-01-15 15:50:57] [14 MB] [chunked_processor] get_job called
    DATA: Array
(
    [job_id] => 46c20819-194b-439d-b6d2-7e5ec5a67c23
)

[2026-01-15 15:50:57] [14 MB] [chunked_processor] Transient lookup result
    DATA: Array
(
    [option_name] => speed_backups_job_46c20819-194b-439d-b6d2-7e5ec5a67c23
    [found] => YES
)

[2026-01-15 15:50:57] [14 MB] [chunked_processor] Job retrieved successfully
    DATA: Array
(
    [status] => running
    [type] => restore
)

[2026-01-15 15:50:57] [14 MB] [chunked_processor] save_job called
    DATA: Array
(
    [job_id] => 46c20819-194b-439d-b6d2-7e5ec5a67c23
    [status] => running
)

[2026-01-15 15:50:57] [14 MB] [chunked_processor] Transient save result
    DATA: Array
(
    [option_name] => speed_backups_job_46c20819-194b-439d-b6d2-7e5ec5a67c23
    [success] => YES
)

[2026-01-15 15:50:57] [14 MB] [chunked_processor] Option save result
    DATA: Array
(
    [option_name] => speed_backups_job_46c20819-194b-439d-b6d2-7e5ec5a67c23
    [success] => YES
)

[2026-01-15 15:50:57] [14 MB] [chunked_processor] Save verification (direct DB)
    DATA: Array
(
    [verified] => YES
)

[2026-01-15 15:50:57] [14 MB] [chunked_processor] get_job called
    DATA: Array
(
    [job_id] => 46c20819-194b-439d-b6d2-7e5ec5a67c23
)

[2026-01-15 15:50:57] [14 MB] [chunked_processor] Transient lookup result
    DATA: Array
(
    [option_name] => speed_backups_job_46c20819-194b-439d-b6d2-7e5ec5a67c23
    [found] => YES
)

[2026-01-15 15:50:57] [14 MB] [chunked_processor] Job retrieved successfully
    DATA: Array
(
    [status] => running
    [type] => restore
)

[2026-01-15 15:50:57] [14 MB] [chunked_processor] get_job called
    DATA: Array
(
    [job_id] => 46c20819-194b-439d-b6d2-7e5ec5a67c23
)

[2026-01-15 15:50:57] [14 MB] [chunked_processor] Transient lookup result
    DATA: Array
(
    [option_name] => speed_backups_job_46c20819-194b-439d-b6d2-7e5ec5a67c23
    [found] => YES
)

[2026-01-15 15:50:57] [14 MB] [chunked_processor] Job retrieved successfully
    DATA: Array
(
    [status] => running
    [type] => restore
)

[2026-01-15 15:50:58] [14 MB] [ERROR_HANDLER] PHP error handlers registered
[2026-01-15 15:50:58] [14 MB] [FUNCTION] >>> ENTER: process_chunk
    DATA: Array
(
    [0] => job_id
)

[2026-01-15 15:50:58] [14 MB] [chunked_processor] get_job called
    DATA: Array
(
    [job_id] => 46c20819-194b-439d-b6d2-7e5ec5a67c23
)

[2026-01-15 15:50:58] [14 MB] [chunked_processor] Transient lookup result
    DATA: Array
(
    [option_name] => speed_backups_job_46c20819-194b-439d-b6d2-7e5ec5a67c23
    [found] => YES
)

[2026-01-15 15:50:58] [14 MB] [chunked_processor] Job retrieved successfully
    DATA: Array
(
    [status] => running
    [type] => restore
)

[2026-01-15 15:50:58] [14 MB] [JOB_STATE] Job 46c20819-194b-439d-b6d2-7e5ec5a67c23 state
    DATA: Array
(
    [status] => running
    [type] => restore
    [phase] => extract
    [progress] => 64.758450977853
)

[2026-01-15 15:50:58] [14 MB] [chunked_processor] get_job called
    DATA: Array
(
    [job_id] => 46c20819-194b-439d-b6d2-7e5ec5a67c23
)

[2026-01-15 15:50:58] [14 MB] [chunked_processor] Transient lookup result
    DATA: Array
(
    [option_name] => speed_backups_job_46c20819-194b-439d-b6d2-7e5ec5a67c23
    [found] => YES
)

[2026-01-15 15:50:58] [14 MB] [chunked_processor] Job retrieved successfully
    DATA: Array
(
    [status] => running
    [type] => restore
)

[2026-01-15 15:50:58] [14 MB] [chunked_processor] get_job called
    DATA: Array
(
    [job_id] => 46c20819-194b-439d-b6d2-7e5ec5a67c23
)

[2026-01-15 15:50:58] [14 MB] [chunked_processor] Transient lookup result
    DATA: Array
(
    [option_name] => speed_backups_job_46c20819-194b-439d-b6d2-7e5ec5a67c23
    [found] => YES
)

[2026-01-15 15:50:58] [14 MB] [chunked_processor] Job retrieved successfully
    DATA: Array
(
    [status] => running
    [type] => restore
)

[2026-01-15 15:50:58] [14 MB] [chunked_processor] save_job called
    DATA: Array
(
    [job_id] => 46c20819-194b-439d-b6d2-7e5ec5a67c23
    [status] => running
)

[2026-01-15 15:50:58] [14 MB] [chunked_processor] Transient save result
    DATA: Array
(
    [option_name] => speed_backups_job_46c20819-194b-439d-b6d2-7e5ec5a67c23
    [success] => YES
)

[2026-01-15 15:50:58] [14 MB] [chunked_processor] Option save result
    DATA: Array
(
    [option_name] => speed_backups_job_46c20819-194b-439d-b6d2-7e5ec5a67c23
    [success] => YES
)

[2026-01-15 15:50:58] [14 MB] [chunked_processor] Save verification (direct DB)
    DATA: Array
(
    [verified] => YES
)

[2026-01-15 15:50:58] [14 MB] [chunked_processor] get_job called
    DATA: Array
(
    [job_id] => 46c20819-194b-439d-b6d2-7e5ec5a67c23
)

[2026-01-15 15:50:58] [14 MB] [chunked_processor] Transient lookup result
    DATA: Array
(
    [option_name] => speed_backups_job_46c20819-194b-439d-b6d2-7e5ec5a67c23
    [found] => YES
)

[2026-01-15 15:50:58] [14 MB] [chunked_processor] Job retrieved successfully
    DATA: Array
(
    [status] => running
    [type] => restore
)

[2026-01-15 15:50:58] [14 MB] [chunked_processor] save_job called
    DATA: Array
(
    [job_id] => 46c20819-194b-439d-b6d2-7e5ec5a67c23
    [status] => running
)

[2026-01-15 15:50:58] [14 MB] [chunked_processor] Transient save result
    DATA: Array
(
    [option_name] => speed_backups_job_46c20819-194b-439d-b6d2-7e5ec5a67c23
    [success] => YES
)

[2026-01-15 15:50:58] [14 MB] [chunked_processor] Option save result
    DATA: Array
(
    [option_name] => speed_backups_job_46c20819-194b-439d-b6d2-7e5ec5a67c23
    [success] => YES
)

[2026-01-15 15:50:58] [14 MB] [chunked_processor] Save verification (direct DB)
    DATA: Array
(
    [verified] => YES
)

[2026-01-15 15:50:58] [14 MB] [chunked_processor] get_job called
    DATA: Array
(
    [job_id] => 46c20819-194b-439d-b6d2-7e5ec5a67c23
)

[2026-01-15 15:50:58] [14 MB] [chunked_processor] Transient lookup result
    DATA: Array
(
    [option_name] => speed_backups_job_46c20819-194b-439d-b6d2-7e5ec5a67c23
    [found] => YES
)

[2026-01-15 15:50:58] [14 MB] [chunked_processor] Job retrieved successfully
    DATA: Array
(
    [status] => running
    [type] => restore
)

[2026-01-15 15:50:58] [14 MB] [chunked_processor] get_job called
    DATA: Array
(
    [job_id] => 46c20819-194b-439d-b6d2-7e5ec5a67c23
)

[2026-01-15 15:50:58] [14 MB] [chunked_processor] Transient lookup result
    DATA: Array
(
    [option_name] => speed_backups_job_46c20819-194b-439d-b6d2-7e5ec5a67c23
    [found] => YES
)

[2026-01-15 15:50:58] [14 MB] [chunked_processor] Job retrieved successfully
    DATA: Array
(
    [status] => running
    [type] => restore
)

[2026-01-15 15:50:59] [14 MB] [ERROR_HANDLER] PHP error handlers registered
[2026-01-15 15:50:59] [14 MB] [FUNCTION] >>> ENTER: process_chunk
    DATA: Array
(
    [0] => job_id
)

[2026-01-15 15:50:59] [14 MB] [chunked_processor] get_job called
    DATA: Array
(
    [job_id] => 46c20819-194b-439d-b6d2-7e5ec5a67c23
)

[2026-01-15 15:50:59] [14 MB] [chunked_processor] Transient lookup result
    DATA: Array
(
    [option_name] => speed_backups_job_46c20819-194b-439d-b6d2-7e5ec5a67c23
    [found] => YES
)

[2026-01-15 15:50:59] [14 MB] [chunked_processor] Job retrieved successfully
    DATA: Array
(
    [status] => running
    [type] => restore
)

[2026-01-15 15:50:59] [14 MB] [JOB_STATE] Job 46c20819-194b-439d-b6d2-7e5ec5a67c23 state
    DATA: Array
(
    [status] => running
    [type] => restore
    [phase] => extract
    [progress] => 66.05361999741
)

[2026-01-15 15:50:59] [14 MB] [chunked_processor] get_job called
    DATA: Array
(
    [job_id] => 46c20819-194b-439d-b6d2-7e5ec5a67c23
)

[2026-01-15 15:50:59] [14 MB] [chunked_processor] Transient lookup result
    DATA: Array
(
    [option_name] => speed_backups_job_46c20819-194b-439d-b6d2-7e5ec5a67c23
    [found] => YES
)

[2026-01-15 15:50:59] [14 MB] [chunked_processor] Job retrieved successfully
    DATA: Array
(
    [status] => running
    [type] => restore
)

[2026-01-15 15:50:59] [14 MB] [chunked_processor] get_job called
    DATA: Array
(
    [job_id] => 46c20819-194b-439d-b6d2-7e5ec5a67c23
)

[2026-01-15 15:50:59] [14 MB] [chunked_processor] Transient lookup result
    DATA: Array
(
    [option_name] => speed_backups_job_46c20819-194b-439d-b6d2-7e5ec5a67c23
    [found] => YES
)

[2026-01-15 15:50:59] [14 MB] [chunked_processor] Job retrieved successfully
    DATA: Array
(
    [status] => running
    [type] => restore
)

[2026-01-15 15:50:59] [14 MB] [chunked_processor] save_job called
    DATA: Array
(
    [job_id] => 46c20819-194b-439d-b6d2-7e5ec5a67c23
    [status] => running
)

[2026-01-15 15:50:59] [14 MB] [chunked_processor] Transient save result
    DATA: Array
(
    [option_name] => speed_backups_job_46c20819-194b-439d-b6d2-7e5ec5a67c23
    [success] => YES
)

[2026-01-15 15:50:59] [14 MB] [chunked_processor] Option save result
    DATA: Array
(
    [option_name] => speed_backups_job_46c20819-194b-439d-b6d2-7e5ec5a67c23
    [success] => YES
)

[2026-01-15 15:50:59] [14 MB] [chunked_processor] Save verification (direct DB)
    DATA: Array
(
    [verified] => YES
)

[2026-01-15 15:50:59] [14 MB] [chunked_processor] get_job called
    DATA: Array
(
    [job_id] => 46c20819-194b-439d-b6d2-7e5ec5a67c23
)

[2026-01-15 15:50:59] [14 MB] [chunked_processor] Transient lookup result
    DATA: Array
(
    [option_name] => speed_backups_job_46c20819-194b-439d-b6d2-7e5ec5a67c23
    [found] => YES
)

[2026-01-15 15:50:59] [14 MB] [chunked_processor] Job retrieved successfully
    DATA: Array
(
    [status] => running
    [type] => restore
)

[2026-01-15 15:50:59] [14 MB] [chunked_processor] save_job called
    DATA: Array
(
    [job_id] => 46c20819-194b-439d-b6d2-7e5ec5a67c23
    [status] => running
)

[2026-01-15 15:50:59] [14 MB] [chunked_processor] Transient save result
    DATA: Array
(
    [option_name] => speed_backups_job_46c20819-194b-439d-b6d2-7e5ec5a67c23
    [success] => YES
)

[2026-01-15 15:50:59] [14 MB] [chunked_processor] Option save result
    DATA: Array
(
    [option_name] => speed_backups_job_46c20819-194b-439d-b6d2-7e5ec5a67c23
    [success] => YES
)

[2026-01-15 15:50:59] [14 MB] [chunked_processor] Save verification (direct DB)
    DATA: Array
(
    [verified] => YES
)

[2026-01-15 15:50:59] [14 MB] [chunked_processor] get_job called
    DATA: Array
(
    [job_id] => 46c20819-194b-439d-b6d2-7e5ec5a67c23
)

[2026-01-15 15:50:59] [14 MB] [chunked_processor] Transient lookup result
    DATA: Array
(
    [option_name] => speed_backups_job_46c20819-194b-439d-b6d2-7e5ec5a67c23
    [found] => YES
)

[2026-01-15 15:50:59] [14 MB] [chunked_processor] Job retrieved successfully
    DATA: Array
(
    [status] => running
    [type] => restore
)

[2026-01-15 15:50:59] [14 MB] [chunked_processor] get_job called
    DATA: Array
(
    [job_id] => 46c20819-194b-439d-b6d2-7e5ec5a67c23
)

[2026-01-15 15:50:59] [14 MB] [chunked_processor] Transient lookup result
    DATA: Array
(
    [option_name] => speed_backups_job_46c20819-194b-439d-b6d2-7e5ec5a67c23
    [found] => YES
)

[2026-01-15 15:50:59] [14 MB] [chunked_processor] Job retrieved successfully
    DATA: Array
(
    [status] => running
    [type] => restore
)

[2026-01-15 15:51:00] [14 MB] [ERROR_HANDLER] PHP error handlers registered
[2026-01-15 15:51:00] [14 MB] [FUNCTION] >>> ENTER: process_chunk
    DATA: Array
(
    [0] => job_id
)

[2026-01-15 15:51:00] [14 MB] [chunked_processor] get_job called
    DATA: Array
(
    [job_id] => 46c20819-194b-439d-b6d2-7e5ec5a67c23
)

[2026-01-15 15:51:00] [14 MB] [chunked_processor] Transient lookup result
    DATA: Array
(
    [option_name] => speed_backups_job_46c20819-194b-439d-b6d2-7e5ec5a67c23
    [found] => YES
)

[2026-01-15 15:51:00] [14 MB] [chunked_processor] Job retrieved successfully
    DATA: Array
(
    [status] => running
    [type] => restore
)

[2026-01-15 15:51:00] [14 MB] [JOB_STATE] Job 46c20819-194b-439d-b6d2-7e5ec5a67c23 state
    DATA: Array
(
    [status] => running
    [type] => restore
    [phase] => extract
    [progress] => 67.348789016967
)

[2026-01-15 15:51:00] [14 MB] [chunked_processor] get_job called
    DATA: Array
(
    [job_id] => 46c20819-194b-439d-b6d2-7e5ec5a67c23
)

[2026-01-15 15:51:00] [14 MB] [chunked_processor] Transient lookup result
    DATA: Array
(
    [option_name] => speed_backups_job_46c20819-194b-439d-b6d2-7e5ec5a67c23
    [found] => YES
)

[2026-01-15 15:51:00] [14 MB] [chunked_processor] Job retrieved successfully
    DATA: Array
(
    [status] => running
    [type] => restore
)

[2026-01-15 15:51:00] [14 MB] [chunked_processor] get_job called
    DATA: Array
(
    [job_id] => 46c20819-194b-439d-b6d2-7e5ec5a67c23
)

[2026-01-15 15:51:00] [14 MB] [chunked_processor] Transient lookup result
    DATA: Array
(
    [option_name] => speed_backups_job_46c20819-194b-439d-b6d2-7e5ec5a67c23
    [found] => YES
)

[2026-01-15 15:51:00] [14 MB] [chunked_processor] Job retrieved successfully
    DATA: Array
(
    [status] => running
    [type] => restore
)

[2026-01-15 15:51:00] [14 MB] [chunked_processor] save_job called
    DATA: Array
(
    [job_id] => 46c20819-194b-439d-b6d2-7e5ec5a67c23
    [status] => running
)

[2026-01-15 15:51:00] [14 MB] [chunked_processor] Transient save result
    DATA: Array
(
    [option_name] => speed_backups_job_46c20819-194b-439d-b6d2-7e5ec5a67c23
    [success] => YES
)

[2026-01-15 15:51:00] [14 MB] [chunked_processor] Option save result
    DATA: Array
(
    [option_name] => speed_backups_job_46c20819-194b-439d-b6d2-7e5ec5a67c23
    [success] => YES
)

[2026-01-15 15:51:00] [14 MB] [chunked_processor] Save verification (direct DB)
    DATA: Array
(
    [verified] => YES
)

[2026-01-15 15:51:00] [14 MB] [chunked_processor] get_job called
    DATA: Array
(
    [job_id] => 46c20819-194b-439d-b6d2-7e5ec5a67c23
)

[2026-01-15 15:51:00] [14 MB] [chunked_processor] Transient lookup result
    DATA: Array
(
    [option_name] => speed_backups_job_46c20819-194b-439d-b6d2-7e5ec5a67c23
    [found] => YES
)

[2026-01-15 15:51:00] [14 MB] [chunked_processor] Job retrieved successfully
    DATA: Array
(
    [status] => running
    [type] => restore
)

[2026-01-15 15:51:00] [14 MB] [chunked_processor] save_job called
    DATA: Array
(
    [job_id] => 46c20819-194b-439d-b6d2-7e5ec5a67c23
    [status] => running
)

[2026-01-15 15:51:00] [14 MB] [chunked_processor] Transient save result
    DATA: Array
(
    [option_name] => speed_backups_job_46c20819-194b-439d-b6d2-7e5ec5a67c23
    [success] => YES
)

[2026-01-15 15:51:00] [14 MB] [chunked_processor] Option save result
    DATA: Array
(
    [option_name] => speed_backups_job_46c20819-194b-439d-b6d2-7e5ec5a67c23
    [success] => YES
)

[2026-01-15 15:51:00] [14 MB] [chunked_processor] Save verification (direct DB)
    DATA: Array
(
    [verified] => YES
)

[2026-01-15 15:51:00] [14 MB] [chunked_processor] get_job called
    DATA: Array
(
    [job_id] => 46c20819-194b-439d-b6d2-7e5ec5a67c23
)

[2026-01-15 15:51:00] [14 MB] [chunked_processor] Transient lookup result
    DATA: Array
(
    [option_name] => speed_backups_job_46c20819-194b-439d-b6d2-7e5ec5a67c23
    [found] => YES
)

[2026-01-15 15:51:00] [14 MB] [chunked_processor] Job retrieved successfully
    DATA: Array
(
    [status] => running
    [type] => restore
)

[2026-01-15 15:51:00] [14 MB] [chunked_processor] get_job called
    DATA: Array
(
    [job_id] => 46c20819-194b-439d-b6d2-7e5ec5a67c23
)

[2026-01-15 15:51:00] [14 MB] [chunked_processor] Transient lookup result
    DATA: Array
(
    [option_name] => speed_backups_job_46c20819-194b-439d-b6d2-7e5ec5a67c23
    [found] => YES
)

[2026-01-15 15:51:00] [14 MB] [chunked_processor] Job retrieved successfully
    DATA: Array
(
    [status] => running
    [type] => restore
)

[2026-01-15 15:51:01] [14 MB] [ERROR_HANDLER] PHP error handlers registered
[2026-01-15 15:51:01] [14 MB] [FUNCTION] >>> ENTER: process_chunk
    DATA: Array
(
    [0] => job_id
)

[2026-01-15 15:51:01] [14 MB] [chunked_processor] get_job called
    DATA: Array
(
    [job_id] => 46c20819-194b-439d-b6d2-7e5ec5a67c23
)

[2026-01-15 15:51:01] [14 MB] [chunked_processor] Transient lookup result
    DATA: Array
(
    [option_name] => speed_backups_job_46c20819-194b-439d-b6d2-7e5ec5a67c23
    [found] => YES
)

[2026-01-15 15:51:01] [14 MB] [chunked_processor] Job retrieved successfully
    DATA: Array
(
    [status] => running
    [type] => restore
)

[2026-01-15 15:51:01] [14 MB] [JOB_STATE] Job 46c20819-194b-439d-b6d2-7e5ec5a67c23 state
    DATA: Array
(
    [status] => running
    [type] => restore
    [phase] => extract
    [progress] => 68.643958036524
)

[2026-01-15 15:51:01] [14 MB] [chunked_processor] get_job called
    DATA: Array
(
    [job_id] => 46c20819-194b-439d-b6d2-7e5ec5a67c23
)

[2026-01-15 15:51:01] [14 MB] [chunked_processor] Transient lookup result
    DATA: Array
(
    [option_name] => speed_backups_job_46c20819-194b-439d-b6d2-7e5ec5a67c23
    [found] => YES
)

[2026-01-15 15:51:01] [14 MB] [chunked_processor] Job retrieved successfully
    DATA: Array
(
    [status] => running
    [type] => restore
)

[2026-01-15 15:51:01] [14 MB] [chunked_processor] get_job called
    DATA: Array
(
    [job_id] => 46c20819-194b-439d-b6d2-7e5ec5a67c23
)

[2026-01-15 15:51:01] [14 MB] [chunked_processor] Transient lookup result
    DATA: Array
(
    [option_name] => speed_backups_job_46c20819-194b-439d-b6d2-7e5ec5a67c23
    [found] => YES
)

[2026-01-15 15:51:01] [14 MB] [chunked_processor] Job retrieved successfully
    DATA: Array
(
    [status] => running
    [type] => restore
)

[2026-01-15 15:51:01] [14 MB] [chunked_processor] save_job called
    DATA: Array
(
    [job_id] => 46c20819-194b-439d-b6d2-7e5ec5a67c23
    [status] => running
)

[2026-01-15 15:51:01] [14 MB] [chunked_processor] Transient save result
    DATA: Array
(
    [option_name] => speed_backups_job_46c20819-194b-439d-b6d2-7e5ec5a67c23
    [success] => YES
)

[2026-01-15 15:51:01] [14 MB] [chunked_processor] Option save result
    DATA: Array
(
    [option_name] => speed_backups_job_46c20819-194b-439d-b6d2-7e5ec5a67c23
    [success] => YES
)

[2026-01-15 15:51:01] [14 MB] [chunked_processor] Save verification (direct DB)
    DATA: Array
(
    [verified] => YES
)

[2026-01-15 15:51:01] [14 MB] [chunked_processor] get_job called
    DATA: Array
(
    [job_id] => 46c20819-194b-439d-b6d2-7e5ec5a67c23
)

[2026-01-15 15:51:01] [14 MB] [chunked_processor] Transient lookup result
    DATA: Array
(
    [option_name] => speed_backups_job_46c20819-194b-439d-b6d2-7e5ec5a67c23
    [found] => YES
)

[2026-01-15 15:51:01] [14 MB] [chunked_processor] Job retrieved successfully
    DATA: Array
(
    [status] => running
    [type] => restore
)

[2026-01-15 15:51:01] [14 MB] [chunked_processor] save_job called
    DATA: Array
(
    [job_id] => 46c20819-194b-439d-b6d2-7e5ec5a67c23
    [status] => running
)

[2026-01-15 15:51:01] [14 MB] [chunked_processor] Transient save result
    DATA: Array
(
    [option_name] => speed_backups_job_46c20819-194b-439d-b6d2-7e5ec5a67c23
    [success] => YES
)

[2026-01-15 15:51:01] [14 MB] [chunked_processor] Option save result
    DATA: Array
(
    [option_name] => speed_backups_job_46c20819-194b-439d-b6d2-7e5ec5a67c23
    [success] => YES
)

[2026-01-15 15:51:01] [14 MB] [chunked_processor] Save verification (direct DB)
    DATA: Array
(
    [verified] => YES
)

[2026-01-15 15:51:01] [14 MB] [chunked_processor] get_job called
    DATA: Array
(
    [job_id] => 46c20819-194b-439d-b6d2-7e5ec5a67c23
)

[2026-01-15 15:51:01] [14 MB] [chunked_processor] Transient lookup result
    DATA: Array
(
    [option_name] => speed_backups_job_46c20819-194b-439d-b6d2-7e5ec5a67c23
    [found] => YES
)

[2026-01-15 15:51:01] [14 MB] [chunked_processor] Job retrieved successfully
    DATA: Array
(
    [status] => running
    [type] => restore
)

[2026-01-15 15:51:01] [14 MB] [chunked_processor] get_job called
    DATA: Array
(
    [job_id] => 46c20819-194b-439d-b6d2-7e5ec5a67c23
)

[2026-01-15 15:51:01] [14 MB] [chunked_processor] Transient lookup result
    DATA: Array
(
    [option_name] => speed_backups_job_46c20819-194b-439d-b6d2-7e5ec5a67c23
    [found] => YES
)

[2026-01-15 15:51:01] [14 MB] [chunked_processor] Job retrieved successfully
    DATA: Array
(
    [status] => running
    [type] => restore
)

[2026-01-15 15:51:02] [14 MB] [ERROR_HANDLER] PHP error handlers registered
[2026-01-15 15:51:02] [14 MB] [FUNCTION] >>> ENTER: process_chunk
    DATA: Array
(
    [0] => job_id
)

[2026-01-15 15:51:02] [14 MB] [chunked_processor] get_job called
    DATA: Array
(
    [job_id] => 46c20819-194b-439d-b6d2-7e5ec5a67c23
)

[2026-01-15 15:51:02] [14 MB] [chunked_processor] Transient lookup result
    DATA: Array
(
    [option_name] => speed_backups_job_46c20819-194b-439d-b6d2-7e5ec5a67c23
    [found] => YES
)

[2026-01-15 15:51:02] [14 MB] [chunked_processor] Job retrieved successfully
    DATA: Array
(
    [status] => running
    [type] => restore
)

[2026-01-15 15:51:02] [14 MB] [JOB_STATE] Job 46c20819-194b-439d-b6d2-7e5ec5a67c23 state
    DATA: Array
(
    [status] => running
    [type] => restore
    [phase] => extract
    [progress] => 69.939127056081
)

[2026-01-15 15:51:02] [14 MB] [chunked_processor] get_job called
    DATA: Array
(
    [job_id] => 46c20819-194b-439d-b6d2-7e5ec5a67c23
)

[2026-01-15 15:51:02] [14 MB] [chunked_processor] Transient lookup result
    DATA: Array
(
    [option_name] => speed_backups_job_46c20819-194b-439d-b6d2-7e5ec5a67c23
    [found] => YES
)

[2026-01-15 15:51:02] [14 MB] [chunked_processor] Job retrieved successfully
    DATA: Array
(
    [status] => running
    [type] => restore
)

[2026-01-15 15:51:02] [14 MB] [chunked_processor] get_job called
    DATA: Array
(
    [job_id] => 46c20819-194b-439d-b6d2-7e5ec5a67c23
)

[2026-01-15 15:51:02] [14 MB] [chunked_processor] Transient lookup result
    DATA: Array
(
    [option_name] => speed_backups_job_46c20819-194b-439d-b6d2-7e5ec5a67c23
    [found] => YES
)

[2026-01-15 15:51:02] [14 MB] [chunked_processor] Job retrieved successfully
    DATA: Array
(
    [status] => running
    [type] => restore
)

[2026-01-15 15:51:02] [14 MB] [chunked_processor] save_job called
    DATA: Array
(
    [job_id] => 46c20819-194b-439d-b6d2-7e5ec5a67c23
    [status] => running
)

[2026-01-15 15:51:02] [14 MB] [chunked_processor] Transient save result
    DATA: Array
(
    [option_name] => speed_backups_job_46c20819-194b-439d-b6d2-7e5ec5a67c23
    [success] => YES
)

[2026-01-15 15:51:02] [14 MB] [chunked_processor] Option save result
    DATA: Array
(
    [option_name] => speed_backups_job_46c20819-194b-439d-b6d2-7e5ec5a67c23
    [success] => YES
)

[2026-01-15 15:51:02] [14 MB] [chunked_processor] Save verification (direct DB)
    DATA: Array
(
    [verified] => YES
)

[2026-01-15 15:51:02] [16 MB] [chunked_processor] get_job called
    DATA: Array
(
    [job_id] => 46c20819-194b-439d-b6d2-7e5ec5a67c23
)

[2026-01-15 15:51:02] [16 MB] [chunked_processor] Transient lookup result
    DATA: Array
(
    [option_name] => speed_backups_job_46c20819-194b-439d-b6d2-7e5ec5a67c23
    [found] => YES
)

[2026-01-15 15:51:02] [16 MB] [chunked_processor] Job retrieved successfully
    DATA: Array
(
    [status] => running
    [type] => restore
)

[2026-01-15 15:51:02] [16 MB] [chunked_processor] save_job called
    DATA: Array
(
    [job_id] => 46c20819-194b-439d-b6d2-7e5ec5a67c23
    [status] => running
)

[2026-01-15 15:51:02] [16 MB] [chunked_processor] Transient save result
    DATA: Array
(
    [option_name] => speed_backups_job_46c20819-194b-439d-b6d2-7e5ec5a67c23
    [success] => YES
)

[2026-01-15 15:51:02] [16 MB] [chunked_processor] Option save result
    DATA: Array
(
    [option_name] => speed_backups_job_46c20819-194b-439d-b6d2-7e5ec5a67c23
    [success] => YES
)

[2026-01-15 15:51:02] [16 MB] [chunked_processor] Save verification (direct DB)
    DATA: Array
(
    [verified] => YES
)

[2026-01-15 15:51:02] [16 MB] [chunked_processor] get_job called
    DATA: Array
(
    [job_id] => 46c20819-194b-439d-b6d2-7e5ec5a67c23
)

[2026-01-15 15:51:02] [16 MB] [chunked_processor] Transient lookup result
    DATA: Array
(
    [option_name] => speed_backups_job_46c20819-194b-439d-b6d2-7e5ec5a67c23
    [found] => YES
)

[2026-01-15 15:51:02] [16 MB] [chunked_processor] Job retrieved successfully
    DATA: Array
(
    [status] => running
    [type] => restore
)

[2026-01-15 15:51:02] [16 MB] [chunked_processor] get_job called
    DATA: Array
(
    [job_id] => 46c20819-194b-439d-b6d2-7e5ec5a67c23
)

[2026-01-15 15:51:02] [16 MB] [chunked_processor] Transient lookup result
    DATA: Array
(
    [option_name] => speed_backups_job_46c20819-194b-439d-b6d2-7e5ec5a67c23
    [found] => YES
)

[2026-01-15 15:51:02] [16 MB] [chunked_processor] Job retrieved successfully
    DATA: Array
(
    [status] => running
    [type] => restore
)

[2026-01-15 15:51:03] [14 MB] [ERROR_HANDLER] PHP error handlers registered
[2026-01-15 15:51:03] [14 MB] [FUNCTION] >>> ENTER: process_chunk
    DATA: Array
(
    [0] => job_id
)

[2026-01-15 15:51:03] [14 MB] [chunked_processor] get_job called
    DATA: Array
(
    [job_id] => 46c20819-194b-439d-b6d2-7e5ec5a67c23
)

[2026-01-15 15:51:03] [14 MB] [chunked_processor] Transient lookup result
    DATA: Array
(
    [option_name] => speed_backups_job_46c20819-194b-439d-b6d2-7e5ec5a67c23
    [found] => YES
)

[2026-01-15 15:51:03] [14 MB] [chunked_processor] Job retrieved successfully
    DATA: Array
(
    [status] => running
    [type] => restore
)

[2026-01-15 15:51:03] [14 MB] [JOB_STATE] Job 46c20819-194b-439d-b6d2-7e5ec5a67c23 state
    DATA: Array
(
    [status] => running
    [type] => restore
    [phase] => extract
    [progress] => 71.234296075638
)

[2026-01-15 15:51:03] [14 MB] [chunked_processor] get_job called
    DATA: Array
(
    [job_id] => 46c20819-194b-439d-b6d2-7e5ec5a67c23
)

[2026-01-15 15:51:03] [14 MB] [chunked_processor] Transient lookup result
    DATA: Array
(
    [option_name] => speed_backups_job_46c20819-194b-439d-b6d2-7e5ec5a67c23
    [found] => YES
)

[2026-01-15 15:51:03] [14 MB] [chunked_processor] Job retrieved successfully
    DATA: Array
(
    [status] => running
    [type] => restore
)

[2026-01-15 15:51:03] [14 MB] [chunked_processor] get_job called
    DATA: Array
(
    [job_id] => 46c20819-194b-439d-b6d2-7e5ec5a67c23
)

[2026-01-15 15:51:03] [14 MB] [chunked_processor] Transient lookup result
    DATA: Array
(
    [option_name] => speed_backups_job_46c20819-194b-439d-b6d2-7e5ec5a67c23
    [found] => YES
)

[2026-01-15 15:51:03] [14 MB] [chunked_processor] Job retrieved successfully
    DATA: Array
(
    [status] => running
    [type] => restore
)

[2026-01-15 15:51:03] [14 MB] [chunked_processor] save_job called
    DATA: Array
(
    [job_id] => 46c20819-194b-439d-b6d2-7e5ec5a67c23
    [status] => running
)

[2026-01-15 15:51:03] [14 MB] [chunked_processor] Transient save result
    DATA: Array
(
    [option_name] => speed_backups_job_46c20819-194b-439d-b6d2-7e5ec5a67c23
    [success] => YES
)

[2026-01-15 15:51:03] [14 MB] [chunked_processor] Option save result
    DATA: Array
(
    [option_name] => speed_backups_job_46c20819-194b-439d-b6d2-7e5ec5a67c23
    [success] => YES
)

[2026-01-15 15:51:03] [14 MB] [chunked_processor] Save verification (direct DB)
    DATA: Array
(
    [verified] => YES
)

[2026-01-15 15:51:03] [16 MB] [chunked_processor] get_job called
    DATA: Array
(
    [job_id] => 46c20819-194b-439d-b6d2-7e5ec5a67c23
)

[2026-01-15 15:51:03] [16 MB] [chunked_processor] Transient lookup result
    DATA: Array
(
    [option_name] => speed_backups_job_46c20819-194b-439d-b6d2-7e5ec5a67c23
    [found] => YES
)

[2026-01-15 15:51:03] [16 MB] [chunked_processor] Job retrieved successfully
    DATA: Array
(
    [status] => running
    [type] => restore
)

[2026-01-15 15:51:03] [16 MB] [chunked_processor] save_job called
    DATA: Array
(
    [job_id] => 46c20819-194b-439d-b6d2-7e5ec5a67c23
    [status] => running
)

[2026-01-15 15:51:03] [16 MB] [chunked_processor] Transient save result
    DATA: Array
(
    [option_name] => speed_backups_job_46c20819-194b-439d-b6d2-7e5ec5a67c23
    [success] => YES
)

[2026-01-15 15:51:03] [16 MB] [chunked_processor] Option save result
    DATA: Array
(
    [option_name] => speed_backups_job_46c20819-194b-439d-b6d2-7e5ec5a67c23
    [success] => YES
)

[2026-01-15 15:51:03] [16 MB] [chunked_processor] Save verification (direct DB)
    DATA: Array
(
    [verified] => YES
)

[2026-01-15 15:51:03] [16 MB] [chunked_processor] get_job called
    DATA: Array
(
    [job_id] => 46c20819-194b-439d-b6d2-7e5ec5a67c23
)

[2026-01-15 15:51:03] [16 MB] [chunked_processor] Transient lookup result
    DATA: Array
(
    [option_name] => speed_backups_job_46c20819-194b-439d-b6d2-7e5ec5a67c23
    [found] => YES
)

[2026-01-15 15:51:03] [16 MB] [chunked_processor] Job retrieved successfully
    DATA: Array
(
    [status] => running
    [type] => restore
)

[2026-01-15 15:51:03] [16 MB] [chunked_processor] get_job called
    DATA: Array
(
    [job_id] => 46c20819-194b-439d-b6d2-7e5ec5a67c23
)

[2026-01-15 15:51:03] [16 MB] [chunked_processor] Transient lookup result
    DATA: Array
(
    [option_name] => speed_backups_job_46c20819-194b-439d-b6d2-7e5ec5a67c23
    [found] => YES
)

[2026-01-15 15:51:03] [16 MB] [chunked_processor] Job retrieved successfully
    DATA: Array
(
    [status] => running
    [type] => restore
)

[2026-01-15 15:51:04] [14 MB] [ERROR_HANDLER] PHP error handlers registered
[2026-01-15 15:51:04] [14 MB] [FUNCTION] >>> ENTER: process_chunk
    DATA: Array
(
    [0] => job_id
)

[2026-01-15 15:51:04] [14 MB] [chunked_processor] get_job called
    DATA: Array
(
    [job_id] => 46c20819-194b-439d-b6d2-7e5ec5a67c23
)

[2026-01-15 15:51:04] [14 MB] [chunked_processor] Transient lookup result
    DATA: Array
(
    [option_name] => speed_backups_job_46c20819-194b-439d-b6d2-7e5ec5a67c23
    [found] => YES
)

[2026-01-15 15:51:04] [14 MB] [chunked_processor] Job retrieved successfully
    DATA: Array
(
    [status] => running
    [type] => restore
)

[2026-01-15 15:51:04] [14 MB] [JOB_STATE] Job 46c20819-194b-439d-b6d2-7e5ec5a67c23 state
    DATA: Array
(
    [status] => running
    [type] => restore
    [phase] => extract
    [progress] => 72.529465095195
)

[2026-01-15 15:51:04] [14 MB] [chunked_processor] get_job called
    DATA: Array
(
    [job_id] => 46c20819-194b-439d-b6d2-7e5ec5a67c23
)

[2026-01-15 15:51:04] [14 MB] [chunked_processor] Transient lookup result
    DATA: Array
(
    [option_name] => speed_backups_job_46c20819-194b-439d-b6d2-7e5ec5a67c23
    [found] => YES
)

[2026-01-15 15:51:04] [14 MB] [chunked_processor] Job retrieved successfully
    DATA: Array
(
    [status] => running
    [type] => restore
)

[2026-01-15 15:51:04] [14 MB] [chunked_processor] get_job called
    DATA: Array
(
    [job_id] => 46c20819-194b-439d-b6d2-7e5ec5a67c23
)

[2026-01-15 15:51:04] [14 MB] [chunked_processor] Transient lookup result
    DATA: Array
(
    [option_name] => speed_backups_job_46c20819-194b-439d-b6d2-7e5ec5a67c23
    [found] => YES
)

[2026-01-15 15:51:04] [14 MB] [chunked_processor] Job retrieved successfully
    DATA: Array
(
    [status] => running
    [type] => restore
)

[2026-01-15 15:51:04] [14 MB] [chunked_processor] save_job called
    DATA: Array
(
    [job_id] => 46c20819-194b-439d-b6d2-7e5ec5a67c23
    [status] => running
)

[2026-01-15 15:51:04] [14 MB] [chunked_processor] Transient save result
    DATA: Array
(
    [option_name] => speed_backups_job_46c20819-194b-439d-b6d2-7e5ec5a67c23
    [success] => YES
)

[2026-01-15 15:51:04] [14 MB] [chunked_processor] Option save result
    DATA: Array
(
    [option_name] => speed_backups_job_46c20819-194b-439d-b6d2-7e5ec5a67c23
    [success] => YES
)

[2026-01-15 15:51:04] [14 MB] [chunked_processor] Save verification (direct DB)
    DATA: Array
(
    [verified] => YES
)

[2026-01-15 15:51:04] [14 MB] [chunked_processor] get_job called
    DATA: Array
(
    [job_id] => 46c20819-194b-439d-b6d2-7e5ec5a67c23
)

[2026-01-15 15:51:04] [14 MB] [chunked_processor] Transient lookup result
    DATA: Array
(
    [option_name] => speed_backups_job_46c20819-194b-439d-b6d2-7e5ec5a67c23
    [found] => YES
)

[2026-01-15 15:51:04] [14 MB] [chunked_processor] Job retrieved successfully
    DATA: Array
(
    [status] => running
    [type] => restore
)

[2026-01-15 15:51:04] [14 MB] [chunked_processor] save_job called
    DATA: Array
(
    [job_id] => 46c20819-194b-439d-b6d2-7e5ec5a67c23
    [status] => running
)

[2026-01-15 15:51:04] [14 MB] [chunked_processor] Transient save result
    DATA: Array
(
    [option_name] => speed_backups_job_46c20819-194b-439d-b6d2-7e5ec5a67c23
    [success] => YES
)

[2026-01-15 15:51:04] [14 MB] [chunked_processor] Option save result
    DATA: Array
(
    [option_name] => speed_backups_job_46c20819-194b-439d-b6d2-7e5ec5a67c23
    [success] => YES
)

[2026-01-15 15:51:04] [14 MB] [chunked_processor] Save verification (direct DB)
    DATA: Array
(
    [verified] => YES
)

[2026-01-15 15:51:04] [14 MB] [chunked_processor] get_job called
    DATA: Array
(
    [job_id] => 46c20819-194b-439d-b6d2-7e5ec5a67c23
)

[2026-01-15 15:51:04] [14 MB] [chunked_processor] Transient lookup result
    DATA: Array
(
    [option_name] => speed_backups_job_46c20819-194b-439d-b6d2-7e5ec5a67c23
    [found] => YES
)

[2026-01-15 15:51:04] [14 MB] [chunked_processor] Job retrieved successfully
    DATA: Array
(
    [status] => running
    [type] => restore
)

[2026-01-15 15:51:04] [14 MB] [chunked_processor] get_job called
    DATA: Array
(
    [job_id] => 46c20819-194b-439d-b6d2-7e5ec5a67c23
)

[2026-01-15 15:51:04] [14 MB] [chunked_processor] Transient lookup result
    DATA: Array
(
    [option_name] => speed_backups_job_46c20819-194b-439d-b6d2-7e5ec5a67c23
    [found] => YES
)

[2026-01-15 15:51:04] [14 MB] [chunked_processor] Job retrieved successfully
    DATA: Array
(
    [status] => running
    [type] => restore
)

[2026-01-15 15:51:05] [14 MB] [ERROR_HANDLER] PHP error handlers registered
[2026-01-15 15:51:05] [14 MB] [FUNCTION] >>> ENTER: process_chunk
    DATA: Array
(
    [0] => job_id
)

[2026-01-15 15:51:05] [14 MB] [chunked_processor] get_job called
    DATA: Array
(
    [job_id] => 46c20819-194b-439d-b6d2-7e5ec5a67c23
)

[2026-01-15 15:51:05] [14 MB] [chunked_processor] Transient lookup result
    DATA: Array
(
    [option_name] => speed_backups_job_46c20819-194b-439d-b6d2-7e5ec5a67c23
    [found] => YES
)

[2026-01-15 15:51:05] [14 MB] [chunked_processor] Job retrieved successfully
    DATA: Array
(
    [status] => running
    [type] => restore
)

[2026-01-15 15:51:05] [14 MB] [JOB_STATE] Job 46c20819-194b-439d-b6d2-7e5ec5a67c23 state
    DATA: Array
(
    [status] => running
    [type] => restore
    [phase] => extract
    [progress] => 73.824634114752
)

[2026-01-15 15:51:05] [14 MB] [chunked_processor] get_job called
    DATA: Array
(
    [job_id] => 46c20819-194b-439d-b6d2-7e5ec5a67c23
)

[2026-01-15 15:51:05] [14 MB] [chunked_processor] Transient lookup result
    DATA: Array
(
    [option_name] => speed_backups_job_46c20819-194b-439d-b6d2-7e5ec5a67c23
    [found] => YES
)

[2026-01-15 15:51:05] [14 MB] [chunked_processor] Job retrieved successfully
    DATA: Array
(
    [status] => running
    [type] => restore
)

[2026-01-15 15:51:05] [14 MB] [chunked_processor] get_job called
    DATA: Array
(
    [job_id] => 46c20819-194b-439d-b6d2-7e5ec5a67c23
)

[2026-01-15 15:51:05] [14 MB] [chunked_processor] Transient lookup result
    DATA: Array
(
    [option_name] => speed_backups_job_46c20819-194b-439d-b6d2-7e5ec5a67c23
    [found] => YES
)

[2026-01-15 15:51:05] [14 MB] [chunked_processor] Job retrieved successfully
    DATA: Array
(
    [status] => running
    [type] => restore
)

[2026-01-15 15:51:05] [14 MB] [chunked_processor] save_job called
    DATA: Array
(
    [job_id] => 46c20819-194b-439d-b6d2-7e5ec5a67c23
    [status] => running
)

[2026-01-15 15:51:05] [14 MB] [chunked_processor] Transient save result
    DATA: Array
(
    [option_name] => speed_backups_job_46c20819-194b-439d-b6d2-7e5ec5a67c23
    [success] => YES
)

[2026-01-15 15:51:05] [14 MB] [chunked_processor] Option save result
    DATA: Array
(
    [option_name] => speed_backups_job_46c20819-194b-439d-b6d2-7e5ec5a67c23
    [success] => YES
)

[2026-01-15 15:51:05] [14 MB] [chunked_processor] Save verification (direct DB)
    DATA: Array
(
    [verified] => YES
)

[2026-01-15 15:51:05] [16 MB] [chunked_processor] get_job called
    DATA: Array
(
    [job_id] => 46c20819-194b-439d-b6d2-7e5ec5a67c23
)

[2026-01-15 15:51:05] [16 MB] [chunked_processor] Transient lookup result
    DATA: Array
(
    [option_name] => speed_backups_job_46c20819-194b-439d-b6d2-7e5ec5a67c23
    [found] => YES
)

[2026-01-15 15:51:05] [16 MB] [chunked_processor] Job retrieved successfully
    DATA: Array
(
    [status] => running
    [type] => restore
)

[2026-01-15 15:51:05] [16 MB] [chunked_processor] save_job called
    DATA: Array
(
    [job_id] => 46c20819-194b-439d-b6d2-7e5ec5a67c23
    [status] => running
)

[2026-01-15 15:51:05] [16 MB] [chunked_processor] Transient save result
    DATA: Array
(
    [option_name] => speed_backups_job_46c20819-194b-439d-b6d2-7e5ec5a67c23
    [success] => YES
)

[2026-01-15 15:51:05] [16 MB] [chunked_processor] Option save result
    DATA: Array
(
    [option_name] => speed_backups_job_46c20819-194b-439d-b6d2-7e5ec5a67c23
    [success] => YES
)

[2026-01-15 15:51:05] [16 MB] [chunked_processor] Save verification (direct DB)
    DATA: Array
(
    [verified] => YES
)

[2026-01-15 15:51:05] [16 MB] [chunked_processor] get_job called
    DATA: Array
(
    [job_id] => 46c20819-194b-439d-b6d2-7e5ec5a67c23
)

[2026-01-15 15:51:05] [16 MB] [chunked_processor] Transient lookup result
    DATA: Array
(
    [option_name] => speed_backups_job_46c20819-194b-439d-b6d2-7e5ec5a67c23
    [found] => YES
)

[2026-01-15 15:51:05] [16 MB] [chunked_processor] Job retrieved successfully
    DATA: Array
(
    [status] => running
    [type] => restore
)

[2026-01-15 15:51:05] [16 MB] [chunked_processor] get_job called
    DATA: Array
(
    [job_id] => 46c20819-194b-439d-b6d2-7e5ec5a67c23
)

[2026-01-15 15:51:05] [16 MB] [chunked_processor] Transient lookup result
    DATA: Array
(
    [option_name] => speed_backups_job_46c20819-194b-439d-b6d2-7e5ec5a67c23
    [found] => YES
)

[2026-01-15 15:51:05] [16 MB] [chunked_processor] Job retrieved successfully
    DATA: Array
(
    [status] => running
    [type] => restore
)

[2026-01-15 15:51:06] [14 MB] [ERROR_HANDLER] PHP error handlers registered
[2026-01-15 15:51:06] [14 MB] [FUNCTION] >>> ENTER: process_chunk
    DATA: Array
(
    [0] => job_id
)

[2026-01-15 15:51:06] [14 MB] [chunked_processor] get_job called
    DATA: Array
(
    [job_id] => 46c20819-194b-439d-b6d2-7e5ec5a67c23
)

[2026-01-15 15:51:06] [14 MB] [chunked_processor] Transient lookup result
    DATA: Array
(
    [option_name] => speed_backups_job_46c20819-194b-439d-b6d2-7e5ec5a67c23
    [found] => YES
)

[2026-01-15 15:51:06] [14 MB] [chunked_processor] Job retrieved successfully
    DATA: Array
(
    [status] => running
    [type] => restore
)

[2026-01-15 15:51:06] [14 MB] [JOB_STATE] Job 46c20819-194b-439d-b6d2-7e5ec5a67c23 state
    DATA: Array
(
    [status] => running
    [type] => restore
    [phase] => extract
    [progress] => 75.119803134309
)

[2026-01-15 15:51:06] [14 MB] [chunked_processor] get_job called
    DATA: Array
(
    [job_id] => 46c20819-194b-439d-b6d2-7e5ec5a67c23
)

[2026-01-15 15:51:06] [14 MB] [chunked_processor] Transient lookup result
    DATA: Array
(
    [option_name] => speed_backups_job_46c20819-194b-439d-b6d2-7e5ec5a67c23
    [found] => YES
)

[2026-01-15 15:51:06] [14 MB] [chunked_processor] Job retrieved successfully
    DATA: Array
(
    [status] => running
    [type] => restore
)

[2026-01-15 15:51:06] [14 MB] [chunked_processor] get_job called
    DATA: Array
(
    [job_id] => 46c20819-194b-439d-b6d2-7e5ec5a67c23
)

[2026-01-15 15:51:06] [14 MB] [chunked_processor] Transient lookup result
    DATA: Array
(
    [option_name] => speed_backups_job_46c20819-194b-439d-b6d2-7e5ec5a67c23
    [found] => YES
)

[2026-01-15 15:51:06] [14 MB] [chunked_processor] Job retrieved successfully
    DATA: Array
(
    [status] => running
    [type] => restore
)

[2026-01-15 15:51:06] [14 MB] [chunked_processor] save_job called
    DATA: Array
(
    [job_id] => 46c20819-194b-439d-b6d2-7e5ec5a67c23
    [status] => running
)

[2026-01-15 15:51:06] [14 MB] [chunked_processor] Transient save result
    DATA: Array
(
    [option_name] => speed_backups_job_46c20819-194b-439d-b6d2-7e5ec5a67c23
    [success] => YES
)

[2026-01-15 15:51:06] [14 MB] [chunked_processor] Option save result
    DATA: Array
(
    [option_name] => speed_backups_job_46c20819-194b-439d-b6d2-7e5ec5a67c23
    [success] => YES
)

[2026-01-15 15:51:06] [14 MB] [chunked_processor] Save verification (direct DB)
    DATA: Array
(
    [verified] => YES
)

[2026-01-15 15:51:06] [16 MB] [chunked_processor] get_job called
    DATA: Array
(
    [job_id] => 46c20819-194b-439d-b6d2-7e5ec5a67c23
)

[2026-01-15 15:51:06] [16 MB] [chunked_processor] Transient lookup result
    DATA: Array
(
    [option_name] => speed_backups_job_46c20819-194b-439d-b6d2-7e5ec5a67c23
    [found] => YES
)

[2026-01-15 15:51:06] [16 MB] [chunked_processor] Job retrieved successfully
    DATA: Array
(
    [status] => running
    [type] => restore
)

[2026-01-15 15:51:06] [16 MB] [chunked_processor] save_job called
    DATA: Array
(
    [job_id] => 46c20819-194b-439d-b6d2-7e5ec5a67c23
    [status] => running
)

[2026-01-15 15:51:06] [16 MB] [chunked_processor] Transient save result
    DATA: Array
(
    [option_name] => speed_backups_job_46c20819-194b-439d-b6d2-7e5ec5a67c23
    [success] => YES
)

[2026-01-15 15:51:06] [16 MB] [chunked_processor] Option save result
    DATA: Array
(
    [option_name] => speed_backups_job_46c20819-194b-439d-b6d2-7e5ec5a67c23
    [success] => YES
)

[2026-01-15 15:51:06] [16 MB] [chunked_processor] Save verification (direct DB)
    DATA: Array
(
    [verified] => YES
)

[2026-01-15 15:51:06] [16 MB] [chunked_processor] get_job called
    DATA: Array
(
    [job_id] => 46c20819-194b-439d-b6d2-7e5ec5a67c23
)

[2026-01-15 15:51:06] [16 MB] [chunked_processor] Transient lookup result
    DATA: Array
(
    [option_name] => speed_backups_job_46c20819-194b-439d-b6d2-7e5ec5a67c23
    [found] => YES
)

[2026-01-15 15:51:06] [16 MB] [chunked_processor] Job retrieved successfully
    DATA: Array
(
    [status] => running
    [type] => restore
)

[2026-01-15 15:51:06] [16 MB] [chunked_processor] get_job called
    DATA: Array
(
    [job_id] => 46c20819-194b-439d-b6d2-7e5ec5a67c23
)

[2026-01-15 15:51:06] [16 MB] [chunked_processor] Transient lookup result
    DATA: Array
(
    [option_name] => speed_backups_job_46c20819-194b-439d-b6d2-7e5ec5a67c23
    [found] => YES
)

[2026-01-15 15:51:06] [16 MB] [chunked_processor] Job retrieved successfully
    DATA: Array
(
    [status] => running
    [type] => restore
)

[2026-01-15 15:51:07] [14 MB] [ERROR_HANDLER] PHP error handlers registered
[2026-01-15 15:51:07] [14 MB] [FUNCTION] >>> ENTER: process_chunk
    DATA: Array
(
    [0] => job_id
)

[2026-01-15 15:51:07] [14 MB] [chunked_processor] get_job called
    DATA: Array
(
    [job_id] => 46c20819-194b-439d-b6d2-7e5ec5a67c23
)

[2026-01-15 15:51:07] [14 MB] [chunked_processor] Transient lookup result
    DATA: Array
(
    [option_name] => speed_backups_job_46c20819-194b-439d-b6d2-7e5ec5a67c23
    [found] => YES
)

[2026-01-15 15:51:07] [14 MB] [chunked_processor] Job retrieved successfully
    DATA: Array
(
    [status] => running
    [type] => restore
)

[2026-01-15 15:51:07] [14 MB] [JOB_STATE] Job 46c20819-194b-439d-b6d2-7e5ec5a67c23 state
    DATA: Array
(
    [status] => running
    [type] => restore
    [phase] => extract
    [progress] => 76.414972153866
)

[2026-01-15 15:51:07] [14 MB] [chunked_processor] get_job called
    DATA: Array
(
    [job_id] => 46c20819-194b-439d-b6d2-7e5ec5a67c23
)

[2026-01-15 15:51:07] [14 MB] [chunked_processor] Transient lookup result
    DATA: Array
(
    [option_name] => speed_backups_job_46c20819-194b-439d-b6d2-7e5ec5a67c23
    [found] => YES
)

[2026-01-15 15:51:07] [14 MB] [chunked_processor] Job retrieved successfully
    DATA: Array
(
    [status] => running
    [type] => restore
)

[2026-01-15 15:51:07] [14 MB] [chunked_processor] get_job called
    DATA: Array
(
    [job_id] => 46c20819-194b-439d-b6d2-7e5ec5a67c23
)

[2026-01-15 15:51:07] [14 MB] [chunked_processor] Transient lookup result
    DATA: Array
(
    [option_name] => speed_backups_job_46c20819-194b-439d-b6d2-7e5ec5a67c23
    [found] => YES
)

[2026-01-15 15:51:07] [14 MB] [chunked_processor] Job retrieved successfully
    DATA: Array
(
    [status] => running
    [type] => restore
)

[2026-01-15 15:51:07] [14 MB] [chunked_processor] save_job called
    DATA: Array
(
    [job_id] => 46c20819-194b-439d-b6d2-7e5ec5a67c23
    [status] => running
)

[2026-01-15 15:51:07] [14 MB] [chunked_processor] Transient save result
    DATA: Array
(
    [option_name] => speed_backups_job_46c20819-194b-439d-b6d2-7e5ec5a67c23
    [success] => YES
)

[2026-01-15 15:51:07] [14 MB] [chunked_processor] Option save result
    DATA: Array
(
    [option_name] => speed_backups_job_46c20819-194b-439d-b6d2-7e5ec5a67c23
    [success] => YES
)

[2026-01-15 15:51:07] [14 MB] [chunked_processor] Save verification (direct DB)
    DATA: Array
(
    [verified] => YES
)

[2026-01-15 15:51:07] [16 MB] [chunked_processor] get_job called
    DATA: Array
(
    [job_id] => 46c20819-194b-439d-b6d2-7e5ec5a67c23
)

[2026-01-15 15:51:07] [16 MB] [chunked_processor] Transient lookup result
    DATA: Array
(
    [option_name] => speed_backups_job_46c20819-194b-439d-b6d2-7e5ec5a67c23
    [found] => YES
)

[2026-01-15 15:51:07] [16 MB] [chunked_processor] Job retrieved successfully
    DATA: Array
(
    [status] => running
    [type] => restore
)

[2026-01-15 15:51:07] [16 MB] [chunked_processor] save_job called
    DATA: Array
(
    [job_id] => 46c20819-194b-439d-b6d2-7e5ec5a67c23
    [status] => running
)

[2026-01-15 15:51:07] [16 MB] [chunked_processor] Transient save result
    DATA: Array
(
    [option_name] => speed_backups_job_46c20819-194b-439d-b6d2-7e5ec5a67c23
    [success] => YES
)

[2026-01-15 15:51:07] [16 MB] [chunked_processor] Option save result
    DATA: Array
(
    [option_name] => speed_backups_job_46c20819-194b-439d-b6d2-7e5ec5a67c23
    [success] => YES
)

[2026-01-15 15:51:07] [16 MB] [chunked_processor] Save verification (direct DB)
    DATA: Array
(
    [verified] => YES
)

[2026-01-15 15:51:07] [16 MB] [chunked_processor] get_job called
    DATA: Array
(
    [job_id] => 46c20819-194b-439d-b6d2-7e5ec5a67c23
)

[2026-01-15 15:51:07] [16 MB] [chunked_processor] Transient lookup result
    DATA: Array
(
    [option_name] => speed_backups_job_46c20819-194b-439d-b6d2-7e5ec5a67c23
    [found] => YES
)

[2026-01-15 15:51:07] [16 MB] [chunked_processor] Job retrieved successfully
    DATA: Array
(
    [status] => running
    [type] => restore
)

[2026-01-15 15:51:07] [16 MB] [chunked_processor] get_job called
    DATA: Array
(
    [job_id] => 46c20819-194b-439d-b6d2-7e5ec5a67c23
)

[2026-01-15 15:51:07] [16 MB] [chunked_processor] Transient lookup result
    DATA: Array
(
    [option_name] => speed_backups_job_46c20819-194b-439d-b6d2-7e5ec5a67c23
    [found] => YES
)

[2026-01-15 15:51:07] [16 MB] [chunked_processor] Job retrieved successfully
    DATA: Array
(
    [status] => running
    [type] => restore
)

[2026-01-15 15:51:08] [14 MB] [ERROR_HANDLER] PHP error handlers registered
[2026-01-15 15:51:08] [14 MB] [FUNCTION] >>> ENTER: process_chunk
    DATA: Array
(
    [0] => job_id
)

[2026-01-15 15:51:08] [14 MB] [chunked_processor] get_job called
    DATA: Array
(
    [job_id] => 46c20819-194b-439d-b6d2-7e5ec5a67c23
)

[2026-01-15 15:51:08] [14 MB] [chunked_processor] Transient lookup result
    DATA: Array
(
    [option_name] => speed_backups_job_46c20819-194b-439d-b6d2-7e5ec5a67c23
    [found] => YES
)

[2026-01-15 15:51:08] [14 MB] [chunked_processor] Job retrieved successfully
    DATA: Array
(
    [status] => running
    [type] => restore
)

[2026-01-15 15:51:08] [14 MB] [JOB_STATE] Job 46c20819-194b-439d-b6d2-7e5ec5a67c23 state
    DATA: Array
(
    [status] => running
    [type] => restore
    [phase] => extract
    [progress] => 77.710141173423
)

[2026-01-15 15:51:08] [14 MB] [chunked_processor] get_job called
    DATA: Array
(
    [job_id] => 46c20819-194b-439d-b6d2-7e5ec5a67c23
)

[2026-01-15 15:51:08] [14 MB] [chunked_processor] Transient lookup result
    DATA: Array
(
    [option_name] => speed_backups_job_46c20819-194b-439d-b6d2-7e5ec5a67c23
    [found] => YES
)

[2026-01-15 15:51:08] [14 MB] [chunked_processor] Job retrieved successfully
    DATA: Array
(
    [status] => running
    [type] => restore
)

[2026-01-15 15:51:08] [14 MB] [chunked_processor] get_job called
    DATA: Array
(
    [job_id] => 46c20819-194b-439d-b6d2-7e5ec5a67c23
)

[2026-01-15 15:51:08] [14 MB] [chunked_processor] Transient lookup result
    DATA: Array
(
    [option_name] => speed_backups_job_46c20819-194b-439d-b6d2-7e5ec5a67c23
    [found] => YES
)

[2026-01-15 15:51:08] [14 MB] [chunked_processor] Job retrieved successfully
    DATA: Array
(
    [status] => running
    [type] => restore
)

[2026-01-15 15:51:08] [14 MB] [chunked_processor] save_job called
    DATA: Array
(
    [job_id] => 46c20819-194b-439d-b6d2-7e5ec5a67c23
    [status] => running
)

[2026-01-15 15:51:08] [14 MB] [chunked_processor] Transient save result
    DATA: Array
(
    [option_name] => speed_backups_job_46c20819-194b-439d-b6d2-7e5ec5a67c23
    [success] => YES
)

[2026-01-15 15:51:08] [14 MB] [chunked_processor] Option save result
    DATA: Array
(
    [option_name] => speed_backups_job_46c20819-194b-439d-b6d2-7e5ec5a67c23
    [success] => YES
)

[2026-01-15 15:51:08] [14 MB] [chunked_processor] Save verification (direct DB)
    DATA: Array
(
    [verified] => YES
)

[2026-01-15 15:51:08] [14 MB] [chunked_processor] get_job called
    DATA: Array
(
    [job_id] => 46c20819-194b-439d-b6d2-7e5ec5a67c23
)

[2026-01-15 15:51:08] [14 MB] [chunked_processor] Transient lookup result
    DATA: Array
(
    [option_name] => speed_backups_job_46c20819-194b-439d-b6d2-7e5ec5a67c23
    [found] => YES
)

[2026-01-15 15:51:08] [14 MB] [chunked_processor] Job retrieved successfully
    DATA: Array
(
    [status] => running
    [type] => restore
)

[2026-01-15 15:51:08] [14 MB] [chunked_processor] save_job called
    DATA: Array
(
    [job_id] => 46c20819-194b-439d-b6d2-7e5ec5a67c23
    [status] => running
)

[2026-01-15 15:51:08] [14 MB] [chunked_processor] Transient save result
    DATA: Array
(
    [option_name] => speed_backups_job_46c20819-194b-439d-b6d2-7e5ec5a67c23
    [success] => YES
)

[2026-01-15 15:51:08] [14 MB] [chunked_processor] Option save result
    DATA: Array
(
    [option_name] => speed_backups_job_46c20819-194b-439d-b6d2-7e5ec5a67c23
    [success] => YES
)

[2026-01-15 15:51:08] [14 MB] [chunked_processor] Save verification (direct DB)
    DATA: Array
(
    [verified] => YES
)

[2026-01-15 15:51:08] [14 MB] [chunked_processor] get_job called
    DATA: Array
(
    [job_id] => 46c20819-194b-439d-b6d2-7e5ec5a67c23
)

[2026-01-15 15:51:08] [14 MB] [chunked_processor] Transient lookup result
    DATA: Array
(
    [option_name] => speed_backups_job_46c20819-194b-439d-b6d2-7e5ec5a67c23
    [found] => YES
)

[2026-01-15 15:51:08] [14 MB] [chunked_processor] Job retrieved successfully
    DATA: Array
(
    [status] => running
    [type] => restore
)

[2026-01-15 15:51:08] [14 MB] [chunked_processor] get_job called
    DATA: Array
(
    [job_id] => 46c20819-194b-439d-b6d2-7e5ec5a67c23
)

[2026-01-15 15:51:08] [14 MB] [chunked_processor] Transient lookup result
    DATA: Array
(
    [option_name] => speed_backups_job_46c20819-194b-439d-b6d2-7e5ec5a67c23
    [found] => YES
)

[2026-01-15 15:51:08] [14 MB] [chunked_processor] Job retrieved successfully
    DATA: Array
(
    [status] => running
    [type] => restore
)

[2026-01-15 15:51:09] [14 MB] [ERROR_HANDLER] PHP error handlers registered
[2026-01-15 15:51:09] [14 MB] [FUNCTION] >>> ENTER: process_chunk
    DATA: Array
(
    [0] => job_id
)

[2026-01-15 15:51:09] [14 MB] [chunked_processor] get_job called
    DATA: Array
(
    [job_id] => 46c20819-194b-439d-b6d2-7e5ec5a67c23
)

[2026-01-15 15:51:09] [14 MB] [chunked_processor] Transient lookup result
    DATA: Array
(
    [option_name] => speed_backups_job_46c20819-194b-439d-b6d2-7e5ec5a67c23
    [found] => YES
)

[2026-01-15 15:51:09] [14 MB] [chunked_processor] Job retrieved successfully
    DATA: Array
(
    [status] => running
    [type] => restore
)

[2026-01-15 15:51:09] [14 MB] [JOB_STATE] Job 46c20819-194b-439d-b6d2-7e5ec5a67c23 state
    DATA: Array
(
    [status] => running
    [type] => restore
    [phase] => extract
    [progress] => 79.00531019298
)

[2026-01-15 15:51:09] [14 MB] [chunked_processor] get_job called
    DATA: Array
(
    [job_id] => 46c20819-194b-439d-b6d2-7e5ec5a67c23
)

[2026-01-15 15:51:09] [14 MB] [chunked_processor] Transient lookup result
    DATA: Array
(
    [option_name] => speed_backups_job_46c20819-194b-439d-b6d2-7e5ec5a67c23
    [found] => YES
)

[2026-01-15 15:51:09] [14 MB] [chunked_processor] Job retrieved successfully
    DATA: Array
(
    [status] => running
    [type] => restore
)

[2026-01-15 15:51:09] [14 MB] [chunked_processor] get_job called
    DATA: Array
(
    [job_id] => 46c20819-194b-439d-b6d2-7e5ec5a67c23
)

[2026-01-15 15:51:09] [14 MB] [chunked_processor] Transient lookup result
    DATA: Array
(
    [option_name] => speed_backups_job_46c20819-194b-439d-b6d2-7e5ec5a67c23
    [found] => YES
)

[2026-01-15 15:51:09] [14 MB] [chunked_processor] Job retrieved successfully
    DATA: Array
(
    [status] => running
    [type] => restore
)

[2026-01-15 15:51:09] [14 MB] [chunked_processor] save_job called
    DATA: Array
(
    [job_id] => 46c20819-194b-439d-b6d2-7e5ec5a67c23
    [status] => running
)

[2026-01-15 15:51:09] [14 MB] [chunked_processor] Transient save result
    DATA: Array
(
    [option_name] => speed_backups_job_46c20819-194b-439d-b6d2-7e5ec5a67c23
    [success] => YES
)

[2026-01-15 15:51:09] [14 MB] [chunked_processor] Option save result
    DATA: Array
(
    [option_name] => speed_backups_job_46c20819-194b-439d-b6d2-7e5ec5a67c23
    [success] => YES
)

[2026-01-15 15:51:09] [14 MB] [chunked_processor] Save verification (direct DB)
    DATA: Array
(
    [verified] => YES
)

[2026-01-15 15:51:09] [14 MB] [chunked_processor] get_job called
    DATA: Array
(
    [job_id] => 46c20819-194b-439d-b6d2-7e5ec5a67c23
)

[2026-01-15 15:51:09] [14 MB] [chunked_processor] Transient lookup result
    DATA: Array
(
    [option_name] => speed_backups_job_46c20819-194b-439d-b6d2-7e5ec5a67c23
    [found] => YES
)

[2026-01-15 15:51:09] [14 MB] [chunked_processor] Job retrieved successfully
    DATA: Array
(
    [status] => running
    [type] => restore
)

[2026-01-15 15:51:09] [14 MB] [chunked_processor] save_job called
    DATA: Array
(
    [job_id] => 46c20819-194b-439d-b6d2-7e5ec5a67c23
    [status] => running
)

[2026-01-15 15:51:09] [14 MB] [chunked_processor] Transient save result
    DATA: Array
(
    [option_name] => speed_backups_job_46c20819-194b-439d-b6d2-7e5ec5a67c23
    [success] => YES
)

[2026-01-15 15:51:09] [14 MB] [chunked_processor] Option save result
    DATA: Array
(
    [option_name] => speed_backups_job_46c20819-194b-439d-b6d2-7e5ec5a67c23
    [success] => YES
)

[2026-01-15 15:51:09] [14 MB] [chunked_processor] Save verification (direct DB)
    DATA: Array
(
    [verified] => YES
)

[2026-01-15 15:51:09] [14 MB] [chunked_processor] get_job called
    DATA: Array
(
    [job_id] => 46c20819-194b-439d-b6d2-7e5ec5a67c23
)

[2026-01-15 15:51:09] [14 MB] [chunked_processor] Transient lookup result
    DATA: Array
(
    [option_name] => speed_backups_job_46c20819-194b-439d-b6d2-7e5ec5a67c23
    [found] => YES
)

[2026-01-15 15:51:09] [14 MB] [chunked_processor] Job retrieved successfully
    DATA: Array
(
    [status] => running
    [type] => restore
)

[2026-01-15 15:51:09] [14 MB] [chunked_processor] get_job called
    DATA: Array
(
    [job_id] => 46c20819-194b-439d-b6d2-7e5ec5a67c23
)

[2026-01-15 15:51:09] [14 MB] [chunked_processor] Transient lookup result
    DATA: Array
(
    [option_name] => speed_backups_job_46c20819-194b-439d-b6d2-7e5ec5a67c23
    [found] => YES
)

[2026-01-15 15:51:09] [14 MB] [chunked_processor] Job retrieved successfully
    DATA: Array
(
    [status] => running
    [type] => restore
)

[2026-01-15 15:51:10] [14 MB] [ERROR_HANDLER] PHP error handlers registered
[2026-01-15 15:51:10] [14 MB] [FUNCTION] >>> ENTER: process_chunk
    DATA: Array
(
    [0] => job_id
)

[2026-01-15 15:51:10] [14 MB] [chunked_processor] get_job called
    DATA: Array
(
    [job_id] => 46c20819-194b-439d-b6d2-7e5ec5a67c23
)

[2026-01-15 15:51:10] [14 MB] [chunked_processor] Transient lookup result
    DATA: Array
(
    [option_name] => speed_backups_job_46c20819-194b-439d-b6d2-7e5ec5a67c23
    [found] => YES
)

[2026-01-15 15:51:10] [14 MB] [chunked_processor] Job retrieved successfully
    DATA: Array
(
    [status] => running
    [type] => restore
)

[2026-01-15 15:51:10] [14 MB] [JOB_STATE] Job 46c20819-194b-439d-b6d2-7e5ec5a67c23 state
    DATA: Array
(
    [status] => running
    [type] => restore
    [phase] => extract
    [progress] => 80.300479212537
)

[2026-01-15 15:51:10] [14 MB] [chunked_processor] get_job called
    DATA: Array
(
    [job_id] => 46c20819-194b-439d-b6d2-7e5ec5a67c23
)

[2026-01-15 15:51:10] [14 MB] [chunked_processor] Transient lookup result
    DATA: Array
(
    [option_name] => speed_backups_job_46c20819-194b-439d-b6d2-7e5ec5a67c23
    [found] => YES
)

[2026-01-15 15:51:10] [14 MB] [chunked_processor] Job retrieved successfully
    DATA: Array
(
    [status] => running
    [type] => restore
)

[2026-01-15 15:51:10] [14 MB] [chunked_processor] get_job called
    DATA: Array
(
    [job_id] => 46c20819-194b-439d-b6d2-7e5ec5a67c23
)

[2026-01-15 15:51:10] [14 MB] [chunked_processor] Transient lookup result
    DATA: Array
(
    [option_name] => speed_backups_job_46c20819-194b-439d-b6d2-7e5ec5a67c23
    [found] => YES
)

[2026-01-15 15:51:10] [14 MB] [chunked_processor] Job retrieved successfully
    DATA: Array
(
    [status] => running
    [type] => restore
)

[2026-01-15 15:51:10] [14 MB] [chunked_processor] save_job called
    DATA: Array
(
    [job_id] => 46c20819-194b-439d-b6d2-7e5ec5a67c23
    [status] => running
)

[2026-01-15 15:51:10] [14 MB] [chunked_processor] Transient save result
    DATA: Array
(
    [option_name] => speed_backups_job_46c20819-194b-439d-b6d2-7e5ec5a67c23
    [success] => YES
)

[2026-01-15 15:51:10] [14 MB] [chunked_processor] Option save result
    DATA: Array
(
    [option_name] => speed_backups_job_46c20819-194b-439d-b6d2-7e5ec5a67c23
    [success] => YES
)

[2026-01-15 15:51:10] [14 MB] [chunked_processor] Save verification (direct DB)
    DATA: Array
(
    [verified] => YES
)

[2026-01-15 15:51:10] [14 MB] [chunked_processor] get_job called
    DATA: Array
(
    [job_id] => 46c20819-194b-439d-b6d2-7e5ec5a67c23
)

[2026-01-15 15:51:10] [14 MB] [chunked_processor] Transient lookup result
    DATA: Array
(
    [option_name] => speed_backups_job_46c20819-194b-439d-b6d2-7e5ec5a67c23
    [found] => YES
)

[2026-01-15 15:51:10] [14 MB] [chunked_processor] Job retrieved successfully
    DATA: Array
(
    [status] => running
    [type] => restore
)

[2026-01-15 15:51:10] [14 MB] [chunked_processor] save_job called
    DATA: Array
(
    [job_id] => 46c20819-194b-439d-b6d2-7e5ec5a67c23
    [status] => running
)

[2026-01-15 15:51:10] [14 MB] [chunked_processor] Transient save result
    DATA: Array
(
    [option_name] => speed_backups_job_46c20819-194b-439d-b6d2-7e5ec5a67c23
    [success] => YES
)

[2026-01-15 15:51:10] [14 MB] [chunked_processor] Option save result
    DATA: Array
(
    [option_name] => speed_backups_job_46c20819-194b-439d-b6d2-7e5ec5a67c23
    [success] => YES
)

[2026-01-15 15:51:10] [14 MB] [chunked_processor] Save verification (direct DB)
    DATA: Array
(
    [verified] => YES
)

[2026-01-15 15:51:10] [14 MB] [chunked_processor] get_job called
    DATA: Array
(
    [job_id] => 46c20819-194b-439d-b6d2-7e5ec5a67c23
)

[2026-01-15 15:51:10] [14 MB] [chunked_processor] Transient lookup result
    DATA: Array
(
    [option_name] => speed_backups_job_46c20819-194b-439d-b6d2-7e5ec5a67c23
    [found] => YES
)

[2026-01-15 15:51:10] [14 MB] [chunked_processor] Job retrieved successfully
    DATA: Array
(
    [status] => running
    [type] => restore
)

[2026-01-15 15:51:10] [14 MB] [chunked_processor] get_job called
    DATA: Array
(
    [job_id] => 46c20819-194b-439d-b6d2-7e5ec5a67c23
)

[2026-01-15 15:51:10] [14 MB] [chunked_processor] Transient lookup result
    DATA: Array
(
    [option_name] => speed_backups_job_46c20819-194b-439d-b6d2-7e5ec5a67c23
    [found] => YES
)

[2026-01-15 15:51:10] [14 MB] [chunked_processor] Job retrieved successfully
    DATA: Array
(
    [status] => running
    [type] => restore
)

[2026-01-15 15:51:11] [14 MB] [ERROR_HANDLER] PHP error handlers registered
[2026-01-15 15:51:11] [14 MB] [FUNCTION] >>> ENTER: process_chunk
    DATA: Array
(
    [0] => job_id
)

[2026-01-15 15:51:11] [14 MB] [chunked_processor] get_job called
    DATA: Array
(
    [job_id] => 46c20819-194b-439d-b6d2-7e5ec5a67c23
)

[2026-01-15 15:51:11] [14 MB] [chunked_processor] Transient lookup result
    DATA: Array
(
    [option_name] => speed_backups_job_46c20819-194b-439d-b6d2-7e5ec5a67c23
    [found] => YES
)

[2026-01-15 15:51:11] [14 MB] [chunked_processor] Job retrieved successfully
    DATA: Array
(
    [status] => running
    [type] => restore
)

[2026-01-15 15:51:11] [14 MB] [JOB_STATE] Job 46c20819-194b-439d-b6d2-7e5ec5a67c23 state
    DATA: Array
(
    [status] => running
    [type] => restore
    [phase] => extract
    [progress] => 81.595648232094
)

[2026-01-15 15:51:11] [14 MB] [chunked_processor] get_job called
    DATA: Array
(
    [job_id] => 46c20819-194b-439d-b6d2-7e5ec5a67c23
)

[2026-01-15 15:51:11] [14 MB] [chunked_processor] Transient lookup result
    DATA: Array
(
    [option_name] => speed_backups_job_46c20819-194b-439d-b6d2-7e5ec5a67c23
    [found] => YES
)

[2026-01-15 15:51:11] [14 MB] [chunked_processor] Job retrieved successfully
    DATA: Array
(
    [status] => running
    [type] => restore
)

[2026-01-15 15:51:11] [14 MB] [chunked_processor] get_job called
    DATA: Array
(
    [job_id] => 46c20819-194b-439d-b6d2-7e5ec5a67c23
)

[2026-01-15 15:51:11] [14 MB] [chunked_processor] Transient lookup result
    DATA: Array
(
    [option_name] => speed_backups_job_46c20819-194b-439d-b6d2-7e5ec5a67c23
    [found] => YES
)

[2026-01-15 15:51:11] [14 MB] [chunked_processor] Job retrieved successfully
    DATA: Array
(
    [status] => running
    [type] => restore
)

[2026-01-15 15:51:11] [14 MB] [chunked_processor] save_job called
    DATA: Array
(
    [job_id] => 46c20819-194b-439d-b6d2-7e5ec5a67c23
    [status] => running
)

[2026-01-15 15:51:11] [14 MB] [chunked_processor] Transient save result
    DATA: Array
(
    [option_name] => speed_backups_job_46c20819-194b-439d-b6d2-7e5ec5a67c23
    [success] => YES
)

[2026-01-15 15:51:11] [14 MB] [chunked_processor] Option save result
    DATA: Array
(
    [option_name] => speed_backups_job_46c20819-194b-439d-b6d2-7e5ec5a67c23
    [success] => YES
)

[2026-01-15 15:51:11] [14 MB] [chunked_processor] Save verification (direct DB)
    DATA: Array
(
    [verified] => YES
)

[2026-01-15 15:51:11] [14 MB] [chunked_processor] get_job called
    DATA: Array
(
    [job_id] => 46c20819-194b-439d-b6d2-7e5ec5a67c23
)

[2026-01-15 15:51:11] [14 MB] [chunked_processor] Transient lookup result
    DATA: Array
(
    [option_name] => speed_backups_job_46c20819-194b-439d-b6d2-7e5ec5a67c23
    [found] => YES
)

[2026-01-15 15:51:11] [14 MB] [chunked_processor] Job retrieved successfully
    DATA: Array
(
    [status] => running
    [type] => restore
)

[2026-01-15 15:51:11] [14 MB] [chunked_processor] save_job called
    DATA: Array
(
    [job_id] => 46c20819-194b-439d-b6d2-7e5ec5a67c23
    [status] => running
)

[2026-01-15 15:51:11] [14 MB] [chunked_processor] Transient save result
    DATA: Array
(
    [option_name] => speed_backups_job_46c20819-194b-439d-b6d2-7e5ec5a67c23
    [success] => YES
)

[2026-01-15 15:51:11] [14 MB] [chunked_processor] Option save result
    DATA: Array
(
    [option_name] => speed_backups_job_46c20819-194b-439d-b6d2-7e5ec5a67c23
    [success] => YES
)

[2026-01-15 15:51:11] [14 MB] [chunked_processor] Save verification (direct DB)
    DATA: Array
(
    [verified] => YES
)

[2026-01-15 15:51:11] [14 MB] [chunked_processor] get_job called
    DATA: Array
(
    [job_id] => 46c20819-194b-439d-b6d2-7e5ec5a67c23
)

[2026-01-15 15:51:11] [14 MB] [chunked_processor] Transient lookup result
    DATA: Array
(
    [option_name] => speed_backups_job_46c20819-194b-439d-b6d2-7e5ec5a67c23
    [found] => YES
)

[2026-01-15 15:51:11] [14 MB] [chunked_processor] Job retrieved successfully
    DATA: Array
(
    [status] => running
    [type] => restore
)

[2026-01-15 15:51:11] [14 MB] [chunked_processor] get_job called
    DATA: Array
(
    [job_id] => 46c20819-194b-439d-b6d2-7e5ec5a67c23
)

[2026-01-15 15:51:11] [14 MB] [chunked_processor] Transient lookup result
    DATA: Array
(
    [option_name] => speed_backups_job_46c20819-194b-439d-b6d2-7e5ec5a67c23
    [found] => YES
)

[2026-01-15 15:51:11] [14 MB] [chunked_processor] Job retrieved successfully
    DATA: Array
(
    [status] => running
    [type] => restore
)

[2026-01-15 15:51:12] [14 MB] [ERROR_HANDLER] PHP error handlers registered
[2026-01-15 15:51:12] [14 MB] [FUNCTION] >>> ENTER: process_chunk
    DATA: Array
(
    [0] => job_id
)

[2026-01-15 15:51:12] [14 MB] [chunked_processor] get_job called
    DATA: Array
(
    [job_id] => 46c20819-194b-439d-b6d2-7e5ec5a67c23
)

[2026-01-15 15:51:12] [14 MB] [chunked_processor] Transient lookup result
    DATA: Array
(
    [option_name] => speed_backups_job_46c20819-194b-439d-b6d2-7e5ec5a67c23
    [found] => YES
)

[2026-01-15 15:51:12] [14 MB] [chunked_processor] Job retrieved successfully
    DATA: Array
(
    [status] => running
    [type] => restore
)

[2026-01-15 15:51:12] [14 MB] [JOB_STATE] Job 46c20819-194b-439d-b6d2-7e5ec5a67c23 state
    DATA: Array
(
    [status] => running
    [type] => restore
    [phase] => extract
    [progress] => 82.890817251651
)

[2026-01-15 15:51:12] [14 MB] [chunked_processor] get_job called
    DATA: Array
(
    [job_id] => 46c20819-194b-439d-b6d2-7e5ec5a67c23
)

[2026-01-15 15:51:12] [14 MB] [chunked_processor] Transient lookup result
    DATA: Array
(
    [option_name] => speed_backups_job_46c20819-194b-439d-b6d2-7e5ec5a67c23
    [found] => YES
)

[2026-01-15 15:51:12] [14 MB] [chunked_processor] Job retrieved successfully
    DATA: Array
(
    [status] => running
    [type] => restore
)

[2026-01-15 15:51:12] [14 MB] [chunked_processor] get_job called
    DATA: Array
(
    [job_id] => 46c20819-194b-439d-b6d2-7e5ec5a67c23
)

[2026-01-15 15:51:12] [14 MB] [chunked_processor] Transient lookup result
    DATA: Array
(
    [option_name] => speed_backups_job_46c20819-194b-439d-b6d2-7e5ec5a67c23
    [found] => YES
)

[2026-01-15 15:51:12] [14 MB] [chunked_processor] Job retrieved successfully
    DATA: Array
(
    [status] => running
    [type] => restore
)

[2026-01-15 15:51:12] [14 MB] [chunked_processor] save_job called
    DATA: Array
(
    [job_id] => 46c20819-194b-439d-b6d2-7e5ec5a67c23
    [status] => running
)

[2026-01-15 15:51:12] [14 MB] [chunked_processor] Transient save result
    DATA: Array
(
    [option_name] => speed_backups_job_46c20819-194b-439d-b6d2-7e5ec5a67c23
    [success] => YES
)

[2026-01-15 15:51:12] [14 MB] [chunked_processor] Option save result
    DATA: Array
(
    [option_name] => speed_backups_job_46c20819-194b-439d-b6d2-7e5ec5a67c23
    [success] => YES
)

[2026-01-15 15:51:12] [14 MB] [chunked_processor] Save verification (direct DB)
    DATA: Array
(
    [verified] => YES
)

[2026-01-15 15:51:12] [14 MB] [chunked_processor] get_job called
    DATA: Array
(
    [job_id] => 46c20819-194b-439d-b6d2-7e5ec5a67c23
)

[2026-01-15 15:51:12] [14 MB] [chunked_processor] Transient lookup result
    DATA: Array
(
    [option_name] => speed_backups_job_46c20819-194b-439d-b6d2-7e5ec5a67c23
    [found] => YES
)

[2026-01-15 15:51:12] [14 MB] [chunked_processor] Job retrieved successfully
    DATA: Array
(
    [status] => running
    [type] => restore
)

[2026-01-15 15:51:12] [14 MB] [chunked_processor] save_job called
    DATA: Array
(
    [job_id] => 46c20819-194b-439d-b6d2-7e5ec5a67c23
    [status] => running
)

[2026-01-15 15:51:12] [14 MB] [chunked_processor] Transient save result
    DATA: Array
(
    [option_name] => speed_backups_job_46c20819-194b-439d-b6d2-7e5ec5a67c23
    [success] => YES
)

[2026-01-15 15:51:12] [14 MB] [chunked_processor] Option save result
    DATA: Array
(
    [option_name] => speed_backups_job_46c20819-194b-439d-b6d2-7e5ec5a67c23
    [success] => YES
)

[2026-01-15 15:51:12] [14 MB] [chunked_processor] Save verification (direct DB)
    DATA: Array
(
    [verified] => YES
)

[2026-01-15 15:51:12] [14 MB] [chunked_processor] get_job called
    DATA: Array
(
    [job_id] => 46c20819-194b-439d-b6d2-7e5ec5a67c23
)

[2026-01-15 15:51:12] [14 MB] [chunked_processor] Transient lookup result
    DATA: Array
(
    [option_name] => speed_backups_job_46c20819-194b-439d-b6d2-7e5ec5a67c23
    [found] => YES
)

[2026-01-15 15:51:12] [14 MB] [chunked_processor] Job retrieved successfully
    DATA: Array
(
    [status] => running
    [type] => restore
)

[2026-01-15 15:51:12] [14 MB] [chunked_processor] get_job called
    DATA: Array
(
    [job_id] => 46c20819-194b-439d-b6d2-7e5ec5a67c23
)

[2026-01-15 15:51:12] [14 MB] [chunked_processor] Transient lookup result
    DATA: Array
(
    [option_name] => speed_backups_job_46c20819-194b-439d-b6d2-7e5ec5a67c23
    [found] => YES
)

[2026-01-15 15:51:12] [14 MB] [chunked_processor] Job retrieved successfully
    DATA: Array
(
    [status] => running
    [type] => restore
)

[2026-01-15 15:51:13] [14 MB] [ERROR_HANDLER] PHP error handlers registered
[2026-01-15 15:51:13] [14 MB] [FUNCTION] >>> ENTER: process_chunk
    DATA: Array
(
    [0] => job_id
)

[2026-01-15 15:51:13] [14 MB] [chunked_processor] get_job called
    DATA: Array
(
    [job_id] => 46c20819-194b-439d-b6d2-7e5ec5a67c23
)

[2026-01-15 15:51:13] [14 MB] [chunked_processor] Transient lookup result
    DATA: Array
(
    [option_name] => speed_backups_job_46c20819-194b-439d-b6d2-7e5ec5a67c23
    [found] => YES
)

[2026-01-15 15:51:13] [14 MB] [chunked_processor] Job retrieved successfully
    DATA: Array
(
    [status] => running
    [type] => restore
)

[2026-01-15 15:51:13] [14 MB] [JOB_STATE] Job 46c20819-194b-439d-b6d2-7e5ec5a67c23 state
    DATA: Array
(
    [status] => running
    [type] => restore
    [phase] => extract
    [progress] => 84.185986271208
)

[2026-01-15 15:51:13] [14 MB] [chunked_processor] get_job called
    DATA: Array
(
    [job_id] => 46c20819-194b-439d-b6d2-7e5ec5a67c23
)

[2026-01-15 15:51:13] [14 MB] [chunked_processor] Transient lookup result
    DATA: Array
(
    [option_name] => speed_backups_job_46c20819-194b-439d-b6d2-7e5ec5a67c23
    [found] => YES
)

[2026-01-15 15:51:13] [14 MB] [chunked_processor] Job retrieved successfully
    DATA: Array
(
    [status] => running
    [type] => restore
)

[2026-01-15 15:51:13] [14 MB] [chunked_processor] get_job called
    DATA: Array
(
    [job_id] => 46c20819-194b-439d-b6d2-7e5ec5a67c23
)

[2026-01-15 15:51:13] [14 MB] [chunked_processor] Transient lookup result
    DATA: Array
(
    [option_name] => speed_backups_job_46c20819-194b-439d-b6d2-7e5ec5a67c23
    [found] => YES
)

[2026-01-15 15:51:13] [14 MB] [chunked_processor] Job retrieved successfully
    DATA: Array
(
    [status] => running
    [type] => restore
)

[2026-01-15 15:51:13] [14 MB] [chunked_processor] save_job called
    DATA: Array
(
    [job_id] => 46c20819-194b-439d-b6d2-7e5ec5a67c23
    [status] => running
)

[2026-01-15 15:51:13] [14 MB] [chunked_processor] Transient save result
    DATA: Array
(
    [option_name] => speed_backups_job_46c20819-194b-439d-b6d2-7e5ec5a67c23
    [success] => YES
)

[2026-01-15 15:51:13] [14 MB] [chunked_processor] Option save result
    DATA: Array
(
    [option_name] => speed_backups_job_46c20819-194b-439d-b6d2-7e5ec5a67c23
    [success] => YES
)

[2026-01-15 15:51:13] [14 MB] [chunked_processor] Save verification (direct DB)
    DATA: Array
(
    [verified] => YES
)

[2026-01-15 15:51:13] [14 MB] [chunked_processor] get_job called
    DATA: Array
(
    [job_id] => 46c20819-194b-439d-b6d2-7e5ec5a67c23
)

[2026-01-15 15:51:13] [14 MB] [chunked_processor] Transient lookup result
    DATA: Array
(
    [option_name] => speed_backups_job_46c20819-194b-439d-b6d2-7e5ec5a67c23
    [found] => YES
)

[2026-01-15 15:51:13] [14 MB] [chunked_processor] Job retrieved successfully
    DATA: Array
(
    [status] => running
    [type] => restore
)

[2026-01-15 15:51:13] [14 MB] [chunked_processor] save_job called
    DATA: Array
(
    [job_id] => 46c20819-194b-439d-b6d2-7e5ec5a67c23
    [status] => running
)

[2026-01-15 15:51:13] [14 MB] [chunked_processor] Transient save result
    DATA: Array
(
    [option_name] => speed_backups_job_46c20819-194b-439d-b6d2-7e5ec5a67c23
    [success] => YES
)

[2026-01-15 15:51:13] [14 MB] [chunked_processor] Option save result
    DATA: Array
(
    [option_name] => speed_backups_job_46c20819-194b-439d-b6d2-7e5ec5a67c23
    [success] => YES
)

[2026-01-15 15:51:13] [14 MB] [chunked_processor] Save verification (direct DB)
    DATA: Array
(
    [verified] => YES
)

[2026-01-15 15:51:13] [14 MB] [chunked_processor] get_job called
    DATA: Array
(
    [job_id] => 46c20819-194b-439d-b6d2-7e5ec5a67c23
)

[2026-01-15 15:51:13] [14 MB] [chunked_processor] Transient lookup result
    DATA: Array
(
    [option_name] => speed_backups_job_46c20819-194b-439d-b6d2-7e5ec5a67c23
    [found] => YES
)

[2026-01-15 15:51:13] [14 MB] [chunked_processor] Job retrieved successfully
    DATA: Array
(
    [status] => running
    [type] => restore
)

[2026-01-15 15:51:13] [14 MB] [chunked_processor] get_job called
    DATA: Array
(
    [job_id] => 46c20819-194b-439d-b6d2-7e5ec5a67c23
)

[2026-01-15 15:51:13] [14 MB] [chunked_processor] Transient lookup result
    DATA: Array
(
    [option_name] => speed_backups_job_46c20819-194b-439d-b6d2-7e5ec5a67c23
    [found] => YES
)

[2026-01-15 15:51:13] [14 MB] [chunked_processor] Job retrieved successfully
    DATA: Array
(
    [status] => running
    [type] => restore
)

[2026-01-15 15:51:14] [14 MB] [ERROR_HANDLER] PHP error handlers registered
[2026-01-15 15:51:14] [14 MB] [FUNCTION] >>> ENTER: process_chunk
    DATA: Array
(
    [0] => job_id
)

[2026-01-15 15:51:14] [14 MB] [chunked_processor] get_job called
    DATA: Array
(
    [job_id] => 46c20819-194b-439d-b6d2-7e5ec5a67c23
)

[2026-01-15 15:51:14] [14 MB] [chunked_processor] Transient lookup result
    DATA: Array
(
    [option_name] => speed_backups_job_46c20819-194b-439d-b6d2-7e5ec5a67c23
    [found] => YES
)

[2026-01-15 15:51:14] [14 MB] [chunked_processor] Job retrieved successfully
    DATA: Array
(
    [status] => running
    [type] => restore
)

[2026-01-15 15:51:14] [14 MB] [JOB_STATE] Job 46c20819-194b-439d-b6d2-7e5ec5a67c23 state
    DATA: Array
(
    [status] => running
    [type] => restore
    [phase] => extract
    [progress] => 85.481155290765
)

[2026-01-15 15:51:14] [14 MB] [chunked_processor] get_job called
    DATA: Array
(
    [job_id] => 46c20819-194b-439d-b6d2-7e5ec5a67c23
)

[2026-01-15 15:51:14] [14 MB] [chunked_processor] Transient lookup result
    DATA: Array
(
    [option_name] => speed_backups_job_46c20819-194b-439d-b6d2-7e5ec5a67c23
    [found] => YES
)

[2026-01-15 15:51:14] [14 MB] [chunked_processor] Job retrieved successfully
    DATA: Array
(
    [status] => running
    [type] => restore
)

[2026-01-15 15:51:14] [14 MB] [chunked_processor] get_job called
    DATA: Array
(
    [job_id] => 46c20819-194b-439d-b6d2-7e5ec5a67c23
)

[2026-01-15 15:51:14] [14 MB] [chunked_processor] Transient lookup result
    DATA: Array
(
    [option_name] => speed_backups_job_46c20819-194b-439d-b6d2-7e5ec5a67c23
    [found] => YES
)

[2026-01-15 15:51:14] [14 MB] [chunked_processor] Job retrieved successfully
    DATA: Array
(
    [status] => running
    [type] => restore
)

[2026-01-15 15:51:14] [14 MB] [chunked_processor] save_job called
    DATA: Array
(
    [job_id] => 46c20819-194b-439d-b6d2-7e5ec5a67c23
    [status] => running
)

[2026-01-15 15:51:14] [14 MB] [chunked_processor] Transient save result
    DATA: Array
(
    [option_name] => speed_backups_job_46c20819-194b-439d-b6d2-7e5ec5a67c23
    [success] => YES
)

[2026-01-15 15:51:14] [14 MB] [chunked_processor] Option save result
    DATA: Array
(
    [option_name] => speed_backups_job_46c20819-194b-439d-b6d2-7e5ec5a67c23
    [success] => YES
)

[2026-01-15 15:51:14] [14 MB] [chunked_processor] Save verification (direct DB)
    DATA: Array
(
    [verified] => YES
)

[2026-01-15 15:51:14] [14 MB] [chunked_processor] get_job called
    DATA: Array
(
    [job_id] => 46c20819-194b-439d-b6d2-7e5ec5a67c23
)

[2026-01-15 15:51:14] [14 MB] [chunked_processor] Transient lookup result
    DATA: Array
(
    [option_name] => speed_backups_job_46c20819-194b-439d-b6d2-7e5ec5a67c23
    [found] => YES
)

[2026-01-15 15:51:14] [14 MB] [chunked_processor] Job retrieved successfully
    DATA: Array
(
    [status] => running
    [type] => restore
)

[2026-01-15 15:51:14] [14 MB] [chunked_processor] save_job called
    DATA: Array
(
    [job_id] => 46c20819-194b-439d-b6d2-7e5ec5a67c23
    [status] => running
)

[2026-01-15 15:51:14] [14 MB] [chunked_processor] Transient save result
    DATA: Array
(
    [option_name] => speed_backups_job_46c20819-194b-439d-b6d2-7e5ec5a67c23
    [success] => YES
)

[2026-01-15 15:51:14] [14 MB] [chunked_processor] Option save result
    DATA: Array
(
    [option_name] => speed_backups_job_46c20819-194b-439d-b6d2-7e5ec5a67c23
    [success] => YES
)

[2026-01-15 15:51:14] [14 MB] [chunked_processor] Save verification (direct DB)
    DATA: Array
(
    [verified] => YES
)

[2026-01-15 15:51:14] [14 MB] [chunked_processor] get_job called
    DATA: Array
(
    [job_id] => 46c20819-194b-439d-b6d2-7e5ec5a67c23
)

[2026-01-15 15:51:14] [14 MB] [chunked_processor] Transient lookup result
    DATA: Array
(
    [option_name] => speed_backups_job_46c20819-194b-439d-b6d2-7e5ec5a67c23
    [found] => YES
)

[2026-01-15 15:51:14] [14 MB] [chunked_processor] Job retrieved successfully
    DATA: Array
(
    [status] => running
    [type] => restore
)

[2026-01-15 15:51:14] [14 MB] [chunked_processor] get_job called
    DATA: Array
(
    [job_id] => 46c20819-194b-439d-b6d2-7e5ec5a67c23
)

[2026-01-15 15:51:14] [14 MB] [chunked_processor] Transient lookup result
    DATA: Array
(
    [option_name] => speed_backups_job_46c20819-194b-439d-b6d2-7e5ec5a67c23
    [found] => YES
)

[2026-01-15 15:51:14] [14 MB] [chunked_processor] Job retrieved successfully
    DATA: Array
(
    [status] => running
    [type] => restore
)

[2026-01-15 15:51:15] [14 MB] [ERROR_HANDLER] PHP error handlers registered
[2026-01-15 15:51:15] [14 MB] [FUNCTION] >>> ENTER: process_chunk
    DATA: Array
(
    [0] => job_id
)

[2026-01-15 15:51:15] [14 MB] [chunked_processor] get_job called
    DATA: Array
(
    [job_id] => 46c20819-194b-439d-b6d2-7e5ec5a67c23
)

[2026-01-15 15:51:15] [14 MB] [chunked_processor] Transient lookup result
    DATA: Array
(
    [option_name] => speed_backups_job_46c20819-194b-439d-b6d2-7e5ec5a67c23
    [found] => YES
)

[2026-01-15 15:51:15] [14 MB] [chunked_processor] Job retrieved successfully
    DATA: Array
(
    [status] => running
    [type] => restore
)

[2026-01-15 15:51:15] [14 MB] [JOB_STATE] Job 46c20819-194b-439d-b6d2-7e5ec5a67c23 state
    DATA: Array
(
    [status] => running
    [type] => restore
    [phase] => extract
    [progress] => 86.776324310322
)

[2026-01-15 15:51:15] [14 MB] [chunked_processor] get_job called
    DATA: Array
(
    [job_id] => 46c20819-194b-439d-b6d2-7e5ec5a67c23
)

[2026-01-15 15:51:15] [14 MB] [chunked_processor] Transient lookup result
    DATA: Array
(
    [option_name] => speed_backups_job_46c20819-194b-439d-b6d2-7e5ec5a67c23
    [found] => YES
)

[2026-01-15 15:51:15] [14 MB] [chunked_processor] Job retrieved successfully
    DATA: Array
(
    [status] => running
    [type] => restore
)

[2026-01-15 15:51:15] [14 MB] [chunked_processor] get_job called
    DATA: Array
(
    [job_id] => 46c20819-194b-439d-b6d2-7e5ec5a67c23
)

[2026-01-15 15:51:15] [14 MB] [chunked_processor] Transient lookup result
    DATA: Array
(
    [option_name] => speed_backups_job_46c20819-194b-439d-b6d2-7e5ec5a67c23
    [found] => YES
)

[2026-01-15 15:51:15] [14 MB] [chunked_processor] Job retrieved successfully
    DATA: Array
(
    [status] => running
    [type] => restore
)

[2026-01-15 15:51:15] [14 MB] [chunked_processor] save_job called
    DATA: Array
(
    [job_id] => 46c20819-194b-439d-b6d2-7e5ec5a67c23
    [status] => running
)

[2026-01-15 15:51:15] [14 MB] [chunked_processor] Transient save result
    DATA: Array
(
    [option_name] => speed_backups_job_46c20819-194b-439d-b6d2-7e5ec5a67c23
    [success] => YES
)

[2026-01-15 15:51:15] [14 MB] [chunked_processor] Option save result
    DATA: Array
(
    [option_name] => speed_backups_job_46c20819-194b-439d-b6d2-7e5ec5a67c23
    [success] => YES
)

[2026-01-15 15:51:15] [14 MB] [chunked_processor] Save verification (direct DB)
    DATA: Array
(
    [verified] => YES
)

[2026-01-15 15:51:15] [14 MB] [chunked_processor] get_job called
    DATA: Array
(
    [job_id] => 46c20819-194b-439d-b6d2-7e5ec5a67c23
)

[2026-01-15 15:51:15] [14 MB] [chunked_processor] Transient lookup result
    DATA: Array
(
    [option_name] => speed_backups_job_46c20819-194b-439d-b6d2-7e5ec5a67c23
    [found] => YES
)

[2026-01-15 15:51:15] [14 MB] [chunked_processor] Job retrieved successfully
    DATA: Array
(
    [status] => running
    [type] => restore
)

[2026-01-15 15:51:15] [14 MB] [chunked_processor] save_job called
    DATA: Array
(
    [job_id] => 46c20819-194b-439d-b6d2-7e5ec5a67c23
    [status] => running
)

[2026-01-15 15:51:15] [14 MB] [chunked_processor] Transient save result
    DATA: Array
(
    [option_name] => speed_backups_job_46c20819-194b-439d-b6d2-7e5ec5a67c23
    [success] => YES
)

[2026-01-15 15:51:15] [14 MB] [chunked_processor] Option save result
    DATA: Array
(
    [option_name] => speed_backups_job_46c20819-194b-439d-b6d2-7e5ec5a67c23
    [success] => YES
)

[2026-01-15 15:51:15] [14 MB] [chunked_processor] Save verification (direct DB)
    DATA: Array
(
    [verified] => YES
)

[2026-01-15 15:51:15] [14 MB] [chunked_processor] get_job called
    DATA: Array
(
    [job_id] => 46c20819-194b-439d-b6d2-7e5ec5a67c23
)

[2026-01-15 15:51:15] [14 MB] [chunked_processor] Transient lookup result
    DATA: Array
(
    [option_name] => speed_backups_job_46c20819-194b-439d-b6d2-7e5ec5a67c23
    [found] => YES
)

[2026-01-15 15:51:15] [14 MB] [chunked_processor] Job retrieved successfully
    DATA: Array
(
    [status] => running
    [type] => restore
)

[2026-01-15 15:51:15] [14 MB] [chunked_processor] get_job called
    DATA: Array
(
    [job_id] => 46c20819-194b-439d-b6d2-7e5ec5a67c23
)

[2026-01-15 15:51:15] [14 MB] [chunked_processor] Transient lookup result
    DATA: Array
(
    [option_name] => speed_backups_job_46c20819-194b-439d-b6d2-7e5ec5a67c23
    [found] => YES
)

[2026-01-15 15:51:15] [14 MB] [chunked_processor] Job retrieved successfully
    DATA: Array
(
    [status] => running
    [type] => restore
)

[2026-01-15 15:51:16] [14 MB] [ERROR_HANDLER] PHP error handlers registered
[2026-01-15 15:51:16] [14 MB] [FUNCTION] >>> ENTER: process_chunk
    DATA: Array
(
    [0] => job_id
)

[2026-01-15 15:51:16] [14 MB] [chunked_processor] get_job called
    DATA: Array
(
    [job_id] => 46c20819-194b-439d-b6d2-7e5ec5a67c23
)

[2026-01-15 15:51:16] [14 MB] [chunked_processor] Transient lookup result
    DATA: Array
(
    [option_name] => speed_backups_job_46c20819-194b-439d-b6d2-7e5ec5a67c23
    [found] => YES
)

[2026-01-15 15:51:16] [14 MB] [chunked_processor] Job retrieved successfully
    DATA: Array
(
    [status] => running
    [type] => restore
)

[2026-01-15 15:51:16] [14 MB] [JOB_STATE] Job 46c20819-194b-439d-b6d2-7e5ec5a67c23 state
    DATA: Array
(
    [status] => running
    [type] => restore
    [phase] => extract
    [progress] => 88.07149332988
)

[2026-01-15 15:51:16] [14 MB] [chunked_processor] get_job called
    DATA: Array
(
    [job_id] => 46c20819-194b-439d-b6d2-7e5ec5a67c23
)

[2026-01-15 15:51:16] [14 MB] [chunked_processor] Transient lookup result
    DATA: Array
(
    [option_name] => speed_backups_job_46c20819-194b-439d-b6d2-7e5ec5a67c23
    [found] => YES
)

[2026-01-15 15:51:16] [14 MB] [chunked_processor] Job retrieved successfully
    DATA: Array
(
    [status] => running
    [type] => restore
)

[2026-01-15 15:51:16] [14 MB] [chunked_processor] get_job called
    DATA: Array
(
    [job_id] => 46c20819-194b-439d-b6d2-7e5ec5a67c23
)

[2026-01-15 15:51:16] [14 MB] [chunked_processor] Transient lookup result
    DATA: Array
(
    [option_name] => speed_backups_job_46c20819-194b-439d-b6d2-7e5ec5a67c23
    [found] => YES
)

[2026-01-15 15:51:16] [14 MB] [chunked_processor] Job retrieved successfully
    DATA: Array
(
    [status] => running
    [type] => restore
)

[2026-01-15 15:51:16] [14 MB] [chunked_processor] save_job called
    DATA: Array
(
    [job_id] => 46c20819-194b-439d-b6d2-7e5ec5a67c23
    [status] => running
)

[2026-01-15 15:51:16] [14 MB] [chunked_processor] Transient save result
    DATA: Array
(
    [option_name] => speed_backups_job_46c20819-194b-439d-b6d2-7e5ec5a67c23
    [success] => YES
)

[2026-01-15 15:51:16] [14 MB] [chunked_processor] Option save result
    DATA: Array
(
    [option_name] => speed_backups_job_46c20819-194b-439d-b6d2-7e5ec5a67c23
    [success] => YES
)

[2026-01-15 15:51:16] [14 MB] [chunked_processor] Save verification (direct DB)
    DATA: Array
(
    [verified] => YES
)

[2026-01-15 15:51:16] [14 MB] [chunked_processor] get_job called
    DATA: Array
(
    [job_id] => 46c20819-194b-439d-b6d2-7e5ec5a67c23
)

[2026-01-15 15:51:16] [14 MB] [chunked_processor] Transient lookup result
    DATA: Array
(
    [option_name] => speed_backups_job_46c20819-194b-439d-b6d2-7e5ec5a67c23
    [found] => YES
)

[2026-01-15 15:51:16] [14 MB] [chunked_processor] Job retrieved successfully
    DATA: Array
(
    [status] => running
    [type] => restore
)

[2026-01-15 15:51:16] [14 MB] [chunked_processor] save_job called
    DATA: Array
(
    [job_id] => 46c20819-194b-439d-b6d2-7e5ec5a67c23
    [status] => running
)

[2026-01-15 15:51:16] [14 MB] [chunked_processor] Transient save result
    DATA: Array
(
    [option_name] => speed_backups_job_46c20819-194b-439d-b6d2-7e5ec5a67c23
    [success] => YES
)

[2026-01-15 15:51:16] [14 MB] [chunked_processor] Option save result
    DATA: Array
(
    [option_name] => speed_backups_job_46c20819-194b-439d-b6d2-7e5ec5a67c23
    [success] => YES
)

[2026-01-15 15:51:16] [14 MB] [chunked_processor] Save verification (direct DB)
    DATA: Array
(
    [verified] => YES
)

[2026-01-15 15:51:16] [14 MB] [chunked_processor] get_job called
    DATA: Array
(
    [job_id] => 46c20819-194b-439d-b6d2-7e5ec5a67c23
)

[2026-01-15 15:51:16] [14 MB] [chunked_processor] Transient lookup result
    DATA: Array
(
    [option_name] => speed_backups_job_46c20819-194b-439d-b6d2-7e5ec5a67c23
    [found] => YES
)

[2026-01-15 15:51:16] [14 MB] [chunked_processor] Job retrieved successfully
    DATA: Array
(
    [status] => running
    [type] => restore
)

[2026-01-15 15:51:16] [14 MB] [chunked_processor] get_job called
    DATA: Array
(
    [job_id] => 46c20819-194b-439d-b6d2-7e5ec5a67c23
)

[2026-01-15 15:51:16] [14 MB] [chunked_processor] Transient lookup result
    DATA: Array
(
    [option_name] => speed_backups_job_46c20819-194b-439d-b6d2-7e5ec5a67c23
    [found] => YES
)

[2026-01-15 15:51:16] [14 MB] [chunked_processor] Job retrieved successfully
    DATA: Array
(
    [status] => running
    [type] => restore
)

[2026-01-15 15:51:17] [14 MB] [ERROR_HANDLER] PHP error handlers registered
[2026-01-15 15:51:17] [14 MB] [FUNCTION] >>> ENTER: process_chunk
    DATA: Array
(
    [0] => job_id
)

[2026-01-15 15:51:17] [14 MB] [chunked_processor] get_job called
    DATA: Array
(
    [job_id] => 46c20819-194b-439d-b6d2-7e5ec5a67c23
)

[2026-01-15 15:51:17] [14 MB] [chunked_processor] Transient lookup result
    DATA: Array
(
    [option_name] => speed_backups_job_46c20819-194b-439d-b6d2-7e5ec5a67c23
    [found] => YES
)

[2026-01-15 15:51:17] [14 MB] [chunked_processor] Job retrieved successfully
    DATA: Array
(
    [status] => running
    [type] => restore
)

[2026-01-15 15:51:17] [14 MB] [JOB_STATE] Job 46c20819-194b-439d-b6d2-7e5ec5a67c23 state
    DATA: Array
(
    [status] => running
    [type] => restore
    [phase] => extract
    [progress] => 89.366662349437
)

[2026-01-15 15:51:17] [14 MB] [chunked_processor] get_job called
    DATA: Array
(
    [job_id] => 46c20819-194b-439d-b6d2-7e5ec5a67c23
)

[2026-01-15 15:51:17] [14 MB] [chunked_processor] Transient lookup result
    DATA: Array
(
    [option_name] => speed_backups_job_46c20819-194b-439d-b6d2-7e5ec5a67c23
    [found] => YES
)

[2026-01-15 15:51:17] [14 MB] [chunked_processor] Job retrieved successfully
    DATA: Array
(
    [status] => running
    [type] => restore
)

[2026-01-15 15:51:17] [14 MB] [chunked_processor] get_job called
    DATA: Array
(
    [job_id] => 46c20819-194b-439d-b6d2-7e5ec5a67c23
)

[2026-01-15 15:51:17] [14 MB] [chunked_processor] Transient lookup result
    DATA: Array
(
    [option_name] => speed_backups_job_46c20819-194b-439d-b6d2-7e5ec5a67c23
    [found] => YES
)

[2026-01-15 15:51:17] [14 MB] [chunked_processor] Job retrieved successfully
    DATA: Array
(
    [status] => running
    [type] => restore
)

[2026-01-15 15:51:17] [14 MB] [chunked_processor] save_job called
    DATA: Array
(
    [job_id] => 46c20819-194b-439d-b6d2-7e5ec5a67c23
    [status] => running
)

[2026-01-15 15:51:17] [14 MB] [chunked_processor] Transient save result
    DATA: Array
(
    [option_name] => speed_backups_job_46c20819-194b-439d-b6d2-7e5ec5a67c23
    [success] => YES
)

[2026-01-15 15:51:17] [14 MB] [chunked_processor] Option save result
    DATA: Array
(
    [option_name] => speed_backups_job_46c20819-194b-439d-b6d2-7e5ec5a67c23
    [success] => YES
)

[2026-01-15 15:51:17] [14 MB] [chunked_processor] Save verification (direct DB)
    DATA: Array
(
    [verified] => YES
)

[2026-01-15 15:51:17] [14 MB] [chunked_processor] get_job called
    DATA: Array
(
    [job_id] => 46c20819-194b-439d-b6d2-7e5ec5a67c23
)

[2026-01-15 15:51:17] [14 MB] [chunked_processor] Transient lookup result
    DATA: Array
(
    [option_name] => speed_backups_job_46c20819-194b-439d-b6d2-7e5ec5a67c23
    [found] => YES
)

[2026-01-15 15:51:17] [14 MB] [chunked_processor] Job retrieved successfully
    DATA: Array
(
    [status] => running
    [type] => restore
)

[2026-01-15 15:51:17] [14 MB] [chunked_processor] save_job called
    DATA: Array
(
    [job_id] => 46c20819-194b-439d-b6d2-7e5ec5a67c23
    [status] => running
)

[2026-01-15 15:51:17] [14 MB] [chunked_processor] Transient save result
    DATA: Array
(
    [option_name] => speed_backups_job_46c20819-194b-439d-b6d2-7e5ec5a67c23
    [success] => YES
)

[2026-01-15 15:51:17] [14 MB] [chunked_processor] Option save result
    DATA: Array
(
    [option_name] => speed_backups_job_46c20819-194b-439d-b6d2-7e5ec5a67c23
    [success] => YES
)

[2026-01-15 15:51:17] [14 MB] [chunked_processor] Save verification (direct DB)
    DATA: Array
(
    [verified] => YES
)

[2026-01-15 15:51:17] [14 MB] [chunked_processor] get_job called
    DATA: Array
(
    [job_id] => 46c20819-194b-439d-b6d2-7e5ec5a67c23
)

[2026-01-15 15:51:17] [14 MB] [chunked_processor] Transient lookup result
    DATA: Array
(
    [option_name] => speed_backups_job_46c20819-194b-439d-b6d2-7e5ec5a67c23
    [found] => YES
)

[2026-01-15 15:51:17] [14 MB] [chunked_processor] Job retrieved successfully
    DATA: Array
(
    [status] => running
    [type] => restore
)

[2026-01-15 15:51:17] [14 MB] [chunked_processor] get_job called
    DATA: Array
(
    [job_id] => 46c20819-194b-439d-b6d2-7e5ec5a67c23
)

[2026-01-15 15:51:17] [14 MB] [chunked_processor] Transient lookup result
    DATA: Array
(
    [option_name] => speed_backups_job_46c20819-194b-439d-b6d2-7e5ec5a67c23
    [found] => YES
)

[2026-01-15 15:51:17] [14 MB] [chunked_processor] Job retrieved successfully
    DATA: Array
(
    [status] => running
    [type] => restore
)

[2026-01-15 15:51:18] [14 MB] [ERROR_HANDLER] PHP error handlers registered
[2026-01-15 15:51:18] [14 MB] [FUNCTION] >>> ENTER: process_chunk
    DATA: Array
(
    [0] => job_id
)

[2026-01-15 15:51:18] [14 MB] [chunked_processor] get_job called
    DATA: Array
(
    [job_id] => 46c20819-194b-439d-b6d2-7e5ec5a67c23
)

[2026-01-15 15:51:18] [14 MB] [chunked_processor] Transient lookup result
    DATA: Array
(
    [option_name] => speed_backups_job_46c20819-194b-439d-b6d2-7e5ec5a67c23
    [found] => YES
)

[2026-01-15 15:51:18] [14 MB] [chunked_processor] Job retrieved successfully
    DATA: Array
(
    [status] => running
    [type] => restore
)

[2026-01-15 15:51:18] [14 MB] [JOB_STATE] Job 46c20819-194b-439d-b6d2-7e5ec5a67c23 state
    DATA: Array
(
    [status] => running
    [type] => restore
    [phase] => extract
    [progress] => 90.661831368994
)

[2026-01-15 15:51:18] [14 MB] [chunked_processor] get_job called
    DATA: Array
(
    [job_id] => 46c20819-194b-439d-b6d2-7e5ec5a67c23
)

[2026-01-15 15:51:18] [14 MB] [chunked_processor] Transient lookup result
    DATA: Array
(
    [option_name] => speed_backups_job_46c20819-194b-439d-b6d2-7e5ec5a67c23
    [found] => YES
)

[2026-01-15 15:51:18] [14 MB] [chunked_processor] Job retrieved successfully
    DATA: Array
(
    [status] => running
    [type] => restore
)

[2026-01-15 15:51:18] [14 MB] [chunked_processor] get_job called
    DATA: Array
(
    [job_id] => 46c20819-194b-439d-b6d2-7e5ec5a67c23
)

[2026-01-15 15:51:18] [14 MB] [chunked_processor] Transient lookup result
    DATA: Array
(
    [option_name] => speed_backups_job_46c20819-194b-439d-b6d2-7e5ec5a67c23
    [found] => YES
)

[2026-01-15 15:51:18] [14 MB] [chunked_processor] Job retrieved successfully
    DATA: Array
(
    [status] => running
    [type] => restore
)

[2026-01-15 15:51:18] [14 MB] [chunked_processor] save_job called
    DATA: Array
(
    [job_id] => 46c20819-194b-439d-b6d2-7e5ec5a67c23
    [status] => running
)

[2026-01-15 15:51:18] [14 MB] [chunked_processor] Transient save result
    DATA: Array
(
    [option_name] => speed_backups_job_46c20819-194b-439d-b6d2-7e5ec5a67c23
    [success] => YES
)

[2026-01-15 15:51:18] [14 MB] [chunked_processor] Option save result
    DATA: Array
(
    [option_name] => speed_backups_job_46c20819-194b-439d-b6d2-7e5ec5a67c23
    [success] => YES
)

[2026-01-15 15:51:18] [14 MB] [chunked_processor] Save verification (direct DB)
    DATA: Array
(
    [verified] => YES
)

[2026-01-15 15:51:18] [14 MB] [chunked_processor] get_job called
    DATA: Array
(
    [job_id] => 46c20819-194b-439d-b6d2-7e5ec5a67c23
)

[2026-01-15 15:51:18] [14 MB] [chunked_processor] Transient lookup result
    DATA: Array
(
    [option_name] => speed_backups_job_46c20819-194b-439d-b6d2-7e5ec5a67c23
    [found] => YES
)

[2026-01-15 15:51:18] [14 MB] [chunked_processor] Job retrieved successfully
    DATA: Array
(
    [status] => running
    [type] => restore
)

[2026-01-15 15:51:18] [14 MB] [chunked_processor] save_job called
    DATA: Array
(
    [job_id] => 46c20819-194b-439d-b6d2-7e5ec5a67c23
    [status] => running
)

[2026-01-15 15:51:18] [14 MB] [chunked_processor] Transient save result
    DATA: Array
(
    [option_name] => speed_backups_job_46c20819-194b-439d-b6d2-7e5ec5a67c23
    [success] => YES
)

[2026-01-15 15:51:18] [14 MB] [chunked_processor] Option save result
    DATA: Array
(
    [option_name] => speed_backups_job_46c20819-194b-439d-b6d2-7e5ec5a67c23
    [success] => YES
)

[2026-01-15 15:51:18] [14 MB] [chunked_processor] Save verification (direct DB)
    DATA: Array
(
    [verified] => YES
)

[2026-01-15 15:51:18] [14 MB] [chunked_processor] get_job called
    DATA: Array
(
    [job_id] => 46c20819-194b-439d-b6d2-7e5ec5a67c23
)

[2026-01-15 15:51:18] [14 MB] [chunked_processor] Transient lookup result
    DATA: Array
(
    [option_name] => speed_backups_job_46c20819-194b-439d-b6d2-7e5ec5a67c23
    [found] => YES
)

[2026-01-15 15:51:18] [14 MB] [chunked_processor] Job retrieved successfully
    DATA: Array
(
    [status] => running
    [type] => restore
)

[2026-01-15 15:51:18] [14 MB] [chunked_processor] get_job called
    DATA: Array
(
    [job_id] => 46c20819-194b-439d-b6d2-7e5ec5a67c23
)

[2026-01-15 15:51:18] [14 MB] [chunked_processor] Transient lookup result
    DATA: Array
(
    [option_name] => speed_backups_job_46c20819-194b-439d-b6d2-7e5ec5a67c23
    [found] => YES
)

[2026-01-15 15:51:18] [14 MB] [chunked_processor] Job retrieved successfully
    DATA: Array
(
    [status] => running
    [type] => restore
)

[2026-01-15 15:51:19] [14 MB] [ERROR_HANDLER] PHP error handlers registered
[2026-01-15 15:51:19] [14 MB] [FUNCTION] >>> ENTER: process_chunk
    DATA: Array
(
    [0] => job_id
)

[2026-01-15 15:51:19] [14 MB] [chunked_processor] get_job called
    DATA: Array
(
    [job_id] => 46c20819-194b-439d-b6d2-7e5ec5a67c23
)

[2026-01-15 15:51:19] [14 MB] [chunked_processor] Transient lookup result
    DATA: Array
(
    [option_name] => speed_backups_job_46c20819-194b-439d-b6d2-7e5ec5a67c23
    [found] => YES
)

[2026-01-15 15:51:19] [14 MB] [chunked_processor] Job retrieved successfully
    DATA: Array
(
    [status] => running
    [type] => restore
)

[2026-01-15 15:51:19] [14 MB] [JOB_STATE] Job 46c20819-194b-439d-b6d2-7e5ec5a67c23 state
    DATA: Array
(
    [status] => running
    [type] => restore
    [phase] => extract
    [progress] => 91.957000388551
)

[2026-01-15 15:51:19] [14 MB] [chunked_processor] get_job called
    DATA: Array
(
    [job_id] => 46c20819-194b-439d-b6d2-7e5ec5a67c23
)

[2026-01-15 15:51:19] [14 MB] [chunked_processor] Transient lookup result
    DATA: Array
(
    [option_name] => speed_backups_job_46c20819-194b-439d-b6d2-7e5ec5a67c23
    [found] => YES
)

[2026-01-15 15:51:19] [14 MB] [chunked_processor] Job retrieved successfully
    DATA: Array
(
    [status] => running
    [type] => restore
)

[2026-01-15 15:51:19] [14 MB] [chunked_processor] get_job called
    DATA: Array
(
    [job_id] => 46c20819-194b-439d-b6d2-7e5ec5a67c23
)

[2026-01-15 15:51:19] [14 MB] [chunked_processor] Transient lookup result
    DATA: Array
(
    [option_name] => speed_backups_job_46c20819-194b-439d-b6d2-7e5ec5a67c23
    [found] => YES
)

[2026-01-15 15:51:19] [14 MB] [chunked_processor] Job retrieved successfully
    DATA: Array
(
    [status] => running
    [type] => restore
)

[2026-01-15 15:51:19] [14 MB] [chunked_processor] save_job called
    DATA: Array
(
    [job_id] => 46c20819-194b-439d-b6d2-7e5ec5a67c23
    [status] => running
)

[2026-01-15 15:51:19] [14 MB] [chunked_processor] Transient save result
    DATA: Array
(
    [option_name] => speed_backups_job_46c20819-194b-439d-b6d2-7e5ec5a67c23
    [success] => YES
)

[2026-01-15 15:51:19] [14 MB] [chunked_processor] Option save result
    DATA: Array
(
    [option_name] => speed_backups_job_46c20819-194b-439d-b6d2-7e5ec5a67c23
    [success] => YES
)

[2026-01-15 15:51:19] [14 MB] [chunked_processor] Save verification (direct DB)
    DATA: Array
(
    [verified] => YES
)

[2026-01-15 15:51:19] [16 MB] [chunked_processor] get_job called
    DATA: Array
(
    [job_id] => 46c20819-194b-439d-b6d2-7e5ec5a67c23
)

[2026-01-15 15:51:19] [16 MB] [chunked_processor] Transient lookup result
    DATA: Array
(
    [option_name] => speed_backups_job_46c20819-194b-439d-b6d2-7e5ec5a67c23
    [found] => YES
)

[2026-01-15 15:51:19] [16 MB] [chunked_processor] Job retrieved successfully
    DATA: Array
(
    [status] => running
    [type] => restore
)

[2026-01-15 15:51:19] [16 MB] [chunked_processor] save_job called
    DATA: Array
(
    [job_id] => 46c20819-194b-439d-b6d2-7e5ec5a67c23
    [status] => running
)

[2026-01-15 15:51:19] [16 MB] [chunked_processor] Transient save result
    DATA: Array
(
    [option_name] => speed_backups_job_46c20819-194b-439d-b6d2-7e5ec5a67c23
    [success] => YES
)

[2026-01-15 15:51:19] [16 MB] [chunked_processor] Option save result
    DATA: Array
(
    [option_name] => speed_backups_job_46c20819-194b-439d-b6d2-7e5ec5a67c23
    [success] => YES
)

[2026-01-15 15:51:19] [16 MB] [chunked_processor] Save verification (direct DB)
    DATA: Array
(
    [verified] => YES
)

[2026-01-15 15:51:19] [16 MB] [chunked_processor] get_job called
    DATA: Array
(
    [job_id] => 46c20819-194b-439d-b6d2-7e5ec5a67c23
)

[2026-01-15 15:51:19] [16 MB] [chunked_processor] Transient lookup result
    DATA: Array
(
    [option_name] => speed_backups_job_46c20819-194b-439d-b6d2-7e5ec5a67c23
    [found] => YES
)

[2026-01-15 15:51:19] [16 MB] [chunked_processor] Job retrieved successfully
    DATA: Array
(
    [status] => running
    [type] => restore
)

[2026-01-15 15:51:19] [16 MB] [chunked_processor] get_job called
    DATA: Array
(
    [job_id] => 46c20819-194b-439d-b6d2-7e5ec5a67c23
)

[2026-01-15 15:51:19] [16 MB] [chunked_processor] Transient lookup result
    DATA: Array
(
    [option_name] => speed_backups_job_46c20819-194b-439d-b6d2-7e5ec5a67c23
    [found] => YES
)

[2026-01-15 15:51:19] [16 MB] [chunked_processor] Job retrieved successfully
    DATA: Array
(
    [status] => running
    [type] => restore
)

[2026-01-15 15:51:20] [14 MB] [ERROR_HANDLER] PHP error handlers registered
[2026-01-15 15:51:20] [14 MB] [ERROR_HANDLER] PHP error handlers registered
[2026-01-15 15:51:20] [14 MB] [FUNCTION] >>> ENTER: process_chunk
    DATA: Array
(
    [0] => job_id
)

[2026-01-15 15:51:20] [14 MB] [chunked_processor] get_job called
    DATA: Array
(
    [job_id] => 46c20819-194b-439d-b6d2-7e5ec5a67c23
)

[2026-01-15 15:51:20] [14 MB] [chunked_processor] Transient lookup result
    DATA: Array
(
    [option_name] => speed_backups_job_46c20819-194b-439d-b6d2-7e5ec5a67c23
    [found] => YES
)

[2026-01-15 15:51:20] [14 MB] [chunked_processor] Job retrieved successfully
    DATA: Array
(
    [status] => running
    [type] => restore
)

[2026-01-15 15:51:20] [14 MB] [JOB_STATE] Job 46c20819-194b-439d-b6d2-7e5ec5a67c23 state
    DATA: Array
(
    [status] => running
    [type] => restore
    [phase] => extract
    [progress] => 93.252169408108
)

[2026-01-15 15:51:20] [14 MB] [chunked_processor] get_job called
    DATA: Array
(
    [job_id] => 46c20819-194b-439d-b6d2-7e5ec5a67c23
)

[2026-01-15 15:51:20] [14 MB] [chunked_processor] Transient lookup result
    DATA: Array
(
    [option_name] => speed_backups_job_46c20819-194b-439d-b6d2-7e5ec5a67c23
    [found] => YES
)

[2026-01-15 15:51:20] [14 MB] [chunked_processor] Job retrieved successfully
    DATA: Array
(
    [status] => running
    [type] => restore
)

[2026-01-15 15:51:20] [14 MB] [chunked_processor] get_job called
    DATA: Array
(
    [job_id] => 46c20819-194b-439d-b6d2-7e5ec5a67c23
)

[2026-01-15 15:51:20] [14 MB] [chunked_processor] Transient lookup result
    DATA: Array
(
    [option_name] => speed_backups_job_46c20819-194b-439d-b6d2-7e5ec5a67c23
    [found] => YES
)

[2026-01-15 15:51:20] [14 MB] [chunked_processor] Job retrieved successfully
    DATA: Array
(
    [status] => running
    [type] => restore
)

[2026-01-15 15:51:20] [14 MB] [chunked_processor] save_job called
    DATA: Array
(
    [job_id] => 46c20819-194b-439d-b6d2-7e5ec5a67c23
    [status] => running
)

[2026-01-15 15:51:20] [14 MB] [chunked_processor] Transient save result
    DATA: Array
(
    [option_name] => speed_backups_job_46c20819-194b-439d-b6d2-7e5ec5a67c23
    [success] => YES
)

[2026-01-15 15:51:20] [14 MB] [chunked_processor] Option save result
    DATA: Array
(
    [option_name] => speed_backups_job_46c20819-194b-439d-b6d2-7e5ec5a67c23
    [success] => YES
)

[2026-01-15 15:51:20] [14 MB] [chunked_processor] Save verification (direct DB)
    DATA: Array
(
    [verified] => YES
)

[2026-01-15 15:51:20] [14 MB] [chunked_processor] get_job called
    DATA: Array
(
    [job_id] => 46c20819-194b-439d-b6d2-7e5ec5a67c23
)

[2026-01-15 15:51:20] [14 MB] [chunked_processor] Transient lookup result
    DATA: Array
(
    [option_name] => speed_backups_job_46c20819-194b-439d-b6d2-7e5ec5a67c23
    [found] => YES
)

[2026-01-15 15:51:20] [14 MB] [chunked_processor] Job retrieved successfully
    DATA: Array
(
    [status] => running
    [type] => restore
)

[2026-01-15 15:51:20] [14 MB] [chunked_processor] save_job called
    DATA: Array
(
    [job_id] => 46c20819-194b-439d-b6d2-7e5ec5a67c23
    [status] => running
)

[2026-01-15 15:51:20] [14 MB] [chunked_processor] Transient save result
    DATA: Array
(
    [option_name] => speed_backups_job_46c20819-194b-439d-b6d2-7e5ec5a67c23
    [success] => YES
)

[2026-01-15 15:51:20] [14 MB] [chunked_processor] Option save result
    DATA: Array
(
    [option_name] => speed_backups_job_46c20819-194b-439d-b6d2-7e5ec5a67c23
    [success] => YES
)

[2026-01-15 15:51:20] [14 MB] [chunked_processor] Save verification (direct DB)
    DATA: Array
(
    [verified] => YES
)

[2026-01-15 15:51:20] [14 MB] [chunked_processor] get_job called
    DATA: Array
(
    [job_id] => 46c20819-194b-439d-b6d2-7e5ec5a67c23
)

[2026-01-15 15:51:20] [14 MB] [chunked_processor] Transient lookup result
    DATA: Array
(
    [option_name] => speed_backups_job_46c20819-194b-439d-b6d2-7e5ec5a67c23
    [found] => YES
)

[2026-01-15 15:51:20] [14 MB] [chunked_processor] Job retrieved successfully
    DATA: Array
(
    [status] => running
    [type] => restore
)

[2026-01-15 15:51:20] [14 MB] [chunked_processor] get_job called
    DATA: Array
(
    [job_id] => 46c20819-194b-439d-b6d2-7e5ec5a67c23
)

[2026-01-15 15:51:20] [14 MB] [chunked_processor] Transient lookup result
    DATA: Array
(
    [option_name] => speed_backups_job_46c20819-194b-439d-b6d2-7e5ec5a67c23
    [found] => YES
)

[2026-01-15 15:51:20] [14 MB] [chunked_processor] Job retrieved successfully
    DATA: Array
(
    [status] => running
    [type] => restore
)

[2026-01-15 15:51:21] [14 MB] [ERROR_HANDLER] PHP error handlers registered
[2026-01-15 15:51:21] [14 MB] [FUNCTION] >>> ENTER: process_chunk
    DATA: Array
(
    [0] => job_id
)

[2026-01-15 15:51:21] [14 MB] [chunked_processor] get_job called
    DATA: Array
(
    [job_id] => 46c20819-194b-439d-b6d2-7e5ec5a67c23
)

[2026-01-15 15:51:21] [14 MB] [chunked_processor] Transient lookup result
    DATA: Array
(
    [option_name] => speed_backups_job_46c20819-194b-439d-b6d2-7e5ec5a67c23
    [found] => YES
)

[2026-01-15 15:51:21] [14 MB] [chunked_processor] Job retrieved successfully
    DATA: Array
(
    [status] => running
    [type] => restore
)

[2026-01-15 15:51:21] [14 MB] [JOB_STATE] Job 46c20819-194b-439d-b6d2-7e5ec5a67c23 state
    DATA: Array
(
    [status] => running
    [type] => restore
    [phase] => extract
    [progress] => 94.547338427665
)

[2026-01-15 15:51:21] [14 MB] [chunked_processor] get_job called
    DATA: Array
(
    [job_id] => 46c20819-194b-439d-b6d2-7e5ec5a67c23
)

[2026-01-15 15:51:21] [14 MB] [chunked_processor] Transient lookup result
    DATA: Array
(
    [option_name] => speed_backups_job_46c20819-194b-439d-b6d2-7e5ec5a67c23
    [found] => YES
)

[2026-01-15 15:51:21] [14 MB] [chunked_processor] Job retrieved successfully
    DATA: Array
(
    [status] => running
    [type] => restore
)

[2026-01-15 15:51:21] [14 MB] [chunked_processor] get_job called
    DATA: Array
(
    [job_id] => 46c20819-194b-439d-b6d2-7e5ec5a67c23
)

[2026-01-15 15:51:21] [14 MB] [chunked_processor] Transient lookup result
    DATA: Array
(
    [option_name] => speed_backups_job_46c20819-194b-439d-b6d2-7e5ec5a67c23
    [found] => YES
)

[2026-01-15 15:51:21] [14 MB] [chunked_processor] Job retrieved successfully
    DATA: Array
(
    [status] => running
    [type] => restore
)

[2026-01-15 15:51:21] [14 MB] [chunked_processor] save_job called
    DATA: Array
(
    [job_id] => 46c20819-194b-439d-b6d2-7e5ec5a67c23
    [status] => running
)

[2026-01-15 15:51:21] [14 MB] [chunked_processor] Transient save result
    DATA: Array
(
    [option_name] => speed_backups_job_46c20819-194b-439d-b6d2-7e5ec5a67c23
    [success] => YES
)

[2026-01-15 15:51:21] [14 MB] [chunked_processor] Option save result
    DATA: Array
(
    [option_name] => speed_backups_job_46c20819-194b-439d-b6d2-7e5ec5a67c23
    [success] => YES
)

[2026-01-15 15:51:21] [14 MB] [chunked_processor] Save verification (direct DB)
    DATA: Array
(
    [verified] => YES
)

[2026-01-15 15:51:21] [14 MB] [chunked_processor] get_job called
    DATA: Array
(
    [job_id] => 46c20819-194b-439d-b6d2-7e5ec5a67c23
)

[2026-01-15 15:51:21] [14 MB] [chunked_processor] Transient lookup result
    DATA: Array
(
    [option_name] => speed_backups_job_46c20819-194b-439d-b6d2-7e5ec5a67c23
    [found] => YES
)

[2026-01-15 15:51:21] [14 MB] [chunked_processor] Job retrieved successfully
    DATA: Array
(
    [status] => running
    [type] => restore
)

[2026-01-15 15:51:21] [14 MB] [chunked_processor] save_job called
    DATA: Array
(
    [job_id] => 46c20819-194b-439d-b6d2-7e5ec5a67c23
    [status] => running
)

[2026-01-15 15:51:21] [14 MB] [chunked_processor] Transient save result
    DATA: Array
(
    [option_name] => speed_backups_job_46c20819-194b-439d-b6d2-7e5ec5a67c23
    [success] => YES
)

[2026-01-15 15:51:21] [14 MB] [chunked_processor] Option save result
    DATA: Array
(
    [option_name] => speed_backups_job_46c20819-194b-439d-b6d2-7e5ec5a67c23
    [success] => YES
)

[2026-01-15 15:51:21] [14 MB] [chunked_processor] Save verification (direct DB)
    DATA: Array
(
    [verified] => YES
)

[2026-01-15 15:51:21] [14 MB] [chunked_processor] get_job called
    DATA: Array
(
    [job_id] => 46c20819-194b-439d-b6d2-7e5ec5a67c23
)

[2026-01-15 15:51:21] [14 MB] [chunked_processor] Transient lookup result
    DATA: Array
(
    [option_name] => speed_backups_job_46c20819-194b-439d-b6d2-7e5ec5a67c23
    [found] => YES
)

[2026-01-15 15:51:21] [14 MB] [chunked_processor] Job retrieved successfully
    DATA: Array
(
    [status] => running
    [type] => restore
)

[2026-01-15 15:51:21] [14 MB] [chunked_processor] get_job called
    DATA: Array
(
    [job_id] => 46c20819-194b-439d-b6d2-7e5ec5a67c23
)

[2026-01-15 15:51:21] [14 MB] [chunked_processor] Transient lookup result
    DATA: Array
(
    [option_name] => speed_backups_job_46c20819-194b-439d-b6d2-7e5ec5a67c23
    [found] => YES
)

[2026-01-15 15:51:21] [14 MB] [chunked_processor] Job retrieved successfully
    DATA: Array
(
    [status] => running
    [type] => restore
)

[2026-01-15 15:51:22] [14 MB] [ERROR_HANDLER] PHP error handlers registered
[2026-01-15 15:51:22] [14 MB] [FUNCTION] >>> ENTER: process_chunk
    DATA: Array
(
    [0] => job_id
)

[2026-01-15 15:51:22] [14 MB] [chunked_processor] get_job called
    DATA: Array
(
    [job_id] => 46c20819-194b-439d-b6d2-7e5ec5a67c23
)

[2026-01-15 15:51:22] [14 MB] [chunked_processor] Transient lookup result
    DATA: Array
(
    [option_name] => speed_backups_job_46c20819-194b-439d-b6d2-7e5ec5a67c23
    [found] => YES
)

[2026-01-15 15:51:22] [14 MB] [chunked_processor] Job retrieved successfully
    DATA: Array
(
    [status] => running
    [type] => restore
)

[2026-01-15 15:51:22] [14 MB] [JOB_STATE] Job 46c20819-194b-439d-b6d2-7e5ec5a67c23 state
    DATA: Array
(
    [status] => running
    [type] => restore
    [phase] => extract
    [progress] => 95.842507447222
)

[2026-01-15 15:51:22] [14 MB] [chunked_processor] get_job called
    DATA: Array
(
    [job_id] => 46c20819-194b-439d-b6d2-7e5ec5a67c23
)

[2026-01-15 15:51:22] [14 MB] [chunked_processor] Transient lookup result
    DATA: Array
(
    [option_name] => speed_backups_job_46c20819-194b-439d-b6d2-7e5ec5a67c23
    [found] => YES
)

[2026-01-15 15:51:22] [14 MB] [chunked_processor] Job retrieved successfully
    DATA: Array
(
    [status] => running
    [type] => restore
)

[2026-01-15 15:51:22] [14 MB] [chunked_processor] get_job called
    DATA: Array
(
    [job_id] => 46c20819-194b-439d-b6d2-7e5ec5a67c23
)

[2026-01-15 15:51:22] [14 MB] [chunked_processor] Transient lookup result
    DATA: Array
(
    [option_name] => speed_backups_job_46c20819-194b-439d-b6d2-7e5ec5a67c23
    [found] => YES
)

[2026-01-15 15:51:22] [14 MB] [chunked_processor] Job retrieved successfully
    DATA: Array
(
    [status] => running
    [type] => restore
)

[2026-01-15 15:51:22] [14 MB] [chunked_processor] save_job called
    DATA: Array
(
    [job_id] => 46c20819-194b-439d-b6d2-7e5ec5a67c23
    [status] => running
)

[2026-01-15 15:51:22] [14 MB] [chunked_processor] Transient save result
    DATA: Array
(
    [option_name] => speed_backups_job_46c20819-194b-439d-b6d2-7e5ec5a67c23
    [success] => YES
)

[2026-01-15 15:51:22] [14 MB] [chunked_processor] Option save result
    DATA: Array
(
    [option_name] => speed_backups_job_46c20819-194b-439d-b6d2-7e5ec5a67c23
    [success] => YES
)

[2026-01-15 15:51:22] [14 MB] [chunked_processor] Save verification (direct DB)
    DATA: Array
(
    [verified] => YES
)

[2026-01-15 15:51:22] [14 MB] [chunked_processor] get_job called
    DATA: Array
(
    [job_id] => 46c20819-194b-439d-b6d2-7e5ec5a67c23
)

[2026-01-15 15:51:22] [14 MB] [chunked_processor] Transient lookup result
    DATA: Array
(
    [option_name] => speed_backups_job_46c20819-194b-439d-b6d2-7e5ec5a67c23
    [found] => YES
)

[2026-01-15 15:51:22] [14 MB] [chunked_processor] Job retrieved successfully
    DATA: Array
(
    [status] => running
    [type] => restore
)

[2026-01-15 15:51:22] [14 MB] [chunked_processor] save_job called
    DATA: Array
(
    [job_id] => 46c20819-194b-439d-b6d2-7e5ec5a67c23
    [status] => running
)

[2026-01-15 15:51:22] [14 MB] [chunked_processor] Transient save result
    DATA: Array
(
    [option_name] => speed_backups_job_46c20819-194b-439d-b6d2-7e5ec5a67c23
    [success] => YES
)

[2026-01-15 15:51:22] [14 MB] [chunked_processor] Option save result
    DATA: Array
(
    [option_name] => speed_backups_job_46c20819-194b-439d-b6d2-7e5ec5a67c23
    [success] => YES
)

[2026-01-15 15:51:22] [14 MB] [chunked_processor] Save verification (direct DB)
    DATA: Array
(
    [verified] => YES
)

[2026-01-15 15:51:22] [14 MB] [chunked_processor] get_job called
    DATA: Array
(
    [job_id] => 46c20819-194b-439d-b6d2-7e5ec5a67c23
)

[2026-01-15 15:51:22] [14 MB] [chunked_processor] Transient lookup result
    DATA: Array
(
    [option_name] => speed_backups_job_46c20819-194b-439d-b6d2-7e5ec5a67c23
    [found] => YES
)

[2026-01-15 15:51:22] [14 MB] [chunked_processor] Job retrieved successfully
    DATA: Array
(
    [status] => running
    [type] => restore
)

[2026-01-15 15:51:22] [14 MB] [chunked_processor] get_job called
    DATA: Array
(
    [job_id] => 46c20819-194b-439d-b6d2-7e5ec5a67c23
)

[2026-01-15 15:51:22] [14 MB] [chunked_processor] Transient lookup result
    DATA: Array
(
    [option_name] => speed_backups_job_46c20819-194b-439d-b6d2-7e5ec5a67c23
    [found] => YES
)

[2026-01-15 15:51:22] [14 MB] [chunked_processor] Job retrieved successfully
    DATA: Array
(
    [status] => running
    [type] => restore
)

[2026-01-15 15:51:23] [14 MB] [ERROR_HANDLER] PHP error handlers registered
[2026-01-15 15:51:23] [14 MB] [FUNCTION] >>> ENTER: process_chunk
    DATA: Array
(
    [0] => job_id
)

[2026-01-15 15:51:23] [14 MB] [chunked_processor] get_job called
    DATA: Array
(
    [job_id] => 46c20819-194b-439d-b6d2-7e5ec5a67c23
)

[2026-01-15 15:51:23] [14 MB] [chunked_processor] Transient lookup result
    DATA: Array
(
    [option_name] => speed_backups_job_46c20819-194b-439d-b6d2-7e5ec5a67c23
    [found] => YES
)

[2026-01-15 15:51:23] [14 MB] [chunked_processor] Job retrieved successfully
    DATA: Array
(
    [status] => running
    [type] => restore
)

[2026-01-15 15:51:23] [14 MB] [JOB_STATE] Job 46c20819-194b-439d-b6d2-7e5ec5a67c23 state
    DATA: Array
(
    [status] => running
    [type] => restore
    [phase] => extract
    [progress] => 97.137676466779
)

[2026-01-15 15:51:23] [14 MB] [chunked_processor] get_job called
    DATA: Array
(
    [job_id] => 46c20819-194b-439d-b6d2-7e5ec5a67c23
)

[2026-01-15 15:51:23] [14 MB] [chunked_processor] Transient lookup result
    DATA: Array
(
    [option_name] => speed_backups_job_46c20819-194b-439d-b6d2-7e5ec5a67c23
    [found] => YES
)

[2026-01-15 15:51:23] [14 MB] [chunked_processor] Job retrieved successfully
    DATA: Array
(
    [status] => running
    [type] => restore
)

[2026-01-15 15:51:23] [14 MB] [chunked_processor] get_job called
    DATA: Array
(
    [job_id] => 46c20819-194b-439d-b6d2-7e5ec5a67c23
)

[2026-01-15 15:51:23] [14 MB] [chunked_processor] Transient lookup result
    DATA: Array
(
    [option_name] => speed_backups_job_46c20819-194b-439d-b6d2-7e5ec5a67c23
    [found] => YES
)

[2026-01-15 15:51:23] [14 MB] [chunked_processor] Job retrieved successfully
    DATA: Array
(
    [status] => running
    [type] => restore
)

[2026-01-15 15:51:23] [14 MB] [chunked_processor] save_job called
    DATA: Array
(
    [job_id] => 46c20819-194b-439d-b6d2-7e5ec5a67c23
    [status] => running
)

[2026-01-15 15:51:23] [14 MB] [chunked_processor] Transient save result
    DATA: Array
(
    [option_name] => speed_backups_job_46c20819-194b-439d-b6d2-7e5ec5a67c23
    [success] => YES
)

[2026-01-15 15:51:23] [14 MB] [chunked_processor] Option save result
    DATA: Array
(
    [option_name] => speed_backups_job_46c20819-194b-439d-b6d2-7e5ec5a67c23
    [success] => YES
)

[2026-01-15 15:51:23] [14 MB] [chunked_processor] Save verification (direct DB)
    DATA: Array
(
    [verified] => YES
)

[2026-01-15 15:51:23] [14 MB] [chunked_processor] get_job called
    DATA: Array
(
    [job_id] => 46c20819-194b-439d-b6d2-7e5ec5a67c23
)

[2026-01-15 15:51:23] [14 MB] [chunked_processor] Transient lookup result
    DATA: Array
(
    [option_name] => speed_backups_job_46c20819-194b-439d-b6d2-7e5ec5a67c23
    [found] => YES
)

[2026-01-15 15:51:23] [14 MB] [chunked_processor] Job retrieved successfully
    DATA: Array
(
    [status] => running
    [type] => restore
)

[2026-01-15 15:51:23] [14 MB] [chunked_processor] save_job called
    DATA: Array
(
    [job_id] => 46c20819-194b-439d-b6d2-7e5ec5a67c23
    [status] => running
)

[2026-01-15 15:51:23] [14 MB] [chunked_processor] Transient save result
    DATA: Array
(
    [option_name] => speed_backups_job_46c20819-194b-439d-b6d2-7e5ec5a67c23
    [success] => YES
)

[2026-01-15 15:51:23] [14 MB] [chunked_processor] Option save result
    DATA: Array
(
    [option_name] => speed_backups_job_46c20819-194b-439d-b6d2-7e5ec5a67c23
    [success] => YES
)

[2026-01-15 15:51:23] [14 MB] [chunked_processor] Save verification (direct DB)
    DATA: Array
(
    [verified] => YES
)

[2026-01-15 15:51:23] [14 MB] [chunked_processor] get_job called
    DATA: Array
(
    [job_id] => 46c20819-194b-439d-b6d2-7e5ec5a67c23
)

[2026-01-15 15:51:23] [14 MB] [chunked_processor] Transient lookup result
    DATA: Array
(
    [option_name] => speed_backups_job_46c20819-194b-439d-b6d2-7e5ec5a67c23
    [found] => YES
)

[2026-01-15 15:51:23] [14 MB] [chunked_processor] Job retrieved successfully
    DATA: Array
(
    [status] => running
    [type] => restore
)

[2026-01-15 15:51:23] [14 MB] [chunked_processor] get_job called
    DATA: Array
(
    [job_id] => 46c20819-194b-439d-b6d2-7e5ec5a67c23
)

[2026-01-15 15:51:23] [14 MB] [chunked_processor] Transient lookup result
    DATA: Array
(
    [option_name] => speed_backups_job_46c20819-194b-439d-b6d2-7e5ec5a67c23
    [found] => YES
)

[2026-01-15 15:51:23] [14 MB] [chunked_processor] Job retrieved successfully
    DATA: Array
(
    [status] => running
    [type] => restore
)

[2026-01-15 15:51:24] [14 MB] [ERROR_HANDLER] PHP error handlers registered
[2026-01-15 15:51:24] [14 MB] [FUNCTION] >>> ENTER: process_chunk
    DATA: Array
(
    [0] => job_id
)

[2026-01-15 15:51:24] [14 MB] [chunked_processor] get_job called
    DATA: Array
(
    [job_id] => 46c20819-194b-439d-b6d2-7e5ec5a67c23
)

[2026-01-15 15:51:24] [14 MB] [chunked_processor] Transient lookup result
    DATA: Array
(
    [option_name] => speed_backups_job_46c20819-194b-439d-b6d2-7e5ec5a67c23
    [found] => YES
)

[2026-01-15 15:51:24] [14 MB] [chunked_processor] Job retrieved successfully
    DATA: Array
(
    [status] => running
    [type] => restore
)

[2026-01-15 15:51:24] [14 MB] [JOB_STATE] Job 46c20819-194b-439d-b6d2-7e5ec5a67c23 state
    DATA: Array
(
    [status] => running
    [type] => restore
    [phase] => extract
    [progress] => 98.432845486336
)

[2026-01-15 15:51:24] [14 MB] [chunked_processor] get_job called
    DATA: Array
(
    [job_id] => 46c20819-194b-439d-b6d2-7e5ec5a67c23
)

[2026-01-15 15:51:24] [14 MB] [chunked_processor] Transient lookup result
    DATA: Array
(
    [option_name] => speed_backups_job_46c20819-194b-439d-b6d2-7e5ec5a67c23
    [found] => YES
)

[2026-01-15 15:51:24] [14 MB] [chunked_processor] Job retrieved successfully
    DATA: Array
(
    [status] => running
    [type] => restore
)

[2026-01-15 15:51:24] [14 MB] [chunked_processor] get_job called
    DATA: Array
(
    [job_id] => 46c20819-194b-439d-b6d2-7e5ec5a67c23
)

[2026-01-15 15:51:24] [14 MB] [chunked_processor] Transient lookup result
    DATA: Array
(
    [option_name] => speed_backups_job_46c20819-194b-439d-b6d2-7e5ec5a67c23
    [found] => YES
)

[2026-01-15 15:51:24] [14 MB] [chunked_processor] Job retrieved successfully
    DATA: Array
(
    [status] => running
    [type] => restore
)

[2026-01-15 15:51:24] [14 MB] [chunked_processor] save_job called
    DATA: Array
(
    [job_id] => 46c20819-194b-439d-b6d2-7e5ec5a67c23
    [status] => running
)

[2026-01-15 15:51:24] [14 MB] [chunked_processor] Transient save result
    DATA: Array
(
    [option_name] => speed_backups_job_46c20819-194b-439d-b6d2-7e5ec5a67c23
    [success] => YES
)

[2026-01-15 15:51:24] [14 MB] [chunked_processor] Option save result
    DATA: Array
(
    [option_name] => speed_backups_job_46c20819-194b-439d-b6d2-7e5ec5a67c23
    [success] => YES
)

[2026-01-15 15:51:24] [14 MB] [chunked_processor] Save verification (direct DB)
    DATA: Array
(
    [verified] => YES
)

[2026-01-15 15:51:24] [14 MB] [chunked_processor] get_job called
    DATA: Array
(
    [job_id] => 46c20819-194b-439d-b6d2-7e5ec5a67c23
)

[2026-01-15 15:51:24] [14 MB] [chunked_processor] Transient lookup result
    DATA: Array
(
    [option_name] => speed_backups_job_46c20819-194b-439d-b6d2-7e5ec5a67c23
    [found] => YES
)

[2026-01-15 15:51:24] [14 MB] [chunked_processor] Job retrieved successfully
    DATA: Array
(
    [status] => running
    [type] => restore
)

[2026-01-15 15:51:24] [14 MB] [chunked_processor] save_job called
    DATA: Array
(
    [job_id] => 46c20819-194b-439d-b6d2-7e5ec5a67c23
    [status] => running
)

[2026-01-15 15:51:24] [14 MB] [chunked_processor] Transient save result
    DATA: Array
(
    [option_name] => speed_backups_job_46c20819-194b-439d-b6d2-7e5ec5a67c23
    [success] => YES
)

[2026-01-15 15:51:24] [14 MB] [chunked_processor] Option save result
    DATA: Array
(
    [option_name] => speed_backups_job_46c20819-194b-439d-b6d2-7e5ec5a67c23
    [success] => YES
)

[2026-01-15 15:51:24] [14 MB] [chunked_processor] Save verification (direct DB)
    DATA: Array
(
    [verified] => YES
)

[2026-01-15 15:51:24] [14 MB] [chunked_processor] get_job called
    DATA: Array
(
    [job_id] => 46c20819-194b-439d-b6d2-7e5ec5a67c23
)

[2026-01-15 15:51:24] [14 MB] [chunked_processor] Transient lookup result
    DATA: Array
(
    [option_name] => speed_backups_job_46c20819-194b-439d-b6d2-7e5ec5a67c23
    [found] => YES
)

[2026-01-15 15:51:24] [14 MB] [chunked_processor] Job retrieved successfully
    DATA: Array
(
    [status] => running
    [type] => restore
)

[2026-01-15 15:51:24] [14 MB] [chunked_processor] save_job called
    DATA: Array
(
    [job_id] => 46c20819-194b-439d-b6d2-7e5ec5a67c23
    [status] => running
)

[2026-01-15 15:51:24] [14 MB] [chunked_processor] Transient save result
    DATA: Array
(
    [option_name] => speed_backups_job_46c20819-194b-439d-b6d2-7e5ec5a67c23
    [success] => YES
)

[2026-01-15 15:51:24] [14 MB] [chunked_processor] Option save result
    DATA: Array
(
    [option_name] => speed_backups_job_46c20819-194b-439d-b6d2-7e5ec5a67c23
    [success] => YES
)

[2026-01-15 15:51:24] [14 MB] [chunked_processor] Save verification (direct DB)
    DATA: Array
(
    [verified] => YES
)

[2026-01-15 15:51:24] [14 MB] [chunked_processor] get_job called
    DATA: Array
(
    [job_id] => 46c20819-194b-439d-b6d2-7e5ec5a67c23
)

[2026-01-15 15:51:24] [14 MB] [chunked_processor] Transient lookup result
    DATA: Array
(
    [option_name] => speed_backups_job_46c20819-194b-439d-b6d2-7e5ec5a67c23
    [found] => YES
)

[2026-01-15 15:51:24] [14 MB] [chunked_processor] Job retrieved successfully
    DATA: Array
(
    [status] => running
    [type] => restore
)

[2026-01-15 15:51:24] [14 MB] [chunked_processor] save_job called
    DATA: Array
(
    [job_id] => 46c20819-194b-439d-b6d2-7e5ec5a67c23
    [status] => running
)

[2026-01-15 15:51:24] [14 MB] [chunked_processor] Transient save result
    DATA: Array
(
    [option_name] => speed_backups_job_46c20819-194b-439d-b6d2-7e5ec5a67c23
    [success] => YES
)

[2026-01-15 15:51:24] [14 MB] [chunked_processor] Option save result
    DATA: Array
(
    [option_name] => speed_backups_job_46c20819-194b-439d-b6d2-7e5ec5a67c23
    [success] => YES
)

[2026-01-15 15:51:24] [14 MB] [chunked_processor] Save verification (direct DB)
    DATA: Array
(
    [verified] => YES
)

[2026-01-15 15:51:24] [14 MB] [chunked_processor] get_job called
    DATA: Array
(
    [job_id] => 46c20819-194b-439d-b6d2-7e5ec5a67c23
)

[2026-01-15 15:51:24] [14 MB] [chunked_processor] Transient lookup result
    DATA: Array
(
    [option_name] => speed_backups_job_46c20819-194b-439d-b6d2-7e5ec5a67c23
    [found] => YES
)

[2026-01-15 15:51:24] [14 MB] [chunked_processor] Job retrieved successfully
    DATA: Array
(
    [status] => running
    [type] => restore
)

[2026-01-15 15:51:24] [14 MB] [chunked_processor] get_job called
    DATA: Array
(
    [job_id] => 46c20819-194b-439d-b6d2-7e5ec5a67c23
)

[2026-01-15 15:51:24] [14 MB] [chunked_processor] Transient lookup result
    DATA: Array
(
    [option_name] => speed_backups_job_46c20819-194b-439d-b6d2-7e5ec5a67c23
    [found] => YES
)

[2026-01-15 15:51:24] [14 MB] [chunked_processor] Job retrieved successfully
    DATA: Array
(
    [status] => running
    [type] => restore
)

[2026-01-15 15:51:25] [14 MB] [ERROR_HANDLER] PHP error handlers registered
[2026-01-15 15:51:25] [14 MB] [FUNCTION] >>> ENTER: process_chunk
    DATA: Array
(
    [0] => job_id
)

[2026-01-15 15:51:25] [14 MB] [chunked_processor] get_job called
    DATA: Array
(
    [job_id] => 46c20819-194b-439d-b6d2-7e5ec5a67c23
)

[2026-01-15 15:51:25] [14 MB] [chunked_processor] Transient lookup result
    DATA: Array
(
    [option_name] => speed_backups_job_46c20819-194b-439d-b6d2-7e5ec5a67c23
    [found] => YES
)

[2026-01-15 15:51:25] [14 MB] [chunked_processor] Job retrieved successfully
    DATA: Array
(
    [status] => running
    [type] => restore
)

[2026-01-15 15:51:25] [14 MB] [JOB_STATE] Job 46c20819-194b-439d-b6d2-7e5ec5a67c23 state
    DATA: Array
(
    [status] => running
    [type] => restore
    [phase] => database
    [progress] => 100
)

[2026-01-15 15:51:25] [14 MB] [FUNCTION] >>> ENTER: process_database
    DATA: Array
(
    [0] => job_id
)

[2026-01-15 15:51:25] [14 MB] [chunked_processor] get_job called
    DATA: Array
(
    [job_id] => 46c20819-194b-439d-b6d2-7e5ec5a67c23
)

[2026-01-15 15:51:25] [14 MB] [chunked_processor] Transient lookup result
    DATA: Array
(
    [option_name] => speed_backups_job_46c20819-194b-439d-b6d2-7e5ec5a67c23
    [found] => YES
)

[2026-01-15 15:51:25] [14 MB] [chunked_processor] Job retrieved successfully
    DATA: Array
(
    [status] => running
    [type] => restore
)

[2026-01-15 15:51:25] [14 MB] [JOB_STATE] Job 46c20819-194b-439d-b6d2-7e5ec5a67c23 state
    DATA: Array
(
    [status] => running
    [type] => restore
    [phase] => database
    [progress] => 100
)

[2026-01-15 15:51:25] [14 MB] [process_database] State retrieved
    DATA: Array
(
    [phase] => database
    [temp_dir] => /opt/bitnami/wordpress/wp-content/uploads/speed-backups/temp/restore-46c20819-194b-439d-b6d2-7e5ec5a67c23
)

[2026-01-15 15:51:25] [14 MB] [chunked_processor] get_job called
    DATA: Array
(
    [job_id] => 46c20819-194b-439d-b6d2-7e5ec5a67c23
)

[2026-01-15 15:51:25] [14 MB] [chunked_processor] Transient lookup result
    DATA: Array
(
    [option_name] => speed_backups_job_46c20819-194b-439d-b6d2-7e5ec5a67c23
    [found] => YES
)

[2026-01-15 15:51:25] [14 MB] [chunked_processor] Job retrieved successfully
    DATA: Array
(
    [status] => running
    [type] => restore
)

[2026-01-15 15:51:25] [14 MB] [chunked_processor] save_job called
    DATA: Array
(
    [job_id] => 46c20819-194b-439d-b6d2-7e5ec5a67c23
    [status] => running
)

[2026-01-15 15:51:25] [14 MB] [chunked_processor] Transient save result
    DATA: Array
(
    [option_name] => speed_backups_job_46c20819-194b-439d-b6d2-7e5ec5a67c23
    [success] => YES
)

[2026-01-15 15:51:25] [14 MB] [chunked_processor] Option save result
    DATA: Array
(
    [option_name] => speed_backups_job_46c20819-194b-439d-b6d2-7e5ec5a67c23
    [success] => YES
)

[2026-01-15 15:51:25] [14 MB] [chunked_processor] Save verification (direct DB)
    DATA: Array
(
    [verified] => YES
)

[2026-01-15 15:51:25] [14 MB] [process_database] Database file path: /opt/bitnami/wordpress/wp-content/uploads/speed-backups/temp/restore-46c20819-194b-439d-b6d2-7e5ec5a67c23/database.sql
[2026-01-15 15:51:25] [14 MB] [process_database] Database file exists: YES
[2026-01-15 15:51:25] [14 MB] [process_database] Database file size: 35563124 bytes
[2026-01-15 15:51:25] [14 MB] [process_database] Job backup file path: /opt/bitnami/wordpress/wp-content/uploads/speed-backups/temp/restore-46c20819-194b-439d-b6d2-7e5ec5a67c23/job_data.json
[2026-01-15 15:51:25] [14 MB] [chunked_processor] get_job called
    DATA: Array
(
    [job_id] => 46c20819-194b-439d-b6d2-7e5ec5a67c23
)

[2026-01-15 15:51:25] [14 MB] [chunked_processor] Transient lookup result
    DATA: Array
(
    [option_name] => speed_backups_job_46c20819-194b-439d-b6d2-7e5ec5a67c23
    [found] => YES
)

[2026-01-15 15:51:25] [14 MB] [chunked_processor] Job retrieved successfully
    DATA: Array
(
    [status] => running
    [type] => restore
)

[2026-01-15 15:51:25] [14 MB] [process_database] Job data retrieved for backup
    DATA: Array
(
    [job_exists] => YES
    [job_id] => 46c20819-194b-439d-b6d2-7e5ec5a67c23
)

[2026-01-15 15:51:25] [14 MB] [process_database] Job JSON encoded
    DATA: Array
(
    [json_length] => 1745
    [json_valid] => YES
    [json_error] => No error
)

[2026-01-15 15:51:25] [14 MB] [process_database] Job data written to file
    DATA: Array
(
    [bytes_written] => 1745
    [file_exists] => YES
)

[2026-01-15 15:51:25] [14 MB] [process_database] Table prefix info
    DATA: Array
(
    [old_prefix] => wp_
    [new_prefix] => wp_
)

[2026-01-15 15:51:25] [14 MB] [process_database] >>> STARTING DATABASE IMPORT <<<
[2026-01-15 15:51:25] [14 MB] [FUNCTION] >>> ENTER: import_database
    DATA: Array
(
    [0] => file_path
    [1] => old_prefix
    [2] => new_prefix
)

[2026-01-15 15:51:25] [14 MB] [import_database] Database file found, size: 35563124 bytes
[2026-01-15 15:51:25] [14 MB] [import_database] Prefix replacement
    DATA: Array
(
    [old] => wp_
    [new] => wp_
)

[2026-01-15 15:51:25] [14 MB] [import_database] Starting query execution loop
[2026-01-15 15:51:27] [16 MB] [import_database] Import progress
    DATA: Array
(
    [lines_processed] => 1000
    [queries_executed] => 49
    [errors_count] => 0
)

[2026-01-15 15:51:27] [16 MB] [import_database] Import progress
    DATA: Array
(
    [lines_processed] => 2000
    [queries_executed] => 59
    [errors_count] => 0
)

[2026-01-15 15:51:28] [20 MB] [import_database] Import progress
    DATA: Array
(
    [lines_processed] => 3000
    [queries_executed] => 69
    [errors_count] => 0
)

[2026-01-15 15:51:31] [16 MB] [import_database] Import progress
    DATA: Array
(
    [lines_processed] => 4000
    [queries_executed] => 79
    [errors_count] => 0
)

[2026-01-15 15:51:33] [16 MB] [import_database] Import progress
    DATA: Array
(
    [lines_processed] => 6000
    [queries_executed] => 138
    [errors_count] => 0
)

[2026-01-15 15:51:33] [16 MB] [import_database] Import progress
    DATA: Array
(
    [lines_processed] => 7000
    [queries_executed] => 148
    [errors_count] => 0
)

[2026-01-15 15:51:33] [16 MB] [import_database] Import progress
    DATA: Array
(
    [lines_processed] => 8000
    [queries_executed] => 158
    [errors_count] => 0
)

[2026-01-15 15:51:33] [16 MB] [import_database] Import progress
    DATA: Array
(
    [lines_processed] => 9000
    [queries_executed] => 167
    [errors_count] => 0
)

[2026-01-15 15:51:34] [16 MB] [import_database] Import progress
    DATA: Array
(
    [lines_processed] => 10000
    [queries_executed] => 177
    [errors_count] => 0
)

[2026-01-15 15:51:34] [16 MB] [import_database] Import progress
    DATA: Array
(
    [lines_processed] => 11000
    [queries_executed] => 187
    [errors_count] => 0
)

[2026-01-15 15:51:34] [16 MB] [import_database] Import progress
    DATA: Array
(
    [lines_processed] => 12000
    [queries_executed] => 197
    [errors_count] => 0
)

[2026-01-15 15:51:34] [16 MB] [import_database] Import progress
    DATA: Array
(
    [lines_processed] => 13000
    [queries_executed] => 207
    [errors_count] => 0
)

[2026-01-15 15:51:34] [16 MB] [import_database] Import progress
    DATA: Array
(
    [lines_processed] => 14000
    [queries_executed] => 217
    [errors_count] => 0
)

[2026-01-15 15:51:34] [16 MB] [import_database] Import progress
    DATA: Array
(
    [lines_processed] => 15000
    [queries_executed] => 229
    [errors_count] => 0
)

[2026-01-15 15:51:34] [16 MB] [import_database] Import progress
    DATA: Array
(
    [lines_processed] => 16000
    [queries_executed] => 239
    [errors_count] => 0
)

[2026-01-15 15:51:34] [16 MB] [import_database] Import progress
    DATA: Array
(
    [lines_processed] => 17000
    [queries_executed] => 256
    [errors_count] => 0
)

[2026-01-15 15:51:34] [16 MB] [import_database] Import progress
    DATA: Array
(
    [lines_processed] => 18000
    [queries_executed] => 266
    [errors_count] => 0
)

[2026-01-15 15:51:34] [16 MB] [import_database] Import progress
    DATA: Array
(
    [lines_processed] => 19000
    [queries_executed] => 276
    [errors_count] => 0
)

[2026-01-15 15:51:34] [16 MB] [import_database] Import progress
    DATA: Array
(
    [lines_processed] => 20000
    [queries_executed] => 286
    [errors_count] => 0
)

[2026-01-15 15:51:34] [16 MB] [import_database] Import progress
    DATA: Array
(
    [lines_processed] => 21000
    [queries_executed] => 296
    [errors_count] => 0
)

[2026-01-15 15:51:34] [16 MB] [import_database] Import progress
    DATA: Array
(
    [lines_processed] => 22000
    [queries_executed] => 306
    [errors_count] => 0
)

[2026-01-15 15:51:34] [16 MB] [import_database] Import progress
    DATA: Array
(
    [lines_processed] => 23000
    [queries_executed] => 316
    [errors_count] => 0
)

[2026-01-15 15:51:34] [16 MB] [import_database] Import progress
    DATA: Array
(
    [lines_processed] => 24000
    [queries_executed] => 326
    [errors_count] => 0
)

[2026-01-15 15:51:34] [16 MB] [import_database] Import progress
    DATA: Array
(
    [lines_processed] => 25000
    [queries_executed] => 336
    [errors_count] => 0
)

[2026-01-15 15:51:35] [16 MB] [import_database] Import progress
    DATA: Array
(
    [lines_processed] => 26000
    [queries_executed] => 372
    [errors_count] => 0
)

[2026-01-15 15:51:35] [16 MB] [import_database] Database import completed
    DATA: Array
(
    [total_lines] => 27278
    [queries_executed] => 405
    [errors_count] => 0
    [drop_table_count] => 56
    [create_table_count] => 56
    [insert_count] => 281
)

[2026-01-15 15:51:35] [16 MB] [FUNCTION] <<< EXIT: import_database
[2026-01-15 15:51:35] [16 MB] [process_database] >>> DATABASE IMPORT COMPLETED <<<
    DATA: Array
(
    [success] => YES
    [queries_executed] => 405
    [errors_count] => 0
)

[2026-01-15 15:51:35] [16 MB] [process_database] Checking job backup file after import
    DATA: Array
(
    [file_exists] => YES
)

[2026-01-15 15:51:35] [16 MB] [process_database] Job file contents read
    DATA: Array
(
    [contents_length] => 1745
)

[2026-01-15 15:51:35] [16 MB] [process_database] Job data decoded from JSON
    DATA: Array
(
    [is_array] => YES
    [json_error] => No error
)

[2026-01-15 15:51:35] [16 MB] [process_database] WordPress object cache flushed after database import
[2026-01-15 15:51:35] [16 MB] [process_database] Saving job data to newly imported database (direct)
    DATA: Array
(
    [job_id] => 46c20819-194b-439d-b6d2-7e5ec5a67c23
)

[2026-01-15 15:51:35] [16 MB] [chunked_processor] save_job_direct called (bypassing cache)
    DATA: Array
(
    [job_id] => 46c20819-194b-439d-b6d2-7e5ec5a67c23
)

[2026-01-15 15:51:35] [16 MB] [chunked_processor] Direct DB insert result
    DATA: Array
(
    [success] => YES
    [error] => 
)

[2026-01-15 15:51:35] [16 MB] [chunked_processor] get_job called
    DATA: Array
(
    [job_id] => 46c20819-194b-439d-b6d2-7e5ec5a67c23
)

[2026-01-15 15:51:37] [16 MB] [chunked_processor] Transient lookup result
    DATA: Array
(
    [option_name] => speed_backups_job_46c20819-194b-439d-b6d2-7e5ec5a67c23
    [found] => NO
)

[2026-01-15 15:51:37] [16 MB] [chunked_processor] Option lookup result
    DATA: Array
(
    [option_name] => speed_backups_job_46c20819-194b-439d-b6d2-7e5ec5a67c23
    [found] => YES
)

[2026-01-15 15:51:37] [16 MB] [chunked_processor] Job retrieved successfully
    DATA: Array
(
    [status] => running
    [type] => restore
)

[2026-01-15 15:51:37] [16 MB] [process_database] Job verification after save
    DATA: Array
(
    [job_exists] => YES
    [job_status] => running
)

[2026-01-15 15:51:37] [16 MB] [chunked_processor] get_job called
    DATA: Array
(
    [job_id] => 46c20819-194b-439d-b6d2-7e5ec5a67c23
)

[2026-01-15 15:51:37] [16 MB] [chunked_processor] Transient lookup result
    DATA: Array
(
    [option_name] => speed_backups_job_46c20819-194b-439d-b6d2-7e5ec5a67c23
    [found] => NO
)

[2026-01-15 15:51:37] [16 MB] [chunked_processor] Option lookup result
    DATA: Array
(
    [option_name] => speed_backups_job_46c20819-194b-439d-b6d2-7e5ec5a67c23
    [found] => YES
)

[2026-01-15 15:51:37] [16 MB] [chunked_processor] Job retrieved successfully
    DATA: Array
(
    [status] => running
    [type] => restore
)

[2026-01-15 15:51:37] [16 MB] [chunked_processor] save_job called
    DATA: Array
(
    [job_id] => 46c20819-194b-439d-b6d2-7e5ec5a67c23
    [status] => running
)

[2026-01-15 15:51:37] [16 MB] [chunked_processor] Transient save result
    DATA: Array
(
    [option_name] => speed_backups_job_46c20819-194b-439d-b6d2-7e5ec5a67c23
    [success] => YES
)

[2026-01-15 15:51:37] [16 MB] [chunked_processor] Option save result
    DATA: Array
(
    [option_name] => speed_backups_job_46c20819-194b-439d-b6d2-7e5ec5a67c23
    [success] => YES
)

[2026-01-15 15:51:37] [16 MB] [chunked_processor] Save verification (direct DB)
    DATA: Array
(
    [verified] => YES
)

[2026-01-15 15:51:37] [16 MB] [chunked_processor] get_job called
    DATA: Array
(
    [job_id] => 46c20819-194b-439d-b6d2-7e5ec5a67c23
)

[2026-01-15 15:51:37] [16 MB] [chunked_processor] Transient lookup result
    DATA: Array
(
    [option_name] => speed_backups_job_46c20819-194b-439d-b6d2-7e5ec5a67c23
    [found] => YES
)

[2026-01-15 15:51:37] [16 MB] [chunked_processor] Job retrieved successfully
    DATA: Array
(
    [status] => running
    [type] => restore
)

[2026-01-15 15:51:37] [16 MB] [chunked_processor] save_job called
    DATA: Array
(
    [job_id] => 46c20819-194b-439d-b6d2-7e5ec5a67c23
    [status] => running
)

[2026-01-15 15:51:37] [16 MB] [chunked_processor] Transient save result
    DATA: Array
(
    [option_name] => speed_backups_job_46c20819-194b-439d-b6d2-7e5ec5a67c23
    [success] => YES
)

[2026-01-15 15:51:37] [16 MB] [chunked_processor] Option save result
    DATA: Array
(
    [option_name] => speed_backups_job_46c20819-194b-439d-b6d2-7e5ec5a67c23
    [success] => YES
)

[2026-01-15 15:51:37] [16 MB] [chunked_processor] Save verification (direct DB)
    DATA: Array
(
    [verified] => YES
)

[2026-01-15 15:51:37] [16 MB] [chunked_processor] get_job called
    DATA: Array
(
    [job_id] => 46c20819-194b-439d-b6d2-7e5ec5a67c23
)

[2026-01-15 15:51:37] [16 MB] [chunked_processor] Transient lookup result
    DATA: Array
(
    [option_name] => speed_backups_job_46c20819-194b-439d-b6d2-7e5ec5a67c23
    [found] => YES
)

[2026-01-15 15:51:37] [16 MB] [chunked_processor] Job retrieved successfully
    DATA: Array
(
    [status] => running
    [type] => restore
)

[2026-01-15 15:51:37] [16 MB] [chunked_processor] save_job called
    DATA: Array
(
    [job_id] => 46c20819-194b-439d-b6d2-7e5ec5a67c23
    [status] => running
)

[2026-01-15 15:51:37] [16 MB] [chunked_processor] Transient save result
    DATA: Array
(
    [option_name] => speed_backups_job_46c20819-194b-439d-b6d2-7e5ec5a67c23
    [success] => YES
)

[2026-01-15 15:51:37] [16 MB] [chunked_processor] Option save result
    DATA: Array
(
    [option_name] => speed_backups_job_46c20819-194b-439d-b6d2-7e5ec5a67c23
    [success] => YES
)

[2026-01-15 15:51:37] [16 MB] [chunked_processor] Save verification (direct DB)
    DATA: Array
(
    [verified] => YES
)

[2026-01-15 15:51:37] [16 MB] [chunked_processor] get_job called
    DATA: Array
(
    [job_id] => 46c20819-194b-439d-b6d2-7e5ec5a67c23
)

[2026-01-15 15:51:37] [16 MB] [chunked_processor] Transient lookup result
    DATA: Array
(
    [option_name] => speed_backups_job_46c20819-194b-439d-b6d2-7e5ec5a67c23
    [found] => YES
)

[2026-01-15 15:51:37] [16 MB] [chunked_processor] Job retrieved successfully
    DATA: Array
(
    [status] => running
    [type] => restore
)

[2026-01-15 15:51:37] [16 MB] [chunked_processor] get_job called
    DATA: Array
(
    [job_id] => 46c20819-194b-439d-b6d2-7e5ec5a67c23
)

[2026-01-15 15:51:37] [16 MB] [chunked_processor] Transient lookup result
    DATA: Array
(
    [option_name] => speed_backups_job_46c20819-194b-439d-b6d2-7e5ec5a67c23
    [found] => YES
)

[2026-01-15 15:51:37] [16 MB] [chunked_processor] Job retrieved successfully
    DATA: Array
(
    [status] => running
    [type] => restore
)

[2026-01-15 15:51:37] [14 MB] [ERROR_HANDLER] PHP error handlers registered
[2026-01-15 15:51:38] [60 MB] [ERROR_HANDLER] PHP error handlers registered
[2026-01-15 15:51:38] [90 MB] [FUNCTION] >>> ENTER: process_chunk
    DATA: Array
(
    [0] => job_id
)

[2026-01-15 15:51:38] [90 MB] [chunked_processor] get_job called
    DATA: Array
(
    [job_id] => 46c20819-194b-439d-b6d2-7e5ec5a67c23
)

[2026-01-15 15:51:38] [90 MB] [chunked_processor] Transient lookup result
    DATA: Array
(
    [option_name] => speed_backups_job_46c20819-194b-439d-b6d2-7e5ec5a67c23
    [found] => YES
)

[2026-01-15 15:51:38] [90 MB] [chunked_processor] Job retrieved successfully
    DATA: Array
(
    [status] => running
    [type] => restore
)

[2026-01-15 15:51:38] [90 MB] [JOB_STATE] Job 46c20819-194b-439d-b6d2-7e5ec5a67c23 state
    DATA: Array
(
    [status] => running
    [type] => restore
    [phase] => files
    [progress] => 100
)

[2026-01-15 15:51:38] [90 MB] [chunked_processor] get_job called
    DATA: Array
(
    [job_id] => 46c20819-194b-439d-b6d2-7e5ec5a67c23
)

[2026-01-15 15:51:38] [90 MB] [chunked_processor] Transient lookup result
    DATA: Array
(
    [option_name] => speed_backups_job_46c20819-194b-439d-b6d2-7e5ec5a67c23
    [found] => YES
)

[2026-01-15 15:51:38] [90 MB] [chunked_processor] Job retrieved successfully
    DATA: Array
(
    [status] => running
    [type] => restore
)

[2026-01-15 15:51:38] [90 MB] [chunked_processor] get_job called
    DATA: Array
(
    [job_id] => 46c20819-194b-439d-b6d2-7e5ec5a67c23
)

[2026-01-15 15:51:38] [90 MB] [chunked_processor] Transient lookup result
    DATA: Array
(
    [option_name] => speed_backups_job_46c20819-194b-439d-b6d2-7e5ec5a67c23
    [found] => YES
)

[2026-01-15 15:51:38] [90 MB] [chunked_processor] Job retrieved successfully
    DATA: Array
(
    [status] => running
    [type] => restore
)

[2026-01-15 15:51:38] [90 MB] [chunked_processor] save_job called
    DATA: Array
(
    [job_id] => 46c20819-194b-439d-b6d2-7e5ec5a67c23
    [status] => running
)

[2026-01-15 15:51:38] [90 MB] [chunked_processor] Transient save result
    DATA: Array
(
    [option_name] => speed_backups_job_46c20819-194b-439d-b6d2-7e5ec5a67c23
    [success] => YES
)

[2026-01-15 15:51:38] [90 MB] [chunked_processor] Option save result
    DATA: Array
(
    [option_name] => speed_backups_job_46c20819-194b-439d-b6d2-7e5ec5a67c23
    [success] => YES
)

[2026-01-15 15:51:38] [90 MB] [chunked_processor] Save verification (direct DB)
    DATA: Array
(
    [verified] => YES
)

[2026-01-15 15:51:55] [90 MB] [chunked_processor] get_job called
    DATA: Array
(
    [job_id] => 46c20819-194b-439d-b6d2-7e5ec5a67c23
)

[2026-01-15 15:51:55] [90 MB] [chunked_processor] Transient lookup result
    DATA: Array
(
    [option_name] => speed_backups_job_46c20819-194b-439d-b6d2-7e5ec5a67c23
    [found] => YES
)

[2026-01-15 15:51:55] [90 MB] [chunked_processor] Job retrieved successfully
    DATA: Array
(
    [status] => running
    [type] => restore
)

[2026-01-15 15:51:55] [90 MB] [chunked_processor] save_job called
    DATA: Array
(
    [job_id] => 46c20819-194b-439d-b6d2-7e5ec5a67c23
    [status] => running
)

[2026-01-15 15:51:55] [90 MB] [chunked_processor] Transient save result
    DATA: Array
(
    [option_name] => speed_backups_job_46c20819-194b-439d-b6d2-7e5ec5a67c23
    [success] => YES
)

[2026-01-15 15:51:55] [90 MB] [chunked_processor] Option save result
    DATA: Array
(
    [option_name] => speed_backups_job_46c20819-194b-439d-b6d2-7e5ec5a67c23
    [success] => YES
)

[2026-01-15 15:51:55] [90 MB] [chunked_processor] Save verification (direct DB)
    DATA: Array
(
    [verified] => YES
)

[2026-01-15 15:51:55] [90 MB] [chunked_processor] get_job called
    DATA: Array
(
    [job_id] => 46c20819-194b-439d-b6d2-7e5ec5a67c23
)

[2026-01-15 15:51:55] [90 MB] [chunked_processor] Transient lookup result
    DATA: Array
(
    [option_name] => speed_backups_job_46c20819-194b-439d-b6d2-7e5ec5a67c23
    [found] => YES
)

[2026-01-15 15:51:55] [90 MB] [chunked_processor] Job retrieved successfully
    DATA: Array
(
    [status] => running
    [type] => restore
)

[2026-01-15 15:51:55] [90 MB] [chunked_processor] save_job called
    DATA: Array
(
    [job_id] => 46c20819-194b-439d-b6d2-7e5ec5a67c23
    [status] => running
)

[2026-01-15 15:51:55] [90 MB] [chunked_processor] Transient save result
    DATA: Array
(
    [option_name] => speed_backups_job_46c20819-194b-439d-b6d2-7e5ec5a67c23
    [success] => YES
)

[2026-01-15 15:51:55] [90 MB] [chunked_processor] Option save result
    DATA: Array
(
    [option_name] => speed_backups_job_46c20819-194b-439d-b6d2-7e5ec5a67c23
    [success] => YES
)

[2026-01-15 15:51:55] [90 MB] [chunked_processor] Save verification (direct DB)
    DATA: Array
(
    [verified] => YES
)

[2026-01-15 15:51:55] [90 MB] [chunked_processor] get_job called
    DATA: Array
(
    [job_id] => 46c20819-194b-439d-b6d2-7e5ec5a67c23
)

[2026-01-15 15:51:55] [90 MB] [chunked_processor] Transient lookup result
    DATA: Array
(
    [option_name] => speed_backups_job_46c20819-194b-439d-b6d2-7e5ec5a67c23
    [found] => YES
)

[2026-01-15 15:51:55] [90 MB] [chunked_processor] Job retrieved successfully
    DATA: Array
(
    [status] => running
    [type] => restore
)

[2026-01-15 15:51:55] [90 MB] [chunked_processor] save_job called
    DATA: Array
(
    [job_id] => 46c20819-194b-439d-b6d2-7e5ec5a67c23
    [status] => running
)

[2026-01-15 15:51:55] [90 MB] [chunked_processor] Transient save result
    DATA: Array
(
    [option_name] => speed_backups_job_46c20819-194b-439d-b6d2-7e5ec5a67c23
    [success] => YES
)

[2026-01-15 15:51:55] [90 MB] [chunked_processor] Option save result
    DATA: Array
(
    [option_name] => speed_backups_job_46c20819-194b-439d-b6d2-7e5ec5a67c23
    [success] => YES
)

[2026-01-15 15:51:55] [90 MB] [chunked_processor] Save verification (direct DB)
    DATA: Array
(
    [verified] => YES
)

[2026-01-15 15:51:55] [90 MB] [chunked_processor] get_job called
    DATA: Array
(
    [job_id] => 46c20819-194b-439d-b6d2-7e5ec5a67c23
)

[2026-01-15 15:51:55] [90 MB] [chunked_processor] Transient lookup result
    DATA: Array
(
    [option_name] => speed_backups_job_46c20819-194b-439d-b6d2-7e5ec5a67c23
    [found] => YES
)

[2026-01-15 15:51:55] [90 MB] [chunked_processor] Job retrieved successfully
    DATA: Array
(
    [status] => running
    [type] => restore
)

[2026-01-15 15:51:55] [90 MB] [chunked_processor] get_job called
    DATA: Array
(
    [job_id] => 46c20819-194b-439d-b6d2-7e5ec5a67c23
)

[2026-01-15 15:51:55] [90 MB] [chunked_processor] Transient lookup result
    DATA: Array
(
    [option_name] => speed_backups_job_46c20819-194b-439d-b6d2-7e5ec5a67c23
    [found] => YES
)

[2026-01-15 15:51:55] [90 MB] [chunked_processor] Job retrieved successfully
    DATA: Array
(
    [status] => running
    [type] => restore
)

[2026-01-15 15:51:58] [20 MB] [ERROR_HANDLER] PHP error handlers registered
[2026-01-15 15:52:00] [28 MB] [FUNCTION] >>> ENTER: process_chunk
    DATA: Array
(
    [0] => job_id
)

[2026-01-15 15:52:00] [28 MB] [chunked_processor] get_job called
    DATA: Array
(
    [job_id] => 46c20819-194b-439d-b6d2-7e5ec5a67c23
)

[2026-01-15 15:52:00] [28 MB] [chunked_processor] Transient lookup result
    DATA: Array
(
    [option_name] => speed_backups_job_46c20819-194b-439d-b6d2-7e5ec5a67c23
    [found] => YES
)

[2026-01-15 15:52:00] [28 MB] [chunked_processor] Job retrieved successfully
    DATA: Array
(
    [status] => running
    [type] => restore
)

[2026-01-15 15:52:00] [28 MB] [JOB_STATE] Job 46c20819-194b-439d-b6d2-7e5ec5a67c23 state
    DATA: Array
(
    [status] => running
    [type] => restore
    [phase] => finalize
    [progress] => 100
)

[2026-01-15 15:52:00] [28 MB] [chunked_processor] get_job called
    DATA: Array
(
    [job_id] => 46c20819-194b-439d-b6d2-7e5ec5a67c23
)

[2026-01-15 15:52:00] [28 MB] [chunked_processor] Transient lookup result
    DATA: Array
(
    [option_name] => speed_backups_job_46c20819-194b-439d-b6d2-7e5ec5a67c23
    [found] => YES
)

[2026-01-15 15:52:00] [28 MB] [chunked_processor] Job retrieved successfully
    DATA: Array
(
    [status] => running
    [type] => restore
)

[2026-01-15 15:52:00] [28 MB] [chunked_processor] get_job called
    DATA: Array
(
    [job_id] => 46c20819-194b-439d-b6d2-7e5ec5a67c23
)

[2026-01-15 15:52:00] [28 MB] [chunked_processor] Transient lookup result
    DATA: Array
(
    [option_name] => speed_backups_job_46c20819-194b-439d-b6d2-7e5ec5a67c23
    [found] => YES
)

[2026-01-15 15:52:00] [28 MB] [chunked_processor] Job retrieved successfully
    DATA: Array
(
    [status] => running
    [type] => restore
)

[2026-01-15 15:52:00] [28 MB] [chunked_processor] save_job called
    DATA: Array
(
    [job_id] => 46c20819-194b-439d-b6d2-7e5ec5a67c23
    [status] => running
)

[2026-01-15 15:52:00] [28 MB] [chunked_processor] Transient save result
    DATA: Array
(
    [option_name] => speed_backups_job_46c20819-194b-439d-b6d2-7e5ec5a67c23
    [success] => YES
)

[2026-01-15 15:52:00] [28 MB] [chunked_processor] Option save result
    DATA: Array
(
    [option_name] => speed_backups_job_46c20819-194b-439d-b6d2-7e5ec5a67c23
    [success] => YES
)

[2026-01-15 15:52:00] [28 MB] [chunked_processor] Save verification (direct DB)
    DATA: Array
(
    [verified] => YES
)

[2026-01-15 15:52:00] [28 MB] [chunked_processor] get_job called
    DATA: Array
(
    [job_id] => 46c20819-194b-439d-b6d2-7e5ec5a67c23
)

[2026-01-15 15:52:00] [28 MB] [chunked_processor] Transient lookup result
    DATA: Array
(
    [option_name] => speed_backups_job_46c20819-194b-439d-b6d2-7e5ec5a67c23
    [found] => NO
)

[2026-01-15 15:52:00] [28 MB] [chunked_processor] Option lookup result
    DATA: Array
(
    [option_name] => speed_backups_job_46c20819-194b-439d-b6d2-7e5ec5a67c23
    [found] => YES
)

[2026-01-15 15:52:00] [28 MB] [chunked_processor] Job retrieved successfully
    DATA: Array
(
    [status] => running
    [type] => restore
)

[2026-01-15 15:52:00] [28 MB] [chunked_processor] save_job called
    DATA: Array
(
    [job_id] => 46c20819-194b-439d-b6d2-7e5ec5a67c23
    [status] => completed
)

[2026-01-15 15:52:00] [28 MB] [chunked_processor] Transient save result
    DATA: Array
(
    [option_name] => speed_backups_job_46c20819-194b-439d-b6d2-7e5ec5a67c23
    [success] => YES
)

[2026-01-15 15:52:00] [28 MB] [chunked_processor] Option save result
    DATA: Array
(
    [option_name] => speed_backups_job_46c20819-194b-439d-b6d2-7e5ec5a67c23
    [success] => YES
)

[2026-01-15 15:52:00] [28 MB] [chunked_processor] Save verification (direct DB)
    DATA: Array
(
    [verified] => YES
)

[2026-01-15 15:52:00] [28 MB] [chunked_processor] get_job called
    DATA: Array
(
    [job_id] => 46c20819-194b-439d-b6d2-7e5ec5a67c23
)

[2026-01-15 15:52:00] [28 MB] [chunked_processor] Transient lookup result
    DATA: Array
(
    [option_name] => speed_backups_job_46c20819-194b-439d-b6d2-7e5ec5a67c23
    [found] => YES
)

[2026-01-15 15:52:00] [28 MB] [chunked_processor] Job retrieved successfully
    DATA: Array
(
    [status] => completed
    [type] => restore
)

[2026-01-15 15:52:00] [28 MB] [chunked_processor] save_job called
    DATA: Array
(
    [job_id] => 46c20819-194b-439d-b6d2-7e5ec5a67c23
    [status] => completed
)

[2026-01-15 15:52:00] [28 MB] [chunked_processor] Transient save result
    DATA: Array
(
    [option_name] => speed_backups_job_46c20819-194b-439d-b6d2-7e5ec5a67c23
    [success] => YES
)

[2026-01-15 15:52:00] [28 MB] [chunked_processor] Option save result
    DATA: Array
(
    [option_name] => speed_backups_job_46c20819-194b-439d-b6d2-7e5ec5a67c23
    [success] => YES
)

[2026-01-15 15:52:00] [28 MB] [chunked_processor] Save verification (direct DB)
    DATA: Array
(
    [verified] => YES
)

[2026-01-15 15:52:00] [28 MB] [chunked_processor] get_job called
    DATA: Array
(
    [job_id] => 46c20819-194b-439d-b6d2-7e5ec5a67c23
)

[2026-01-15 15:52:00] [28 MB] [chunked_processor] Transient lookup result
    DATA: Array
(
    [option_name] => speed_backups_job_46c20819-194b-439d-b6d2-7e5ec5a67c23
    [found] => YES
)

[2026-01-15 15:52:00] [28 MB] [chunked_processor] Job retrieved successfully
    DATA: Array
(
    [status] => completed
    [type] => restore
)

[2026-01-15 15:52:04] [12 MB] [ERROR_HANDLER] PHP error handlers registered
[2026-01-15 15:52:08] [52 MB] [ERROR_HANDLER] PHP error handlers registered
[2026-01-15 15:52:10] [24 MB] [ERROR_HANDLER] PHP error handlers registered
[2026-01-15 15:52:35] [14 MB] [ERROR_HANDLER] PHP error handlers registered
