[2026-01-16 04:38:42] [12 MB] [ERROR_HANDLER] PHP error handlers registered
[2026-01-16 04:38:42] [10 MB] [ERROR_HANDLER] PHP error handlers registered
[2026-01-16 04:38:47] [16 MB] [ERROR_HANDLER] PHP error handlers registered
[2026-01-16 04:38:54] [12 MB] [ERROR_HANDLER] PHP error handlers registered
[2026-01-16 04:38:54] [14 MB] [chunked_processor] save_job called
    DATA: Array
(
    [job_id] => 5e2a0ec2-ab82-4013-82c3-a5314d23a330
    [status] => pending
)

[2026-01-16 04:38:54] [14 MB] [chunked_processor] Transient save result
    DATA: Array
(
    [option_name] => speed_backups_job_5e2a0ec2-ab82-4013-82c3-a5314d23a330
    [success] => YES
)

[2026-01-16 04:38:54] [14 MB] [chunked_processor] Option save result
    DATA: Array
(
    [option_name] => speed_backups_job_5e2a0ec2-ab82-4013-82c3-a5314d23a330
    [success] => YES
)

[2026-01-16 04:38:54] [14 MB] [chunked_processor] Save verification (direct DB)
    DATA: Array
(
    [verified] => YES
)

[2026-01-16 04:38:54] [14 MB] [chunked_processor] get_job called
    DATA: Array
(
    [job_id] => 5e2a0ec2-ab82-4013-82c3-a5314d23a330
)

[2026-01-16 04:38:54] [14 MB] [chunked_processor] Transient lookup result
    DATA: Array
(
    [option_name] => speed_backups_job_5e2a0ec2-ab82-4013-82c3-a5314d23a330
    [found] => YES
)

[2026-01-16 04:38:54] [14 MB] [chunked_processor] Job retrieved successfully
    DATA: Array
(
    [status] => pending
    [type] => backup
)

[2026-01-16 04:38:54] [14 MB] [chunked_processor] save_job called
    DATA: Array
(
    [job_id] => 5e2a0ec2-ab82-4013-82c3-a5314d23a330
    [status] => running
)

[2026-01-16 04:38:54] [14 MB] [chunked_processor] Transient save result
    DATA: Array
(
    [option_name] => speed_backups_job_5e2a0ec2-ab82-4013-82c3-a5314d23a330
    [success] => YES
)

[2026-01-16 04:38:54] [14 MB] [chunked_processor] Option save result
    DATA: Array
(
    [option_name] => speed_backups_job_5e2a0ec2-ab82-4013-82c3-a5314d23a330
    [success] => YES
)

[2026-01-16 04:38:54] [14 MB] [chunked_processor] Save verification (direct DB)
    DATA: Array
(
    [verified] => YES
)

[2026-01-16 04:38:54] [14 MB] [chunked_processor] get_job called
    DATA: Array
(
    [job_id] => 5e2a0ec2-ab82-4013-82c3-a5314d23a330
)

[2026-01-16 04:38:54] [14 MB] [chunked_processor] Transient lookup result
    DATA: Array
(
    [option_name] => speed_backups_job_5e2a0ec2-ab82-4013-82c3-a5314d23a330
    [found] => YES
)

[2026-01-16 04:38:54] [14 MB] [chunked_processor] Job retrieved successfully
    DATA: Array
(
    [status] => running
    [type] => backup
)

[2026-01-16 04:38:54] [14 MB] [chunked_processor] save_job called
    DATA: Array
(
    [job_id] => 5e2a0ec2-ab82-4013-82c3-a5314d23a330
    [status] => running
)

[2026-01-16 04:38:54] [14 MB] [chunked_processor] Transient save result
    DATA: Array
(
    [option_name] => speed_backups_job_5e2a0ec2-ab82-4013-82c3-a5314d23a330
    [success] => YES
)

[2026-01-16 04:38:54] [14 MB] [chunked_processor] Option save result
    DATA: Array
(
    [option_name] => speed_backups_job_5e2a0ec2-ab82-4013-82c3-a5314d23a330
    [success] => YES
)

[2026-01-16 04:38:54] [14 MB] [chunked_processor] Save verification (direct DB)
    DATA: Array
(
    [verified] => YES
)

[2026-01-16 04:38:54] [12 MB] [ERROR_HANDLER] PHP error handlers registered
[2026-01-16 04:38:54] [16 MB] [ERROR_HANDLER] PHP error handlers registered
[2026-01-16 04:38:54] [16 MB] [chunked_processor] get_job called
    DATA: Array
(
    [job_id] => 5e2a0ec2-ab82-4013-82c3-a5314d23a330
)

[2026-01-16 04:38:54] [16 MB] [chunked_processor] Transient lookup result
    DATA: Array
(
    [option_name] => speed_backups_job_5e2a0ec2-ab82-4013-82c3-a5314d23a330
    [found] => YES
)

[2026-01-16 04:38:54] [16 MB] [chunked_processor] Job retrieved successfully
    DATA: Array
(
    [status] => running
    [type] => backup
)

[2026-01-16 04:38:54] [16 MB] [chunked_processor] get_job called
    DATA: Array
(
    [job_id] => 5e2a0ec2-ab82-4013-82c3-a5314d23a330
)

[2026-01-16 04:38:54] [16 MB] [chunked_processor] Transient lookup result
    DATA: Array
(
    [option_name] => speed_backups_job_5e2a0ec2-ab82-4013-82c3-a5314d23a330
    [found] => YES
)

[2026-01-16 04:38:54] [16 MB] [chunked_processor] Job retrieved successfully
    DATA: Array
(
    [status] => running
    [type] => backup
)

[2026-01-16 04:38:54] [16 MB] [chunked_processor] get_job called
    DATA: Array
(
    [job_id] => 5e2a0ec2-ab82-4013-82c3-a5314d23a330
)

[2026-01-16 04:38:54] [16 MB] [chunked_processor] Transient lookup result
    DATA: Array
(
    [option_name] => speed_backups_job_5e2a0ec2-ab82-4013-82c3-a5314d23a330
    [found] => YES
)

[2026-01-16 04:38:54] [16 MB] [chunked_processor] Job retrieved successfully
    DATA: Array
(
    [status] => running
    [type] => backup
)

[2026-01-16 04:38:54] [16 MB] [chunked_processor] save_job called
    DATA: Array
(
    [job_id] => 5e2a0ec2-ab82-4013-82c3-a5314d23a330
    [status] => running
)

[2026-01-16 04:38:54] [16 MB] [chunked_processor] Transient save result
    DATA: Array
(
    [option_name] => speed_backups_job_5e2a0ec2-ab82-4013-82c3-a5314d23a330
    [success] => YES
)

[2026-01-16 04:38:54] [16 MB] [chunked_processor] Option save result
    DATA: Array
(
    [option_name] => speed_backups_job_5e2a0ec2-ab82-4013-82c3-a5314d23a330
    [success] => YES
)

[2026-01-16 04:38:54] [16 MB] [chunked_processor] Save verification (direct DB)
    DATA: Array
(
    [verified] => YES
)

[2026-01-16 04:38:55] [18 MB] [chunked_processor] get_job called
    DATA: Array
(
    [job_id] => 5e2a0ec2-ab82-4013-82c3-a5314d23a330
)

[2026-01-16 04:38:55] [18 MB] [chunked_processor] Transient lookup result
    DATA: Array
(
    [option_name] => speed_backups_job_5e2a0ec2-ab82-4013-82c3-a5314d23a330
    [found] => YES
)

[2026-01-16 04:38:55] [18 MB] [chunked_processor] Job retrieved successfully
    DATA: Array
(
    [status] => running
    [type] => backup
)

[2026-01-16 04:38:55] [18 MB] [chunked_processor] save_job called
    DATA: Array
(
    [job_id] => 5e2a0ec2-ab82-4013-82c3-a5314d23a330
    [status] => running
)

[2026-01-16 04:38:55] [18 MB] [chunked_processor] Transient save result
    DATA: Array
(
    [option_name] => speed_backups_job_5e2a0ec2-ab82-4013-82c3-a5314d23a330
    [success] => YES
)

[2026-01-16 04:38:55] [18 MB] [chunked_processor] Option save result
    DATA: Array
(
    [option_name] => speed_backups_job_5e2a0ec2-ab82-4013-82c3-a5314d23a330
    [success] => YES
)

[2026-01-16 04:38:55] [18 MB] [chunked_processor] Save verification (direct DB)
    DATA: Array
(
    [verified] => YES
)

[2026-01-16 04:38:55] [18 MB] [chunked_processor] get_job called
    DATA: Array
(
    [job_id] => 5e2a0ec2-ab82-4013-82c3-a5314d23a330
)

[2026-01-16 04:38:55] [18 MB] [chunked_processor] Transient lookup result
    DATA: Array
(
    [option_name] => speed_backups_job_5e2a0ec2-ab82-4013-82c3-a5314d23a330
    [found] => YES
)

[2026-01-16 04:38:55] [18 MB] [chunked_processor] Job retrieved successfully
    DATA: Array
(
    [status] => running
    [type] => backup
)

[2026-01-16 04:38:55] [18 MB] [chunked_processor] save_job called
    DATA: Array
(
    [job_id] => 5e2a0ec2-ab82-4013-82c3-a5314d23a330
    [status] => running
)

[2026-01-16 04:38:55] [18 MB] [chunked_processor] Transient save result
    DATA: Array
(
    [option_name] => speed_backups_job_5e2a0ec2-ab82-4013-82c3-a5314d23a330
    [success] => YES
)

[2026-01-16 04:38:55] [18 MB] [chunked_processor] Option save result
    DATA: Array
(
    [option_name] => speed_backups_job_5e2a0ec2-ab82-4013-82c3-a5314d23a330
    [success] => YES
)

[2026-01-16 04:38:55] [18 MB] [chunked_processor] Save verification (direct DB)
    DATA: Array
(
    [verified] => YES
)

[2026-01-16 04:38:55] [18 MB] [chunked_processor] get_job called
    DATA: Array
(
    [job_id] => 5e2a0ec2-ab82-4013-82c3-a5314d23a330
)

[2026-01-16 04:38:55] [18 MB] [chunked_processor] Transient lookup result
    DATA: Array
(
    [option_name] => speed_backups_job_5e2a0ec2-ab82-4013-82c3-a5314d23a330
    [found] => YES
)

[2026-01-16 04:38:55] [18 MB] [chunked_processor] Job retrieved successfully
    DATA: Array
(
    [status] => running
    [type] => backup
)

[2026-01-16 04:38:55] [18 MB] [chunked_processor] get_job called
    DATA: Array
(
    [job_id] => 5e2a0ec2-ab82-4013-82c3-a5314d23a330
)

[2026-01-16 04:38:55] [18 MB] [chunked_processor] Transient lookup result
    DATA: Array
(
    [option_name] => speed_backups_job_5e2a0ec2-ab82-4013-82c3-a5314d23a330
    [found] => YES
)

[2026-01-16 04:38:55] [18 MB] [chunked_processor] Job retrieved successfully
    DATA: Array
(
    [status] => running
    [type] => backup
)

[2026-01-16 04:38:55] [12 MB] [ERROR_HANDLER] PHP error handlers registered
[2026-01-16 04:38:55] [14 MB] [chunked_processor] get_job called
    DATA: Array
(
    [job_id] => 5e2a0ec2-ab82-4013-82c3-a5314d23a330
)

[2026-01-16 04:38:55] [14 MB] [chunked_processor] Transient lookup result
    DATA: Array
(
    [option_name] => speed_backups_job_5e2a0ec2-ab82-4013-82c3-a5314d23a330
    [found] => YES
)

[2026-01-16 04:38:55] [14 MB] [chunked_processor] Job retrieved successfully
    DATA: Array
(
    [status] => running
    [type] => backup
)

[2026-01-16 04:38:55] [14 MB] [chunked_processor] get_job called
    DATA: Array
(
    [job_id] => 5e2a0ec2-ab82-4013-82c3-a5314d23a330
)

[2026-01-16 04:38:55] [14 MB] [chunked_processor] Transient lookup result
    DATA: Array
(
    [option_name] => speed_backups_job_5e2a0ec2-ab82-4013-82c3-a5314d23a330
    [found] => YES
)

[2026-01-16 04:38:55] [14 MB] [chunked_processor] Job retrieved successfully
    DATA: Array
(
    [status] => running
    [type] => backup
)

[2026-01-16 04:38:55] [14 MB] [chunked_processor] get_job called
    DATA: Array
(
    [job_id] => 5e2a0ec2-ab82-4013-82c3-a5314d23a330
)

[2026-01-16 04:38:55] [14 MB] [chunked_processor] Transient lookup result
    DATA: Array
(
    [option_name] => speed_backups_job_5e2a0ec2-ab82-4013-82c3-a5314d23a330
    [found] => YES
)

[2026-01-16 04:38:55] [14 MB] [chunked_processor] Job retrieved successfully
    DATA: Array
(
    [status] => running
    [type] => backup
)

[2026-01-16 04:38:55] [14 MB] [chunked_processor] save_job called
    DATA: Array
(
    [job_id] => 5e2a0ec2-ab82-4013-82c3-a5314d23a330
    [status] => running
)

[2026-01-16 04:38:55] [14 MB] [chunked_processor] Transient save result
    DATA: Array
(
    [option_name] => speed_backups_job_5e2a0ec2-ab82-4013-82c3-a5314d23a330
    [success] => YES
)

[2026-01-16 04:38:55] [14 MB] [chunked_processor] Option save result
    DATA: Array
(
    [option_name] => speed_backups_job_5e2a0ec2-ab82-4013-82c3-a5314d23a330
    [success] => YES
)

[2026-01-16 04:38:55] [14 MB] [chunked_processor] Save verification (direct DB)
    DATA: Array
(
    [verified] => YES
)

[2026-01-16 04:38:55] [14 MB] [export_database] Elementor data BEFORE export
    DATA: Array
(
    [post_id] => 16
    [data_length] => 5192
    [json_valid] => YES
    [first_100] => [{"id":"1a5439f4","elType":"container","settings":{"structure":"30","min_height":{"unit":"px","size"
    [last_100] => ,"_flex_align_self":"center"},"elements":[],"widgetType":"icon"}],"isInner":true}],"isInner":false}]
)

[2026-01-16 04:38:55] [22 MB] [export_table_data] Elementor escape check
    DATA: Array
(
    [post_id] => 16
    [original_len] => 5192
    [escaped_len] => 5213
    [original_first] => [{"id":"1a5439f4","elType":"container","settings":{"structure":"30","min_height"
    [escaped_first] => '[{"id":"1a5439f4","elType":"container","settings":{"structure":"30","min_height
    [has_newlines] => NO
    [has_backslash] => YES
)

[2026-01-16 04:38:55] [22 MB] [export_table_data] Elementor escape check
    DATA: Array
(
    [post_id] => 19
    [original_len] => 13693
    [escaped_len] => 13779
    [original_first] => [{"id":"1bd79c1e","elType":"container","settings":{"layout":"full_width","flex_g
    [escaped_first] => '[{"id":"1bd79c1e","elType":"container","settings":{"layout":"full_width","flex_
    [has_newlines] => NO
    [has_backslash] => YES
)

[2026-01-16 04:38:55] [22 MB] [export_table_data] Elementor escape check
    DATA: Array
(
    [post_id] => 24
    [original_len] => 7949
    [escaped_len] => 7989
    [original_first] => [{"id":"1bd79c1e","elType":"container","settings":{"layout":"full_width","flex_g
    [escaped_first] => '[{"id":"1bd79c1e","elType":"container","settings":{"layout":"full_width","flex_
    [has_newlines] => NO
    [has_backslash] => YES
)

[2026-01-16 04:38:55] [22 MB] [export_table_data] Elementor escape check
    DATA: Array
(
    [post_id] => 25
    [original_len] => 8109
    [escaped_len] => 8148
    [original_first] => [{"id":"1bd79c1e","elType":"container","settings":{"layout":"full_width","flex_g
    [escaped_first] => '[{"id":"1bd79c1e","elType":"container","settings":{"layout":"full_width","flex_
    [has_newlines] => NO
    [has_backslash] => YES
)

[2026-01-16 04:38:55] [22 MB] [export_table_data] Elementor escape check
    DATA: Array
(
    [post_id] => 26
    [original_len] => 8109
    [escaped_len] => 8148
    [original_first] => [{"id":"1bd79c1e","elType":"container","settings":{"layout":"full_width","flex_g
    [escaped_first] => '[{"id":"1bd79c1e","elType":"container","settings":{"layout":"full_width","flex_
    [has_newlines] => NO
    [has_backslash] => YES
)

[2026-01-16 04:38:55] [22 MB] [export_table_data] Elementor escape check
    DATA: Array
(
    [post_id] => 27
    [original_len] => 8109
    [escaped_len] => 8148
    [original_first] => [{"id":"1bd79c1e","elType":"container","settings":{"layout":"full_width","flex_g
    [escaped_first] => '[{"id":"1bd79c1e","elType":"container","settings":{"layout":"full_width","flex_
    [has_newlines] => NO
    [has_backslash] => YES
)

[2026-01-16 04:38:55] [22 MB] [export_table_data] Elementor escape check
    DATA: Array
(
    [post_id] => 29
    [original_len] => 10586
    [escaped_len] => 10641
    [original_first] => [{"id":"1bd79c1e","elType":"container","settings":{"layout":"full_width","flex_g
    [escaped_first] => '[{"id":"1bd79c1e","elType":"container","settings":{"layout":"full_width","flex_
    [has_newlines] => NO
    [has_backslash] => YES
)

[2026-01-16 04:38:55] [22 MB] [export_table_data] Elementor escape check
    DATA: Array
(
    [post_id] => 30
    [original_len] => 10601
    [escaped_len] => 10658
    [original_first] => [{"id":"1bd79c1e","elType":"container","settings":{"layout":"full_width","flex_g
    [escaped_first] => '[{"id":"1bd79c1e","elType":"container","settings":{"layout":"full_width","flex_
    [has_newlines] => NO
    [has_backslash] => YES
)

[2026-01-16 04:38:55] [22 MB] [export_table_data] Elementor escape check
    DATA: Array
(
    [post_id] => 31
    [original_len] => 10606
    [escaped_len] => 10663
    [original_first] => [{"id":"1bd79c1e","elType":"container","settings":{"layout":"full_width","flex_g
    [escaped_first] => '[{"id":"1bd79c1e","elType":"container","settings":{"layout":"full_width","flex_
    [has_newlines] => NO
    [has_backslash] => YES
)

[2026-01-16 04:38:55] [22 MB] [export_table_data] Elementor escape check
    DATA: Array
(
    [post_id] => 33
    [original_len] => 11483
    [escaped_len] => 11541
    [original_first] => [{"id":"1bd79c1e","elType":"container","settings":{"layout":"full_width","flex_g
    [escaped_first] => '[{"id":"1bd79c1e","elType":"container","settings":{"layout":"full_width","flex_
    [has_newlines] => NO
    [has_backslash] => YES
)

[2026-01-16 04:38:55] [22 MB] [export_table_data] Elementor escape check
    DATA: Array
(
    [post_id] => 35
    [original_len] => 21696
    [escaped_len] => 22522
    [original_first] => [{"id":"7624a61a","elType":"container","settings":{"layout":"full_width","flex_g
    [escaped_first] => '[{"id":"7624a61a","elType":"container","settings":{"layout":"full_width","flex_
    [has_newlines] => NO
    [has_backslash] => YES
)

[2026-01-16 04:38:55] [22 MB] [export_table_data] Elementor escape check
    DATA: Array
(
    [post_id] => 38
    [original_len] => 15676
    [escaped_len] => 15747
    [original_first] => [{"id":"7624a61a","elType":"container","settings":{"layout":"full_width","flex_g
    [escaped_first] => '[{"id":"7624a61a","elType":"container","settings":{"layout":"full_width","flex_
    [has_newlines] => NO
    [has_backslash] => YES
)

[2026-01-16 04:38:55] [22 MB] [export_table_data] Elementor escape check
    DATA: Array
(
    [post_id] => 41
    [original_len] => 16362
    [escaped_len] => 16437
    [original_first] => [{"id":"7624a61a","elType":"container","settings":{"layout":"full_width","flex_g
    [escaped_first] => '[{"id":"7624a61a","elType":"container","settings":{"layout":"full_width","flex_
    [has_newlines] => NO
    [has_backslash] => YES
)

[2026-01-16 04:38:55] [22 MB] [export_table_data] Elementor escape check
    DATA: Array
(
    [post_id] => 43
    [original_len] => 67920
    [escaped_len] => 68035
    [original_first] => [{"id":"4ffa6803","elType":"container","settings":{"layout":"full_width","flex_g
    [escaped_first] => '[{"id":"4ffa6803","elType":"container","settings":{"layout":"full_width","flex_
    [has_newlines] => NO
    [has_backslash] => YES
)

[2026-01-16 04:38:55] [22 MB] [export_table_data] Elementor escape check
    DATA: Array
(
    [post_id] => 49
    [original_len] => 67920
    [escaped_len] => 68035
    [original_first] => [{"id":"4ffa6803","elType":"container","settings":{"layout":"full_width","flex_g
    [escaped_first] => '[{"id":"4ffa6803","elType":"container","settings":{"layout":"full_width","flex_
    [has_newlines] => NO
    [has_backslash] => YES
)

[2026-01-16 04:38:55] [22 MB] [export_table_data] Elementor escape check
    DATA: Array
(
    [post_id] => 55
    [original_len] => 67846
    [escaped_len] => 67961
    [original_first] => [{"id":"1281a45","elType":"container","settings":{"layout":"full_width","flex_ga
    [escaped_first] => '[{"id":"1281a45","elType":"container","settings":{"layout":"full_width","flex_g
    [has_newlines] => NO
    [has_backslash] => YES
)

[2026-01-16 04:38:55] [22 MB] [export_table_data] Elementor escape check
    DATA: Array
(
    [post_id] => 57
    [original_len] => 11571
    [escaped_len] => 11629
    [original_first] => [{"id":"1bd79c1e","elType":"container","settings":{"layout":"full_width","flex_g
    [escaped_first] => '[{"id":"1bd79c1e","elType":"container","settings":{"layout":"full_width","flex_
    [has_newlines] => NO
    [has_backslash] => YES
)

[2026-01-16 04:38:55] [22 MB] [export_table_data] Elementor escape check
    DATA: Array
(
    [post_id] => 59
    [original_len] => 16226
    [escaped_len] => 16354
    [original_first] => [{"id":"4e8d3d8c","elType":"container","settings":{"boxed_width":{"unit":"px","s
    [escaped_first] => '[{"id":"4e8d3d8c","elType":"container","settings":{"boxed_width":{"unit":"px","
    [has_newlines] => NO
    [has_backslash] => YES
)

[2026-01-16 04:38:55] [22 MB] [export_table_data] Elementor escape check
    DATA: Array
(
    [post_id] => 62
    [original_len] => 41014
    [escaped_len] => 44469
    [original_first] => [{"id":"f9c36ab","elType":"container","settings":{"boxed_width":{"unit":"px","si
    [escaped_first] => '[{"id":"f9c36ab","elType":"container","settings":{"boxed_width":{"unit":"px","s
    [has_newlines] => NO
    [has_backslash] => YES
)

[2026-01-16 04:38:55] [22 MB] [export_table_data] Elementor escape check
    DATA: Array
(
    [post_id] => 64
    [original_len] => 12336
    [escaped_len] => 12458
    [original_first] => [{"id":"f9c36ab","elType":"container","settings":{"boxed_width":{"unit":"px","si
    [escaped_first] => '[{"id":"f9c36ab","elType":"container","settings":{"boxed_width":{"unit":"px","s
    [has_newlines] => NO
    [has_backslash] => YES
)

[2026-01-16 04:38:55] [22 MB] [export_table_data] Elementor escape check
    DATA: Array
(
    [post_id] => 65
    [original_len] => 12336
    [escaped_len] => 12458
    [original_first] => [{"id":"f9c36ab","elType":"container","settings":{"boxed_width":{"unit":"px","si
    [escaped_first] => '[{"id":"f9c36ab","elType":"container","settings":{"boxed_width":{"unit":"px","s
    [has_newlines] => NO
    [has_backslash] => YES
)

[2026-01-16 04:38:55] [22 MB] [export_table_data] Elementor escape check
    DATA: Array
(
    [post_id] => 66
    [original_len] => 27507
    [escaped_len] => 28520
    [original_first] => [{"id":"f9c36ab","elType":"container","settings":{"boxed_width":{"unit":"px","si
    [escaped_first] => '[{"id":"f9c36ab","elType":"container","settings":{"boxed_width":{"unit":"px","s
    [has_newlines] => NO
    [has_backslash] => YES
)

[2026-01-16 04:38:55] [22 MB] [export_table_data] Elementor escape check
    DATA: Array
(
    [post_id] => 67
    [original_len] => 27507
    [escaped_len] => 28520
    [original_first] => [{"id":"f9c36ab","elType":"container","settings":{"boxed_width":{"unit":"px","si
    [escaped_first] => '[{"id":"f9c36ab","elType":"container","settings":{"boxed_width":{"unit":"px","s
    [has_newlines] => NO
    [has_backslash] => YES
)

[2026-01-16 04:38:55] [22 MB] [export_table_data] Elementor escape check
    DATA: Array
(
    [post_id] => 68
    [original_len] => 27507
    [escaped_len] => 28520
    [original_first] => [{"id":"f9c36ab","elType":"container","settings":{"boxed_width":{"unit":"px","si
    [escaped_first] => '[{"id":"f9c36ab","elType":"container","settings":{"boxed_width":{"unit":"px","s
    [has_newlines] => NO
    [has_backslash] => YES
)

[2026-01-16 04:38:55] [22 MB] [export_table_data] Elementor escape check
    DATA: Array
(
    [post_id] => 69
    [original_len] => 27507
    [escaped_len] => 28520
    [original_first] => [{"id":"f9c36ab","elType":"container","settings":{"boxed_width":{"unit":"px","si
    [escaped_first] => '[{"id":"f9c36ab","elType":"container","settings":{"boxed_width":{"unit":"px","s
    [has_newlines] => NO
    [has_backslash] => YES
)

[2026-01-16 04:38:55] [22 MB] [export_table_data] Elementor escape check
    DATA: Array
(
    [post_id] => 70
    [original_len] => 27507
    [escaped_len] => 28520
    [original_first] => [{"id":"f9c36ab","elType":"container","settings":{"boxed_width":{"unit":"px","si
    [escaped_first] => '[{"id":"f9c36ab","elType":"container","settings":{"boxed_width":{"unit":"px","s
    [has_newlines] => NO
    [has_backslash] => YES
)

[2026-01-16 04:38:55] [22 MB] [export_table_data] Elementor escape check
    DATA: Array
(
    [post_id] => 71
    [original_len] => 27507
    [escaped_len] => 28520
    [original_first] => [{"id":"f9c36ab","elType":"container","settings":{"boxed_width":{"unit":"px","si
    [escaped_first] => '[{"id":"f9c36ab","elType":"container","settings":{"boxed_width":{"unit":"px","s
    [has_newlines] => NO
    [has_backslash] => YES
)

[2026-01-16 04:38:55] [22 MB] [export_table_data] Elementor escape check
    DATA: Array
(
    [post_id] => 72
    [original_len] => 27507
    [escaped_len] => 28520
    [original_first] => [{"id":"f9c36ab","elType":"container","settings":{"boxed_width":{"unit":"px","si
    [escaped_first] => '[{"id":"f9c36ab","elType":"container","settings":{"boxed_width":{"unit":"px","s
    [has_newlines] => NO
    [has_backslash] => YES
)

[2026-01-16 04:38:55] [22 MB] [export_table_data] Elementor escape check
    DATA: Array
(
    [post_id] => 73
    [original_len] => 12671
    [escaped_len] => 13921
    [original_first] => [{"id":"08520fc","elType":"container","settings":{"content_width":"full","margin
    [escaped_first] => '[{"id":"08520fc","elType":"container","settings":{"content_width":"full","margi
    [has_newlines] => NO
    [has_backslash] => YES
)

[2026-01-16 04:38:55] [22 MB] [export_table_data] Elementor escape check
    DATA: Array
(
    [post_id] => 75
    [original_len] => 698
    [escaped_len] => 738
    [original_first] => [{"id":"85417a1","elType":"container","settings":[],"elements":[{"id":"58c1fc9",
    [escaped_first] => '[{"id":"85417a1","elType":"container","settings":[],"elements":[{"id":"58c1fc9"
    [has_newlines] => NO
    [has_backslash] => YES
)

[2026-01-16 04:38:55] [22 MB] [export_table_data] Elementor escape check
    DATA: Array
(
    [post_id] => 76
    [original_len] => 70389
    [escaped_len] => 77589
    [original_first] => [{"id":"f9c36ab","elType":"container","settings":{"boxed_width":{"unit":"px","si
    [escaped_first] => '[{"id":"f9c36ab","elType":"container","settings":{"boxed_width":{"unit":"px","s
    [has_newlines] => NO
    [has_backslash] => YES
)

[2026-01-16 04:38:55] [22 MB] [export_table_data] Elementor escape check
    DATA: Array
(
    [post_id] => 77
    [original_len] => 4950
    [escaped_len] => 5093
    [original_first] => [{"id":"7f400b9","elType":"container","settings":{"flex_direction":"row","flex_g
    [escaped_first] => '[{"id":"7f400b9","elType":"container","settings":{"flex_direction":"row","flex_
    [has_newlines] => NO
    [has_backslash] => YES
)

[2026-01-16 04:38:55] [22 MB] [export_table_data] Elementor escape check
    DATA: Array
(
    [post_id] => 81
    [original_len] => 1958
    [escaped_len] => 2000
    [original_first] => [{"id":"7f400b9","elType":"container","settings":{"flex_direction":"row","flex_g
    [escaped_first] => '[{"id":"7f400b9","elType":"container","settings":{"flex_direction":"row","flex_
    [has_newlines] => NO
    [has_backslash] => YES
)

[2026-01-16 04:38:55] [22 MB] [export_table_data] Elementor escape check
    DATA: Array
(
    [post_id] => 82
    [original_len] => 13767
    [escaped_len] => 15104
    [original_first] => [{"id":"9a619c6","elType":"container","settings":{"flex_direction":"row","backgr
    [escaped_first] => '[{"id":"9a619c6","elType":"container","settings":{"flex_direction":"row","backg
    [has_newlines] => NO
    [has_backslash] => YES
)

[2026-01-16 04:38:55] [22 MB] [export_table_data] Elementor escape check
    DATA: Array
(
    [post_id] => 86
    [original_len] => 4021
    [escaped_len] => 4069
    [original_first] => [{"id":"9a619c6","elType":"container","settings":{"flex_direction":"row","backgr
    [escaped_first] => '[{"id":"9a619c6","elType":"container","settings":{"flex_direction":"row","backg
    [has_newlines] => NO
    [has_backslash] => YES
)

[2026-01-16 04:38:55] [22 MB] [export_table_data] Elementor escape check
    DATA: Array
(
    [post_id] => 87
    [original_len] => 60784
    [escaped_len] => 67854
    [original_first] => [{"id":"684b5e7","elType":"container","settings":{"boxed_width":{"unit":"px","si
    [escaped_first] => '[{"id":"684b5e7","elType":"container","settings":{"boxed_width":{"unit":"px","s
    [has_newlines] => NO
    [has_backslash] => YES
)

[2026-01-16 04:38:55] [22 MB] [export_table_data] Elementor escape check
    DATA: Array
(
    [post_id] => 89
    [original_len] => 30448
    [escaped_len] => 30718
    [original_first] => [{"id":"684b5e7","elType":"container","settings":{"boxed_width":{"unit":"px","si
    [escaped_first] => '[{"id":"684b5e7","elType":"container","settings":{"boxed_width":{"unit":"px","s
    [has_newlines] => NO
    [has_backslash] => YES
)

[2026-01-16 04:38:55] [22 MB] [export_table_data] Elementor escape check
    DATA: Array
(
    [post_id] => 90
    [original_len] => 30448
    [escaped_len] => 30718
    [original_first] => [{"id":"684b5e7","elType":"container","settings":{"boxed_width":{"unit":"px","si
    [escaped_first] => '[{"id":"684b5e7","elType":"container","settings":{"boxed_width":{"unit":"px","s
    [has_newlines] => NO
    [has_backslash] => YES
)

[2026-01-16 04:38:55] [22 MB] [export_table_data] Elementor escape check
    DATA: Array
(
    [post_id] => 91
    [original_len] => 28071
    [escaped_len] => 28341
    [original_first] => [{"id":"684b5e7","elType":"container","settings":{"boxed_width":{"unit":"px","si
    [escaped_first] => '[{"id":"684b5e7","elType":"container","settings":{"boxed_width":{"unit":"px","s
    [has_newlines] => NO
    [has_backslash] => YES
)

[2026-01-16 04:38:55] [22 MB] [export_table_data] Elementor escape check
    DATA: Array
(
    [post_id] => 97
    [original_len] => 27507
    [escaped_len] => 28520
    [original_first] => [{"id":"f9c36ab","elType":"container","settings":{"boxed_width":{"unit":"px","si
    [escaped_first] => '[{"id":"f9c36ab","elType":"container","settings":{"boxed_width":{"unit":"px","s
    [has_newlines] => NO
    [has_backslash] => YES
)

[2026-01-16 04:38:55] [22 MB] [export_table_data] Elementor escape check
    DATA: Array
(
    [post_id] => 98
    [original_len] => 27507
    [escaped_len] => 28520
    [original_first] => [{"id":"f9c36ab","elType":"container","settings":{"boxed_width":{"unit":"px","si
    [escaped_first] => '[{"id":"f9c36ab","elType":"container","settings":{"boxed_width":{"unit":"px","s
    [has_newlines] => NO
    [has_backslash] => YES
)

[2026-01-16 04:38:55] [22 MB] [export_table_data] Elementor escape check
    DATA: Array
(
    [post_id] => 99
    [original_len] => 27507
    [escaped_len] => 28520
    [original_first] => [{"id":"f9c36ab","elType":"container","settings":{"boxed_width":{"unit":"px","si
    [escaped_first] => '[{"id":"f9c36ab","elType":"container","settings":{"boxed_width":{"unit":"px","s
    [has_newlines] => NO
    [has_backslash] => YES
)

[2026-01-16 04:38:55] [22 MB] [export_table_data] Elementor escape check
    DATA: Array
(
    [post_id] => 100
    [original_len] => 35558
    [escaped_len] => 36555
    [original_first] => [{"id":"f9c36ab","elType":"container","settings":{"boxed_width":{"unit":"px","si
    [escaped_first] => '[{"id":"f9c36ab","elType":"container","settings":{"boxed_width":{"unit":"px","s
    [has_newlines] => NO
    [has_backslash] => YES
)

[2026-01-16 04:38:55] [22 MB] [export_table_data] Elementor escape check
    DATA: Array
(
    [post_id] => 101
    [original_len] => 112860
    [escaped_len] => 122770
    [original_first] => [{"id":"f9c36ab","elType":"container","settings":{"boxed_width":{"unit":"px","si
    [escaped_first] => '[{"id":"f9c36ab","elType":"container","settings":{"boxed_width":{"unit":"px","s
    [has_newlines] => NO
    [has_backslash] => YES
)

[2026-01-16 04:38:55] [22 MB] [export_table_data] Elementor escape check
    DATA: Array
(
    [post_id] => 102
    [original_len] => 35558
    [escaped_len] => 36555
    [original_first] => [{"id":"f9c36ab","elType":"container","settings":{"boxed_width":{"unit":"px","si
    [escaped_first] => '[{"id":"f9c36ab","elType":"container","settings":{"boxed_width":{"unit":"px","s
    [has_newlines] => NO
    [has_backslash] => YES
)

[2026-01-16 04:38:55] [24 MB] [export_table_data] Elementor escape check
    DATA: Array
(
    [post_id] => 103
    [original_len] => 35558
    [escaped_len] => 36555
    [original_first] => [{"id":"f9c36ab","elType":"container","settings":{"boxed_width":{"unit":"px","si
    [escaped_first] => '[{"id":"f9c36ab","elType":"container","settings":{"boxed_width":{"unit":"px","s
    [has_newlines] => NO
    [has_backslash] => YES
)

[2026-01-16 04:38:55] [24 MB] [export_table_data] Elementor escape check
    DATA: Array
(
    [post_id] => 104
    [original_len] => 35558
    [escaped_len] => 36555
    [original_first] => [{"id":"f9c36ab","elType":"container","settings":{"boxed_width":{"unit":"px","si
    [escaped_first] => '[{"id":"f9c36ab","elType":"container","settings":{"boxed_width":{"unit":"px","s
    [has_newlines] => NO
    [has_backslash] => YES
)

[2026-01-16 04:38:55] [24 MB] [export_table_data] Elementor escape check
    DATA: Array
(
    [post_id] => 105
    [original_len] => 34486
    [escaped_len] => 35247
    [original_first] => [{"id":"f9c36ab","elType":"container","settings":{"boxed_width":{"unit":"px","si
    [escaped_first] => '[{"id":"f9c36ab","elType":"container","settings":{"boxed_width":{"unit":"px","s
    [has_newlines] => NO
    [has_backslash] => YES
)

[2026-01-16 04:38:55] [24 MB] [export_table_data] Elementor escape check
    DATA: Array
(
    [post_id] => 106
    [original_len] => 48187
    [escaped_len] => 53033
    [original_first] => [{"id":"f9c36ab","elType":"container","settings":{"boxed_width":{"unit":"px","si
    [escaped_first] => '[{"id":"f9c36ab","elType":"container","settings":{"boxed_width":{"unit":"px","s
    [has_newlines] => NO
    [has_backslash] => YES
)

[2026-01-16 04:38:55] [24 MB] [export_table_data] Elementor escape check
    DATA: Array
(
    [post_id] => 107
    [original_len] => 34486
    [escaped_len] => 35247
    [original_first] => [{"id":"f9c36ab","elType":"container","settings":{"boxed_width":{"unit":"px","si
    [escaped_first] => '[{"id":"f9c36ab","elType":"container","settings":{"boxed_width":{"unit":"px","s
    [has_newlines] => NO
    [has_backslash] => YES
)

[2026-01-16 04:38:55] [24 MB] [export_table_data] Elementor escape check
    DATA: Array
(
    [post_id] => 108
    [original_len] => 34486
    [escaped_len] => 35247
    [original_first] => [{"id":"f9c36ab","elType":"container","settings":{"boxed_width":{"unit":"px","si
    [escaped_first] => '[{"id":"f9c36ab","elType":"container","settings":{"boxed_width":{"unit":"px","s
    [has_newlines] => NO
    [has_backslash] => YES
)

[2026-01-16 04:38:55] [24 MB] [export_table_data] Elementor escape check
    DATA: Array
(
    [post_id] => 109
    [original_len] => 34486
    [escaped_len] => 35247
    [original_first] => [{"id":"f9c36ab","elType":"container","settings":{"boxed_width":{"unit":"px","si
    [escaped_first] => '[{"id":"f9c36ab","elType":"container","settings":{"boxed_width":{"unit":"px","s
    [has_newlines] => NO
    [has_backslash] => YES
)

[2026-01-16 04:38:55] [24 MB] [export_table_data] Elementor escape check
    DATA: Array
(
    [post_id] => 110
    [original_len] => 25061
    [escaped_len] => 25660
    [original_first] => [{"id":"f9c36ab","elType":"container","settings":{"boxed_width":{"unit":"px","si
    [escaped_first] => '[{"id":"f9c36ab","elType":"container","settings":{"boxed_width":{"unit":"px","s
    [has_newlines] => NO
    [has_backslash] => YES
)

[2026-01-16 04:38:55] [24 MB] [export_table_data] Elementor escape check
    DATA: Array
(
    [post_id] => 111
    [original_len] => 101912
    [escaped_len] => 112631
    [original_first] => [{"id":"f9c36ab","elType":"container","settings":{"boxed_width":{"unit":"px","si
    [escaped_first] => '[{"id":"f9c36ab","elType":"container","settings":{"boxed_width":{"unit":"px","s
    [has_newlines] => NO
    [has_backslash] => YES
)

[2026-01-16 04:38:55] [24 MB] [export_table_data] Elementor escape check
    DATA: Array
(
    [post_id] => 112
    [original_len] => 34486
    [escaped_len] => 35247
    [original_first] => [{"id":"f9c36ab","elType":"container","settings":{"boxed_width":{"unit":"px","si
    [escaped_first] => '[{"id":"f9c36ab","elType":"container","settings":{"boxed_width":{"unit":"px","s
    [has_newlines] => NO
    [has_backslash] => YES
)

[2026-01-16 04:38:55] [24 MB] [export_table_data] Elementor escape check
    DATA: Array
(
    [post_id] => 113
    [original_len] => 34486
    [escaped_len] => 35247
    [original_first] => [{"id":"f9c36ab","elType":"container","settings":{"boxed_width":{"unit":"px","si
    [escaped_first] => '[{"id":"f9c36ab","elType":"container","settings":{"boxed_width":{"unit":"px","s
    [has_newlines] => NO
    [has_backslash] => YES
)

[2026-01-16 04:38:55] [24 MB] [export_table_data] Elementor escape check
    DATA: Array
(
    [post_id] => 114
    [original_len] => 34486
    [escaped_len] => 35247
    [original_first] => [{"id":"f9c36ab","elType":"container","settings":{"boxed_width":{"unit":"px","si
    [escaped_first] => '[{"id":"f9c36ab","elType":"container","settings":{"boxed_width":{"unit":"px","s
    [has_newlines] => NO
    [has_backslash] => YES
)

[2026-01-16 04:38:55] [24 MB] [export_table_data] Elementor escape check
    DATA: Array
(
    [post_id] => 115
    [original_len] => 36190
    [escaped_len] => 37060
    [original_first] => [{"id":"f9c36ab","elType":"container","settings":{"boxed_width":{"unit":"px","si
    [escaped_first] => '[{"id":"f9c36ab","elType":"container","settings":{"boxed_width":{"unit":"px","s
    [has_newlines] => NO
    [has_backslash] => YES
)

[2026-01-16 04:38:55] [24 MB] [export_table_data] Elementor escape check
    DATA: Array
(
    [post_id] => 116
    [original_len] => 79351
    [escaped_len] => 88216
    [original_first] => [{"id":"f9c36ab","elType":"container","settings":{"boxed_width":{"unit":"px","si
    [escaped_first] => '[{"id":"f9c36ab","elType":"container","settings":{"boxed_width":{"unit":"px","s
    [has_newlines] => NO
    [has_backslash] => YES
)

[2026-01-16 04:38:55] [24 MB] [export_table_data] Elementor escape check
    DATA: Array
(
    [post_id] => 117
    [original_len] => 34486
    [escaped_len] => 35247
    [original_first] => [{"id":"f9c36ab","elType":"container","settings":{"boxed_width":{"unit":"px","si
    [escaped_first] => '[{"id":"f9c36ab","elType":"container","settings":{"boxed_width":{"unit":"px","s
    [has_newlines] => NO
    [has_backslash] => YES
)

[2026-01-16 04:38:55] [24 MB] [export_table_data] Elementor escape check
    DATA: Array
(
    [post_id] => 118
    [original_len] => 34486
    [escaped_len] => 35247
    [original_first] => [{"id":"f9c36ab","elType":"container","settings":{"boxed_width":{"unit":"px","si
    [escaped_first] => '[{"id":"f9c36ab","elType":"container","settings":{"boxed_width":{"unit":"px","s
    [has_newlines] => NO
    [has_backslash] => YES
)

[2026-01-16 04:38:55] [24 MB] [export_table_data] Elementor escape check
    DATA: Array
(
    [post_id] => 119
    [original_len] => 34486
    [escaped_len] => 35247
    [original_first] => [{"id":"f9c36ab","elType":"container","settings":{"boxed_width":{"unit":"px","si
    [escaped_first] => '[{"id":"f9c36ab","elType":"container","settings":{"boxed_width":{"unit":"px","s
    [has_newlines] => NO
    [has_backslash] => YES
)

[2026-01-16 04:38:55] [24 MB] [export_table_data] Elementor escape check
    DATA: Array
(
    [post_id] => 120
    [original_len] => 32288
    [escaped_len] => 33180
    [original_first] => [{"id":"f9c36ab","elType":"container","settings":{"boxed_width":{"unit":"px","si
    [escaped_first] => '[{"id":"f9c36ab","elType":"container","settings":{"boxed_width":{"unit":"px","s
    [has_newlines] => NO
    [has_backslash] => YES
)

[2026-01-16 04:38:55] [24 MB] [export_table_data] Elementor escape check
    DATA: Array
(
    [post_id] => 121
    [original_len] => 24489
    [escaped_len] => 26214
    [original_first] => [{"id":"f9c36ab","elType":"container","settings":{"boxed_width":{"unit":"px","si
    [escaped_first] => '[{"id":"f9c36ab","elType":"container","settings":{"boxed_width":{"unit":"px","s
    [has_newlines] => NO
    [has_backslash] => YES
)

[2026-01-16 04:38:55] [24 MB] [export_table_data] Elementor escape check
    DATA: Array
(
    [post_id] => 122
    [original_len] => 34486
    [escaped_len] => 35247
    [original_first] => [{"id":"f9c36ab","elType":"container","settings":{"boxed_width":{"unit":"px","si
    [escaped_first] => '[{"id":"f9c36ab","elType":"container","settings":{"boxed_width":{"unit":"px","s
    [has_newlines] => NO
    [has_backslash] => YES
)

[2026-01-16 04:38:55] [24 MB] [export_table_data] Elementor escape check
    DATA: Array
(
    [post_id] => 123
    [original_len] => 34486
    [escaped_len] => 35247
    [original_first] => [{"id":"f9c36ab","elType":"container","settings":{"boxed_width":{"unit":"px","si
    [escaped_first] => '[{"id":"f9c36ab","elType":"container","settings":{"boxed_width":{"unit":"px","s
    [has_newlines] => NO
    [has_backslash] => YES
)

[2026-01-16 04:38:55] [24 MB] [export_table_data] Elementor escape check
    DATA: Array
(
    [post_id] => 124
    [original_len] => 34486
    [escaped_len] => 35247
    [original_first] => [{"id":"f9c36ab","elType":"container","settings":{"boxed_width":{"unit":"px","si
    [escaped_first] => '[{"id":"f9c36ab","elType":"container","settings":{"boxed_width":{"unit":"px","s
    [has_newlines] => NO
    [has_backslash] => YES
)

[2026-01-16 04:38:55] [24 MB] [export_table_data] Elementor escape check
    DATA: Array
(
    [post_id] => 125
    [original_len] => 18791
    [escaped_len] => 19311
    [original_first] => [{"id":"f9c36ab","elType":"container","settings":{"boxed_width":{"unit":"px","si
    [escaped_first] => '[{"id":"f9c36ab","elType":"container","settings":{"boxed_width":{"unit":"px","s
    [has_newlines] => NO
    [has_backslash] => YES
)

[2026-01-16 04:38:55] [22 MB] [export_table_data] Elementor escape check
    DATA: Array
(
    [post_id] => 126
    [original_len] => 39884
    [escaped_len] => 43154
    [original_first] => [{"id":"f9c36ab","elType":"container","settings":{"boxed_width":{"unit":"px","si
    [escaped_first] => '[{"id":"f9c36ab","elType":"container","settings":{"boxed_width":{"unit":"px","s
    [has_newlines] => NO
    [has_backslash] => YES
)

[2026-01-16 04:38:55] [22 MB] [export_table_data] Elementor escape check
    DATA: Array
(
    [post_id] => 127
    [original_len] => 34486
    [escaped_len] => 35247
    [original_first] => [{"id":"f9c36ab","elType":"container","settings":{"boxed_width":{"unit":"px","si
    [escaped_first] => '[{"id":"f9c36ab","elType":"container","settings":{"boxed_width":{"unit":"px","s
    [has_newlines] => NO
    [has_backslash] => YES
)

[2026-01-16 04:38:55] [22 MB] [export_table_data] Elementor escape check
    DATA: Array
(
    [post_id] => 128
    [original_len] => 34486
    [escaped_len] => 35247
    [original_first] => [{"id":"f9c36ab","elType":"container","settings":{"boxed_width":{"unit":"px","si
    [escaped_first] => '[{"id":"f9c36ab","elType":"container","settings":{"boxed_width":{"unit":"px","s
    [has_newlines] => NO
    [has_backslash] => YES
)

[2026-01-16 04:38:55] [22 MB] [export_table_data] Elementor escape check
    DATA: Array
(
    [post_id] => 129
    [original_len] => 34486
    [escaped_len] => 35247
    [original_first] => [{"id":"f9c36ab","elType":"container","settings":{"boxed_width":{"unit":"px","si
    [escaped_first] => '[{"id":"f9c36ab","elType":"container","settings":{"boxed_width":{"unit":"px","s
    [has_newlines] => NO
    [has_backslash] => YES
)

[2026-01-16 04:38:55] [22 MB] [export_table_data] Elementor escape check
    DATA: Array
(
    [post_id] => 130
    [original_len] => 27053
    [escaped_len] => 28008
    [original_first] => [{"id":"f9c36ab","elType":"container","settings":{"boxed_width":{"unit":"px","si
    [escaped_first] => '[{"id":"f9c36ab","elType":"container","settings":{"boxed_width":{"unit":"px","s
    [has_newlines] => NO
    [has_backslash] => YES
)

[2026-01-16 04:38:55] [22 MB] [export_table_data] Elementor escape check
    DATA: Array
(
    [post_id] => 141
    [original_len] => 11835
    [escaped_len] => 11897
    [original_first] => [{"id":"1bd79c1e","elType":"container","settings":{"layout":"full_width","flex_g
    [escaped_first] => '[{"id":"1bd79c1e","elType":"container","settings":{"layout":"full_width","flex_
    [has_newlines] => NO
    [has_backslash] => YES
)

[2026-01-16 04:38:55] [22 MB] [export_table_data] Elementor escape check
    DATA: Array
(
    [post_id] => 142
    [original_len] => 36580
    [escaped_len] => 40088
    [original_first] => [{"id":"f9c36ab","elType":"container","settings":{"boxed_width":{"unit":"px","si
    [escaped_first] => '[{"id":"f9c36ab","elType":"container","settings":{"boxed_width":{"unit":"px","s
    [has_newlines] => NO
    [has_backslash] => YES
)

[2026-01-16 04:38:55] [22 MB] [export_table_data] Elementor escape check
    DATA: Array
(
    [post_id] => 143
    [original_len] => 34486
    [escaped_len] => 35247
    [original_first] => [{"id":"f9c36ab","elType":"container","settings":{"boxed_width":{"unit":"px","si
    [escaped_first] => '[{"id":"f9c36ab","elType":"container","settings":{"boxed_width":{"unit":"px","s
    [has_newlines] => NO
    [has_backslash] => YES
)

[2026-01-16 04:38:55] [22 MB] [export_table_data] Elementor escape check
    DATA: Array
(
    [post_id] => 144
    [original_len] => 34486
    [escaped_len] => 35247
    [original_first] => [{"id":"f9c36ab","elType":"container","settings":{"boxed_width":{"unit":"px","si
    [escaped_first] => '[{"id":"f9c36ab","elType":"container","settings":{"boxed_width":{"unit":"px","s
    [has_newlines] => NO
    [has_backslash] => YES
)

[2026-01-16 04:38:55] [22 MB] [export_table_data] Elementor escape check
    DATA: Array
(
    [post_id] => 145
    [original_len] => 34486
    [escaped_len] => 35247
    [original_first] => [{"id":"f9c36ab","elType":"container","settings":{"boxed_width":{"unit":"px","si
    [escaped_first] => '[{"id":"f9c36ab","elType":"container","settings":{"boxed_width":{"unit":"px","s
    [has_newlines] => NO
    [has_backslash] => YES
)

[2026-01-16 04:38:55] [22 MB] [export_table_data] Elementor escape check
    DATA: Array
(
    [post_id] => 146
    [original_len] => 19718
    [escaped_len] => 20203
    [original_first] => [{"id":"f9c36ab","elType":"container","settings":{"boxed_width":{"unit":"px","si
    [escaped_first] => '[{"id":"f9c36ab","elType":"container","settings":{"boxed_width":{"unit":"px","s
    [has_newlines] => NO
    [has_backslash] => YES
)

[2026-01-16 04:38:55] [22 MB] [export_table_data] Elementor escape check
    DATA: Array
(
    [post_id] => 147
    [original_len] => 32650
    [escaped_len] => 35644
    [original_first] => [{"id":"f9c36ab","elType":"container","settings":{"boxed_width":{"unit":"px","si
    [escaped_first] => '[{"id":"f9c36ab","elType":"container","settings":{"boxed_width":{"unit":"px","s
    [has_newlines] => NO
    [has_backslash] => YES
)

[2026-01-16 04:38:55] [22 MB] [export_table_data] Elementor escape check
    DATA: Array
(
    [post_id] => 148
    [original_len] => 34486
    [escaped_len] => 35247
    [original_first] => [{"id":"f9c36ab","elType":"container","settings":{"boxed_width":{"unit":"px","si
    [escaped_first] => '[{"id":"f9c36ab","elType":"container","settings":{"boxed_width":{"unit":"px","s
    [has_newlines] => NO
    [has_backslash] => YES
)

[2026-01-16 04:38:55] [22 MB] [export_table_data] Elementor escape check
    DATA: Array
(
    [post_id] => 149
    [original_len] => 34486
    [escaped_len] => 35247
    [original_first] => [{"id":"f9c36ab","elType":"container","settings":{"boxed_width":{"unit":"px","si
    [escaped_first] => '[{"id":"f9c36ab","elType":"container","settings":{"boxed_width":{"unit":"px","s
    [has_newlines] => NO
    [has_backslash] => YES
)

[2026-01-16 04:38:55] [22 MB] [export_table_data] Elementor escape check
    DATA: Array
(
    [post_id] => 150
    [original_len] => 34486
    [escaped_len] => 35247
    [original_first] => [{"id":"f9c36ab","elType":"container","settings":{"boxed_width":{"unit":"px","si
    [escaped_first] => '[{"id":"f9c36ab","elType":"container","settings":{"boxed_width":{"unit":"px","s
    [has_newlines] => NO
    [has_backslash] => YES
)

[2026-01-16 04:38:55] [22 MB] [export_table_data] Elementor escape check
    DATA: Array
(
    [post_id] => 151
    [original_len] => 18839
    [escaped_len] => 19382
    [original_first] => [{"id":"f9c36ab","elType":"container","settings":{"boxed_width":{"unit":"px","si
    [escaped_first] => '[{"id":"f9c36ab","elType":"container","settings":{"boxed_width":{"unit":"px","s
    [has_newlines] => NO
    [has_backslash] => YES
)

[2026-01-16 04:38:55] [22 MB] [export_table_data] Elementor escape check
    DATA: Array
(
    [post_id] => 152
    [original_len] => 39048
    [escaped_len] => 42913
    [original_first] => [{"id":"f9c36ab","elType":"container","settings":{"boxed_width":{"unit":"px","si
    [escaped_first] => '[{"id":"f9c36ab","elType":"container","settings":{"boxed_width":{"unit":"px","s
    [has_newlines] => NO
    [has_backslash] => YES
)

[2026-01-16 04:38:55] [22 MB] [export_table_data] Elementor escape check
    DATA: Array
(
    [post_id] => 153
    [original_len] => 34486
    [escaped_len] => 35247
    [original_first] => [{"id":"f9c36ab","elType":"container","settings":{"boxed_width":{"unit":"px","si
    [escaped_first] => '[{"id":"f9c36ab","elType":"container","settings":{"boxed_width":{"unit":"px","s
    [has_newlines] => NO
    [has_backslash] => YES
)

[2026-01-16 04:38:55] [22 MB] [export_table_data] Elementor escape check
    DATA: Array
(
    [post_id] => 154
    [original_len] => 34486
    [escaped_len] => 35247
    [original_first] => [{"id":"f9c36ab","elType":"container","settings":{"boxed_width":{"unit":"px","si
    [escaped_first] => '[{"id":"f9c36ab","elType":"container","settings":{"boxed_width":{"unit":"px","s
    [has_newlines] => NO
    [has_backslash] => YES
)

[2026-01-16 04:38:55] [22 MB] [export_table_data] Elementor escape check
    DATA: Array
(
    [post_id] => 155
    [original_len] => 34486
    [escaped_len] => 35247
    [original_first] => [{"id":"f9c36ab","elType":"container","settings":{"boxed_width":{"unit":"px","si
    [escaped_first] => '[{"id":"f9c36ab","elType":"container","settings":{"boxed_width":{"unit":"px","s
    [has_newlines] => NO
    [has_backslash] => YES
)

[2026-01-16 04:38:55] [22 MB] [export_table_data] Elementor escape check
    DATA: Array
(
    [post_id] => 156
    [original_len] => 20334
    [escaped_len] => 20781
    [original_first] => [{"id":"f9c36ab","elType":"container","settings":{"boxed_width":{"unit":"px","si
    [escaped_first] => '[{"id":"f9c36ab","elType":"container","settings":{"boxed_width":{"unit":"px","s
    [has_newlines] => NO
    [has_backslash] => YES
)

[2026-01-16 04:38:55] [22 MB] [export_table_data] Elementor escape check
    DATA: Array
(
    [post_id] => 157
    [original_len] => 32203
    [escaped_len] => 35157
    [original_first] => [{"id":"f9c36ab","elType":"container","settings":{"boxed_width":{"unit":"px","si
    [escaped_first] => '[{"id":"f9c36ab","elType":"container","settings":{"boxed_width":{"unit":"px","s
    [has_newlines] => NO
    [has_backslash] => YES
)

[2026-01-16 04:38:55] [22 MB] [export_table_data] Elementor escape check
    DATA: Array
(
    [post_id] => 158
    [original_len] => 34486
    [escaped_len] => 35247
    [original_first] => [{"id":"f9c36ab","elType":"container","settings":{"boxed_width":{"unit":"px","si
    [escaped_first] => '[{"id":"f9c36ab","elType":"container","settings":{"boxed_width":{"unit":"px","s
    [has_newlines] => NO
    [has_backslash] => YES
)

[2026-01-16 04:38:55] [22 MB] [export_table_data] Elementor escape check
    DATA: Array
(
    [post_id] => 159
    [original_len] => 34486
    [escaped_len] => 35247
    [original_first] => [{"id":"f9c36ab","elType":"container","settings":{"boxed_width":{"unit":"px","si
    [escaped_first] => '[{"id":"f9c36ab","elType":"container","settings":{"boxed_width":{"unit":"px","s
    [has_newlines] => NO
    [has_backslash] => YES
)

[2026-01-16 04:38:55] [22 MB] [export_table_data] Elementor escape check
    DATA: Array
(
    [post_id] => 160
    [original_len] => 34486
    [escaped_len] => 35247
    [original_first] => [{"id":"f9c36ab","elType":"container","settings":{"boxed_width":{"unit":"px","si
    [escaped_first] => '[{"id":"f9c36ab","elType":"container","settings":{"boxed_width":{"unit":"px","s
    [has_newlines] => NO
    [has_backslash] => YES
)

[2026-01-16 04:38:55] [22 MB] [export_table_data] Elementor escape check
    DATA: Array
(
    [post_id] => 161
    [original_len] => 16409
    [escaped_len] => 16714
    [original_first] => [{"id":"f9c36ab","elType":"container","settings":{"boxed_width":{"unit":"px","si
    [escaped_first] => '[{"id":"f9c36ab","elType":"container","settings":{"boxed_width":{"unit":"px","s
    [has_newlines] => NO
    [has_backslash] => YES
)

[2026-01-16 04:38:56] [30 MB] [export_table_data] Elementor escape check
    DATA: Array
(
    [post_id] => 162
    [original_len] => 37235
    [escaped_len] => 40921
    [original_first] => [{"id":"f9c36ab","elType":"container","settings":{"boxed_width":{"unit":"px","si
    [escaped_first] => '[{"id":"f9c36ab","elType":"container","settings":{"boxed_width":{"unit":"px","s
    [has_newlines] => NO
    [has_backslash] => YES
)

[2026-01-16 04:38:56] [30 MB] [export_table_data] Elementor escape check
    DATA: Array
(
    [post_id] => 163
    [original_len] => 28254
    [escaped_len] => 30802
    [original_first] => [{"id":"f9c36ab","elType":"container","settings":{"boxed_width":{"unit":"px","si
    [escaped_first] => '[{"id":"f9c36ab","elType":"container","settings":{"boxed_width":{"unit":"px","s
    [has_newlines] => NO
    [has_backslash] => YES
)

[2026-01-16 04:38:56] [30 MB] [export_table_data] Elementor escape check
    DATA: Array
(
    [post_id] => 164
    [original_len] => 34486
    [escaped_len] => 35247
    [original_first] => [{"id":"f9c36ab","elType":"container","settings":{"boxed_width":{"unit":"px","si
    [escaped_first] => '[{"id":"f9c36ab","elType":"container","settings":{"boxed_width":{"unit":"px","s
    [has_newlines] => NO
    [has_backslash] => YES
)

[2026-01-16 04:38:56] [30 MB] [export_table_data] Elementor escape check
    DATA: Array
(
    [post_id] => 165
    [original_len] => 34486
    [escaped_len] => 35247
    [original_first] => [{"id":"f9c36ab","elType":"container","settings":{"boxed_width":{"unit":"px","si
    [escaped_first] => '[{"id":"f9c36ab","elType":"container","settings":{"boxed_width":{"unit":"px","s
    [has_newlines] => NO
    [has_backslash] => YES
)

[2026-01-16 04:38:56] [30 MB] [export_table_data] Elementor escape check
    DATA: Array
(
    [post_id] => 166
    [original_len] => 34486
    [escaped_len] => 35247
    [original_first] => [{"id":"f9c36ab","elType":"container","settings":{"boxed_width":{"unit":"px","si
    [escaped_first] => '[{"id":"f9c36ab","elType":"container","settings":{"boxed_width":{"unit":"px","s
    [has_newlines] => NO
    [has_backslash] => YES
)

[2026-01-16 04:38:56] [30 MB] [export_table_data] Elementor escape check
    DATA: Array
(
    [post_id] => 167
    [original_len] => 17967
    [escaped_len] => 18302
    [original_first] => [{"id":"f9c36ab","elType":"container","settings":{"boxed_width":{"unit":"px","si
    [escaped_first] => '[{"id":"f9c36ab","elType":"container","settings":{"boxed_width":{"unit":"px","s
    [has_newlines] => NO
    [has_backslash] => YES
)

[2026-01-16 04:38:56] [30 MB] [export_table_data] Elementor escape check
    DATA: Array
(
    [post_id] => 168
    [original_len] => 34486
    [escaped_len] => 35247
    [original_first] => [{"id":"f9c36ab","elType":"container","settings":{"boxed_width":{"unit":"px","si
    [escaped_first] => '[{"id":"f9c36ab","elType":"container","settings":{"boxed_width":{"unit":"px","s
    [has_newlines] => NO
    [has_backslash] => YES
)

[2026-01-16 04:38:56] [30 MB] [export_table_data] Elementor escape check
    DATA: Array
(
    [post_id] => 169
    [original_len] => 34486
    [escaped_len] => 35247
    [original_first] => [{"id":"f9c36ab","elType":"container","settings":{"boxed_width":{"unit":"px","si
    [escaped_first] => '[{"id":"f9c36ab","elType":"container","settings":{"boxed_width":{"unit":"px","s
    [has_newlines] => NO
    [has_backslash] => YES
)

[2026-01-16 04:38:56] [30 MB] [export_table_data] Elementor escape check
    DATA: Array
(
    [post_id] => 170
    [original_len] => 34486
    [escaped_len] => 35247
    [original_first] => [{"id":"f9c36ab","elType":"container","settings":{"boxed_width":{"unit":"px","si
    [escaped_first] => '[{"id":"f9c36ab","elType":"container","settings":{"boxed_width":{"unit":"px","s
    [has_newlines] => NO
    [has_backslash] => YES
)

[2026-01-16 04:38:56] [30 MB] [export_table_data] Elementor escape check
    DATA: Array
(
    [post_id] => 171
    [original_len] => 17050
    [escaped_len] => 17416
    [original_first] => [{"id":"f9c36ab","elType":"container","settings":{"boxed_width":{"unit":"px","si
    [escaped_first] => '[{"id":"f9c36ab","elType":"container","settings":{"boxed_width":{"unit":"px","s
    [has_newlines] => NO
    [has_backslash] => YES
)

[2026-01-16 04:38:56] [32 MB] [export_table_data] Elementor escape check
    DATA: Array
(
    [post_id] => 175
    [original_len] => 24675
    [escaped_len] => 24721
    [original_first] => [{"id":"1a24872a","elType":"container","settings":{"layout":"full_width","flex_g
    [escaped_first] => '[{"id":"1a24872a","elType":"container","settings":{"layout":"full_width","flex_
    [has_newlines] => NO
    [has_backslash] => YES
)

[2026-01-16 04:38:56] [32 MB] [export_table_data] Elementor escape check
    DATA: Array
(
    [post_id] => 173
    [original_len] => 15617
    [escaped_len] => 16000
    [original_first] => [{"id":"2c35d47","elType":"container","settings":{"layout":"full_width","flex_ga
    [escaped_first] => '[{"id":"2c35d47","elType":"container","settings":{"layout":"full_width","flex_g
    [has_newlines] => NO
    [has_backslash] => YES
)

[2026-01-16 04:38:56] [32 MB] [export_table_data] Elementor escape check
    DATA: Array
(
    [post_id] => 182
    [original_len] => 17222
    [escaped_len] => 17253
    [original_first] => [{"id":"2c35d47","elType":"container","settings":{"layout":"full_width","flex_ga
    [escaped_first] => '[{"id":"2c35d47","elType":"container","settings":{"layout":"full_width","flex_g
    [has_newlines] => NO
    [has_backslash] => YES
)

[2026-01-16 04:38:56] [32 MB] [export_table_data] Elementor escape check
    DATA: Array
(
    [post_id] => 183
    [original_len] => 56233
    [escaped_len] => 61619
    [original_first] => [{"id":"f9c36ab","elType":"container","settings":{"boxed_width":{"unit":"px","si
    [escaped_first] => '[{"id":"f9c36ab","elType":"container","settings":{"boxed_width":{"unit":"px","s
    [has_newlines] => NO
    [has_backslash] => YES
)

[2026-01-16 04:38:56] [32 MB] [export_table_data] Elementor escape check
    DATA: Array
(
    [post_id] => 184
    [original_len] => 20334
    [escaped_len] => 20781
    [original_first] => [{"id":"f9c36ab","elType":"container","settings":{"boxed_width":{"unit":"px","si
    [escaped_first] => '[{"id":"f9c36ab","elType":"container","settings":{"boxed_width":{"unit":"px","s
    [has_newlines] => NO
    [has_backslash] => YES
)

[2026-01-16 04:38:56] [32 MB] [export_table_data] Elementor escape check
    DATA: Array
(
    [post_id] => 185
    [original_len] => 20334
    [escaped_len] => 20781
    [original_first] => [{"id":"f9c36ab","elType":"container","settings":{"boxed_width":{"unit":"px","si
    [escaped_first] => '[{"id":"f9c36ab","elType":"container","settings":{"boxed_width":{"unit":"px","s
    [has_newlines] => NO
    [has_backslash] => YES
)

[2026-01-16 04:38:56] [32 MB] [export_table_data] Elementor escape check
    DATA: Array
(
    [post_id] => 186
    [original_len] => 20334
    [escaped_len] => 20781
    [original_first] => [{"id":"f9c36ab","elType":"container","settings":{"boxed_width":{"unit":"px","si
    [escaped_first] => '[{"id":"f9c36ab","elType":"container","settings":{"boxed_width":{"unit":"px","s
    [has_newlines] => NO
    [has_backslash] => YES
)

[2026-01-16 04:38:56] [32 MB] [export_table_data] Elementor escape check
    DATA: Array
(
    [post_id] => 187
    [original_len] => 29308
    [escaped_len] => 30121
    [original_first] => [{"id":"f9c36ab","elType":"container","settings":{"boxed_width":{"unit":"px","si
    [escaped_first] => '[{"id":"f9c36ab","elType":"container","settings":{"boxed_width":{"unit":"px","s
    [has_newlines] => NO
    [has_backslash] => YES
)

[2026-01-16 04:38:56] [30 MB] [export_table_data] Elementor escape check
    DATA: Array
(
    [post_id] => 196
    [original_len] => 11921
    [escaped_len] => 11983
    [original_first] => [{"id":"1bd79c1e","elType":"container","settings":{"layout":"full_width","flex_g
    [escaped_first] => '[{"id":"1bd79c1e","elType":"container","settings":{"layout":"full_width","flex_
    [has_newlines] => NO
    [has_backslash] => YES
)

[2026-01-16 04:38:56] [30 MB] [export_table_data] Elementor escape check
    DATA: Array
(
    [post_id] => 197
    [original_len] => 11947
    [escaped_len] => 12010
    [original_first] => [{"id":"1bd79c1e","elType":"container","settings":{"layout":"full_width","flex_g
    [escaped_first] => '[{"id":"1bd79c1e","elType":"container","settings":{"layout":"full_width","flex_
    [has_newlines] => NO
    [has_backslash] => YES
)

[2026-01-16 04:38:56] [30 MB] [export_table_data] Elementor escape check
    DATA: Array
(
    [post_id] => 198
    [original_len] => 11954
    [escaped_len] => 12017
    [original_first] => [{"id":"1bd79c1e","elType":"container","settings":{"layout":"full_width","flex_g
    [escaped_first] => '[{"id":"1bd79c1e","elType":"container","settings":{"layout":"full_width","flex_
    [has_newlines] => NO
    [has_backslash] => YES
)

[2026-01-16 04:38:56] [30 MB] [export_table_data] Elementor escape check
    DATA: Array
(
    [post_id] => 199
    [original_len] => 11947
    [escaped_len] => 12010
    [original_first] => [{"id":"1bd79c1e","elType":"container","settings":{"layout":"full_width","flex_g
    [escaped_first] => '[{"id":"1bd79c1e","elType":"container","settings":{"layout":"full_width","flex_
    [has_newlines] => NO
    [has_backslash] => YES
)

[2026-01-16 04:38:56] [30 MB] [export_table_data] Elementor escape check
    DATA: Array
(
    [post_id] => 205
    [original_len] => 16805
    [escaped_len] => 16937
    [original_first] => [{"id":"7624a61a","elType":"container","settings":{"layout":"full_width","flex_g
    [escaped_first] => '[{"id":"7624a61a","elType":"container","settings":{"layout":"full_width","flex_
    [has_newlines] => NO
    [has_backslash] => YES
)

[2026-01-16 04:38:56] [30 MB] [export_table_data] Elementor escape check
    DATA: Array
(
    [post_id] => 206
    [original_len] => 13892
    [escaped_len] => 14031
    [original_first] => [{"id":"7624a61a","elType":"container","settings":{"layout":"full_width","flex_g
    [escaped_first] => '[{"id":"7624a61a","elType":"container","settings":{"layout":"full_width","flex_
    [has_newlines] => NO
    [has_backslash] => YES
)

[2026-01-16 04:38:56] [30 MB] [export_table_data] Elementor escape check
    DATA: Array
(
    [post_id] => 207
    [original_len] => 12100
    [escaped_len] => 12166
    [original_first] => [{"id":"1bd79c1e","elType":"container","settings":{"layout":"full_width","flex_g
    [escaped_first] => '[{"id":"1bd79c1e","elType":"container","settings":{"layout":"full_width","flex_
    [has_newlines] => NO
    [has_backslash] => YES
)

[2026-01-16 04:38:56] [30 MB] [export_table_data] Elementor escape check
    DATA: Array
(
    [post_id] => 211
    [original_len] => 67846
    [escaped_len] => 67961
    [original_first] => [{"id":"1281a45","elType":"container","settings":{"layout":"full_width","flex_ga
    [escaped_first] => '[{"id":"1281a45","elType":"container","settings":{"layout":"full_width","flex_g
    [has_newlines] => NO
    [has_backslash] => YES
)

[2026-01-16 04:38:56] [30 MB] [export_table_data] Elementor escape check
    DATA: Array
(
    [post_id] => 212
    [original_len] => 67846
    [escaped_len] => 67961
    [original_first] => [{"id":"1281a45","elType":"container","settings":{"layout":"full_width","flex_ga
    [escaped_first] => '[{"id":"1281a45","elType":"container","settings":{"layout":"full_width","flex_g
    [has_newlines] => NO
    [has_backslash] => YES
)

[2026-01-16 04:38:56] [30 MB] [export_table_data] Elementor escape check
    DATA: Array
(
    [post_id] => 213
    [original_len] => 69691
    [escaped_len] => 70021
    [original_first] => [{"id":"1281a45","elType":"container","settings":{"layout":"full_width","flex_ga
    [escaped_first] => '[{"id":"1281a45","elType":"container","settings":{"layout":"full_width","flex_g
    [has_newlines] => NO
    [has_backslash] => YES
)

[2026-01-16 04:38:56] [30 MB] [export_table_data] Elementor escape check
    DATA: Array
(
    [post_id] => 215
    [original_len] => 12282
    [escaped_len] => 12371
    [original_first] => [{"id":"7624a61a","elType":"container","settings":{"layout":"full_width","flex_g
    [escaped_first] => '[{"id":"7624a61a","elType":"container","settings":{"layout":"full_width","flex_
    [has_newlines] => NO
    [has_backslash] => YES
)

[2026-01-16 04:38:56] [30 MB] [export_table_data] Elementor escape check
    DATA: Array
(
    [post_id] => 216
    [original_len] => 12295
    [escaped_len] => 12386
    [original_first] => [{"id":"7624a61a","elType":"container","settings":{"layout":"full_width","flex_g
    [escaped_first] => '[{"id":"7624a61a","elType":"container","settings":{"layout":"full_width","flex_
    [has_newlines] => NO
    [has_backslash] => YES
)

[2026-01-16 04:38:56] [30 MB] [export_table_data] Elementor escape check
    DATA: Array
(
    [post_id] => 218
    [original_len] => 69691
    [escaped_len] => 70021
    [original_first] => [{"id":"1281a45","elType":"container","settings":{"layout":"full_width","flex_ga
    [escaped_first] => '[{"id":"1281a45","elType":"container","settings":{"layout":"full_width","flex_g
    [has_newlines] => NO
    [has_backslash] => YES
)

[2026-01-16 04:38:56] [30 MB] [export_table_data] Elementor escape check
    DATA: Array
(
    [post_id] => 219
    [original_len] => 69691
    [escaped_len] => 70021
    [original_first] => [{"id":"1281a45","elType":"container","settings":{"layout":"full_width","flex_ga
    [escaped_first] => '[{"id":"1281a45","elType":"container","settings":{"layout":"full_width","flex_g
    [has_newlines] => NO
    [has_backslash] => YES
)

[2026-01-16 04:38:56] [30 MB] [export_table_data] Elementor escape check
    DATA: Array
(
    [post_id] => 220
    [original_len] => 65143
    [escaped_len] => 65495
    [original_first] => [{"id":"1281a45","elType":"container","settings":{"layout":"full_width","flex_ga
    [escaped_first] => '[{"id":"1281a45","elType":"container","settings":{"layout":"full_width","flex_g
    [has_newlines] => NO
    [has_backslash] => YES
)

[2026-01-16 04:38:56] [30 MB] [export_table_data] Elementor escape check
    DATA: Array
(
    [post_id] => 222
    [original_len] => 13319
    [escaped_len] => 13399
    [original_first] => [{"id":"1bd79c1e","elType":"container","settings":{"layout":"full_width","flex_g
    [escaped_first] => '[{"id":"1bd79c1e","elType":"container","settings":{"layout":"full_width","flex_
    [has_newlines] => NO
    [has_backslash] => YES
)

[2026-01-16 04:38:56] [30 MB] [export_table_data] Elementor escape check
    DATA: Array
(
    [post_id] => 223
    [original_len] => 13405
    [escaped_len] => 13485
    [original_first] => [{"id":"1bd79c1e","elType":"container","settings":{"layout":"full_width","flex_g
    [escaped_first] => '[{"id":"1bd79c1e","elType":"container","settings":{"layout":"full_width","flex_
    [has_newlines] => NO
    [has_backslash] => YES
)

[2026-01-16 04:38:56] [32 MB] [export_table_data] Elementor escape check
    DATA: Array
(
    [post_id] => 224
    [original_len] => 65143
    [escaped_len] => 65495
    [original_first] => [{"id":"1281a45","elType":"container","settings":{"layout":"full_width","flex_ga
    [escaped_first] => '[{"id":"1281a45","elType":"container","settings":{"layout":"full_width","flex_g
    [has_newlines] => NO
    [has_backslash] => YES
)

[2026-01-16 04:38:56] [32 MB] [export_table_data] Elementor escape check
    DATA: Array
(
    [post_id] => 225
    [original_len] => 65143
    [escaped_len] => 65495
    [original_first] => [{"id":"1281a45","elType":"container","settings":{"layout":"full_width","flex_ga
    [escaped_first] => '[{"id":"1281a45","elType":"container","settings":{"layout":"full_width","flex_g
    [has_newlines] => NO
    [has_backslash] => YES
)

[2026-01-16 04:38:56] [32 MB] [export_table_data] Elementor escape check
    DATA: Array
(
    [post_id] => 226
    [original_len] => 64877
    [escaped_len] => 65193
    [original_first] => [{"id":"1281a45","elType":"container","settings":{"layout":"full_width","flex_ga
    [escaped_first] => '[{"id":"1281a45","elType":"container","settings":{"layout":"full_width","flex_g
    [has_newlines] => NO
    [has_backslash] => YES
)

[2026-01-16 04:38:56] [32 MB] [export_table_data] Elementor escape check
    DATA: Array
(
    [post_id] => 230
    [original_len] => 27507
    [escaped_len] => 28520
    [original_first] => [{"id":"f9c36ab","elType":"container","settings":{"boxed_width":{"unit":"px","si
    [escaped_first] => '[{"id":"f9c36ab","elType":"container","settings":{"boxed_width":{"unit":"px","s
    [has_newlines] => NO
    [has_backslash] => YES
)

[2026-01-16 04:38:56] [32 MB] [export_table_data] Elementor escape check
    DATA: Array
(
    [post_id] => 231
    [original_len] => 27507
    [escaped_len] => 28520
    [original_first] => [{"id":"f9c36ab","elType":"container","settings":{"boxed_width":{"unit":"px","si
    [escaped_first] => '[{"id":"f9c36ab","elType":"container","settings":{"boxed_width":{"unit":"px","s
    [has_newlines] => NO
    [has_backslash] => YES
)

[2026-01-16 04:38:56] [32 MB] [export_table_data] Elementor escape check
    DATA: Array
(
    [post_id] => 232
    [original_len] => 42981
    [escaped_len] => 46672
    [original_first] => [{"id":"f9c36ab","elType":"container","settings":{"boxed_width":{"unit":"px","si
    [escaped_first] => '[{"id":"f9c36ab","elType":"container","settings":{"boxed_width":{"unit":"px","s
    [has_newlines] => NO
    [has_backslash] => YES
)

[2026-01-16 04:38:56] [32 MB] [export_table_data] Elementor escape check
    DATA: Array
(
    [post_id] => 248
    [original_len] => 1958
    [escaped_len] => 2000
    [original_first] => [{"id":"7f400b9","elType":"container","settings":{"flex_direction":"row","flex_g
    [escaped_first] => '[{"id":"7f400b9","elType":"container","settings":{"flex_direction":"row","flex_
    [has_newlines] => NO
    [has_backslash] => YES
)

[2026-01-16 04:38:56] [32 MB] [export_table_data] Elementor escape check
    DATA: Array
(
    [post_id] => 249
    [original_len] => 1958
    [escaped_len] => 2000
    [original_first] => [{"id":"7f400b9","elType":"container","settings":{"flex_direction":"row","flex_g
    [escaped_first] => '[{"id":"7f400b9","elType":"container","settings":{"flex_direction":"row","flex_
    [has_newlines] => NO
    [has_backslash] => YES
)

[2026-01-16 04:38:56] [32 MB] [export_table_data] Elementor escape check
    DATA: Array
(
    [post_id] => 250
    [original_len] => 4950
    [escaped_len] => 5093
    [original_first] => [{"id":"7f400b9","elType":"container","settings":{"flex_direction":"row","flex_g
    [escaped_first] => '[{"id":"7f400b9","elType":"container","settings":{"flex_direction":"row","flex_
    [has_newlines] => NO
    [has_backslash] => YES
)

[2026-01-16 04:38:56] [32 MB] [export_table_data] Elementor escape check
    DATA: Array
(
    [post_id] => 253
    [original_len] => 35558
    [escaped_len] => 36555
    [original_first] => [{"id":"f9c36ab","elType":"container","settings":{"boxed_width":{"unit":"px","si
    [escaped_first] => '[{"id":"f9c36ab","elType":"container","settings":{"boxed_width":{"unit":"px","s
    [has_newlines] => NO
    [has_backslash] => YES
)

[2026-01-16 04:38:56] [32 MB] [export_table_data] Elementor escape check
    DATA: Array
(
    [post_id] => 254
    [original_len] => 35558
    [escaped_len] => 36555
    [original_first] => [{"id":"f9c36ab","elType":"container","settings":{"boxed_width":{"unit":"px","si
    [escaped_first] => '[{"id":"f9c36ab","elType":"container","settings":{"boxed_width":{"unit":"px","s
    [has_newlines] => NO
    [has_backslash] => YES
)

[2026-01-16 04:38:56] [32 MB] [export_table_data] Elementor escape check
    DATA: Array
(
    [post_id] => 255
    [original_len] => 70328
    [escaped_len] => 77527
    [original_first] => [{"id":"f9c36ab","elType":"container","settings":{"boxed_width":{"unit":"px","si
    [escaped_first] => '[{"id":"f9c36ab","elType":"container","settings":{"boxed_width":{"unit":"px","s
    [has_newlines] => NO
    [has_backslash] => YES
)

[2026-01-16 04:38:56] [32 MB] [export_table_data] Elementor escape check
    DATA: Array
(
    [post_id] => 256
    [original_len] => 70328
    [escaped_len] => 77527
    [original_first] => [{"id":"f9c36ab","elType":"container","settings":{"boxed_width":{"unit":"px","si
    [escaped_first] => '[{"id":"f9c36ab","elType":"container","settings":{"boxed_width":{"unit":"px","s
    [has_newlines] => NO
    [has_backslash] => YES
)

[2026-01-16 04:38:56] [32 MB] [export_table_data] Elementor escape check
    DATA: Array
(
    [post_id] => 257
    [original_len] => 70328
    [escaped_len] => 77527
    [original_first] => [{"id":"f9c36ab","elType":"container","settings":{"boxed_width":{"unit":"px","si
    [escaped_first] => '[{"id":"f9c36ab","elType":"container","settings":{"boxed_width":{"unit":"px","s
    [has_newlines] => NO
    [has_backslash] => YES
)

[2026-01-16 04:38:56] [32 MB] [export_table_data] Elementor escape check
    DATA: Array
(
    [post_id] => 258
    [original_len] => 70385
    [escaped_len] => 77585
    [original_first] => [{"id":"f9c36ab","elType":"container","settings":{"boxed_width":{"unit":"px","si
    [escaped_first] => '[{"id":"f9c36ab","elType":"container","settings":{"boxed_width":{"unit":"px","s
    [has_newlines] => NO
    [has_backslash] => YES
)

[2026-01-16 04:38:56] [32 MB] [export_table_data] Elementor escape check
    DATA: Array
(
    [post_id] => 259
    [original_len] => 42981
    [escaped_len] => 46672
    [original_first] => [{"id":"f9c36ab","elType":"container","settings":{"boxed_width":{"unit":"px","si
    [escaped_first] => '[{"id":"f9c36ab","elType":"container","settings":{"boxed_width":{"unit":"px","s
    [has_newlines] => NO
    [has_backslash] => YES
)

[2026-01-16 04:38:56] [32 MB] [export_table_data] Elementor escape check
    DATA: Array
(
    [post_id] => 260
    [original_len] => 42981
    [escaped_len] => 46672
    [original_first] => [{"id":"f9c36ab","elType":"container","settings":{"boxed_width":{"unit":"px","si
    [escaped_first] => '[{"id":"f9c36ab","elType":"container","settings":{"boxed_width":{"unit":"px","s
    [has_newlines] => NO
    [has_backslash] => YES
)

[2026-01-16 04:38:56] [32 MB] [export_table_data] Elementor escape check
    DATA: Array
(
    [post_id] => 261
    [original_len] => 43038
    [escaped_len] => 46730
    [original_first] => [{"id":"f9c36ab","elType":"container","settings":{"boxed_width":{"unit":"px","si
    [escaped_first] => '[{"id":"f9c36ab","elType":"container","settings":{"boxed_width":{"unit":"px","s
    [has_newlines] => NO
    [has_backslash] => YES
)

[2026-01-16 04:38:56] [32 MB] [export_table_data] Elementor escape check
    DATA: Array
(
    [post_id] => 264
    [original_len] => 34486
    [escaped_len] => 35247
    [original_first] => [{"id":"f9c36ab","elType":"container","settings":{"boxed_width":{"unit":"px","si
    [escaped_first] => '[{"id":"f9c36ab","elType":"container","settings":{"boxed_width":{"unit":"px","s
    [has_newlines] => NO
    [has_backslash] => YES
)

[2026-01-16 04:38:56] [32 MB] [export_table_data] Elementor escape check
    DATA: Array
(
    [post_id] => 265
    [original_len] => 34486
    [escaped_len] => 35247
    [original_first] => [{"id":"f9c36ab","elType":"container","settings":{"boxed_width":{"unit":"px","si
    [escaped_first] => '[{"id":"f9c36ab","elType":"container","settings":{"boxed_width":{"unit":"px","s
    [has_newlines] => NO
    [has_backslash] => YES
)

[2026-01-16 04:38:56] [32 MB] [export_table_data] Elementor escape check
    DATA: Array
(
    [post_id] => 266
    [original_len] => 115024
    [escaped_len] => 125015
    [original_first] => [{"id":"f9c36ab","elType":"container","settings":{"boxed_width":{"unit":"px","si
    [escaped_first] => '[{"id":"f9c36ab","elType":"container","settings":{"boxed_width":{"unit":"px","s
    [has_newlines] => NO
    [has_backslash] => YES
)

[2026-01-16 04:38:56] [32 MB] [export_table_data] Elementor escape check
    DATA: Array
(
    [post_id] => 267
    [original_len] => 115024
    [escaped_len] => 125015
    [original_first] => [{"id":"f9c36ab","elType":"container","settings":{"boxed_width":{"unit":"px","si
    [escaped_first] => '[{"id":"f9c36ab","elType":"container","settings":{"boxed_width":{"unit":"px","s
    [has_newlines] => NO
    [has_backslash] => YES
)

[2026-01-16 04:38:56] [32 MB] [export_table_data] Elementor escape check
    DATA: Array
(
    [post_id] => 268
    [original_len] => 115024
    [escaped_len] => 125015
    [original_first] => [{"id":"f9c36ab","elType":"container","settings":{"boxed_width":{"unit":"px","si
    [escaped_first] => '[{"id":"f9c36ab","elType":"container","settings":{"boxed_width":{"unit":"px","s
    [has_newlines] => NO
    [has_backslash] => YES
)

[2026-01-16 04:38:56] [32 MB] [export_table_data] Elementor escape check
    DATA: Array
(
    [post_id] => 269
    [original_len] => 112856
    [escaped_len] => 122766
    [original_first] => [{"id":"f9c36ab","elType":"container","settings":{"boxed_width":{"unit":"px","si
    [escaped_first] => '[{"id":"f9c36ab","elType":"container","settings":{"boxed_width":{"unit":"px","s
    [has_newlines] => NO
    [has_backslash] => YES
)

[2026-01-16 04:38:56] [32 MB] [export_table_data] Elementor escape check
    DATA: Array
(
    [post_id] => 271
    [original_len] => 25061
    [escaped_len] => 25660
    [original_first] => [{"id":"f9c36ab","elType":"container","settings":{"boxed_width":{"unit":"px","si
    [escaped_first] => '[{"id":"f9c36ab","elType":"container","settings":{"boxed_width":{"unit":"px","s
    [has_newlines] => NO
    [has_backslash] => YES
)

[2026-01-16 04:38:56] [32 MB] [export_table_data] Elementor escape check
    DATA: Array
(
    [post_id] => 272
    [original_len] => 25061
    [escaped_len] => 25660
    [original_first] => [{"id":"f9c36ab","elType":"container","settings":{"boxed_width":{"unit":"px","si
    [escaped_first] => '[{"id":"f9c36ab","elType":"container","settings":{"boxed_width":{"unit":"px","s
    [has_newlines] => NO
    [has_backslash] => YES
)

[2026-01-16 04:38:56] [32 MB] [export_table_data] Elementor escape check
    DATA: Array
(
    [post_id] => 273
    [original_len] => 48183
    [escaped_len] => 53029
    [original_first] => [{"id":"f9c36ab","elType":"container","settings":{"boxed_width":{"unit":"px","si
    [escaped_first] => '[{"id":"f9c36ab","elType":"container","settings":{"boxed_width":{"unit":"px","s
    [has_newlines] => NO
    [has_backslash] => YES
)

[2026-01-16 04:38:56] [32 MB] [export_table_data] Elementor escape check
    DATA: Array
(
    [post_id] => 275
    [original_len] => 36190
    [escaped_len] => 37060
    [original_first] => [{"id":"f9c36ab","elType":"container","settings":{"boxed_width":{"unit":"px","si
    [escaped_first] => '[{"id":"f9c36ab","elType":"container","settings":{"boxed_width":{"unit":"px","s
    [has_newlines] => NO
    [has_backslash] => YES
)

[2026-01-16 04:38:56] [32 MB] [export_table_data] Elementor escape check
    DATA: Array
(
    [post_id] => 276
    [original_len] => 36190
    [escaped_len] => 37060
    [original_first] => [{"id":"f9c36ab","elType":"container","settings":{"boxed_width":{"unit":"px","si
    [escaped_first] => '[{"id":"f9c36ab","elType":"container","settings":{"boxed_width":{"unit":"px","s
    [has_newlines] => NO
    [has_backslash] => YES
)

[2026-01-16 04:38:56] [32 MB] [export_table_data] Elementor escape check
    DATA: Array
(
    [post_id] => 277
    [original_len] => 101908
    [escaped_len] => 112627
    [original_first] => [{"id":"f9c36ab","elType":"container","settings":{"boxed_width":{"unit":"px","si
    [escaped_first] => '[{"id":"f9c36ab","elType":"container","settings":{"boxed_width":{"unit":"px","s
    [has_newlines] => NO
    [has_backslash] => YES
)

[2026-01-16 04:38:56] [32 MB] [export_table_data] Elementor escape check
    DATA: Array
(
    [post_id] => 279
    [original_len] => 32288
    [escaped_len] => 33180
    [original_first] => [{"id":"f9c36ab","elType":"container","settings":{"boxed_width":{"unit":"px","si
    [escaped_first] => '[{"id":"f9c36ab","elType":"container","settings":{"boxed_width":{"unit":"px","s
    [has_newlines] => NO
    [has_backslash] => YES
)

[2026-01-16 04:38:56] [32 MB] [export_table_data] Elementor escape check
    DATA: Array
(
    [post_id] => 280
    [original_len] => 32288
    [escaped_len] => 33180
    [original_first] => [{"id":"f9c36ab","elType":"container","settings":{"boxed_width":{"unit":"px","si
    [escaped_first] => '[{"id":"f9c36ab","elType":"container","settings":{"boxed_width":{"unit":"px","s
    [has_newlines] => NO
    [has_backslash] => YES
)

[2026-01-16 04:38:56] [32 MB] [export_table_data] Elementor escape check
    DATA: Array
(
    [post_id] => 281
    [original_len] => 79347
    [escaped_len] => 88212
    [original_first] => [{"id":"f9c36ab","elType":"container","settings":{"boxed_width":{"unit":"px","si
    [escaped_first] => '[{"id":"f9c36ab","elType":"container","settings":{"boxed_width":{"unit":"px","s
    [has_newlines] => NO
    [has_backslash] => YES
)

[2026-01-16 04:38:56] [32 MB] [export_table_data] Elementor escape check
    DATA: Array
(
    [post_id] => 282
    [original_len] => 18791
    [escaped_len] => 19311
    [original_first] => [{"id":"f9c36ab","elType":"container","settings":{"boxed_width":{"unit":"px","si
    [escaped_first] => '[{"id":"f9c36ab","elType":"container","settings":{"boxed_width":{"unit":"px","s
    [has_newlines] => NO
    [has_backslash] => YES
)

[2026-01-16 04:38:56] [32 MB] [export_table_data] Elementor escape check
    DATA: Array
(
    [post_id] => 283
    [original_len] => 18791
    [escaped_len] => 19311
    [original_first] => [{"id":"f9c36ab","elType":"container","settings":{"boxed_width":{"unit":"px","si
    [escaped_first] => '[{"id":"f9c36ab","elType":"container","settings":{"boxed_width":{"unit":"px","s
    [has_newlines] => NO
    [has_backslash] => YES
)

[2026-01-16 04:38:56] [32 MB] [export_table_data] Elementor escape check
    DATA: Array
(
    [post_id] => 284
    [original_len] => 24485
    [escaped_len] => 26210
    [original_first] => [{"id":"f9c36ab","elType":"container","settings":{"boxed_width":{"unit":"px","si
    [escaped_first] => '[{"id":"f9c36ab","elType":"container","settings":{"boxed_width":{"unit":"px","s
    [has_newlines] => NO
    [has_backslash] => YES
)

[2026-01-16 04:38:56] [32 MB] [export_table_data] Elementor escape check
    DATA: Array
(
    [post_id] => 286
    [original_len] => 27053
    [escaped_len] => 28008
    [original_first] => [{"id":"f9c36ab","elType":"container","settings":{"boxed_width":{"unit":"px","si
    [escaped_first] => '[{"id":"f9c36ab","elType":"container","settings":{"boxed_width":{"unit":"px","s
    [has_newlines] => NO
    [has_backslash] => YES
)

[2026-01-16 04:38:56] [32 MB] [export_table_data] Elementor escape check
    DATA: Array
(
    [post_id] => 287
    [original_len] => 27053
    [escaped_len] => 28008
    [original_first] => [{"id":"f9c36ab","elType":"container","settings":{"boxed_width":{"unit":"px","si
    [escaped_first] => '[{"id":"f9c36ab","elType":"container","settings":{"boxed_width":{"unit":"px","s
    [has_newlines] => NO
    [has_backslash] => YES
)

[2026-01-16 04:38:56] [32 MB] [export_table_data] Elementor escape check
    DATA: Array
(
    [post_id] => 288
    [original_len] => 39880
    [escaped_len] => 43150
    [original_first] => [{"id":"f9c36ab","elType":"container","settings":{"boxed_width":{"unit":"px","si
    [escaped_first] => '[{"id":"f9c36ab","elType":"container","settings":{"boxed_width":{"unit":"px","s
    [has_newlines] => NO
    [has_backslash] => YES
)

[2026-01-16 04:38:56] [32 MB] [export_table_data] Elementor escape check
    DATA: Array
(
    [post_id] => 291
    [original_len] => 19718
    [escaped_len] => 20203
    [original_first] => [{"id":"f9c36ab","elType":"container","settings":{"boxed_width":{"unit":"px","si
    [escaped_first] => '[{"id":"f9c36ab","elType":"container","settings":{"boxed_width":{"unit":"px","s
    [has_newlines] => NO
    [has_backslash] => YES
)

[2026-01-16 04:38:56] [32 MB] [export_table_data] Elementor escape check
    DATA: Array
(
    [post_id] => 292
    [original_len] => 19718
    [escaped_len] => 20203
    [original_first] => [{"id":"f9c36ab","elType":"container","settings":{"boxed_width":{"unit":"px","si
    [escaped_first] => '[{"id":"f9c36ab","elType":"container","settings":{"boxed_width":{"unit":"px","s
    [has_newlines] => NO
    [has_backslash] => YES
)

[2026-01-16 04:38:56] [32 MB] [export_table_data] Elementor escape check
    DATA: Array
(
    [post_id] => 293
    [original_len] => 36576
    [escaped_len] => 40084
    [original_first] => [{"id":"f9c36ab","elType":"container","settings":{"boxed_width":{"unit":"px","si
    [escaped_first] => '[{"id":"f9c36ab","elType":"container","settings":{"boxed_width":{"unit":"px","s
    [has_newlines] => NO
    [has_backslash] => YES
)

[2026-01-16 04:38:56] [32 MB] [export_table_data] Elementor escape check
    DATA: Array
(
    [post_id] => 295
    [original_len] => 18839
    [escaped_len] => 19382
    [original_first] => [{"id":"f9c36ab","elType":"container","settings":{"boxed_width":{"unit":"px","si
    [escaped_first] => '[{"id":"f9c36ab","elType":"container","settings":{"boxed_width":{"unit":"px","s
    [has_newlines] => NO
    [has_backslash] => YES
)

[2026-01-16 04:38:56] [32 MB] [export_table_data] Elementor escape check
    DATA: Array
(
    [post_id] => 296
    [original_len] => 18839
    [escaped_len] => 19382
    [original_first] => [{"id":"f9c36ab","elType":"container","settings":{"boxed_width":{"unit":"px","si
    [escaped_first] => '[{"id":"f9c36ab","elType":"container","settings":{"boxed_width":{"unit":"px","s
    [has_newlines] => NO
    [has_backslash] => YES
)

[2026-01-16 04:38:56] [32 MB] [export_table_data] Elementor escape check
    DATA: Array
(
    [post_id] => 297
    [original_len] => 32646
    [escaped_len] => 35640
    [original_first] => [{"id":"f9c36ab","elType":"container","settings":{"boxed_width":{"unit":"px","si
    [escaped_first] => '[{"id":"f9c36ab","elType":"container","settings":{"boxed_width":{"unit":"px","s
    [has_newlines] => NO
    [has_backslash] => YES
)

[2026-01-16 04:38:56] [32 MB] [export_table_data] Elementor escape check
    DATA: Array
(
    [post_id] => 299
    [original_len] => 20334
    [escaped_len] => 20781
    [original_first] => [{"id":"f9c36ab","elType":"container","settings":{"boxed_width":{"unit":"px","si
    [escaped_first] => '[{"id":"f9c36ab","elType":"container","settings":{"boxed_width":{"unit":"px","s
    [has_newlines] => NO
    [has_backslash] => YES
)

[2026-01-16 04:38:56] [32 MB] [export_table_data] Elementor escape check
    DATA: Array
(
    [post_id] => 300
    [original_len] => 20334
    [escaped_len] => 20781
    [original_first] => [{"id":"f9c36ab","elType":"container","settings":{"boxed_width":{"unit":"px","si
    [escaped_first] => '[{"id":"f9c36ab","elType":"container","settings":{"boxed_width":{"unit":"px","s
    [has_newlines] => NO
    [has_backslash] => YES
)

[2026-01-16 04:38:56] [32 MB] [export_table_data] Elementor escape check
    DATA: Array
(
    [post_id] => 301
    [original_len] => 39044
    [escaped_len] => 42909
    [original_first] => [{"id":"f9c36ab","elType":"container","settings":{"boxed_width":{"unit":"px","si
    [escaped_first] => '[{"id":"f9c36ab","elType":"container","settings":{"boxed_width":{"unit":"px","s
    [has_newlines] => NO
    [has_backslash] => YES
)

[2026-01-16 04:38:56] [32 MB] [export_table_data] Elementor escape check
    DATA: Array
(
    [post_id] => 303
    [original_len] => 16409
    [escaped_len] => 16714
    [original_first] => [{"id":"f9c36ab","elType":"container","settings":{"boxed_width":{"unit":"px","si
    [escaped_first] => '[{"id":"f9c36ab","elType":"container","settings":{"boxed_width":{"unit":"px","s
    [has_newlines] => NO
    [has_backslash] => YES
)

[2026-01-16 04:38:56] [32 MB] [export_table_data] Elementor escape check
    DATA: Array
(
    [post_id] => 304
    [original_len] => 16409
    [escaped_len] => 16714
    [original_first] => [{"id":"f9c36ab","elType":"container","settings":{"boxed_width":{"unit":"px","si
    [escaped_first] => '[{"id":"f9c36ab","elType":"container","settings":{"boxed_width":{"unit":"px","s
    [has_newlines] => NO
    [has_backslash] => YES
)

[2026-01-16 04:38:56] [32 MB] [export_table_data] Elementor escape check
    DATA: Array
(
    [post_id] => 305
    [original_len] => 32199
    [escaped_len] => 35153
    [original_first] => [{"id":"f9c36ab","elType":"container","settings":{"boxed_width":{"unit":"px","si
    [escaped_first] => '[{"id":"f9c36ab","elType":"container","settings":{"boxed_width":{"unit":"px","s
    [has_newlines] => NO
    [has_backslash] => YES
)

[2026-01-16 04:38:56] [32 MB] [export_table_data] Elementor escape check
    DATA: Array
(
    [post_id] => 307
    [original_len] => 17967
    [escaped_len] => 18302
    [original_first] => [{"id":"f9c36ab","elType":"container","settings":{"boxed_width":{"unit":"px","si
    [escaped_first] => '[{"id":"f9c36ab","elType":"container","settings":{"boxed_width":{"unit":"px","s
    [has_newlines] => NO
    [has_backslash] => YES
)

[2026-01-16 04:38:56] [32 MB] [export_table_data] Elementor escape check
    DATA: Array
(
    [post_id] => 308
    [original_len] => 17967
    [escaped_len] => 18302
    [original_first] => [{"id":"f9c36ab","elType":"container","settings":{"boxed_width":{"unit":"px","si
    [escaped_first] => '[{"id":"f9c36ab","elType":"container","settings":{"boxed_width":{"unit":"px","s
    [has_newlines] => NO
    [has_backslash] => YES
)

[2026-01-16 04:38:56] [32 MB] [export_table_data] Elementor escape check
    DATA: Array
(
    [post_id] => 309
    [original_len] => 37652
    [escaped_len] => 41359
    [original_first] => [{"id":"f9c36ab","elType":"container","settings":{"boxed_width":{"unit":"px","si
    [escaped_first] => '[{"id":"f9c36ab","elType":"container","settings":{"boxed_width":{"unit":"px","s
    [has_newlines] => NO
    [has_backslash] => YES
)

[2026-01-16 04:38:56] [32 MB] [export_table_data] Elementor escape check
    DATA: Array
(
    [post_id] => 311
    [original_len] => 17050
    [escaped_len] => 17416
    [original_first] => [{"id":"f9c36ab","elType":"container","settings":{"boxed_width":{"unit":"px","si
    [escaped_first] => '[{"id":"f9c36ab","elType":"container","settings":{"boxed_width":{"unit":"px","s
    [has_newlines] => NO
    [has_backslash] => YES
)

[2026-01-16 04:38:56] [32 MB] [export_table_data] Elementor escape check
    DATA: Array
(
    [post_id] => 312
    [original_len] => 17050
    [escaped_len] => 17416
    [original_first] => [{"id":"f9c36ab","elType":"container","settings":{"boxed_width":{"unit":"px","si
    [escaped_first] => '[{"id":"f9c36ab","elType":"container","settings":{"boxed_width":{"unit":"px","s
    [has_newlines] => NO
    [has_backslash] => YES
)

[2026-01-16 04:38:56] [32 MB] [export_table_data] Elementor escape check
    DATA: Array
(
    [post_id] => 313
    [original_len] => 28422
    [escaped_len] => 30827
    [original_first] => [{"id":"f9c36ab","elType":"container","settings":{"boxed_width":{"unit":"px","si
    [escaped_first] => '[{"id":"f9c36ab","elType":"container","settings":{"boxed_width":{"unit":"px","s
    [has_newlines] => NO
    [has_backslash] => YES
)

[2026-01-16 04:38:56] [32 MB] [export_table_data] Elementor escape check
    DATA: Array
(
    [post_id] => 314
    [original_len] => 28422
    [escaped_len] => 30827
    [original_first] => [{"id":"f9c36ab","elType":"container","settings":{"boxed_width":{"unit":"px","si
    [escaped_first] => '[{"id":"f9c36ab","elType":"container","settings":{"boxed_width":{"unit":"px","s
    [has_newlines] => NO
    [has_backslash] => YES
)

[2026-01-16 04:38:56] [32 MB] [export_table_data] Elementor escape check
    DATA: Array
(
    [post_id] => 315
    [original_len] => 28422
    [escaped_len] => 30827
    [original_first] => [{"id":"f9c36ab","elType":"container","settings":{"boxed_width":{"unit":"px","si
    [escaped_first] => '[{"id":"f9c36ab","elType":"container","settings":{"boxed_width":{"unit":"px","s
    [has_newlines] => NO
    [has_backslash] => YES
)

[2026-01-16 04:38:56] [32 MB] [export_table_data] Elementor escape check
    DATA: Array
(
    [post_id] => 316
    [original_len] => 28193
    [escaped_len] => 30740
    [original_first] => [{"id":"f9c36ab","elType":"container","settings":{"boxed_width":{"unit":"px","si
    [escaped_first] => '[{"id":"f9c36ab","elType":"container","settings":{"boxed_width":{"unit":"px","s
    [has_newlines] => NO
    [has_backslash] => YES
)

[2026-01-16 04:38:56] [32 MB] [export_table_data] Elementor escape check
    DATA: Array
(
    [post_id] => 317
    [original_len] => 28193
    [escaped_len] => 30740
    [original_first] => [{"id":"f9c36ab","elType":"container","settings":{"boxed_width":{"unit":"px","si
    [escaped_first] => '[{"id":"f9c36ab","elType":"container","settings":{"boxed_width":{"unit":"px","s
    [has_newlines] => NO
    [has_backslash] => YES
)

[2026-01-16 04:38:56] [32 MB] [export_table_data] Elementor escape check
    DATA: Array
(
    [post_id] => 318
    [original_len] => 28193
    [escaped_len] => 30740
    [original_first] => [{"id":"f9c36ab","elType":"container","settings":{"boxed_width":{"unit":"px","si
    [escaped_first] => '[{"id":"f9c36ab","elType":"container","settings":{"boxed_width":{"unit":"px","s
    [has_newlines] => NO
    [has_backslash] => YES
)

[2026-01-16 04:38:56] [32 MB] [export_table_data] Elementor escape check
    DATA: Array
(
    [post_id] => 319
    [original_len] => 28250
    [escaped_len] => 30798
    [original_first] => [{"id":"f9c36ab","elType":"container","settings":{"boxed_width":{"unit":"px","si
    [escaped_first] => '[{"id":"f9c36ab","elType":"container","settings":{"boxed_width":{"unit":"px","s
    [has_newlines] => NO
    [has_backslash] => YES
)

[2026-01-16 04:38:56] [32 MB] [export_table_data] Elementor escape check
    DATA: Array
(
    [post_id] => 321
    [original_len] => 64877
    [escaped_len] => 65193
    [original_first] => [{"id":"1281a45","elType":"container","settings":{"layout":"full_width","flex_ga
    [escaped_first] => '[{"id":"1281a45","elType":"container","settings":{"layout":"full_width","flex_g
    [has_newlines] => NO
    [has_backslash] => YES
)

[2026-01-16 04:38:56] [32 MB] [export_table_data] Elementor escape check
    DATA: Array
(
    [post_id] => 322
    [original_len] => 64877
    [escaped_len] => 65193
    [original_first] => [{"id":"1281a45","elType":"container","settings":{"layout":"full_width","flex_ga
    [escaped_first] => '[{"id":"1281a45","elType":"container","settings":{"layout":"full_width","flex_g
    [has_newlines] => NO
    [has_backslash] => YES
)

[2026-01-16 04:38:56] [32 MB] [export_table_data] Elementor escape check
    DATA: Array
(
    [post_id] => 323
    [original_len] => 80371
    [escaped_len] => 81947
    [original_first] => [{"id":"1281a45","elType":"container","settings":{"layout":"full_width","flex_ga
    [escaped_first] => '[{"id":"1281a45","elType":"container","settings":{"layout":"full_width","flex_g
    [has_newlines] => NO
    [has_backslash] => YES
)

[2026-01-16 04:38:56] [32 MB] [export_table_data] Elementor escape check
    DATA: Array
(
    [post_id] => 324
    [original_len] => 80371
    [escaped_len] => 81947
    [original_first] => [{"id":"1281a45","elType":"container","settings":{"layout":"full_width","flex_ga
    [escaped_first] => '[{"id":"1281a45","elType":"container","settings":{"layout":"full_width","flex_g
    [has_newlines] => NO
    [has_backslash] => YES
)

[2026-01-16 04:38:56] [32 MB] [export_table_data] Elementor escape check
    DATA: Array
(
    [post_id] => 325
    [original_len] => 80371
    [escaped_len] => 81947
    [original_first] => [{"id":"1281a45","elType":"container","settings":{"layout":"full_width","flex_ga
    [escaped_first] => '[{"id":"1281a45","elType":"container","settings":{"layout":"full_width","flex_g
    [has_newlines] => NO
    [has_backslash] => YES
)

[2026-01-16 04:38:56] [32 MB] [export_table_data] Elementor escape check
    DATA: Array
(
    [post_id] => 326
    [original_len] => 80371
    [escaped_len] => 81947
    [original_first] => [{"id":"1281a45","elType":"container","settings":{"layout":"full_width","flex_ga
    [escaped_first] => '[{"id":"1281a45","elType":"container","settings":{"layout":"full_width","flex_g
    [has_newlines] => NO
    [has_backslash] => YES
)

[2026-01-16 04:38:56] [32 MB] [export_table_data] Elementor escape check
    DATA: Array
(
    [post_id] => 327
    [original_len] => 80371
    [escaped_len] => 81947
    [original_first] => [{"id":"1281a45","elType":"container","settings":{"layout":"full_width","flex_ga
    [escaped_first] => '[{"id":"1281a45","elType":"container","settings":{"layout":"full_width","flex_g
    [has_newlines] => NO
    [has_backslash] => YES
)

[2026-01-16 04:38:56] [32 MB] [export_table_data] Elementor escape check
    DATA: Array
(
    [post_id] => 328
    [original_len] => 80371
    [escaped_len] => 81947
    [original_first] => [{"id":"1281a45","elType":"container","settings":{"layout":"full_width","flex_ga
    [escaped_first] => '[{"id":"1281a45","elType":"container","settings":{"layout":"full_width","flex_g
    [has_newlines] => NO
    [has_backslash] => YES
)

[2026-01-16 04:38:56] [32 MB] [export_table_data] Elementor escape check
    DATA: Array
(
    [post_id] => 329
    [original_len] => 82770
    [escaped_len] => 84739
    [original_first] => [{"id":"1281a45","elType":"container","settings":{"layout":"full_width","flex_ga
    [escaped_first] => '[{"id":"1281a45","elType":"container","settings":{"layout":"full_width","flex_g
    [has_newlines] => NO
    [has_backslash] => YES
)

[2026-01-16 04:38:56] [32 MB] [export_table_data] Elementor escape check
    DATA: Array
(
    [post_id] => 330
    [original_len] => 82770
    [escaped_len] => 84739
    [original_first] => [{"id":"1281a45","elType":"container","settings":{"layout":"full_width","flex_ga
    [escaped_first] => '[{"id":"1281a45","elType":"container","settings":{"layout":"full_width","flex_g
    [has_newlines] => NO
    [has_backslash] => YES
)

[2026-01-16 04:38:56] [32 MB] [export_table_data] Elementor escape check
    DATA: Array
(
    [post_id] => 331
    [original_len] => 82770
    [escaped_len] => 84739
    [original_first] => [{"id":"1281a45","elType":"container","settings":{"layout":"full_width","flex_ga
    [escaped_first] => '[{"id":"1281a45","elType":"container","settings":{"layout":"full_width","flex_g
    [has_newlines] => NO
    [has_backslash] => YES
)

[2026-01-16 04:38:56] [32 MB] [export_table_data] Elementor escape check
    DATA: Array
(
    [post_id] => 332
    [original_len] => 82776
    [escaped_len] => 84746
    [original_first] => [{"id":"1281a45","elType":"container","settings":{"layout":"full_width","flex_ga
    [escaped_first] => '[{"id":"1281a45","elType":"container","settings":{"layout":"full_width","flex_g
    [has_newlines] => NO
    [has_backslash] => YES
)

[2026-01-16 04:38:56] [32 MB] [export_table_data] Elementor escape check
    DATA: Array
(
    [post_id] => 333
    [original_len] => 82776
    [escaped_len] => 84746
    [original_first] => [{"id":"1281a45","elType":"container","settings":{"layout":"full_width","flex_ga
    [escaped_first] => '[{"id":"1281a45","elType":"container","settings":{"layout":"full_width","flex_g
    [has_newlines] => NO
    [has_backslash] => YES
)

[2026-01-16 04:38:56] [32 MB] [export_table_data] Elementor escape check
    DATA: Array
(
    [post_id] => 334
    [original_len] => 82776
    [escaped_len] => 84746
    [original_first] => [{"id":"1281a45","elType":"container","settings":{"layout":"full_width","flex_ga
    [escaped_first] => '[{"id":"1281a45","elType":"container","settings":{"layout":"full_width","flex_g
    [has_newlines] => NO
    [has_backslash] => YES
)

[2026-01-16 04:38:56] [32 MB] [export_table_data] Elementor escape check
    DATA: Array
(
    [post_id] => 335
    [original_len] => 82680
    [escaped_len] => 84635
    [original_first] => [{"id":"1281a45","elType":"container","settings":{"layout":"full_width","flex_ga
    [escaped_first] => '[{"id":"1281a45","elType":"container","settings":{"layout":"full_width","flex_g
    [has_newlines] => NO
    [has_backslash] => YES
)

[2026-01-16 04:38:56] [32 MB] [export_table_data] Elementor escape check
    DATA: Array
(
    [post_id] => 336
    [original_len] => 82680
    [escaped_len] => 84635
    [original_first] => [{"id":"1281a45","elType":"container","settings":{"layout":"full_width","flex_ga
    [escaped_first] => '[{"id":"1281a45","elType":"container","settings":{"layout":"full_width","flex_g
    [has_newlines] => NO
    [has_backslash] => YES
)

[2026-01-16 04:38:56] [32 MB] [export_table_data] Elementor escape check
    DATA: Array
(
    [post_id] => 337
    [original_len] => 82680
    [escaped_len] => 84635
    [original_first] => [{"id":"1281a45","elType":"container","settings":{"layout":"full_width","flex_ga
    [escaped_first] => '[{"id":"1281a45","elType":"container","settings":{"layout":"full_width","flex_g
    [has_newlines] => NO
    [has_backslash] => YES
)

[2026-01-16 04:38:57] [42 MB] [export_table_data] Elementor escape check
    DATA: Array
(
    [post_id] => 338
    [original_len] => 82676
    [escaped_len] => 84631
    [original_first] => [{"id":"1281a45","elType":"container","settings":{"layout":"full_width","flex_ga
    [escaped_first] => '[{"id":"1281a45","elType":"container","settings":{"layout":"full_width","flex_g
    [has_newlines] => NO
    [has_backslash] => YES
)

[2026-01-16 04:38:57] [42 MB] [export_table_data] Elementor escape check
    DATA: Array
(
    [post_id] => 339
    [original_len] => 82676
    [escaped_len] => 84631
    [original_first] => [{"id":"1281a45","elType":"container","settings":{"layout":"full_width","flex_ga
    [escaped_first] => '[{"id":"1281a45","elType":"container","settings":{"layout":"full_width","flex_g
    [has_newlines] => NO
    [has_backslash] => YES
)

[2026-01-16 04:38:57] [42 MB] [export_table_data] Elementor escape check
    DATA: Array
(
    [post_id] => 340
    [original_len] => 82676
    [escaped_len] => 84631
    [original_first] => [{"id":"1281a45","elType":"container","settings":{"layout":"full_width","flex_ga
    [escaped_first] => '[{"id":"1281a45","elType":"container","settings":{"layout":"full_width","flex_g
    [has_newlines] => NO
    [has_backslash] => YES
)

[2026-01-16 04:38:57] [42 MB] [export_table_data] Elementor escape check
    DATA: Array
(
    [post_id] => 341
    [original_len] => 82670
    [escaped_len] => 84624
    [original_first] => [{"id":"1281a45","elType":"container","settings":{"layout":"full_width","flex_ga
    [escaped_first] => '[{"id":"1281a45","elType":"container","settings":{"layout":"full_width","flex_g
    [has_newlines] => NO
    [has_backslash] => YES
)

[2026-01-16 04:38:57] [42 MB] [export_table_data] Elementor escape check
    DATA: Array
(
    [post_id] => 342
    [original_len] => 82670
    [escaped_len] => 84624
    [original_first] => [{"id":"1281a45","elType":"container","settings":{"layout":"full_width","flex_ga
    [escaped_first] => '[{"id":"1281a45","elType":"container","settings":{"layout":"full_width","flex_g
    [has_newlines] => NO
    [has_backslash] => YES
)

[2026-01-16 04:38:57] [42 MB] [export_table_data] Elementor escape check
    DATA: Array
(
    [post_id] => 343
    [original_len] => 82670
    [escaped_len] => 84624
    [original_first] => [{"id":"1281a45","elType":"container","settings":{"layout":"full_width","flex_ga
    [escaped_first] => '[{"id":"1281a45","elType":"container","settings":{"layout":"full_width","flex_g
    [has_newlines] => NO
    [has_backslash] => YES
)

[2026-01-16 04:38:57] [42 MB] [export_table_data] Elementor escape check
    DATA: Array
(
    [post_id] => 344
    [original_len] => 83375
    [escaped_len] => 85469
    [original_first] => [{"id":"1281a45","elType":"container","settings":{"layout":"full_width","flex_ga
    [escaped_first] => '[{"id":"1281a45","elType":"container","settings":{"layout":"full_width","flex_g
    [has_newlines] => NO
    [has_backslash] => YES
)

[2026-01-16 04:38:57] [42 MB] [export_table_data] Elementor escape check
    DATA: Array
(
    [post_id] => 345
    [original_len] => 83375
    [escaped_len] => 85469
    [original_first] => [{"id":"1281a45","elType":"container","settings":{"layout":"full_width","flex_ga
    [escaped_first] => '[{"id":"1281a45","elType":"container","settings":{"layout":"full_width","flex_g
    [has_newlines] => NO
    [has_backslash] => YES
)

[2026-01-16 04:38:57] [42 MB] [export_table_data] Elementor escape check
    DATA: Array
(
    [post_id] => 346
    [original_len] => 83375
    [escaped_len] => 85469
    [original_first] => [{"id":"1281a45","elType":"container","settings":{"layout":"full_width","flex_ga
    [escaped_first] => '[{"id":"1281a45","elType":"container","settings":{"layout":"full_width","flex_g
    [has_newlines] => NO
    [has_backslash] => YES
)

[2026-01-16 04:38:57] [42 MB] [export_table_data] Elementor escape check
    DATA: Array
(
    [post_id] => 347
    [original_len] => 83382
    [escaped_len] => 85477
    [original_first] => [{"id":"1281a45","elType":"container","settings":{"layout":"full_width","flex_ga
    [escaped_first] => '[{"id":"1281a45","elType":"container","settings":{"layout":"full_width","flex_g
    [has_newlines] => NO
    [has_backslash] => YES
)

[2026-01-16 04:38:57] [42 MB] [export_table_data] Elementor escape check
    DATA: Array
(
    [post_id] => 348
    [original_len] => 83382
    [escaped_len] => 85477
    [original_first] => [{"id":"1281a45","elType":"container","settings":{"layout":"full_width","flex_ga
    [escaped_first] => '[{"id":"1281a45","elType":"container","settings":{"layout":"full_width","flex_g
    [has_newlines] => NO
    [has_backslash] => YES
)

[2026-01-16 04:38:57] [42 MB] [export_table_data] Elementor escape check
    DATA: Array
(
    [post_id] => 349
    [original_len] => 83382
    [escaped_len] => 85477
    [original_first] => [{"id":"1281a45","elType":"container","settings":{"layout":"full_width","flex_ga
    [escaped_first] => '[{"id":"1281a45","elType":"container","settings":{"layout":"full_width","flex_g
    [has_newlines] => NO
    [has_backslash] => YES
)

[2026-01-16 04:38:57] [42 MB] [export_table_data] Elementor escape check
    DATA: Array
(
    [post_id] => 350
    [original_len] => 84455
    [escaped_len] => 86548
    [original_first] => [{"id":"1281a45","elType":"container","settings":{"layout":"full_width","flex_ga
    [escaped_first] => '[{"id":"1281a45","elType":"container","settings":{"layout":"full_width","flex_g
    [has_newlines] => NO
    [has_backslash] => YES
)

[2026-01-16 04:38:57] [42 MB] [export_table_data] Elementor escape check
    DATA: Array
(
    [post_id] => 351
    [original_len] => 12620
    [escaped_len] => 12707
    [original_first] => [{"id":"7624a61a","elType":"container","settings":{"layout":"full_width","flex_g
    [escaped_first] => '[{"id":"7624a61a","elType":"container","settings":{"layout":"full_width","flex_
    [has_newlines] => NO
    [has_backslash] => YES
)

[2026-01-16 04:38:57] [44 MB] [export_table_data] Elementor escape check
    DATA: Array
(
    [post_id] => 353
    [original_len] => 28071
    [escaped_len] => 28341
    [original_first] => [{"id":"684b5e7","elType":"container","settings":{"boxed_width":{"unit":"px","si
    [escaped_first] => '[{"id":"684b5e7","elType":"container","settings":{"boxed_width":{"unit":"px","s
    [has_newlines] => NO
    [has_backslash] => YES
)

[2026-01-16 04:38:57] [44 MB] [export_table_data] Elementor escape check
    DATA: Array
(
    [post_id] => 354
    [original_len] => 28071
    [escaped_len] => 28341
    [original_first] => [{"id":"684b5e7","elType":"container","settings":{"boxed_width":{"unit":"px","si
    [escaped_first] => '[{"id":"684b5e7","elType":"container","settings":{"boxed_width":{"unit":"px","s
    [has_newlines] => NO
    [has_backslash] => YES
)

[2026-01-16 04:38:57] [44 MB] [export_table_data] Elementor escape check
    DATA: Array
(
    [post_id] => 355
    [original_len] => 60780
    [escaped_len] => 67850
    [original_first] => [{"id":"684b5e7","elType":"container","settings":{"boxed_width":{"unit":"px","si
    [escaped_first] => '[{"id":"684b5e7","elType":"container","settings":{"boxed_width":{"unit":"px","s
    [has_newlines] => NO
    [has_backslash] => YES
)

[2026-01-16 04:38:57] [44 MB] [export_table_data] Elementor escape check
    DATA: Array
(
    [post_id] => 357
    [original_len] => 29308
    [escaped_len] => 30121
    [original_first] => [{"id":"f9c36ab","elType":"container","settings":{"boxed_width":{"unit":"px","si
    [escaped_first] => '[{"id":"f9c36ab","elType":"container","settings":{"boxed_width":{"unit":"px","s
    [has_newlines] => NO
    [has_backslash] => YES
)

[2026-01-16 04:38:57] [44 MB] [export_table_data] Elementor escape check
    DATA: Array
(
    [post_id] => 358
    [original_len] => 29308
    [escaped_len] => 30121
    [original_first] => [{"id":"f9c36ab","elType":"container","settings":{"boxed_width":{"unit":"px","si
    [escaped_first] => '[{"id":"f9c36ab","elType":"container","settings":{"boxed_width":{"unit":"px","s
    [has_newlines] => NO
    [has_backslash] => YES
)

[2026-01-16 04:38:57] [44 MB] [export_table_data] Elementor escape check
    DATA: Array
(
    [post_id] => 359
    [original_len] => 56229
    [escaped_len] => 61615
    [original_first] => [{"id":"f9c36ab","elType":"container","settings":{"boxed_width":{"unit":"px","si
    [escaped_first] => '[{"id":"f9c36ab","elType":"container","settings":{"boxed_width":{"unit":"px","s
    [has_newlines] => NO
    [has_backslash] => YES
)

[2026-01-16 04:38:57] [44 MB] [export_table_data] Elementor escape check
    DATA: Array
(
    [post_id] => 370
    [original_len] => 4021
    [escaped_len] => 4069
    [original_first] => [{"id":"9a619c6","elType":"container","settings":{"flex_direction":"row","backgr
    [escaped_first] => '[{"id":"9a619c6","elType":"container","settings":{"flex_direction":"row","backg
    [has_newlines] => NO
    [has_backslash] => YES
)

[2026-01-16 04:38:57] [44 MB] [export_table_data] Elementor escape check
    DATA: Array
(
    [post_id] => 371
    [original_len] => 4021
    [escaped_len] => 4069
    [original_first] => [{"id":"9a619c6","elType":"container","settings":{"flex_direction":"row","backgr
    [escaped_first] => '[{"id":"9a619c6","elType":"container","settings":{"flex_direction":"row","backg
    [has_newlines] => NO
    [has_backslash] => YES
)

[2026-01-16 04:38:57] [44 MB] [export_table_data] Elementor escape check
    DATA: Array
(
    [post_id] => 372
    [original_len] => 11671
    [escaped_len] => 12891
    [original_first] => [{"id":"9a619c6","elType":"container","settings":{"flex_direction":"row","backgr
    [escaped_first] => '[{"id":"9a619c6","elType":"container","settings":{"flex_direction":"row","backg
    [has_newlines] => NO
    [has_backslash] => YES
)

[2026-01-16 04:38:57] [44 MB] [export_table_data] Elementor escape check
    DATA: Array
(
    [post_id] => 375
    [original_len] => 17222
    [escaped_len] => 17253
    [original_first] => [{"id":"2c35d47","elType":"container","settings":{"layout":"full_width","flex_ga
    [escaped_first] => '[{"id":"2c35d47","elType":"container","settings":{"layout":"full_width","flex_g
    [has_newlines] => NO
    [has_backslash] => YES
)

[2026-01-16 04:38:57] [44 MB] [export_table_data] Elementor escape check
    DATA: Array
(
    [post_id] => 376
    [original_len] => 17222
    [escaped_len] => 17253
    [original_first] => [{"id":"2c35d47","elType":"container","settings":{"layout":"full_width","flex_ga
    [escaped_first] => '[{"id":"2c35d47","elType":"container","settings":{"layout":"full_width","flex_g
    [has_newlines] => NO
    [has_backslash] => YES
)

[2026-01-16 04:38:57] [42 MB] [export_table_data] Elementor escape check
    DATA: Array
(
    [post_id] => 377
    [original_len] => 15613
    [escaped_len] => 15996
    [original_first] => [{"id":"2c35d47","elType":"container","settings":{"layout":"full_width","flex_ga
    [escaped_first] => '[{"id":"2c35d47","elType":"container","settings":{"layout":"full_width","flex_g
    [has_newlines] => NO
    [has_backslash] => YES
)

[2026-01-16 04:38:57] [42 MB] [export_table_data] Elementor escape check
    DATA: Array
(
    [post_id] => 15
    [original_len] => 2756
    [escaped_len] => 2889
    [original_first] => [{"id":"a66da7e","elType":"container","settings":[],"elements":[{"id":"1987cfc3"
    [escaped_first] => '[{"id":"a66da7e","elType":"container","settings":[],"elements":[{"id":"1987cfc3
    [has_newlines] => NO
    [has_backslash] => YES
)

[2026-01-16 04:38:57] [42 MB] [export_table_data] Elementor escape check
    DATA: Array
(
    [post_id] => 381
    [original_len] => 2756
    [escaped_len] => 2889
    [original_first] => [{"id":"a66da7e","elType":"container","settings":[],"elements":[{"id":"1987cfc3"
    [escaped_first] => '[{"id":"a66da7e","elType":"container","settings":[],"elements":[{"id":"1987cfc3
    [has_newlines] => NO
    [has_backslash] => YES
)

[2026-01-16 04:38:57] [42 MB] [export_table_data] Elementor escape check
    DATA: Array
(
    [post_id] => 3
    [original_len] => 14145
    [escaped_len] => 16366
    [original_first] => [{"id":"3e17a92","elType":"container","settings":[],"elements":[{"id":"10ab90d1"
    [escaped_first] => '[{"id":"3e17a92","elType":"container","settings":[],"elements":[{"id":"10ab90d1
    [has_newlines] => NO
    [has_backslash] => YES
)

[2026-01-16 04:38:57] [42 MB] [export_table_data] Elementor escape check
    DATA: Array
(
    [post_id] => 384
    [original_len] => 14145
    [escaped_len] => 16366
    [original_first] => [{"id":"3e17a92","elType":"container","settings":[],"elements":[{"id":"10ab90d1"
    [escaped_first] => '[{"id":"3e17a92","elType":"container","settings":[],"elements":[{"id":"10ab90d1
    [has_newlines] => NO
    [has_backslash] => YES
)

[2026-01-16 04:38:57] [42 MB] [export_table_data] Elementor escape check
    DATA: Array
(
    [post_id] => 385
    [original_len] => 15475
    [escaped_len] => 15755
    [original_first] => [{"id":"7624a61a","elType":"container","settings":{"layout":"full_width","flex_g
    [escaped_first] => '[{"id":"7624a61a","elType":"container","settings":{"layout":"full_width","flex_
    [has_newlines] => NO
    [has_backslash] => YES
)

[2026-01-16 04:38:57] [42 MB] [export_table_data] Elementor escape check
    DATA: Array
(
    [post_id] => 387
    [original_len] => 16202
    [escaped_len] => 16492
    [original_first] => [{"id":"7624a61a","elType":"container","settings":{"layout":"full_width","flex_g
    [escaped_first] => '[{"id":"7624a61a","elType":"container","settings":{"layout":"full_width","flex_
    [has_newlines] => NO
    [has_backslash] => YES
)

[2026-01-16 04:38:57] [42 MB] [export_table_data] Elementor escape check
    DATA: Array
(
    [post_id] => 398
    [original_len] => 84455
    [escaped_len] => 86548
    [original_first] => [{"id":"1281a45","elType":"container","settings":{"layout":"full_width","flex_ga
    [escaped_first] => '[{"id":"1281a45","elType":"container","settings":{"layout":"full_width","flex_g
    [has_newlines] => NO
    [has_backslash] => YES
)

[2026-01-16 04:38:57] [42 MB] [export_table_data] Elementor escape check
    DATA: Array
(
    [post_id] => 399
    [original_len] => 84455
    [escaped_len] => 86548
    [original_first] => [{"id":"1281a45","elType":"container","settings":{"layout":"full_width","flex_ga
    [escaped_first] => '[{"id":"1281a45","elType":"container","settings":{"layout":"full_width","flex_g
    [has_newlines] => NO
    [has_backslash] => YES
)

[2026-01-16 04:38:57] [42 MB] [export_table_data] Elementor escape check
    DATA: Array
(
    [post_id] => 400
    [original_len] => 86819
    [escaped_len] => 88972
    [original_first] => [{"id":"1281a45","elType":"container","settings":{"layout":"full_width","flex_ga
    [escaped_first] => '[{"id":"1281a45","elType":"container","settings":{"layout":"full_width","flex_g
    [has_newlines] => NO
    [has_backslash] => YES
)

[2026-01-16 04:38:57] [42 MB] [export_table_data] Elementor escape check
    DATA: Array
(
    [post_id] => 404
    [original_len] => 86819
    [escaped_len] => 88972
    [original_first] => [{"id":"1281a45","elType":"container","settings":{"layout":"full_width","flex_ga
    [escaped_first] => '[{"id":"1281a45","elType":"container","settings":{"layout":"full_width","flex_g
    [has_newlines] => NO
    [has_backslash] => YES
)

[2026-01-16 04:38:57] [42 MB] [export_table_data] Elementor escape check
    DATA: Array
(
    [post_id] => 405
    [original_len] => 86819
    [escaped_len] => 88972
    [original_first] => [{"id":"1281a45","elType":"container","settings":{"layout":"full_width","flex_ga
    [escaped_first] => '[{"id":"1281a45","elType":"container","settings":{"layout":"full_width","flex_g
    [has_newlines] => NO
    [has_backslash] => YES
)

[2026-01-16 04:38:57] [42 MB] [export_table_data] Elementor escape check
    DATA: Array
(
    [post_id] => 406
    [original_len] => 87086
    [escaped_len] => 89246
    [original_first] => [{"id":"1281a45","elType":"container","settings":{"layout":"full_width","flex_ga
    [escaped_first] => '[{"id":"1281a45","elType":"container","settings":{"layout":"full_width","flex_g
    [has_newlines] => NO
    [has_backslash] => YES
)

[2026-01-16 04:38:57] [42 MB] [export_table_data] Elementor escape check
    DATA: Array
(
    [post_id] => 407
    [original_len] => 87086
    [escaped_len] => 89246
    [original_first] => [{"id":"1281a45","elType":"container","settings":{"layout":"full_width","flex_ga
    [escaped_first] => '[{"id":"1281a45","elType":"container","settings":{"layout":"full_width","flex_g
    [has_newlines] => NO
    [has_backslash] => YES
)

[2026-01-16 04:38:57] [42 MB] [export_table_data] Elementor escape check
    DATA: Array
(
    [post_id] => 408
    [original_len] => 87086
    [escaped_len] => 89246
    [original_first] => [{"id":"1281a45","elType":"container","settings":{"layout":"full_width","flex_ga
    [escaped_first] => '[{"id":"1281a45","elType":"container","settings":{"layout":"full_width","flex_g
    [has_newlines] => NO
    [has_backslash] => YES
)

[2026-01-16 04:38:57] [42 MB] [export_table_data] Elementor escape check
    DATA: Array
(
    [post_id] => 409
    [original_len] => 87086
    [escaped_len] => 89246
    [original_first] => [{"id":"1281a45","elType":"container","settings":{"layout":"full_width","flex_ga
    [escaped_first] => '[{"id":"1281a45","elType":"container","settings":{"layout":"full_width","flex_g
    [has_newlines] => NO
    [has_backslash] => YES
)

[2026-01-16 04:38:57] [42 MB] [export_table_data] Elementor escape check
    DATA: Array
(
    [post_id] => 410
    [original_len] => 87086
    [escaped_len] => 89246
    [original_first] => [{"id":"1281a45","elType":"container","settings":{"layout":"full_width","flex_ga
    [escaped_first] => '[{"id":"1281a45","elType":"container","settings":{"layout":"full_width","flex_g
    [has_newlines] => NO
    [has_backslash] => YES
)

[2026-01-16 04:38:57] [42 MB] [export_table_data] Elementor escape check
    DATA: Array
(
    [post_id] => 411
    [original_len] => 87086
    [escaped_len] => 89246
    [original_first] => [{"id":"1281a45","elType":"container","settings":{"layout":"full_width","flex_ga
    [escaped_first] => '[{"id":"1281a45","elType":"container","settings":{"layout":"full_width","flex_g
    [has_newlines] => NO
    [has_backslash] => YES
)

[2026-01-16 04:38:57] [42 MB] [export_table_data] Elementor escape check
    DATA: Array
(
    [post_id] => 412
    [original_len] => 87485
    [escaped_len] => 89645
    [original_first] => [{"id":"1281a45","elType":"container","settings":{"layout":"full_width","flex_ga
    [escaped_first] => '[{"id":"1281a45","elType":"container","settings":{"layout":"full_width","flex_g
    [has_newlines] => NO
    [has_backslash] => YES
)

[2026-01-16 04:38:57] [42 MB] [export_table_data] Elementor escape check
    DATA: Array
(
    [post_id] => 414
    [original_len] => 87485
    [escaped_len] => 89645
    [original_first] => [{"id":"1281a45","elType":"container","settings":{"layout":"full_width","flex_ga
    [escaped_first] => '[{"id":"1281a45","elType":"container","settings":{"layout":"full_width","flex_g
    [has_newlines] => NO
    [has_backslash] => YES
)

[2026-01-16 04:38:57] [42 MB] [export_table_data] Elementor escape check
    DATA: Array
(
    [post_id] => 415
    [original_len] => 87485
    [escaped_len] => 89645
    [original_first] => [{"id":"1281a45","elType":"container","settings":{"layout":"full_width","flex_ga
    [escaped_first] => '[{"id":"1281a45","elType":"container","settings":{"layout":"full_width","flex_g
    [has_newlines] => NO
    [has_backslash] => YES
)

[2026-01-16 04:38:57] [42 MB] [export_table_data] Elementor escape check
    DATA: Array
(
    [post_id] => 416
    [original_len] => 88172
    [escaped_len] => 90341
    [original_first] => [{"id":"1281a45","elType":"container","settings":{"layout":"full_width","flex_ga
    [escaped_first] => '[{"id":"1281a45","elType":"container","settings":{"layout":"full_width","flex_g
    [has_newlines] => NO
    [has_backslash] => YES
)

[2026-01-16 04:38:57] [42 MB] [export_table_data] Elementor escape check
    DATA: Array
(
    [post_id] => 421
    [original_len] => 88172
    [escaped_len] => 90341
    [original_first] => [{"id":"1281a45","elType":"container","settings":{"layout":"full_width","flex_ga
    [escaped_first] => '[{"id":"1281a45","elType":"container","settings":{"layout":"full_width","flex_g
    [has_newlines] => NO
    [has_backslash] => YES
)

[2026-01-16 04:38:57] [42 MB] [export_table_data] Elementor escape check
    DATA: Array
(
    [post_id] => 422
    [original_len] => 88172
    [escaped_len] => 90341
    [original_first] => [{"id":"1281a45","elType":"container","settings":{"layout":"full_width","flex_ga
    [escaped_first] => '[{"id":"1281a45","elType":"container","settings":{"layout":"full_width","flex_g
    [has_newlines] => NO
    [has_backslash] => YES
)

[2026-01-16 04:38:57] [42 MB] [export_table_data] Elementor escape check
    DATA: Array
(
    [post_id] => 423
    [original_len] => 88379
    [escaped_len] => 90555
    [original_first] => [{"id":"1281a45","elType":"container","settings":{"layout":"full_width","flex_ga
    [escaped_first] => '[{"id":"1281a45","elType":"container","settings":{"layout":"full_width","flex_g
    [has_newlines] => NO
    [has_backslash] => YES
)

[2026-01-16 04:38:57] [42 MB] [export_table_data] Elementor escape check
    DATA: Array
(
    [post_id] => 425
    [original_len] => 88379
    [escaped_len] => 90555
    [original_first] => [{"id":"1281a45","elType":"container","settings":{"layout":"full_width","flex_ga
    [escaped_first] => '[{"id":"1281a45","elType":"container","settings":{"layout":"full_width","flex_g
    [has_newlines] => NO
    [has_backslash] => YES
)

[2026-01-16 04:38:57] [42 MB] [export_table_data] Elementor escape check
    DATA: Array
(
    [post_id] => 426
    [original_len] => 88379
    [escaped_len] => 90555
    [original_first] => [{"id":"1281a45","elType":"container","settings":{"layout":"full_width","flex_ga
    [escaped_first] => '[{"id":"1281a45","elType":"container","settings":{"layout":"full_width","flex_g
    [has_newlines] => NO
    [has_backslash] => YES
)

[2026-01-16 04:38:57] [42 MB] [export_table_data] Elementor escape check
    DATA: Array
(
    [post_id] => 427
    [original_len] => 88663
    [escaped_len] => 90850
    [original_first] => [{"id":"1281a45","elType":"container","settings":{"layout":"full_width","flex_ga
    [escaped_first] => '[{"id":"1281a45","elType":"container","settings":{"layout":"full_width","flex_g
    [has_newlines] => NO
    [has_backslash] => YES
)

[2026-01-16 04:38:57] [42 MB] [export_table_data] Elementor escape check
    DATA: Array
(
    [post_id] => 428
    [original_len] => 88663
    [escaped_len] => 90850
    [original_first] => [{"id":"1281a45","elType":"container","settings":{"layout":"full_width","flex_ga
    [escaped_first] => '[{"id":"1281a45","elType":"container","settings":{"layout":"full_width","flex_g
    [has_newlines] => NO
    [has_backslash] => YES
)

[2026-01-16 04:38:57] [42 MB] [export_table_data] Elementor escape check
    DATA: Array
(
    [post_id] => 429
    [original_len] => 88663
    [escaped_len] => 90850
    [original_first] => [{"id":"1281a45","elType":"container","settings":{"layout":"full_width","flex_ga
    [escaped_first] => '[{"id":"1281a45","elType":"container","settings":{"layout":"full_width","flex_g
    [has_newlines] => NO
    [has_backslash] => YES
)

[2026-01-16 04:38:57] [42 MB] [export_table_data] Elementor escape check
    DATA: Array
(
    [post_id] => 430
    [original_len] => 88615
    [escaped_len] => 90802
    [original_first] => [{"id":"1281a45","elType":"container","settings":{"layout":"full_width","flex_ga
    [escaped_first] => '[{"id":"1281a45","elType":"container","settings":{"layout":"full_width","flex_g
    [has_newlines] => NO
    [has_backslash] => YES
)

[2026-01-16 04:38:57] [42 MB] [export_table_data] Elementor escape check
    DATA: Array
(
    [post_id] => 431
    [original_len] => 88615
    [escaped_len] => 90802
    [original_first] => [{"id":"1281a45","elType":"container","settings":{"layout":"full_width","flex_ga
    [escaped_first] => '[{"id":"1281a45","elType":"container","settings":{"layout":"full_width","flex_g
    [has_newlines] => NO
    [has_backslash] => YES
)

[2026-01-16 04:38:57] [42 MB] [export_table_data] Elementor escape check
    DATA: Array
(
    [post_id] => 432
    [original_len] => 88615
    [escaped_len] => 90802
    [original_first] => [{"id":"1281a45","elType":"container","settings":{"layout":"full_width","flex_ga
    [escaped_first] => '[{"id":"1281a45","elType":"container","settings":{"layout":"full_width","flex_g
    [has_newlines] => NO
    [has_backslash] => YES
)

[2026-01-16 04:38:57] [42 MB] [export_table_data] Elementor escape check
    DATA: Array
(
    [post_id] => 433
    [original_len] => 88619
    [escaped_len] => 90806
    [original_first] => [{"id":"1281a45","elType":"container","settings":{"layout":"full_width","flex_ga
    [escaped_first] => '[{"id":"1281a45","elType":"container","settings":{"layout":"full_width","flex_g
    [has_newlines] => NO
    [has_backslash] => YES
)

[2026-01-16 04:38:57] [42 MB] [export_table_data] Elementor escape check
    DATA: Array
(
    [post_id] => 434
    [original_len] => 88619
    [escaped_len] => 90806
    [original_first] => [{"id":"1281a45","elType":"container","settings":{"layout":"full_width","flex_ga
    [escaped_first] => '[{"id":"1281a45","elType":"container","settings":{"layout":"full_width","flex_g
    [has_newlines] => NO
    [has_backslash] => YES
)

[2026-01-16 04:38:57] [44 MB] [export_table_data] Elementor escape check
    DATA: Array
(
    [post_id] => 435
    [original_len] => 88619
    [escaped_len] => 90806
    [original_first] => [{"id":"1281a45","elType":"container","settings":{"layout":"full_width","flex_ga
    [escaped_first] => '[{"id":"1281a45","elType":"container","settings":{"layout":"full_width","flex_g
    [has_newlines] => NO
    [has_backslash] => YES
)

[2026-01-16 04:38:57] [44 MB] [export_table_data] Elementor escape check
    DATA: Array
(
    [post_id] => 436
    [original_len] => 88595
    [escaped_len] => 90782
    [original_first] => [{"id":"1281a45","elType":"container","settings":{"layout":"full_width","flex_ga
    [escaped_first] => '[{"id":"1281a45","elType":"container","settings":{"layout":"full_width","flex_g
    [has_newlines] => NO
    [has_backslash] => YES
)

[2026-01-16 04:38:57] [44 MB] [export_table_data] Elementor escape check
    DATA: Array
(
    [post_id] => 437
    [original_len] => 88595
    [escaped_len] => 90782
    [original_first] => [{"id":"1281a45","elType":"container","settings":{"layout":"full_width","flex_ga
    [escaped_first] => '[{"id":"1281a45","elType":"container","settings":{"layout":"full_width","flex_g
    [has_newlines] => NO
    [has_backslash] => YES
)

[2026-01-16 04:38:57] [44 MB] [export_table_data] Elementor escape check
    DATA: Array
(
    [post_id] => 438
    [original_len] => 88595
    [escaped_len] => 90782
    [original_first] => [{"id":"1281a45","elType":"container","settings":{"layout":"full_width","flex_ga
    [escaped_first] => '[{"id":"1281a45","elType":"container","settings":{"layout":"full_width","flex_g
    [has_newlines] => NO
    [has_backslash] => YES
)

[2026-01-16 04:38:57] [44 MB] [export_table_data] Elementor escape check
    DATA: Array
(
    [post_id] => 439
    [original_len] => 88619
    [escaped_len] => 90806
    [original_first] => [{"id":"1281a45","elType":"container","settings":{"layout":"full_width","flex_ga
    [escaped_first] => '[{"id":"1281a45","elType":"container","settings":{"layout":"full_width","flex_g
    [has_newlines] => NO
    [has_backslash] => YES
)

[2026-01-16 04:38:57] [44 MB] [export_table_data] Elementor escape check
    DATA: Array
(
    [post_id] => 440
    [original_len] => 88619
    [escaped_len] => 90806
    [original_first] => [{"id":"1281a45","elType":"container","settings":{"layout":"full_width","flex_ga
    [escaped_first] => '[{"id":"1281a45","elType":"container","settings":{"layout":"full_width","flex_g
    [has_newlines] => NO
    [has_backslash] => YES
)

[2026-01-16 04:38:57] [44 MB] [export_table_data] Elementor escape check
    DATA: Array
(
    [post_id] => 441
    [original_len] => 88619
    [escaped_len] => 90806
    [original_first] => [{"id":"1281a45","elType":"container","settings":{"layout":"full_width","flex_ga
    [escaped_first] => '[{"id":"1281a45","elType":"container","settings":{"layout":"full_width","flex_g
    [has_newlines] => NO
    [has_backslash] => YES
)

[2026-01-16 04:38:57] [44 MB] [export_table_data] Elementor escape check
    DATA: Array
(
    [post_id] => 442
    [original_len] => 88619
    [escaped_len] => 90806
    [original_first] => [{"id":"1281a45","elType":"container","settings":{"layout":"full_width","flex_ga
    [escaped_first] => '[{"id":"1281a45","elType":"container","settings":{"layout":"full_width","flex_g
    [has_newlines] => NO
    [has_backslash] => YES
)

[2026-01-16 04:38:57] [44 MB] [export_table_data] Elementor escape check
    DATA: Array
(
    [post_id] => 445
    [original_len] => 88619
    [escaped_len] => 90806
    [original_first] => [{"id":"1281a45","elType":"container","settings":{"layout":"full_width","flex_ga
    [escaped_first] => '[{"id":"1281a45","elType":"container","settings":{"layout":"full_width","flex_g
    [has_newlines] => NO
    [has_backslash] => YES
)

[2026-01-16 04:38:57] [44 MB] [export_table_data] Elementor escape check
    DATA: Array
(
    [post_id] => 446
    [original_len] => 88619
    [escaped_len] => 90806
    [original_first] => [{"id":"1281a45","elType":"container","settings":{"layout":"full_width","flex_ga
    [escaped_first] => '[{"id":"1281a45","elType":"container","settings":{"layout":"full_width","flex_g
    [has_newlines] => NO
    [has_backslash] => YES
)

[2026-01-16 04:38:57] [44 MB] [export_table_data] Elementor escape check
    DATA: Array
(
    [post_id] => 447
    [original_len] => 88105
    [escaped_len] => 90296
    [original_first] => [{"id":"1281a45","elType":"container","settings":{"layout":"full_width","flex_ga
    [escaped_first] => '[{"id":"1281a45","elType":"container","settings":{"layout":"full_width","flex_g
    [has_newlines] => NO
    [has_backslash] => YES
)

[2026-01-16 04:38:57] [44 MB] [export_table_data] Elementor escape check
    DATA: Array
(
    [post_id] => 448
    [original_len] => 88105
    [escaped_len] => 90296
    [original_first] => [{"id":"1281a45","elType":"container","settings":{"layout":"full_width","flex_ga
    [escaped_first] => '[{"id":"1281a45","elType":"container","settings":{"layout":"full_width","flex_g
    [has_newlines] => NO
    [has_backslash] => YES
)

[2026-01-16 04:38:57] [44 MB] [export_table_data] Elementor escape check
    DATA: Array
(
    [post_id] => 449
    [original_len] => 88105
    [escaped_len] => 90296
    [original_first] => [{"id":"1281a45","elType":"container","settings":{"layout":"full_width","flex_ga
    [escaped_first] => '[{"id":"1281a45","elType":"container","settings":{"layout":"full_width","flex_g
    [has_newlines] => NO
    [has_backslash] => YES
)

[2026-01-16 04:38:57] [44 MB] [export_table_data] Elementor escape check
    DATA: Array
(
    [post_id] => 450
    [original_len] => 88170
    [escaped_len] => 90361
    [original_first] => [{"id":"1281a45","elType":"container","settings":{"layout":"full_width","flex_ga
    [escaped_first] => '[{"id":"1281a45","elType":"container","settings":{"layout":"full_width","flex_g
    [has_newlines] => NO
    [has_backslash] => YES
)

[2026-01-16 04:38:57] [44 MB] [export_table_data] Elementor escape check
    DATA: Array
(
    [post_id] => 451
    [original_len] => 88170
    [escaped_len] => 90361
    [original_first] => [{"id":"1281a45","elType":"container","settings":{"layout":"full_width","flex_ga
    [escaped_first] => '[{"id":"1281a45","elType":"container","settings":{"layout":"full_width","flex_g
    [has_newlines] => NO
    [has_backslash] => YES
)

[2026-01-16 04:38:57] [44 MB] [export_table_data] Elementor escape check
    DATA: Array
(
    [post_id] => 452
    [original_len] => 88170
    [escaped_len] => 90361
    [original_first] => [{"id":"1281a45","elType":"container","settings":{"layout":"full_width","flex_ga
    [escaped_first] => '[{"id":"1281a45","elType":"container","settings":{"layout":"full_width","flex_g
    [has_newlines] => NO
    [has_backslash] => YES
)

[2026-01-16 04:38:57] [44 MB] [export_table_data] Elementor escape check
    DATA: Array
(
    [post_id] => 453
    [original_len] => 88789
    [escaped_len] => 91003
    [original_first] => [{"id":"1281a45","elType":"container","settings":{"layout":"full_width","flex_ga
    [escaped_first] => '[{"id":"1281a45","elType":"container","settings":{"layout":"full_width","flex_g
    [has_newlines] => NO
    [has_backslash] => YES
)

[2026-01-16 04:38:57] [44 MB] [export_table_data] Elementor escape check
    DATA: Array
(
    [post_id] => 455
    [original_len] => 88789
    [escaped_len] => 91003
    [original_first] => [{"id":"1281a45","elType":"container","settings":{"layout":"full_width","flex_ga
    [escaped_first] => '[{"id":"1281a45","elType":"container","settings":{"layout":"full_width","flex_g
    [has_newlines] => NO
    [has_backslash] => YES
)

[2026-01-16 04:38:57] [44 MB] [export_table_data] Elementor escape check
    DATA: Array
(
    [post_id] => 456
    [original_len] => 88789
    [escaped_len] => 91003
    [original_first] => [{"id":"1281a45","elType":"container","settings":{"layout":"full_width","flex_ga
    [escaped_first] => '[{"id":"1281a45","elType":"container","settings":{"layout":"full_width","flex_g
    [has_newlines] => NO
    [has_backslash] => YES
)

[2026-01-16 04:38:57] [44 MB] [export_table_data] Elementor escape check
    DATA: Array
(
    [post_id] => 457
    [original_len] => 88789
    [escaped_len] => 91003
    [original_first] => [{"id":"1281a45","elType":"container","settings":{"layout":"full_width","flex_ga
    [escaped_first] => '[{"id":"1281a45","elType":"container","settings":{"layout":"full_width","flex_g
    [has_newlines] => NO
    [has_backslash] => YES
)

[2026-01-16 04:38:57] [44 MB] [export_table_data] Elementor escape check
    DATA: Array
(
    [post_id] => 459
    [original_len] => 88789
    [escaped_len] => 91003
    [original_first] => [{"id":"1281a45","elType":"container","settings":{"layout":"full_width","flex_ga
    [escaped_first] => '[{"id":"1281a45","elType":"container","settings":{"layout":"full_width","flex_g
    [has_newlines] => NO
    [has_backslash] => YES
)

[2026-01-16 04:38:57] [44 MB] [export_table_data] Elementor escape check
    DATA: Array
(
    [post_id] => 460
    [original_len] => 88789
    [escaped_len] => 91003
    [original_first] => [{"id":"1281a45","elType":"container","settings":{"layout":"full_width","flex_ga
    [escaped_first] => '[{"id":"1281a45","elType":"container","settings":{"layout":"full_width","flex_g
    [has_newlines] => NO
    [has_backslash] => YES
)

[2026-01-16 04:38:57] [44 MB] [export_table_data] Elementor escape check
    DATA: Array
(
    [post_id] => 461
    [original_len] => 67686
    [escaped_len] => 69937
    [original_first] => [{"id":"1281a45","elType":"container","settings":{"layout":"full_width","flex_ga
    [escaped_first] => '[{"id":"1281a45","elType":"container","settings":{"layout":"full_width","flex_g
    [has_newlines] => NO
    [has_backslash] => YES
)

[2026-01-16 04:38:57] [44 MB] [export_table_data] Elementor escape check
    DATA: Array
(
    [post_id] => 462
    [original_len] => 13339
    [escaped_len] => 13419
    [original_first] => [{"id":"1bd79c1e","elType":"container","settings":{"layout":"full_width","flex_g
    [escaped_first] => '[{"id":"1bd79c1e","elType":"container","settings":{"layout":"full_width","flex_
    [has_newlines] => NO
    [has_backslash] => YES
)

[2026-01-16 04:38:57] [44 MB] [export_table_data] Elementor escape check
    DATA: Array
(
    [post_id] => 463
    [original_len] => 13732
    [escaped_len] => 13824
    [original_first] => [{"id":"1bd79c1e","elType":"container","settings":{"layout":"full_width","flex_g
    [escaped_first] => '[{"id":"1bd79c1e","elType":"container","settings":{"layout":"full_width","flex_
    [has_newlines] => NO
    [has_backslash] => YES
)

[2026-01-16 04:38:57] [44 MB] [export_table_data] Elementor escape check
    DATA: Array
(
    [post_id] => 464
    [original_len] => 16070
    [escaped_len] => 16361
    [original_first] => [{"id":"7624a61a","elType":"container","settings":{"layout":"full_width","flex_g
    [escaped_first] => '[{"id":"7624a61a","elType":"container","settings":{"layout":"full_width","flex_
    [has_newlines] => NO
    [has_backslash] => YES
)

[2026-01-16 04:38:57] [44 MB] [export_table_data] Elementor escape check
    DATA: Array
(
    [post_id] => 465
    [original_len] => 67686
    [escaped_len] => 69937
    [original_first] => [{"id":"1281a45","elType":"container","settings":{"layout":"full_width","flex_ga
    [escaped_first] => '[{"id":"1281a45","elType":"container","settings":{"layout":"full_width","flex_g
    [has_newlines] => NO
    [has_backslash] => YES
)

[2026-01-16 04:38:57] [42 MB] [export_table_data] Elementor escape check
    DATA: Array
(
    [post_id] => 466
    [original_len] => 67686
    [escaped_len] => 69937
    [original_first] => [{"id":"1281a45","elType":"container","settings":{"layout":"full_width","flex_ga
    [escaped_first] => '[{"id":"1281a45","elType":"container","settings":{"layout":"full_width","flex_g
    [has_newlines] => NO
    [has_backslash] => YES
)

[2026-01-16 04:38:57] [42 MB] [export_table_data] Elementor escape check
    DATA: Array
(
    [post_id] => 467
    [original_len] => 67175
    [escaped_len] => 69426
    [original_first] => [{"id":"1281a45","elType":"container","settings":{"layout":"full_width","flex_ga
    [escaped_first] => '[{"id":"1281a45","elType":"container","settings":{"layout":"full_width","flex_g
    [has_newlines] => NO
    [has_backslash] => YES
)

[2026-01-16 04:38:57] [42 MB] [export_table_data] Elementor escape check
    DATA: Array
(
    [post_id] => 468
    [original_len] => 67175
    [escaped_len] => 69426
    [original_first] => [{"id":"1281a45","elType":"container","settings":{"layout":"full_width","flex_ga
    [escaped_first] => '[{"id":"1281a45","elType":"container","settings":{"layout":"full_width","flex_g
    [has_newlines] => NO
    [has_backslash] => YES
)

[2026-01-16 04:38:57] [42 MB] [export_table_data] Elementor escape check
    DATA: Array
(
    [post_id] => 469
    [original_len] => 67175
    [escaped_len] => 69426
    [original_first] => [{"id":"1281a45","elType":"container","settings":{"layout":"full_width","flex_ga
    [escaped_first] => '[{"id":"1281a45","elType":"container","settings":{"layout":"full_width","flex_g
    [has_newlines] => NO
    [has_backslash] => YES
)

[2026-01-16 04:38:57] [42 MB] [export_table_data] Elementor escape check
    DATA: Array
(
    [post_id] => 470
    [original_len] => 67175
    [escaped_len] => 69426
    [original_first] => [{"id":"1281a45","elType":"container","settings":{"layout":"full_width","flex_ga
    [escaped_first] => '[{"id":"1281a45","elType":"container","settings":{"layout":"full_width","flex_g
    [has_newlines] => NO
    [has_backslash] => YES
)

[2026-01-16 04:38:57] [42 MB] [export_table_data] Elementor escape check
    DATA: Array
(
    [post_id] => 471
    [original_len] => 13783
    [escaped_len] => 13875
    [original_first] => [{"id":"1bd79c1e","elType":"container","settings":{"layout":"full_width","flex_g
    [escaped_first] => '[{"id":"1bd79c1e","elType":"container","settings":{"layout":"full_width","flex_
    [has_newlines] => NO
    [has_backslash] => YES
)

[2026-01-16 04:38:57] [42 MB] [export_table_data] Elementor escape check
    DATA: Array
(
    [post_id] => 472
    [original_len] => 13789
    [escaped_len] => 13881
    [original_first] => [{"id":"1bd79c1e","elType":"container","settings":{"layout":"full_width","flex_g
    [escaped_first] => '[{"id":"1bd79c1e","elType":"container","settings":{"layout":"full_width","flex_
    [has_newlines] => NO
    [has_backslash] => YES
)

[2026-01-16 04:38:57] [42 MB] [export_table_data] Elementor escape check
    DATA: Array
(
    [post_id] => 473
    [original_len] => 13785
    [escaped_len] => 13877
    [original_first] => [{"id":"1bd79c1e","elType":"container","settings":{"layout":"full_width","flex_g
    [escaped_first] => '[{"id":"1bd79c1e","elType":"container","settings":{"layout":"full_width","flex_
    [has_newlines] => NO
    [has_backslash] => YES
)

[2026-01-16 04:38:57] [42 MB] [export_table_data] Elementor escape check
    DATA: Array
(
    [post_id] => 474
    [original_len] => 13827
    [escaped_len] => 13919
    [original_first] => [{"id":"1bd79c1e","elType":"container","settings":{"layout":"full_width","flex_g
    [escaped_first] => '[{"id":"1bd79c1e","elType":"container","settings":{"layout":"full_width","flex_
    [has_newlines] => NO
    [has_backslash] => YES
)

[2026-01-16 04:38:57] [42 MB] [export_table_data] Elementor escape check
    DATA: Array
(
    [post_id] => 475
    [original_len] => 13873
    [escaped_len] => 13965
    [original_first] => [{"id":"1bd79c1e","elType":"container","settings":{"layout":"full_width","flex_g
    [escaped_first] => '[{"id":"1bd79c1e","elType":"container","settings":{"layout":"full_width","flex_
    [has_newlines] => NO
    [has_backslash] => YES
)

[2026-01-16 04:38:57] [42 MB] [export_table_data] Elementor escape check
    DATA: Array
(
    [post_id] => 476
    [original_len] => 13854
    [escaped_len] => 13946
    [original_first] => [{"id":"1bd79c1e","elType":"container","settings":{"layout":"full_width","flex_g
    [escaped_first] => '[{"id":"1bd79c1e","elType":"container","settings":{"layout":"full_width","flex_
    [has_newlines] => NO
    [has_backslash] => YES
)

[2026-01-16 04:38:57] [42 MB] [export_table_data] Elementor escape check
    DATA: Array
(
    [post_id] => 477
    [original_len] => 13874
    [escaped_len] => 13966
    [original_first] => [{"id":"1bd79c1e","elType":"container","settings":{"layout":"full_width","flex_g
    [escaped_first] => '[{"id":"1bd79c1e","elType":"container","settings":{"layout":"full_width","flex_
    [has_newlines] => NO
    [has_backslash] => YES
)

[2026-01-16 04:38:57] [42 MB] [export_table_data] Elementor escape check
    DATA: Array
(
    [post_id] => 478
    [original_len] => 13413
    [escaped_len] => 13499
    [original_first] => [{"id":"1bd79c1e","elType":"container","settings":{"layout":"full_width","flex_g
    [escaped_first] => '[{"id":"1bd79c1e","elType":"container","settings":{"layout":"full_width","flex_
    [has_newlines] => NO
    [has_backslash] => YES
)

[2026-01-16 04:38:57] [42 MB] [export_table_data] Elementor escape check
    DATA: Array
(
    [post_id] => 479
    [original_len] => 13509
    [escaped_len] => 13595
    [original_first] => [{"id":"1bd79c1e","elType":"container","settings":{"layout":"full_width","flex_g
    [escaped_first] => '[{"id":"1bd79c1e","elType":"container","settings":{"layout":"full_width","flex_
    [has_newlines] => NO
    [has_backslash] => YES
)

[2026-01-16 04:38:57] [42 MB] [export_table_data] Elementor escape check
    DATA: Array
(
    [post_id] => 494
    [original_len] => 11671
    [escaped_len] => 12891
    [original_first] => [{"id":"9a619c6","elType":"container","settings":{"flex_direction":"row","backgr
    [escaped_first] => '[{"id":"9a619c6","elType":"container","settings":{"flex_direction":"row","backg
    [has_newlines] => NO
    [has_backslash] => YES
)

[2026-01-16 04:38:57] [42 MB] [export_table_data] Elementor escape check
    DATA: Array
(
    [post_id] => 495
    [original_len] => 11671
    [escaped_len] => 12891
    [original_first] => [{"id":"9a619c6","elType":"container","settings":{"flex_direction":"row","backgr
    [escaped_first] => '[{"id":"9a619c6","elType":"container","settings":{"flex_direction":"row","backg
    [has_newlines] => NO
    [has_backslash] => YES
)

[2026-01-16 04:38:57] [42 MB] [export_table_data] Elementor escape check
    DATA: Array
(
    [post_id] => 496
    [original_len] => 13767
    [escaped_len] => 15104
    [original_first] => [{"id":"9a619c6","elType":"container","settings":{"flex_direction":"row","backgr
    [escaped_first] => '[{"id":"9a619c6","elType":"container","settings":{"flex_direction":"row","backg
    [has_newlines] => NO
    [has_backslash] => YES
)

[2026-01-16 04:38:57] [42 MB] [export_table_data] Elementor escape check
    DATA: Array
(
    [post_id] => 497
    [original_len] => 37652
    [escaped_len] => 41359
    [original_first] => [{"id":"f9c36ab","elType":"container","settings":{"boxed_width":{"unit":"px","si
    [escaped_first] => '[{"id":"f9c36ab","elType":"container","settings":{"boxed_width":{"unit":"px","s
    [has_newlines] => NO
    [has_backslash] => YES
)

[2026-01-16 04:38:57] [42 MB] [export_table_data] Elementor escape check
    DATA: Array
(
    [post_id] => 498
    [original_len] => 37652
    [escaped_len] => 41359
    [original_first] => [{"id":"f9c36ab","elType":"container","settings":{"boxed_width":{"unit":"px","si
    [escaped_first] => '[{"id":"f9c36ab","elType":"container","settings":{"boxed_width":{"unit":"px","s
    [has_newlines] => NO
    [has_backslash] => YES
)

[2026-01-16 04:38:57] [42 MB] [export_table_data] Elementor escape check
    DATA: Array
(
    [post_id] => 499
    [original_len] => 37231
    [escaped_len] => 40917
    [original_first] => [{"id":"f9c36ab","elType":"container","settings":{"boxed_width":{"unit":"px","si
    [escaped_first] => '[{"id":"f9c36ab","elType":"container","settings":{"boxed_width":{"unit":"px","s
    [has_newlines] => NO
    [has_backslash] => YES
)

[2026-01-16 04:38:57] [42 MB] [export_table_data] Elementor escape check
    DATA: Array
(
    [post_id] => 500
    [original_len] => 43038
    [escaped_len] => 46730
    [original_first] => [{"id":"f9c36ab","elType":"container","settings":{"boxed_width":{"unit":"px","si
    [escaped_first] => '[{"id":"f9c36ab","elType":"container","settings":{"boxed_width":{"unit":"px","s
    [has_newlines] => NO
    [has_backslash] => YES
)

[2026-01-16 04:38:57] [42 MB] [export_table_data] Elementor escape check
    DATA: Array
(
    [post_id] => 501
    [original_len] => 43038
    [escaped_len] => 46730
    [original_first] => [{"id":"f9c36ab","elType":"container","settings":{"boxed_width":{"unit":"px","si
    [escaped_first] => '[{"id":"f9c36ab","elType":"container","settings":{"boxed_width":{"unit":"px","s
    [has_newlines] => NO
    [has_backslash] => YES
)

[2026-01-16 04:38:57] [42 MB] [export_table_data] Elementor escape check
    DATA: Array
(
    [post_id] => 502
    [original_len] => 41010
    [escaped_len] => 44465
    [original_first] => [{"id":"f9c36ab","elType":"container","settings":{"boxed_width":{"unit":"px","si
    [escaped_first] => '[{"id":"f9c36ab","elType":"container","settings":{"boxed_width":{"unit":"px","s
    [has_newlines] => NO
    [has_backslash] => YES
)

[2026-01-16 04:38:57] [42 MB] [export_table_data] Elementor escape check
    DATA: Array
(
    [post_id] => 504
    [original_len] => 15613
    [escaped_len] => 15996
    [original_first] => [{"id":"2c35d47","elType":"container","settings":{"layout":"full_width","flex_ga
    [escaped_first] => '[{"id":"2c35d47","elType":"container","settings":{"layout":"full_width","flex_g
    [has_newlines] => NO
    [has_backslash] => YES
)

[2026-01-16 04:38:57] [42 MB] [export_table_data] Elementor escape check
    DATA: Array
(
    [post_id] => 505
    [original_len] => 15613
    [escaped_len] => 15996
    [original_first] => [{"id":"2c35d47","elType":"container","settings":{"layout":"full_width","flex_ga
    [escaped_first] => '[{"id":"2c35d47","elType":"container","settings":{"layout":"full_width","flex_g
    [has_newlines] => NO
    [has_backslash] => YES
)

[2026-01-16 04:38:57] [42 MB] [export_table_data] Elementor escape check
    DATA: Array
(
    [post_id] => 506
    [original_len] => 15617
    [escaped_len] => 16000
    [original_first] => [{"id":"2c35d47","elType":"container","settings":{"layout":"full_width","flex_ga
    [escaped_first] => '[{"id":"2c35d47","elType":"container","settings":{"layout":"full_width","flex_g
    [has_newlines] => NO
    [has_backslash] => YES
)

[2026-01-16 04:38:57] [42 MB] [export_table_data] Elementor escape check
    DATA: Array
(
    [post_id] => 507
    [original_len] => 41010
    [escaped_len] => 44465
    [original_first] => [{"id":"f9c36ab","elType":"container","settings":{"boxed_width":{"unit":"px","si
    [escaped_first] => '[{"id":"f9c36ab","elType":"container","settings":{"boxed_width":{"unit":"px","s
    [has_newlines] => NO
    [has_backslash] => YES
)

[2026-01-16 04:38:57] [42 MB] [export_table_data] Elementor escape check
    DATA: Array
(
    [post_id] => 508
    [original_len] => 41010
    [escaped_len] => 44465
    [original_first] => [{"id":"f9c36ab","elType":"container","settings":{"boxed_width":{"unit":"px","si
    [escaped_first] => '[{"id":"f9c36ab","elType":"container","settings":{"boxed_width":{"unit":"px","s
    [has_newlines] => NO
    [has_backslash] => YES
)

[2026-01-16 04:38:57] [42 MB] [export_table_data] Elementor escape check
    DATA: Array
(
    [post_id] => 509
    [original_len] => 41014
    [escaped_len] => 44469
    [original_first] => [{"id":"f9c36ab","elType":"container","settings":{"boxed_width":{"unit":"px","si
    [escaped_first] => '[{"id":"f9c36ab","elType":"container","settings":{"boxed_width":{"unit":"px","s
    [has_newlines] => NO
    [has_backslash] => YES
)

[2026-01-16 04:38:57] [42 MB] [export_table_data] Elementor escape check
    DATA: Array
(
    [post_id] => 510
    [original_len] => 70385
    [escaped_len] => 77585
    [original_first] => [{"id":"f9c36ab","elType":"container","settings":{"boxed_width":{"unit":"px","si
    [escaped_first] => '[{"id":"f9c36ab","elType":"container","settings":{"boxed_width":{"unit":"px","s
    [has_newlines] => NO
    [has_backslash] => YES
)

[2026-01-16 04:38:57] [42 MB] [export_table_data] Elementor escape check
    DATA: Array
(
    [post_id] => 511
    [original_len] => 70385
    [escaped_len] => 77585
    [original_first] => [{"id":"f9c36ab","elType":"container","settings":{"boxed_width":{"unit":"px","si
    [escaped_first] => '[{"id":"f9c36ab","elType":"container","settings":{"boxed_width":{"unit":"px","s
    [has_newlines] => NO
    [has_backslash] => YES
)

[2026-01-16 04:38:57] [42 MB] [export_table_data] Elementor escape check
    DATA: Array
(
    [post_id] => 512
    [original_len] => 70389
    [escaped_len] => 77589
    [original_first] => [{"id":"f9c36ab","elType":"container","settings":{"boxed_width":{"unit":"px","si
    [escaped_first] => '[{"id":"f9c36ab","elType":"container","settings":{"boxed_width":{"unit":"px","s
    [has_newlines] => NO
    [has_backslash] => YES
)

[2026-01-16 04:38:57] [42 MB] [export_table_data] Elementor escape check
    DATA: Array
(
    [post_id] => 513
    [original_len] => 112856
    [escaped_len] => 122766
    [original_first] => [{"id":"f9c36ab","elType":"container","settings":{"boxed_width":{"unit":"px","si
    [escaped_first] => '[{"id":"f9c36ab","elType":"container","settings":{"boxed_width":{"unit":"px","s
    [has_newlines] => NO
    [has_backslash] => YES
)

[2026-01-16 04:38:58] [30 MB] [export_table_data] Elementor escape check
    DATA: Array
(
    [post_id] => 514
    [original_len] => 112856
    [escaped_len] => 122766
    [original_first] => [{"id":"f9c36ab","elType":"container","settings":{"boxed_width":{"unit":"px","si
    [escaped_first] => '[{"id":"f9c36ab","elType":"container","settings":{"boxed_width":{"unit":"px","s
    [has_newlines] => NO
    [has_backslash] => YES
)

[2026-01-16 04:38:58] [30 MB] [export_table_data] Elementor escape check
    DATA: Array
(
    [post_id] => 515
    [original_len] => 112860
    [escaped_len] => 122770
    [original_first] => [{"id":"f9c36ab","elType":"container","settings":{"boxed_width":{"unit":"px","si
    [escaped_first] => '[{"id":"f9c36ab","elType":"container","settings":{"boxed_width":{"unit":"px","s
    [has_newlines] => NO
    [has_backslash] => YES
)

[2026-01-16 04:38:58] [30 MB] [export_table_data] Elementor escape check
    DATA: Array
(
    [post_id] => 516
    [original_len] => 48183
    [escaped_len] => 53029
    [original_first] => [{"id":"f9c36ab","elType":"container","settings":{"boxed_width":{"unit":"px","si
    [escaped_first] => '[{"id":"f9c36ab","elType":"container","settings":{"boxed_width":{"unit":"px","s
    [has_newlines] => NO
    [has_backslash] => YES
)

[2026-01-16 04:38:58] [30 MB] [export_table_data] Elementor escape check
    DATA: Array
(
    [post_id] => 517
    [original_len] => 48183
    [escaped_len] => 53029
    [original_first] => [{"id":"f9c36ab","elType":"container","settings":{"boxed_width":{"unit":"px","si
    [escaped_first] => '[{"id":"f9c36ab","elType":"container","settings":{"boxed_width":{"unit":"px","s
    [has_newlines] => NO
    [has_backslash] => YES
)

[2026-01-16 04:38:58] [30 MB] [export_table_data] Elementor escape check
    DATA: Array
(
    [post_id] => 518
    [original_len] => 48187
    [escaped_len] => 53033
    [original_first] => [{"id":"f9c36ab","elType":"container","settings":{"boxed_width":{"unit":"px","si
    [escaped_first] => '[{"id":"f9c36ab","elType":"container","settings":{"boxed_width":{"unit":"px","s
    [has_newlines] => NO
    [has_backslash] => YES
)

[2026-01-16 04:38:58] [30 MB] [export_table_data] Elementor escape check
    DATA: Array
(
    [post_id] => 519
    [original_len] => 101908
    [escaped_len] => 112627
    [original_first] => [{"id":"f9c36ab","elType":"container","settings":{"boxed_width":{"unit":"px","si
    [escaped_first] => '[{"id":"f9c36ab","elType":"container","settings":{"boxed_width":{"unit":"px","s
    [has_newlines] => NO
    [has_backslash] => YES
)

[2026-01-16 04:38:58] [30 MB] [export_table_data] Elementor escape check
    DATA: Array
(
    [post_id] => 520
    [original_len] => 101908
    [escaped_len] => 112627
    [original_first] => [{"id":"f9c36ab","elType":"container","settings":{"boxed_width":{"unit":"px","si
    [escaped_first] => '[{"id":"f9c36ab","elType":"container","settings":{"boxed_width":{"unit":"px","s
    [has_newlines] => NO
    [has_backslash] => YES
)

[2026-01-16 04:38:58] [30 MB] [export_table_data] Elementor escape check
    DATA: Array
(
    [post_id] => 521
    [original_len] => 101912
    [escaped_len] => 112631
    [original_first] => [{"id":"f9c36ab","elType":"container","settings":{"boxed_width":{"unit":"px","si
    [escaped_first] => '[{"id":"f9c36ab","elType":"container","settings":{"boxed_width":{"unit":"px","s
    [has_newlines] => NO
    [has_backslash] => YES
)

[2026-01-16 04:38:58] [30 MB] [export_table_data] Elementor escape check
    DATA: Array
(
    [post_id] => 522
    [original_len] => 79347
    [escaped_len] => 88212
    [original_first] => [{"id":"f9c36ab","elType":"container","settings":{"boxed_width":{"unit":"px","si
    [escaped_first] => '[{"id":"f9c36ab","elType":"container","settings":{"boxed_width":{"unit":"px","s
    [has_newlines] => NO
    [has_backslash] => YES
)

[2026-01-16 04:38:58] [30 MB] [export_table_data] Elementor escape check
    DATA: Array
(
    [post_id] => 523
    [original_len] => 79347
    [escaped_len] => 88212
    [original_first] => [{"id":"f9c36ab","elType":"container","settings":{"boxed_width":{"unit":"px","si
    [escaped_first] => '[{"id":"f9c36ab","elType":"container","settings":{"boxed_width":{"unit":"px","s
    [has_newlines] => NO
    [has_backslash] => YES
)

[2026-01-16 04:38:58] [30 MB] [export_table_data] Elementor escape check
    DATA: Array
(
    [post_id] => 524
    [original_len] => 79351
    [escaped_len] => 88216
    [original_first] => [{"id":"f9c36ab","elType":"container","settings":{"boxed_width":{"unit":"px","si
    [escaped_first] => '[{"id":"f9c36ab","elType":"container","settings":{"boxed_width":{"unit":"px","s
    [has_newlines] => NO
    [has_backslash] => YES
)

[2026-01-16 04:38:58] [30 MB] [export_table_data] Elementor escape check
    DATA: Array
(
    [post_id] => 525
    [original_len] => 24485
    [escaped_len] => 26210
    [original_first] => [{"id":"f9c36ab","elType":"container","settings":{"boxed_width":{"unit":"px","si
    [escaped_first] => '[{"id":"f9c36ab","elType":"container","settings":{"boxed_width":{"unit":"px","s
    [has_newlines] => NO
    [has_backslash] => YES
)

[2026-01-16 04:38:58] [30 MB] [export_table_data] Elementor escape check
    DATA: Array
(
    [post_id] => 526
    [original_len] => 24485
    [escaped_len] => 26210
    [original_first] => [{"id":"f9c36ab","elType":"container","settings":{"boxed_width":{"unit":"px","si
    [escaped_first] => '[{"id":"f9c36ab","elType":"container","settings":{"boxed_width":{"unit":"px","s
    [has_newlines] => NO
    [has_backslash] => YES
)

[2026-01-16 04:38:58] [30 MB] [export_table_data] Elementor escape check
    DATA: Array
(
    [post_id] => 527
    [original_len] => 24489
    [escaped_len] => 26214
    [original_first] => [{"id":"f9c36ab","elType":"container","settings":{"boxed_width":{"unit":"px","si
    [escaped_first] => '[{"id":"f9c36ab","elType":"container","settings":{"boxed_width":{"unit":"px","s
    [has_newlines] => NO
    [has_backslash] => YES
)

[2026-01-16 04:38:58] [30 MB] [export_table_data] Elementor escape check
    DATA: Array
(
    [post_id] => 528
    [original_len] => 39880
    [escaped_len] => 43150
    [original_first] => [{"id":"f9c36ab","elType":"container","settings":{"boxed_width":{"unit":"px","si
    [escaped_first] => '[{"id":"f9c36ab","elType":"container","settings":{"boxed_width":{"unit":"px","s
    [has_newlines] => NO
    [has_backslash] => YES
)

[2026-01-16 04:38:58] [30 MB] [export_table_data] Elementor escape check
    DATA: Array
(
    [post_id] => 529
    [original_len] => 39880
    [escaped_len] => 43150
    [original_first] => [{"id":"f9c36ab","elType":"container","settings":{"boxed_width":{"unit":"px","si
    [escaped_first] => '[{"id":"f9c36ab","elType":"container","settings":{"boxed_width":{"unit":"px","s
    [has_newlines] => NO
    [has_backslash] => YES
)

[2026-01-16 04:38:58] [30 MB] [export_table_data] Elementor escape check
    DATA: Array
(
    [post_id] => 530
    [original_len] => 39884
    [escaped_len] => 43154
    [original_first] => [{"id":"f9c36ab","elType":"container","settings":{"boxed_width":{"unit":"px","si
    [escaped_first] => '[{"id":"f9c36ab","elType":"container","settings":{"boxed_width":{"unit":"px","s
    [has_newlines] => NO
    [has_backslash] => YES
)

[2026-01-16 04:38:58] [30 MB] [export_table_data] Elementor escape check
    DATA: Array
(
    [post_id] => 531
    [original_len] => 36576
    [escaped_len] => 40084
    [original_first] => [{"id":"f9c36ab","elType":"container","settings":{"boxed_width":{"unit":"px","si
    [escaped_first] => '[{"id":"f9c36ab","elType":"container","settings":{"boxed_width":{"unit":"px","s
    [has_newlines] => NO
    [has_backslash] => YES
)

[2026-01-16 04:38:58] [30 MB] [export_table_data] Elementor escape check
    DATA: Array
(
    [post_id] => 532
    [original_len] => 36576
    [escaped_len] => 40084
    [original_first] => [{"id":"f9c36ab","elType":"container","settings":{"boxed_width":{"unit":"px","si
    [escaped_first] => '[{"id":"f9c36ab","elType":"container","settings":{"boxed_width":{"unit":"px","s
    [has_newlines] => NO
    [has_backslash] => YES
)

[2026-01-16 04:38:58] [30 MB] [export_table_data] Elementor escape check
    DATA: Array
(
    [post_id] => 533
    [original_len] => 36580
    [escaped_len] => 40088
    [original_first] => [{"id":"f9c36ab","elType":"container","settings":{"boxed_width":{"unit":"px","si
    [escaped_first] => '[{"id":"f9c36ab","elType":"container","settings":{"boxed_width":{"unit":"px","s
    [has_newlines] => NO
    [has_backslash] => YES
)

[2026-01-16 04:38:58] [30 MB] [export_table_data] Elementor escape check
    DATA: Array
(
    [post_id] => 534
    [original_len] => 32646
    [escaped_len] => 35640
    [original_first] => [{"id":"f9c36ab","elType":"container","settings":{"boxed_width":{"unit":"px","si
    [escaped_first] => '[{"id":"f9c36ab","elType":"container","settings":{"boxed_width":{"unit":"px","s
    [has_newlines] => NO
    [has_backslash] => YES
)

[2026-01-16 04:38:58] [30 MB] [export_table_data] Elementor escape check
    DATA: Array
(
    [post_id] => 535
    [original_len] => 32646
    [escaped_len] => 35640
    [original_first] => [{"id":"f9c36ab","elType":"container","settings":{"boxed_width":{"unit":"px","si
    [escaped_first] => '[{"id":"f9c36ab","elType":"container","settings":{"boxed_width":{"unit":"px","s
    [has_newlines] => NO
    [has_backslash] => YES
)

[2026-01-16 04:38:58] [30 MB] [export_table_data] Elementor escape check
    DATA: Array
(
    [post_id] => 536
    [original_len] => 32650
    [escaped_len] => 35644
    [original_first] => [{"id":"f9c36ab","elType":"container","settings":{"boxed_width":{"unit":"px","si
    [escaped_first] => '[{"id":"f9c36ab","elType":"container","settings":{"boxed_width":{"unit":"px","s
    [has_newlines] => NO
    [has_backslash] => YES
)

[2026-01-16 04:38:58] [30 MB] [export_table_data] Elementor escape check
    DATA: Array
(
    [post_id] => 537
    [original_len] => 39044
    [escaped_len] => 42909
    [original_first] => [{"id":"f9c36ab","elType":"container","settings":{"boxed_width":{"unit":"px","si
    [escaped_first] => '[{"id":"f9c36ab","elType":"container","settings":{"boxed_width":{"unit":"px","s
    [has_newlines] => NO
    [has_backslash] => YES
)

[2026-01-16 04:38:58] [30 MB] [export_table_data] Elementor escape check
    DATA: Array
(
    [post_id] => 538
    [original_len] => 39044
    [escaped_len] => 42909
    [original_first] => [{"id":"f9c36ab","elType":"container","settings":{"boxed_width":{"unit":"px","si
    [escaped_first] => '[{"id":"f9c36ab","elType":"container","settings":{"boxed_width":{"unit":"px","s
    [has_newlines] => NO
    [has_backslash] => YES
)

[2026-01-16 04:38:58] [28 MB] [export_table_data] Elementor escape check
    DATA: Array
(
    [post_id] => 539
    [original_len] => 39048
    [escaped_len] => 42913
    [original_first] => [{"id":"f9c36ab","elType":"container","settings":{"boxed_width":{"unit":"px","si
    [escaped_first] => '[{"id":"f9c36ab","elType":"container","settings":{"boxed_width":{"unit":"px","s
    [has_newlines] => NO
    [has_backslash] => YES
)

[2026-01-16 04:38:58] [28 MB] [export_table_data] Elementor escape check
    DATA: Array
(
    [post_id] => 540
    [original_len] => 32199
    [escaped_len] => 35153
    [original_first] => [{"id":"f9c36ab","elType":"container","settings":{"boxed_width":{"unit":"px","si
    [escaped_first] => '[{"id":"f9c36ab","elType":"container","settings":{"boxed_width":{"unit":"px","s
    [has_newlines] => NO
    [has_backslash] => YES
)

[2026-01-16 04:38:58] [28 MB] [export_table_data] Elementor escape check
    DATA: Array
(
    [post_id] => 541
    [original_len] => 32199
    [escaped_len] => 35153
    [original_first] => [{"id":"f9c36ab","elType":"container","settings":{"boxed_width":{"unit":"px","si
    [escaped_first] => '[{"id":"f9c36ab","elType":"container","settings":{"boxed_width":{"unit":"px","s
    [has_newlines] => NO
    [has_backslash] => YES
)

[2026-01-16 04:38:58] [28 MB] [export_table_data] Elementor escape check
    DATA: Array
(
    [post_id] => 542
    [original_len] => 32203
    [escaped_len] => 35157
    [original_first] => [{"id":"f9c36ab","elType":"container","settings":{"boxed_width":{"unit":"px","si
    [escaped_first] => '[{"id":"f9c36ab","elType":"container","settings":{"boxed_width":{"unit":"px","s
    [has_newlines] => NO
    [has_backslash] => YES
)

[2026-01-16 04:38:58] [28 MB] [export_table_data] Elementor escape check
    DATA: Array
(
    [post_id] => 543
    [original_len] => 37231
    [escaped_len] => 40917
    [original_first] => [{"id":"f9c36ab","elType":"container","settings":{"boxed_width":{"unit":"px","si
    [escaped_first] => '[{"id":"f9c36ab","elType":"container","settings":{"boxed_width":{"unit":"px","s
    [has_newlines] => NO
    [has_backslash] => YES
)

[2026-01-16 04:38:58] [28 MB] [export_table_data] Elementor escape check
    DATA: Array
(
    [post_id] => 544
    [original_len] => 37231
    [escaped_len] => 40917
    [original_first] => [{"id":"f9c36ab","elType":"container","settings":{"boxed_width":{"unit":"px","si
    [escaped_first] => '[{"id":"f9c36ab","elType":"container","settings":{"boxed_width":{"unit":"px","s
    [has_newlines] => NO
    [has_backslash] => YES
)

[2026-01-16 04:38:58] [28 MB] [export_table_data] Elementor escape check
    DATA: Array
(
    [post_id] => 545
    [original_len] => 37235
    [escaped_len] => 40921
    [original_first] => [{"id":"f9c36ab","elType":"container","settings":{"boxed_width":{"unit":"px","si
    [escaped_first] => '[{"id":"f9c36ab","elType":"container","settings":{"boxed_width":{"unit":"px","s
    [has_newlines] => NO
    [has_backslash] => YES
)

[2026-01-16 04:38:58] [28 MB] [export_table_data] Elementor escape check
    DATA: Array
(
    [post_id] => 546
    [original_len] => 28250
    [escaped_len] => 30798
    [original_first] => [{"id":"f9c36ab","elType":"container","settings":{"boxed_width":{"unit":"px","si
    [escaped_first] => '[{"id":"f9c36ab","elType":"container","settings":{"boxed_width":{"unit":"px","s
    [has_newlines] => NO
    [has_backslash] => YES
)

[2026-01-16 04:38:58] [28 MB] [export_table_data] Elementor escape check
    DATA: Array
(
    [post_id] => 547
    [original_len] => 28250
    [escaped_len] => 30798
    [original_first] => [{"id":"f9c36ab","elType":"container","settings":{"boxed_width":{"unit":"px","si
    [escaped_first] => '[{"id":"f9c36ab","elType":"container","settings":{"boxed_width":{"unit":"px","s
    [has_newlines] => NO
    [has_backslash] => YES
)

[2026-01-16 04:38:58] [28 MB] [export_table_data] Elementor escape check
    DATA: Array
(
    [post_id] => 548
    [original_len] => 28254
    [escaped_len] => 30802
    [original_first] => [{"id":"f9c36ab","elType":"container","settings":{"boxed_width":{"unit":"px","si
    [escaped_first] => '[{"id":"f9c36ab","elType":"container","settings":{"boxed_width":{"unit":"px","s
    [has_newlines] => NO
    [has_backslash] => YES
)

[2026-01-16 04:38:58] [28 MB] [export_table_data] Elementor escape check
    DATA: Array
(
    [post_id] => 549
    [original_len] => 60780
    [escaped_len] => 67850
    [original_first] => [{"id":"684b5e7","elType":"container","settings":{"boxed_width":{"unit":"px","si
    [escaped_first] => '[{"id":"684b5e7","elType":"container","settings":{"boxed_width":{"unit":"px","s
    [has_newlines] => NO
    [has_backslash] => YES
)

[2026-01-16 04:38:58] [28 MB] [export_table_data] Elementor escape check
    DATA: Array
(
    [post_id] => 550
    [original_len] => 60780
    [escaped_len] => 67850
    [original_first] => [{"id":"684b5e7","elType":"container","settings":{"boxed_width":{"unit":"px","si
    [escaped_first] => '[{"id":"684b5e7","elType":"container","settings":{"boxed_width":{"unit":"px","s
    [has_newlines] => NO
    [has_backslash] => YES
)

[2026-01-16 04:38:58] [30 MB] [export_table_data] Elementor escape check
    DATA: Array
(
    [post_id] => 551
    [original_len] => 60784
    [escaped_len] => 67854
    [original_first] => [{"id":"684b5e7","elType":"container","settings":{"boxed_width":{"unit":"px","si
    [escaped_first] => '[{"id":"684b5e7","elType":"container","settings":{"boxed_width":{"unit":"px","s
    [has_newlines] => NO
    [has_backslash] => YES
)

[2026-01-16 04:38:58] [30 MB] [export_table_data] Elementor escape check
    DATA: Array
(
    [post_id] => 552
    [original_len] => 56229
    [escaped_len] => 61615
    [original_first] => [{"id":"f9c36ab","elType":"container","settings":{"boxed_width":{"unit":"px","si
    [escaped_first] => '[{"id":"f9c36ab","elType":"container","settings":{"boxed_width":{"unit":"px","s
    [has_newlines] => NO
    [has_backslash] => YES
)

[2026-01-16 04:38:58] [30 MB] [export_table_data] Elementor escape check
    DATA: Array
(
    [post_id] => 553
    [original_len] => 56229
    [escaped_len] => 61615
    [original_first] => [{"id":"f9c36ab","elType":"container","settings":{"boxed_width":{"unit":"px","si
    [escaped_first] => '[{"id":"f9c36ab","elType":"container","settings":{"boxed_width":{"unit":"px","s
    [has_newlines] => NO
    [has_backslash] => YES
)

[2026-01-16 04:38:58] [30 MB] [export_table_data] Elementor escape check
    DATA: Array
(
    [post_id] => 554
    [original_len] => 56233
    [escaped_len] => 61619
    [original_first] => [{"id":"f9c36ab","elType":"container","settings":{"boxed_width":{"unit":"px","si
    [escaped_first] => '[{"id":"f9c36ab","elType":"container","settings":{"boxed_width":{"unit":"px","s
    [has_newlines] => NO
    [has_backslash] => YES
)

[2026-01-16 04:38:58] [30 MB] [export_table_data] Elementor escape check
    DATA: Array
(
    [post_id] => 557
    [original_len] => 67175
    [escaped_len] => 69426
    [original_first] => [{"id":"1281a45","elType":"container","settings":{"layout":"full_width","flex_ga
    [escaped_first] => '[{"id":"1281a45","elType":"container","settings":{"layout":"full_width","flex_g
    [has_newlines] => NO
    [has_backslash] => YES
)

[2026-01-16 04:38:58] [30 MB] [export_table_data] Elementor escape check
    DATA: Array
(
    [post_id] => 558
    [original_len] => 67175
    [escaped_len] => 69426
    [original_first] => [{"id":"1281a45","elType":"container","settings":{"layout":"full_width","flex_ga
    [escaped_first] => '[{"id":"1281a45","elType":"container","settings":{"layout":"full_width","flex_g
    [has_newlines] => NO
    [has_backslash] => YES
)

[2026-01-16 04:38:58] [30 MB] [export_table_data] Elementor escape check
    DATA: Array
(
    [post_id] => 559
    [original_len] => 67267
    [escaped_len] => 69518
    [original_first] => [{"id":"1281a45","elType":"container","settings":{"layout":"full_width","flex_ga
    [escaped_first] => '[{"id":"1281a45","elType":"container","settings":{"layout":"full_width","flex_g
    [has_newlines] => NO
    [has_backslash] => YES
)

[2026-01-16 04:38:58] [30 MB] [export_table_data] Elementor escape check
    DATA: Array
(
    [post_id] => 563
    [original_len] => 21696
    [escaped_len] => 22522
    [original_first] => [{"id":"7624a61a","elType":"container","settings":{"layout":"full_width","flex_g
    [escaped_first] => '[{"id":"7624a61a","elType":"container","settings":{"layout":"full_width","flex_
    [has_newlines] => NO
    [has_backslash] => YES
)

[2026-01-16 04:38:58] [30 MB] [export_table_data] Elementor escape check
    DATA: Array
(
    [post_id] => 566
    [original_len] => 67267
    [escaped_len] => 69518
    [original_first] => [{"id":"1281a45","elType":"container","settings":{"layout":"full_width","flex_ga
    [escaped_first] => '[{"id":"1281a45","elType":"container","settings":{"layout":"full_width","flex_g
    [has_newlines] => NO
    [has_backslash] => YES
)

[2026-01-16 04:38:58] [30 MB] [export_table_data] Elementor escape check
    DATA: Array
(
    [post_id] => 567
    [original_len] => 67267
    [escaped_len] => 69518
    [original_first] => [{"id":"1281a45","elType":"container","settings":{"layout":"full_width","flex_ga
    [escaped_first] => '[{"id":"1281a45","elType":"container","settings":{"layout":"full_width","flex_g
    [has_newlines] => NO
    [has_backslash] => YES
)

[2026-01-16 04:38:58] [30 MB] [export_table_data] Elementor escape check
    DATA: Array
(
    [post_id] => 569
    [original_len] => 12671
    [escaped_len] => 13921
    [original_first] => [{"id":"08520fc","elType":"container","settings":{"content_width":"full","margin
    [escaped_first] => '[{"id":"08520fc","elType":"container","settings":{"content_width":"full","margi
    [has_newlines] => NO
    [has_backslash] => YES
)

[2026-01-16 04:38:58] [30 MB] [export_table_data] Elementor escape check
    DATA: Array
(
    [post_id] => 570
    [original_len] => 13693
    [escaped_len] => 13779
    [original_first] => [{"id":"1bd79c1e","elType":"container","settings":{"layout":"full_width","flex_g
    [escaped_first] => '[{"id":"1bd79c1e","elType":"container","settings":{"layout":"full_width","flex_
    [has_newlines] => NO
    [has_backslash] => YES
)

[2026-01-16 04:39:01] [28 MB] [chunked_processor] get_job called
    DATA: Array
(
    [job_id] => 5e2a0ec2-ab82-4013-82c3-a5314d23a330
)

[2026-01-16 04:39:01] [28 MB] [chunked_processor] Transient lookup result
    DATA: Array
(
    [option_name] => speed_backups_job_5e2a0ec2-ab82-4013-82c3-a5314d23a330
    [found] => YES
)

[2026-01-16 04:39:01] [28 MB] [chunked_processor] Job retrieved successfully
    DATA: Array
(
    [status] => running
    [type] => backup
)

[2026-01-16 04:39:01] [28 MB] [chunked_processor] save_job called
    DATA: Array
(
    [job_id] => 5e2a0ec2-ab82-4013-82c3-a5314d23a330
    [status] => running
)

[2026-01-16 04:39:01] [28 MB] [chunked_processor] Transient save result
    DATA: Array
(
    [option_name] => speed_backups_job_5e2a0ec2-ab82-4013-82c3-a5314d23a330
    [success] => YES
)

[2026-01-16 04:39:01] [28 MB] [chunked_processor] Option save result
    DATA: Array
(
    [option_name] => speed_backups_job_5e2a0ec2-ab82-4013-82c3-a5314d23a330
    [success] => YES
)

[2026-01-16 04:39:01] [28 MB] [chunked_processor] Save verification (direct DB)
    DATA: Array
(
    [verified] => YES
)

[2026-01-16 04:39:01] [28 MB] [chunked_processor] get_job called
    DATA: Array
(
    [job_id] => 5e2a0ec2-ab82-4013-82c3-a5314d23a330
)

[2026-01-16 04:39:01] [28 MB] [chunked_processor] Transient lookup result
    DATA: Array
(
    [option_name] => speed_backups_job_5e2a0ec2-ab82-4013-82c3-a5314d23a330
    [found] => YES
)

[2026-01-16 04:39:01] [28 MB] [chunked_processor] Job retrieved successfully
    DATA: Array
(
    [status] => running
    [type] => backup
)

[2026-01-16 04:39:01] [28 MB] [chunked_processor] save_job called
    DATA: Array
(
    [job_id] => 5e2a0ec2-ab82-4013-82c3-a5314d23a330
    [status] => running
)

[2026-01-16 04:39:01] [28 MB] [chunked_processor] Transient save result
    DATA: Array
(
    [option_name] => speed_backups_job_5e2a0ec2-ab82-4013-82c3-a5314d23a330
    [success] => YES
)

[2026-01-16 04:39:01] [28 MB] [chunked_processor] Option save result
    DATA: Array
(
    [option_name] => speed_backups_job_5e2a0ec2-ab82-4013-82c3-a5314d23a330
    [success] => YES
)

[2026-01-16 04:39:01] [28 MB] [chunked_processor] Save verification (direct DB)
    DATA: Array
(
    [verified] => YES
)

[2026-01-16 04:39:01] [28 MB] [chunked_processor] get_job called
    DATA: Array
(
    [job_id] => 5e2a0ec2-ab82-4013-82c3-a5314d23a330
)

[2026-01-16 04:39:01] [28 MB] [chunked_processor] Transient lookup result
    DATA: Array
(
    [option_name] => speed_backups_job_5e2a0ec2-ab82-4013-82c3-a5314d23a330
    [found] => YES
)

[2026-01-16 04:39:01] [28 MB] [chunked_processor] Job retrieved successfully
    DATA: Array
(
    [status] => running
    [type] => backup
)

[2026-01-16 04:39:01] [28 MB] [chunked_processor] get_job called
    DATA: Array
(
    [job_id] => 5e2a0ec2-ab82-4013-82c3-a5314d23a330
)

[2026-01-16 04:39:01] [28 MB] [chunked_processor] Transient lookup result
    DATA: Array
(
    [option_name] => speed_backups_job_5e2a0ec2-ab82-4013-82c3-a5314d23a330
    [found] => YES
)

[2026-01-16 04:39:01] [28 MB] [chunked_processor] Job retrieved successfully
    DATA: Array
(
    [status] => running
    [type] => backup
)

[2026-01-16 04:39:01] [12 MB] [ERROR_HANDLER] PHP error handlers registered
[2026-01-16 04:39:01] [14 MB] [chunked_processor] get_job called
    DATA: Array
(
    [job_id] => 5e2a0ec2-ab82-4013-82c3-a5314d23a330
)

[2026-01-16 04:39:01] [14 MB] [chunked_processor] Transient lookup result
    DATA: Array
(
    [option_name] => speed_backups_job_5e2a0ec2-ab82-4013-82c3-a5314d23a330
    [found] => YES
)

[2026-01-16 04:39:01] [14 MB] [chunked_processor] Job retrieved successfully
    DATA: Array
(
    [status] => running
    [type] => backup
)

[2026-01-16 04:39:01] [14 MB] [chunked_processor] get_job called
    DATA: Array
(
    [job_id] => 5e2a0ec2-ab82-4013-82c3-a5314d23a330
)

[2026-01-16 04:39:01] [14 MB] [chunked_processor] Transient lookup result
    DATA: Array
(
    [option_name] => speed_backups_job_5e2a0ec2-ab82-4013-82c3-a5314d23a330
    [found] => YES
)

[2026-01-16 04:39:01] [14 MB] [chunked_processor] Job retrieved successfully
    DATA: Array
(
    [status] => running
    [type] => backup
)

[2026-01-16 04:39:01] [20 MB] [chunked_processor] get_job called
    DATA: Array
(
    [job_id] => 5e2a0ec2-ab82-4013-82c3-a5314d23a330
)

[2026-01-16 04:39:01] [20 MB] [chunked_processor] Transient lookup result
    DATA: Array
(
    [option_name] => speed_backups_job_5e2a0ec2-ab82-4013-82c3-a5314d23a330
    [found] => YES
)

[2026-01-16 04:39:01] [20 MB] [chunked_processor] Job retrieved successfully
    DATA: Array
(
    [status] => running
    [type] => backup
)

[2026-01-16 04:39:01] [20 MB] [chunked_processor] save_job called
    DATA: Array
(
    [job_id] => 5e2a0ec2-ab82-4013-82c3-a5314d23a330
    [status] => running
)

[2026-01-16 04:39:01] [20 MB] [chunked_processor] Transient save result
    DATA: Array
(
    [option_name] => speed_backups_job_5e2a0ec2-ab82-4013-82c3-a5314d23a330
    [success] => YES
)

[2026-01-16 04:39:01] [20 MB] [chunked_processor] Option save result
    DATA: Array
(
    [option_name] => speed_backups_job_5e2a0ec2-ab82-4013-82c3-a5314d23a330
    [success] => YES
)

[2026-01-16 04:39:01] [20 MB] [chunked_processor] Save verification (direct DB)
    DATA: Array
(
    [verified] => YES
)

[2026-01-16 04:39:05] [20 MB] [chunked_processor] get_job called
    DATA: Array
(
    [job_id] => 5e2a0ec2-ab82-4013-82c3-a5314d23a330
)

[2026-01-16 04:39:05] [20 MB] [chunked_processor] Transient lookup result
    DATA: Array
(
    [option_name] => speed_backups_job_5e2a0ec2-ab82-4013-82c3-a5314d23a330
    [found] => YES
)

[2026-01-16 04:39:05] [20 MB] [chunked_processor] Job retrieved successfully
    DATA: Array
(
    [status] => running
    [type] => backup
)

[2026-01-16 04:39:05] [20 MB] [chunked_processor] save_job called
    DATA: Array
(
    [job_id] => 5e2a0ec2-ab82-4013-82c3-a5314d23a330
    [status] => running
)

[2026-01-16 04:39:05] [20 MB] [chunked_processor] Transient save result
    DATA: Array
(
    [option_name] => speed_backups_job_5e2a0ec2-ab82-4013-82c3-a5314d23a330
    [success] => YES
)

[2026-01-16 04:39:05] [20 MB] [chunked_processor] Option save result
    DATA: Array
(
    [option_name] => speed_backups_job_5e2a0ec2-ab82-4013-82c3-a5314d23a330
    [success] => YES
)

[2026-01-16 04:39:05] [20 MB] [chunked_processor] Save verification (direct DB)
    DATA: Array
(
    [verified] => YES
)

[2026-01-16 04:39:05] [20 MB] [chunked_processor] get_job called
    DATA: Array
(
    [job_id] => 5e2a0ec2-ab82-4013-82c3-a5314d23a330
)

[2026-01-16 04:39:05] [20 MB] [chunked_processor] Transient lookup result
    DATA: Array
(
    [option_name] => speed_backups_job_5e2a0ec2-ab82-4013-82c3-a5314d23a330
    [found] => YES
)

[2026-01-16 04:39:05] [20 MB] [chunked_processor] Job retrieved successfully
    DATA: Array
(
    [status] => running
    [type] => backup
)

[2026-01-16 04:39:05] [20 MB] [chunked_processor] get_job called
    DATA: Array
(
    [job_id] => 5e2a0ec2-ab82-4013-82c3-a5314d23a330
)

[2026-01-16 04:39:05] [20 MB] [chunked_processor] Transient lookup result
    DATA: Array
(
    [option_name] => speed_backups_job_5e2a0ec2-ab82-4013-82c3-a5314d23a330
    [found] => YES
)

[2026-01-16 04:39:05] [20 MB] [chunked_processor] Job retrieved successfully
    DATA: Array
(
    [status] => running
    [type] => backup
)

[2026-01-16 04:39:06] [18 MB] [ERROR_HANDLER] PHP error handlers registered
[2026-01-16 04:39:06] [18 MB] [chunked_processor] get_job called
    DATA: Array
(
    [job_id] => 5e2a0ec2-ab82-4013-82c3-a5314d23a330
)

[2026-01-16 04:39:06] [18 MB] [chunked_processor] Transient lookup result
    DATA: Array
(
    [option_name] => speed_backups_job_5e2a0ec2-ab82-4013-82c3-a5314d23a330
    [found] => YES
)

[2026-01-16 04:39:06] [18 MB] [chunked_processor] Job retrieved successfully
    DATA: Array
(
    [status] => running
    [type] => backup
)

[2026-01-16 04:39:06] [18 MB] [chunked_processor] get_job called
    DATA: Array
(
    [job_id] => 5e2a0ec2-ab82-4013-82c3-a5314d23a330
)

[2026-01-16 04:39:06] [18 MB] [chunked_processor] Transient lookup result
    DATA: Array
(
    [option_name] => speed_backups_job_5e2a0ec2-ab82-4013-82c3-a5314d23a330
    [found] => YES
)

[2026-01-16 04:39:06] [18 MB] [chunked_processor] Job retrieved successfully
    DATA: Array
(
    [status] => running
    [type] => backup
)

[2026-01-16 04:39:06] [20 MB] [chunked_processor] get_job called
    DATA: Array
(
    [job_id] => 5e2a0ec2-ab82-4013-82c3-a5314d23a330
)

[2026-01-16 04:39:06] [20 MB] [chunked_processor] Transient lookup result
    DATA: Array
(
    [option_name] => speed_backups_job_5e2a0ec2-ab82-4013-82c3-a5314d23a330
    [found] => YES
)

[2026-01-16 04:39:06] [20 MB] [chunked_processor] Job retrieved successfully
    DATA: Array
(
    [status] => running
    [type] => backup
)

[2026-01-16 04:39:06] [20 MB] [chunked_processor] save_job called
    DATA: Array
(
    [job_id] => 5e2a0ec2-ab82-4013-82c3-a5314d23a330
    [status] => running
)

[2026-01-16 04:39:06] [20 MB] [chunked_processor] Transient save result
    DATA: Array
(
    [option_name] => speed_backups_job_5e2a0ec2-ab82-4013-82c3-a5314d23a330
    [success] => YES
)

[2026-01-16 04:39:06] [20 MB] [chunked_processor] Option save result
    DATA: Array
(
    [option_name] => speed_backups_job_5e2a0ec2-ab82-4013-82c3-a5314d23a330
    [success] => YES
)

[2026-01-16 04:39:06] [20 MB] [chunked_processor] Save verification (direct DB)
    DATA: Array
(
    [verified] => YES
)

[2026-01-16 04:39:07] [20 MB] [chunked_processor] get_job called
    DATA: Array
(
    [job_id] => 5e2a0ec2-ab82-4013-82c3-a5314d23a330
)

[2026-01-16 04:39:07] [20 MB] [chunked_processor] Transient lookup result
    DATA: Array
(
    [option_name] => speed_backups_job_5e2a0ec2-ab82-4013-82c3-a5314d23a330
    [found] => YES
)

[2026-01-16 04:39:07] [20 MB] [chunked_processor] Job retrieved successfully
    DATA: Array
(
    [status] => running
    [type] => backup
)

[2026-01-16 04:39:07] [20 MB] [chunked_processor] save_job called
    DATA: Array
(
    [job_id] => 5e2a0ec2-ab82-4013-82c3-a5314d23a330
    [status] => running
)

[2026-01-16 04:39:07] [20 MB] [chunked_processor] Transient save result
    DATA: Array
(
    [option_name] => speed_backups_job_5e2a0ec2-ab82-4013-82c3-a5314d23a330
    [success] => YES
)

[2026-01-16 04:39:08] [20 MB] [chunked_processor] Option save result
    DATA: Array
(
    [option_name] => speed_backups_job_5e2a0ec2-ab82-4013-82c3-a5314d23a330
    [success] => YES
)

[2026-01-16 04:39:08] [20 MB] [chunked_processor] Save verification (direct DB)
    DATA: Array
(
    [verified] => YES
)

[2026-01-16 04:39:08] [20 MB] [chunked_processor] get_job called
    DATA: Array
(
    [job_id] => 5e2a0ec2-ab82-4013-82c3-a5314d23a330
)

[2026-01-16 04:39:08] [20 MB] [chunked_processor] Transient lookup result
    DATA: Array
(
    [option_name] => speed_backups_job_5e2a0ec2-ab82-4013-82c3-a5314d23a330
    [found] => YES
)

[2026-01-16 04:39:08] [20 MB] [chunked_processor] Job retrieved successfully
    DATA: Array
(
    [status] => running
    [type] => backup
)

[2026-01-16 04:39:08] [20 MB] [chunked_processor] get_job called
    DATA: Array
(
    [job_id] => 5e2a0ec2-ab82-4013-82c3-a5314d23a330
)

[2026-01-16 04:39:08] [20 MB] [chunked_processor] Transient lookup result
    DATA: Array
(
    [option_name] => speed_backups_job_5e2a0ec2-ab82-4013-82c3-a5314d23a330
    [found] => YES
)

[2026-01-16 04:39:08] [20 MB] [chunked_processor] Job retrieved successfully
    DATA: Array
(
    [status] => running
    [type] => backup
)

[2026-01-16 04:39:08] [28 MB] [ERROR_HANDLER] PHP error handlers registered
[2026-01-16 04:39:08] [28 MB] [chunked_processor] get_job called
    DATA: Array
(
    [job_id] => 5e2a0ec2-ab82-4013-82c3-a5314d23a330
)

[2026-01-16 04:39:08] [28 MB] [chunked_processor] Transient lookup result
    DATA: Array
(
    [option_name] => speed_backups_job_5e2a0ec2-ab82-4013-82c3-a5314d23a330
    [found] => YES
)

[2026-01-16 04:39:08] [28 MB] [chunked_processor] Job retrieved successfully
    DATA: Array
(
    [status] => running
    [type] => backup
)

[2026-01-16 04:39:08] [28 MB] [chunked_processor] get_job called
    DATA: Array
(
    [job_id] => 5e2a0ec2-ab82-4013-82c3-a5314d23a330
)

[2026-01-16 04:39:08] [28 MB] [chunked_processor] Transient lookup result
    DATA: Array
(
    [option_name] => speed_backups_job_5e2a0ec2-ab82-4013-82c3-a5314d23a330
    [found] => YES
)

[2026-01-16 04:39:08] [28 MB] [chunked_processor] Job retrieved successfully
    DATA: Array
(
    [status] => running
    [type] => backup
)

[2026-01-16 04:39:08] [28 MB] [chunked_processor] get_job called
    DATA: Array
(
    [job_id] => 5e2a0ec2-ab82-4013-82c3-a5314d23a330
)

[2026-01-16 04:39:08] [28 MB] [chunked_processor] Transient lookup result
    DATA: Array
(
    [option_name] => speed_backups_job_5e2a0ec2-ab82-4013-82c3-a5314d23a330
    [found] => YES
)

[2026-01-16 04:39:08] [28 MB] [chunked_processor] Job retrieved successfully
    DATA: Array
(
    [status] => running
    [type] => backup
)

[2026-01-16 04:39:08] [28 MB] [chunked_processor] save_job called
    DATA: Array
(
    [job_id] => 5e2a0ec2-ab82-4013-82c3-a5314d23a330
    [status] => running
)

[2026-01-16 04:39:08] [28 MB] [chunked_processor] Transient save result
    DATA: Array
(
    [option_name] => speed_backups_job_5e2a0ec2-ab82-4013-82c3-a5314d23a330
    [success] => YES
)

[2026-01-16 04:39:08] [28 MB] [chunked_processor] Option save result
    DATA: Array
(
    [option_name] => speed_backups_job_5e2a0ec2-ab82-4013-82c3-a5314d23a330
    [success] => YES
)

[2026-01-16 04:39:08] [28 MB] [chunked_processor] Save verification (direct DB)
    DATA: Array
(
    [verified] => YES
)

[2026-01-16 04:39:08] [28 MB] [chunked_processor] get_job called
    DATA: Array
(
    [job_id] => 5e2a0ec2-ab82-4013-82c3-a5314d23a330
)

[2026-01-16 04:39:08] [28 MB] [chunked_processor] Transient lookup result
    DATA: Array
(
    [option_name] => speed_backups_job_5e2a0ec2-ab82-4013-82c3-a5314d23a330
    [found] => YES
)

[2026-01-16 04:39:08] [28 MB] [chunked_processor] Job retrieved successfully
    DATA: Array
(
    [status] => running
    [type] => backup
)

[2026-01-16 04:39:08] [28 MB] [chunked_processor] save_job called
    DATA: Array
(
    [job_id] => 5e2a0ec2-ab82-4013-82c3-a5314d23a330
    [status] => running
)

[2026-01-16 04:39:08] [28 MB] [chunked_processor] Transient save result
    DATA: Array
(
    [option_name] => speed_backups_job_5e2a0ec2-ab82-4013-82c3-a5314d23a330
    [success] => YES
)

[2026-01-16 04:39:08] [28 MB] [chunked_processor] Option save result
    DATA: Array
(
    [option_name] => speed_backups_job_5e2a0ec2-ab82-4013-82c3-a5314d23a330
    [success] => YES
)

[2026-01-16 04:39:08] [28 MB] [chunked_processor] Save verification (direct DB)
    DATA: Array
(
    [verified] => YES
)

[2026-01-16 04:39:08] [28 MB] [chunked_processor] get_job called
    DATA: Array
(
    [job_id] => 5e2a0ec2-ab82-4013-82c3-a5314d23a330
)

[2026-01-16 04:39:08] [28 MB] [chunked_processor] Transient lookup result
    DATA: Array
(
    [option_name] => speed_backups_job_5e2a0ec2-ab82-4013-82c3-a5314d23a330
    [found] => YES
)

[2026-01-16 04:39:08] [28 MB] [chunked_processor] Job retrieved successfully
    DATA: Array
(
    [status] => running
    [type] => backup
)

[2026-01-16 04:39:08] [28 MB] [chunked_processor] get_job called
    DATA: Array
(
    [job_id] => 5e2a0ec2-ab82-4013-82c3-a5314d23a330
)

[2026-01-16 04:39:08] [28 MB] [chunked_processor] Transient lookup result
    DATA: Array
(
    [option_name] => speed_backups_job_5e2a0ec2-ab82-4013-82c3-a5314d23a330
    [found] => YES
)

[2026-01-16 04:39:08] [28 MB] [chunked_processor] Job retrieved successfully
    DATA: Array
(
    [status] => running
    [type] => backup
)

[2026-01-16 04:39:09] [20 MB] [ERROR_HANDLER] PHP error handlers registered
[2026-01-16 04:39:09] [20 MB] [chunked_processor] get_job called
    DATA: Array
(
    [job_id] => 5e2a0ec2-ab82-4013-82c3-a5314d23a330
)

[2026-01-16 04:39:09] [20 MB] [chunked_processor] Transient lookup result
    DATA: Array
(
    [option_name] => speed_backups_job_5e2a0ec2-ab82-4013-82c3-a5314d23a330
    [found] => YES
)

[2026-01-16 04:39:09] [20 MB] [chunked_processor] Job retrieved successfully
    DATA: Array
(
    [status] => running
    [type] => backup
)

[2026-01-16 04:39:09] [20 MB] [chunked_processor] get_job called
    DATA: Array
(
    [job_id] => 5e2a0ec2-ab82-4013-82c3-a5314d23a330
)

[2026-01-16 04:39:09] [20 MB] [chunked_processor] Transient lookup result
    DATA: Array
(
    [option_name] => speed_backups_job_5e2a0ec2-ab82-4013-82c3-a5314d23a330
    [found] => YES
)

[2026-01-16 04:39:09] [20 MB] [chunked_processor] Job retrieved successfully
    DATA: Array
(
    [status] => running
    [type] => backup
)

[2026-01-16 04:39:09] [20 MB] [chunked_processor] get_job called
    DATA: Array
(
    [job_id] => 5e2a0ec2-ab82-4013-82c3-a5314d23a330
)

[2026-01-16 04:39:09] [20 MB] [chunked_processor] Transient lookup result
    DATA: Array
(
    [option_name] => speed_backups_job_5e2a0ec2-ab82-4013-82c3-a5314d23a330
    [found] => YES
)

[2026-01-16 04:39:09] [20 MB] [chunked_processor] Job retrieved successfully
    DATA: Array
(
    [status] => running
    [type] => backup
)

[2026-01-16 04:39:09] [20 MB] [chunked_processor] save_job called
    DATA: Array
(
    [job_id] => 5e2a0ec2-ab82-4013-82c3-a5314d23a330
    [status] => running
)

[2026-01-16 04:39:09] [20 MB] [chunked_processor] Transient save result
    DATA: Array
(
    [option_name] => speed_backups_job_5e2a0ec2-ab82-4013-82c3-a5314d23a330
    [success] => YES
)

[2026-01-16 04:39:09] [20 MB] [chunked_processor] Option save result
    DATA: Array
(
    [option_name] => speed_backups_job_5e2a0ec2-ab82-4013-82c3-a5314d23a330
    [success] => YES
)

[2026-01-16 04:39:09] [20 MB] [chunked_processor] Save verification (direct DB)
    DATA: Array
(
    [verified] => YES
)

[2026-01-16 04:39:11] [24 MB] [chunked_processor] get_job called
    DATA: Array
(
    [job_id] => 5e2a0ec2-ab82-4013-82c3-a5314d23a330
)

[2026-01-16 04:39:11] [24 MB] [chunked_processor] Transient lookup result
    DATA: Array
(
    [option_name] => speed_backups_job_5e2a0ec2-ab82-4013-82c3-a5314d23a330
    [found] => YES
)

[2026-01-16 04:39:11] [24 MB] [chunked_processor] Job retrieved successfully
    DATA: Array
(
    [status] => running
    [type] => backup
)

[2026-01-16 04:39:11] [24 MB] [chunked_processor] save_job called
    DATA: Array
(
    [job_id] => 5e2a0ec2-ab82-4013-82c3-a5314d23a330
    [status] => running
)

[2026-01-16 04:39:11] [24 MB] [chunked_processor] Transient save result
    DATA: Array
(
    [option_name] => speed_backups_job_5e2a0ec2-ab82-4013-82c3-a5314d23a330
    [success] => YES
)

[2026-01-16 04:39:11] [24 MB] [chunked_processor] Option save result
    DATA: Array
(
    [option_name] => speed_backups_job_5e2a0ec2-ab82-4013-82c3-a5314d23a330
    [success] => YES
)

[2026-01-16 04:39:11] [24 MB] [chunked_processor] Save verification (direct DB)
    DATA: Array
(
    [verified] => YES
)

[2026-01-16 04:39:11] [24 MB] [chunked_processor] get_job called
    DATA: Array
(
    [job_id] => 5e2a0ec2-ab82-4013-82c3-a5314d23a330
)

[2026-01-16 04:39:11] [24 MB] [chunked_processor] Transient lookup result
    DATA: Array
(
    [option_name] => speed_backups_job_5e2a0ec2-ab82-4013-82c3-a5314d23a330
    [found] => YES
)

[2026-01-16 04:39:11] [24 MB] [chunked_processor] Job retrieved successfully
    DATA: Array
(
    [status] => running
    [type] => backup
)

[2026-01-16 04:39:11] [24 MB] [chunked_processor] get_job called
    DATA: Array
(
    [job_id] => 5e2a0ec2-ab82-4013-82c3-a5314d23a330
)

[2026-01-16 04:39:11] [24 MB] [chunked_processor] Transient lookup result
    DATA: Array
(
    [option_name] => speed_backups_job_5e2a0ec2-ab82-4013-82c3-a5314d23a330
    [found] => YES
)

[2026-01-16 04:39:11] [24 MB] [chunked_processor] Job retrieved successfully
    DATA: Array
(
    [status] => running
    [type] => backup
)

[2026-01-16 04:39:12] [20 MB] [ERROR_HANDLER] PHP error handlers registered
[2026-01-16 04:39:12] [20 MB] [chunked_processor] get_job called
    DATA: Array
(
    [job_id] => 5e2a0ec2-ab82-4013-82c3-a5314d23a330
)

[2026-01-16 04:39:12] [20 MB] [chunked_processor] Transient lookup result
    DATA: Array
(
    [option_name] => speed_backups_job_5e2a0ec2-ab82-4013-82c3-a5314d23a330
    [found] => YES
)

[2026-01-16 04:39:12] [20 MB] [chunked_processor] Job retrieved successfully
    DATA: Array
(
    [status] => running
    [type] => backup
)

[2026-01-16 04:39:12] [20 MB] [chunked_processor] get_job called
    DATA: Array
(
    [job_id] => 5e2a0ec2-ab82-4013-82c3-a5314d23a330
)

[2026-01-16 04:39:12] [20 MB] [chunked_processor] Transient lookup result
    DATA: Array
(
    [option_name] => speed_backups_job_5e2a0ec2-ab82-4013-82c3-a5314d23a330
    [found] => YES
)

[2026-01-16 04:39:12] [20 MB] [chunked_processor] Job retrieved successfully
    DATA: Array
(
    [status] => running
    [type] => backup
)

[2026-01-16 04:39:12] [20 MB] [chunked_processor] get_job called
    DATA: Array
(
    [job_id] => 5e2a0ec2-ab82-4013-82c3-a5314d23a330
)

[2026-01-16 04:39:12] [20 MB] [chunked_processor] Transient lookup result
    DATA: Array
(
    [option_name] => speed_backups_job_5e2a0ec2-ab82-4013-82c3-a5314d23a330
    [found] => YES
)

[2026-01-16 04:39:12] [20 MB] [chunked_processor] Job retrieved successfully
    DATA: Array
(
    [status] => running
    [type] => backup
)

[2026-01-16 04:39:12] [20 MB] [chunked_processor] save_job called
    DATA: Array
(
    [job_id] => 5e2a0ec2-ab82-4013-82c3-a5314d23a330
    [status] => running
)

[2026-01-16 04:39:12] [20 MB] [chunked_processor] Transient save result
    DATA: Array
(
    [option_name] => speed_backups_job_5e2a0ec2-ab82-4013-82c3-a5314d23a330
    [success] => YES
)

[2026-01-16 04:39:12] [20 MB] [chunked_processor] Option save result
    DATA: Array
(
    [option_name] => speed_backups_job_5e2a0ec2-ab82-4013-82c3-a5314d23a330
    [success] => YES
)

[2026-01-16 04:39:12] [20 MB] [chunked_processor] Save verification (direct DB)
    DATA: Array
(
    [verified] => YES
)

[2026-01-16 04:39:12] [22 MB] [chunked_processor] get_job called
    DATA: Array
(
    [job_id] => 5e2a0ec2-ab82-4013-82c3-a5314d23a330
)

[2026-01-16 04:39:12] [22 MB] [chunked_processor] Transient lookup result
    DATA: Array
(
    [option_name] => speed_backups_job_5e2a0ec2-ab82-4013-82c3-a5314d23a330
    [found] => YES
)

[2026-01-16 04:39:12] [22 MB] [chunked_processor] Job retrieved successfully
    DATA: Array
(
    [status] => running
    [type] => backup
)

[2026-01-16 04:39:12] [22 MB] [chunked_processor] save_job called
    DATA: Array
(
    [job_id] => 5e2a0ec2-ab82-4013-82c3-a5314d23a330
    [status] => running
)

[2026-01-16 04:39:12] [22 MB] [chunked_processor] Transient save result
    DATA: Array
(
    [option_name] => speed_backups_job_5e2a0ec2-ab82-4013-82c3-a5314d23a330
    [success] => YES
)

[2026-01-16 04:39:12] [22 MB] [chunked_processor] Option save result
    DATA: Array
(
    [option_name] => speed_backups_job_5e2a0ec2-ab82-4013-82c3-a5314d23a330
    [success] => YES
)

[2026-01-16 04:39:12] [22 MB] [chunked_processor] Save verification (direct DB)
    DATA: Array
(
    [verified] => YES
)

[2026-01-16 04:39:12] [22 MB] [chunked_processor] get_job called
    DATA: Array
(
    [job_id] => 5e2a0ec2-ab82-4013-82c3-a5314d23a330
)

[2026-01-16 04:39:12] [22 MB] [chunked_processor] Transient lookup result
    DATA: Array
(
    [option_name] => speed_backups_job_5e2a0ec2-ab82-4013-82c3-a5314d23a330
    [found] => YES
)

[2026-01-16 04:39:12] [22 MB] [chunked_processor] Job retrieved successfully
    DATA: Array
(
    [status] => running
    [type] => backup
)

[2026-01-16 04:39:12] [22 MB] [chunked_processor] get_job called
    DATA: Array
(
    [job_id] => 5e2a0ec2-ab82-4013-82c3-a5314d23a330
)

[2026-01-16 04:39:12] [22 MB] [chunked_processor] Transient lookup result
    DATA: Array
(
    [option_name] => speed_backups_job_5e2a0ec2-ab82-4013-82c3-a5314d23a330
    [found] => YES
)

[2026-01-16 04:39:12] [22 MB] [chunked_processor] Job retrieved successfully
    DATA: Array
(
    [status] => running
    [type] => backup
)

[2026-01-16 04:39:13] [26 MB] [ERROR_HANDLER] PHP error handlers registered
[2026-01-16 04:39:13] [26 MB] [chunked_processor] get_job called
    DATA: Array
(
    [job_id] => 5e2a0ec2-ab82-4013-82c3-a5314d23a330
)

[2026-01-16 04:39:13] [26 MB] [chunked_processor] Transient lookup result
    DATA: Array
(
    [option_name] => speed_backups_job_5e2a0ec2-ab82-4013-82c3-a5314d23a330
    [found] => YES
)

[2026-01-16 04:39:13] [26 MB] [chunked_processor] Job retrieved successfully
    DATA: Array
(
    [status] => running
    [type] => backup
)

[2026-01-16 04:39:13] [26 MB] [chunked_processor] get_job called
    DATA: Array
(
    [job_id] => 5e2a0ec2-ab82-4013-82c3-a5314d23a330
)

[2026-01-16 04:39:13] [26 MB] [chunked_processor] Transient lookup result
    DATA: Array
(
    [option_name] => speed_backups_job_5e2a0ec2-ab82-4013-82c3-a5314d23a330
    [found] => YES
)

[2026-01-16 04:39:13] [26 MB] [chunked_processor] Job retrieved successfully
    DATA: Array
(
    [status] => running
    [type] => backup
)

[2026-01-16 04:39:13] [26 MB] [chunked_processor] get_job called
    DATA: Array
(
    [job_id] => 5e2a0ec2-ab82-4013-82c3-a5314d23a330
)

[2026-01-16 04:39:13] [26 MB] [chunked_processor] Transient lookup result
    DATA: Array
(
    [option_name] => speed_backups_job_5e2a0ec2-ab82-4013-82c3-a5314d23a330
    [found] => YES
)

[2026-01-16 04:39:13] [26 MB] [chunked_processor] Job retrieved successfully
    DATA: Array
(
    [status] => running
    [type] => backup
)

[2026-01-16 04:39:13] [26 MB] [chunked_processor] save_job called
    DATA: Array
(
    [job_id] => 5e2a0ec2-ab82-4013-82c3-a5314d23a330
    [status] => running
)

[2026-01-16 04:39:13] [26 MB] [chunked_processor] Transient save result
    DATA: Array
(
    [option_name] => speed_backups_job_5e2a0ec2-ab82-4013-82c3-a5314d23a330
    [success] => YES
)

[2026-01-16 04:39:13] [26 MB] [chunked_processor] Option save result
    DATA: Array
(
    [option_name] => speed_backups_job_5e2a0ec2-ab82-4013-82c3-a5314d23a330
    [success] => YES
)

[2026-01-16 04:39:13] [26 MB] [chunked_processor] Save verification (direct DB)
    DATA: Array
(
    [verified] => YES
)

[2026-01-16 04:39:13] [26 MB] [chunked_processor] get_job called
    DATA: Array
(
    [job_id] => 5e2a0ec2-ab82-4013-82c3-a5314d23a330
)

[2026-01-16 04:39:13] [26 MB] [chunked_processor] Transient lookup result
    DATA: Array
(
    [option_name] => speed_backups_job_5e2a0ec2-ab82-4013-82c3-a5314d23a330
    [found] => YES
)

[2026-01-16 04:39:13] [26 MB] [chunked_processor] Job retrieved successfully
    DATA: Array
(
    [status] => running
    [type] => backup
)

[2026-01-16 04:39:13] [26 MB] [chunked_processor] save_job called
    DATA: Array
(
    [job_id] => 5e2a0ec2-ab82-4013-82c3-a5314d23a330
    [status] => running
)

[2026-01-16 04:39:13] [26 MB] [chunked_processor] Transient save result
    DATA: Array
(
    [option_name] => speed_backups_job_5e2a0ec2-ab82-4013-82c3-a5314d23a330
    [success] => YES
)

[2026-01-16 04:39:13] [26 MB] [chunked_processor] Option save result
    DATA: Array
(
    [option_name] => speed_backups_job_5e2a0ec2-ab82-4013-82c3-a5314d23a330
    [success] => YES
)

[2026-01-16 04:39:13] [26 MB] [chunked_processor] Save verification (direct DB)
    DATA: Array
(
    [verified] => YES
)

[2026-01-16 04:39:13] [26 MB] [chunked_processor] get_job called
    DATA: Array
(
    [job_id] => 5e2a0ec2-ab82-4013-82c3-a5314d23a330
)

[2026-01-16 04:39:13] [26 MB] [chunked_processor] Transient lookup result
    DATA: Array
(
    [option_name] => speed_backups_job_5e2a0ec2-ab82-4013-82c3-a5314d23a330
    [found] => YES
)

[2026-01-16 04:39:13] [26 MB] [chunked_processor] Job retrieved successfully
    DATA: Array
(
    [status] => running
    [type] => backup
)

[2026-01-16 04:39:13] [26 MB] [chunked_processor] get_job called
    DATA: Array
(
    [job_id] => 5e2a0ec2-ab82-4013-82c3-a5314d23a330
)

[2026-01-16 04:39:13] [26 MB] [chunked_processor] Transient lookup result
    DATA: Array
(
    [option_name] => speed_backups_job_5e2a0ec2-ab82-4013-82c3-a5314d23a330
    [found] => YES
)

[2026-01-16 04:39:13] [26 MB] [chunked_processor] Job retrieved successfully
    DATA: Array
(
    [status] => running
    [type] => backup
)

[2026-01-16 04:39:13] [24 MB] [ERROR_HANDLER] PHP error handlers registered
[2026-01-16 04:39:14] [24 MB] [chunked_processor] get_job called
    DATA: Array
(
    [job_id] => 5e2a0ec2-ab82-4013-82c3-a5314d23a330
)

[2026-01-16 04:39:14] [24 MB] [chunked_processor] Transient lookup result
    DATA: Array
(
    [option_name] => speed_backups_job_5e2a0ec2-ab82-4013-82c3-a5314d23a330
    [found] => YES
)

[2026-01-16 04:39:14] [24 MB] [chunked_processor] Job retrieved successfully
    DATA: Array
(
    [status] => running
    [type] => backup
)

[2026-01-16 04:39:14] [24 MB] [chunked_processor] get_job called
    DATA: Array
(
    [job_id] => 5e2a0ec2-ab82-4013-82c3-a5314d23a330
)

[2026-01-16 04:39:14] [24 MB] [chunked_processor] Transient lookup result
    DATA: Array
(
    [option_name] => speed_backups_job_5e2a0ec2-ab82-4013-82c3-a5314d23a330
    [found] => YES
)

[2026-01-16 04:39:14] [24 MB] [chunked_processor] Job retrieved successfully
    DATA: Array
(
    [status] => running
    [type] => backup
)

[2026-01-16 04:39:14] [24 MB] [chunked_processor] get_job called
    DATA: Array
(
    [job_id] => 5e2a0ec2-ab82-4013-82c3-a5314d23a330
)

[2026-01-16 04:39:14] [24 MB] [chunked_processor] Transient lookup result
    DATA: Array
(
    [option_name] => speed_backups_job_5e2a0ec2-ab82-4013-82c3-a5314d23a330
    [found] => YES
)

[2026-01-16 04:39:14] [24 MB] [chunked_processor] Job retrieved successfully
    DATA: Array
(
    [status] => running
    [type] => backup
)

[2026-01-16 04:39:14] [24 MB] [chunked_processor] save_job called
    DATA: Array
(
    [job_id] => 5e2a0ec2-ab82-4013-82c3-a5314d23a330
    [status] => running
)

[2026-01-16 04:39:14] [24 MB] [chunked_processor] Transient save result
    DATA: Array
(
    [option_name] => speed_backups_job_5e2a0ec2-ab82-4013-82c3-a5314d23a330
    [success] => YES
)

[2026-01-16 04:39:14] [24 MB] [chunked_processor] Option save result
    DATA: Array
(
    [option_name] => speed_backups_job_5e2a0ec2-ab82-4013-82c3-a5314d23a330
    [success] => YES
)

[2026-01-16 04:39:14] [24 MB] [chunked_processor] Save verification (direct DB)
    DATA: Array
(
    [verified] => YES
)

[2026-01-16 04:39:17] [26 MB] [chunked_processor] get_job called
    DATA: Array
(
    [job_id] => 5e2a0ec2-ab82-4013-82c3-a5314d23a330
)

[2026-01-16 04:39:17] [26 MB] [chunked_processor] Transient lookup result
    DATA: Array
(
    [option_name] => speed_backups_job_5e2a0ec2-ab82-4013-82c3-a5314d23a330
    [found] => YES
)

[2026-01-16 04:39:17] [26 MB] [chunked_processor] Job retrieved successfully
    DATA: Array
(
    [status] => running
    [type] => backup
)

[2026-01-16 04:39:17] [26 MB] [chunked_processor] save_job called
    DATA: Array
(
    [job_id] => 5e2a0ec2-ab82-4013-82c3-a5314d23a330
    [status] => running
)

[2026-01-16 04:39:17] [26 MB] [chunked_processor] Transient save result
    DATA: Array
(
    [option_name] => speed_backups_job_5e2a0ec2-ab82-4013-82c3-a5314d23a330
    [success] => YES
)

[2026-01-16 04:39:17] [26 MB] [chunked_processor] Option save result
    DATA: Array
(
    [option_name] => speed_backups_job_5e2a0ec2-ab82-4013-82c3-a5314d23a330
    [success] => YES
)

[2026-01-16 04:39:17] [26 MB] [chunked_processor] Save verification (direct DB)
    DATA: Array
(
    [verified] => YES
)

[2026-01-16 04:39:17] [26 MB] [chunked_processor] get_job called
    DATA: Array
(
    [job_id] => 5e2a0ec2-ab82-4013-82c3-a5314d23a330
)

[2026-01-16 04:39:17] [26 MB] [chunked_processor] Transient lookup result
    DATA: Array
(
    [option_name] => speed_backups_job_5e2a0ec2-ab82-4013-82c3-a5314d23a330
    [found] => YES
)

[2026-01-16 04:39:17] [26 MB] [chunked_processor] Job retrieved successfully
    DATA: Array
(
    [status] => running
    [type] => backup
)

[2026-01-16 04:39:17] [26 MB] [chunked_processor] get_job called
    DATA: Array
(
    [job_id] => 5e2a0ec2-ab82-4013-82c3-a5314d23a330
)

[2026-01-16 04:39:17] [26 MB] [chunked_processor] Transient lookup result
    DATA: Array
(
    [option_name] => speed_backups_job_5e2a0ec2-ab82-4013-82c3-a5314d23a330
    [found] => YES
)

[2026-01-16 04:39:17] [26 MB] [chunked_processor] Job retrieved successfully
    DATA: Array
(
    [status] => running
    [type] => backup
)

[2026-01-16 04:39:18] [22 MB] [ERROR_HANDLER] PHP error handlers registered
[2026-01-16 04:39:18] [22 MB] [chunked_processor] get_job called
    DATA: Array
(
    [job_id] => 5e2a0ec2-ab82-4013-82c3-a5314d23a330
)

[2026-01-16 04:39:18] [22 MB] [chunked_processor] Transient lookup result
    DATA: Array
(
    [option_name] => speed_backups_job_5e2a0ec2-ab82-4013-82c3-a5314d23a330
    [found] => YES
)

[2026-01-16 04:39:18] [22 MB] [chunked_processor] Job retrieved successfully
    DATA: Array
(
    [status] => running
    [type] => backup
)

[2026-01-16 04:39:18] [22 MB] [chunked_processor] get_job called
    DATA: Array
(
    [job_id] => 5e2a0ec2-ab82-4013-82c3-a5314d23a330
)

[2026-01-16 04:39:18] [22 MB] [chunked_processor] Transient lookup result
    DATA: Array
(
    [option_name] => speed_backups_job_5e2a0ec2-ab82-4013-82c3-a5314d23a330
    [found] => YES
)

[2026-01-16 04:39:18] [22 MB] [chunked_processor] Job retrieved successfully
    DATA: Array
(
    [status] => running
    [type] => backup
)

[2026-01-16 04:39:18] [22 MB] [chunked_processor] get_job called
    DATA: Array
(
    [job_id] => 5e2a0ec2-ab82-4013-82c3-a5314d23a330
)

[2026-01-16 04:39:18] [22 MB] [chunked_processor] Transient lookup result
    DATA: Array
(
    [option_name] => speed_backups_job_5e2a0ec2-ab82-4013-82c3-a5314d23a330
    [found] => YES
)

[2026-01-16 04:39:18] [22 MB] [chunked_processor] Job retrieved successfully
    DATA: Array
(
    [status] => running
    [type] => backup
)

[2026-01-16 04:39:18] [22 MB] [chunked_processor] save_job called
    DATA: Array
(
    [job_id] => 5e2a0ec2-ab82-4013-82c3-a5314d23a330
    [status] => running
)

[2026-01-16 04:39:18] [22 MB] [chunked_processor] Transient save result
    DATA: Array
(
    [option_name] => speed_backups_job_5e2a0ec2-ab82-4013-82c3-a5314d23a330
    [success] => YES
)

[2026-01-16 04:39:18] [22 MB] [chunked_processor] Option save result
    DATA: Array
(
    [option_name] => speed_backups_job_5e2a0ec2-ab82-4013-82c3-a5314d23a330
    [success] => YES
)

[2026-01-16 04:39:18] [22 MB] [chunked_processor] Save verification (direct DB)
    DATA: Array
(
    [verified] => YES
)

[2026-01-16 04:39:20] [24 MB] [chunked_processor] get_job called
    DATA: Array
(
    [job_id] => 5e2a0ec2-ab82-4013-82c3-a5314d23a330
)

[2026-01-16 04:39:20] [24 MB] [chunked_processor] Transient lookup result
    DATA: Array
(
    [option_name] => speed_backups_job_5e2a0ec2-ab82-4013-82c3-a5314d23a330
    [found] => YES
)

[2026-01-16 04:39:20] [24 MB] [chunked_processor] Job retrieved successfully
    DATA: Array
(
    [status] => running
    [type] => backup
)

[2026-01-16 04:39:20] [24 MB] [chunked_processor] save_job called
    DATA: Array
(
    [job_id] => 5e2a0ec2-ab82-4013-82c3-a5314d23a330
    [status] => running
)

[2026-01-16 04:39:20] [24 MB] [chunked_processor] Transient save result
    DATA: Array
(
    [option_name] => speed_backups_job_5e2a0ec2-ab82-4013-82c3-a5314d23a330
    [success] => YES
)

[2026-01-16 04:39:20] [24 MB] [chunked_processor] Option save result
    DATA: Array
(
    [option_name] => speed_backups_job_5e2a0ec2-ab82-4013-82c3-a5314d23a330
    [success] => YES
)

[2026-01-16 04:39:20] [24 MB] [chunked_processor] Save verification (direct DB)
    DATA: Array
(
    [verified] => YES
)

[2026-01-16 04:39:20] [24 MB] [chunked_processor] get_job called
    DATA: Array
(
    [job_id] => 5e2a0ec2-ab82-4013-82c3-a5314d23a330
)

[2026-01-16 04:39:20] [24 MB] [chunked_processor] Transient lookup result
    DATA: Array
(
    [option_name] => speed_backups_job_5e2a0ec2-ab82-4013-82c3-a5314d23a330
    [found] => YES
)

[2026-01-16 04:39:20] [24 MB] [chunked_processor] Job retrieved successfully
    DATA: Array
(
    [status] => running
    [type] => backup
)

[2026-01-16 04:39:20] [24 MB] [chunked_processor] get_job called
    DATA: Array
(
    [job_id] => 5e2a0ec2-ab82-4013-82c3-a5314d23a330
)

[2026-01-16 04:39:20] [24 MB] [chunked_processor] Transient lookup result
    DATA: Array
(
    [option_name] => speed_backups_job_5e2a0ec2-ab82-4013-82c3-a5314d23a330
    [found] => YES
)

[2026-01-16 04:39:20] [24 MB] [chunked_processor] Job retrieved successfully
    DATA: Array
(
    [status] => running
    [type] => backup
)

[2026-01-16 04:39:21] [24 MB] [ERROR_HANDLER] PHP error handlers registered
[2026-01-16 04:39:21] [24 MB] [chunked_processor] get_job called
    DATA: Array
(
    [job_id] => 5e2a0ec2-ab82-4013-82c3-a5314d23a330
)

[2026-01-16 04:39:21] [24 MB] [chunked_processor] Transient lookup result
    DATA: Array
(
    [option_name] => speed_backups_job_5e2a0ec2-ab82-4013-82c3-a5314d23a330
    [found] => YES
)

[2026-01-16 04:39:21] [24 MB] [chunked_processor] Job retrieved successfully
    DATA: Array
(
    [status] => running
    [type] => backup
)

[2026-01-16 04:39:21] [24 MB] [chunked_processor] get_job called
    DATA: Array
(
    [job_id] => 5e2a0ec2-ab82-4013-82c3-a5314d23a330
)

[2026-01-16 04:39:21] [24 MB] [chunked_processor] Transient lookup result
    DATA: Array
(
    [option_name] => speed_backups_job_5e2a0ec2-ab82-4013-82c3-a5314d23a330
    [found] => YES
)

[2026-01-16 04:39:21] [24 MB] [chunked_processor] Job retrieved successfully
    DATA: Array
(
    [status] => running
    [type] => backup
)

[2026-01-16 04:39:21] [24 MB] [chunked_processor] get_job called
    DATA: Array
(
    [job_id] => 5e2a0ec2-ab82-4013-82c3-a5314d23a330
)

[2026-01-16 04:39:21] [24 MB] [chunked_processor] Transient lookup result
    DATA: Array
(
    [option_name] => speed_backups_job_5e2a0ec2-ab82-4013-82c3-a5314d23a330
    [found] => YES
)

[2026-01-16 04:39:21] [24 MB] [chunked_processor] Job retrieved successfully
    DATA: Array
(
    [status] => running
    [type] => backup
)

[2026-01-16 04:39:21] [24 MB] [chunked_processor] save_job called
    DATA: Array
(
    [job_id] => 5e2a0ec2-ab82-4013-82c3-a5314d23a330
    [status] => running
)

[2026-01-16 04:39:21] [24 MB] [chunked_processor] Transient save result
    DATA: Array
(
    [option_name] => speed_backups_job_5e2a0ec2-ab82-4013-82c3-a5314d23a330
    [success] => YES
)

[2026-01-16 04:39:21] [24 MB] [chunked_processor] Option save result
    DATA: Array
(
    [option_name] => speed_backups_job_5e2a0ec2-ab82-4013-82c3-a5314d23a330
    [success] => YES
)

[2026-01-16 04:39:21] [24 MB] [chunked_processor] Save verification (direct DB)
    DATA: Array
(
    [verified] => YES
)

[2026-01-16 04:39:21] [26 MB] [chunked_processor] get_job called
    DATA: Array
(
    [job_id] => 5e2a0ec2-ab82-4013-82c3-a5314d23a330
)

[2026-01-16 04:39:21] [26 MB] [chunked_processor] Transient lookup result
    DATA: Array
(
    [option_name] => speed_backups_job_5e2a0ec2-ab82-4013-82c3-a5314d23a330
    [found] => YES
)

[2026-01-16 04:39:21] [26 MB] [chunked_processor] Job retrieved successfully
    DATA: Array
(
    [status] => running
    [type] => backup
)

[2026-01-16 04:39:21] [26 MB] [chunked_processor] save_job called
    DATA: Array
(
    [job_id] => 5e2a0ec2-ab82-4013-82c3-a5314d23a330
    [status] => running
)

[2026-01-16 04:39:21] [26 MB] [chunked_processor] Transient save result
    DATA: Array
(
    [option_name] => speed_backups_job_5e2a0ec2-ab82-4013-82c3-a5314d23a330
    [success] => YES
)

[2026-01-16 04:39:21] [26 MB] [chunked_processor] Option save result
    DATA: Array
(
    [option_name] => speed_backups_job_5e2a0ec2-ab82-4013-82c3-a5314d23a330
    [success] => YES
)

[2026-01-16 04:39:21] [26 MB] [chunked_processor] Save verification (direct DB)
    DATA: Array
(
    [verified] => YES
)

[2026-01-16 04:39:21] [26 MB] [chunked_processor] get_job called
    DATA: Array
(
    [job_id] => 5e2a0ec2-ab82-4013-82c3-a5314d23a330
)

[2026-01-16 04:39:21] [26 MB] [chunked_processor] Transient lookup result
    DATA: Array
(
    [option_name] => speed_backups_job_5e2a0ec2-ab82-4013-82c3-a5314d23a330
    [found] => YES
)

[2026-01-16 04:39:21] [26 MB] [chunked_processor] Job retrieved successfully
    DATA: Array
(
    [status] => running
    [type] => backup
)

[2026-01-16 04:39:21] [26 MB] [chunked_processor] get_job called
    DATA: Array
(
    [job_id] => 5e2a0ec2-ab82-4013-82c3-a5314d23a330
)

[2026-01-16 04:39:21] [26 MB] [chunked_processor] Transient lookup result
    DATA: Array
(
    [option_name] => speed_backups_job_5e2a0ec2-ab82-4013-82c3-a5314d23a330
    [found] => YES
)

[2026-01-16 04:39:21] [26 MB] [chunked_processor] Job retrieved successfully
    DATA: Array
(
    [status] => running
    [type] => backup
)

[2026-01-16 04:39:22] [24 MB] [ERROR_HANDLER] PHP error handlers registered
[2026-01-16 04:39:22] [24 MB] [chunked_processor] get_job called
    DATA: Array
(
    [job_id] => 5e2a0ec2-ab82-4013-82c3-a5314d23a330
)

[2026-01-16 04:39:22] [24 MB] [chunked_processor] Transient lookup result
    DATA: Array
(
    [option_name] => speed_backups_job_5e2a0ec2-ab82-4013-82c3-a5314d23a330
    [found] => YES
)

[2026-01-16 04:39:22] [24 MB] [chunked_processor] Job retrieved successfully
    DATA: Array
(
    [status] => running
    [type] => backup
)

[2026-01-16 04:39:22] [24 MB] [chunked_processor] get_job called
    DATA: Array
(
    [job_id] => 5e2a0ec2-ab82-4013-82c3-a5314d23a330
)

[2026-01-16 04:39:22] [24 MB] [chunked_processor] Transient lookup result
    DATA: Array
(
    [option_name] => speed_backups_job_5e2a0ec2-ab82-4013-82c3-a5314d23a330
    [found] => YES
)

[2026-01-16 04:39:22] [24 MB] [chunked_processor] Job retrieved successfully
    DATA: Array
(
    [status] => running
    [type] => backup
)

[2026-01-16 04:39:22] [24 MB] [chunked_processor] get_job called
    DATA: Array
(
    [job_id] => 5e2a0ec2-ab82-4013-82c3-a5314d23a330
)

[2026-01-16 04:39:22] [24 MB] [chunked_processor] Transient lookup result
    DATA: Array
(
    [option_name] => speed_backups_job_5e2a0ec2-ab82-4013-82c3-a5314d23a330
    [found] => YES
)

[2026-01-16 04:39:22] [24 MB] [chunked_processor] Job retrieved successfully
    DATA: Array
(
    [status] => running
    [type] => backup
)

[2026-01-16 04:39:22] [24 MB] [chunked_processor] save_job called
    DATA: Array
(
    [job_id] => 5e2a0ec2-ab82-4013-82c3-a5314d23a330
    [status] => running
)

[2026-01-16 04:39:22] [24 MB] [chunked_processor] Transient save result
    DATA: Array
(
    [option_name] => speed_backups_job_5e2a0ec2-ab82-4013-82c3-a5314d23a330
    [success] => YES
)

[2026-01-16 04:39:22] [24 MB] [chunked_processor] Option save result
    DATA: Array
(
    [option_name] => speed_backups_job_5e2a0ec2-ab82-4013-82c3-a5314d23a330
    [success] => YES
)

[2026-01-16 04:39:22] [24 MB] [chunked_processor] Save verification (direct DB)
    DATA: Array
(
    [verified] => YES
)

[2026-01-16 04:39:22] [24 MB] [chunked_processor] get_job called
    DATA: Array
(
    [job_id] => 5e2a0ec2-ab82-4013-82c3-a5314d23a330
)

[2026-01-16 04:39:22] [24 MB] [chunked_processor] Transient lookup result
    DATA: Array
(
    [option_name] => speed_backups_job_5e2a0ec2-ab82-4013-82c3-a5314d23a330
    [found] => YES
)

[2026-01-16 04:39:22] [24 MB] [chunked_processor] Job retrieved successfully
    DATA: Array
(
    [status] => running
    [type] => backup
)

[2026-01-16 04:39:22] [24 MB] [chunked_processor] save_job called
    DATA: Array
(
    [job_id] => 5e2a0ec2-ab82-4013-82c3-a5314d23a330
    [status] => running
)

[2026-01-16 04:39:22] [24 MB] [chunked_processor] Transient save result
    DATA: Array
(
    [option_name] => speed_backups_job_5e2a0ec2-ab82-4013-82c3-a5314d23a330
    [success] => YES
)

[2026-01-16 04:39:22] [24 MB] [chunked_processor] Option save result
    DATA: Array
(
    [option_name] => speed_backups_job_5e2a0ec2-ab82-4013-82c3-a5314d23a330
    [success] => YES
)

[2026-01-16 04:39:22] [24 MB] [chunked_processor] Save verification (direct DB)
    DATA: Array
(
    [verified] => YES
)

[2026-01-16 04:39:22] [24 MB] [chunked_processor] get_job called
    DATA: Array
(
    [job_id] => 5e2a0ec2-ab82-4013-82c3-a5314d23a330
)

[2026-01-16 04:39:22] [24 MB] [chunked_processor] Transient lookup result
    DATA: Array
(
    [option_name] => speed_backups_job_5e2a0ec2-ab82-4013-82c3-a5314d23a330
    [found] => YES
)

[2026-01-16 04:39:22] [24 MB] [chunked_processor] Job retrieved successfully
    DATA: Array
(
    [status] => running
    [type] => backup
)

[2026-01-16 04:39:22] [24 MB] [chunked_processor] get_job called
    DATA: Array
(
    [job_id] => 5e2a0ec2-ab82-4013-82c3-a5314d23a330
)

[2026-01-16 04:39:22] [24 MB] [chunked_processor] Transient lookup result
    DATA: Array
(
    [option_name] => speed_backups_job_5e2a0ec2-ab82-4013-82c3-a5314d23a330
    [found] => YES
)

[2026-01-16 04:39:22] [24 MB] [chunked_processor] Job retrieved successfully
    DATA: Array
(
    [status] => running
    [type] => backup
)

[2026-01-16 04:39:22] [22 MB] [ERROR_HANDLER] PHP error handlers registered
[2026-01-16 04:39:22] [22 MB] [chunked_processor] get_job called
    DATA: Array
(
    [job_id] => 5e2a0ec2-ab82-4013-82c3-a5314d23a330
)

[2026-01-16 04:39:22] [22 MB] [chunked_processor] Transient lookup result
    DATA: Array
(
    [option_name] => speed_backups_job_5e2a0ec2-ab82-4013-82c3-a5314d23a330
    [found] => YES
)

[2026-01-16 04:39:22] [22 MB] [chunked_processor] Job retrieved successfully
    DATA: Array
(
    [status] => running
    [type] => backup
)

[2026-01-16 04:39:22] [22 MB] [chunked_processor] get_job called
    DATA: Array
(
    [job_id] => 5e2a0ec2-ab82-4013-82c3-a5314d23a330
)

[2026-01-16 04:39:22] [22 MB] [chunked_processor] Transient lookup result
    DATA: Array
(
    [option_name] => speed_backups_job_5e2a0ec2-ab82-4013-82c3-a5314d23a330
    [found] => YES
)

[2026-01-16 04:39:22] [22 MB] [chunked_processor] Job retrieved successfully
    DATA: Array
(
    [status] => running
    [type] => backup
)

[2026-01-16 04:39:23] [22 MB] [chunked_processor] get_job called
    DATA: Array
(
    [job_id] => 5e2a0ec2-ab82-4013-82c3-a5314d23a330
)

[2026-01-16 04:39:23] [22 MB] [chunked_processor] Transient lookup result
    DATA: Array
(
    [option_name] => speed_backups_job_5e2a0ec2-ab82-4013-82c3-a5314d23a330
    [found] => YES
)

[2026-01-16 04:39:23] [22 MB] [chunked_processor] Job retrieved successfully
    DATA: Array
(
    [status] => running
    [type] => backup
)

[2026-01-16 04:39:23] [22 MB] [chunked_processor] save_job called
    DATA: Array
(
    [job_id] => 5e2a0ec2-ab82-4013-82c3-a5314d23a330
    [status] => running
)

[2026-01-16 04:39:23] [22 MB] [chunked_processor] Transient save result
    DATA: Array
(
    [option_name] => speed_backups_job_5e2a0ec2-ab82-4013-82c3-a5314d23a330
    [success] => YES
)

[2026-01-16 04:39:23] [22 MB] [chunked_processor] Option save result
    DATA: Array
(
    [option_name] => speed_backups_job_5e2a0ec2-ab82-4013-82c3-a5314d23a330
    [success] => YES
)

[2026-01-16 04:39:23] [22 MB] [chunked_processor] Save verification (direct DB)
    DATA: Array
(
    [verified] => YES
)

[2026-01-16 04:39:23] [24 MB] [chunked_processor] get_job called
    DATA: Array
(
    [job_id] => 5e2a0ec2-ab82-4013-82c3-a5314d23a330
)

[2026-01-16 04:39:23] [24 MB] [chunked_processor] Transient lookup result
    DATA: Array
(
    [option_name] => speed_backups_job_5e2a0ec2-ab82-4013-82c3-a5314d23a330
    [found] => YES
)

[2026-01-16 04:39:23] [24 MB] [chunked_processor] Job retrieved successfully
    DATA: Array
(
    [status] => running
    [type] => backup
)

[2026-01-16 04:39:23] [24 MB] [chunked_processor] save_job called
    DATA: Array
(
    [job_id] => 5e2a0ec2-ab82-4013-82c3-a5314d23a330
    [status] => running
)

[2026-01-16 04:39:23] [24 MB] [chunked_processor] Transient save result
    DATA: Array
(
    [option_name] => speed_backups_job_5e2a0ec2-ab82-4013-82c3-a5314d23a330
    [success] => YES
)

[2026-01-16 04:39:23] [24 MB] [chunked_processor] Option save result
    DATA: Array
(
    [option_name] => speed_backups_job_5e2a0ec2-ab82-4013-82c3-a5314d23a330
    [success] => YES
)

[2026-01-16 04:39:23] [24 MB] [chunked_processor] Save verification (direct DB)
    DATA: Array
(
    [verified] => YES
)

[2026-01-16 04:39:23] [24 MB] [chunked_processor] get_job called
    DATA: Array
(
    [job_id] => 5e2a0ec2-ab82-4013-82c3-a5314d23a330
)

[2026-01-16 04:39:23] [24 MB] [chunked_processor] Transient lookup result
    DATA: Array
(
    [option_name] => speed_backups_job_5e2a0ec2-ab82-4013-82c3-a5314d23a330
    [found] => YES
)

[2026-01-16 04:39:23] [24 MB] [chunked_processor] Job retrieved successfully
    DATA: Array
(
    [status] => running
    [type] => backup
)

[2026-01-16 04:39:23] [24 MB] [chunked_processor] get_job called
    DATA: Array
(
    [job_id] => 5e2a0ec2-ab82-4013-82c3-a5314d23a330
)

[2026-01-16 04:39:23] [24 MB] [chunked_processor] Transient lookup result
    DATA: Array
(
    [option_name] => speed_backups_job_5e2a0ec2-ab82-4013-82c3-a5314d23a330
    [found] => YES
)

[2026-01-16 04:39:23] [24 MB] [chunked_processor] Job retrieved successfully
    DATA: Array
(
    [status] => running
    [type] => backup
)

[2026-01-16 04:39:23] [24 MB] [ERROR_HANDLER] PHP error handlers registered
[2026-01-16 04:39:23] [24 MB] [chunked_processor] get_job called
    DATA: Array
(
    [job_id] => 5e2a0ec2-ab82-4013-82c3-a5314d23a330
)

[2026-01-16 04:39:23] [24 MB] [chunked_processor] Transient lookup result
    DATA: Array
(
    [option_name] => speed_backups_job_5e2a0ec2-ab82-4013-82c3-a5314d23a330
    [found] => YES
)

[2026-01-16 04:39:23] [24 MB] [chunked_processor] Job retrieved successfully
    DATA: Array
(
    [status] => running
    [type] => backup
)

[2026-01-16 04:39:23] [24 MB] [chunked_processor] get_job called
    DATA: Array
(
    [job_id] => 5e2a0ec2-ab82-4013-82c3-a5314d23a330
)

[2026-01-16 04:39:23] [24 MB] [chunked_processor] Transient lookup result
    DATA: Array
(
    [option_name] => speed_backups_job_5e2a0ec2-ab82-4013-82c3-a5314d23a330
    [found] => YES
)

[2026-01-16 04:39:23] [24 MB] [chunked_processor] Job retrieved successfully
    DATA: Array
(
    [status] => running
    [type] => backup
)

[2026-01-16 04:39:23] [24 MB] [chunked_processor] get_job called
    DATA: Array
(
    [job_id] => 5e2a0ec2-ab82-4013-82c3-a5314d23a330
)

[2026-01-16 04:39:23] [24 MB] [chunked_processor] Transient lookup result
    DATA: Array
(
    [option_name] => speed_backups_job_5e2a0ec2-ab82-4013-82c3-a5314d23a330
    [found] => YES
)

[2026-01-16 04:39:23] [24 MB] [chunked_processor] Job retrieved successfully
    DATA: Array
(
    [status] => running
    [type] => backup
)

[2026-01-16 04:39:23] [24 MB] [chunked_processor] save_job called
    DATA: Array
(
    [job_id] => 5e2a0ec2-ab82-4013-82c3-a5314d23a330
    [status] => running
)

[2026-01-16 04:39:23] [24 MB] [chunked_processor] Transient save result
    DATA: Array
(
    [option_name] => speed_backups_job_5e2a0ec2-ab82-4013-82c3-a5314d23a330
    [success] => YES
)

[2026-01-16 04:39:23] [24 MB] [chunked_processor] Option save result
    DATA: Array
(
    [option_name] => speed_backups_job_5e2a0ec2-ab82-4013-82c3-a5314d23a330
    [success] => YES
)

[2026-01-16 04:39:23] [24 MB] [chunked_processor] Save verification (direct DB)
    DATA: Array
(
    [verified] => YES
)

[2026-01-16 04:39:24] [26 MB] [chunked_processor] get_job called
    DATA: Array
(
    [job_id] => 5e2a0ec2-ab82-4013-82c3-a5314d23a330
)

[2026-01-16 04:39:24] [26 MB] [chunked_processor] Transient lookup result
    DATA: Array
(
    [option_name] => speed_backups_job_5e2a0ec2-ab82-4013-82c3-a5314d23a330
    [found] => YES
)

[2026-01-16 04:39:24] [26 MB] [chunked_processor] Job retrieved successfully
    DATA: Array
(
    [status] => running
    [type] => backup
)

[2026-01-16 04:39:24] [26 MB] [chunked_processor] save_job called
    DATA: Array
(
    [job_id] => 5e2a0ec2-ab82-4013-82c3-a5314d23a330
    [status] => running
)

[2026-01-16 04:39:24] [26 MB] [chunked_processor] Transient save result
    DATA: Array
(
    [option_name] => speed_backups_job_5e2a0ec2-ab82-4013-82c3-a5314d23a330
    [success] => YES
)

[2026-01-16 04:39:24] [26 MB] [chunked_processor] Option save result
    DATA: Array
(
    [option_name] => speed_backups_job_5e2a0ec2-ab82-4013-82c3-a5314d23a330
    [success] => YES
)

[2026-01-16 04:39:24] [26 MB] [chunked_processor] Save verification (direct DB)
    DATA: Array
(
    [verified] => YES
)

[2026-01-16 04:39:24] [26 MB] [chunked_processor] get_job called
    DATA: Array
(
    [job_id] => 5e2a0ec2-ab82-4013-82c3-a5314d23a330
)

[2026-01-16 04:39:24] [26 MB] [chunked_processor] Transient lookup result
    DATA: Array
(
    [option_name] => speed_backups_job_5e2a0ec2-ab82-4013-82c3-a5314d23a330
    [found] => YES
)

[2026-01-16 04:39:24] [26 MB] [chunked_processor] Job retrieved successfully
    DATA: Array
(
    [status] => running
    [type] => backup
)

[2026-01-16 04:39:24] [26 MB] [chunked_processor] get_job called
    DATA: Array
(
    [job_id] => 5e2a0ec2-ab82-4013-82c3-a5314d23a330
)

[2026-01-16 04:39:24] [26 MB] [chunked_processor] Transient lookup result
    DATA: Array
(
    [option_name] => speed_backups_job_5e2a0ec2-ab82-4013-82c3-a5314d23a330
    [found] => YES
)

[2026-01-16 04:39:24] [26 MB] [chunked_processor] Job retrieved successfully
    DATA: Array
(
    [status] => running
    [type] => backup
)

[2026-01-16 04:39:24] [22 MB] [ERROR_HANDLER] PHP error handlers registered
[2026-01-16 04:39:24] [22 MB] [chunked_processor] get_job called
    DATA: Array
(
    [job_id] => 5e2a0ec2-ab82-4013-82c3-a5314d23a330
)

[2026-01-16 04:39:24] [22 MB] [chunked_processor] Transient lookup result
    DATA: Array
(
    [option_name] => speed_backups_job_5e2a0ec2-ab82-4013-82c3-a5314d23a330
    [found] => YES
)

[2026-01-16 04:39:24] [22 MB] [chunked_processor] Job retrieved successfully
    DATA: Array
(
    [status] => running
    [type] => backup
)

[2026-01-16 04:39:24] [22 MB] [chunked_processor] get_job called
    DATA: Array
(
    [job_id] => 5e2a0ec2-ab82-4013-82c3-a5314d23a330
)

[2026-01-16 04:39:24] [22 MB] [chunked_processor] Transient lookup result
    DATA: Array
(
    [option_name] => speed_backups_job_5e2a0ec2-ab82-4013-82c3-a5314d23a330
    [found] => YES
)

[2026-01-16 04:39:24] [22 MB] [chunked_processor] Job retrieved successfully
    DATA: Array
(
    [status] => running
    [type] => backup
)

[2026-01-16 04:39:24] [22 MB] [chunked_processor] get_job called
    DATA: Array
(
    [job_id] => 5e2a0ec2-ab82-4013-82c3-a5314d23a330
)

[2026-01-16 04:39:24] [22 MB] [chunked_processor] Transient lookup result
    DATA: Array
(
    [option_name] => speed_backups_job_5e2a0ec2-ab82-4013-82c3-a5314d23a330
    [found] => YES
)

[2026-01-16 04:39:24] [22 MB] [chunked_processor] Job retrieved successfully
    DATA: Array
(
    [status] => running
    [type] => backup
)

[2026-01-16 04:39:24] [22 MB] [chunked_processor] save_job called
    DATA: Array
(
    [job_id] => 5e2a0ec2-ab82-4013-82c3-a5314d23a330
    [status] => running
)

[2026-01-16 04:39:24] [22 MB] [chunked_processor] Transient save result
    DATA: Array
(
    [option_name] => speed_backups_job_5e2a0ec2-ab82-4013-82c3-a5314d23a330
    [success] => YES
)

[2026-01-16 04:39:24] [22 MB] [chunked_processor] Option save result
    DATA: Array
(
    [option_name] => speed_backups_job_5e2a0ec2-ab82-4013-82c3-a5314d23a330
    [success] => YES
)

[2026-01-16 04:39:24] [22 MB] [chunked_processor] Save verification (direct DB)
    DATA: Array
(
    [verified] => YES
)

[2026-01-16 04:39:25] [22 MB] [chunked_processor] get_job called
    DATA: Array
(
    [job_id] => 5e2a0ec2-ab82-4013-82c3-a5314d23a330
)

[2026-01-16 04:39:25] [22 MB] [chunked_processor] Transient lookup result
    DATA: Array
(
    [option_name] => speed_backups_job_5e2a0ec2-ab82-4013-82c3-a5314d23a330
    [found] => YES
)

[2026-01-16 04:39:25] [22 MB] [chunked_processor] Job retrieved successfully
    DATA: Array
(
    [status] => running
    [type] => backup
)

[2026-01-16 04:39:25] [22 MB] [chunked_processor] save_job called
    DATA: Array
(
    [job_id] => 5e2a0ec2-ab82-4013-82c3-a5314d23a330
    [status] => running
)

[2026-01-16 04:39:26] [22 MB] [chunked_processor] Transient save result
    DATA: Array
(
    [option_name] => speed_backups_job_5e2a0ec2-ab82-4013-82c3-a5314d23a330
    [success] => YES
)

[2026-01-16 04:39:26] [22 MB] [chunked_processor] Option save result
    DATA: Array
(
    [option_name] => speed_backups_job_5e2a0ec2-ab82-4013-82c3-a5314d23a330
    [success] => YES
)

[2026-01-16 04:39:26] [22 MB] [chunked_processor] Save verification (direct DB)
    DATA: Array
(
    [verified] => YES
)

[2026-01-16 04:39:26] [22 MB] [chunked_processor] get_job called
    DATA: Array
(
    [job_id] => 5e2a0ec2-ab82-4013-82c3-a5314d23a330
)

[2026-01-16 04:39:26] [22 MB] [chunked_processor] Transient lookup result
    DATA: Array
(
    [option_name] => speed_backups_job_5e2a0ec2-ab82-4013-82c3-a5314d23a330
    [found] => YES
)

[2026-01-16 04:39:26] [22 MB] [chunked_processor] Job retrieved successfully
    DATA: Array
(
    [status] => running
    [type] => backup
)

[2026-01-16 04:39:26] [22 MB] [chunked_processor] get_job called
    DATA: Array
(
    [job_id] => 5e2a0ec2-ab82-4013-82c3-a5314d23a330
)

[2026-01-16 04:39:26] [22 MB] [chunked_processor] Transient lookup result
    DATA: Array
(
    [option_name] => speed_backups_job_5e2a0ec2-ab82-4013-82c3-a5314d23a330
    [found] => YES
)

[2026-01-16 04:39:26] [22 MB] [chunked_processor] Job retrieved successfully
    DATA: Array
(
    [status] => running
    [type] => backup
)

[2026-01-16 04:39:26] [22 MB] [ERROR_HANDLER] PHP error handlers registered
[2026-01-16 04:39:26] [22 MB] [chunked_processor] get_job called
    DATA: Array
(
    [job_id] => 5e2a0ec2-ab82-4013-82c3-a5314d23a330
)

[2026-01-16 04:39:26] [22 MB] [chunked_processor] Transient lookup result
    DATA: Array
(
    [option_name] => speed_backups_job_5e2a0ec2-ab82-4013-82c3-a5314d23a330
    [found] => YES
)

[2026-01-16 04:39:26] [22 MB] [chunked_processor] Job retrieved successfully
    DATA: Array
(
    [status] => running
    [type] => backup
)

[2026-01-16 04:39:26] [22 MB] [chunked_processor] get_job called
    DATA: Array
(
    [job_id] => 5e2a0ec2-ab82-4013-82c3-a5314d23a330
)

[2026-01-16 04:39:26] [22 MB] [chunked_processor] Transient lookup result
    DATA: Array
(
    [option_name] => speed_backups_job_5e2a0ec2-ab82-4013-82c3-a5314d23a330
    [found] => YES
)

[2026-01-16 04:39:26] [22 MB] [chunked_processor] Job retrieved successfully
    DATA: Array
(
    [status] => running
    [type] => backup
)

[2026-01-16 04:39:26] [22 MB] [chunked_processor] get_job called
    DATA: Array
(
    [job_id] => 5e2a0ec2-ab82-4013-82c3-a5314d23a330
)

[2026-01-16 04:39:26] [22 MB] [chunked_processor] Transient lookup result
    DATA: Array
(
    [option_name] => speed_backups_job_5e2a0ec2-ab82-4013-82c3-a5314d23a330
    [found] => YES
)

[2026-01-16 04:39:26] [22 MB] [chunked_processor] Job retrieved successfully
    DATA: Array
(
    [status] => running
    [type] => backup
)

[2026-01-16 04:39:26] [22 MB] [chunked_processor] save_job called
    DATA: Array
(
    [job_id] => 5e2a0ec2-ab82-4013-82c3-a5314d23a330
    [status] => running
)

[2026-01-16 04:39:26] [22 MB] [chunked_processor] Transient save result
    DATA: Array
(
    [option_name] => speed_backups_job_5e2a0ec2-ab82-4013-82c3-a5314d23a330
    [success] => YES
)

[2026-01-16 04:39:26] [22 MB] [chunked_processor] Option save result
    DATA: Array
(
    [option_name] => speed_backups_job_5e2a0ec2-ab82-4013-82c3-a5314d23a330
    [success] => YES
)

[2026-01-16 04:39:26] [22 MB] [chunked_processor] Save verification (direct DB)
    DATA: Array
(
    [verified] => YES
)

[2026-01-16 04:39:26] [22 MB] [chunked_processor] get_job called
    DATA: Array
(
    [job_id] => 5e2a0ec2-ab82-4013-82c3-a5314d23a330
)

[2026-01-16 04:39:26] [22 MB] [chunked_processor] Transient lookup result
    DATA: Array
(
    [option_name] => speed_backups_job_5e2a0ec2-ab82-4013-82c3-a5314d23a330
    [found] => YES
)

[2026-01-16 04:39:26] [22 MB] [chunked_processor] Job retrieved successfully
    DATA: Array
(
    [status] => running
    [type] => backup
)

[2026-01-16 04:39:26] [22 MB] [chunked_processor] save_job called
    DATA: Array
(
    [job_id] => 5e2a0ec2-ab82-4013-82c3-a5314d23a330
    [status] => running
)

[2026-01-16 04:39:26] [22 MB] [chunked_processor] Transient save result
    DATA: Array
(
    [option_name] => speed_backups_job_5e2a0ec2-ab82-4013-82c3-a5314d23a330
    [success] => YES
)

[2026-01-16 04:39:26] [22 MB] [chunked_processor] Option save result
    DATA: Array
(
    [option_name] => speed_backups_job_5e2a0ec2-ab82-4013-82c3-a5314d23a330
    [success] => YES
)

[2026-01-16 04:39:26] [22 MB] [chunked_processor] Save verification (direct DB)
    DATA: Array
(
    [verified] => YES
)

[2026-01-16 04:39:26] [22 MB] [chunked_processor] get_job called
    DATA: Array
(
    [job_id] => 5e2a0ec2-ab82-4013-82c3-a5314d23a330
)

[2026-01-16 04:39:26] [22 MB] [chunked_processor] Transient lookup result
    DATA: Array
(
    [option_name] => speed_backups_job_5e2a0ec2-ab82-4013-82c3-a5314d23a330
    [found] => YES
)

[2026-01-16 04:39:26] [22 MB] [chunked_processor] Job retrieved successfully
    DATA: Array
(
    [status] => running
    [type] => backup
)

[2026-01-16 04:39:26] [22 MB] [chunked_processor] get_job called
    DATA: Array
(
    [job_id] => 5e2a0ec2-ab82-4013-82c3-a5314d23a330
)

[2026-01-16 04:39:26] [22 MB] [chunked_processor] Transient lookup result
    DATA: Array
(
    [option_name] => speed_backups_job_5e2a0ec2-ab82-4013-82c3-a5314d23a330
    [found] => YES
)

[2026-01-16 04:39:26] [22 MB] [chunked_processor] Job retrieved successfully
    DATA: Array
(
    [status] => running
    [type] => backup
)

[2026-01-16 04:39:27] [26 MB] [ERROR_HANDLER] PHP error handlers registered
[2026-01-16 04:39:27] [26 MB] [chunked_processor] get_job called
    DATA: Array
(
    [job_id] => 5e2a0ec2-ab82-4013-82c3-a5314d23a330
)

[2026-01-16 04:39:27] [26 MB] [chunked_processor] Transient lookup result
    DATA: Array
(
    [option_name] => speed_backups_job_5e2a0ec2-ab82-4013-82c3-a5314d23a330
    [found] => YES
)

[2026-01-16 04:39:27] [26 MB] [chunked_processor] Job retrieved successfully
    DATA: Array
(
    [status] => running
    [type] => backup
)

[2026-01-16 04:39:27] [26 MB] [chunked_processor] get_job called
    DATA: Array
(
    [job_id] => 5e2a0ec2-ab82-4013-82c3-a5314d23a330
)

[2026-01-16 04:39:27] [26 MB] [chunked_processor] Transient lookup result
    DATA: Array
(
    [option_name] => speed_backups_job_5e2a0ec2-ab82-4013-82c3-a5314d23a330
    [found] => YES
)

[2026-01-16 04:39:27] [26 MB] [chunked_processor] Job retrieved successfully
    DATA: Array
(
    [status] => running
    [type] => backup
)

[2026-01-16 04:39:27] [26 MB] [chunked_processor] get_job called
    DATA: Array
(
    [job_id] => 5e2a0ec2-ab82-4013-82c3-a5314d23a330
)

[2026-01-16 04:39:27] [26 MB] [chunked_processor] Transient lookup result
    DATA: Array
(
    [option_name] => speed_backups_job_5e2a0ec2-ab82-4013-82c3-a5314d23a330
    [found] => YES
)

[2026-01-16 04:39:27] [26 MB] [chunked_processor] Job retrieved successfully
    DATA: Array
(
    [status] => running
    [type] => backup
)

[2026-01-16 04:39:27] [26 MB] [chunked_processor] save_job called
    DATA: Array
(
    [job_id] => 5e2a0ec2-ab82-4013-82c3-a5314d23a330
    [status] => running
)

[2026-01-16 04:39:27] [26 MB] [chunked_processor] Transient save result
    DATA: Array
(
    [option_name] => speed_backups_job_5e2a0ec2-ab82-4013-82c3-a5314d23a330
    [success] => YES
)

[2026-01-16 04:39:27] [26 MB] [chunked_processor] Option save result
    DATA: Array
(
    [option_name] => speed_backups_job_5e2a0ec2-ab82-4013-82c3-a5314d23a330
    [success] => YES
)

[2026-01-16 04:39:27] [26 MB] [chunked_processor] Save verification (direct DB)
    DATA: Array
(
    [verified] => YES
)

[2026-01-16 04:39:28] [26 MB] [chunked_processor] get_job called
    DATA: Array
(
    [job_id] => 5e2a0ec2-ab82-4013-82c3-a5314d23a330
)

[2026-01-16 04:39:28] [26 MB] [chunked_processor] Transient lookup result
    DATA: Array
(
    [option_name] => speed_backups_job_5e2a0ec2-ab82-4013-82c3-a5314d23a330
    [found] => YES
)

[2026-01-16 04:39:28] [26 MB] [chunked_processor] Job retrieved successfully
    DATA: Array
(
    [status] => running
    [type] => backup
)

[2026-01-16 04:39:28] [26 MB] [chunked_processor] save_job called
    DATA: Array
(
    [job_id] => 5e2a0ec2-ab82-4013-82c3-a5314d23a330
    [status] => running
)

[2026-01-16 04:39:28] [26 MB] [chunked_processor] Transient save result
    DATA: Array
(
    [option_name] => speed_backups_job_5e2a0ec2-ab82-4013-82c3-a5314d23a330
    [success] => YES
)

[2026-01-16 04:39:28] [26 MB] [chunked_processor] Option save result
    DATA: Array
(
    [option_name] => speed_backups_job_5e2a0ec2-ab82-4013-82c3-a5314d23a330
    [success] => YES
)

[2026-01-16 04:39:28] [26 MB] [chunked_processor] Save verification (direct DB)
    DATA: Array
(
    [verified] => YES
)

[2026-01-16 04:39:28] [26 MB] [chunked_processor] get_job called
    DATA: Array
(
    [job_id] => 5e2a0ec2-ab82-4013-82c3-a5314d23a330
)

[2026-01-16 04:39:28] [26 MB] [chunked_processor] Transient lookup result
    DATA: Array
(
    [option_name] => speed_backups_job_5e2a0ec2-ab82-4013-82c3-a5314d23a330
    [found] => YES
)

[2026-01-16 04:39:28] [26 MB] [chunked_processor] Job retrieved successfully
    DATA: Array
(
    [status] => running
    [type] => backup
)

[2026-01-16 04:39:28] [26 MB] [chunked_processor] get_job called
    DATA: Array
(
    [job_id] => 5e2a0ec2-ab82-4013-82c3-a5314d23a330
)

[2026-01-16 04:39:28] [26 MB] [chunked_processor] Transient lookup result
    DATA: Array
(
    [option_name] => speed_backups_job_5e2a0ec2-ab82-4013-82c3-a5314d23a330
    [found] => YES
)

[2026-01-16 04:39:28] [26 MB] [chunked_processor] Job retrieved successfully
    DATA: Array
(
    [status] => running
    [type] => backup
)

[2026-01-16 04:39:28] [22 MB] [ERROR_HANDLER] PHP error handlers registered
[2026-01-16 04:39:29] [22 MB] [chunked_processor] get_job called
    DATA: Array
(
    [job_id] => 5e2a0ec2-ab82-4013-82c3-a5314d23a330
)

[2026-01-16 04:39:29] [22 MB] [chunked_processor] Transient lookup result
    DATA: Array
(
    [option_name] => speed_backups_job_5e2a0ec2-ab82-4013-82c3-a5314d23a330
    [found] => YES
)

[2026-01-16 04:39:29] [22 MB] [chunked_processor] Job retrieved successfully
    DATA: Array
(
    [status] => running
    [type] => backup
)

[2026-01-16 04:39:29] [22 MB] [chunked_processor] get_job called
    DATA: Array
(
    [job_id] => 5e2a0ec2-ab82-4013-82c3-a5314d23a330
)

[2026-01-16 04:39:29] [22 MB] [chunked_processor] Transient lookup result
    DATA: Array
(
    [option_name] => speed_backups_job_5e2a0ec2-ab82-4013-82c3-a5314d23a330
    [found] => YES
)

[2026-01-16 04:39:29] [22 MB] [chunked_processor] Job retrieved successfully
    DATA: Array
(
    [status] => running
    [type] => backup
)

[2026-01-16 04:39:29] [22 MB] [chunked_processor] get_job called
    DATA: Array
(
    [job_id] => 5e2a0ec2-ab82-4013-82c3-a5314d23a330
)

[2026-01-16 04:39:29] [22 MB] [chunked_processor] Transient lookup result
    DATA: Array
(
    [option_name] => speed_backups_job_5e2a0ec2-ab82-4013-82c3-a5314d23a330
    [found] => YES
)

[2026-01-16 04:39:29] [22 MB] [chunked_processor] Job retrieved successfully
    DATA: Array
(
    [status] => running
    [type] => backup
)

[2026-01-16 04:39:29] [22 MB] [chunked_processor] save_job called
    DATA: Array
(
    [job_id] => 5e2a0ec2-ab82-4013-82c3-a5314d23a330
    [status] => running
)

[2026-01-16 04:39:29] [22 MB] [chunked_processor] Transient save result
    DATA: Array
(
    [option_name] => speed_backups_job_5e2a0ec2-ab82-4013-82c3-a5314d23a330
    [success] => YES
)

[2026-01-16 04:39:29] [22 MB] [chunked_processor] Option save result
    DATA: Array
(
    [option_name] => speed_backups_job_5e2a0ec2-ab82-4013-82c3-a5314d23a330
    [success] => YES
)

[2026-01-16 04:39:29] [22 MB] [chunked_processor] Save verification (direct DB)
    DATA: Array
(
    [verified] => YES
)

[2026-01-16 04:39:31] [24 MB] [chunked_processor] get_job called
    DATA: Array
(
    [job_id] => 5e2a0ec2-ab82-4013-82c3-a5314d23a330
)

[2026-01-16 04:39:31] [24 MB] [chunked_processor] Transient lookup result
    DATA: Array
(
    [option_name] => speed_backups_job_5e2a0ec2-ab82-4013-82c3-a5314d23a330
    [found] => YES
)

[2026-01-16 04:39:31] [24 MB] [chunked_processor] Job retrieved successfully
    DATA: Array
(
    [status] => running
    [type] => backup
)

[2026-01-16 04:39:31] [24 MB] [chunked_processor] save_job called
    DATA: Array
(
    [job_id] => 5e2a0ec2-ab82-4013-82c3-a5314d23a330
    [status] => running
)

[2026-01-16 04:39:31] [24 MB] [chunked_processor] Transient save result
    DATA: Array
(
    [option_name] => speed_backups_job_5e2a0ec2-ab82-4013-82c3-a5314d23a330
    [success] => YES
)

[2026-01-16 04:39:31] [24 MB] [chunked_processor] Option save result
    DATA: Array
(
    [option_name] => speed_backups_job_5e2a0ec2-ab82-4013-82c3-a5314d23a330
    [success] => YES
)

[2026-01-16 04:39:31] [24 MB] [chunked_processor] Save verification (direct DB)
    DATA: Array
(
    [verified] => YES
)

[2026-01-16 04:39:31] [24 MB] [chunked_processor] get_job called
    DATA: Array
(
    [job_id] => 5e2a0ec2-ab82-4013-82c3-a5314d23a330
)

[2026-01-16 04:39:31] [24 MB] [chunked_processor] Transient lookup result
    DATA: Array
(
    [option_name] => speed_backups_job_5e2a0ec2-ab82-4013-82c3-a5314d23a330
    [found] => YES
)

[2026-01-16 04:39:31] [24 MB] [chunked_processor] Job retrieved successfully
    DATA: Array
(
    [status] => running
    [type] => backup
)

[2026-01-16 04:39:31] [24 MB] [chunked_processor] get_job called
    DATA: Array
(
    [job_id] => 5e2a0ec2-ab82-4013-82c3-a5314d23a330
)

[2026-01-16 04:39:31] [24 MB] [chunked_processor] Transient lookup result
    DATA: Array
(
    [option_name] => speed_backups_job_5e2a0ec2-ab82-4013-82c3-a5314d23a330
    [found] => YES
)

[2026-01-16 04:39:31] [24 MB] [chunked_processor] Job retrieved successfully
    DATA: Array
(
    [status] => running
    [type] => backup
)

[2026-01-16 04:39:32] [22 MB] [ERROR_HANDLER] PHP error handlers registered
[2026-01-16 04:39:32] [22 MB] [chunked_processor] get_job called
    DATA: Array
(
    [job_id] => 5e2a0ec2-ab82-4013-82c3-a5314d23a330
)

[2026-01-16 04:39:32] [22 MB] [chunked_processor] Transient lookup result
    DATA: Array
(
    [option_name] => speed_backups_job_5e2a0ec2-ab82-4013-82c3-a5314d23a330
    [found] => YES
)

[2026-01-16 04:39:32] [22 MB] [chunked_processor] Job retrieved successfully
    DATA: Array
(
    [status] => running
    [type] => backup
)

[2026-01-16 04:39:32] [22 MB] [chunked_processor] get_job called
    DATA: Array
(
    [job_id] => 5e2a0ec2-ab82-4013-82c3-a5314d23a330
)

[2026-01-16 04:39:32] [22 MB] [chunked_processor] Transient lookup result
    DATA: Array
(
    [option_name] => speed_backups_job_5e2a0ec2-ab82-4013-82c3-a5314d23a330
    [found] => YES
)

[2026-01-16 04:39:32] [22 MB] [chunked_processor] Job retrieved successfully
    DATA: Array
(
    [status] => running
    [type] => backup
)

[2026-01-16 04:39:32] [22 MB] [chunked_processor] get_job called
    DATA: Array
(
    [job_id] => 5e2a0ec2-ab82-4013-82c3-a5314d23a330
)

[2026-01-16 04:39:32] [22 MB] [chunked_processor] Transient lookup result
    DATA: Array
(
    [option_name] => speed_backups_job_5e2a0ec2-ab82-4013-82c3-a5314d23a330
    [found] => YES
)

[2026-01-16 04:39:32] [22 MB] [chunked_processor] Job retrieved successfully
    DATA: Array
(
    [status] => running
    [type] => backup
)

[2026-01-16 04:39:32] [22 MB] [chunked_processor] save_job called
    DATA: Array
(
    [job_id] => 5e2a0ec2-ab82-4013-82c3-a5314d23a330
    [status] => running
)

[2026-01-16 04:39:32] [22 MB] [chunked_processor] Transient save result
    DATA: Array
(
    [option_name] => speed_backups_job_5e2a0ec2-ab82-4013-82c3-a5314d23a330
    [success] => YES
)

[2026-01-16 04:39:32] [22 MB] [chunked_processor] Option save result
    DATA: Array
(
    [option_name] => speed_backups_job_5e2a0ec2-ab82-4013-82c3-a5314d23a330
    [success] => YES
)

[2026-01-16 04:39:32] [22 MB] [chunked_processor] Save verification (direct DB)
    DATA: Array
(
    [verified] => YES
)

[2026-01-16 04:39:32] [22 MB] [chunked_processor] get_job called
    DATA: Array
(
    [job_id] => 5e2a0ec2-ab82-4013-82c3-a5314d23a330
)

[2026-01-16 04:39:32] [22 MB] [chunked_processor] Transient lookup result
    DATA: Array
(
    [option_name] => speed_backups_job_5e2a0ec2-ab82-4013-82c3-a5314d23a330
    [found] => YES
)

[2026-01-16 04:39:32] [22 MB] [chunked_processor] Job retrieved successfully
    DATA: Array
(
    [status] => running
    [type] => backup
)

[2026-01-16 04:39:32] [22 MB] [chunked_processor] save_job called
    DATA: Array
(
    [job_id] => 5e2a0ec2-ab82-4013-82c3-a5314d23a330
    [status] => running
)

[2026-01-16 04:39:32] [22 MB] [chunked_processor] Transient save result
    DATA: Array
(
    [option_name] => speed_backups_job_5e2a0ec2-ab82-4013-82c3-a5314d23a330
    [success] => YES
)

[2026-01-16 04:39:32] [22 MB] [chunked_processor] Option save result
    DATA: Array
(
    [option_name] => speed_backups_job_5e2a0ec2-ab82-4013-82c3-a5314d23a330
    [success] => YES
)

[2026-01-16 04:39:32] [22 MB] [chunked_processor] Save verification (direct DB)
    DATA: Array
(
    [verified] => YES
)

[2026-01-16 04:39:32] [22 MB] [chunked_processor] get_job called
    DATA: Array
(
    [job_id] => 5e2a0ec2-ab82-4013-82c3-a5314d23a330
)

[2026-01-16 04:39:32] [22 MB] [chunked_processor] Transient lookup result
    DATA: Array
(
    [option_name] => speed_backups_job_5e2a0ec2-ab82-4013-82c3-a5314d23a330
    [found] => YES
)

[2026-01-16 04:39:32] [22 MB] [chunked_processor] Job retrieved successfully
    DATA: Array
(
    [status] => running
    [type] => backup
)

[2026-01-16 04:39:32] [22 MB] [chunked_processor] get_job called
    DATA: Array
(
    [job_id] => 5e2a0ec2-ab82-4013-82c3-a5314d23a330
)

[2026-01-16 04:39:32] [22 MB] [chunked_processor] Transient lookup result
    DATA: Array
(
    [option_name] => speed_backups_job_5e2a0ec2-ab82-4013-82c3-a5314d23a330
    [found] => YES
)

[2026-01-16 04:39:32] [22 MB] [chunked_processor] Job retrieved successfully
    DATA: Array
(
    [status] => running
    [type] => backup
)

[2026-01-16 04:39:32] [24 MB] [ERROR_HANDLER] PHP error handlers registered
[2026-01-16 04:39:33] [24 MB] [chunked_processor] get_job called
    DATA: Array
(
    [job_id] => 5e2a0ec2-ab82-4013-82c3-a5314d23a330
)

[2026-01-16 04:39:33] [24 MB] [chunked_processor] Transient lookup result
    DATA: Array
(
    [option_name] => speed_backups_job_5e2a0ec2-ab82-4013-82c3-a5314d23a330
    [found] => YES
)

[2026-01-16 04:39:33] [24 MB] [chunked_processor] Job retrieved successfully
    DATA: Array
(
    [status] => running
    [type] => backup
)

[2026-01-16 04:39:33] [24 MB] [chunked_processor] get_job called
    DATA: Array
(
    [job_id] => 5e2a0ec2-ab82-4013-82c3-a5314d23a330
)

[2026-01-16 04:39:33] [24 MB] [chunked_processor] Transient lookup result
    DATA: Array
(
    [option_name] => speed_backups_job_5e2a0ec2-ab82-4013-82c3-a5314d23a330
    [found] => YES
)

[2026-01-16 04:39:33] [24 MB] [chunked_processor] Job retrieved successfully
    DATA: Array
(
    [status] => running
    [type] => backup
)

[2026-01-16 04:39:33] [24 MB] [chunked_processor] get_job called
    DATA: Array
(
    [job_id] => 5e2a0ec2-ab82-4013-82c3-a5314d23a330
)

[2026-01-16 04:39:33] [24 MB] [chunked_processor] Transient lookup result
    DATA: Array
(
    [option_name] => speed_backups_job_5e2a0ec2-ab82-4013-82c3-a5314d23a330
    [found] => YES
)

[2026-01-16 04:39:33] [24 MB] [chunked_processor] Job retrieved successfully
    DATA: Array
(
    [status] => running
    [type] => backup
)

[2026-01-16 04:39:33] [24 MB] [chunked_processor] save_job called
    DATA: Array
(
    [job_id] => 5e2a0ec2-ab82-4013-82c3-a5314d23a330
    [status] => running
)

[2026-01-16 04:39:33] [24 MB] [chunked_processor] Transient save result
    DATA: Array
(
    [option_name] => speed_backups_job_5e2a0ec2-ab82-4013-82c3-a5314d23a330
    [success] => YES
)

[2026-01-16 04:39:33] [24 MB] [chunked_processor] Option save result
    DATA: Array
(
    [option_name] => speed_backups_job_5e2a0ec2-ab82-4013-82c3-a5314d23a330
    [success] => YES
)

[2026-01-16 04:39:33] [24 MB] [chunked_processor] Save verification (direct DB)
    DATA: Array
(
    [verified] => YES
)

[2026-01-16 04:39:33] [24 MB] [chunked_processor] get_job called
    DATA: Array
(
    [job_id] => 5e2a0ec2-ab82-4013-82c3-a5314d23a330
)

[2026-01-16 04:39:33] [24 MB] [chunked_processor] Transient lookup result
    DATA: Array
(
    [option_name] => speed_backups_job_5e2a0ec2-ab82-4013-82c3-a5314d23a330
    [found] => YES
)

[2026-01-16 04:39:33] [24 MB] [chunked_processor] Job retrieved successfully
    DATA: Array
(
    [status] => running
    [type] => backup
)

[2026-01-16 04:39:33] [24 MB] [chunked_processor] save_job called
    DATA: Array
(
    [job_id] => 5e2a0ec2-ab82-4013-82c3-a5314d23a330
    [status] => running
)

[2026-01-16 04:39:33] [24 MB] [chunked_processor] Transient save result
    DATA: Array
(
    [option_name] => speed_backups_job_5e2a0ec2-ab82-4013-82c3-a5314d23a330
    [success] => YES
)

[2026-01-16 04:39:33] [24 MB] [chunked_processor] Option save result
    DATA: Array
(
    [option_name] => speed_backups_job_5e2a0ec2-ab82-4013-82c3-a5314d23a330
    [success] => YES
)

[2026-01-16 04:39:33] [24 MB] [chunked_processor] Save verification (direct DB)
    DATA: Array
(
    [verified] => YES
)

[2026-01-16 04:39:33] [24 MB] [chunked_processor] get_job called
    DATA: Array
(
    [job_id] => 5e2a0ec2-ab82-4013-82c3-a5314d23a330
)

[2026-01-16 04:39:33] [24 MB] [chunked_processor] Transient lookup result
    DATA: Array
(
    [option_name] => speed_backups_job_5e2a0ec2-ab82-4013-82c3-a5314d23a330
    [found] => YES
)

[2026-01-16 04:39:33] [24 MB] [chunked_processor] Job retrieved successfully
    DATA: Array
(
    [status] => running
    [type] => backup
)

[2026-01-16 04:39:33] [24 MB] [chunked_processor] get_job called
    DATA: Array
(
    [job_id] => 5e2a0ec2-ab82-4013-82c3-a5314d23a330
)

[2026-01-16 04:39:33] [24 MB] [chunked_processor] Transient lookup result
    DATA: Array
(
    [option_name] => speed_backups_job_5e2a0ec2-ab82-4013-82c3-a5314d23a330
    [found] => YES
)

[2026-01-16 04:39:33] [24 MB] [chunked_processor] Job retrieved successfully
    DATA: Array
(
    [status] => running
    [type] => backup
)

[2026-01-16 04:39:33] [24 MB] [ERROR_HANDLER] PHP error handlers registered
[2026-01-16 04:39:33] [24 MB] [chunked_processor] get_job called
    DATA: Array
(
    [job_id] => 5e2a0ec2-ab82-4013-82c3-a5314d23a330
)

[2026-01-16 04:39:33] [24 MB] [chunked_processor] Transient lookup result
    DATA: Array
(
    [option_name] => speed_backups_job_5e2a0ec2-ab82-4013-82c3-a5314d23a330
    [found] => YES
)

[2026-01-16 04:39:33] [24 MB] [chunked_processor] Job retrieved successfully
    DATA: Array
(
    [status] => running
    [type] => backup
)

[2026-01-16 04:39:33] [24 MB] [chunked_processor] get_job called
    DATA: Array
(
    [job_id] => 5e2a0ec2-ab82-4013-82c3-a5314d23a330
)

[2026-01-16 04:39:33] [24 MB] [chunked_processor] Transient lookup result
    DATA: Array
(
    [option_name] => speed_backups_job_5e2a0ec2-ab82-4013-82c3-a5314d23a330
    [found] => YES
)

[2026-01-16 04:39:33] [24 MB] [chunked_processor] Job retrieved successfully
    DATA: Array
(
    [status] => running
    [type] => backup
)

[2026-01-16 04:39:33] [24 MB] [chunked_processor] get_job called
    DATA: Array
(
    [job_id] => 5e2a0ec2-ab82-4013-82c3-a5314d23a330
)

[2026-01-16 04:39:33] [24 MB] [chunked_processor] Transient lookup result
    DATA: Array
(
    [option_name] => speed_backups_job_5e2a0ec2-ab82-4013-82c3-a5314d23a330
    [found] => YES
)

[2026-01-16 04:39:33] [24 MB] [chunked_processor] Job retrieved successfully
    DATA: Array
(
    [status] => running
    [type] => backup
)

[2026-01-16 04:39:33] [24 MB] [chunked_processor] save_job called
    DATA: Array
(
    [job_id] => 5e2a0ec2-ab82-4013-82c3-a5314d23a330
    [status] => running
)

[2026-01-16 04:39:33] [24 MB] [chunked_processor] Transient save result
    DATA: Array
(
    [option_name] => speed_backups_job_5e2a0ec2-ab82-4013-82c3-a5314d23a330
    [success] => YES
)

[2026-01-16 04:39:33] [24 MB] [chunked_processor] Option save result
    DATA: Array
(
    [option_name] => speed_backups_job_5e2a0ec2-ab82-4013-82c3-a5314d23a330
    [success] => YES
)

[2026-01-16 04:39:33] [24 MB] [chunked_processor] Save verification (direct DB)
    DATA: Array
(
    [verified] => YES
)

[2026-01-16 04:39:34] [24 MB] [chunked_processor] get_job called
    DATA: Array
(
    [job_id] => 5e2a0ec2-ab82-4013-82c3-a5314d23a330
)

[2026-01-16 04:39:34] [24 MB] [chunked_processor] Transient lookup result
    DATA: Array
(
    [option_name] => speed_backups_job_5e2a0ec2-ab82-4013-82c3-a5314d23a330
    [found] => YES
)

[2026-01-16 04:39:34] [24 MB] [chunked_processor] Job retrieved successfully
    DATA: Array
(
    [status] => running
    [type] => backup
)

[2026-01-16 04:39:34] [24 MB] [chunked_processor] save_job called
    DATA: Array
(
    [job_id] => 5e2a0ec2-ab82-4013-82c3-a5314d23a330
    [status] => running
)

[2026-01-16 04:39:34] [24 MB] [chunked_processor] Transient save result
    DATA: Array
(
    [option_name] => speed_backups_job_5e2a0ec2-ab82-4013-82c3-a5314d23a330
    [success] => YES
)

[2026-01-16 04:39:34] [24 MB] [chunked_processor] Option save result
    DATA: Array
(
    [option_name] => speed_backups_job_5e2a0ec2-ab82-4013-82c3-a5314d23a330
    [success] => YES
)

[2026-01-16 04:39:34] [24 MB] [chunked_processor] Save verification (direct DB)
    DATA: Array
(
    [verified] => YES
)

[2026-01-16 04:39:34] [24 MB] [chunked_processor] get_job called
    DATA: Array
(
    [job_id] => 5e2a0ec2-ab82-4013-82c3-a5314d23a330
)

[2026-01-16 04:39:34] [24 MB] [chunked_processor] Transient lookup result
    DATA: Array
(
    [option_name] => speed_backups_job_5e2a0ec2-ab82-4013-82c3-a5314d23a330
    [found] => YES
)

[2026-01-16 04:39:34] [24 MB] [chunked_processor] Job retrieved successfully
    DATA: Array
(
    [status] => running
    [type] => backup
)

[2026-01-16 04:39:34] [24 MB] [chunked_processor] get_job called
    DATA: Array
(
    [job_id] => 5e2a0ec2-ab82-4013-82c3-a5314d23a330
)

[2026-01-16 04:39:34] [24 MB] [chunked_processor] Transient lookup result
    DATA: Array
(
    [option_name] => speed_backups_job_5e2a0ec2-ab82-4013-82c3-a5314d23a330
    [found] => YES
)

[2026-01-16 04:39:34] [24 MB] [chunked_processor] Job retrieved successfully
    DATA: Array
(
    [status] => running
    [type] => backup
)

[2026-01-16 04:39:34] [22 MB] [ERROR_HANDLER] PHP error handlers registered
[2026-01-16 04:39:34] [22 MB] [chunked_processor] get_job called
    DATA: Array
(
    [job_id] => 5e2a0ec2-ab82-4013-82c3-a5314d23a330
)

[2026-01-16 04:39:34] [22 MB] [chunked_processor] Transient lookup result
    DATA: Array
(
    [option_name] => speed_backups_job_5e2a0ec2-ab82-4013-82c3-a5314d23a330
    [found] => YES
)

[2026-01-16 04:39:34] [22 MB] [chunked_processor] Job retrieved successfully
    DATA: Array
(
    [status] => running
    [type] => backup
)

[2026-01-16 04:39:34] [22 MB] [chunked_processor] get_job called
    DATA: Array
(
    [job_id] => 5e2a0ec2-ab82-4013-82c3-a5314d23a330
)

[2026-01-16 04:39:34] [22 MB] [chunked_processor] Transient lookup result
    DATA: Array
(
    [option_name] => speed_backups_job_5e2a0ec2-ab82-4013-82c3-a5314d23a330
    [found] => YES
)

[2026-01-16 04:39:34] [22 MB] [chunked_processor] Job retrieved successfully
    DATA: Array
(
    [status] => running
    [type] => backup
)

[2026-01-16 04:39:34] [22 MB] [chunked_processor] get_job called
    DATA: Array
(
    [job_id] => 5e2a0ec2-ab82-4013-82c3-a5314d23a330
)

[2026-01-16 04:39:34] [22 MB] [chunked_processor] Transient lookup result
    DATA: Array
(
    [option_name] => speed_backups_job_5e2a0ec2-ab82-4013-82c3-a5314d23a330
    [found] => YES
)

[2026-01-16 04:39:34] [22 MB] [chunked_processor] Job retrieved successfully
    DATA: Array
(
    [status] => running
    [type] => backup
)

[2026-01-16 04:39:34] [22 MB] [chunked_processor] save_job called
    DATA: Array
(
    [job_id] => 5e2a0ec2-ab82-4013-82c3-a5314d23a330
    [status] => running
)

[2026-01-16 04:39:34] [22 MB] [chunked_processor] Transient save result
    DATA: Array
(
    [option_name] => speed_backups_job_5e2a0ec2-ab82-4013-82c3-a5314d23a330
    [success] => YES
)

[2026-01-16 04:39:34] [22 MB] [chunked_processor] Option save result
    DATA: Array
(
    [option_name] => speed_backups_job_5e2a0ec2-ab82-4013-82c3-a5314d23a330
    [success] => YES
)

[2026-01-16 04:39:34] [22 MB] [chunked_processor] Save verification (direct DB)
    DATA: Array
(
    [verified] => YES
)

[2026-01-16 04:39:34] [22 MB] [chunked_processor] get_job called
    DATA: Array
(
    [job_id] => 5e2a0ec2-ab82-4013-82c3-a5314d23a330
)

[2026-01-16 04:39:34] [22 MB] [chunked_processor] Transient lookup result
    DATA: Array
(
    [option_name] => speed_backups_job_5e2a0ec2-ab82-4013-82c3-a5314d23a330
    [found] => YES
)

[2026-01-16 04:39:34] [22 MB] [chunked_processor] Job retrieved successfully
    DATA: Array
(
    [status] => running
    [type] => backup
)

[2026-01-16 04:39:34] [22 MB] [chunked_processor] save_job called
    DATA: Array
(
    [job_id] => 5e2a0ec2-ab82-4013-82c3-a5314d23a330
    [status] => running
)

[2026-01-16 04:39:34] [22 MB] [chunked_processor] Transient save result
    DATA: Array
(
    [option_name] => speed_backups_job_5e2a0ec2-ab82-4013-82c3-a5314d23a330
    [success] => YES
)

[2026-01-16 04:39:34] [22 MB] [chunked_processor] Option save result
    DATA: Array
(
    [option_name] => speed_backups_job_5e2a0ec2-ab82-4013-82c3-a5314d23a330
    [success] => YES
)

[2026-01-16 04:39:34] [22 MB] [chunked_processor] Save verification (direct DB)
    DATA: Array
(
    [verified] => YES
)

[2026-01-16 04:39:34] [22 MB] [chunked_processor] get_job called
    DATA: Array
(
    [job_id] => 5e2a0ec2-ab82-4013-82c3-a5314d23a330
)

[2026-01-16 04:39:34] [22 MB] [chunked_processor] Transient lookup result
    DATA: Array
(
    [option_name] => speed_backups_job_5e2a0ec2-ab82-4013-82c3-a5314d23a330
    [found] => YES
)

[2026-01-16 04:39:34] [22 MB] [chunked_processor] Job retrieved successfully
    DATA: Array
(
    [status] => running
    [type] => backup
)

[2026-01-16 04:39:34] [22 MB] [chunked_processor] get_job called
    DATA: Array
(
    [job_id] => 5e2a0ec2-ab82-4013-82c3-a5314d23a330
)

[2026-01-16 04:39:34] [22 MB] [chunked_processor] Transient lookup result
    DATA: Array
(
    [option_name] => speed_backups_job_5e2a0ec2-ab82-4013-82c3-a5314d23a330
    [found] => YES
)

[2026-01-16 04:39:34] [22 MB] [chunked_processor] Job retrieved successfully
    DATA: Array
(
    [status] => running
    [type] => backup
)

[2026-01-16 04:39:35] [22 MB] [ERROR_HANDLER] PHP error handlers registered
[2026-01-16 04:39:35] [22 MB] [chunked_processor] get_job called
    DATA: Array
(
    [job_id] => 5e2a0ec2-ab82-4013-82c3-a5314d23a330
)

[2026-01-16 04:39:35] [22 MB] [chunked_processor] Transient lookup result
    DATA: Array
(
    [option_name] => speed_backups_job_5e2a0ec2-ab82-4013-82c3-a5314d23a330
    [found] => YES
)

[2026-01-16 04:39:35] [22 MB] [chunked_processor] Job retrieved successfully
    DATA: Array
(
    [status] => running
    [type] => backup
)

[2026-01-16 04:39:35] [22 MB] [chunked_processor] get_job called
    DATA: Array
(
    [job_id] => 5e2a0ec2-ab82-4013-82c3-a5314d23a330
)

[2026-01-16 04:39:35] [22 MB] [chunked_processor] Transient lookup result
    DATA: Array
(
    [option_name] => speed_backups_job_5e2a0ec2-ab82-4013-82c3-a5314d23a330
    [found] => YES
)

[2026-01-16 04:39:35] [22 MB] [chunked_processor] Job retrieved successfully
    DATA: Array
(
    [status] => running
    [type] => backup
)

[2026-01-16 04:39:35] [22 MB] [chunked_processor] get_job called
    DATA: Array
(
    [job_id] => 5e2a0ec2-ab82-4013-82c3-a5314d23a330
)

[2026-01-16 04:39:35] [22 MB] [chunked_processor] Transient lookup result
    DATA: Array
(
    [option_name] => speed_backups_job_5e2a0ec2-ab82-4013-82c3-a5314d23a330
    [found] => YES
)

[2026-01-16 04:39:35] [22 MB] [chunked_processor] Job retrieved successfully
    DATA: Array
(
    [status] => running
    [type] => backup
)

[2026-01-16 04:39:35] [22 MB] [chunked_processor] save_job called
    DATA: Array
(
    [job_id] => 5e2a0ec2-ab82-4013-82c3-a5314d23a330
    [status] => running
)

[2026-01-16 04:39:35] [22 MB] [chunked_processor] Transient save result
    DATA: Array
(
    [option_name] => speed_backups_job_5e2a0ec2-ab82-4013-82c3-a5314d23a330
    [success] => YES
)

[2026-01-16 04:39:35] [22 MB] [chunked_processor] Option save result
    DATA: Array
(
    [option_name] => speed_backups_job_5e2a0ec2-ab82-4013-82c3-a5314d23a330
    [success] => YES
)

[2026-01-16 04:39:35] [22 MB] [chunked_processor] Save verification (direct DB)
    DATA: Array
(
    [verified] => YES
)

[2026-01-16 04:39:35] [22 MB] [chunked_processor] get_job called
    DATA: Array
(
    [job_id] => 5e2a0ec2-ab82-4013-82c3-a5314d23a330
)

[2026-01-16 04:39:35] [22 MB] [chunked_processor] Transient lookup result
    DATA: Array
(
    [option_name] => speed_backups_job_5e2a0ec2-ab82-4013-82c3-a5314d23a330
    [found] => YES
)

[2026-01-16 04:39:35] [22 MB] [chunked_processor] Job retrieved successfully
    DATA: Array
(
    [status] => running
    [type] => backup
)

[2026-01-16 04:39:35] [22 MB] [chunked_processor] save_job called
    DATA: Array
(
    [job_id] => 5e2a0ec2-ab82-4013-82c3-a5314d23a330
    [status] => running
)

[2026-01-16 04:39:35] [22 MB] [chunked_processor] Transient save result
    DATA: Array
(
    [option_name] => speed_backups_job_5e2a0ec2-ab82-4013-82c3-a5314d23a330
    [success] => YES
)

[2026-01-16 04:39:35] [22 MB] [chunked_processor] Option save result
    DATA: Array
(
    [option_name] => speed_backups_job_5e2a0ec2-ab82-4013-82c3-a5314d23a330
    [success] => YES
)

[2026-01-16 04:39:35] [22 MB] [chunked_processor] Save verification (direct DB)
    DATA: Array
(
    [verified] => YES
)

[2026-01-16 04:39:35] [22 MB] [chunked_processor] get_job called
    DATA: Array
(
    [job_id] => 5e2a0ec2-ab82-4013-82c3-a5314d23a330
)

[2026-01-16 04:39:35] [22 MB] [chunked_processor] Transient lookup result
    DATA: Array
(
    [option_name] => speed_backups_job_5e2a0ec2-ab82-4013-82c3-a5314d23a330
    [found] => YES
)

[2026-01-16 04:39:35] [22 MB] [chunked_processor] Job retrieved successfully
    DATA: Array
(
    [status] => running
    [type] => backup
)

[2026-01-16 04:39:35] [22 MB] [chunked_processor] get_job called
    DATA: Array
(
    [job_id] => 5e2a0ec2-ab82-4013-82c3-a5314d23a330
)

[2026-01-16 04:39:35] [22 MB] [chunked_processor] Transient lookup result
    DATA: Array
(
    [option_name] => speed_backups_job_5e2a0ec2-ab82-4013-82c3-a5314d23a330
    [found] => YES
)

[2026-01-16 04:39:35] [22 MB] [chunked_processor] Job retrieved successfully
    DATA: Array
(
    [status] => running
    [type] => backup
)

[2026-01-16 04:39:35] [22 MB] [ERROR_HANDLER] PHP error handlers registered
[2026-01-16 04:39:36] [22 MB] [chunked_processor] get_job called
    DATA: Array
(
    [job_id] => 5e2a0ec2-ab82-4013-82c3-a5314d23a330
)

[2026-01-16 04:39:36] [22 MB] [chunked_processor] Transient lookup result
    DATA: Array
(
    [option_name] => speed_backups_job_5e2a0ec2-ab82-4013-82c3-a5314d23a330
    [found] => YES
)

[2026-01-16 04:39:36] [22 MB] [chunked_processor] Job retrieved successfully
    DATA: Array
(
    [status] => running
    [type] => backup
)

[2026-01-16 04:39:36] [22 MB] [chunked_processor] get_job called
    DATA: Array
(
    [job_id] => 5e2a0ec2-ab82-4013-82c3-a5314d23a330
)

[2026-01-16 04:39:36] [22 MB] [chunked_processor] Transient lookup result
    DATA: Array
(
    [option_name] => speed_backups_job_5e2a0ec2-ab82-4013-82c3-a5314d23a330
    [found] => YES
)

[2026-01-16 04:39:36] [22 MB] [chunked_processor] Job retrieved successfully
    DATA: Array
(
    [status] => running
    [type] => backup
)

[2026-01-16 04:39:36] [22 MB] [chunked_processor] get_job called
    DATA: Array
(
    [job_id] => 5e2a0ec2-ab82-4013-82c3-a5314d23a330
)

[2026-01-16 04:39:36] [22 MB] [chunked_processor] Transient lookup result
    DATA: Array
(
    [option_name] => speed_backups_job_5e2a0ec2-ab82-4013-82c3-a5314d23a330
    [found] => YES
)

[2026-01-16 04:39:36] [22 MB] [chunked_processor] Job retrieved successfully
    DATA: Array
(
    [status] => running
    [type] => backup
)

[2026-01-16 04:39:36] [22 MB] [chunked_processor] save_job called
    DATA: Array
(
    [job_id] => 5e2a0ec2-ab82-4013-82c3-a5314d23a330
    [status] => running
)

[2026-01-16 04:39:36] [22 MB] [chunked_processor] Transient save result
    DATA: Array
(
    [option_name] => speed_backups_job_5e2a0ec2-ab82-4013-82c3-a5314d23a330
    [success] => YES
)

[2026-01-16 04:39:36] [22 MB] [chunked_processor] Option save result
    DATA: Array
(
    [option_name] => speed_backups_job_5e2a0ec2-ab82-4013-82c3-a5314d23a330
    [success] => YES
)

[2026-01-16 04:39:36] [22 MB] [chunked_processor] Save verification (direct DB)
    DATA: Array
(
    [verified] => YES
)

[2026-01-16 04:39:36] [22 MB] [chunked_processor] get_job called
    DATA: Array
(
    [job_id] => 5e2a0ec2-ab82-4013-82c3-a5314d23a330
)

[2026-01-16 04:39:36] [22 MB] [chunked_processor] Transient lookup result
    DATA: Array
(
    [option_name] => speed_backups_job_5e2a0ec2-ab82-4013-82c3-a5314d23a330
    [found] => YES
)

[2026-01-16 04:39:36] [22 MB] [chunked_processor] Job retrieved successfully
    DATA: Array
(
    [status] => running
    [type] => backup
)

[2026-01-16 04:39:36] [22 MB] [chunked_processor] save_job called
    DATA: Array
(
    [job_id] => 5e2a0ec2-ab82-4013-82c3-a5314d23a330
    [status] => running
)

[2026-01-16 04:39:36] [22 MB] [chunked_processor] Transient save result
    DATA: Array
(
    [option_name] => speed_backups_job_5e2a0ec2-ab82-4013-82c3-a5314d23a330
    [success] => YES
)

[2026-01-16 04:39:36] [22 MB] [chunked_processor] Option save result
    DATA: Array
(
    [option_name] => speed_backups_job_5e2a0ec2-ab82-4013-82c3-a5314d23a330
    [success] => YES
)

[2026-01-16 04:39:36] [22 MB] [chunked_processor] Save verification (direct DB)
    DATA: Array
(
    [verified] => YES
)

[2026-01-16 04:39:36] [22 MB] [chunked_processor] get_job called
    DATA: Array
(
    [job_id] => 5e2a0ec2-ab82-4013-82c3-a5314d23a330
)

[2026-01-16 04:39:36] [22 MB] [chunked_processor] Transient lookup result
    DATA: Array
(
    [option_name] => speed_backups_job_5e2a0ec2-ab82-4013-82c3-a5314d23a330
    [found] => YES
)

[2026-01-16 04:39:36] [22 MB] [chunked_processor] Job retrieved successfully
    DATA: Array
(
    [status] => running
    [type] => backup
)

[2026-01-16 04:39:36] [22 MB] [chunked_processor] get_job called
    DATA: Array
(
    [job_id] => 5e2a0ec2-ab82-4013-82c3-a5314d23a330
)

[2026-01-16 04:39:36] [22 MB] [chunked_processor] Transient lookup result
    DATA: Array
(
    [option_name] => speed_backups_job_5e2a0ec2-ab82-4013-82c3-a5314d23a330
    [found] => YES
)

[2026-01-16 04:39:36] [22 MB] [chunked_processor] Job retrieved successfully
    DATA: Array
(
    [status] => running
    [type] => backup
)

[2026-01-16 04:39:36] [22 MB] [ERROR_HANDLER] PHP error handlers registered
[2026-01-16 04:39:36] [22 MB] [chunked_processor] get_job called
    DATA: Array
(
    [job_id] => 5e2a0ec2-ab82-4013-82c3-a5314d23a330
)

[2026-01-16 04:39:36] [22 MB] [chunked_processor] Transient lookup result
    DATA: Array
(
    [option_name] => speed_backups_job_5e2a0ec2-ab82-4013-82c3-a5314d23a330
    [found] => YES
)

[2026-01-16 04:39:36] [22 MB] [chunked_processor] Job retrieved successfully
    DATA: Array
(
    [status] => running
    [type] => backup
)

[2026-01-16 04:39:36] [22 MB] [chunked_processor] get_job called
    DATA: Array
(
    [job_id] => 5e2a0ec2-ab82-4013-82c3-a5314d23a330
)

[2026-01-16 04:39:36] [22 MB] [chunked_processor] Transient lookup result
    DATA: Array
(
    [option_name] => speed_backups_job_5e2a0ec2-ab82-4013-82c3-a5314d23a330
    [found] => YES
)

[2026-01-16 04:39:36] [22 MB] [chunked_processor] Job retrieved successfully
    DATA: Array
(
    [status] => running
    [type] => backup
)

[2026-01-16 04:39:36] [22 MB] [chunked_processor] get_job called
    DATA: Array
(
    [job_id] => 5e2a0ec2-ab82-4013-82c3-a5314d23a330
)

[2026-01-16 04:39:36] [22 MB] [chunked_processor] Transient lookup result
    DATA: Array
(
    [option_name] => speed_backups_job_5e2a0ec2-ab82-4013-82c3-a5314d23a330
    [found] => YES
)

[2026-01-16 04:39:36] [22 MB] [chunked_processor] Job retrieved successfully
    DATA: Array
(
    [status] => running
    [type] => backup
)

[2026-01-16 04:39:36] [22 MB] [chunked_processor] save_job called
    DATA: Array
(
    [job_id] => 5e2a0ec2-ab82-4013-82c3-a5314d23a330
    [status] => running
)

[2026-01-16 04:39:36] [22 MB] [chunked_processor] Transient save result
    DATA: Array
(
    [option_name] => speed_backups_job_5e2a0ec2-ab82-4013-82c3-a5314d23a330
    [success] => YES
)

[2026-01-16 04:39:36] [22 MB] [chunked_processor] Option save result
    DATA: Array
(
    [option_name] => speed_backups_job_5e2a0ec2-ab82-4013-82c3-a5314d23a330
    [success] => YES
)

[2026-01-16 04:39:36] [22 MB] [chunked_processor] Save verification (direct DB)
    DATA: Array
(
    [verified] => YES
)

[2026-01-16 04:39:36] [22 MB] [chunked_processor] get_job called
    DATA: Array
(
    [job_id] => 5e2a0ec2-ab82-4013-82c3-a5314d23a330
)

[2026-01-16 04:39:36] [22 MB] [chunked_processor] Transient lookup result
    DATA: Array
(
    [option_name] => speed_backups_job_5e2a0ec2-ab82-4013-82c3-a5314d23a330
    [found] => YES
)

[2026-01-16 04:39:36] [22 MB] [chunked_processor] Job retrieved successfully
    DATA: Array
(
    [status] => running
    [type] => backup
)

[2026-01-16 04:39:36] [22 MB] [chunked_processor] save_job called
    DATA: Array
(
    [job_id] => 5e2a0ec2-ab82-4013-82c3-a5314d23a330
    [status] => running
)

[2026-01-16 04:39:36] [22 MB] [chunked_processor] Transient save result
    DATA: Array
(
    [option_name] => speed_backups_job_5e2a0ec2-ab82-4013-82c3-a5314d23a330
    [success] => YES
)

[2026-01-16 04:39:36] [22 MB] [chunked_processor] Option save result
    DATA: Array
(
    [option_name] => speed_backups_job_5e2a0ec2-ab82-4013-82c3-a5314d23a330
    [success] => YES
)

[2026-01-16 04:39:36] [22 MB] [chunked_processor] Save verification (direct DB)
    DATA: Array
(
    [verified] => YES
)

[2026-01-16 04:39:36] [22 MB] [chunked_processor] get_job called
    DATA: Array
(
    [job_id] => 5e2a0ec2-ab82-4013-82c3-a5314d23a330
)

[2026-01-16 04:39:36] [22 MB] [chunked_processor] Transient lookup result
    DATA: Array
(
    [option_name] => speed_backups_job_5e2a0ec2-ab82-4013-82c3-a5314d23a330
    [found] => YES
)

[2026-01-16 04:39:36] [22 MB] [chunked_processor] Job retrieved successfully
    DATA: Array
(
    [status] => running
    [type] => backup
)

[2026-01-16 04:39:36] [22 MB] [chunked_processor] get_job called
    DATA: Array
(
    [job_id] => 5e2a0ec2-ab82-4013-82c3-a5314d23a330
)

[2026-01-16 04:39:36] [22 MB] [chunked_processor] Transient lookup result
    DATA: Array
(
    [option_name] => speed_backups_job_5e2a0ec2-ab82-4013-82c3-a5314d23a330
    [found] => YES
)

[2026-01-16 04:39:36] [22 MB] [chunked_processor] Job retrieved successfully
    DATA: Array
(
    [status] => running
    [type] => backup
)

[2026-01-16 04:39:37] [22 MB] [ERROR_HANDLER] PHP error handlers registered
[2026-01-16 04:39:37] [22 MB] [chunked_processor] get_job called
    DATA: Array
(
    [job_id] => 5e2a0ec2-ab82-4013-82c3-a5314d23a330
)

[2026-01-16 04:39:37] [22 MB] [chunked_processor] Transient lookup result
    DATA: Array
(
    [option_name] => speed_backups_job_5e2a0ec2-ab82-4013-82c3-a5314d23a330
    [found] => YES
)

[2026-01-16 04:39:37] [22 MB] [chunked_processor] Job retrieved successfully
    DATA: Array
(
    [status] => running
    [type] => backup
)

[2026-01-16 04:39:37] [22 MB] [chunked_processor] get_job called
    DATA: Array
(
    [job_id] => 5e2a0ec2-ab82-4013-82c3-a5314d23a330
)

[2026-01-16 04:39:37] [22 MB] [chunked_processor] Transient lookup result
    DATA: Array
(
    [option_name] => speed_backups_job_5e2a0ec2-ab82-4013-82c3-a5314d23a330
    [found] => YES
)

[2026-01-16 04:39:37] [22 MB] [chunked_processor] Job retrieved successfully
    DATA: Array
(
    [status] => running
    [type] => backup
)

[2026-01-16 04:39:37] [22 MB] [chunked_processor] get_job called
    DATA: Array
(
    [job_id] => 5e2a0ec2-ab82-4013-82c3-a5314d23a330
)

[2026-01-16 04:39:37] [22 MB] [chunked_processor] Transient lookup result
    DATA: Array
(
    [option_name] => speed_backups_job_5e2a0ec2-ab82-4013-82c3-a5314d23a330
    [found] => YES
)

[2026-01-16 04:39:37] [22 MB] [chunked_processor] Job retrieved successfully
    DATA: Array
(
    [status] => running
    [type] => backup
)

[2026-01-16 04:39:37] [22 MB] [chunked_processor] save_job called
    DATA: Array
(
    [job_id] => 5e2a0ec2-ab82-4013-82c3-a5314d23a330
    [status] => running
)

[2026-01-16 04:39:37] [22 MB] [chunked_processor] Transient save result
    DATA: Array
(
    [option_name] => speed_backups_job_5e2a0ec2-ab82-4013-82c3-a5314d23a330
    [success] => YES
)

[2026-01-16 04:39:37] [22 MB] [chunked_processor] Option save result
    DATA: Array
(
    [option_name] => speed_backups_job_5e2a0ec2-ab82-4013-82c3-a5314d23a330
    [success] => YES
)

[2026-01-16 04:39:37] [22 MB] [chunked_processor] Save verification (direct DB)
    DATA: Array
(
    [verified] => YES
)

[2026-01-16 04:39:38] [22 MB] [chunked_processor] get_job called
    DATA: Array
(
    [job_id] => 5e2a0ec2-ab82-4013-82c3-a5314d23a330
)

[2026-01-16 04:39:38] [22 MB] [chunked_processor] Transient lookup result
    DATA: Array
(
    [option_name] => speed_backups_job_5e2a0ec2-ab82-4013-82c3-a5314d23a330
    [found] => YES
)

[2026-01-16 04:39:38] [22 MB] [chunked_processor] Job retrieved successfully
    DATA: Array
(
    [status] => running
    [type] => backup
)

[2026-01-16 04:39:38] [22 MB] [chunked_processor] save_job called
    DATA: Array
(
    [job_id] => 5e2a0ec2-ab82-4013-82c3-a5314d23a330
    [status] => running
)

[2026-01-16 04:39:38] [22 MB] [chunked_processor] Transient save result
    DATA: Array
(
    [option_name] => speed_backups_job_5e2a0ec2-ab82-4013-82c3-a5314d23a330
    [success] => YES
)

[2026-01-16 04:39:38] [22 MB] [chunked_processor] Option save result
    DATA: Array
(
    [option_name] => speed_backups_job_5e2a0ec2-ab82-4013-82c3-a5314d23a330
    [success] => YES
)

[2026-01-16 04:39:38] [22 MB] [chunked_processor] Save verification (direct DB)
    DATA: Array
(
    [verified] => YES
)

[2026-01-16 04:39:38] [22 MB] [chunked_processor] get_job called
    DATA: Array
(
    [job_id] => 5e2a0ec2-ab82-4013-82c3-a5314d23a330
)

[2026-01-16 04:39:38] [22 MB] [chunked_processor] Transient lookup result
    DATA: Array
(
    [option_name] => speed_backups_job_5e2a0ec2-ab82-4013-82c3-a5314d23a330
    [found] => YES
)

[2026-01-16 04:39:38] [22 MB] [chunked_processor] Job retrieved successfully
    DATA: Array
(
    [status] => running
    [type] => backup
)

[2026-01-16 04:39:38] [22 MB] [chunked_processor] get_job called
    DATA: Array
(
    [job_id] => 5e2a0ec2-ab82-4013-82c3-a5314d23a330
)

[2026-01-16 04:39:38] [22 MB] [chunked_processor] Transient lookup result
    DATA: Array
(
    [option_name] => speed_backups_job_5e2a0ec2-ab82-4013-82c3-a5314d23a330
    [found] => YES
)

[2026-01-16 04:39:38] [22 MB] [chunked_processor] Job retrieved successfully
    DATA: Array
(
    [status] => running
    [type] => backup
)

[2026-01-16 04:39:38] [22 MB] [ERROR_HANDLER] PHP error handlers registered
[2026-01-16 04:39:38] [22 MB] [chunked_processor] get_job called
    DATA: Array
(
    [job_id] => 5e2a0ec2-ab82-4013-82c3-a5314d23a330
)

[2026-01-16 04:39:38] [22 MB] [chunked_processor] Transient lookup result
    DATA: Array
(
    [option_name] => speed_backups_job_5e2a0ec2-ab82-4013-82c3-a5314d23a330
    [found] => YES
)

[2026-01-16 04:39:38] [22 MB] [chunked_processor] Job retrieved successfully
    DATA: Array
(
    [status] => running
    [type] => backup
)

[2026-01-16 04:39:38] [22 MB] [chunked_processor] get_job called
    DATA: Array
(
    [job_id] => 5e2a0ec2-ab82-4013-82c3-a5314d23a330
)

[2026-01-16 04:39:38] [22 MB] [chunked_processor] Transient lookup result
    DATA: Array
(
    [option_name] => speed_backups_job_5e2a0ec2-ab82-4013-82c3-a5314d23a330
    [found] => YES
)

[2026-01-16 04:39:38] [22 MB] [chunked_processor] Job retrieved successfully
    DATA: Array
(
    [status] => running
    [type] => backup
)

[2026-01-16 04:39:38] [22 MB] [chunked_processor] get_job called
    DATA: Array
(
    [job_id] => 5e2a0ec2-ab82-4013-82c3-a5314d23a330
)

[2026-01-16 04:39:38] [22 MB] [chunked_processor] Transient lookup result
    DATA: Array
(
    [option_name] => speed_backups_job_5e2a0ec2-ab82-4013-82c3-a5314d23a330
    [found] => YES
)

[2026-01-16 04:39:38] [22 MB] [chunked_processor] Job retrieved successfully
    DATA: Array
(
    [status] => running
    [type] => backup
)

[2026-01-16 04:39:38] [22 MB] [chunked_processor] save_job called
    DATA: Array
(
    [job_id] => 5e2a0ec2-ab82-4013-82c3-a5314d23a330
    [status] => running
)

[2026-01-16 04:39:38] [22 MB] [chunked_processor] Transient save result
    DATA: Array
(
    [option_name] => speed_backups_job_5e2a0ec2-ab82-4013-82c3-a5314d23a330
    [success] => YES
)

[2026-01-16 04:39:38] [22 MB] [chunked_processor] Option save result
    DATA: Array
(
    [option_name] => speed_backups_job_5e2a0ec2-ab82-4013-82c3-a5314d23a330
    [success] => YES
)

[2026-01-16 04:39:38] [22 MB] [chunked_processor] Save verification (direct DB)
    DATA: Array
(
    [verified] => YES
)

[2026-01-16 04:39:48] [24 MB] [chunked_processor] get_job called
    DATA: Array
(
    [job_id] => 5e2a0ec2-ab82-4013-82c3-a5314d23a330
)

[2026-01-16 04:39:48] [24 MB] [chunked_processor] Transient lookup result
    DATA: Array
(
    [option_name] => speed_backups_job_5e2a0ec2-ab82-4013-82c3-a5314d23a330
    [found] => YES
)

[2026-01-16 04:39:48] [24 MB] [chunked_processor] Job retrieved successfully
    DATA: Array
(
    [status] => running
    [type] => backup
)

[2026-01-16 04:39:48] [24 MB] [chunked_processor] save_job called
    DATA: Array
(
    [job_id] => 5e2a0ec2-ab82-4013-82c3-a5314d23a330
    [status] => running
)

[2026-01-16 04:39:48] [24 MB] [chunked_processor] Transient save result
    DATA: Array
(
    [option_name] => speed_backups_job_5e2a0ec2-ab82-4013-82c3-a5314d23a330
    [success] => YES
)

[2026-01-16 04:39:48] [24 MB] [chunked_processor] Option save result
    DATA: Array
(
    [option_name] => speed_backups_job_5e2a0ec2-ab82-4013-82c3-a5314d23a330
    [success] => YES
)

[2026-01-16 04:39:48] [24 MB] [chunked_processor] Save verification (direct DB)
    DATA: Array
(
    [verified] => YES
)

[2026-01-16 04:39:48] [24 MB] [chunked_processor] get_job called
    DATA: Array
(
    [job_id] => 5e2a0ec2-ab82-4013-82c3-a5314d23a330
)

[2026-01-16 04:39:48] [24 MB] [chunked_processor] Transient lookup result
    DATA: Array
(
    [option_name] => speed_backups_job_5e2a0ec2-ab82-4013-82c3-a5314d23a330
    [found] => YES
)

[2026-01-16 04:39:48] [24 MB] [chunked_processor] Job retrieved successfully
    DATA: Array
(
    [status] => running
    [type] => backup
)

[2026-01-16 04:39:48] [24 MB] [chunked_processor] get_job called
    DATA: Array
(
    [job_id] => 5e2a0ec2-ab82-4013-82c3-a5314d23a330
)

[2026-01-16 04:39:48] [24 MB] [chunked_processor] Transient lookup result
    DATA: Array
(
    [option_name] => speed_backups_job_5e2a0ec2-ab82-4013-82c3-a5314d23a330
    [found] => YES
)

[2026-01-16 04:39:48] [24 MB] [chunked_processor] Job retrieved successfully
    DATA: Array
(
    [status] => running
    [type] => backup
)

[2026-01-16 04:39:48] [22 MB] [ERROR_HANDLER] PHP error handlers registered
[2026-01-16 04:39:49] [22 MB] [chunked_processor] get_job called
    DATA: Array
(
    [job_id] => 5e2a0ec2-ab82-4013-82c3-a5314d23a330
)

[2026-01-16 04:39:49] [22 MB] [chunked_processor] Transient lookup result
    DATA: Array
(
    [option_name] => speed_backups_job_5e2a0ec2-ab82-4013-82c3-a5314d23a330
    [found] => YES
)

[2026-01-16 04:39:49] [22 MB] [chunked_processor] Job retrieved successfully
    DATA: Array
(
    [status] => running
    [type] => backup
)

[2026-01-16 04:39:49] [22 MB] [chunked_processor] get_job called
    DATA: Array
(
    [job_id] => 5e2a0ec2-ab82-4013-82c3-a5314d23a330
)

[2026-01-16 04:39:49] [22 MB] [chunked_processor] Transient lookup result
    DATA: Array
(
    [option_name] => speed_backups_job_5e2a0ec2-ab82-4013-82c3-a5314d23a330
    [found] => YES
)

[2026-01-16 04:39:49] [22 MB] [chunked_processor] Job retrieved successfully
    DATA: Array
(
    [status] => running
    [type] => backup
)

[2026-01-16 04:39:49] [22 MB] [chunked_processor] get_job called
    DATA: Array
(
    [job_id] => 5e2a0ec2-ab82-4013-82c3-a5314d23a330
)

[2026-01-16 04:39:49] [22 MB] [chunked_processor] Transient lookup result
    DATA: Array
(
    [option_name] => speed_backups_job_5e2a0ec2-ab82-4013-82c3-a5314d23a330
    [found] => YES
)

[2026-01-16 04:39:49] [22 MB] [chunked_processor] Job retrieved successfully
    DATA: Array
(
    [status] => running
    [type] => backup
)

[2026-01-16 04:39:49] [22 MB] [chunked_processor] save_job called
    DATA: Array
(
    [job_id] => 5e2a0ec2-ab82-4013-82c3-a5314d23a330
    [status] => running
)

[2026-01-16 04:39:49] [22 MB] [chunked_processor] Transient save result
    DATA: Array
(
    [option_name] => speed_backups_job_5e2a0ec2-ab82-4013-82c3-a5314d23a330
    [success] => YES
)

[2026-01-16 04:39:49] [22 MB] [chunked_processor] Option save result
    DATA: Array
(
    [option_name] => speed_backups_job_5e2a0ec2-ab82-4013-82c3-a5314d23a330
    [success] => YES
)

[2026-01-16 04:39:49] [22 MB] [chunked_processor] Save verification (direct DB)
    DATA: Array
(
    [verified] => YES
)

[2026-01-16 04:39:49] [22 MB] [ERROR_HANDLER] PHP error handlers registered
[2026-01-16 04:39:50] [24 MB] [chunked_processor] get_job called
    DATA: Array
(
    [job_id] => 5e2a0ec2-ab82-4013-82c3-a5314d23a330
)

[2026-01-16 04:39:50] [24 MB] [chunked_processor] Transient lookup result
    DATA: Array
(
    [option_name] => speed_backups_job_5e2a0ec2-ab82-4013-82c3-a5314d23a330
    [found] => YES
)

[2026-01-16 04:39:50] [24 MB] [chunked_processor] Job retrieved successfully
    DATA: Array
(
    [status] => running
    [type] => backup
)

[2026-01-16 04:39:50] [24 MB] [chunked_processor] save_job called
    DATA: Array
(
    [job_id] => 5e2a0ec2-ab82-4013-82c3-a5314d23a330
    [status] => running
)

[2026-01-16 04:39:50] [24 MB] [chunked_processor] Transient save result
    DATA: Array
(
    [option_name] => speed_backups_job_5e2a0ec2-ab82-4013-82c3-a5314d23a330
    [success] => YES
)

[2026-01-16 04:39:50] [24 MB] [chunked_processor] Option save result
    DATA: Array
(
    [option_name] => speed_backups_job_5e2a0ec2-ab82-4013-82c3-a5314d23a330
    [success] => YES
)

[2026-01-16 04:39:50] [24 MB] [chunked_processor] Save verification (direct DB)
    DATA: Array
(
    [verified] => YES
)

[2026-01-16 04:39:50] [24 MB] [chunked_processor] get_job called
    DATA: Array
(
    [job_id] => 5e2a0ec2-ab82-4013-82c3-a5314d23a330
)

[2026-01-16 04:39:50] [24 MB] [chunked_processor] Transient lookup result
    DATA: Array
(
    [option_name] => speed_backups_job_5e2a0ec2-ab82-4013-82c3-a5314d23a330
    [found] => YES
)

[2026-01-16 04:39:50] [24 MB] [chunked_processor] Job retrieved successfully
    DATA: Array
(
    [status] => running
    [type] => backup
)

[2026-01-16 04:39:50] [24 MB] [chunked_processor] get_job called
    DATA: Array
(
    [job_id] => 5e2a0ec2-ab82-4013-82c3-a5314d23a330
)

[2026-01-16 04:39:50] [24 MB] [chunked_processor] Transient lookup result
    DATA: Array
(
    [option_name] => speed_backups_job_5e2a0ec2-ab82-4013-82c3-a5314d23a330
    [found] => YES
)

[2026-01-16 04:39:50] [24 MB] [chunked_processor] Job retrieved successfully
    DATA: Array
(
    [status] => running
    [type] => backup
)

[2026-01-16 04:39:51] [22 MB] [ERROR_HANDLER] PHP error handlers registered
[2026-01-16 04:39:51] [22 MB] [chunked_processor] get_job called
    DATA: Array
(
    [job_id] => 5e2a0ec2-ab82-4013-82c3-a5314d23a330
)

[2026-01-16 04:39:51] [22 MB] [chunked_processor] Transient lookup result
    DATA: Array
(
    [option_name] => speed_backups_job_5e2a0ec2-ab82-4013-82c3-a5314d23a330
    [found] => YES
)

[2026-01-16 04:39:51] [22 MB] [chunked_processor] Job retrieved successfully
    DATA: Array
(
    [status] => running
    [type] => backup
)

[2026-01-16 04:39:51] [22 MB] [chunked_processor] get_job called
    DATA: Array
(
    [job_id] => 5e2a0ec2-ab82-4013-82c3-a5314d23a330
)

[2026-01-16 04:39:51] [22 MB] [chunked_processor] Transient lookup result
    DATA: Array
(
    [option_name] => speed_backups_job_5e2a0ec2-ab82-4013-82c3-a5314d23a330
    [found] => YES
)

[2026-01-16 04:39:51] [22 MB] [chunked_processor] Job retrieved successfully
    DATA: Array
(
    [status] => running
    [type] => backup
)

[2026-01-16 04:39:51] [22 MB] [chunked_processor] get_job called
    DATA: Array
(
    [job_id] => 5e2a0ec2-ab82-4013-82c3-a5314d23a330
)

[2026-01-16 04:39:51] [22 MB] [chunked_processor] Transient lookup result
    DATA: Array
(
    [option_name] => speed_backups_job_5e2a0ec2-ab82-4013-82c3-a5314d23a330
    [found] => YES
)

[2026-01-16 04:39:51] [22 MB] [chunked_processor] Job retrieved successfully
    DATA: Array
(
    [status] => running
    [type] => backup
)

[2026-01-16 04:39:51] [22 MB] [chunked_processor] save_job called
    DATA: Array
(
    [job_id] => 5e2a0ec2-ab82-4013-82c3-a5314d23a330
    [status] => running
)

[2026-01-16 04:39:51] [22 MB] [chunked_processor] Transient save result
    DATA: Array
(
    [option_name] => speed_backups_job_5e2a0ec2-ab82-4013-82c3-a5314d23a330
    [success] => YES
)

[2026-01-16 04:39:51] [22 MB] [chunked_processor] Option save result
    DATA: Array
(
    [option_name] => speed_backups_job_5e2a0ec2-ab82-4013-82c3-a5314d23a330
    [success] => YES
)

[2026-01-16 04:39:51] [22 MB] [chunked_processor] Save verification (direct DB)
    DATA: Array
(
    [verified] => YES
)

[2026-01-16 04:39:51] [22 MB] [chunked_processor] get_job called
    DATA: Array
(
    [job_id] => 5e2a0ec2-ab82-4013-82c3-a5314d23a330
)

[2026-01-16 04:39:51] [22 MB] [chunked_processor] Transient lookup result
    DATA: Array
(
    [option_name] => speed_backups_job_5e2a0ec2-ab82-4013-82c3-a5314d23a330
    [found] => YES
)

[2026-01-16 04:39:51] [22 MB] [chunked_processor] Job retrieved successfully
    DATA: Array
(
    [status] => running
    [type] => backup
)

[2026-01-16 04:39:51] [22 MB] [chunked_processor] save_job called
    DATA: Array
(
    [job_id] => 5e2a0ec2-ab82-4013-82c3-a5314d23a330
    [status] => running
)

[2026-01-16 04:39:51] [22 MB] [chunked_processor] Transient save result
    DATA: Array
(
    [option_name] => speed_backups_job_5e2a0ec2-ab82-4013-82c3-a5314d23a330
    [success] => YES
)

[2026-01-16 04:39:51] [22 MB] [chunked_processor] Option save result
    DATA: Array
(
    [option_name] => speed_backups_job_5e2a0ec2-ab82-4013-82c3-a5314d23a330
    [success] => YES
)

[2026-01-16 04:39:51] [22 MB] [chunked_processor] Save verification (direct DB)
    DATA: Array
(
    [verified] => YES
)

[2026-01-16 04:39:51] [22 MB] [chunked_processor] get_job called
    DATA: Array
(
    [job_id] => 5e2a0ec2-ab82-4013-82c3-a5314d23a330
)

[2026-01-16 04:39:51] [22 MB] [chunked_processor] Transient lookup result
    DATA: Array
(
    [option_name] => speed_backups_job_5e2a0ec2-ab82-4013-82c3-a5314d23a330
    [found] => YES
)

[2026-01-16 04:39:51] [22 MB] [chunked_processor] Job retrieved successfully
    DATA: Array
(
    [status] => running
    [type] => backup
)

[2026-01-16 04:39:51] [22 MB] [chunked_processor] get_job called
    DATA: Array
(
    [job_id] => 5e2a0ec2-ab82-4013-82c3-a5314d23a330
)

[2026-01-16 04:39:51] [22 MB] [chunked_processor] Transient lookup result
    DATA: Array
(
    [option_name] => speed_backups_job_5e2a0ec2-ab82-4013-82c3-a5314d23a330
    [found] => YES
)

[2026-01-16 04:39:51] [22 MB] [chunked_processor] Job retrieved successfully
    DATA: Array
(
    [status] => running
    [type] => backup
)

[2026-01-16 04:39:52] [18 MB] [ERROR_HANDLER] PHP error handlers registered
[2026-01-16 04:39:52] [18 MB] [chunked_processor] get_job called
    DATA: Array
(
    [job_id] => 5e2a0ec2-ab82-4013-82c3-a5314d23a330
)

[2026-01-16 04:39:52] [18 MB] [chunked_processor] Transient lookup result
    DATA: Array
(
    [option_name] => speed_backups_job_5e2a0ec2-ab82-4013-82c3-a5314d23a330
    [found] => YES
)

[2026-01-16 04:39:52] [18 MB] [chunked_processor] Job retrieved successfully
    DATA: Array
(
    [status] => running
    [type] => backup
)

[2026-01-16 04:39:52] [18 MB] [chunked_processor] get_job called
    DATA: Array
(
    [job_id] => 5e2a0ec2-ab82-4013-82c3-a5314d23a330
)

[2026-01-16 04:39:52] [18 MB] [chunked_processor] Transient lookup result
    DATA: Array
(
    [option_name] => speed_backups_job_5e2a0ec2-ab82-4013-82c3-a5314d23a330
    [found] => YES
)

[2026-01-16 04:39:52] [18 MB] [chunked_processor] Job retrieved successfully
    DATA: Array
(
    [status] => running
    [type] => backup
)

[2026-01-16 04:39:52] [20 MB] [chunked_processor] get_job called
    DATA: Array
(
    [job_id] => 5e2a0ec2-ab82-4013-82c3-a5314d23a330
)

[2026-01-16 04:39:52] [20 MB] [chunked_processor] Transient lookup result
    DATA: Array
(
    [option_name] => speed_backups_job_5e2a0ec2-ab82-4013-82c3-a5314d23a330
    [found] => YES
)

[2026-01-16 04:39:52] [20 MB] [chunked_processor] Job retrieved successfully
    DATA: Array
(
    [status] => running
    [type] => backup
)

[2026-01-16 04:39:52] [20 MB] [chunked_processor] save_job called
    DATA: Array
(
    [job_id] => 5e2a0ec2-ab82-4013-82c3-a5314d23a330
    [status] => running
)

[2026-01-16 04:39:52] [20 MB] [chunked_processor] Transient save result
    DATA: Array
(
    [option_name] => speed_backups_job_5e2a0ec2-ab82-4013-82c3-a5314d23a330
    [success] => YES
)

[2026-01-16 04:39:52] [20 MB] [chunked_processor] Option save result
    DATA: Array
(
    [option_name] => speed_backups_job_5e2a0ec2-ab82-4013-82c3-a5314d23a330
    [success] => YES
)

[2026-01-16 04:39:52] [20 MB] [chunked_processor] Save verification (direct DB)
    DATA: Array
(
    [verified] => YES
)

[2026-01-16 04:39:55] [22 MB] [chunked_processor] get_job called
    DATA: Array
(
    [job_id] => 5e2a0ec2-ab82-4013-82c3-a5314d23a330
)

[2026-01-16 04:39:55] [22 MB] [chunked_processor] Transient lookup result
    DATA: Array
(
    [option_name] => speed_backups_job_5e2a0ec2-ab82-4013-82c3-a5314d23a330
    [found] => YES
)

[2026-01-16 04:39:55] [22 MB] [chunked_processor] Job retrieved successfully
    DATA: Array
(
    [status] => running
    [type] => backup
)

[2026-01-16 04:39:55] [22 MB] [chunked_processor] save_job called
    DATA: Array
(
    [job_id] => 5e2a0ec2-ab82-4013-82c3-a5314d23a330
    [status] => running
)

[2026-01-16 04:39:55] [22 MB] [chunked_processor] Transient save result
    DATA: Array
(
    [option_name] => speed_backups_job_5e2a0ec2-ab82-4013-82c3-a5314d23a330
    [success] => YES
)

[2026-01-16 04:39:55] [22 MB] [chunked_processor] Option save result
    DATA: Array
(
    [option_name] => speed_backups_job_5e2a0ec2-ab82-4013-82c3-a5314d23a330
    [success] => YES
)

[2026-01-16 04:39:55] [22 MB] [chunked_processor] Save verification (direct DB)
    DATA: Array
(
    [verified] => YES
)

[2026-01-16 04:39:55] [22 MB] [chunked_processor] get_job called
    DATA: Array
(
    [job_id] => 5e2a0ec2-ab82-4013-82c3-a5314d23a330
)

[2026-01-16 04:39:55] [22 MB] [chunked_processor] Transient lookup result
    DATA: Array
(
    [option_name] => speed_backups_job_5e2a0ec2-ab82-4013-82c3-a5314d23a330
    [found] => YES
)

[2026-01-16 04:39:55] [22 MB] [chunked_processor] Job retrieved successfully
    DATA: Array
(
    [status] => running
    [type] => backup
)

[2026-01-16 04:39:55] [22 MB] [chunked_processor] get_job called
    DATA: Array
(
    [job_id] => 5e2a0ec2-ab82-4013-82c3-a5314d23a330
)

[2026-01-16 04:39:55] [22 MB] [chunked_processor] Transient lookup result
    DATA: Array
(
    [option_name] => speed_backups_job_5e2a0ec2-ab82-4013-82c3-a5314d23a330
    [found] => YES
)

[2026-01-16 04:39:55] [22 MB] [chunked_processor] Job retrieved successfully
    DATA: Array
(
    [status] => running
    [type] => backup
)

[2026-01-16 04:39:56] [22 MB] [ERROR_HANDLER] PHP error handlers registered
[2026-01-16 04:39:56] [22 MB] [chunked_processor] get_job called
    DATA: Array
(
    [job_id] => 5e2a0ec2-ab82-4013-82c3-a5314d23a330
)

[2026-01-16 04:39:56] [22 MB] [chunked_processor] Transient lookup result
    DATA: Array
(
    [option_name] => speed_backups_job_5e2a0ec2-ab82-4013-82c3-a5314d23a330
    [found] => YES
)

[2026-01-16 04:39:56] [22 MB] [chunked_processor] Job retrieved successfully
    DATA: Array
(
    [status] => running
    [type] => backup
)

[2026-01-16 04:39:56] [22 MB] [chunked_processor] get_job called
    DATA: Array
(
    [job_id] => 5e2a0ec2-ab82-4013-82c3-a5314d23a330
)

[2026-01-16 04:39:56] [22 MB] [chunked_processor] Transient lookup result
    DATA: Array
(
    [option_name] => speed_backups_job_5e2a0ec2-ab82-4013-82c3-a5314d23a330
    [found] => YES
)

[2026-01-16 04:39:56] [22 MB] [chunked_processor] Job retrieved successfully
    DATA: Array
(
    [status] => running
    [type] => backup
)

[2026-01-16 04:39:56] [22 MB] [chunked_processor] get_job called
    DATA: Array
(
    [job_id] => 5e2a0ec2-ab82-4013-82c3-a5314d23a330
)

[2026-01-16 04:39:56] [22 MB] [chunked_processor] Transient lookup result
    DATA: Array
(
    [option_name] => speed_backups_job_5e2a0ec2-ab82-4013-82c3-a5314d23a330
    [found] => YES
)

[2026-01-16 04:39:56] [22 MB] [chunked_processor] Job retrieved successfully
    DATA: Array
(
    [status] => running
    [type] => backup
)

[2026-01-16 04:39:56] [22 MB] [chunked_processor] save_job called
    DATA: Array
(
    [job_id] => 5e2a0ec2-ab82-4013-82c3-a5314d23a330
    [status] => running
)

[2026-01-16 04:39:56] [22 MB] [chunked_processor] Transient save result
    DATA: Array
(
    [option_name] => speed_backups_job_5e2a0ec2-ab82-4013-82c3-a5314d23a330
    [success] => YES
)

[2026-01-16 04:39:56] [22 MB] [chunked_processor] Option save result
    DATA: Array
(
    [option_name] => speed_backups_job_5e2a0ec2-ab82-4013-82c3-a5314d23a330
    [success] => YES
)

[2026-01-16 04:39:56] [22 MB] [chunked_processor] Save verification (direct DB)
    DATA: Array
(
    [verified] => YES
)

[2026-01-16 04:40:02] [22 MB] [chunked_processor] get_job called
    DATA: Array
(
    [job_id] => 5e2a0ec2-ab82-4013-82c3-a5314d23a330
)

[2026-01-16 04:40:02] [22 MB] [chunked_processor] Transient lookup result
    DATA: Array
(
    [option_name] => speed_backups_job_5e2a0ec2-ab82-4013-82c3-a5314d23a330
    [found] => YES
)

[2026-01-16 04:40:02] [22 MB] [chunked_processor] Job retrieved successfully
    DATA: Array
(
    [status] => running
    [type] => backup
)

[2026-01-16 04:40:02] [22 MB] [chunked_processor] save_job called
    DATA: Array
(
    [job_id] => 5e2a0ec2-ab82-4013-82c3-a5314d23a330
    [status] => running
)

[2026-01-16 04:40:02] [22 MB] [chunked_processor] Transient save result
    DATA: Array
(
    [option_name] => speed_backups_job_5e2a0ec2-ab82-4013-82c3-a5314d23a330
    [success] => YES
)

[2026-01-16 04:40:02] [22 MB] [chunked_processor] Option save result
    DATA: Array
(
    [option_name] => speed_backups_job_5e2a0ec2-ab82-4013-82c3-a5314d23a330
    [success] => YES
)

[2026-01-16 04:40:02] [22 MB] [chunked_processor] Save verification (direct DB)
    DATA: Array
(
    [verified] => YES
)

[2026-01-16 04:40:02] [22 MB] [chunked_processor] get_job called
    DATA: Array
(
    [job_id] => 5e2a0ec2-ab82-4013-82c3-a5314d23a330
)

[2026-01-16 04:40:02] [22 MB] [chunked_processor] Transient lookup result
    DATA: Array
(
    [option_name] => speed_backups_job_5e2a0ec2-ab82-4013-82c3-a5314d23a330
    [found] => YES
)

[2026-01-16 04:40:02] [22 MB] [chunked_processor] Job retrieved successfully
    DATA: Array
(
    [status] => running
    [type] => backup
)

[2026-01-16 04:40:02] [22 MB] [chunked_processor] get_job called
    DATA: Array
(
    [job_id] => 5e2a0ec2-ab82-4013-82c3-a5314d23a330
)

[2026-01-16 04:40:02] [22 MB] [chunked_processor] Transient lookup result
    DATA: Array
(
    [option_name] => speed_backups_job_5e2a0ec2-ab82-4013-82c3-a5314d23a330
    [found] => YES
)

[2026-01-16 04:40:02] [22 MB] [chunked_processor] Job retrieved successfully
    DATA: Array
(
    [status] => running
    [type] => backup
)

[2026-01-16 04:40:03] [22 MB] [ERROR_HANDLER] PHP error handlers registered
[2026-01-16 04:40:03] [22 MB] [chunked_processor] get_job called
    DATA: Array
(
    [job_id] => 5e2a0ec2-ab82-4013-82c3-a5314d23a330
)

[2026-01-16 04:40:03] [22 MB] [chunked_processor] Transient lookup result
    DATA: Array
(
    [option_name] => speed_backups_job_5e2a0ec2-ab82-4013-82c3-a5314d23a330
    [found] => YES
)

[2026-01-16 04:40:03] [22 MB] [chunked_processor] Job retrieved successfully
    DATA: Array
(
    [status] => running
    [type] => backup
)

[2026-01-16 04:40:03] [22 MB] [chunked_processor] get_job called
    DATA: Array
(
    [job_id] => 5e2a0ec2-ab82-4013-82c3-a5314d23a330
)

[2026-01-16 04:40:03] [22 MB] [chunked_processor] Transient lookup result
    DATA: Array
(
    [option_name] => speed_backups_job_5e2a0ec2-ab82-4013-82c3-a5314d23a330
    [found] => YES
)

[2026-01-16 04:40:03] [22 MB] [chunked_processor] Job retrieved successfully
    DATA: Array
(
    [status] => running
    [type] => backup
)

[2026-01-16 04:40:03] [22 MB] [chunked_processor] get_job called
    DATA: Array
(
    [job_id] => 5e2a0ec2-ab82-4013-82c3-a5314d23a330
)

[2026-01-16 04:40:03] [22 MB] [chunked_processor] Transient lookup result
    DATA: Array
(
    [option_name] => speed_backups_job_5e2a0ec2-ab82-4013-82c3-a5314d23a330
    [found] => YES
)

[2026-01-16 04:40:03] [22 MB] [chunked_processor] Job retrieved successfully
    DATA: Array
(
    [status] => running
    [type] => backup
)

[2026-01-16 04:40:03] [22 MB] [chunked_processor] save_job called
    DATA: Array
(
    [job_id] => 5e2a0ec2-ab82-4013-82c3-a5314d23a330
    [status] => running
)

[2026-01-16 04:40:03] [22 MB] [chunked_processor] Transient save result
    DATA: Array
(
    [option_name] => speed_backups_job_5e2a0ec2-ab82-4013-82c3-a5314d23a330
    [success] => YES
)

[2026-01-16 04:40:03] [22 MB] [chunked_processor] Option save result
    DATA: Array
(
    [option_name] => speed_backups_job_5e2a0ec2-ab82-4013-82c3-a5314d23a330
    [success] => YES
)

[2026-01-16 04:40:03] [22 MB] [chunked_processor] Save verification (direct DB)
    DATA: Array
(
    [verified] => YES
)

[2026-01-16 04:40:05] [22 MB] [chunked_processor] get_job called
    DATA: Array
(
    [job_id] => 5e2a0ec2-ab82-4013-82c3-a5314d23a330
)

[2026-01-16 04:40:05] [22 MB] [chunked_processor] Transient lookup result
    DATA: Array
(
    [option_name] => speed_backups_job_5e2a0ec2-ab82-4013-82c3-a5314d23a330
    [found] => YES
)

[2026-01-16 04:40:05] [22 MB] [chunked_processor] Job retrieved successfully
    DATA: Array
(
    [status] => running
    [type] => backup
)

[2026-01-16 04:40:05] [22 MB] [chunked_processor] save_job called
    DATA: Array
(
    [job_id] => 5e2a0ec2-ab82-4013-82c3-a5314d23a330
    [status] => running
)

[2026-01-16 04:40:05] [22 MB] [chunked_processor] Transient save result
    DATA: Array
(
    [option_name] => speed_backups_job_5e2a0ec2-ab82-4013-82c3-a5314d23a330
    [success] => YES
)

[2026-01-16 04:40:05] [22 MB] [chunked_processor] Option save result
    DATA: Array
(
    [option_name] => speed_backups_job_5e2a0ec2-ab82-4013-82c3-a5314d23a330
    [success] => YES
)

[2026-01-16 04:40:05] [22 MB] [chunked_processor] Save verification (direct DB)
    DATA: Array
(
    [verified] => YES
)

[2026-01-16 04:40:05] [22 MB] [chunked_processor] get_job called
    DATA: Array
(
    [job_id] => 5e2a0ec2-ab82-4013-82c3-a5314d23a330
)

[2026-01-16 04:40:05] [22 MB] [chunked_processor] Transient lookup result
    DATA: Array
(
    [option_name] => speed_backups_job_5e2a0ec2-ab82-4013-82c3-a5314d23a330
    [found] => YES
)

[2026-01-16 04:40:05] [22 MB] [chunked_processor] Job retrieved successfully
    DATA: Array
(
    [status] => running
    [type] => backup
)

[2026-01-16 04:40:05] [22 MB] [chunked_processor] get_job called
    DATA: Array
(
    [job_id] => 5e2a0ec2-ab82-4013-82c3-a5314d23a330
)

[2026-01-16 04:40:05] [22 MB] [chunked_processor] Transient lookup result
    DATA: Array
(
    [option_name] => speed_backups_job_5e2a0ec2-ab82-4013-82c3-a5314d23a330
    [found] => YES
)

[2026-01-16 04:40:05] [22 MB] [chunked_processor] Job retrieved successfully
    DATA: Array
(
    [status] => running
    [type] => backup
)

[2026-01-16 04:40:06] [20 MB] [ERROR_HANDLER] PHP error handlers registered
[2026-01-16 04:40:06] [20 MB] [chunked_processor] get_job called
    DATA: Array
(
    [job_id] => 5e2a0ec2-ab82-4013-82c3-a5314d23a330
)

[2026-01-16 04:40:06] [20 MB] [chunked_processor] Transient lookup result
    DATA: Array
(
    [option_name] => speed_backups_job_5e2a0ec2-ab82-4013-82c3-a5314d23a330
    [found] => YES
)

[2026-01-16 04:40:06] [20 MB] [chunked_processor] Job retrieved successfully
    DATA: Array
(
    [status] => running
    [type] => backup
)

[2026-01-16 04:40:06] [20 MB] [chunked_processor] get_job called
    DATA: Array
(
    [job_id] => 5e2a0ec2-ab82-4013-82c3-a5314d23a330
)

[2026-01-16 04:40:06] [20 MB] [chunked_processor] Transient lookup result
    DATA: Array
(
    [option_name] => speed_backups_job_5e2a0ec2-ab82-4013-82c3-a5314d23a330
    [found] => YES
)

[2026-01-16 04:40:06] [20 MB] [chunked_processor] Job retrieved successfully
    DATA: Array
(
    [status] => running
    [type] => backup
)

[2026-01-16 04:40:06] [20 MB] [chunked_processor] get_job called
    DATA: Array
(
    [job_id] => 5e2a0ec2-ab82-4013-82c3-a5314d23a330
)

[2026-01-16 04:40:06] [20 MB] [chunked_processor] Transient lookup result
    DATA: Array
(
    [option_name] => speed_backups_job_5e2a0ec2-ab82-4013-82c3-a5314d23a330
    [found] => YES
)

[2026-01-16 04:40:06] [20 MB] [chunked_processor] Job retrieved successfully
    DATA: Array
(
    [status] => running
    [type] => backup
)

[2026-01-16 04:40:06] [20 MB] [chunked_processor] save_job called
    DATA: Array
(
    [job_id] => 5e2a0ec2-ab82-4013-82c3-a5314d23a330
    [status] => running
)

[2026-01-16 04:40:06] [20 MB] [chunked_processor] Transient save result
    DATA: Array
(
    [option_name] => speed_backups_job_5e2a0ec2-ab82-4013-82c3-a5314d23a330
    [success] => YES
)

[2026-01-16 04:40:06] [20 MB] [chunked_processor] Option save result
    DATA: Array
(
    [option_name] => speed_backups_job_5e2a0ec2-ab82-4013-82c3-a5314d23a330
    [success] => YES
)

[2026-01-16 04:40:06] [20 MB] [chunked_processor] Save verification (direct DB)
    DATA: Array
(
    [verified] => YES
)

[2026-01-16 04:40:06] [22 MB] [chunked_processor] get_job called
    DATA: Array
(
    [job_id] => 5e2a0ec2-ab82-4013-82c3-a5314d23a330
)

[2026-01-16 04:40:06] [22 MB] [chunked_processor] Transient lookup result
    DATA: Array
(
    [option_name] => speed_backups_job_5e2a0ec2-ab82-4013-82c3-a5314d23a330
    [found] => YES
)

[2026-01-16 04:40:06] [22 MB] [chunked_processor] Job retrieved successfully
    DATA: Array
(
    [status] => running
    [type] => backup
)

[2026-01-16 04:40:06] [22 MB] [chunked_processor] save_job called
    DATA: Array
(
    [job_id] => 5e2a0ec2-ab82-4013-82c3-a5314d23a330
    [status] => running
)

[2026-01-16 04:40:06] [22 MB] [chunked_processor] Transient save result
    DATA: Array
(
    [option_name] => speed_backups_job_5e2a0ec2-ab82-4013-82c3-a5314d23a330
    [success] => YES
)

[2026-01-16 04:40:06] [22 MB] [chunked_processor] Option save result
    DATA: Array
(
    [option_name] => speed_backups_job_5e2a0ec2-ab82-4013-82c3-a5314d23a330
    [success] => YES
)

[2026-01-16 04:40:06] [22 MB] [chunked_processor] Save verification (direct DB)
    DATA: Array
(
    [verified] => YES
)

[2026-01-16 04:40:06] [22 MB] [chunked_processor] get_job called
    DATA: Array
(
    [job_id] => 5e2a0ec2-ab82-4013-82c3-a5314d23a330
)

[2026-01-16 04:40:06] [22 MB] [chunked_processor] Transient lookup result
    DATA: Array
(
    [option_name] => speed_backups_job_5e2a0ec2-ab82-4013-82c3-a5314d23a330
    [found] => YES
)

[2026-01-16 04:40:06] [22 MB] [chunked_processor] Job retrieved successfully
    DATA: Array
(
    [status] => running
    [type] => backup
)

[2026-01-16 04:40:06] [22 MB] [chunked_processor] get_job called
    DATA: Array
(
    [job_id] => 5e2a0ec2-ab82-4013-82c3-a5314d23a330
)

[2026-01-16 04:40:06] [22 MB] [chunked_processor] Transient lookup result
    DATA: Array
(
    [option_name] => speed_backups_job_5e2a0ec2-ab82-4013-82c3-a5314d23a330
    [found] => YES
)

[2026-01-16 04:40:06] [22 MB] [chunked_processor] Job retrieved successfully
    DATA: Array
(
    [status] => running
    [type] => backup
)

[2026-01-16 04:40:07] [22 MB] [ERROR_HANDLER] PHP error handlers registered
[2026-01-16 04:40:07] [22 MB] [chunked_processor] get_job called
    DATA: Array
(
    [job_id] => 5e2a0ec2-ab82-4013-82c3-a5314d23a330
)

[2026-01-16 04:40:07] [22 MB] [chunked_processor] Transient lookup result
    DATA: Array
(
    [option_name] => speed_backups_job_5e2a0ec2-ab82-4013-82c3-a5314d23a330
    [found] => YES
)

[2026-01-16 04:40:07] [22 MB] [chunked_processor] Job retrieved successfully
    DATA: Array
(
    [status] => running
    [type] => backup
)

[2026-01-16 04:40:07] [22 MB] [chunked_processor] get_job called
    DATA: Array
(
    [job_id] => 5e2a0ec2-ab82-4013-82c3-a5314d23a330
)

[2026-01-16 04:40:07] [22 MB] [chunked_processor] Transient lookup result
    DATA: Array
(
    [option_name] => speed_backups_job_5e2a0ec2-ab82-4013-82c3-a5314d23a330
    [found] => YES
)

[2026-01-16 04:40:07] [22 MB] [chunked_processor] Job retrieved successfully
    DATA: Array
(
    [status] => running
    [type] => backup
)

[2026-01-16 04:40:07] [22 MB] [chunked_processor] get_job called
    DATA: Array
(
    [job_id] => 5e2a0ec2-ab82-4013-82c3-a5314d23a330
)

[2026-01-16 04:40:07] [22 MB] [chunked_processor] Transient lookup result
    DATA: Array
(
    [option_name] => speed_backups_job_5e2a0ec2-ab82-4013-82c3-a5314d23a330
    [found] => YES
)

[2026-01-16 04:40:07] [22 MB] [chunked_processor] Job retrieved successfully
    DATA: Array
(
    [status] => running
    [type] => backup
)

[2026-01-16 04:40:07] [22 MB] [chunked_processor] save_job called
    DATA: Array
(
    [job_id] => 5e2a0ec2-ab82-4013-82c3-a5314d23a330
    [status] => running
)

[2026-01-16 04:40:07] [22 MB] [chunked_processor] Transient save result
    DATA: Array
(
    [option_name] => speed_backups_job_5e2a0ec2-ab82-4013-82c3-a5314d23a330
    [success] => YES
)

[2026-01-16 04:40:07] [22 MB] [chunked_processor] Option save result
    DATA: Array
(
    [option_name] => speed_backups_job_5e2a0ec2-ab82-4013-82c3-a5314d23a330
    [success] => YES
)

[2026-01-16 04:40:07] [22 MB] [chunked_processor] Save verification (direct DB)
    DATA: Array
(
    [verified] => YES
)

[2026-01-16 04:40:07] [22 MB] [chunked_processor] get_job called
    DATA: Array
(
    [job_id] => 5e2a0ec2-ab82-4013-82c3-a5314d23a330
)

[2026-01-16 04:40:07] [22 MB] [chunked_processor] Transient lookup result
    DATA: Array
(
    [option_name] => speed_backups_job_5e2a0ec2-ab82-4013-82c3-a5314d23a330
    [found] => YES
)

[2026-01-16 04:40:07] [22 MB] [chunked_processor] Job retrieved successfully
    DATA: Array
(
    [status] => running
    [type] => backup
)

[2026-01-16 04:40:07] [22 MB] [chunked_processor] save_job called
    DATA: Array
(
    [job_id] => 5e2a0ec2-ab82-4013-82c3-a5314d23a330
    [status] => running
)

[2026-01-16 04:40:07] [22 MB] [chunked_processor] Transient save result
    DATA: Array
(
    [option_name] => speed_backups_job_5e2a0ec2-ab82-4013-82c3-a5314d23a330
    [success] => YES
)

[2026-01-16 04:40:07] [22 MB] [chunked_processor] Option save result
    DATA: Array
(
    [option_name] => speed_backups_job_5e2a0ec2-ab82-4013-82c3-a5314d23a330
    [success] => YES
)

[2026-01-16 04:40:07] [22 MB] [chunked_processor] Save verification (direct DB)
    DATA: Array
(
    [verified] => YES
)

[2026-01-16 04:40:07] [22 MB] [chunked_processor] get_job called
    DATA: Array
(
    [job_id] => 5e2a0ec2-ab82-4013-82c3-a5314d23a330
)

[2026-01-16 04:40:07] [22 MB] [chunked_processor] Transient lookup result
    DATA: Array
(
    [option_name] => speed_backups_job_5e2a0ec2-ab82-4013-82c3-a5314d23a330
    [found] => YES
)

[2026-01-16 04:40:07] [22 MB] [chunked_processor] Job retrieved successfully
    DATA: Array
(
    [status] => running
    [type] => backup
)

[2026-01-16 04:40:07] [22 MB] [chunked_processor] get_job called
    DATA: Array
(
    [job_id] => 5e2a0ec2-ab82-4013-82c3-a5314d23a330
)

[2026-01-16 04:40:07] [22 MB] [chunked_processor] Transient lookup result
    DATA: Array
(
    [option_name] => speed_backups_job_5e2a0ec2-ab82-4013-82c3-a5314d23a330
    [found] => YES
)

[2026-01-16 04:40:07] [22 MB] [chunked_processor] Job retrieved successfully
    DATA: Array
(
    [status] => running
    [type] => backup
)

[2026-01-16 04:40:08] [22 MB] [ERROR_HANDLER] PHP error handlers registered
[2026-01-16 04:40:08] [22 MB] [chunked_processor] get_job called
    DATA: Array
(
    [job_id] => 5e2a0ec2-ab82-4013-82c3-a5314d23a330
)

[2026-01-16 04:40:08] [22 MB] [chunked_processor] Transient lookup result
    DATA: Array
(
    [option_name] => speed_backups_job_5e2a0ec2-ab82-4013-82c3-a5314d23a330
    [found] => YES
)

[2026-01-16 04:40:08] [22 MB] [chunked_processor] Job retrieved successfully
    DATA: Array
(
    [status] => running
    [type] => backup
)

[2026-01-16 04:40:08] [22 MB] [chunked_processor] get_job called
    DATA: Array
(
    [job_id] => 5e2a0ec2-ab82-4013-82c3-a5314d23a330
)

[2026-01-16 04:40:08] [22 MB] [chunked_processor] Transient lookup result
    DATA: Array
(
    [option_name] => speed_backups_job_5e2a0ec2-ab82-4013-82c3-a5314d23a330
    [found] => YES
)

[2026-01-16 04:40:08] [22 MB] [chunked_processor] Job retrieved successfully
    DATA: Array
(
    [status] => running
    [type] => backup
)

[2026-01-16 04:40:08] [22 MB] [chunked_processor] get_job called
    DATA: Array
(
    [job_id] => 5e2a0ec2-ab82-4013-82c3-a5314d23a330
)

[2026-01-16 04:40:08] [22 MB] [chunked_processor] Transient lookup result
    DATA: Array
(
    [option_name] => speed_backups_job_5e2a0ec2-ab82-4013-82c3-a5314d23a330
    [found] => YES
)

[2026-01-16 04:40:08] [22 MB] [chunked_processor] Job retrieved successfully
    DATA: Array
(
    [status] => running
    [type] => backup
)

[2026-01-16 04:40:08] [22 MB] [chunked_processor] save_job called
    DATA: Array
(
    [job_id] => 5e2a0ec2-ab82-4013-82c3-a5314d23a330
    [status] => running
)

[2026-01-16 04:40:08] [22 MB] [chunked_processor] Transient save result
    DATA: Array
(
    [option_name] => speed_backups_job_5e2a0ec2-ab82-4013-82c3-a5314d23a330
    [success] => YES
)

[2026-01-16 04:40:08] [22 MB] [chunked_processor] Option save result
    DATA: Array
(
    [option_name] => speed_backups_job_5e2a0ec2-ab82-4013-82c3-a5314d23a330
    [success] => YES
)

[2026-01-16 04:40:08] [22 MB] [chunked_processor] Save verification (direct DB)
    DATA: Array
(
    [verified] => YES
)

[2026-01-16 04:40:08] [22 MB] [chunked_processor] get_job called
    DATA: Array
(
    [job_id] => 5e2a0ec2-ab82-4013-82c3-a5314d23a330
)

[2026-01-16 04:40:08] [22 MB] [chunked_processor] Transient lookup result
    DATA: Array
(
    [option_name] => speed_backups_job_5e2a0ec2-ab82-4013-82c3-a5314d23a330
    [found] => YES
)

[2026-01-16 04:40:08] [22 MB] [chunked_processor] Job retrieved successfully
    DATA: Array
(
    [status] => running
    [type] => backup
)

[2026-01-16 04:40:08] [22 MB] [chunked_processor] save_job called
    DATA: Array
(
    [job_id] => 5e2a0ec2-ab82-4013-82c3-a5314d23a330
    [status] => running
)

[2026-01-16 04:40:08] [22 MB] [chunked_processor] Transient save result
    DATA: Array
(
    [option_name] => speed_backups_job_5e2a0ec2-ab82-4013-82c3-a5314d23a330
    [success] => YES
)

[2026-01-16 04:40:08] [22 MB] [chunked_processor] Option save result
    DATA: Array
(
    [option_name] => speed_backups_job_5e2a0ec2-ab82-4013-82c3-a5314d23a330
    [success] => YES
)

[2026-01-16 04:40:08] [22 MB] [chunked_processor] Save verification (direct DB)
    DATA: Array
(
    [verified] => YES
)

[2026-01-16 04:40:08] [22 MB] [chunked_processor] get_job called
    DATA: Array
(
    [job_id] => 5e2a0ec2-ab82-4013-82c3-a5314d23a330
)

[2026-01-16 04:40:08] [22 MB] [chunked_processor] Transient lookup result
    DATA: Array
(
    [option_name] => speed_backups_job_5e2a0ec2-ab82-4013-82c3-a5314d23a330
    [found] => YES
)

[2026-01-16 04:40:08] [22 MB] [chunked_processor] Job retrieved successfully
    DATA: Array
(
    [status] => running
    [type] => backup
)

[2026-01-16 04:40:08] [22 MB] [chunked_processor] get_job called
    DATA: Array
(
    [job_id] => 5e2a0ec2-ab82-4013-82c3-a5314d23a330
)

[2026-01-16 04:40:08] [22 MB] [chunked_processor] Transient lookup result
    DATA: Array
(
    [option_name] => speed_backups_job_5e2a0ec2-ab82-4013-82c3-a5314d23a330
    [found] => YES
)

[2026-01-16 04:40:08] [22 MB] [chunked_processor] Job retrieved successfully
    DATA: Array
(
    [status] => running
    [type] => backup
)

[2026-01-16 04:40:08] [20 MB] [ERROR_HANDLER] PHP error handlers registered
[2026-01-16 04:40:09] [20 MB] [chunked_processor] get_job called
    DATA: Array
(
    [job_id] => 5e2a0ec2-ab82-4013-82c3-a5314d23a330
)

[2026-01-16 04:40:09] [20 MB] [chunked_processor] Transient lookup result
    DATA: Array
(
    [option_name] => speed_backups_job_5e2a0ec2-ab82-4013-82c3-a5314d23a330
    [found] => YES
)

[2026-01-16 04:40:09] [20 MB] [chunked_processor] Job retrieved successfully
    DATA: Array
(
    [status] => running
    [type] => backup
)

[2026-01-16 04:40:09] [20 MB] [chunked_processor] get_job called
    DATA: Array
(
    [job_id] => 5e2a0ec2-ab82-4013-82c3-a5314d23a330
)

[2026-01-16 04:40:09] [20 MB] [chunked_processor] Transient lookup result
    DATA: Array
(
    [option_name] => speed_backups_job_5e2a0ec2-ab82-4013-82c3-a5314d23a330
    [found] => YES
)

[2026-01-16 04:40:09] [20 MB] [chunked_processor] Job retrieved successfully
    DATA: Array
(
    [status] => running
    [type] => backup
)

[2026-01-16 04:40:09] [20 MB] [chunked_processor] get_job called
    DATA: Array
(
    [job_id] => 5e2a0ec2-ab82-4013-82c3-a5314d23a330
)

[2026-01-16 04:40:09] [20 MB] [chunked_processor] Transient lookup result
    DATA: Array
(
    [option_name] => speed_backups_job_5e2a0ec2-ab82-4013-82c3-a5314d23a330
    [found] => YES
)

[2026-01-16 04:40:09] [20 MB] [chunked_processor] Job retrieved successfully
    DATA: Array
(
    [status] => running
    [type] => backup
)

[2026-01-16 04:40:09] [20 MB] [chunked_processor] save_job called
    DATA: Array
(
    [job_id] => 5e2a0ec2-ab82-4013-82c3-a5314d23a330
    [status] => running
)

[2026-01-16 04:40:09] [20 MB] [chunked_processor] Transient save result
    DATA: Array
(
    [option_name] => speed_backups_job_5e2a0ec2-ab82-4013-82c3-a5314d23a330
    [success] => YES
)

[2026-01-16 04:40:09] [20 MB] [chunked_processor] Option save result
    DATA: Array
(
    [option_name] => speed_backups_job_5e2a0ec2-ab82-4013-82c3-a5314d23a330
    [success] => YES
)

[2026-01-16 04:40:09] [20 MB] [chunked_processor] Save verification (direct DB)
    DATA: Array
(
    [verified] => YES
)

[2026-01-16 04:40:13] [22 MB] [chunked_processor] get_job called
    DATA: Array
(
    [job_id] => 5e2a0ec2-ab82-4013-82c3-a5314d23a330
)

[2026-01-16 04:40:13] [22 MB] [chunked_processor] Transient lookup result
    DATA: Array
(
    [option_name] => speed_backups_job_5e2a0ec2-ab82-4013-82c3-a5314d23a330
    [found] => YES
)

[2026-01-16 04:40:13] [22 MB] [chunked_processor] Job retrieved successfully
    DATA: Array
(
    [status] => running
    [type] => backup
)

[2026-01-16 04:40:13] [22 MB] [chunked_processor] save_job called
    DATA: Array
(
    [job_id] => 5e2a0ec2-ab82-4013-82c3-a5314d23a330
    [status] => running
)

[2026-01-16 04:40:13] [22 MB] [chunked_processor] Transient save result
    DATA: Array
(
    [option_name] => speed_backups_job_5e2a0ec2-ab82-4013-82c3-a5314d23a330
    [success] => YES
)

[2026-01-16 04:40:13] [22 MB] [chunked_processor] Option save result
    DATA: Array
(
    [option_name] => speed_backups_job_5e2a0ec2-ab82-4013-82c3-a5314d23a330
    [success] => YES
)

[2026-01-16 04:40:13] [22 MB] [chunked_processor] Save verification (direct DB)
    DATA: Array
(
    [verified] => YES
)

[2026-01-16 04:40:13] [22 MB] [chunked_processor] get_job called
    DATA: Array
(
    [job_id] => 5e2a0ec2-ab82-4013-82c3-a5314d23a330
)

[2026-01-16 04:40:13] [22 MB] [chunked_processor] Transient lookup result
    DATA: Array
(
    [option_name] => speed_backups_job_5e2a0ec2-ab82-4013-82c3-a5314d23a330
    [found] => YES
)

[2026-01-16 04:40:13] [22 MB] [chunked_processor] Job retrieved successfully
    DATA: Array
(
    [status] => running
    [type] => backup
)

[2026-01-16 04:40:13] [22 MB] [chunked_processor] get_job called
    DATA: Array
(
    [job_id] => 5e2a0ec2-ab82-4013-82c3-a5314d23a330
)

[2026-01-16 04:40:13] [22 MB] [chunked_processor] Transient lookup result
    DATA: Array
(
    [option_name] => speed_backups_job_5e2a0ec2-ab82-4013-82c3-a5314d23a330
    [found] => YES
)

[2026-01-16 04:40:13] [22 MB] [chunked_processor] Job retrieved successfully
    DATA: Array
(
    [status] => running
    [type] => backup
)

[2026-01-16 04:40:13] [22 MB] [ERROR_HANDLER] PHP error handlers registered
[2026-01-16 04:40:14] [22 MB] [chunked_processor] get_job called
    DATA: Array
(
    [job_id] => 5e2a0ec2-ab82-4013-82c3-a5314d23a330
)

[2026-01-16 04:40:14] [22 MB] [chunked_processor] Transient lookup result
    DATA: Array
(
    [option_name] => speed_backups_job_5e2a0ec2-ab82-4013-82c3-a5314d23a330
    [found] => YES
)

[2026-01-16 04:40:14] [22 MB] [chunked_processor] Job retrieved successfully
    DATA: Array
(
    [status] => running
    [type] => backup
)

[2026-01-16 04:40:14] [22 MB] [chunked_processor] get_job called
    DATA: Array
(
    [job_id] => 5e2a0ec2-ab82-4013-82c3-a5314d23a330
)

[2026-01-16 04:40:14] [22 MB] [chunked_processor] Transient lookup result
    DATA: Array
(
    [option_name] => speed_backups_job_5e2a0ec2-ab82-4013-82c3-a5314d23a330
    [found] => YES
)

[2026-01-16 04:40:14] [22 MB] [chunked_processor] Job retrieved successfully
    DATA: Array
(
    [status] => running
    [type] => backup
)

[2026-01-16 04:40:14] [22 MB] [chunked_processor] get_job called
    DATA: Array
(
    [job_id] => 5e2a0ec2-ab82-4013-82c3-a5314d23a330
)

[2026-01-16 04:40:14] [22 MB] [chunked_processor] Transient lookup result
    DATA: Array
(
    [option_name] => speed_backups_job_5e2a0ec2-ab82-4013-82c3-a5314d23a330
    [found] => YES
)

[2026-01-16 04:40:14] [22 MB] [chunked_processor] Job retrieved successfully
    DATA: Array
(
    [status] => running
    [type] => backup
)

[2026-01-16 04:40:14] [22 MB] [chunked_processor] save_job called
    DATA: Array
(
    [job_id] => 5e2a0ec2-ab82-4013-82c3-a5314d23a330
    [status] => running
)

[2026-01-16 04:40:14] [22 MB] [chunked_processor] Transient save result
    DATA: Array
(
    [option_name] => speed_backups_job_5e2a0ec2-ab82-4013-82c3-a5314d23a330
    [success] => YES
)

[2026-01-16 04:40:14] [22 MB] [chunked_processor] Option save result
    DATA: Array
(
    [option_name] => speed_backups_job_5e2a0ec2-ab82-4013-82c3-a5314d23a330
    [success] => YES
)

[2026-01-16 04:40:14] [22 MB] [chunked_processor] Save verification (direct DB)
    DATA: Array
(
    [verified] => YES
)

[2026-01-16 04:40:17] [22 MB] [chunked_processor] get_job called
    DATA: Array
(
    [job_id] => 5e2a0ec2-ab82-4013-82c3-a5314d23a330
)

[2026-01-16 04:40:17] [22 MB] [chunked_processor] Transient lookup result
    DATA: Array
(
    [option_name] => speed_backups_job_5e2a0ec2-ab82-4013-82c3-a5314d23a330
    [found] => YES
)

[2026-01-16 04:40:17] [22 MB] [chunked_processor] Job retrieved successfully
    DATA: Array
(
    [status] => running
    [type] => backup
)

[2026-01-16 04:40:17] [22 MB] [chunked_processor] save_job called
    DATA: Array
(
    [job_id] => 5e2a0ec2-ab82-4013-82c3-a5314d23a330
    [status] => running
)

[2026-01-16 04:40:17] [22 MB] [chunked_processor] Transient save result
    DATA: Array
(
    [option_name] => speed_backups_job_5e2a0ec2-ab82-4013-82c3-a5314d23a330
    [success] => YES
)

[2026-01-16 04:40:17] [22 MB] [chunked_processor] Option save result
    DATA: Array
(
    [option_name] => speed_backups_job_5e2a0ec2-ab82-4013-82c3-a5314d23a330
    [success] => YES
)

[2026-01-16 04:40:17] [22 MB] [chunked_processor] Save verification (direct DB)
    DATA: Array
(
    [verified] => YES
)

[2026-01-16 04:40:17] [22 MB] [chunked_processor] get_job called
    DATA: Array
(
    [job_id] => 5e2a0ec2-ab82-4013-82c3-a5314d23a330
)

[2026-01-16 04:40:17] [22 MB] [chunked_processor] Transient lookup result
    DATA: Array
(
    [option_name] => speed_backups_job_5e2a0ec2-ab82-4013-82c3-a5314d23a330
    [found] => YES
)

[2026-01-16 04:40:17] [22 MB] [chunked_processor] Job retrieved successfully
    DATA: Array
(
    [status] => running
    [type] => backup
)

[2026-01-16 04:40:17] [22 MB] [chunked_processor] get_job called
    DATA: Array
(
    [job_id] => 5e2a0ec2-ab82-4013-82c3-a5314d23a330
)

[2026-01-16 04:40:17] [22 MB] [chunked_processor] Transient lookup result
    DATA: Array
(
    [option_name] => speed_backups_job_5e2a0ec2-ab82-4013-82c3-a5314d23a330
    [found] => YES
)

[2026-01-16 04:40:17] [22 MB] [chunked_processor] Job retrieved successfully
    DATA: Array
(
    [status] => running
    [type] => backup
)

[2026-01-16 04:40:18] [22 MB] [ERROR_HANDLER] PHP error handlers registered
[2026-01-16 04:40:18] [22 MB] [chunked_processor] get_job called
    DATA: Array
(
    [job_id] => 5e2a0ec2-ab82-4013-82c3-a5314d23a330
)

[2026-01-16 04:40:18] [22 MB] [chunked_processor] Transient lookup result
    DATA: Array
(
    [option_name] => speed_backups_job_5e2a0ec2-ab82-4013-82c3-a5314d23a330
    [found] => YES
)

[2026-01-16 04:40:18] [22 MB] [chunked_processor] Job retrieved successfully
    DATA: Array
(
    [status] => running
    [type] => backup
)

[2026-01-16 04:40:18] [22 MB] [chunked_processor] get_job called
    DATA: Array
(
    [job_id] => 5e2a0ec2-ab82-4013-82c3-a5314d23a330
)

[2026-01-16 04:40:18] [22 MB] [chunked_processor] Transient lookup result
    DATA: Array
(
    [option_name] => speed_backups_job_5e2a0ec2-ab82-4013-82c3-a5314d23a330
    [found] => YES
)

[2026-01-16 04:40:18] [22 MB] [chunked_processor] Job retrieved successfully
    DATA: Array
(
    [status] => running
    [type] => backup
)

[2026-01-16 04:40:18] [22 MB] [chunked_processor] get_job called
    DATA: Array
(
    [job_id] => 5e2a0ec2-ab82-4013-82c3-a5314d23a330
)

[2026-01-16 04:40:18] [22 MB] [chunked_processor] Transient lookup result
    DATA: Array
(
    [option_name] => speed_backups_job_5e2a0ec2-ab82-4013-82c3-a5314d23a330
    [found] => YES
)

[2026-01-16 04:40:18] [22 MB] [chunked_processor] Job retrieved successfully
    DATA: Array
(
    [status] => running
    [type] => backup
)

[2026-01-16 04:40:18] [22 MB] [chunked_processor] save_job called
    DATA: Array
(
    [job_id] => 5e2a0ec2-ab82-4013-82c3-a5314d23a330
    [status] => running
)

[2026-01-16 04:40:18] [22 MB] [chunked_processor] Transient save result
    DATA: Array
(
    [option_name] => speed_backups_job_5e2a0ec2-ab82-4013-82c3-a5314d23a330
    [success] => YES
)

[2026-01-16 04:40:18] [22 MB] [chunked_processor] Option save result
    DATA: Array
(
    [option_name] => speed_backups_job_5e2a0ec2-ab82-4013-82c3-a5314d23a330
    [success] => YES
)

[2026-01-16 04:40:18] [22 MB] [chunked_processor] Save verification (direct DB)
    DATA: Array
(
    [verified] => YES
)

[2026-01-16 04:40:18] [22 MB] [chunked_processor] get_job called
    DATA: Array
(
    [job_id] => 5e2a0ec2-ab82-4013-82c3-a5314d23a330
)

[2026-01-16 04:40:18] [22 MB] [chunked_processor] Transient lookup result
    DATA: Array
(
    [option_name] => speed_backups_job_5e2a0ec2-ab82-4013-82c3-a5314d23a330
    [found] => YES
)

[2026-01-16 04:40:18] [22 MB] [chunked_processor] Job retrieved successfully
    DATA: Array
(
    [status] => running
    [type] => backup
)

[2026-01-16 04:40:18] [22 MB] [chunked_processor] save_job called
    DATA: Array
(
    [job_id] => 5e2a0ec2-ab82-4013-82c3-a5314d23a330
    [status] => running
)

[2026-01-16 04:40:18] [22 MB] [chunked_processor] Transient save result
    DATA: Array
(
    [option_name] => speed_backups_job_5e2a0ec2-ab82-4013-82c3-a5314d23a330
    [success] => YES
)

[2026-01-16 04:40:18] [22 MB] [chunked_processor] Option save result
    DATA: Array
(
    [option_name] => speed_backups_job_5e2a0ec2-ab82-4013-82c3-a5314d23a330
    [success] => YES
)

[2026-01-16 04:40:18] [22 MB] [chunked_processor] Save verification (direct DB)
    DATA: Array
(
    [verified] => YES
)

[2026-01-16 04:40:18] [22 MB] [chunked_processor] get_job called
    DATA: Array
(
    [job_id] => 5e2a0ec2-ab82-4013-82c3-a5314d23a330
)

[2026-01-16 04:40:18] [22 MB] [chunked_processor] Transient lookup result
    DATA: Array
(
    [option_name] => speed_backups_job_5e2a0ec2-ab82-4013-82c3-a5314d23a330
    [found] => YES
)

[2026-01-16 04:40:18] [22 MB] [chunked_processor] Job retrieved successfully
    DATA: Array
(
    [status] => running
    [type] => backup
)

[2026-01-16 04:40:18] [22 MB] [chunked_processor] get_job called
    DATA: Array
(
    [job_id] => 5e2a0ec2-ab82-4013-82c3-a5314d23a330
)

[2026-01-16 04:40:18] [22 MB] [chunked_processor] Transient lookup result
    DATA: Array
(
    [option_name] => speed_backups_job_5e2a0ec2-ab82-4013-82c3-a5314d23a330
    [found] => YES
)

[2026-01-16 04:40:18] [22 MB] [chunked_processor] Job retrieved successfully
    DATA: Array
(
    [status] => running
    [type] => backup
)

[2026-01-16 04:40:19] [20 MB] [ERROR_HANDLER] PHP error handlers registered
[2026-01-16 04:40:19] [20 MB] [chunked_processor] get_job called
    DATA: Array
(
    [job_id] => 5e2a0ec2-ab82-4013-82c3-a5314d23a330
)

[2026-01-16 04:40:19] [20 MB] [chunked_processor] Transient lookup result
    DATA: Array
(
    [option_name] => speed_backups_job_5e2a0ec2-ab82-4013-82c3-a5314d23a330
    [found] => YES
)

[2026-01-16 04:40:19] [20 MB] [chunked_processor] Job retrieved successfully
    DATA: Array
(
    [status] => running
    [type] => backup
)

[2026-01-16 04:40:19] [20 MB] [chunked_processor] get_job called
    DATA: Array
(
    [job_id] => 5e2a0ec2-ab82-4013-82c3-a5314d23a330
)

[2026-01-16 04:40:19] [20 MB] [chunked_processor] Transient lookup result
    DATA: Array
(
    [option_name] => speed_backups_job_5e2a0ec2-ab82-4013-82c3-a5314d23a330
    [found] => YES
)

[2026-01-16 04:40:19] [20 MB] [chunked_processor] Job retrieved successfully
    DATA: Array
(
    [status] => running
    [type] => backup
)

[2026-01-16 04:40:19] [20 MB] [chunked_processor] get_job called
    DATA: Array
(
    [job_id] => 5e2a0ec2-ab82-4013-82c3-a5314d23a330
)

[2026-01-16 04:40:19] [20 MB] [chunked_processor] Transient lookup result
    DATA: Array
(
    [option_name] => speed_backups_job_5e2a0ec2-ab82-4013-82c3-a5314d23a330
    [found] => YES
)

[2026-01-16 04:40:19] [20 MB] [chunked_processor] Job retrieved successfully
    DATA: Array
(
    [status] => running
    [type] => backup
)

[2026-01-16 04:40:19] [20 MB] [chunked_processor] save_job called
    DATA: Array
(
    [job_id] => 5e2a0ec2-ab82-4013-82c3-a5314d23a330
    [status] => running
)

[2026-01-16 04:40:19] [20 MB] [chunked_processor] Transient save result
    DATA: Array
(
    [option_name] => speed_backups_job_5e2a0ec2-ab82-4013-82c3-a5314d23a330
    [success] => YES
)

[2026-01-16 04:40:19] [20 MB] [chunked_processor] Option save result
    DATA: Array
(
    [option_name] => speed_backups_job_5e2a0ec2-ab82-4013-82c3-a5314d23a330
    [success] => YES
)

[2026-01-16 04:40:19] [20 MB] [chunked_processor] Save verification (direct DB)
    DATA: Array
(
    [verified] => YES
)

[2026-01-16 04:40:20] [22 MB] [chunked_processor] get_job called
    DATA: Array
(
    [job_id] => 5e2a0ec2-ab82-4013-82c3-a5314d23a330
)

[2026-01-16 04:40:20] [22 MB] [chunked_processor] Transient lookup result
    DATA: Array
(
    [option_name] => speed_backups_job_5e2a0ec2-ab82-4013-82c3-a5314d23a330
    [found] => YES
)

[2026-01-16 04:40:20] [22 MB] [chunked_processor] Job retrieved successfully
    DATA: Array
(
    [status] => running
    [type] => backup
)

[2026-01-16 04:40:20] [22 MB] [chunked_processor] save_job called
    DATA: Array
(
    [job_id] => 5e2a0ec2-ab82-4013-82c3-a5314d23a330
    [status] => running
)

[2026-01-16 04:40:20] [22 MB] [chunked_processor] Transient save result
    DATA: Array
(
    [option_name] => speed_backups_job_5e2a0ec2-ab82-4013-82c3-a5314d23a330
    [success] => YES
)

[2026-01-16 04:40:20] [22 MB] [chunked_processor] Option save result
    DATA: Array
(
    [option_name] => speed_backups_job_5e2a0ec2-ab82-4013-82c3-a5314d23a330
    [success] => YES
)

[2026-01-16 04:40:20] [22 MB] [chunked_processor] Save verification (direct DB)
    DATA: Array
(
    [verified] => YES
)

[2026-01-16 04:40:20] [22 MB] [chunked_processor] get_job called
    DATA: Array
(
    [job_id] => 5e2a0ec2-ab82-4013-82c3-a5314d23a330
)

[2026-01-16 04:40:20] [22 MB] [chunked_processor] Transient lookup result
    DATA: Array
(
    [option_name] => speed_backups_job_5e2a0ec2-ab82-4013-82c3-a5314d23a330
    [found] => YES
)

[2026-01-16 04:40:20] [22 MB] [chunked_processor] Job retrieved successfully
    DATA: Array
(
    [status] => running
    [type] => backup
)

[2026-01-16 04:40:20] [22 MB] [chunked_processor] get_job called
    DATA: Array
(
    [job_id] => 5e2a0ec2-ab82-4013-82c3-a5314d23a330
)

[2026-01-16 04:40:20] [22 MB] [chunked_processor] Transient lookup result
    DATA: Array
(
    [option_name] => speed_backups_job_5e2a0ec2-ab82-4013-82c3-a5314d23a330
    [found] => YES
)

[2026-01-16 04:40:20] [22 MB] [chunked_processor] Job retrieved successfully
    DATA: Array
(
    [status] => running
    [type] => backup
)

[2026-01-16 04:40:20] [22 MB] [ERROR_HANDLER] PHP error handlers registered
[2026-01-16 04:40:20] [22 MB] [chunked_processor] get_job called
    DATA: Array
(
    [job_id] => 5e2a0ec2-ab82-4013-82c3-a5314d23a330
)

[2026-01-16 04:40:20] [22 MB] [chunked_processor] Transient lookup result
    DATA: Array
(
    [option_name] => speed_backups_job_5e2a0ec2-ab82-4013-82c3-a5314d23a330
    [found] => YES
)

[2026-01-16 04:40:20] [22 MB] [chunked_processor] Job retrieved successfully
    DATA: Array
(
    [status] => running
    [type] => backup
)

[2026-01-16 04:40:20] [22 MB] [chunked_processor] get_job called
    DATA: Array
(
    [job_id] => 5e2a0ec2-ab82-4013-82c3-a5314d23a330
)

[2026-01-16 04:40:20] [22 MB] [chunked_processor] Transient lookup result
    DATA: Array
(
    [option_name] => speed_backups_job_5e2a0ec2-ab82-4013-82c3-a5314d23a330
    [found] => YES
)

[2026-01-16 04:40:20] [22 MB] [chunked_processor] Job retrieved successfully
    DATA: Array
(
    [status] => running
    [type] => backup
)

[2026-01-16 04:40:20] [22 MB] [chunked_processor] get_job called
    DATA: Array
(
    [job_id] => 5e2a0ec2-ab82-4013-82c3-a5314d23a330
)

[2026-01-16 04:40:20] [22 MB] [chunked_processor] Transient lookup result
    DATA: Array
(
    [option_name] => speed_backups_job_5e2a0ec2-ab82-4013-82c3-a5314d23a330
    [found] => YES
)

[2026-01-16 04:40:20] [22 MB] [chunked_processor] Job retrieved successfully
    DATA: Array
(
    [status] => running
    [type] => backup
)

[2026-01-16 04:40:20] [22 MB] [chunked_processor] save_job called
    DATA: Array
(
    [job_id] => 5e2a0ec2-ab82-4013-82c3-a5314d23a330
    [status] => running
)

[2026-01-16 04:40:20] [22 MB] [chunked_processor] Transient save result
    DATA: Array
(
    [option_name] => speed_backups_job_5e2a0ec2-ab82-4013-82c3-a5314d23a330
    [success] => YES
)

[2026-01-16 04:40:20] [22 MB] [chunked_processor] Option save result
    DATA: Array
(
    [option_name] => speed_backups_job_5e2a0ec2-ab82-4013-82c3-a5314d23a330
    [success] => YES
)

[2026-01-16 04:40:20] [22 MB] [chunked_processor] Save verification (direct DB)
    DATA: Array
(
    [verified] => YES
)

[2026-01-16 04:40:23] [22 MB] [chunked_processor] get_job called
    DATA: Array
(
    [job_id] => 5e2a0ec2-ab82-4013-82c3-a5314d23a330
)

[2026-01-16 04:40:23] [22 MB] [chunked_processor] Transient lookup result
    DATA: Array
(
    [option_name] => speed_backups_job_5e2a0ec2-ab82-4013-82c3-a5314d23a330
    [found] => YES
)

[2026-01-16 04:40:23] [22 MB] [chunked_processor] Job retrieved successfully
    DATA: Array
(
    [status] => running
    [type] => backup
)

[2026-01-16 04:40:23] [22 MB] [chunked_processor] save_job called
    DATA: Array
(
    [job_id] => 5e2a0ec2-ab82-4013-82c3-a5314d23a330
    [status] => running
)

[2026-01-16 04:40:23] [22 MB] [chunked_processor] Transient save result
    DATA: Array
(
    [option_name] => speed_backups_job_5e2a0ec2-ab82-4013-82c3-a5314d23a330
    [success] => YES
)

[2026-01-16 04:40:23] [22 MB] [chunked_processor] Option save result
    DATA: Array
(
    [option_name] => speed_backups_job_5e2a0ec2-ab82-4013-82c3-a5314d23a330
    [success] => YES
)

[2026-01-16 04:40:23] [22 MB] [chunked_processor] Save verification (direct DB)
    DATA: Array
(
    [verified] => YES
)

[2026-01-16 04:40:23] [22 MB] [chunked_processor] get_job called
    DATA: Array
(
    [job_id] => 5e2a0ec2-ab82-4013-82c3-a5314d23a330
)

[2026-01-16 04:40:23] [22 MB] [chunked_processor] Transient lookup result
    DATA: Array
(
    [option_name] => speed_backups_job_5e2a0ec2-ab82-4013-82c3-a5314d23a330
    [found] => YES
)

[2026-01-16 04:40:23] [22 MB] [chunked_processor] Job retrieved successfully
    DATA: Array
(
    [status] => running
    [type] => backup
)

[2026-01-16 04:40:23] [22 MB] [chunked_processor] get_job called
    DATA: Array
(
    [job_id] => 5e2a0ec2-ab82-4013-82c3-a5314d23a330
)

[2026-01-16 04:40:23] [22 MB] [chunked_processor] Transient lookup result
    DATA: Array
(
    [option_name] => speed_backups_job_5e2a0ec2-ab82-4013-82c3-a5314d23a330
    [found] => YES
)

[2026-01-16 04:40:23] [22 MB] [chunked_processor] Job retrieved successfully
    DATA: Array
(
    [status] => running
    [type] => backup
)

[2026-01-16 04:40:23] [22 MB] [ERROR_HANDLER] PHP error handlers registered
[2026-01-16 04:40:23] [22 MB] [chunked_processor] get_job called
    DATA: Array
(
    [job_id] => 5e2a0ec2-ab82-4013-82c3-a5314d23a330
)

[2026-01-16 04:40:23] [22 MB] [chunked_processor] Transient lookup result
    DATA: Array
(
    [option_name] => speed_backups_job_5e2a0ec2-ab82-4013-82c3-a5314d23a330
    [found] => YES
)

[2026-01-16 04:40:23] [22 MB] [chunked_processor] Job retrieved successfully
    DATA: Array
(
    [status] => running
    [type] => backup
)

[2026-01-16 04:40:23] [22 MB] [chunked_processor] get_job called
    DATA: Array
(
    [job_id] => 5e2a0ec2-ab82-4013-82c3-a5314d23a330
)

[2026-01-16 04:40:23] [22 MB] [chunked_processor] Transient lookup result
    DATA: Array
(
    [option_name] => speed_backups_job_5e2a0ec2-ab82-4013-82c3-a5314d23a330
    [found] => YES
)

[2026-01-16 04:40:23] [22 MB] [chunked_processor] Job retrieved successfully
    DATA: Array
(
    [status] => running
    [type] => backup
)

[2026-01-16 04:40:23] [22 MB] [chunked_processor] get_job called
    DATA: Array
(
    [job_id] => 5e2a0ec2-ab82-4013-82c3-a5314d23a330
)

[2026-01-16 04:40:23] [22 MB] [chunked_processor] Transient lookup result
    DATA: Array
(
    [option_name] => speed_backups_job_5e2a0ec2-ab82-4013-82c3-a5314d23a330
    [found] => YES
)

[2026-01-16 04:40:23] [22 MB] [chunked_processor] Job retrieved successfully
    DATA: Array
(
    [status] => running
    [type] => backup
)

[2026-01-16 04:40:23] [22 MB] [chunked_processor] save_job called
    DATA: Array
(
    [job_id] => 5e2a0ec2-ab82-4013-82c3-a5314d23a330
    [status] => running
)

[2026-01-16 04:40:23] [22 MB] [chunked_processor] Transient save result
    DATA: Array
(
    [option_name] => speed_backups_job_5e2a0ec2-ab82-4013-82c3-a5314d23a330
    [success] => YES
)

[2026-01-16 04:40:23] [22 MB] [chunked_processor] Option save result
    DATA: Array
(
    [option_name] => speed_backups_job_5e2a0ec2-ab82-4013-82c3-a5314d23a330
    [success] => YES
)

[2026-01-16 04:40:23] [22 MB] [chunked_processor] Save verification (direct DB)
    DATA: Array
(
    [verified] => YES
)

[2026-01-16 04:40:28] [22 MB] [chunked_processor] get_job called
    DATA: Array
(
    [job_id] => 5e2a0ec2-ab82-4013-82c3-a5314d23a330
)

[2026-01-16 04:40:28] [22 MB] [chunked_processor] Transient lookup result
    DATA: Array
(
    [option_name] => speed_backups_job_5e2a0ec2-ab82-4013-82c3-a5314d23a330
    [found] => YES
)

[2026-01-16 04:40:28] [22 MB] [chunked_processor] Job retrieved successfully
    DATA: Array
(
    [status] => running
    [type] => backup
)

[2026-01-16 04:40:28] [22 MB] [chunked_processor] save_job called
    DATA: Array
(
    [job_id] => 5e2a0ec2-ab82-4013-82c3-a5314d23a330
    [status] => running
)

[2026-01-16 04:40:28] [22 MB] [chunked_processor] Transient save result
    DATA: Array
(
    [option_name] => speed_backups_job_5e2a0ec2-ab82-4013-82c3-a5314d23a330
    [success] => YES
)

[2026-01-16 04:40:28] [22 MB] [chunked_processor] Option save result
    DATA: Array
(
    [option_name] => speed_backups_job_5e2a0ec2-ab82-4013-82c3-a5314d23a330
    [success] => YES
)

[2026-01-16 04:40:28] [22 MB] [chunked_processor] Save verification (direct DB)
    DATA: Array
(
    [verified] => YES
)

[2026-01-16 04:40:28] [22 MB] [chunked_processor] get_job called
    DATA: Array
(
    [job_id] => 5e2a0ec2-ab82-4013-82c3-a5314d23a330
)

[2026-01-16 04:40:28] [22 MB] [chunked_processor] Transient lookup result
    DATA: Array
(
    [option_name] => speed_backups_job_5e2a0ec2-ab82-4013-82c3-a5314d23a330
    [found] => YES
)

[2026-01-16 04:40:28] [22 MB] [chunked_processor] Job retrieved successfully
    DATA: Array
(
    [status] => running
    [type] => backup
)

[2026-01-16 04:40:28] [22 MB] [chunked_processor] get_job called
    DATA: Array
(
    [job_id] => 5e2a0ec2-ab82-4013-82c3-a5314d23a330
)

[2026-01-16 04:40:28] [22 MB] [chunked_processor] Transient lookup result
    DATA: Array
(
    [option_name] => speed_backups_job_5e2a0ec2-ab82-4013-82c3-a5314d23a330
    [found] => YES
)

[2026-01-16 04:40:28] [22 MB] [chunked_processor] Job retrieved successfully
    DATA: Array
(
    [status] => running
    [type] => backup
)

[2026-01-16 04:40:28] [20 MB] [ERROR_HANDLER] PHP error handlers registered
[2026-01-16 04:40:28] [20 MB] [chunked_processor] get_job called
    DATA: Array
(
    [job_id] => 5e2a0ec2-ab82-4013-82c3-a5314d23a330
)

[2026-01-16 04:40:28] [20 MB] [chunked_processor] Transient lookup result
    DATA: Array
(
    [option_name] => speed_backups_job_5e2a0ec2-ab82-4013-82c3-a5314d23a330
    [found] => YES
)

[2026-01-16 04:40:28] [20 MB] [chunked_processor] Job retrieved successfully
    DATA: Array
(
    [status] => running
    [type] => backup
)

[2026-01-16 04:40:28] [20 MB] [chunked_processor] get_job called
    DATA: Array
(
    [job_id] => 5e2a0ec2-ab82-4013-82c3-a5314d23a330
)

[2026-01-16 04:40:28] [20 MB] [chunked_processor] Transient lookup result
    DATA: Array
(
    [option_name] => speed_backups_job_5e2a0ec2-ab82-4013-82c3-a5314d23a330
    [found] => YES
)

[2026-01-16 04:40:28] [20 MB] [chunked_processor] Job retrieved successfully
    DATA: Array
(
    [status] => running
    [type] => backup
)

[2026-01-16 04:40:28] [20 MB] [chunked_processor] get_job called
    DATA: Array
(
    [job_id] => 5e2a0ec2-ab82-4013-82c3-a5314d23a330
)

[2026-01-16 04:40:28] [20 MB] [chunked_processor] Transient lookup result
    DATA: Array
(
    [option_name] => speed_backups_job_5e2a0ec2-ab82-4013-82c3-a5314d23a330
    [found] => YES
)

[2026-01-16 04:40:28] [20 MB] [chunked_processor] Job retrieved successfully
    DATA: Array
(
    [status] => running
    [type] => backup
)

[2026-01-16 04:40:28] [20 MB] [chunked_processor] save_job called
    DATA: Array
(
    [job_id] => 5e2a0ec2-ab82-4013-82c3-a5314d23a330
    [status] => running
)

[2026-01-16 04:40:28] [20 MB] [chunked_processor] Transient save result
    DATA: Array
(
    [option_name] => speed_backups_job_5e2a0ec2-ab82-4013-82c3-a5314d23a330
    [success] => YES
)

[2026-01-16 04:40:28] [20 MB] [chunked_processor] Option save result
    DATA: Array
(
    [option_name] => speed_backups_job_5e2a0ec2-ab82-4013-82c3-a5314d23a330
    [success] => YES
)

[2026-01-16 04:40:28] [20 MB] [chunked_processor] Save verification (direct DB)
    DATA: Array
(
    [verified] => YES
)

[2026-01-16 04:40:29] [22 MB] [chunked_processor] get_job called
    DATA: Array
(
    [job_id] => 5e2a0ec2-ab82-4013-82c3-a5314d23a330
)

[2026-01-16 04:40:29] [22 MB] [chunked_processor] Transient lookup result
    DATA: Array
(
    [option_name] => speed_backups_job_5e2a0ec2-ab82-4013-82c3-a5314d23a330
    [found] => YES
)

[2026-01-16 04:40:29] [22 MB] [chunked_processor] Job retrieved successfully
    DATA: Array
(
    [status] => running
    [type] => backup
)

[2026-01-16 04:40:29] [22 MB] [chunked_processor] save_job called
    DATA: Array
(
    [job_id] => 5e2a0ec2-ab82-4013-82c3-a5314d23a330
    [status] => running
)

[2026-01-16 04:40:29] [22 MB] [chunked_processor] Transient save result
    DATA: Array
(
    [option_name] => speed_backups_job_5e2a0ec2-ab82-4013-82c3-a5314d23a330
    [success] => YES
)

[2026-01-16 04:40:29] [22 MB] [chunked_processor] Option save result
    DATA: Array
(
    [option_name] => speed_backups_job_5e2a0ec2-ab82-4013-82c3-a5314d23a330
    [success] => YES
)

[2026-01-16 04:40:29] [22 MB] [chunked_processor] Save verification (direct DB)
    DATA: Array
(
    [verified] => YES
)

[2026-01-16 04:40:29] [22 MB] [chunked_processor] get_job called
    DATA: Array
(
    [job_id] => 5e2a0ec2-ab82-4013-82c3-a5314d23a330
)

[2026-01-16 04:40:29] [22 MB] [chunked_processor] Transient lookup result
    DATA: Array
(
    [option_name] => speed_backups_job_5e2a0ec2-ab82-4013-82c3-a5314d23a330
    [found] => YES
)

[2026-01-16 04:40:29] [22 MB] [chunked_processor] Job retrieved successfully
    DATA: Array
(
    [status] => running
    [type] => backup
)

[2026-01-16 04:40:29] [22 MB] [chunked_processor] get_job called
    DATA: Array
(
    [job_id] => 5e2a0ec2-ab82-4013-82c3-a5314d23a330
)

[2026-01-16 04:40:29] [22 MB] [chunked_processor] Transient lookup result
    DATA: Array
(
    [option_name] => speed_backups_job_5e2a0ec2-ab82-4013-82c3-a5314d23a330
    [found] => YES
)

[2026-01-16 04:40:29] [22 MB] [chunked_processor] Job retrieved successfully
    DATA: Array
(
    [status] => running
    [type] => backup
)

[2026-01-16 04:40:29] [22 MB] [ERROR_HANDLER] PHP error handlers registered
[2026-01-16 04:40:29] [22 MB] [chunked_processor] get_job called
    DATA: Array
(
    [job_id] => 5e2a0ec2-ab82-4013-82c3-a5314d23a330
)

[2026-01-16 04:40:29] [22 MB] [chunked_processor] Transient lookup result
    DATA: Array
(
    [option_name] => speed_backups_job_5e2a0ec2-ab82-4013-82c3-a5314d23a330
    [found] => YES
)

[2026-01-16 04:40:29] [22 MB] [chunked_processor] Job retrieved successfully
    DATA: Array
(
    [status] => running
    [type] => backup
)

[2026-01-16 04:40:29] [22 MB] [chunked_processor] get_job called
    DATA: Array
(
    [job_id] => 5e2a0ec2-ab82-4013-82c3-a5314d23a330
)

[2026-01-16 04:40:29] [22 MB] [chunked_processor] Transient lookup result
    DATA: Array
(
    [option_name] => speed_backups_job_5e2a0ec2-ab82-4013-82c3-a5314d23a330
    [found] => YES
)

[2026-01-16 04:40:29] [22 MB] [chunked_processor] Job retrieved successfully
    DATA: Array
(
    [status] => running
    [type] => backup
)

[2026-01-16 04:40:29] [22 MB] [chunked_processor] get_job called
    DATA: Array
(
    [job_id] => 5e2a0ec2-ab82-4013-82c3-a5314d23a330
)

[2026-01-16 04:40:29] [22 MB] [chunked_processor] Transient lookup result
    DATA: Array
(
    [option_name] => speed_backups_job_5e2a0ec2-ab82-4013-82c3-a5314d23a330
    [found] => YES
)

[2026-01-16 04:40:29] [22 MB] [chunked_processor] Job retrieved successfully
    DATA: Array
(
    [status] => running
    [type] => backup
)

[2026-01-16 04:40:29] [22 MB] [chunked_processor] save_job called
    DATA: Array
(
    [job_id] => 5e2a0ec2-ab82-4013-82c3-a5314d23a330
    [status] => running
)

[2026-01-16 04:40:29] [22 MB] [chunked_processor] Transient save result
    DATA: Array
(
    [option_name] => speed_backups_job_5e2a0ec2-ab82-4013-82c3-a5314d23a330
    [success] => YES
)

[2026-01-16 04:40:29] [22 MB] [chunked_processor] Option save result
    DATA: Array
(
    [option_name] => speed_backups_job_5e2a0ec2-ab82-4013-82c3-a5314d23a330
    [success] => YES
)

[2026-01-16 04:40:29] [22 MB] [chunked_processor] Save verification (direct DB)
    DATA: Array
(
    [verified] => YES
)

[2026-01-16 04:40:29] [22 MB] [chunked_processor] get_job called
    DATA: Array
(
    [job_id] => 5e2a0ec2-ab82-4013-82c3-a5314d23a330
)

[2026-01-16 04:40:29] [22 MB] [chunked_processor] Transient lookup result
    DATA: Array
(
    [option_name] => speed_backups_job_5e2a0ec2-ab82-4013-82c3-a5314d23a330
    [found] => YES
)

[2026-01-16 04:40:29] [22 MB] [chunked_processor] Job retrieved successfully
    DATA: Array
(
    [status] => running
    [type] => backup
)

[2026-01-16 04:40:29] [22 MB] [chunked_processor] save_job called
    DATA: Array
(
    [job_id] => 5e2a0ec2-ab82-4013-82c3-a5314d23a330
    [status] => running
)

[2026-01-16 04:40:29] [22 MB] [chunked_processor] Transient save result
    DATA: Array
(
    [option_name] => speed_backups_job_5e2a0ec2-ab82-4013-82c3-a5314d23a330
    [success] => YES
)

[2026-01-16 04:40:29] [22 MB] [chunked_processor] Option save result
    DATA: Array
(
    [option_name] => speed_backups_job_5e2a0ec2-ab82-4013-82c3-a5314d23a330
    [success] => YES
)

[2026-01-16 04:40:29] [22 MB] [chunked_processor] Save verification (direct DB)
    DATA: Array
(
    [verified] => YES
)

[2026-01-16 04:40:29] [22 MB] [chunked_processor] get_job called
    DATA: Array
(
    [job_id] => 5e2a0ec2-ab82-4013-82c3-a5314d23a330
)

[2026-01-16 04:40:29] [22 MB] [chunked_processor] Transient lookup result
    DATA: Array
(
    [option_name] => speed_backups_job_5e2a0ec2-ab82-4013-82c3-a5314d23a330
    [found] => YES
)

[2026-01-16 04:40:29] [22 MB] [chunked_processor] Job retrieved successfully
    DATA: Array
(
    [status] => running
    [type] => backup
)

[2026-01-16 04:40:29] [22 MB] [chunked_processor] get_job called
    DATA: Array
(
    [job_id] => 5e2a0ec2-ab82-4013-82c3-a5314d23a330
)

[2026-01-16 04:40:29] [22 MB] [chunked_processor] Transient lookup result
    DATA: Array
(
    [option_name] => speed_backups_job_5e2a0ec2-ab82-4013-82c3-a5314d23a330
    [found] => YES
)

[2026-01-16 04:40:29] [22 MB] [chunked_processor] Job retrieved successfully
    DATA: Array
(
    [status] => running
    [type] => backup
)

[2026-01-16 04:40:30] [22 MB] [ERROR_HANDLER] PHP error handlers registered
[2026-01-16 04:40:30] [22 MB] [chunked_processor] get_job called
    DATA: Array
(
    [job_id] => 5e2a0ec2-ab82-4013-82c3-a5314d23a330
)

[2026-01-16 04:40:30] [22 MB] [chunked_processor] Transient lookup result
    DATA: Array
(
    [option_name] => speed_backups_job_5e2a0ec2-ab82-4013-82c3-a5314d23a330
    [found] => YES
)

[2026-01-16 04:40:30] [22 MB] [chunked_processor] Job retrieved successfully
    DATA: Array
(
    [status] => running
    [type] => backup
)

[2026-01-16 04:40:30] [22 MB] [chunked_processor] get_job called
    DATA: Array
(
    [job_id] => 5e2a0ec2-ab82-4013-82c3-a5314d23a330
)

[2026-01-16 04:40:30] [22 MB] [chunked_processor] Transient lookup result
    DATA: Array
(
    [option_name] => speed_backups_job_5e2a0ec2-ab82-4013-82c3-a5314d23a330
    [found] => YES
)

[2026-01-16 04:40:30] [22 MB] [chunked_processor] Job retrieved successfully
    DATA: Array
(
    [status] => running
    [type] => backup
)

[2026-01-16 04:40:30] [22 MB] [chunked_processor] get_job called
    DATA: Array
(
    [job_id] => 5e2a0ec2-ab82-4013-82c3-a5314d23a330
)

[2026-01-16 04:40:30] [22 MB] [chunked_processor] Transient lookup result
    DATA: Array
(
    [option_name] => speed_backups_job_5e2a0ec2-ab82-4013-82c3-a5314d23a330
    [found] => YES
)

[2026-01-16 04:40:30] [22 MB] [chunked_processor] Job retrieved successfully
    DATA: Array
(
    [status] => running
    [type] => backup
)

[2026-01-16 04:40:30] [22 MB] [chunked_processor] save_job called
    DATA: Array
(
    [job_id] => 5e2a0ec2-ab82-4013-82c3-a5314d23a330
    [status] => running
)

[2026-01-16 04:40:30] [22 MB] [chunked_processor] Transient save result
    DATA: Array
(
    [option_name] => speed_backups_job_5e2a0ec2-ab82-4013-82c3-a5314d23a330
    [success] => YES
)

[2026-01-16 04:40:30] [22 MB] [chunked_processor] Option save result
    DATA: Array
(
    [option_name] => speed_backups_job_5e2a0ec2-ab82-4013-82c3-a5314d23a330
    [success] => YES
)

[2026-01-16 04:40:30] [22 MB] [chunked_processor] Save verification (direct DB)
    DATA: Array
(
    [verified] => YES
)

[2026-01-16 04:40:31] [22 MB] [chunked_processor] get_job called
    DATA: Array
(
    [job_id] => 5e2a0ec2-ab82-4013-82c3-a5314d23a330
)

[2026-01-16 04:40:31] [22 MB] [chunked_processor] Transient lookup result
    DATA: Array
(
    [option_name] => speed_backups_job_5e2a0ec2-ab82-4013-82c3-a5314d23a330
    [found] => YES
)

[2026-01-16 04:40:31] [22 MB] [chunked_processor] Job retrieved successfully
    DATA: Array
(
    [status] => running
    [type] => backup
)

[2026-01-16 04:40:31] [22 MB] [chunked_processor] save_job called
    DATA: Array
(
    [job_id] => 5e2a0ec2-ab82-4013-82c3-a5314d23a330
    [status] => running
)

[2026-01-16 04:40:31] [22 MB] [chunked_processor] Transient save result
    DATA: Array
(
    [option_name] => speed_backups_job_5e2a0ec2-ab82-4013-82c3-a5314d23a330
    [success] => YES
)

[2026-01-16 04:40:31] [22 MB] [chunked_processor] Option save result
    DATA: Array
(
    [option_name] => speed_backups_job_5e2a0ec2-ab82-4013-82c3-a5314d23a330
    [success] => YES
)

[2026-01-16 04:40:31] [22 MB] [chunked_processor] Save verification (direct DB)
    DATA: Array
(
    [verified] => YES
)

[2026-01-16 04:40:31] [22 MB] [chunked_processor] get_job called
    DATA: Array
(
    [job_id] => 5e2a0ec2-ab82-4013-82c3-a5314d23a330
)

[2026-01-16 04:40:31] [22 MB] [chunked_processor] Transient lookup result
    DATA: Array
(
    [option_name] => speed_backups_job_5e2a0ec2-ab82-4013-82c3-a5314d23a330
    [found] => YES
)

[2026-01-16 04:40:31] [22 MB] [chunked_processor] Job retrieved successfully
    DATA: Array
(
    [status] => running
    [type] => backup
)

[2026-01-16 04:40:31] [22 MB] [chunked_processor] get_job called
    DATA: Array
(
    [job_id] => 5e2a0ec2-ab82-4013-82c3-a5314d23a330
)

[2026-01-16 04:40:31] [22 MB] [chunked_processor] Transient lookup result
    DATA: Array
(
    [option_name] => speed_backups_job_5e2a0ec2-ab82-4013-82c3-a5314d23a330
    [found] => YES
)

[2026-01-16 04:40:31] [22 MB] [chunked_processor] Job retrieved successfully
    DATA: Array
(
    [status] => running
    [type] => backup
)

[2026-01-16 04:40:32] [22 MB] [ERROR_HANDLER] PHP error handlers registered
[2026-01-16 04:40:32] [22 MB] [chunked_processor] get_job called
    DATA: Array
(
    [job_id] => 5e2a0ec2-ab82-4013-82c3-a5314d23a330
)

[2026-01-16 04:40:32] [22 MB] [chunked_processor] Transient lookup result
    DATA: Array
(
    [option_name] => speed_backups_job_5e2a0ec2-ab82-4013-82c3-a5314d23a330
    [found] => YES
)

[2026-01-16 04:40:32] [22 MB] [chunked_processor] Job retrieved successfully
    DATA: Array
(
    [status] => running
    [type] => backup
)

[2026-01-16 04:40:32] [22 MB] [chunked_processor] get_job called
    DATA: Array
(
    [job_id] => 5e2a0ec2-ab82-4013-82c3-a5314d23a330
)

[2026-01-16 04:40:32] [22 MB] [chunked_processor] Transient lookup result
    DATA: Array
(
    [option_name] => speed_backups_job_5e2a0ec2-ab82-4013-82c3-a5314d23a330
    [found] => YES
)

[2026-01-16 04:40:32] [22 MB] [chunked_processor] Job retrieved successfully
    DATA: Array
(
    [status] => running
    [type] => backup
)

[2026-01-16 04:40:32] [22 MB] [chunked_processor] get_job called
    DATA: Array
(
    [job_id] => 5e2a0ec2-ab82-4013-82c3-a5314d23a330
)

[2026-01-16 04:40:32] [22 MB] [chunked_processor] Transient lookup result
    DATA: Array
(
    [option_name] => speed_backups_job_5e2a0ec2-ab82-4013-82c3-a5314d23a330
    [found] => YES
)

[2026-01-16 04:40:32] [22 MB] [chunked_processor] Job retrieved successfully
    DATA: Array
(
    [status] => running
    [type] => backup
)

[2026-01-16 04:40:32] [22 MB] [chunked_processor] save_job called
    DATA: Array
(
    [job_id] => 5e2a0ec2-ab82-4013-82c3-a5314d23a330
    [status] => running
)

[2026-01-16 04:40:32] [22 MB] [chunked_processor] Transient save result
    DATA: Array
(
    [option_name] => speed_backups_job_5e2a0ec2-ab82-4013-82c3-a5314d23a330
    [success] => YES
)

[2026-01-16 04:40:32] [22 MB] [chunked_processor] Option save result
    DATA: Array
(
    [option_name] => speed_backups_job_5e2a0ec2-ab82-4013-82c3-a5314d23a330
    [success] => YES
)

[2026-01-16 04:40:32] [22 MB] [chunked_processor] Save verification (direct DB)
    DATA: Array
(
    [verified] => YES
)

[2026-01-16 04:40:34] [24 MB] [chunked_processor] get_job called
    DATA: Array
(
    [job_id] => 5e2a0ec2-ab82-4013-82c3-a5314d23a330
)

[2026-01-16 04:40:34] [24 MB] [chunked_processor] Transient lookup result
    DATA: Array
(
    [option_name] => speed_backups_job_5e2a0ec2-ab82-4013-82c3-a5314d23a330
    [found] => YES
)

[2026-01-16 04:40:34] [24 MB] [chunked_processor] Job retrieved successfully
    DATA: Array
(
    [status] => running
    [type] => backup
)

[2026-01-16 04:40:34] [24 MB] [chunked_processor] save_job called
    DATA: Array
(
    [job_id] => 5e2a0ec2-ab82-4013-82c3-a5314d23a330
    [status] => running
)

[2026-01-16 04:40:34] [24 MB] [chunked_processor] Transient save result
    DATA: Array
(
    [option_name] => speed_backups_job_5e2a0ec2-ab82-4013-82c3-a5314d23a330
    [success] => YES
)

[2026-01-16 04:40:34] [24 MB] [chunked_processor] Option save result
    DATA: Array
(
    [option_name] => speed_backups_job_5e2a0ec2-ab82-4013-82c3-a5314d23a330
    [success] => YES
)

[2026-01-16 04:40:34] [24 MB] [chunked_processor] Save verification (direct DB)
    DATA: Array
(
    [verified] => YES
)

[2026-01-16 04:40:34] [24 MB] [chunked_processor] get_job called
    DATA: Array
(
    [job_id] => 5e2a0ec2-ab82-4013-82c3-a5314d23a330
)

[2026-01-16 04:40:34] [24 MB] [chunked_processor] Transient lookup result
    DATA: Array
(
    [option_name] => speed_backups_job_5e2a0ec2-ab82-4013-82c3-a5314d23a330
    [found] => YES
)

[2026-01-16 04:40:34] [24 MB] [chunked_processor] Job retrieved successfully
    DATA: Array
(
    [status] => running
    [type] => backup
)

[2026-01-16 04:40:34] [24 MB] [chunked_processor] get_job called
    DATA: Array
(
    [job_id] => 5e2a0ec2-ab82-4013-82c3-a5314d23a330
)

[2026-01-16 04:40:34] [24 MB] [chunked_processor] Transient lookup result
    DATA: Array
(
    [option_name] => speed_backups_job_5e2a0ec2-ab82-4013-82c3-a5314d23a330
    [found] => YES
)

[2026-01-16 04:40:34] [24 MB] [chunked_processor] Job retrieved successfully
    DATA: Array
(
    [status] => running
    [type] => backup
)

[2026-01-16 04:40:35] [22 MB] [ERROR_HANDLER] PHP error handlers registered
[2026-01-16 04:40:35] [22 MB] [chunked_processor] get_job called
    DATA: Array
(
    [job_id] => 5e2a0ec2-ab82-4013-82c3-a5314d23a330
)

[2026-01-16 04:40:35] [22 MB] [chunked_processor] Transient lookup result
    DATA: Array
(
    [option_name] => speed_backups_job_5e2a0ec2-ab82-4013-82c3-a5314d23a330
    [found] => YES
)

[2026-01-16 04:40:35] [22 MB] [chunked_processor] Job retrieved successfully
    DATA: Array
(
    [status] => running
    [type] => backup
)

[2026-01-16 04:40:35] [22 MB] [chunked_processor] get_job called
    DATA: Array
(
    [job_id] => 5e2a0ec2-ab82-4013-82c3-a5314d23a330
)

[2026-01-16 04:40:35] [22 MB] [chunked_processor] Transient lookup result
    DATA: Array
(
    [option_name] => speed_backups_job_5e2a0ec2-ab82-4013-82c3-a5314d23a330
    [found] => YES
)

[2026-01-16 04:40:35] [22 MB] [chunked_processor] Job retrieved successfully
    DATA: Array
(
    [status] => running
    [type] => backup
)

[2026-01-16 04:40:35] [22 MB] [chunked_processor] get_job called
    DATA: Array
(
    [job_id] => 5e2a0ec2-ab82-4013-82c3-a5314d23a330
)

[2026-01-16 04:40:35] [22 MB] [chunked_processor] Transient lookup result
    DATA: Array
(
    [option_name] => speed_backups_job_5e2a0ec2-ab82-4013-82c3-a5314d23a330
    [found] => YES
)

[2026-01-16 04:40:35] [22 MB] [chunked_processor] Job retrieved successfully
    DATA: Array
(
    [status] => running
    [type] => backup
)

[2026-01-16 04:40:35] [22 MB] [chunked_processor] save_job called
    DATA: Array
(
    [job_id] => 5e2a0ec2-ab82-4013-82c3-a5314d23a330
    [status] => running
)

[2026-01-16 04:40:35] [22 MB] [chunked_processor] Transient save result
    DATA: Array
(
    [option_name] => speed_backups_job_5e2a0ec2-ab82-4013-82c3-a5314d23a330
    [success] => YES
)

[2026-01-16 04:40:35] [22 MB] [chunked_processor] Option save result
    DATA: Array
(
    [option_name] => speed_backups_job_5e2a0ec2-ab82-4013-82c3-a5314d23a330
    [success] => YES
)

[2026-01-16 04:40:35] [22 MB] [chunked_processor] Save verification (direct DB)
    DATA: Array
(
    [verified] => YES
)

[2026-01-16 04:40:35] [22 MB] [chunked_processor] get_job called
    DATA: Array
(
    [job_id] => 5e2a0ec2-ab82-4013-82c3-a5314d23a330
)

[2026-01-16 04:40:35] [22 MB] [chunked_processor] Transient lookup result
    DATA: Array
(
    [option_name] => speed_backups_job_5e2a0ec2-ab82-4013-82c3-a5314d23a330
    [found] => YES
)

[2026-01-16 04:40:35] [22 MB] [chunked_processor] Job retrieved successfully
    DATA: Array
(
    [status] => running
    [type] => backup
)

[2026-01-16 04:40:35] [22 MB] [chunked_processor] save_job called
    DATA: Array
(
    [job_id] => 5e2a0ec2-ab82-4013-82c3-a5314d23a330
    [status] => running
)

[2026-01-16 04:40:35] [22 MB] [chunked_processor] Transient save result
    DATA: Array
(
    [option_name] => speed_backups_job_5e2a0ec2-ab82-4013-82c3-a5314d23a330
    [success] => YES
)

[2026-01-16 04:40:35] [22 MB] [chunked_processor] Option save result
    DATA: Array
(
    [option_name] => speed_backups_job_5e2a0ec2-ab82-4013-82c3-a5314d23a330
    [success] => YES
)

[2026-01-16 04:40:35] [22 MB] [chunked_processor] Save verification (direct DB)
    DATA: Array
(
    [verified] => YES
)

[2026-01-16 04:40:35] [22 MB] [chunked_processor] get_job called
    DATA: Array
(
    [job_id] => 5e2a0ec2-ab82-4013-82c3-a5314d23a330
)

[2026-01-16 04:40:35] [22 MB] [chunked_processor] Transient lookup result
    DATA: Array
(
    [option_name] => speed_backups_job_5e2a0ec2-ab82-4013-82c3-a5314d23a330
    [found] => YES
)

[2026-01-16 04:40:35] [22 MB] [chunked_processor] Job retrieved successfully
    DATA: Array
(
    [status] => running
    [type] => backup
)

[2026-01-16 04:40:35] [22 MB] [chunked_processor] get_job called
    DATA: Array
(
    [job_id] => 5e2a0ec2-ab82-4013-82c3-a5314d23a330
)

[2026-01-16 04:40:35] [22 MB] [chunked_processor] Transient lookup result
    DATA: Array
(
    [option_name] => speed_backups_job_5e2a0ec2-ab82-4013-82c3-a5314d23a330
    [found] => YES
)

[2026-01-16 04:40:35] [22 MB] [chunked_processor] Job retrieved successfully
    DATA: Array
(
    [status] => running
    [type] => backup
)

[2026-01-16 04:40:36] [22 MB] [ERROR_HANDLER] PHP error handlers registered
[2026-01-16 04:40:36] [22 MB] [chunked_processor] get_job called
    DATA: Array
(
    [job_id] => 5e2a0ec2-ab82-4013-82c3-a5314d23a330
)

[2026-01-16 04:40:36] [22 MB] [chunked_processor] Transient lookup result
    DATA: Array
(
    [option_name] => speed_backups_job_5e2a0ec2-ab82-4013-82c3-a5314d23a330
    [found] => YES
)

[2026-01-16 04:40:36] [22 MB] [chunked_processor] Job retrieved successfully
    DATA: Array
(
    [status] => running
    [type] => backup
)

[2026-01-16 04:40:36] [22 MB] [chunked_processor] get_job called
    DATA: Array
(
    [job_id] => 5e2a0ec2-ab82-4013-82c3-a5314d23a330
)

[2026-01-16 04:40:36] [22 MB] [chunked_processor] Transient lookup result
    DATA: Array
(
    [option_name] => speed_backups_job_5e2a0ec2-ab82-4013-82c3-a5314d23a330
    [found] => YES
)

[2026-01-16 04:40:36] [22 MB] [chunked_processor] Job retrieved successfully
    DATA: Array
(
    [status] => running
    [type] => backup
)

[2026-01-16 04:40:36] [22 MB] [chunked_processor] get_job called
    DATA: Array
(
    [job_id] => 5e2a0ec2-ab82-4013-82c3-a5314d23a330
)

[2026-01-16 04:40:36] [22 MB] [chunked_processor] Transient lookup result
    DATA: Array
(
    [option_name] => speed_backups_job_5e2a0ec2-ab82-4013-82c3-a5314d23a330
    [found] => YES
)

[2026-01-16 04:40:36] [22 MB] [chunked_processor] Job retrieved successfully
    DATA: Array
(
    [status] => running
    [type] => backup
)

[2026-01-16 04:40:36] [22 MB] [chunked_processor] save_job called
    DATA: Array
(
    [job_id] => 5e2a0ec2-ab82-4013-82c3-a5314d23a330
    [status] => running
)

[2026-01-16 04:40:36] [22 MB] [chunked_processor] Transient save result
    DATA: Array
(
    [option_name] => speed_backups_job_5e2a0ec2-ab82-4013-82c3-a5314d23a330
    [success] => YES
)

[2026-01-16 04:40:36] [22 MB] [chunked_processor] Option save result
    DATA: Array
(
    [option_name] => speed_backups_job_5e2a0ec2-ab82-4013-82c3-a5314d23a330
    [success] => YES
)

[2026-01-16 04:40:36] [22 MB] [chunked_processor] Save verification (direct DB)
    DATA: Array
(
    [verified] => YES
)

[2026-01-16 04:40:36] [22 MB] [chunked_processor] get_job called
    DATA: Array
(
    [job_id] => 5e2a0ec2-ab82-4013-82c3-a5314d23a330
)

[2026-01-16 04:40:36] [22 MB] [chunked_processor] Transient lookup result
    DATA: Array
(
    [option_name] => speed_backups_job_5e2a0ec2-ab82-4013-82c3-a5314d23a330
    [found] => YES
)

[2026-01-16 04:40:36] [22 MB] [chunked_processor] Job retrieved successfully
    DATA: Array
(
    [status] => running
    [type] => backup
)

[2026-01-16 04:40:36] [22 MB] [chunked_processor] save_job called
    DATA: Array
(
    [job_id] => 5e2a0ec2-ab82-4013-82c3-a5314d23a330
    [status] => running
)

[2026-01-16 04:40:36] [22 MB] [chunked_processor] Transient save result
    DATA: Array
(
    [option_name] => speed_backups_job_5e2a0ec2-ab82-4013-82c3-a5314d23a330
    [success] => YES
)

[2026-01-16 04:40:36] [22 MB] [chunked_processor] Option save result
    DATA: Array
(
    [option_name] => speed_backups_job_5e2a0ec2-ab82-4013-82c3-a5314d23a330
    [success] => YES
)

[2026-01-16 04:40:36] [22 MB] [chunked_processor] Save verification (direct DB)
    DATA: Array
(
    [verified] => YES
)

[2026-01-16 04:40:36] [22 MB] [chunked_processor] get_job called
    DATA: Array
(
    [job_id] => 5e2a0ec2-ab82-4013-82c3-a5314d23a330
)

[2026-01-16 04:40:36] [22 MB] [chunked_processor] Transient lookup result
    DATA: Array
(
    [option_name] => speed_backups_job_5e2a0ec2-ab82-4013-82c3-a5314d23a330
    [found] => YES
)

[2026-01-16 04:40:36] [22 MB] [chunked_processor] Job retrieved successfully
    DATA: Array
(
    [status] => running
    [type] => backup
)

[2026-01-16 04:40:36] [22 MB] [chunked_processor] get_job called
    DATA: Array
(
    [job_id] => 5e2a0ec2-ab82-4013-82c3-a5314d23a330
)

[2026-01-16 04:40:36] [22 MB] [chunked_processor] Transient lookup result
    DATA: Array
(
    [option_name] => speed_backups_job_5e2a0ec2-ab82-4013-82c3-a5314d23a330
    [found] => YES
)

[2026-01-16 04:40:36] [22 MB] [chunked_processor] Job retrieved successfully
    DATA: Array
(
    [status] => running
    [type] => backup
)

[2026-01-16 04:40:36] [24 MB] [ERROR_HANDLER] PHP error handlers registered
[2026-01-16 04:40:37] [24 MB] [chunked_processor] get_job called
    DATA: Array
(
    [job_id] => 5e2a0ec2-ab82-4013-82c3-a5314d23a330
)

[2026-01-16 04:40:37] [24 MB] [chunked_processor] Transient lookup result
    DATA: Array
(
    [option_name] => speed_backups_job_5e2a0ec2-ab82-4013-82c3-a5314d23a330
    [found] => YES
)

[2026-01-16 04:40:37] [24 MB] [chunked_processor] Job retrieved successfully
    DATA: Array
(
    [status] => running
    [type] => backup
)

[2026-01-16 04:40:37] [24 MB] [chunked_processor] get_job called
    DATA: Array
(
    [job_id] => 5e2a0ec2-ab82-4013-82c3-a5314d23a330
)

[2026-01-16 04:40:37] [24 MB] [chunked_processor] Transient lookup result
    DATA: Array
(
    [option_name] => speed_backups_job_5e2a0ec2-ab82-4013-82c3-a5314d23a330
    [found] => YES
)

[2026-01-16 04:40:37] [24 MB] [chunked_processor] Job retrieved successfully
    DATA: Array
(
    [status] => running
    [type] => backup
)

[2026-01-16 04:40:37] [24 MB] [chunked_processor] get_job called
    DATA: Array
(
    [job_id] => 5e2a0ec2-ab82-4013-82c3-a5314d23a330
)

[2026-01-16 04:40:37] [24 MB] [chunked_processor] Transient lookup result
    DATA: Array
(
    [option_name] => speed_backups_job_5e2a0ec2-ab82-4013-82c3-a5314d23a330
    [found] => YES
)

[2026-01-16 04:40:37] [24 MB] [chunked_processor] Job retrieved successfully
    DATA: Array
(
    [status] => running
    [type] => backup
)

[2026-01-16 04:40:37] [24 MB] [chunked_processor] save_job called
    DATA: Array
(
    [job_id] => 5e2a0ec2-ab82-4013-82c3-a5314d23a330
    [status] => running
)

[2026-01-16 04:40:37] [24 MB] [chunked_processor] Transient save result
    DATA: Array
(
    [option_name] => speed_backups_job_5e2a0ec2-ab82-4013-82c3-a5314d23a330
    [success] => YES
)

[2026-01-16 04:40:37] [24 MB] [chunked_processor] Option save result
    DATA: Array
(
    [option_name] => speed_backups_job_5e2a0ec2-ab82-4013-82c3-a5314d23a330
    [success] => YES
)

[2026-01-16 04:40:37] [24 MB] [chunked_processor] Save verification (direct DB)
    DATA: Array
(
    [verified] => YES
)

[2026-01-16 04:40:37] [24 MB] [chunked_processor] get_job called
    DATA: Array
(
    [job_id] => 5e2a0ec2-ab82-4013-82c3-a5314d23a330
)

[2026-01-16 04:40:37] [24 MB] [chunked_processor] Transient lookup result
    DATA: Array
(
    [option_name] => speed_backups_job_5e2a0ec2-ab82-4013-82c3-a5314d23a330
    [found] => YES
)

[2026-01-16 04:40:37] [24 MB] [chunked_processor] Job retrieved successfully
    DATA: Array
(
    [status] => running
    [type] => backup
)

[2026-01-16 04:40:37] [24 MB] [chunked_processor] save_job called
    DATA: Array
(
    [job_id] => 5e2a0ec2-ab82-4013-82c3-a5314d23a330
    [status] => running
)

[2026-01-16 04:40:37] [24 MB] [chunked_processor] Transient save result
    DATA: Array
(
    [option_name] => speed_backups_job_5e2a0ec2-ab82-4013-82c3-a5314d23a330
    [success] => YES
)

[2026-01-16 04:40:37] [24 MB] [chunked_processor] Option save result
    DATA: Array
(
    [option_name] => speed_backups_job_5e2a0ec2-ab82-4013-82c3-a5314d23a330
    [success] => YES
)

[2026-01-16 04:40:37] [24 MB] [chunked_processor] Save verification (direct DB)
    DATA: Array
(
    [verified] => YES
)

[2026-01-16 04:40:37] [24 MB] [chunked_processor] get_job called
    DATA: Array
(
    [job_id] => 5e2a0ec2-ab82-4013-82c3-a5314d23a330
)

[2026-01-16 04:40:37] [24 MB] [chunked_processor] Transient lookup result
    DATA: Array
(
    [option_name] => speed_backups_job_5e2a0ec2-ab82-4013-82c3-a5314d23a330
    [found] => YES
)

[2026-01-16 04:40:37] [24 MB] [chunked_processor] Job retrieved successfully
    DATA: Array
(
    [status] => running
    [type] => backup
)

[2026-01-16 04:40:37] [24 MB] [chunked_processor] get_job called
    DATA: Array
(
    [job_id] => 5e2a0ec2-ab82-4013-82c3-a5314d23a330
)

[2026-01-16 04:40:37] [24 MB] [chunked_processor] Transient lookup result
    DATA: Array
(
    [option_name] => speed_backups_job_5e2a0ec2-ab82-4013-82c3-a5314d23a330
    [found] => YES
)

[2026-01-16 04:40:37] [24 MB] [chunked_processor] Job retrieved successfully
    DATA: Array
(
    [status] => running
    [type] => backup
)

[2026-01-16 04:40:38] [22 MB] [ERROR_HANDLER] PHP error handlers registered
[2026-01-16 04:40:38] [22 MB] [chunked_processor] get_job called
    DATA: Array
(
    [job_id] => 5e2a0ec2-ab82-4013-82c3-a5314d23a330
)

[2026-01-16 04:40:38] [22 MB] [chunked_processor] Transient lookup result
    DATA: Array
(
    [option_name] => speed_backups_job_5e2a0ec2-ab82-4013-82c3-a5314d23a330
    [found] => YES
)

[2026-01-16 04:40:38] [22 MB] [chunked_processor] Job retrieved successfully
    DATA: Array
(
    [status] => running
    [type] => backup
)

[2026-01-16 04:40:38] [22 MB] [chunked_processor] get_job called
    DATA: Array
(
    [job_id] => 5e2a0ec2-ab82-4013-82c3-a5314d23a330
)

[2026-01-16 04:40:38] [22 MB] [chunked_processor] Transient lookup result
    DATA: Array
(
    [option_name] => speed_backups_job_5e2a0ec2-ab82-4013-82c3-a5314d23a330
    [found] => YES
)

[2026-01-16 04:40:38] [22 MB] [chunked_processor] Job retrieved successfully
    DATA: Array
(
    [status] => running
    [type] => backup
)

[2026-01-16 04:40:38] [22 MB] [chunked_processor] get_job called
    DATA: Array
(
    [job_id] => 5e2a0ec2-ab82-4013-82c3-a5314d23a330
)

[2026-01-16 04:40:38] [22 MB] [chunked_processor] Transient lookup result
    DATA: Array
(
    [option_name] => speed_backups_job_5e2a0ec2-ab82-4013-82c3-a5314d23a330
    [found] => YES
)

[2026-01-16 04:40:38] [22 MB] [chunked_processor] Job retrieved successfully
    DATA: Array
(
    [status] => running
    [type] => backup
)

[2026-01-16 04:40:38] [22 MB] [chunked_processor] save_job called
    DATA: Array
(
    [job_id] => 5e2a0ec2-ab82-4013-82c3-a5314d23a330
    [status] => running
)

[2026-01-16 04:40:38] [22 MB] [chunked_processor] Transient save result
    DATA: Array
(
    [option_name] => speed_backups_job_5e2a0ec2-ab82-4013-82c3-a5314d23a330
    [success] => YES
)

[2026-01-16 04:40:38] [22 MB] [chunked_processor] Option save result
    DATA: Array
(
    [option_name] => speed_backups_job_5e2a0ec2-ab82-4013-82c3-a5314d23a330
    [success] => YES
)

[2026-01-16 04:40:38] [22 MB] [chunked_processor] Save verification (direct DB)
    DATA: Array
(
    [verified] => YES
)

[2026-01-16 04:40:39] [22 MB] [chunked_processor] get_job called
    DATA: Array
(
    [job_id] => 5e2a0ec2-ab82-4013-82c3-a5314d23a330
)

[2026-01-16 04:40:39] [22 MB] [chunked_processor] Transient lookup result
    DATA: Array
(
    [option_name] => speed_backups_job_5e2a0ec2-ab82-4013-82c3-a5314d23a330
    [found] => YES
)

[2026-01-16 04:40:39] [22 MB] [chunked_processor] Job retrieved successfully
    DATA: Array
(
    [status] => running
    [type] => backup
)

[2026-01-16 04:40:39] [22 MB] [chunked_processor] save_job called
    DATA: Array
(
    [job_id] => 5e2a0ec2-ab82-4013-82c3-a5314d23a330
    [status] => running
)

[2026-01-16 04:40:39] [22 MB] [chunked_processor] Transient save result
    DATA: Array
(
    [option_name] => speed_backups_job_5e2a0ec2-ab82-4013-82c3-a5314d23a330
    [success] => YES
)

[2026-01-16 04:40:39] [22 MB] [chunked_processor] Option save result
    DATA: Array
(
    [option_name] => speed_backups_job_5e2a0ec2-ab82-4013-82c3-a5314d23a330
    [success] => YES
)

[2026-01-16 04:40:39] [22 MB] [chunked_processor] Save verification (direct DB)
    DATA: Array
(
    [verified] => YES
)

[2026-01-16 04:40:39] [22 MB] [chunked_processor] get_job called
    DATA: Array
(
    [job_id] => 5e2a0ec2-ab82-4013-82c3-a5314d23a330
)

[2026-01-16 04:40:39] [22 MB] [chunked_processor] Transient lookup result
    DATA: Array
(
    [option_name] => speed_backups_job_5e2a0ec2-ab82-4013-82c3-a5314d23a330
    [found] => YES
)

[2026-01-16 04:40:39] [22 MB] [chunked_processor] Job retrieved successfully
    DATA: Array
(
    [status] => running
    [type] => backup
)

[2026-01-16 04:40:39] [22 MB] [chunked_processor] get_job called
    DATA: Array
(
    [job_id] => 5e2a0ec2-ab82-4013-82c3-a5314d23a330
)

[2026-01-16 04:40:39] [22 MB] [chunked_processor] Transient lookup result
    DATA: Array
(
    [option_name] => speed_backups_job_5e2a0ec2-ab82-4013-82c3-a5314d23a330
    [found] => YES
)

[2026-01-16 04:40:39] [22 MB] [chunked_processor] Job retrieved successfully
    DATA: Array
(
    [status] => running
    [type] => backup
)

[2026-01-16 04:40:39] [22 MB] [ERROR_HANDLER] PHP error handlers registered
[2026-01-16 04:40:39] [22 MB] [chunked_processor] get_job called
    DATA: Array
(
    [job_id] => 5e2a0ec2-ab82-4013-82c3-a5314d23a330
)

[2026-01-16 04:40:39] [22 MB] [chunked_processor] Transient lookup result
    DATA: Array
(
    [option_name] => speed_backups_job_5e2a0ec2-ab82-4013-82c3-a5314d23a330
    [found] => YES
)

[2026-01-16 04:40:39] [22 MB] [chunked_processor] Job retrieved successfully
    DATA: Array
(
    [status] => running
    [type] => backup
)

[2026-01-16 04:40:39] [22 MB] [chunked_processor] get_job called
    DATA: Array
(
    [job_id] => 5e2a0ec2-ab82-4013-82c3-a5314d23a330
)

[2026-01-16 04:40:39] [22 MB] [chunked_processor] Transient lookup result
    DATA: Array
(
    [option_name] => speed_backups_job_5e2a0ec2-ab82-4013-82c3-a5314d23a330
    [found] => YES
)

[2026-01-16 04:40:39] [22 MB] [chunked_processor] Job retrieved successfully
    DATA: Array
(
    [status] => running
    [type] => backup
)

[2026-01-16 04:40:39] [22 MB] [chunked_processor] get_job called
    DATA: Array
(
    [job_id] => 5e2a0ec2-ab82-4013-82c3-a5314d23a330
)

[2026-01-16 04:40:39] [22 MB] [chunked_processor] Transient lookup result
    DATA: Array
(
    [option_name] => speed_backups_job_5e2a0ec2-ab82-4013-82c3-a5314d23a330
    [found] => YES
)

[2026-01-16 04:40:39] [22 MB] [chunked_processor] Job retrieved successfully
    DATA: Array
(
    [status] => running
    [type] => backup
)

[2026-01-16 04:40:39] [22 MB] [chunked_processor] save_job called
    DATA: Array
(
    [job_id] => 5e2a0ec2-ab82-4013-82c3-a5314d23a330
    [status] => running
)

[2026-01-16 04:40:39] [22 MB] [chunked_processor] Transient save result
    DATA: Array
(
    [option_name] => speed_backups_job_5e2a0ec2-ab82-4013-82c3-a5314d23a330
    [success] => YES
)

[2026-01-16 04:40:39] [22 MB] [chunked_processor] Option save result
    DATA: Array
(
    [option_name] => speed_backups_job_5e2a0ec2-ab82-4013-82c3-a5314d23a330
    [success] => YES
)

[2026-01-16 04:40:39] [22 MB] [chunked_processor] Save verification (direct DB)
    DATA: Array
(
    [verified] => YES
)

[2026-01-16 04:40:40] [24 MB] [chunked_processor] get_job called
    DATA: Array
(
    [job_id] => 5e2a0ec2-ab82-4013-82c3-a5314d23a330
)

[2026-01-16 04:40:40] [24 MB] [chunked_processor] Transient lookup result
    DATA: Array
(
    [option_name] => speed_backups_job_5e2a0ec2-ab82-4013-82c3-a5314d23a330
    [found] => YES
)

[2026-01-16 04:40:40] [24 MB] [chunked_processor] Job retrieved successfully
    DATA: Array
(
    [status] => running
    [type] => backup
)

[2026-01-16 04:40:40] [24 MB] [chunked_processor] save_job called
    DATA: Array
(
    [job_id] => 5e2a0ec2-ab82-4013-82c3-a5314d23a330
    [status] => running
)

[2026-01-16 04:40:40] [24 MB] [chunked_processor] Transient save result
    DATA: Array
(
    [option_name] => speed_backups_job_5e2a0ec2-ab82-4013-82c3-a5314d23a330
    [success] => YES
)

[2026-01-16 04:40:40] [24 MB] [chunked_processor] Option save result
    DATA: Array
(
    [option_name] => speed_backups_job_5e2a0ec2-ab82-4013-82c3-a5314d23a330
    [success] => YES
)

[2026-01-16 04:40:40] [24 MB] [chunked_processor] Save verification (direct DB)
    DATA: Array
(
    [verified] => YES
)

[2026-01-16 04:40:40] [24 MB] [chunked_processor] get_job called
    DATA: Array
(
    [job_id] => 5e2a0ec2-ab82-4013-82c3-a5314d23a330
)

[2026-01-16 04:40:40] [24 MB] [chunked_processor] Transient lookup result
    DATA: Array
(
    [option_name] => speed_backups_job_5e2a0ec2-ab82-4013-82c3-a5314d23a330
    [found] => YES
)

[2026-01-16 04:40:40] [24 MB] [chunked_processor] Job retrieved successfully
    DATA: Array
(
    [status] => running
    [type] => backup
)

[2026-01-16 04:40:40] [24 MB] [chunked_processor] get_job called
    DATA: Array
(
    [job_id] => 5e2a0ec2-ab82-4013-82c3-a5314d23a330
)

[2026-01-16 04:40:40] [24 MB] [chunked_processor] Transient lookup result
    DATA: Array
(
    [option_name] => speed_backups_job_5e2a0ec2-ab82-4013-82c3-a5314d23a330
    [found] => YES
)

[2026-01-16 04:40:40] [24 MB] [chunked_processor] Job retrieved successfully
    DATA: Array
(
    [status] => running
    [type] => backup
)

[2026-01-16 04:40:40] [22 MB] [ERROR_HANDLER] PHP error handlers registered
[2026-01-16 04:40:40] [22 MB] [chunked_processor] get_job called
    DATA: Array
(
    [job_id] => 5e2a0ec2-ab82-4013-82c3-a5314d23a330
)

[2026-01-16 04:40:40] [22 MB] [chunked_processor] Transient lookup result
    DATA: Array
(
    [option_name] => speed_backups_job_5e2a0ec2-ab82-4013-82c3-a5314d23a330
    [found] => YES
)

[2026-01-16 04:40:40] [22 MB] [chunked_processor] Job retrieved successfully
    DATA: Array
(
    [status] => running
    [type] => backup
)

[2026-01-16 04:40:40] [22 MB] [chunked_processor] get_job called
    DATA: Array
(
    [job_id] => 5e2a0ec2-ab82-4013-82c3-a5314d23a330
)

[2026-01-16 04:40:40] [22 MB] [chunked_processor] Transient lookup result
    DATA: Array
(
    [option_name] => speed_backups_job_5e2a0ec2-ab82-4013-82c3-a5314d23a330
    [found] => YES
)

[2026-01-16 04:40:40] [22 MB] [chunked_processor] Job retrieved successfully
    DATA: Array
(
    [status] => running
    [type] => backup
)

[2026-01-16 04:40:40] [22 MB] [chunked_processor] get_job called
    DATA: Array
(
    [job_id] => 5e2a0ec2-ab82-4013-82c3-a5314d23a330
)

[2026-01-16 04:40:40] [22 MB] [chunked_processor] Transient lookup result
    DATA: Array
(
    [option_name] => speed_backups_job_5e2a0ec2-ab82-4013-82c3-a5314d23a330
    [found] => YES
)

[2026-01-16 04:40:40] [22 MB] [chunked_processor] Job retrieved successfully
    DATA: Array
(
    [status] => running
    [type] => backup
)

[2026-01-16 04:40:40] [22 MB] [chunked_processor] save_job called
    DATA: Array
(
    [job_id] => 5e2a0ec2-ab82-4013-82c3-a5314d23a330
    [status] => running
)

[2026-01-16 04:40:40] [22 MB] [chunked_processor] Transient save result
    DATA: Array
(
    [option_name] => speed_backups_job_5e2a0ec2-ab82-4013-82c3-a5314d23a330
    [success] => YES
)

[2026-01-16 04:40:40] [22 MB] [chunked_processor] Option save result
    DATA: Array
(
    [option_name] => speed_backups_job_5e2a0ec2-ab82-4013-82c3-a5314d23a330
    [success] => YES
)

[2026-01-16 04:40:40] [22 MB] [chunked_processor] Save verification (direct DB)
    DATA: Array
(
    [verified] => YES
)

[2026-01-16 04:40:41] [22 MB] [chunked_processor] get_job called
    DATA: Array
(
    [job_id] => 5e2a0ec2-ab82-4013-82c3-a5314d23a330
)

[2026-01-16 04:40:41] [22 MB] [chunked_processor] Transient lookup result
    DATA: Array
(
    [option_name] => speed_backups_job_5e2a0ec2-ab82-4013-82c3-a5314d23a330
    [found] => YES
)

[2026-01-16 04:40:41] [22 MB] [chunked_processor] Job retrieved successfully
    DATA: Array
(
    [status] => running
    [type] => backup
)

[2026-01-16 04:40:41] [22 MB] [chunked_processor] save_job called
    DATA: Array
(
    [job_id] => 5e2a0ec2-ab82-4013-82c3-a5314d23a330
    [status] => running
)

[2026-01-16 04:40:41] [22 MB] [chunked_processor] Transient save result
    DATA: Array
(
    [option_name] => speed_backups_job_5e2a0ec2-ab82-4013-82c3-a5314d23a330
    [success] => YES
)

[2026-01-16 04:40:41] [22 MB] [chunked_processor] Option save result
    DATA: Array
(
    [option_name] => speed_backups_job_5e2a0ec2-ab82-4013-82c3-a5314d23a330
    [success] => YES
)

[2026-01-16 04:40:41] [22 MB] [chunked_processor] Save verification (direct DB)
    DATA: Array
(
    [verified] => YES
)

[2026-01-16 04:40:41] [22 MB] [chunked_processor] get_job called
    DATA: Array
(
    [job_id] => 5e2a0ec2-ab82-4013-82c3-a5314d23a330
)

[2026-01-16 04:40:41] [22 MB] [chunked_processor] Transient lookup result
    DATA: Array
(
    [option_name] => speed_backups_job_5e2a0ec2-ab82-4013-82c3-a5314d23a330
    [found] => YES
)

[2026-01-16 04:40:41] [22 MB] [chunked_processor] Job retrieved successfully
    DATA: Array
(
    [status] => running
    [type] => backup
)

[2026-01-16 04:40:41] [22 MB] [chunked_processor] get_job called
    DATA: Array
(
    [job_id] => 5e2a0ec2-ab82-4013-82c3-a5314d23a330
)

[2026-01-16 04:40:41] [22 MB] [chunked_processor] Transient lookup result
    DATA: Array
(
    [option_name] => speed_backups_job_5e2a0ec2-ab82-4013-82c3-a5314d23a330
    [found] => YES
)

[2026-01-16 04:40:41] [22 MB] [chunked_processor] Job retrieved successfully
    DATA: Array
(
    [status] => running
    [type] => backup
)

[2026-01-16 04:40:41] [22 MB] [ERROR_HANDLER] PHP error handlers registered
[2026-01-16 04:40:41] [22 MB] [chunked_processor] get_job called
    DATA: Array
(
    [job_id] => 5e2a0ec2-ab82-4013-82c3-a5314d23a330
)

[2026-01-16 04:40:41] [22 MB] [chunked_processor] Transient lookup result
    DATA: Array
(
    [option_name] => speed_backups_job_5e2a0ec2-ab82-4013-82c3-a5314d23a330
    [found] => YES
)

[2026-01-16 04:40:41] [22 MB] [chunked_processor] Job retrieved successfully
    DATA: Array
(
    [status] => running
    [type] => backup
)

[2026-01-16 04:40:41] [22 MB] [chunked_processor] get_job called
    DATA: Array
(
    [job_id] => 5e2a0ec2-ab82-4013-82c3-a5314d23a330
)

[2026-01-16 04:40:41] [22 MB] [chunked_processor] Transient lookup result
    DATA: Array
(
    [option_name] => speed_backups_job_5e2a0ec2-ab82-4013-82c3-a5314d23a330
    [found] => YES
)

[2026-01-16 04:40:41] [22 MB] [chunked_processor] Job retrieved successfully
    DATA: Array
(
    [status] => running
    [type] => backup
)

[2026-01-16 04:40:41] [22 MB] [chunked_processor] get_job called
    DATA: Array
(
    [job_id] => 5e2a0ec2-ab82-4013-82c3-a5314d23a330
)

[2026-01-16 04:40:41] [22 MB] [chunked_processor] Transient lookup result
    DATA: Array
(
    [option_name] => speed_backups_job_5e2a0ec2-ab82-4013-82c3-a5314d23a330
    [found] => YES
)

[2026-01-16 04:40:41] [22 MB] [chunked_processor] Job retrieved successfully
    DATA: Array
(
    [status] => running
    [type] => backup
)

[2026-01-16 04:40:41] [22 MB] [chunked_processor] save_job called
    DATA: Array
(
    [job_id] => 5e2a0ec2-ab82-4013-82c3-a5314d23a330
    [status] => running
)

[2026-01-16 04:40:41] [22 MB] [chunked_processor] Transient save result
    DATA: Array
(
    [option_name] => speed_backups_job_5e2a0ec2-ab82-4013-82c3-a5314d23a330
    [success] => YES
)

[2026-01-16 04:40:41] [22 MB] [chunked_processor] Option save result
    DATA: Array
(
    [option_name] => speed_backups_job_5e2a0ec2-ab82-4013-82c3-a5314d23a330
    [success] => YES
)

[2026-01-16 04:40:41] [22 MB] [chunked_processor] Save verification (direct DB)
    DATA: Array
(
    [verified] => YES
)

[2026-01-16 04:40:42] [22 MB] [chunked_processor] get_job called
    DATA: Array
(
    [job_id] => 5e2a0ec2-ab82-4013-82c3-a5314d23a330
)

[2026-01-16 04:40:42] [22 MB] [chunked_processor] Transient lookup result
    DATA: Array
(
    [option_name] => speed_backups_job_5e2a0ec2-ab82-4013-82c3-a5314d23a330
    [found] => YES
)

[2026-01-16 04:40:42] [22 MB] [chunked_processor] Job retrieved successfully
    DATA: Array
(
    [status] => running
    [type] => backup
)

[2026-01-16 04:40:42] [22 MB] [chunked_processor] save_job called
    DATA: Array
(
    [job_id] => 5e2a0ec2-ab82-4013-82c3-a5314d23a330
    [status] => running
)

[2026-01-16 04:40:42] [22 MB] [chunked_processor] Transient save result
    DATA: Array
(
    [option_name] => speed_backups_job_5e2a0ec2-ab82-4013-82c3-a5314d23a330
    [success] => YES
)

[2026-01-16 04:40:42] [22 MB] [chunked_processor] Option save result
    DATA: Array
(
    [option_name] => speed_backups_job_5e2a0ec2-ab82-4013-82c3-a5314d23a330
    [success] => YES
)

[2026-01-16 04:40:42] [22 MB] [chunked_processor] Save verification (direct DB)
    DATA: Array
(
    [verified] => YES
)

[2026-01-16 04:40:42] [22 MB] [chunked_processor] get_job called
    DATA: Array
(
    [job_id] => 5e2a0ec2-ab82-4013-82c3-a5314d23a330
)

[2026-01-16 04:40:42] [22 MB] [chunked_processor] Transient lookup result
    DATA: Array
(
    [option_name] => speed_backups_job_5e2a0ec2-ab82-4013-82c3-a5314d23a330
    [found] => YES
)

[2026-01-16 04:40:42] [22 MB] [chunked_processor] Job retrieved successfully
    DATA: Array
(
    [status] => running
    [type] => backup
)

[2026-01-16 04:40:42] [22 MB] [chunked_processor] get_job called
    DATA: Array
(
    [job_id] => 5e2a0ec2-ab82-4013-82c3-a5314d23a330
)

[2026-01-16 04:40:42] [22 MB] [chunked_processor] Transient lookup result
    DATA: Array
(
    [option_name] => speed_backups_job_5e2a0ec2-ab82-4013-82c3-a5314d23a330
    [found] => YES
)

[2026-01-16 04:40:42] [22 MB] [chunked_processor] Job retrieved successfully
    DATA: Array
(
    [status] => running
    [type] => backup
)

[2026-01-16 04:40:42] [24 MB] [ERROR_HANDLER] PHP error handlers registered
[2026-01-16 04:40:42] [24 MB] [chunked_processor] get_job called
    DATA: Array
(
    [job_id] => 5e2a0ec2-ab82-4013-82c3-a5314d23a330
)

[2026-01-16 04:40:42] [24 MB] [chunked_processor] Transient lookup result
    DATA: Array
(
    [option_name] => speed_backups_job_5e2a0ec2-ab82-4013-82c3-a5314d23a330
    [found] => YES
)

[2026-01-16 04:40:42] [24 MB] [chunked_processor] Job retrieved successfully
    DATA: Array
(
    [status] => running
    [type] => backup
)

[2026-01-16 04:40:42] [24 MB] [chunked_processor] get_job called
    DATA: Array
(
    [job_id] => 5e2a0ec2-ab82-4013-82c3-a5314d23a330
)

[2026-01-16 04:40:42] [24 MB] [chunked_processor] Transient lookup result
    DATA: Array
(
    [option_name] => speed_backups_job_5e2a0ec2-ab82-4013-82c3-a5314d23a330
    [found] => YES
)

[2026-01-16 04:40:42] [24 MB] [chunked_processor] Job retrieved successfully
    DATA: Array
(
    [status] => running
    [type] => backup
)

[2026-01-16 04:40:42] [24 MB] [chunked_processor] get_job called
    DATA: Array
(
    [job_id] => 5e2a0ec2-ab82-4013-82c3-a5314d23a330
)

[2026-01-16 04:40:42] [24 MB] [chunked_processor] Transient lookup result
    DATA: Array
(
    [option_name] => speed_backups_job_5e2a0ec2-ab82-4013-82c3-a5314d23a330
    [found] => YES
)

[2026-01-16 04:40:42] [24 MB] [chunked_processor] Job retrieved successfully
    DATA: Array
(
    [status] => running
    [type] => backup
)

[2026-01-16 04:40:42] [24 MB] [chunked_processor] save_job called
    DATA: Array
(
    [job_id] => 5e2a0ec2-ab82-4013-82c3-a5314d23a330
    [status] => running
)

[2026-01-16 04:40:42] [24 MB] [chunked_processor] Transient save result
    DATA: Array
(
    [option_name] => speed_backups_job_5e2a0ec2-ab82-4013-82c3-a5314d23a330
    [success] => YES
)

[2026-01-16 04:40:42] [24 MB] [chunked_processor] Option save result
    DATA: Array
(
    [option_name] => speed_backups_job_5e2a0ec2-ab82-4013-82c3-a5314d23a330
    [success] => YES
)

[2026-01-16 04:40:42] [24 MB] [chunked_processor] Save verification (direct DB)
    DATA: Array
(
    [verified] => YES
)

[2026-01-16 04:40:43] [24 MB] [chunked_processor] get_job called
    DATA: Array
(
    [job_id] => 5e2a0ec2-ab82-4013-82c3-a5314d23a330
)

[2026-01-16 04:40:43] [24 MB] [chunked_processor] Transient lookup result
    DATA: Array
(
    [option_name] => speed_backups_job_5e2a0ec2-ab82-4013-82c3-a5314d23a330
    [found] => YES
)

[2026-01-16 04:40:43] [24 MB] [chunked_processor] Job retrieved successfully
    DATA: Array
(
    [status] => running
    [type] => backup
)

[2026-01-16 04:40:43] [24 MB] [chunked_processor] save_job called
    DATA: Array
(
    [job_id] => 5e2a0ec2-ab82-4013-82c3-a5314d23a330
    [status] => running
)

[2026-01-16 04:40:43] [24 MB] [chunked_processor] Transient save result
    DATA: Array
(
    [option_name] => speed_backups_job_5e2a0ec2-ab82-4013-82c3-a5314d23a330
    [success] => YES
)

[2026-01-16 04:40:43] [24 MB] [chunked_processor] Option save result
    DATA: Array
(
    [option_name] => speed_backups_job_5e2a0ec2-ab82-4013-82c3-a5314d23a330
    [success] => YES
)

[2026-01-16 04:40:43] [24 MB] [chunked_processor] Save verification (direct DB)
    DATA: Array
(
    [verified] => YES
)

[2026-01-16 04:40:43] [24 MB] [chunked_processor] get_job called
    DATA: Array
(
    [job_id] => 5e2a0ec2-ab82-4013-82c3-a5314d23a330
)

[2026-01-16 04:40:43] [24 MB] [chunked_processor] Transient lookup result
    DATA: Array
(
    [option_name] => speed_backups_job_5e2a0ec2-ab82-4013-82c3-a5314d23a330
    [found] => YES
)

[2026-01-16 04:40:43] [24 MB] [chunked_processor] Job retrieved successfully
    DATA: Array
(
    [status] => running
    [type] => backup
)

[2026-01-16 04:40:43] [24 MB] [chunked_processor] get_job called
    DATA: Array
(
    [job_id] => 5e2a0ec2-ab82-4013-82c3-a5314d23a330
)

[2026-01-16 04:40:43] [24 MB] [chunked_processor] Transient lookup result
    DATA: Array
(
    [option_name] => speed_backups_job_5e2a0ec2-ab82-4013-82c3-a5314d23a330
    [found] => YES
)

[2026-01-16 04:40:43] [24 MB] [chunked_processor] Job retrieved successfully
    DATA: Array
(
    [status] => running
    [type] => backup
)

[2026-01-16 04:40:43] [22 MB] [ERROR_HANDLER] PHP error handlers registered
[2026-01-16 04:40:43] [22 MB] [chunked_processor] get_job called
    DATA: Array
(
    [job_id] => 5e2a0ec2-ab82-4013-82c3-a5314d23a330
)

[2026-01-16 04:40:43] [22 MB] [chunked_processor] Transient lookup result
    DATA: Array
(
    [option_name] => speed_backups_job_5e2a0ec2-ab82-4013-82c3-a5314d23a330
    [found] => YES
)

[2026-01-16 04:40:43] [22 MB] [chunked_processor] Job retrieved successfully
    DATA: Array
(
    [status] => running
    [type] => backup
)

[2026-01-16 04:40:43] [22 MB] [chunked_processor] get_job called
    DATA: Array
(
    [job_id] => 5e2a0ec2-ab82-4013-82c3-a5314d23a330
)

[2026-01-16 04:40:43] [22 MB] [chunked_processor] Transient lookup result
    DATA: Array
(
    [option_name] => speed_backups_job_5e2a0ec2-ab82-4013-82c3-a5314d23a330
    [found] => YES
)

[2026-01-16 04:40:43] [22 MB] [chunked_processor] Job retrieved successfully
    DATA: Array
(
    [status] => running
    [type] => backup
)

[2026-01-16 04:40:43] [22 MB] [chunked_processor] get_job called
    DATA: Array
(
    [job_id] => 5e2a0ec2-ab82-4013-82c3-a5314d23a330
)

[2026-01-16 04:40:43] [22 MB] [chunked_processor] Transient lookup result
    DATA: Array
(
    [option_name] => speed_backups_job_5e2a0ec2-ab82-4013-82c3-a5314d23a330
    [found] => YES
)

[2026-01-16 04:40:43] [22 MB] [chunked_processor] Job retrieved successfully
    DATA: Array
(
    [status] => running
    [type] => backup
)

[2026-01-16 04:40:43] [22 MB] [chunked_processor] save_job called
    DATA: Array
(
    [job_id] => 5e2a0ec2-ab82-4013-82c3-a5314d23a330
    [status] => running
)

[2026-01-16 04:40:43] [22 MB] [chunked_processor] Transient save result
    DATA: Array
(
    [option_name] => speed_backups_job_5e2a0ec2-ab82-4013-82c3-a5314d23a330
    [success] => YES
)

[2026-01-16 04:40:43] [22 MB] [chunked_processor] Option save result
    DATA: Array
(
    [option_name] => speed_backups_job_5e2a0ec2-ab82-4013-82c3-a5314d23a330
    [success] => YES
)

[2026-01-16 04:40:43] [22 MB] [chunked_processor] Save verification (direct DB)
    DATA: Array
(
    [verified] => YES
)

[2026-01-16 04:40:44] [22 MB] [chunked_processor] get_job called
    DATA: Array
(
    [job_id] => 5e2a0ec2-ab82-4013-82c3-a5314d23a330
)

[2026-01-16 04:40:44] [22 MB] [chunked_processor] Transient lookup result
    DATA: Array
(
    [option_name] => speed_backups_job_5e2a0ec2-ab82-4013-82c3-a5314d23a330
    [found] => YES
)

[2026-01-16 04:40:44] [22 MB] [chunked_processor] Job retrieved successfully
    DATA: Array
(
    [status] => running
    [type] => backup
)

[2026-01-16 04:40:44] [22 MB] [chunked_processor] save_job called
    DATA: Array
(
    [job_id] => 5e2a0ec2-ab82-4013-82c3-a5314d23a330
    [status] => running
)

[2026-01-16 04:40:44] [22 MB] [chunked_processor] Transient save result
    DATA: Array
(
    [option_name] => speed_backups_job_5e2a0ec2-ab82-4013-82c3-a5314d23a330
    [success] => YES
)

[2026-01-16 04:40:44] [22 MB] [chunked_processor] Option save result
    DATA: Array
(
    [option_name] => speed_backups_job_5e2a0ec2-ab82-4013-82c3-a5314d23a330
    [success] => YES
)

[2026-01-16 04:40:44] [22 MB] [chunked_processor] Save verification (direct DB)
    DATA: Array
(
    [verified] => YES
)

[2026-01-16 04:40:44] [22 MB] [chunked_processor] get_job called
    DATA: Array
(
    [job_id] => 5e2a0ec2-ab82-4013-82c3-a5314d23a330
)

[2026-01-16 04:40:44] [22 MB] [chunked_processor] Transient lookup result
    DATA: Array
(
    [option_name] => speed_backups_job_5e2a0ec2-ab82-4013-82c3-a5314d23a330
    [found] => YES
)

[2026-01-16 04:40:44] [22 MB] [chunked_processor] Job retrieved successfully
    DATA: Array
(
    [status] => running
    [type] => backup
)

[2026-01-16 04:40:44] [22 MB] [chunked_processor] get_job called
    DATA: Array
(
    [job_id] => 5e2a0ec2-ab82-4013-82c3-a5314d23a330
)

[2026-01-16 04:40:44] [22 MB] [chunked_processor] Transient lookup result
    DATA: Array
(
    [option_name] => speed_backups_job_5e2a0ec2-ab82-4013-82c3-a5314d23a330
    [found] => YES
)

[2026-01-16 04:40:44] [22 MB] [chunked_processor] Job retrieved successfully
    DATA: Array
(
    [status] => running
    [type] => backup
)

[2026-01-16 04:40:45] [22 MB] [ERROR_HANDLER] PHP error handlers registered
[2026-01-16 04:40:45] [22 MB] [chunked_processor] get_job called
    DATA: Array
(
    [job_id] => 5e2a0ec2-ab82-4013-82c3-a5314d23a330
)

[2026-01-16 04:40:45] [22 MB] [chunked_processor] Transient lookup result
    DATA: Array
(
    [option_name] => speed_backups_job_5e2a0ec2-ab82-4013-82c3-a5314d23a330
    [found] => YES
)

[2026-01-16 04:40:45] [22 MB] [chunked_processor] Job retrieved successfully
    DATA: Array
(
    [status] => running
    [type] => backup
)

[2026-01-16 04:40:45] [22 MB] [chunked_processor] get_job called
    DATA: Array
(
    [job_id] => 5e2a0ec2-ab82-4013-82c3-a5314d23a330
)

[2026-01-16 04:40:45] [22 MB] [chunked_processor] Transient lookup result
    DATA: Array
(
    [option_name] => speed_backups_job_5e2a0ec2-ab82-4013-82c3-a5314d23a330
    [found] => YES
)

[2026-01-16 04:40:45] [22 MB] [chunked_processor] Job retrieved successfully
    DATA: Array
(
    [status] => running
    [type] => backup
)

[2026-01-16 04:40:45] [22 MB] [chunked_processor] get_job called
    DATA: Array
(
    [job_id] => 5e2a0ec2-ab82-4013-82c3-a5314d23a330
)

[2026-01-16 04:40:45] [22 MB] [chunked_processor] Transient lookup result
    DATA: Array
(
    [option_name] => speed_backups_job_5e2a0ec2-ab82-4013-82c3-a5314d23a330
    [found] => YES
)

[2026-01-16 04:40:45] [22 MB] [chunked_processor] Job retrieved successfully
    DATA: Array
(
    [status] => running
    [type] => backup
)

[2026-01-16 04:40:45] [22 MB] [chunked_processor] save_job called
    DATA: Array
(
    [job_id] => 5e2a0ec2-ab82-4013-82c3-a5314d23a330
    [status] => running
)

[2026-01-16 04:40:45] [22 MB] [chunked_processor] Transient save result
    DATA: Array
(
    [option_name] => speed_backups_job_5e2a0ec2-ab82-4013-82c3-a5314d23a330
    [success] => YES
)

[2026-01-16 04:40:45] [22 MB] [chunked_processor] Option save result
    DATA: Array
(
    [option_name] => speed_backups_job_5e2a0ec2-ab82-4013-82c3-a5314d23a330
    [success] => YES
)

[2026-01-16 04:40:45] [22 MB] [chunked_processor] Save verification (direct DB)
    DATA: Array
(
    [verified] => YES
)

[2026-01-16 04:40:47] [22 MB] [chunked_processor] get_job called
    DATA: Array
(
    [job_id] => 5e2a0ec2-ab82-4013-82c3-a5314d23a330
)

[2026-01-16 04:40:47] [22 MB] [chunked_processor] Transient lookup result
    DATA: Array
(
    [option_name] => speed_backups_job_5e2a0ec2-ab82-4013-82c3-a5314d23a330
    [found] => YES
)

[2026-01-16 04:40:47] [22 MB] [chunked_processor] Job retrieved successfully
    DATA: Array
(
    [status] => running
    [type] => backup
)

[2026-01-16 04:40:47] [22 MB] [chunked_processor] save_job called
    DATA: Array
(
    [job_id] => 5e2a0ec2-ab82-4013-82c3-a5314d23a330
    [status] => running
)

[2026-01-16 04:40:47] [22 MB] [chunked_processor] Transient save result
    DATA: Array
(
    [option_name] => speed_backups_job_5e2a0ec2-ab82-4013-82c3-a5314d23a330
    [success] => YES
)

[2026-01-16 04:40:47] [22 MB] [chunked_processor] Option save result
    DATA: Array
(
    [option_name] => speed_backups_job_5e2a0ec2-ab82-4013-82c3-a5314d23a330
    [success] => YES
)

[2026-01-16 04:40:47] [22 MB] [chunked_processor] Save verification (direct DB)
    DATA: Array
(
    [verified] => YES
)

[2026-01-16 04:40:47] [22 MB] [chunked_processor] get_job called
    DATA: Array
(
    [job_id] => 5e2a0ec2-ab82-4013-82c3-a5314d23a330
)

[2026-01-16 04:40:47] [22 MB] [chunked_processor] Transient lookup result
    DATA: Array
(
    [option_name] => speed_backups_job_5e2a0ec2-ab82-4013-82c3-a5314d23a330
    [found] => YES
)

[2026-01-16 04:40:47] [22 MB] [chunked_processor] Job retrieved successfully
    DATA: Array
(
    [status] => running
    [type] => backup
)

[2026-01-16 04:40:47] [22 MB] [chunked_processor] get_job called
    DATA: Array
(
    [job_id] => 5e2a0ec2-ab82-4013-82c3-a5314d23a330
)

[2026-01-16 04:40:47] [22 MB] [chunked_processor] Transient lookup result
    DATA: Array
(
    [option_name] => speed_backups_job_5e2a0ec2-ab82-4013-82c3-a5314d23a330
    [found] => YES
)

[2026-01-16 04:40:47] [22 MB] [chunked_processor] Job retrieved successfully
    DATA: Array
(
    [status] => running
    [type] => backup
)

[2026-01-16 04:40:48] [22 MB] [ERROR_HANDLER] PHP error handlers registered
[2026-01-16 04:40:48] [22 MB] [chunked_processor] get_job called
    DATA: Array
(
    [job_id] => 5e2a0ec2-ab82-4013-82c3-a5314d23a330
)

[2026-01-16 04:40:48] [22 MB] [chunked_processor] Transient lookup result
    DATA: Array
(
    [option_name] => speed_backups_job_5e2a0ec2-ab82-4013-82c3-a5314d23a330
    [found] => YES
)

[2026-01-16 04:40:48] [22 MB] [chunked_processor] Job retrieved successfully
    DATA: Array
(
    [status] => running
    [type] => backup
)

[2026-01-16 04:40:48] [22 MB] [chunked_processor] get_job called
    DATA: Array
(
    [job_id] => 5e2a0ec2-ab82-4013-82c3-a5314d23a330
)

[2026-01-16 04:40:48] [22 MB] [chunked_processor] Transient lookup result
    DATA: Array
(
    [option_name] => speed_backups_job_5e2a0ec2-ab82-4013-82c3-a5314d23a330
    [found] => YES
)

[2026-01-16 04:40:48] [22 MB] [chunked_processor] Job retrieved successfully
    DATA: Array
(
    [status] => running
    [type] => backup
)

[2026-01-16 04:40:48] [22 MB] [chunked_processor] get_job called
    DATA: Array
(
    [job_id] => 5e2a0ec2-ab82-4013-82c3-a5314d23a330
)

[2026-01-16 04:40:48] [22 MB] [chunked_processor] Transient lookup result
    DATA: Array
(
    [option_name] => speed_backups_job_5e2a0ec2-ab82-4013-82c3-a5314d23a330
    [found] => YES
)

[2026-01-16 04:40:48] [22 MB] [chunked_processor] Job retrieved successfully
    DATA: Array
(
    [status] => running
    [type] => backup
)

[2026-01-16 04:40:48] [22 MB] [chunked_processor] save_job called
    DATA: Array
(
    [job_id] => 5e2a0ec2-ab82-4013-82c3-a5314d23a330
    [status] => running
)

[2026-01-16 04:40:48] [22 MB] [chunked_processor] Transient save result
    DATA: Array
(
    [option_name] => speed_backups_job_5e2a0ec2-ab82-4013-82c3-a5314d23a330
    [success] => YES
)

[2026-01-16 04:40:48] [22 MB] [chunked_processor] Option save result
    DATA: Array
(
    [option_name] => speed_backups_job_5e2a0ec2-ab82-4013-82c3-a5314d23a330
    [success] => YES
)

[2026-01-16 04:40:48] [22 MB] [chunked_processor] Save verification (direct DB)
    DATA: Array
(
    [verified] => YES
)

[2026-01-16 04:40:48] [22 MB] [chunked_processor] get_job called
    DATA: Array
(
    [job_id] => 5e2a0ec2-ab82-4013-82c3-a5314d23a330
)

[2026-01-16 04:40:48] [22 MB] [chunked_processor] Transient lookup result
    DATA: Array
(
    [option_name] => speed_backups_job_5e2a0ec2-ab82-4013-82c3-a5314d23a330
    [found] => YES
)

[2026-01-16 04:40:48] [22 MB] [chunked_processor] Job retrieved successfully
    DATA: Array
(
    [status] => running
    [type] => backup
)

[2026-01-16 04:40:48] [22 MB] [chunked_processor] save_job called
    DATA: Array
(
    [job_id] => 5e2a0ec2-ab82-4013-82c3-a5314d23a330
    [status] => running
)

[2026-01-16 04:40:48] [22 MB] [chunked_processor] Transient save result
    DATA: Array
(
    [option_name] => speed_backups_job_5e2a0ec2-ab82-4013-82c3-a5314d23a330
    [success] => YES
)

[2026-01-16 04:40:48] [22 MB] [chunked_processor] Option save result
    DATA: Array
(
    [option_name] => speed_backups_job_5e2a0ec2-ab82-4013-82c3-a5314d23a330
    [success] => YES
)

[2026-01-16 04:40:48] [22 MB] [chunked_processor] Save verification (direct DB)
    DATA: Array
(
    [verified] => YES
)

[2026-01-16 04:40:48] [22 MB] [chunked_processor] get_job called
    DATA: Array
(
    [job_id] => 5e2a0ec2-ab82-4013-82c3-a5314d23a330
)

[2026-01-16 04:40:48] [22 MB] [chunked_processor] Transient lookup result
    DATA: Array
(
    [option_name] => speed_backups_job_5e2a0ec2-ab82-4013-82c3-a5314d23a330
    [found] => YES
)

[2026-01-16 04:40:48] [22 MB] [chunked_processor] Job retrieved successfully
    DATA: Array
(
    [status] => running
    [type] => backup
)

[2026-01-16 04:40:48] [22 MB] [chunked_processor] get_job called
    DATA: Array
(
    [job_id] => 5e2a0ec2-ab82-4013-82c3-a5314d23a330
)

[2026-01-16 04:40:48] [22 MB] [chunked_processor] Transient lookup result
    DATA: Array
(
    [option_name] => speed_backups_job_5e2a0ec2-ab82-4013-82c3-a5314d23a330
    [found] => YES
)

[2026-01-16 04:40:48] [22 MB] [chunked_processor] Job retrieved successfully
    DATA: Array
(
    [status] => running
    [type] => backup
)

[2026-01-16 04:40:49] [22 MB] [ERROR_HANDLER] PHP error handlers registered
[2026-01-16 04:40:49] [22 MB] [chunked_processor] get_job called
    DATA: Array
(
    [job_id] => 5e2a0ec2-ab82-4013-82c3-a5314d23a330
)

[2026-01-16 04:40:49] [22 MB] [chunked_processor] Transient lookup result
    DATA: Array
(
    [option_name] => speed_backups_job_5e2a0ec2-ab82-4013-82c3-a5314d23a330
    [found] => YES
)

[2026-01-16 04:40:49] [22 MB] [chunked_processor] Job retrieved successfully
    DATA: Array
(
    [status] => running
    [type] => backup
)

[2026-01-16 04:40:49] [22 MB] [chunked_processor] get_job called
    DATA: Array
(
    [job_id] => 5e2a0ec2-ab82-4013-82c3-a5314d23a330
)

[2026-01-16 04:40:49] [22 MB] [chunked_processor] Transient lookup result
    DATA: Array
(
    [option_name] => speed_backups_job_5e2a0ec2-ab82-4013-82c3-a5314d23a330
    [found] => YES
)

[2026-01-16 04:40:49] [22 MB] [chunked_processor] Job retrieved successfully
    DATA: Array
(
    [status] => running
    [type] => backup
)

[2026-01-16 04:40:49] [22 MB] [chunked_processor] get_job called
    DATA: Array
(
    [job_id] => 5e2a0ec2-ab82-4013-82c3-a5314d23a330
)

[2026-01-16 04:40:49] [22 MB] [chunked_processor] Transient lookup result
    DATA: Array
(
    [option_name] => speed_backups_job_5e2a0ec2-ab82-4013-82c3-a5314d23a330
    [found] => YES
)

[2026-01-16 04:40:49] [22 MB] [chunked_processor] Job retrieved successfully
    DATA: Array
(
    [status] => running
    [type] => backup
)

[2026-01-16 04:40:49] [22 MB] [chunked_processor] save_job called
    DATA: Array
(
    [job_id] => 5e2a0ec2-ab82-4013-82c3-a5314d23a330
    [status] => running
)

[2026-01-16 04:40:49] [22 MB] [chunked_processor] Transient save result
    DATA: Array
(
    [option_name] => speed_backups_job_5e2a0ec2-ab82-4013-82c3-a5314d23a330
    [success] => YES
)

[2026-01-16 04:40:49] [22 MB] [chunked_processor] Option save result
    DATA: Array
(
    [option_name] => speed_backups_job_5e2a0ec2-ab82-4013-82c3-a5314d23a330
    [success] => YES
)

[2026-01-16 04:40:49] [22 MB] [chunked_processor] Save verification (direct DB)
    DATA: Array
(
    [verified] => YES
)

[2026-01-16 04:40:50] [22 MB] [chunked_processor] get_job called
    DATA: Array
(
    [job_id] => 5e2a0ec2-ab82-4013-82c3-a5314d23a330
)

[2026-01-16 04:40:50] [22 MB] [chunked_processor] Transient lookup result
    DATA: Array
(
    [option_name] => speed_backups_job_5e2a0ec2-ab82-4013-82c3-a5314d23a330
    [found] => YES
)

[2026-01-16 04:40:50] [22 MB] [chunked_processor] Job retrieved successfully
    DATA: Array
(
    [status] => running
    [type] => backup
)

[2026-01-16 04:40:50] [22 MB] [chunked_processor] save_job called
    DATA: Array
(
    [job_id] => 5e2a0ec2-ab82-4013-82c3-a5314d23a330
    [status] => running
)

[2026-01-16 04:40:50] [22 MB] [chunked_processor] Transient save result
    DATA: Array
(
    [option_name] => speed_backups_job_5e2a0ec2-ab82-4013-82c3-a5314d23a330
    [success] => YES
)

[2026-01-16 04:40:50] [22 MB] [chunked_processor] Option save result
    DATA: Array
(
    [option_name] => speed_backups_job_5e2a0ec2-ab82-4013-82c3-a5314d23a330
    [success] => YES
)

[2026-01-16 04:40:50] [22 MB] [chunked_processor] Save verification (direct DB)
    DATA: Array
(
    [verified] => YES
)

[2026-01-16 04:40:50] [22 MB] [chunked_processor] get_job called
    DATA: Array
(
    [job_id] => 5e2a0ec2-ab82-4013-82c3-a5314d23a330
)

[2026-01-16 04:40:50] [22 MB] [chunked_processor] Transient lookup result
    DATA: Array
(
    [option_name] => speed_backups_job_5e2a0ec2-ab82-4013-82c3-a5314d23a330
    [found] => YES
)

[2026-01-16 04:40:50] [22 MB] [chunked_processor] Job retrieved successfully
    DATA: Array
(
    [status] => running
    [type] => backup
)

[2026-01-16 04:40:50] [22 MB] [chunked_processor] get_job called
    DATA: Array
(
    [job_id] => 5e2a0ec2-ab82-4013-82c3-a5314d23a330
)

[2026-01-16 04:40:50] [22 MB] [chunked_processor] Transient lookup result
    DATA: Array
(
    [option_name] => speed_backups_job_5e2a0ec2-ab82-4013-82c3-a5314d23a330
    [found] => YES
)

[2026-01-16 04:40:50] [22 MB] [chunked_processor] Job retrieved successfully
    DATA: Array
(
    [status] => running
    [type] => backup
)

[2026-01-16 04:40:51] [22 MB] [ERROR_HANDLER] PHP error handlers registered
[2026-01-16 04:40:51] [22 MB] [chunked_processor] get_job called
    DATA: Array
(
    [job_id] => 5e2a0ec2-ab82-4013-82c3-a5314d23a330
)

[2026-01-16 04:40:51] [22 MB] [chunked_processor] Transient lookup result
    DATA: Array
(
    [option_name] => speed_backups_job_5e2a0ec2-ab82-4013-82c3-a5314d23a330
    [found] => YES
)

[2026-01-16 04:40:51] [22 MB] [chunked_processor] Job retrieved successfully
    DATA: Array
(
    [status] => running
    [type] => backup
)

[2026-01-16 04:40:51] [22 MB] [chunked_processor] get_job called
    DATA: Array
(
    [job_id] => 5e2a0ec2-ab82-4013-82c3-a5314d23a330
)

[2026-01-16 04:40:51] [22 MB] [chunked_processor] Transient lookup result
    DATA: Array
(
    [option_name] => speed_backups_job_5e2a0ec2-ab82-4013-82c3-a5314d23a330
    [found] => YES
)

[2026-01-16 04:40:51] [22 MB] [chunked_processor] Job retrieved successfully
    DATA: Array
(
    [status] => running
    [type] => backup
)

[2026-01-16 04:40:51] [22 MB] [chunked_processor] get_job called
    DATA: Array
(
    [job_id] => 5e2a0ec2-ab82-4013-82c3-a5314d23a330
)

[2026-01-16 04:40:51] [22 MB] [chunked_processor] Transient lookup result
    DATA: Array
(
    [option_name] => speed_backups_job_5e2a0ec2-ab82-4013-82c3-a5314d23a330
    [found] => YES
)

[2026-01-16 04:40:51] [22 MB] [chunked_processor] Job retrieved successfully
    DATA: Array
(
    [status] => running
    [type] => backup
)

[2026-01-16 04:40:51] [22 MB] [chunked_processor] save_job called
    DATA: Array
(
    [job_id] => 5e2a0ec2-ab82-4013-82c3-a5314d23a330
    [status] => running
)

[2026-01-16 04:40:51] [22 MB] [chunked_processor] Transient save result
    DATA: Array
(
    [option_name] => speed_backups_job_5e2a0ec2-ab82-4013-82c3-a5314d23a330
    [success] => YES
)

[2026-01-16 04:40:51] [22 MB] [chunked_processor] Option save result
    DATA: Array
(
    [option_name] => speed_backups_job_5e2a0ec2-ab82-4013-82c3-a5314d23a330
    [success] => YES
)

[2026-01-16 04:40:51] [22 MB] [chunked_processor] Save verification (direct DB)
    DATA: Array
(
    [verified] => YES
)

[2026-01-16 04:40:52] [24 MB] [chunked_processor] get_job called
    DATA: Array
(
    [job_id] => 5e2a0ec2-ab82-4013-82c3-a5314d23a330
)

[2026-01-16 04:40:52] [24 MB] [chunked_processor] Transient lookup result
    DATA: Array
(
    [option_name] => speed_backups_job_5e2a0ec2-ab82-4013-82c3-a5314d23a330
    [found] => YES
)

[2026-01-16 04:40:52] [24 MB] [chunked_processor] Job retrieved successfully
    DATA: Array
(
    [status] => running
    [type] => backup
)

[2026-01-16 04:40:52] [24 MB] [chunked_processor] save_job called
    DATA: Array
(
    [job_id] => 5e2a0ec2-ab82-4013-82c3-a5314d23a330
    [status] => running
)

[2026-01-16 04:40:52] [24 MB] [chunked_processor] Transient save result
    DATA: Array
(
    [option_name] => speed_backups_job_5e2a0ec2-ab82-4013-82c3-a5314d23a330
    [success] => YES
)

[2026-01-16 04:40:52] [24 MB] [chunked_processor] Option save result
    DATA: Array
(
    [option_name] => speed_backups_job_5e2a0ec2-ab82-4013-82c3-a5314d23a330
    [success] => YES
)

[2026-01-16 04:40:52] [24 MB] [chunked_processor] Save verification (direct DB)
    DATA: Array
(
    [verified] => YES
)

[2026-01-16 04:40:52] [24 MB] [chunked_processor] get_job called
    DATA: Array
(
    [job_id] => 5e2a0ec2-ab82-4013-82c3-a5314d23a330
)

[2026-01-16 04:40:52] [24 MB] [chunked_processor] Transient lookup result
    DATA: Array
(
    [option_name] => speed_backups_job_5e2a0ec2-ab82-4013-82c3-a5314d23a330
    [found] => YES
)

[2026-01-16 04:40:52] [24 MB] [chunked_processor] Job retrieved successfully
    DATA: Array
(
    [status] => running
    [type] => backup
)

[2026-01-16 04:40:52] [24 MB] [chunked_processor] get_job called
    DATA: Array
(
    [job_id] => 5e2a0ec2-ab82-4013-82c3-a5314d23a330
)

[2026-01-16 04:40:52] [24 MB] [chunked_processor] Transient lookup result
    DATA: Array
(
    [option_name] => speed_backups_job_5e2a0ec2-ab82-4013-82c3-a5314d23a330
    [found] => YES
)

[2026-01-16 04:40:52] [24 MB] [chunked_processor] Job retrieved successfully
    DATA: Array
(
    [status] => running
    [type] => backup
)

[2026-01-16 04:40:52] [22 MB] [ERROR_HANDLER] PHP error handlers registered
[2026-01-16 04:40:52] [22 MB] [chunked_processor] get_job called
    DATA: Array
(
    [job_id] => 5e2a0ec2-ab82-4013-82c3-a5314d23a330
)

[2026-01-16 04:40:52] [22 MB] [chunked_processor] Transient lookup result
    DATA: Array
(
    [option_name] => speed_backups_job_5e2a0ec2-ab82-4013-82c3-a5314d23a330
    [found] => YES
)

[2026-01-16 04:40:52] [22 MB] [chunked_processor] Job retrieved successfully
    DATA: Array
(
    [status] => running
    [type] => backup
)

[2026-01-16 04:40:52] [22 MB] [chunked_processor] get_job called
    DATA: Array
(
    [job_id] => 5e2a0ec2-ab82-4013-82c3-a5314d23a330
)

[2026-01-16 04:40:52] [22 MB] [chunked_processor] Transient lookup result
    DATA: Array
(
    [option_name] => speed_backups_job_5e2a0ec2-ab82-4013-82c3-a5314d23a330
    [found] => YES
)

[2026-01-16 04:40:52] [22 MB] [chunked_processor] Job retrieved successfully
    DATA: Array
(
    [status] => running
    [type] => backup
)

[2026-01-16 04:40:52] [22 MB] [chunked_processor] get_job called
    DATA: Array
(
    [job_id] => 5e2a0ec2-ab82-4013-82c3-a5314d23a330
)

[2026-01-16 04:40:52] [22 MB] [chunked_processor] Transient lookup result
    DATA: Array
(
    [option_name] => speed_backups_job_5e2a0ec2-ab82-4013-82c3-a5314d23a330
    [found] => YES
)

[2026-01-16 04:40:52] [22 MB] [chunked_processor] Job retrieved successfully
    DATA: Array
(
    [status] => running
    [type] => backup
)

[2026-01-16 04:40:52] [22 MB] [chunked_processor] save_job called
    DATA: Array
(
    [job_id] => 5e2a0ec2-ab82-4013-82c3-a5314d23a330
    [status] => running
)

[2026-01-16 04:40:52] [22 MB] [chunked_processor] Transient save result
    DATA: Array
(
    [option_name] => speed_backups_job_5e2a0ec2-ab82-4013-82c3-a5314d23a330
    [success] => YES
)

[2026-01-16 04:40:52] [22 MB] [chunked_processor] Option save result
    DATA: Array
(
    [option_name] => speed_backups_job_5e2a0ec2-ab82-4013-82c3-a5314d23a330
    [success] => YES
)

[2026-01-16 04:40:52] [22 MB] [chunked_processor] Save verification (direct DB)
    DATA: Array
(
    [verified] => YES
)

[2026-01-16 04:40:53] [24 MB] [chunked_processor] get_job called
    DATA: Array
(
    [job_id] => 5e2a0ec2-ab82-4013-82c3-a5314d23a330
)

[2026-01-16 04:40:53] [24 MB] [chunked_processor] Transient lookup result
    DATA: Array
(
    [option_name] => speed_backups_job_5e2a0ec2-ab82-4013-82c3-a5314d23a330
    [found] => YES
)

[2026-01-16 04:40:53] [24 MB] [chunked_processor] Job retrieved successfully
    DATA: Array
(
    [status] => running
    [type] => backup
)

[2026-01-16 04:40:53] [24 MB] [chunked_processor] save_job called
    DATA: Array
(
    [job_id] => 5e2a0ec2-ab82-4013-82c3-a5314d23a330
    [status] => running
)

[2026-01-16 04:40:53] [24 MB] [chunked_processor] Transient save result
    DATA: Array
(
    [option_name] => speed_backups_job_5e2a0ec2-ab82-4013-82c3-a5314d23a330
    [success] => YES
)

[2026-01-16 04:40:53] [24 MB] [chunked_processor] Option save result
    DATA: Array
(
    [option_name] => speed_backups_job_5e2a0ec2-ab82-4013-82c3-a5314d23a330
    [success] => YES
)

[2026-01-16 04:40:53] [24 MB] [chunked_processor] Save verification (direct DB)
    DATA: Array
(
    [verified] => YES
)

[2026-01-16 04:40:53] [24 MB] [chunked_processor] get_job called
    DATA: Array
(
    [job_id] => 5e2a0ec2-ab82-4013-82c3-a5314d23a330
)

[2026-01-16 04:40:53] [24 MB] [chunked_processor] Transient lookup result
    DATA: Array
(
    [option_name] => speed_backups_job_5e2a0ec2-ab82-4013-82c3-a5314d23a330
    [found] => YES
)

[2026-01-16 04:40:53] [24 MB] [chunked_processor] Job retrieved successfully
    DATA: Array
(
    [status] => running
    [type] => backup
)

[2026-01-16 04:40:53] [24 MB] [chunked_processor] get_job called
    DATA: Array
(
    [job_id] => 5e2a0ec2-ab82-4013-82c3-a5314d23a330
)

[2026-01-16 04:40:53] [24 MB] [chunked_processor] Transient lookup result
    DATA: Array
(
    [option_name] => speed_backups_job_5e2a0ec2-ab82-4013-82c3-a5314d23a330
    [found] => YES
)

[2026-01-16 04:40:53] [24 MB] [chunked_processor] Job retrieved successfully
    DATA: Array
(
    [status] => running
    [type] => backup
)

[2026-01-16 04:40:54] [22 MB] [ERROR_HANDLER] PHP error handlers registered
[2026-01-16 04:40:54] [22 MB] [chunked_processor] get_job called
    DATA: Array
(
    [job_id] => 5e2a0ec2-ab82-4013-82c3-a5314d23a330
)

[2026-01-16 04:40:54] [22 MB] [chunked_processor] Transient lookup result
    DATA: Array
(
    [option_name] => speed_backups_job_5e2a0ec2-ab82-4013-82c3-a5314d23a330
    [found] => YES
)

[2026-01-16 04:40:54] [22 MB] [chunked_processor] Job retrieved successfully
    DATA: Array
(
    [status] => running
    [type] => backup
)

[2026-01-16 04:40:54] [22 MB] [chunked_processor] get_job called
    DATA: Array
(
    [job_id] => 5e2a0ec2-ab82-4013-82c3-a5314d23a330
)

[2026-01-16 04:40:54] [22 MB] [chunked_processor] Transient lookup result
    DATA: Array
(
    [option_name] => speed_backups_job_5e2a0ec2-ab82-4013-82c3-a5314d23a330
    [found] => YES
)

[2026-01-16 04:40:54] [22 MB] [chunked_processor] Job retrieved successfully
    DATA: Array
(
    [status] => running
    [type] => backup
)

[2026-01-16 04:40:54] [22 MB] [chunked_processor] get_job called
    DATA: Array
(
    [job_id] => 5e2a0ec2-ab82-4013-82c3-a5314d23a330
)

[2026-01-16 04:40:54] [22 MB] [chunked_processor] Transient lookup result
    DATA: Array
(
    [option_name] => speed_backups_job_5e2a0ec2-ab82-4013-82c3-a5314d23a330
    [found] => YES
)

[2026-01-16 04:40:54] [22 MB] [chunked_processor] Job retrieved successfully
    DATA: Array
(
    [status] => running
    [type] => backup
)

[2026-01-16 04:40:54] [22 MB] [chunked_processor] save_job called
    DATA: Array
(
    [job_id] => 5e2a0ec2-ab82-4013-82c3-a5314d23a330
    [status] => running
)

[2026-01-16 04:40:54] [22 MB] [chunked_processor] Transient save result
    DATA: Array
(
    [option_name] => speed_backups_job_5e2a0ec2-ab82-4013-82c3-a5314d23a330
    [success] => YES
)

[2026-01-16 04:40:54] [22 MB] [chunked_processor] Option save result
    DATA: Array
(
    [option_name] => speed_backups_job_5e2a0ec2-ab82-4013-82c3-a5314d23a330
    [success] => YES
)

[2026-01-16 04:40:54] [22 MB] [chunked_processor] Save verification (direct DB)
    DATA: Array
(
    [verified] => YES
)

[2026-01-16 04:40:54] [24 MB] [chunked_processor] get_job called
    DATA: Array
(
    [job_id] => 5e2a0ec2-ab82-4013-82c3-a5314d23a330
)

[2026-01-16 04:40:54] [24 MB] [chunked_processor] Transient lookup result
    DATA: Array
(
    [option_name] => speed_backups_job_5e2a0ec2-ab82-4013-82c3-a5314d23a330
    [found] => YES
)

[2026-01-16 04:40:54] [24 MB] [chunked_processor] Job retrieved successfully
    DATA: Array
(
    [status] => running
    [type] => backup
)

[2026-01-16 04:40:54] [24 MB] [chunked_processor] save_job called
    DATA: Array
(
    [job_id] => 5e2a0ec2-ab82-4013-82c3-a5314d23a330
    [status] => running
)

[2026-01-16 04:40:54] [24 MB] [chunked_processor] Transient save result
    DATA: Array
(
    [option_name] => speed_backups_job_5e2a0ec2-ab82-4013-82c3-a5314d23a330
    [success] => YES
)

[2026-01-16 04:40:54] [24 MB] [chunked_processor] Option save result
    DATA: Array
(
    [option_name] => speed_backups_job_5e2a0ec2-ab82-4013-82c3-a5314d23a330
    [success] => YES
)

[2026-01-16 04:40:54] [24 MB] [chunked_processor] Save verification (direct DB)
    DATA: Array
(
    [verified] => YES
)

[2026-01-16 04:40:54] [24 MB] [chunked_processor] get_job called
    DATA: Array
(
    [job_id] => 5e2a0ec2-ab82-4013-82c3-a5314d23a330
)

[2026-01-16 04:40:54] [24 MB] [chunked_processor] Transient lookup result
    DATA: Array
(
    [option_name] => speed_backups_job_5e2a0ec2-ab82-4013-82c3-a5314d23a330
    [found] => YES
)

[2026-01-16 04:40:54] [24 MB] [chunked_processor] Job retrieved successfully
    DATA: Array
(
    [status] => running
    [type] => backup
)

[2026-01-16 04:40:54] [24 MB] [chunked_processor] get_job called
    DATA: Array
(
    [job_id] => 5e2a0ec2-ab82-4013-82c3-a5314d23a330
)

[2026-01-16 04:40:54] [24 MB] [chunked_processor] Transient lookup result
    DATA: Array
(
    [option_name] => speed_backups_job_5e2a0ec2-ab82-4013-82c3-a5314d23a330
    [found] => YES
)

[2026-01-16 04:40:54] [24 MB] [chunked_processor] Job retrieved successfully
    DATA: Array
(
    [status] => running
    [type] => backup
)

[2026-01-16 04:40:55] [24 MB] [ERROR_HANDLER] PHP error handlers registered
[2026-01-16 04:40:55] [24 MB] [chunked_processor] get_job called
    DATA: Array
(
    [job_id] => 5e2a0ec2-ab82-4013-82c3-a5314d23a330
)

[2026-01-16 04:40:55] [24 MB] [chunked_processor] Transient lookup result
    DATA: Array
(
    [option_name] => speed_backups_job_5e2a0ec2-ab82-4013-82c3-a5314d23a330
    [found] => YES
)

[2026-01-16 04:40:55] [24 MB] [chunked_processor] Job retrieved successfully
    DATA: Array
(
    [status] => running
    [type] => backup
)

[2026-01-16 04:40:55] [24 MB] [chunked_processor] get_job called
    DATA: Array
(
    [job_id] => 5e2a0ec2-ab82-4013-82c3-a5314d23a330
)

[2026-01-16 04:40:55] [24 MB] [chunked_processor] Transient lookup result
    DATA: Array
(
    [option_name] => speed_backups_job_5e2a0ec2-ab82-4013-82c3-a5314d23a330
    [found] => YES
)

[2026-01-16 04:40:55] [24 MB] [chunked_processor] Job retrieved successfully
    DATA: Array
(
    [status] => running
    [type] => backup
)

[2026-01-16 04:40:55] [24 MB] [chunked_processor] get_job called
    DATA: Array
(
    [job_id] => 5e2a0ec2-ab82-4013-82c3-a5314d23a330
)

[2026-01-16 04:40:55] [24 MB] [chunked_processor] Transient lookup result
    DATA: Array
(
    [option_name] => speed_backups_job_5e2a0ec2-ab82-4013-82c3-a5314d23a330
    [found] => YES
)

[2026-01-16 04:40:55] [24 MB] [chunked_processor] Job retrieved successfully
    DATA: Array
(
    [status] => running
    [type] => backup
)

[2026-01-16 04:40:55] [24 MB] [chunked_processor] save_job called
    DATA: Array
(
    [job_id] => 5e2a0ec2-ab82-4013-82c3-a5314d23a330
    [status] => running
)

[2026-01-16 04:40:55] [24 MB] [chunked_processor] Transient save result
    DATA: Array
(
    [option_name] => speed_backups_job_5e2a0ec2-ab82-4013-82c3-a5314d23a330
    [success] => YES
)

[2026-01-16 04:40:55] [24 MB] [chunked_processor] Option save result
    DATA: Array
(
    [option_name] => speed_backups_job_5e2a0ec2-ab82-4013-82c3-a5314d23a330
    [success] => YES
)

[2026-01-16 04:40:55] [24 MB] [chunked_processor] Save verification (direct DB)
    DATA: Array
(
    [verified] => YES
)

[2026-01-16 04:40:56] [28 MB] [chunked_processor] get_job called
    DATA: Array
(
    [job_id] => 5e2a0ec2-ab82-4013-82c3-a5314d23a330
)

[2026-01-16 04:40:56] [28 MB] [chunked_processor] Transient lookup result
    DATA: Array
(
    [option_name] => speed_backups_job_5e2a0ec2-ab82-4013-82c3-a5314d23a330
    [found] => YES
)

[2026-01-16 04:40:56] [28 MB] [chunked_processor] Job retrieved successfully
    DATA: Array
(
    [status] => running
    [type] => backup
)

[2026-01-16 04:40:56] [28 MB] [chunked_processor] save_job called
    DATA: Array
(
    [job_id] => 5e2a0ec2-ab82-4013-82c3-a5314d23a330
    [status] => running
)

[2026-01-16 04:40:56] [28 MB] [chunked_processor] Transient save result
    DATA: Array
(
    [option_name] => speed_backups_job_5e2a0ec2-ab82-4013-82c3-a5314d23a330
    [success] => YES
)

[2026-01-16 04:40:56] [28 MB] [chunked_processor] Option save result
    DATA: Array
(
    [option_name] => speed_backups_job_5e2a0ec2-ab82-4013-82c3-a5314d23a330
    [success] => YES
)

[2026-01-16 04:40:56] [28 MB] [chunked_processor] Save verification (direct DB)
    DATA: Array
(
    [verified] => YES
)

[2026-01-16 04:40:56] [28 MB] [chunked_processor] get_job called
    DATA: Array
(
    [job_id] => 5e2a0ec2-ab82-4013-82c3-a5314d23a330
)

[2026-01-16 04:40:56] [28 MB] [chunked_processor] Transient lookup result
    DATA: Array
(
    [option_name] => speed_backups_job_5e2a0ec2-ab82-4013-82c3-a5314d23a330
    [found] => YES
)

[2026-01-16 04:40:56] [28 MB] [chunked_processor] Job retrieved successfully
    DATA: Array
(
    [status] => running
    [type] => backup
)

[2026-01-16 04:40:56] [28 MB] [chunked_processor] get_job called
    DATA: Array
(
    [job_id] => 5e2a0ec2-ab82-4013-82c3-a5314d23a330
)

[2026-01-16 04:40:56] [28 MB] [chunked_processor] Transient lookup result
    DATA: Array
(
    [option_name] => speed_backups_job_5e2a0ec2-ab82-4013-82c3-a5314d23a330
    [found] => YES
)

[2026-01-16 04:40:56] [28 MB] [chunked_processor] Job retrieved successfully
    DATA: Array
(
    [status] => running
    [type] => backup
)

[2026-01-16 04:40:57] [24 MB] [ERROR_HANDLER] PHP error handlers registered
[2026-01-16 04:40:57] [24 MB] [chunked_processor] get_job called
    DATA: Array
(
    [job_id] => 5e2a0ec2-ab82-4013-82c3-a5314d23a330
)

[2026-01-16 04:40:57] [24 MB] [chunked_processor] Transient lookup result
    DATA: Array
(
    [option_name] => speed_backups_job_5e2a0ec2-ab82-4013-82c3-a5314d23a330
    [found] => YES
)

[2026-01-16 04:40:57] [24 MB] [chunked_processor] Job retrieved successfully
    DATA: Array
(
    [status] => running
    [type] => backup
)

[2026-01-16 04:40:57] [24 MB] [chunked_processor] get_job called
    DATA: Array
(
    [job_id] => 5e2a0ec2-ab82-4013-82c3-a5314d23a330
)

[2026-01-16 04:40:57] [24 MB] [chunked_processor] Transient lookup result
    DATA: Array
(
    [option_name] => speed_backups_job_5e2a0ec2-ab82-4013-82c3-a5314d23a330
    [found] => YES
)

[2026-01-16 04:40:57] [24 MB] [chunked_processor] Job retrieved successfully
    DATA: Array
(
    [status] => running
    [type] => backup
)

[2026-01-16 04:40:57] [24 MB] [chunked_processor] get_job called
    DATA: Array
(
    [job_id] => 5e2a0ec2-ab82-4013-82c3-a5314d23a330
)

[2026-01-16 04:40:57] [24 MB] [chunked_processor] Transient lookup result
    DATA: Array
(
    [option_name] => speed_backups_job_5e2a0ec2-ab82-4013-82c3-a5314d23a330
    [found] => YES
)

[2026-01-16 04:40:57] [24 MB] [chunked_processor] Job retrieved successfully
    DATA: Array
(
    [status] => running
    [type] => backup
)

[2026-01-16 04:40:57] [24 MB] [chunked_processor] save_job called
    DATA: Array
(
    [job_id] => 5e2a0ec2-ab82-4013-82c3-a5314d23a330
    [status] => running
)

[2026-01-16 04:40:57] [24 MB] [chunked_processor] Transient save result
    DATA: Array
(
    [option_name] => speed_backups_job_5e2a0ec2-ab82-4013-82c3-a5314d23a330
    [success] => YES
)

[2026-01-16 04:40:57] [24 MB] [chunked_processor] Option save result
    DATA: Array
(
    [option_name] => speed_backups_job_5e2a0ec2-ab82-4013-82c3-a5314d23a330
    [success] => YES
)

[2026-01-16 04:40:57] [24 MB] [chunked_processor] Save verification (direct DB)
    DATA: Array
(
    [verified] => YES
)

[2026-01-16 04:40:58] [28 MB] [chunked_processor] get_job called
    DATA: Array
(
    [job_id] => 5e2a0ec2-ab82-4013-82c3-a5314d23a330
)

[2026-01-16 04:40:58] [28 MB] [chunked_processor] Transient lookup result
    DATA: Array
(
    [option_name] => speed_backups_job_5e2a0ec2-ab82-4013-82c3-a5314d23a330
    [found] => YES
)

[2026-01-16 04:40:58] [28 MB] [chunked_processor] Job retrieved successfully
    DATA: Array
(
    [status] => running
    [type] => backup
)

[2026-01-16 04:40:58] [28 MB] [chunked_processor] save_job called
    DATA: Array
(
    [job_id] => 5e2a0ec2-ab82-4013-82c3-a5314d23a330
    [status] => running
)

[2026-01-16 04:40:58] [28 MB] [chunked_processor] Transient save result
    DATA: Array
(
    [option_name] => speed_backups_job_5e2a0ec2-ab82-4013-82c3-a5314d23a330
    [success] => YES
)

[2026-01-16 04:40:58] [28 MB] [chunked_processor] Option save result
    DATA: Array
(
    [option_name] => speed_backups_job_5e2a0ec2-ab82-4013-82c3-a5314d23a330
    [success] => YES
)

[2026-01-16 04:40:58] [28 MB] [chunked_processor] Save verification (direct DB)
    DATA: Array
(
    [verified] => YES
)

[2026-01-16 04:40:58] [28 MB] [chunked_processor] get_job called
    DATA: Array
(
    [job_id] => 5e2a0ec2-ab82-4013-82c3-a5314d23a330
)

[2026-01-16 04:40:58] [28 MB] [chunked_processor] Transient lookup result
    DATA: Array
(
    [option_name] => speed_backups_job_5e2a0ec2-ab82-4013-82c3-a5314d23a330
    [found] => YES
)

[2026-01-16 04:40:58] [28 MB] [chunked_processor] Job retrieved successfully
    DATA: Array
(
    [status] => running
    [type] => backup
)

[2026-01-16 04:40:58] [28 MB] [chunked_processor] get_job called
    DATA: Array
(
    [job_id] => 5e2a0ec2-ab82-4013-82c3-a5314d23a330
)

[2026-01-16 04:40:58] [28 MB] [chunked_processor] Transient lookup result
    DATA: Array
(
    [option_name] => speed_backups_job_5e2a0ec2-ab82-4013-82c3-a5314d23a330
    [found] => YES
)

[2026-01-16 04:40:58] [28 MB] [chunked_processor] Job retrieved successfully
    DATA: Array
(
    [status] => running
    [type] => backup
)

[2026-01-16 04:40:59] [24 MB] [ERROR_HANDLER] PHP error handlers registered
[2026-01-16 04:40:59] [24 MB] [chunked_processor] get_job called
    DATA: Array
(
    [job_id] => 5e2a0ec2-ab82-4013-82c3-a5314d23a330
)

[2026-01-16 04:40:59] [24 MB] [chunked_processor] Transient lookup result
    DATA: Array
(
    [option_name] => speed_backups_job_5e2a0ec2-ab82-4013-82c3-a5314d23a330
    [found] => YES
)

[2026-01-16 04:40:59] [24 MB] [chunked_processor] Job retrieved successfully
    DATA: Array
(
    [status] => running
    [type] => backup
)

[2026-01-16 04:40:59] [24 MB] [chunked_processor] get_job called
    DATA: Array
(
    [job_id] => 5e2a0ec2-ab82-4013-82c3-a5314d23a330
)

[2026-01-16 04:40:59] [24 MB] [chunked_processor] Transient lookup result
    DATA: Array
(
    [option_name] => speed_backups_job_5e2a0ec2-ab82-4013-82c3-a5314d23a330
    [found] => YES
)

[2026-01-16 04:40:59] [24 MB] [chunked_processor] Job retrieved successfully
    DATA: Array
(
    [status] => running
    [type] => backup
)

[2026-01-16 04:40:59] [24 MB] [chunked_processor] get_job called
    DATA: Array
(
    [job_id] => 5e2a0ec2-ab82-4013-82c3-a5314d23a330
)

[2026-01-16 04:40:59] [24 MB] [chunked_processor] Transient lookup result
    DATA: Array
(
    [option_name] => speed_backups_job_5e2a0ec2-ab82-4013-82c3-a5314d23a330
    [found] => YES
)

[2026-01-16 04:40:59] [24 MB] [chunked_processor] Job retrieved successfully
    DATA: Array
(
    [status] => running
    [type] => backup
)

[2026-01-16 04:40:59] [24 MB] [chunked_processor] save_job called
    DATA: Array
(
    [job_id] => 5e2a0ec2-ab82-4013-82c3-a5314d23a330
    [status] => running
)

[2026-01-16 04:40:59] [24 MB] [chunked_processor] Transient save result
    DATA: Array
(
    [option_name] => speed_backups_job_5e2a0ec2-ab82-4013-82c3-a5314d23a330
    [success] => YES
)

[2026-01-16 04:40:59] [24 MB] [chunked_processor] Option save result
    DATA: Array
(
    [option_name] => speed_backups_job_5e2a0ec2-ab82-4013-82c3-a5314d23a330
    [success] => YES
)

[2026-01-16 04:40:59] [24 MB] [chunked_processor] Save verification (direct DB)
    DATA: Array
(
    [verified] => YES
)

[2026-01-16 04:41:00] [26 MB] [chunked_processor] get_job called
    DATA: Array
(
    [job_id] => 5e2a0ec2-ab82-4013-82c3-a5314d23a330
)

[2026-01-16 04:41:00] [26 MB] [chunked_processor] Transient lookup result
    DATA: Array
(
    [option_name] => speed_backups_job_5e2a0ec2-ab82-4013-82c3-a5314d23a330
    [found] => YES
)

[2026-01-16 04:41:00] [26 MB] [chunked_processor] Job retrieved successfully
    DATA: Array
(
    [status] => running
    [type] => backup
)

[2026-01-16 04:41:00] [26 MB] [chunked_processor] save_job called
    DATA: Array
(
    [job_id] => 5e2a0ec2-ab82-4013-82c3-a5314d23a330
    [status] => running
)

[2026-01-16 04:41:00] [26 MB] [chunked_processor] Transient save result
    DATA: Array
(
    [option_name] => speed_backups_job_5e2a0ec2-ab82-4013-82c3-a5314d23a330
    [success] => YES
)

[2026-01-16 04:41:00] [26 MB] [chunked_processor] Option save result
    DATA: Array
(
    [option_name] => speed_backups_job_5e2a0ec2-ab82-4013-82c3-a5314d23a330
    [success] => YES
)

[2026-01-16 04:41:00] [26 MB] [chunked_processor] Save verification (direct DB)
    DATA: Array
(
    [verified] => YES
)

[2026-01-16 04:41:00] [26 MB] [chunked_processor] get_job called
    DATA: Array
(
    [job_id] => 5e2a0ec2-ab82-4013-82c3-a5314d23a330
)

[2026-01-16 04:41:00] [26 MB] [chunked_processor] Transient lookup result
    DATA: Array
(
    [option_name] => speed_backups_job_5e2a0ec2-ab82-4013-82c3-a5314d23a330
    [found] => YES
)

[2026-01-16 04:41:00] [26 MB] [chunked_processor] Job retrieved successfully
    DATA: Array
(
    [status] => running
    [type] => backup
)

[2026-01-16 04:41:00] [26 MB] [chunked_processor] get_job called
    DATA: Array
(
    [job_id] => 5e2a0ec2-ab82-4013-82c3-a5314d23a330
)

[2026-01-16 04:41:00] [26 MB] [chunked_processor] Transient lookup result
    DATA: Array
(
    [option_name] => speed_backups_job_5e2a0ec2-ab82-4013-82c3-a5314d23a330
    [found] => YES
)

[2026-01-16 04:41:00] [26 MB] [chunked_processor] Job retrieved successfully
    DATA: Array
(
    [status] => running
    [type] => backup
)

[2026-01-16 04:41:00] [28 MB] [ERROR_HANDLER] PHP error handlers registered
[2026-01-16 04:41:01] [28 MB] [chunked_processor] get_job called
    DATA: Array
(
    [job_id] => 5e2a0ec2-ab82-4013-82c3-a5314d23a330
)

[2026-01-16 04:41:01] [28 MB] [chunked_processor] Transient lookup result
    DATA: Array
(
    [option_name] => speed_backups_job_5e2a0ec2-ab82-4013-82c3-a5314d23a330
    [found] => YES
)

[2026-01-16 04:41:01] [28 MB] [chunked_processor] Job retrieved successfully
    DATA: Array
(
    [status] => running
    [type] => backup
)

[2026-01-16 04:41:01] [28 MB] [chunked_processor] get_job called
    DATA: Array
(
    [job_id] => 5e2a0ec2-ab82-4013-82c3-a5314d23a330
)

[2026-01-16 04:41:01] [28 MB] [chunked_processor] Transient lookup result
    DATA: Array
(
    [option_name] => speed_backups_job_5e2a0ec2-ab82-4013-82c3-a5314d23a330
    [found] => YES
)

[2026-01-16 04:41:01] [28 MB] [chunked_processor] Job retrieved successfully
    DATA: Array
(
    [status] => running
    [type] => backup
)

[2026-01-16 04:41:01] [28 MB] [chunked_processor] get_job called
    DATA: Array
(
    [job_id] => 5e2a0ec2-ab82-4013-82c3-a5314d23a330
)

[2026-01-16 04:41:01] [28 MB] [chunked_processor] Transient lookup result
    DATA: Array
(
    [option_name] => speed_backups_job_5e2a0ec2-ab82-4013-82c3-a5314d23a330
    [found] => YES
)

[2026-01-16 04:41:01] [28 MB] [chunked_processor] Job retrieved successfully
    DATA: Array
(
    [status] => running
    [type] => backup
)

[2026-01-16 04:41:01] [28 MB] [chunked_processor] save_job called
    DATA: Array
(
    [job_id] => 5e2a0ec2-ab82-4013-82c3-a5314d23a330
    [status] => running
)

[2026-01-16 04:41:01] [28 MB] [chunked_processor] Transient save result
    DATA: Array
(
    [option_name] => speed_backups_job_5e2a0ec2-ab82-4013-82c3-a5314d23a330
    [success] => YES
)

[2026-01-16 04:41:01] [28 MB] [chunked_processor] Option save result
    DATA: Array
(
    [option_name] => speed_backups_job_5e2a0ec2-ab82-4013-82c3-a5314d23a330
    [success] => YES
)

[2026-01-16 04:41:01] [28 MB] [chunked_processor] Save verification (direct DB)
    DATA: Array
(
    [verified] => YES
)

[2026-01-16 04:41:01] [28 MB] [chunked_processor] get_job called
    DATA: Array
(
    [job_id] => 5e2a0ec2-ab82-4013-82c3-a5314d23a330
)

[2026-01-16 04:41:02] [28 MB] [chunked_processor] Transient lookup result
    DATA: Array
(
    [option_name] => speed_backups_job_5e2a0ec2-ab82-4013-82c3-a5314d23a330
    [found] => YES
)

[2026-01-16 04:41:02] [28 MB] [chunked_processor] Job retrieved successfully
    DATA: Array
(
    [status] => running
    [type] => backup
)

[2026-01-16 04:41:02] [28 MB] [chunked_processor] save_job called
    DATA: Array
(
    [job_id] => 5e2a0ec2-ab82-4013-82c3-a5314d23a330
    [status] => running
)

[2026-01-16 04:41:02] [28 MB] [chunked_processor] Transient save result
    DATA: Array
(
    [option_name] => speed_backups_job_5e2a0ec2-ab82-4013-82c3-a5314d23a330
    [success] => YES
)

[2026-01-16 04:41:02] [28 MB] [chunked_processor] Option save result
    DATA: Array
(
    [option_name] => speed_backups_job_5e2a0ec2-ab82-4013-82c3-a5314d23a330
    [success] => YES
)

[2026-01-16 04:41:02] [28 MB] [chunked_processor] Save verification (direct DB)
    DATA: Array
(
    [verified] => YES
)

[2026-01-16 04:41:02] [28 MB] [chunked_processor] get_job called
    DATA: Array
(
    [job_id] => 5e2a0ec2-ab82-4013-82c3-a5314d23a330
)

[2026-01-16 04:41:02] [28 MB] [chunked_processor] Transient lookup result
    DATA: Array
(
    [option_name] => speed_backups_job_5e2a0ec2-ab82-4013-82c3-a5314d23a330
    [found] => YES
)

[2026-01-16 04:41:02] [28 MB] [chunked_processor] Job retrieved successfully
    DATA: Array
(
    [status] => running
    [type] => backup
)

[2026-01-16 04:41:02] [28 MB] [chunked_processor] get_job called
    DATA: Array
(
    [job_id] => 5e2a0ec2-ab82-4013-82c3-a5314d23a330
)

[2026-01-16 04:41:02] [28 MB] [chunked_processor] Transient lookup result
    DATA: Array
(
    [option_name] => speed_backups_job_5e2a0ec2-ab82-4013-82c3-a5314d23a330
    [found] => YES
)

[2026-01-16 04:41:02] [28 MB] [chunked_processor] Job retrieved successfully
    DATA: Array
(
    [status] => running
    [type] => backup
)

[2026-01-16 04:41:02] [28 MB] [ERROR_HANDLER] PHP error handlers registered
[2026-01-16 04:41:02] [28 MB] [chunked_processor] get_job called
    DATA: Array
(
    [job_id] => 5e2a0ec2-ab82-4013-82c3-a5314d23a330
)

[2026-01-16 04:41:02] [28 MB] [chunked_processor] Transient lookup result
    DATA: Array
(
    [option_name] => speed_backups_job_5e2a0ec2-ab82-4013-82c3-a5314d23a330
    [found] => YES
)

[2026-01-16 04:41:02] [28 MB] [chunked_processor] Job retrieved successfully
    DATA: Array
(
    [status] => running
    [type] => backup
)

[2026-01-16 04:41:02] [28 MB] [chunked_processor] get_job called
    DATA: Array
(
    [job_id] => 5e2a0ec2-ab82-4013-82c3-a5314d23a330
)

[2026-01-16 04:41:02] [28 MB] [chunked_processor] Transient lookup result
    DATA: Array
(
    [option_name] => speed_backups_job_5e2a0ec2-ab82-4013-82c3-a5314d23a330
    [found] => YES
)

[2026-01-16 04:41:02] [28 MB] [chunked_processor] Job retrieved successfully
    DATA: Array
(
    [status] => running
    [type] => backup
)

[2026-01-16 04:41:02] [28 MB] [chunked_processor] get_job called
    DATA: Array
(
    [job_id] => 5e2a0ec2-ab82-4013-82c3-a5314d23a330
)

[2026-01-16 04:41:02] [28 MB] [chunked_processor] Transient lookup result
    DATA: Array
(
    [option_name] => speed_backups_job_5e2a0ec2-ab82-4013-82c3-a5314d23a330
    [found] => YES
)

[2026-01-16 04:41:02] [28 MB] [chunked_processor] Job retrieved successfully
    DATA: Array
(
    [status] => running
    [type] => backup
)

[2026-01-16 04:41:02] [28 MB] [chunked_processor] save_job called
    DATA: Array
(
    [job_id] => 5e2a0ec2-ab82-4013-82c3-a5314d23a330
    [status] => running
)

[2026-01-16 04:41:02] [28 MB] [chunked_processor] Transient save result
    DATA: Array
(
    [option_name] => speed_backups_job_5e2a0ec2-ab82-4013-82c3-a5314d23a330
    [success] => YES
)

[2026-01-16 04:41:02] [28 MB] [chunked_processor] Option save result
    DATA: Array
(
    [option_name] => speed_backups_job_5e2a0ec2-ab82-4013-82c3-a5314d23a330
    [success] => YES
)

[2026-01-16 04:41:02] [28 MB] [chunked_processor] Save verification (direct DB)
    DATA: Array
(
    [verified] => YES
)

[2026-01-16 04:41:03] [28 MB] [chunked_processor] get_job called
    DATA: Array
(
    [job_id] => 5e2a0ec2-ab82-4013-82c3-a5314d23a330
)

[2026-01-16 04:41:03] [28 MB] [chunked_processor] Transient lookup result
    DATA: Array
(
    [option_name] => speed_backups_job_5e2a0ec2-ab82-4013-82c3-a5314d23a330
    [found] => YES
)

[2026-01-16 04:41:03] [28 MB] [chunked_processor] Job retrieved successfully
    DATA: Array
(
    [status] => running
    [type] => backup
)

[2026-01-16 04:41:03] [28 MB] [chunked_processor] save_job called
    DATA: Array
(
    [job_id] => 5e2a0ec2-ab82-4013-82c3-a5314d23a330
    [status] => running
)

[2026-01-16 04:41:03] [28 MB] [chunked_processor] Transient save result
    DATA: Array
(
    [option_name] => speed_backups_job_5e2a0ec2-ab82-4013-82c3-a5314d23a330
    [success] => YES
)

[2026-01-16 04:41:03] [28 MB] [chunked_processor] Option save result
    DATA: Array
(
    [option_name] => speed_backups_job_5e2a0ec2-ab82-4013-82c3-a5314d23a330
    [success] => YES
)

[2026-01-16 04:41:03] [28 MB] [chunked_processor] Save verification (direct DB)
    DATA: Array
(
    [verified] => YES
)

[2026-01-16 04:41:03] [28 MB] [chunked_processor] get_job called
    DATA: Array
(
    [job_id] => 5e2a0ec2-ab82-4013-82c3-a5314d23a330
)

[2026-01-16 04:41:03] [28 MB] [chunked_processor] Transient lookup result
    DATA: Array
(
    [option_name] => speed_backups_job_5e2a0ec2-ab82-4013-82c3-a5314d23a330
    [found] => YES
)

[2026-01-16 04:41:03] [28 MB] [chunked_processor] Job retrieved successfully
    DATA: Array
(
    [status] => running
    [type] => backup
)

[2026-01-16 04:41:03] [28 MB] [chunked_processor] get_job called
    DATA: Array
(
    [job_id] => 5e2a0ec2-ab82-4013-82c3-a5314d23a330
)

[2026-01-16 04:41:03] [28 MB] [chunked_processor] Transient lookup result
    DATA: Array
(
    [option_name] => speed_backups_job_5e2a0ec2-ab82-4013-82c3-a5314d23a330
    [found] => YES
)

[2026-01-16 04:41:03] [28 MB] [chunked_processor] Job retrieved successfully
    DATA: Array
(
    [status] => running
    [type] => backup
)

[2026-01-16 04:41:04] [24 MB] [ERROR_HANDLER] PHP error handlers registered
[2026-01-16 04:41:04] [24 MB] [chunked_processor] get_job called
    DATA: Array
(
    [job_id] => 5e2a0ec2-ab82-4013-82c3-a5314d23a330
)

[2026-01-16 04:41:04] [24 MB] [chunked_processor] Transient lookup result
    DATA: Array
(
    [option_name] => speed_backups_job_5e2a0ec2-ab82-4013-82c3-a5314d23a330
    [found] => YES
)

[2026-01-16 04:41:04] [24 MB] [chunked_processor] Job retrieved successfully
    DATA: Array
(
    [status] => running
    [type] => backup
)

[2026-01-16 04:41:04] [24 MB] [chunked_processor] get_job called
    DATA: Array
(
    [job_id] => 5e2a0ec2-ab82-4013-82c3-a5314d23a330
)

[2026-01-16 04:41:04] [24 MB] [chunked_processor] Transient lookup result
    DATA: Array
(
    [option_name] => speed_backups_job_5e2a0ec2-ab82-4013-82c3-a5314d23a330
    [found] => YES
)

[2026-01-16 04:41:04] [24 MB] [chunked_processor] Job retrieved successfully
    DATA: Array
(
    [status] => running
    [type] => backup
)

[2026-01-16 04:41:04] [24 MB] [chunked_processor] get_job called
    DATA: Array
(
    [job_id] => 5e2a0ec2-ab82-4013-82c3-a5314d23a330
)

[2026-01-16 04:41:04] [24 MB] [chunked_processor] Transient lookup result
    DATA: Array
(
    [option_name] => speed_backups_job_5e2a0ec2-ab82-4013-82c3-a5314d23a330
    [found] => YES
)

[2026-01-16 04:41:04] [24 MB] [chunked_processor] Job retrieved successfully
    DATA: Array
(
    [status] => running
    [type] => backup
)

[2026-01-16 04:41:04] [24 MB] [chunked_processor] save_job called
    DATA: Array
(
    [job_id] => 5e2a0ec2-ab82-4013-82c3-a5314d23a330
    [status] => running
)

[2026-01-16 04:41:04] [24 MB] [chunked_processor] Transient save result
    DATA: Array
(
    [option_name] => speed_backups_job_5e2a0ec2-ab82-4013-82c3-a5314d23a330
    [success] => YES
)

[2026-01-16 04:41:04] [24 MB] [chunked_processor] Option save result
    DATA: Array
(
    [option_name] => speed_backups_job_5e2a0ec2-ab82-4013-82c3-a5314d23a330
    [success] => YES
)

[2026-01-16 04:41:04] [24 MB] [chunked_processor] Save verification (direct DB)
    DATA: Array
(
    [verified] => YES
)

[2026-01-16 04:41:05] [24 MB] [chunked_processor] get_job called
    DATA: Array
(
    [job_id] => 5e2a0ec2-ab82-4013-82c3-a5314d23a330
)

[2026-01-16 04:41:05] [24 MB] [chunked_processor] Transient lookup result
    DATA: Array
(
    [option_name] => speed_backups_job_5e2a0ec2-ab82-4013-82c3-a5314d23a330
    [found] => YES
)

[2026-01-16 04:41:05] [24 MB] [chunked_processor] Job retrieved successfully
    DATA: Array
(
    [status] => running
    [type] => backup
)

[2026-01-16 04:41:05] [24 MB] [chunked_processor] save_job called
    DATA: Array
(
    [job_id] => 5e2a0ec2-ab82-4013-82c3-a5314d23a330
    [status] => running
)

[2026-01-16 04:41:05] [24 MB] [chunked_processor] Transient save result
    DATA: Array
(
    [option_name] => speed_backups_job_5e2a0ec2-ab82-4013-82c3-a5314d23a330
    [success] => YES
)

[2026-01-16 04:41:05] [24 MB] [chunked_processor] Option save result
    DATA: Array
(
    [option_name] => speed_backups_job_5e2a0ec2-ab82-4013-82c3-a5314d23a330
    [success] => YES
)

[2026-01-16 04:41:05] [24 MB] [chunked_processor] Save verification (direct DB)
    DATA: Array
(
    [verified] => YES
)

[2026-01-16 04:41:05] [24 MB] [chunked_processor] get_job called
    DATA: Array
(
    [job_id] => 5e2a0ec2-ab82-4013-82c3-a5314d23a330
)

[2026-01-16 04:41:05] [24 MB] [chunked_processor] Transient lookup result
    DATA: Array
(
    [option_name] => speed_backups_job_5e2a0ec2-ab82-4013-82c3-a5314d23a330
    [found] => YES
)

[2026-01-16 04:41:05] [24 MB] [chunked_processor] Job retrieved successfully
    DATA: Array
(
    [status] => running
    [type] => backup
)

[2026-01-16 04:41:05] [24 MB] [chunked_processor] get_job called
    DATA: Array
(
    [job_id] => 5e2a0ec2-ab82-4013-82c3-a5314d23a330
)

[2026-01-16 04:41:05] [24 MB] [chunked_processor] Transient lookup result
    DATA: Array
(
    [option_name] => speed_backups_job_5e2a0ec2-ab82-4013-82c3-a5314d23a330
    [found] => YES
)

[2026-01-16 04:41:05] [24 MB] [chunked_processor] Job retrieved successfully
    DATA: Array
(
    [status] => running
    [type] => backup
)

[2026-01-16 04:41:05] [26 MB] [ERROR_HANDLER] PHP error handlers registered
[2026-01-16 04:41:05] [26 MB] [chunked_processor] get_job called
    DATA: Array
(
    [job_id] => 5e2a0ec2-ab82-4013-82c3-a5314d23a330
)

[2026-01-16 04:41:05] [26 MB] [chunked_processor] Transient lookup result
    DATA: Array
(
    [option_name] => speed_backups_job_5e2a0ec2-ab82-4013-82c3-a5314d23a330
    [found] => YES
)

[2026-01-16 04:41:05] [26 MB] [chunked_processor] Job retrieved successfully
    DATA: Array
(
    [status] => running
    [type] => backup
)

[2026-01-16 04:41:05] [26 MB] [chunked_processor] get_job called
    DATA: Array
(
    [job_id] => 5e2a0ec2-ab82-4013-82c3-a5314d23a330
)

[2026-01-16 04:41:05] [26 MB] [chunked_processor] Transient lookup result
    DATA: Array
(
    [option_name] => speed_backups_job_5e2a0ec2-ab82-4013-82c3-a5314d23a330
    [found] => YES
)

[2026-01-16 04:41:05] [26 MB] [chunked_processor] Job retrieved successfully
    DATA: Array
(
    [status] => running
    [type] => backup
)

[2026-01-16 04:41:05] [26 MB] [chunked_processor] get_job called
    DATA: Array
(
    [job_id] => 5e2a0ec2-ab82-4013-82c3-a5314d23a330
)

[2026-01-16 04:41:05] [26 MB] [chunked_processor] Transient lookup result
    DATA: Array
(
    [option_name] => speed_backups_job_5e2a0ec2-ab82-4013-82c3-a5314d23a330
    [found] => YES
)

[2026-01-16 04:41:05] [26 MB] [chunked_processor] Job retrieved successfully
    DATA: Array
(
    [status] => running
    [type] => backup
)

[2026-01-16 04:41:05] [26 MB] [chunked_processor] save_job called
    DATA: Array
(
    [job_id] => 5e2a0ec2-ab82-4013-82c3-a5314d23a330
    [status] => running
)

[2026-01-16 04:41:05] [26 MB] [chunked_processor] Transient save result
    DATA: Array
(
    [option_name] => speed_backups_job_5e2a0ec2-ab82-4013-82c3-a5314d23a330
    [success] => YES
)

[2026-01-16 04:41:05] [26 MB] [chunked_processor] Option save result
    DATA: Array
(
    [option_name] => speed_backups_job_5e2a0ec2-ab82-4013-82c3-a5314d23a330
    [success] => YES
)

[2026-01-16 04:41:05] [26 MB] [chunked_processor] Save verification (direct DB)
    DATA: Array
(
    [verified] => YES
)

[2026-01-16 04:41:06] [26 MB] [chunked_processor] get_job called
    DATA: Array
(
    [job_id] => 5e2a0ec2-ab82-4013-82c3-a5314d23a330
)

[2026-01-16 04:41:06] [26 MB] [chunked_processor] Transient lookup result
    DATA: Array
(
    [option_name] => speed_backups_job_5e2a0ec2-ab82-4013-82c3-a5314d23a330
    [found] => YES
)

[2026-01-16 04:41:06] [26 MB] [chunked_processor] Job retrieved successfully
    DATA: Array
(
    [status] => running
    [type] => backup
)

[2026-01-16 04:41:06] [26 MB] [chunked_processor] save_job called
    DATA: Array
(
    [job_id] => 5e2a0ec2-ab82-4013-82c3-a5314d23a330
    [status] => running
)

[2026-01-16 04:41:06] [26 MB] [chunked_processor] Transient save result
    DATA: Array
(
    [option_name] => speed_backups_job_5e2a0ec2-ab82-4013-82c3-a5314d23a330
    [success] => YES
)

[2026-01-16 04:41:06] [26 MB] [chunked_processor] Option save result
    DATA: Array
(
    [option_name] => speed_backups_job_5e2a0ec2-ab82-4013-82c3-a5314d23a330
    [success] => YES
)

[2026-01-16 04:41:06] [26 MB] [chunked_processor] Save verification (direct DB)
    DATA: Array
(
    [verified] => YES
)

[2026-01-16 04:41:06] [26 MB] [chunked_processor] get_job called
    DATA: Array
(
    [job_id] => 5e2a0ec2-ab82-4013-82c3-a5314d23a330
)

[2026-01-16 04:41:06] [26 MB] [chunked_processor] Transient lookup result
    DATA: Array
(
    [option_name] => speed_backups_job_5e2a0ec2-ab82-4013-82c3-a5314d23a330
    [found] => YES
)

[2026-01-16 04:41:06] [26 MB] [chunked_processor] Job retrieved successfully
    DATA: Array
(
    [status] => running
    [type] => backup
)

[2026-01-16 04:41:06] [26 MB] [chunked_processor] get_job called
    DATA: Array
(
    [job_id] => 5e2a0ec2-ab82-4013-82c3-a5314d23a330
)

[2026-01-16 04:41:06] [26 MB] [chunked_processor] Transient lookup result
    DATA: Array
(
    [option_name] => speed_backups_job_5e2a0ec2-ab82-4013-82c3-a5314d23a330
    [found] => YES
)

[2026-01-16 04:41:06] [26 MB] [chunked_processor] Job retrieved successfully
    DATA: Array
(
    [status] => running
    [type] => backup
)

[2026-01-16 04:41:07] [24 MB] [ERROR_HANDLER] PHP error handlers registered
[2026-01-16 04:41:07] [24 MB] [chunked_processor] get_job called
    DATA: Array
(
    [job_id] => 5e2a0ec2-ab82-4013-82c3-a5314d23a330
)

[2026-01-16 04:41:07] [24 MB] [chunked_processor] Transient lookup result
    DATA: Array
(
    [option_name] => speed_backups_job_5e2a0ec2-ab82-4013-82c3-a5314d23a330
    [found] => YES
)

[2026-01-16 04:41:07] [24 MB] [chunked_processor] Job retrieved successfully
    DATA: Array
(
    [status] => running
    [type] => backup
)

[2026-01-16 04:41:07] [24 MB] [chunked_processor] get_job called
    DATA: Array
(
    [job_id] => 5e2a0ec2-ab82-4013-82c3-a5314d23a330
)

[2026-01-16 04:41:07] [24 MB] [chunked_processor] Transient lookup result
    DATA: Array
(
    [option_name] => speed_backups_job_5e2a0ec2-ab82-4013-82c3-a5314d23a330
    [found] => YES
)

[2026-01-16 04:41:07] [24 MB] [chunked_processor] Job retrieved successfully
    DATA: Array
(
    [status] => running
    [type] => backup
)

[2026-01-16 04:41:07] [24 MB] [chunked_processor] get_job called
    DATA: Array
(
    [job_id] => 5e2a0ec2-ab82-4013-82c3-a5314d23a330
)

[2026-01-16 04:41:07] [24 MB] [chunked_processor] Transient lookup result
    DATA: Array
(
    [option_name] => speed_backups_job_5e2a0ec2-ab82-4013-82c3-a5314d23a330
    [found] => YES
)

[2026-01-16 04:41:07] [24 MB] [chunked_processor] Job retrieved successfully
    DATA: Array
(
    [status] => running
    [type] => backup
)

[2026-01-16 04:41:07] [24 MB] [chunked_processor] save_job called
    DATA: Array
(
    [job_id] => 5e2a0ec2-ab82-4013-82c3-a5314d23a330
    [status] => running
)

[2026-01-16 04:41:07] [24 MB] [chunked_processor] Transient save result
    DATA: Array
(
    [option_name] => speed_backups_job_5e2a0ec2-ab82-4013-82c3-a5314d23a330
    [success] => YES
)

[2026-01-16 04:41:07] [24 MB] [chunked_processor] Option save result
    DATA: Array
(
    [option_name] => speed_backups_job_5e2a0ec2-ab82-4013-82c3-a5314d23a330
    [success] => YES
)

[2026-01-16 04:41:07] [24 MB] [chunked_processor] Save verification (direct DB)
    DATA: Array
(
    [verified] => YES
)

[2026-01-16 04:41:07] [24 MB] [chunked_processor] get_job called
    DATA: Array
(
    [job_id] => 5e2a0ec2-ab82-4013-82c3-a5314d23a330
)

[2026-01-16 04:41:07] [24 MB] [chunked_processor] Transient lookup result
    DATA: Array
(
    [option_name] => speed_backups_job_5e2a0ec2-ab82-4013-82c3-a5314d23a330
    [found] => YES
)

[2026-01-16 04:41:07] [24 MB] [chunked_processor] Job retrieved successfully
    DATA: Array
(
    [status] => running
    [type] => backup
)

[2026-01-16 04:41:07] [24 MB] [chunked_processor] save_job called
    DATA: Array
(
    [job_id] => 5e2a0ec2-ab82-4013-82c3-a5314d23a330
    [status] => running
)

[2026-01-16 04:41:07] [24 MB] [chunked_processor] Transient save result
    DATA: Array
(
    [option_name] => speed_backups_job_5e2a0ec2-ab82-4013-82c3-a5314d23a330
    [success] => YES
)

[2026-01-16 04:41:07] [24 MB] [chunked_processor] Option save result
    DATA: Array
(
    [option_name] => speed_backups_job_5e2a0ec2-ab82-4013-82c3-a5314d23a330
    [success] => YES
)

[2026-01-16 04:41:07] [24 MB] [chunked_processor] Save verification (direct DB)
    DATA: Array
(
    [verified] => YES
)

[2026-01-16 04:41:07] [24 MB] [chunked_processor] get_job called
    DATA: Array
(
    [job_id] => 5e2a0ec2-ab82-4013-82c3-a5314d23a330
)

[2026-01-16 04:41:07] [24 MB] [chunked_processor] Transient lookup result
    DATA: Array
(
    [option_name] => speed_backups_job_5e2a0ec2-ab82-4013-82c3-a5314d23a330
    [found] => YES
)

[2026-01-16 04:41:07] [24 MB] [chunked_processor] Job retrieved successfully
    DATA: Array
(
    [status] => running
    [type] => backup
)

[2026-01-16 04:41:07] [24 MB] [chunked_processor] get_job called
    DATA: Array
(
    [job_id] => 5e2a0ec2-ab82-4013-82c3-a5314d23a330
)

[2026-01-16 04:41:07] [24 MB] [chunked_processor] Transient lookup result
    DATA: Array
(
    [option_name] => speed_backups_job_5e2a0ec2-ab82-4013-82c3-a5314d23a330
    [found] => YES
)

[2026-01-16 04:41:07] [24 MB] [chunked_processor] Job retrieved successfully
    DATA: Array
(
    [status] => running
    [type] => backup
)

[2026-01-16 04:41:08] [22 MB] [ERROR_HANDLER] PHP error handlers registered
[2026-01-16 04:41:08] [22 MB] [chunked_processor] get_job called
    DATA: Array
(
    [job_id] => 5e2a0ec2-ab82-4013-82c3-a5314d23a330
)

[2026-01-16 04:41:08] [22 MB] [chunked_processor] Transient lookup result
    DATA: Array
(
    [option_name] => speed_backups_job_5e2a0ec2-ab82-4013-82c3-a5314d23a330
    [found] => YES
)

[2026-01-16 04:41:08] [22 MB] [chunked_processor] Job retrieved successfully
    DATA: Array
(
    [status] => running
    [type] => backup
)

[2026-01-16 04:41:08] [22 MB] [chunked_processor] get_job called
    DATA: Array
(
    [job_id] => 5e2a0ec2-ab82-4013-82c3-a5314d23a330
)

[2026-01-16 04:41:08] [22 MB] [chunked_processor] Transient lookup result
    DATA: Array
(
    [option_name] => speed_backups_job_5e2a0ec2-ab82-4013-82c3-a5314d23a330
    [found] => YES
)

[2026-01-16 04:41:08] [22 MB] [chunked_processor] Job retrieved successfully
    DATA: Array
(
    [status] => running
    [type] => backup
)

[2026-01-16 04:41:08] [22 MB] [chunked_processor] get_job called
    DATA: Array
(
    [job_id] => 5e2a0ec2-ab82-4013-82c3-a5314d23a330
)

[2026-01-16 04:41:08] [22 MB] [chunked_processor] Transient lookup result
    DATA: Array
(
    [option_name] => speed_backups_job_5e2a0ec2-ab82-4013-82c3-a5314d23a330
    [found] => YES
)

[2026-01-16 04:41:08] [22 MB] [chunked_processor] Job retrieved successfully
    DATA: Array
(
    [status] => running
    [type] => backup
)

[2026-01-16 04:41:08] [22 MB] [chunked_processor] save_job called
    DATA: Array
(
    [job_id] => 5e2a0ec2-ab82-4013-82c3-a5314d23a330
    [status] => running
)

[2026-01-16 04:41:08] [22 MB] [chunked_processor] Transient save result
    DATA: Array
(
    [option_name] => speed_backups_job_5e2a0ec2-ab82-4013-82c3-a5314d23a330
    [success] => YES
)

[2026-01-16 04:41:08] [22 MB] [chunked_processor] Option save result
    DATA: Array
(
    [option_name] => speed_backups_job_5e2a0ec2-ab82-4013-82c3-a5314d23a330
    [success] => YES
)

[2026-01-16 04:41:08] [22 MB] [chunked_processor] Save verification (direct DB)
    DATA: Array
(
    [verified] => YES
)

[2026-01-16 04:41:09] [22 MB] [chunked_processor] get_job called
    DATA: Array
(
    [job_id] => 5e2a0ec2-ab82-4013-82c3-a5314d23a330
)

[2026-01-16 04:41:09] [22 MB] [chunked_processor] Transient lookup result
    DATA: Array
(
    [option_name] => speed_backups_job_5e2a0ec2-ab82-4013-82c3-a5314d23a330
    [found] => YES
)

[2026-01-16 04:41:09] [22 MB] [chunked_processor] Job retrieved successfully
    DATA: Array
(
    [status] => running
    [type] => backup
)

[2026-01-16 04:41:09] [22 MB] [chunked_processor] save_job called
    DATA: Array
(
    [job_id] => 5e2a0ec2-ab82-4013-82c3-a5314d23a330
    [status] => running
)

[2026-01-16 04:41:09] [22 MB] [chunked_processor] Transient save result
    DATA: Array
(
    [option_name] => speed_backups_job_5e2a0ec2-ab82-4013-82c3-a5314d23a330
    [success] => YES
)

[2026-01-16 04:41:09] [22 MB] [chunked_processor] Option save result
    DATA: Array
(
    [option_name] => speed_backups_job_5e2a0ec2-ab82-4013-82c3-a5314d23a330
    [success] => YES
)

[2026-01-16 04:41:09] [22 MB] [chunked_processor] Save verification (direct DB)
    DATA: Array
(
    [verified] => YES
)

[2026-01-16 04:41:09] [22 MB] [chunked_processor] get_job called
    DATA: Array
(
    [job_id] => 5e2a0ec2-ab82-4013-82c3-a5314d23a330
)

[2026-01-16 04:41:09] [22 MB] [chunked_processor] Transient lookup result
    DATA: Array
(
    [option_name] => speed_backups_job_5e2a0ec2-ab82-4013-82c3-a5314d23a330
    [found] => YES
)

[2026-01-16 04:41:09] [22 MB] [chunked_processor] Job retrieved successfully
    DATA: Array
(
    [status] => running
    [type] => backup
)

[2026-01-16 04:41:09] [22 MB] [chunked_processor] get_job called
    DATA: Array
(
    [job_id] => 5e2a0ec2-ab82-4013-82c3-a5314d23a330
)

[2026-01-16 04:41:09] [22 MB] [chunked_processor] Transient lookup result
    DATA: Array
(
    [option_name] => speed_backups_job_5e2a0ec2-ab82-4013-82c3-a5314d23a330
    [found] => YES
)

[2026-01-16 04:41:09] [22 MB] [chunked_processor] Job retrieved successfully
    DATA: Array
(
    [status] => running
    [type] => backup
)

[2026-01-16 04:41:09] [24 MB] [ERROR_HANDLER] PHP error handlers registered
[2026-01-16 04:41:09] [24 MB] [chunked_processor] get_job called
    DATA: Array
(
    [job_id] => 5e2a0ec2-ab82-4013-82c3-a5314d23a330
)

[2026-01-16 04:41:09] [24 MB] [chunked_processor] Transient lookup result
    DATA: Array
(
    [option_name] => speed_backups_job_5e2a0ec2-ab82-4013-82c3-a5314d23a330
    [found] => YES
)

[2026-01-16 04:41:09] [24 MB] [chunked_processor] Job retrieved successfully
    DATA: Array
(
    [status] => running
    [type] => backup
)

[2026-01-16 04:41:09] [24 MB] [chunked_processor] get_job called
    DATA: Array
(
    [job_id] => 5e2a0ec2-ab82-4013-82c3-a5314d23a330
)

[2026-01-16 04:41:09] [24 MB] [chunked_processor] Transient lookup result
    DATA: Array
(
    [option_name] => speed_backups_job_5e2a0ec2-ab82-4013-82c3-a5314d23a330
    [found] => YES
)

[2026-01-16 04:41:09] [24 MB] [chunked_processor] Job retrieved successfully
    DATA: Array
(
    [status] => running
    [type] => backup
)

[2026-01-16 04:41:09] [24 MB] [chunked_processor] get_job called
    DATA: Array
(
    [job_id] => 5e2a0ec2-ab82-4013-82c3-a5314d23a330
)

[2026-01-16 04:41:09] [24 MB] [chunked_processor] Transient lookup result
    DATA: Array
(
    [option_name] => speed_backups_job_5e2a0ec2-ab82-4013-82c3-a5314d23a330
    [found] => YES
)

[2026-01-16 04:41:09] [24 MB] [chunked_processor] Job retrieved successfully
    DATA: Array
(
    [status] => running
    [type] => backup
)

[2026-01-16 04:41:09] [24 MB] [chunked_processor] save_job called
    DATA: Array
(
    [job_id] => 5e2a0ec2-ab82-4013-82c3-a5314d23a330
    [status] => running
)

[2026-01-16 04:41:09] [24 MB] [chunked_processor] Transient save result
    DATA: Array
(
    [option_name] => speed_backups_job_5e2a0ec2-ab82-4013-82c3-a5314d23a330
    [success] => YES
)

[2026-01-16 04:41:09] [24 MB] [chunked_processor] Option save result
    DATA: Array
(
    [option_name] => speed_backups_job_5e2a0ec2-ab82-4013-82c3-a5314d23a330
    [success] => YES
)

[2026-01-16 04:41:09] [24 MB] [chunked_processor] Save verification (direct DB)
    DATA: Array
(
    [verified] => YES
)

[2026-01-16 04:41:10] [24 MB] [chunked_processor] get_job called
    DATA: Array
(
    [job_id] => 5e2a0ec2-ab82-4013-82c3-a5314d23a330
)

[2026-01-16 04:41:10] [24 MB] [chunked_processor] Transient lookup result
    DATA: Array
(
    [option_name] => speed_backups_job_5e2a0ec2-ab82-4013-82c3-a5314d23a330
    [found] => YES
)

[2026-01-16 04:41:10] [24 MB] [chunked_processor] Job retrieved successfully
    DATA: Array
(
    [status] => running
    [type] => backup
)

[2026-01-16 04:41:10] [24 MB] [chunked_processor] save_job called
    DATA: Array
(
    [job_id] => 5e2a0ec2-ab82-4013-82c3-a5314d23a330
    [status] => running
)

[2026-01-16 04:41:10] [24 MB] [chunked_processor] Transient save result
    DATA: Array
(
    [option_name] => speed_backups_job_5e2a0ec2-ab82-4013-82c3-a5314d23a330
    [success] => YES
)

[2026-01-16 04:41:10] [24 MB] [chunked_processor] Option save result
    DATA: Array
(
    [option_name] => speed_backups_job_5e2a0ec2-ab82-4013-82c3-a5314d23a330
    [success] => YES
)

[2026-01-16 04:41:10] [24 MB] [chunked_processor] Save verification (direct DB)
    DATA: Array
(
    [verified] => YES
)

[2026-01-16 04:41:10] [24 MB] [chunked_processor] get_job called
    DATA: Array
(
    [job_id] => 5e2a0ec2-ab82-4013-82c3-a5314d23a330
)

[2026-01-16 04:41:10] [24 MB] [chunked_processor] Transient lookup result
    DATA: Array
(
    [option_name] => speed_backups_job_5e2a0ec2-ab82-4013-82c3-a5314d23a330
    [found] => YES
)

[2026-01-16 04:41:10] [24 MB] [chunked_processor] Job retrieved successfully
    DATA: Array
(
    [status] => running
    [type] => backup
)

[2026-01-16 04:41:10] [24 MB] [chunked_processor] get_job called
    DATA: Array
(
    [job_id] => 5e2a0ec2-ab82-4013-82c3-a5314d23a330
)

[2026-01-16 04:41:10] [24 MB] [chunked_processor] Transient lookup result
    DATA: Array
(
    [option_name] => speed_backups_job_5e2a0ec2-ab82-4013-82c3-a5314d23a330
    [found] => YES
)

[2026-01-16 04:41:10] [24 MB] [chunked_processor] Job retrieved successfully
    DATA: Array
(
    [status] => running
    [type] => backup
)

[2026-01-16 04:41:10] [22 MB] [ERROR_HANDLER] PHP error handlers registered
[2026-01-16 04:41:10] [22 MB] [chunked_processor] get_job called
    DATA: Array
(
    [job_id] => 5e2a0ec2-ab82-4013-82c3-a5314d23a330
)

[2026-01-16 04:41:10] [22 MB] [chunked_processor] Transient lookup result
    DATA: Array
(
    [option_name] => speed_backups_job_5e2a0ec2-ab82-4013-82c3-a5314d23a330
    [found] => YES
)

[2026-01-16 04:41:10] [22 MB] [chunked_processor] Job retrieved successfully
    DATA: Array
(
    [status] => running
    [type] => backup
)

[2026-01-16 04:41:10] [22 MB] [chunked_processor] get_job called
    DATA: Array
(
    [job_id] => 5e2a0ec2-ab82-4013-82c3-a5314d23a330
)

[2026-01-16 04:41:10] [22 MB] [chunked_processor] Transient lookup result
    DATA: Array
(
    [option_name] => speed_backups_job_5e2a0ec2-ab82-4013-82c3-a5314d23a330
    [found] => YES
)

[2026-01-16 04:41:10] [22 MB] [chunked_processor] Job retrieved successfully
    DATA: Array
(
    [status] => running
    [type] => backup
)

[2026-01-16 04:41:10] [22 MB] [chunked_processor] get_job called
    DATA: Array
(
    [job_id] => 5e2a0ec2-ab82-4013-82c3-a5314d23a330
)

[2026-01-16 04:41:10] [22 MB] [chunked_processor] Transient lookup result
    DATA: Array
(
    [option_name] => speed_backups_job_5e2a0ec2-ab82-4013-82c3-a5314d23a330
    [found] => YES
)

[2026-01-16 04:41:10] [22 MB] [chunked_processor] Job retrieved successfully
    DATA: Array
(
    [status] => running
    [type] => backup
)

[2026-01-16 04:41:10] [22 MB] [chunked_processor] save_job called
    DATA: Array
(
    [job_id] => 5e2a0ec2-ab82-4013-82c3-a5314d23a330
    [status] => running
)

[2026-01-16 04:41:10] [22 MB] [chunked_processor] Transient save result
    DATA: Array
(
    [option_name] => speed_backups_job_5e2a0ec2-ab82-4013-82c3-a5314d23a330
    [success] => YES
)

[2026-01-16 04:41:10] [22 MB] [chunked_processor] Option save result
    DATA: Array
(
    [option_name] => speed_backups_job_5e2a0ec2-ab82-4013-82c3-a5314d23a330
    [success] => YES
)

[2026-01-16 04:41:10] [22 MB] [chunked_processor] Save verification (direct DB)
    DATA: Array
(
    [verified] => YES
)

[2026-01-16 04:41:11] [22 MB] [chunked_processor] get_job called
    DATA: Array
(
    [job_id] => 5e2a0ec2-ab82-4013-82c3-a5314d23a330
)

[2026-01-16 04:41:11] [22 MB] [chunked_processor] Transient lookup result
    DATA: Array
(
    [option_name] => speed_backups_job_5e2a0ec2-ab82-4013-82c3-a5314d23a330
    [found] => YES
)

[2026-01-16 04:41:11] [22 MB] [chunked_processor] Job retrieved successfully
    DATA: Array
(
    [status] => running
    [type] => backup
)

[2026-01-16 04:41:11] [22 MB] [chunked_processor] save_job called
    DATA: Array
(
    [job_id] => 5e2a0ec2-ab82-4013-82c3-a5314d23a330
    [status] => running
)

[2026-01-16 04:41:11] [22 MB] [chunked_processor] Transient save result
    DATA: Array
(
    [option_name] => speed_backups_job_5e2a0ec2-ab82-4013-82c3-a5314d23a330
    [success] => YES
)

[2026-01-16 04:41:11] [22 MB] [chunked_processor] Option save result
    DATA: Array
(
    [option_name] => speed_backups_job_5e2a0ec2-ab82-4013-82c3-a5314d23a330
    [success] => YES
)

[2026-01-16 04:41:11] [22 MB] [chunked_processor] Save verification (direct DB)
    DATA: Array
(
    [verified] => YES
)

[2026-01-16 04:41:11] [22 MB] [chunked_processor] get_job called
    DATA: Array
(
    [job_id] => 5e2a0ec2-ab82-4013-82c3-a5314d23a330
)

[2026-01-16 04:41:11] [22 MB] [chunked_processor] Transient lookup result
    DATA: Array
(
    [option_name] => speed_backups_job_5e2a0ec2-ab82-4013-82c3-a5314d23a330
    [found] => YES
)

[2026-01-16 04:41:11] [22 MB] [chunked_processor] Job retrieved successfully
    DATA: Array
(
    [status] => running
    [type] => backup
)

[2026-01-16 04:41:11] [22 MB] [chunked_processor] get_job called
    DATA: Array
(
    [job_id] => 5e2a0ec2-ab82-4013-82c3-a5314d23a330
)

[2026-01-16 04:41:11] [22 MB] [chunked_processor] Transient lookup result
    DATA: Array
(
    [option_name] => speed_backups_job_5e2a0ec2-ab82-4013-82c3-a5314d23a330
    [found] => YES
)

[2026-01-16 04:41:11] [22 MB] [chunked_processor] Job retrieved successfully
    DATA: Array
(
    [status] => running
    [type] => backup
)

[2026-01-16 04:41:11] [22 MB] [ERROR_HANDLER] PHP error handlers registered
[2026-01-16 04:41:11] [22 MB] [chunked_processor] get_job called
    DATA: Array
(
    [job_id] => 5e2a0ec2-ab82-4013-82c3-a5314d23a330
)

[2026-01-16 04:41:11] [22 MB] [chunked_processor] Transient lookup result
    DATA: Array
(
    [option_name] => speed_backups_job_5e2a0ec2-ab82-4013-82c3-a5314d23a330
    [found] => YES
)

[2026-01-16 04:41:11] [22 MB] [chunked_processor] Job retrieved successfully
    DATA: Array
(
    [status] => running
    [type] => backup
)

[2026-01-16 04:41:11] [22 MB] [chunked_processor] get_job called
    DATA: Array
(
    [job_id] => 5e2a0ec2-ab82-4013-82c3-a5314d23a330
)

[2026-01-16 04:41:11] [22 MB] [chunked_processor] Transient lookup result
    DATA: Array
(
    [option_name] => speed_backups_job_5e2a0ec2-ab82-4013-82c3-a5314d23a330
    [found] => YES
)

[2026-01-16 04:41:11] [22 MB] [chunked_processor] Job retrieved successfully
    DATA: Array
(
    [status] => running
    [type] => backup
)

[2026-01-16 04:41:11] [22 MB] [chunked_processor] get_job called
    DATA: Array
(
    [job_id] => 5e2a0ec2-ab82-4013-82c3-a5314d23a330
)

[2026-01-16 04:41:11] [22 MB] [chunked_processor] Transient lookup result
    DATA: Array
(
    [option_name] => speed_backups_job_5e2a0ec2-ab82-4013-82c3-a5314d23a330
    [found] => YES
)

[2026-01-16 04:41:11] [22 MB] [chunked_processor] Job retrieved successfully
    DATA: Array
(
    [status] => running
    [type] => backup
)

[2026-01-16 04:41:11] [22 MB] [chunked_processor] save_job called
    DATA: Array
(
    [job_id] => 5e2a0ec2-ab82-4013-82c3-a5314d23a330
    [status] => running
)

[2026-01-16 04:41:11] [22 MB] [chunked_processor] Transient save result
    DATA: Array
(
    [option_name] => speed_backups_job_5e2a0ec2-ab82-4013-82c3-a5314d23a330
    [success] => YES
)

[2026-01-16 04:41:11] [22 MB] [chunked_processor] Option save result
    DATA: Array
(
    [option_name] => speed_backups_job_5e2a0ec2-ab82-4013-82c3-a5314d23a330
    [success] => YES
)

[2026-01-16 04:41:11] [22 MB] [chunked_processor] Save verification (direct DB)
    DATA: Array
(
    [verified] => YES
)

[2026-01-16 04:41:12] [22 MB] [chunked_processor] get_job called
    DATA: Array
(
    [job_id] => 5e2a0ec2-ab82-4013-82c3-a5314d23a330
)

[2026-01-16 04:41:12] [22 MB] [chunked_processor] Transient lookup result
    DATA: Array
(
    [option_name] => speed_backups_job_5e2a0ec2-ab82-4013-82c3-a5314d23a330
    [found] => YES
)

[2026-01-16 04:41:12] [22 MB] [chunked_processor] Job retrieved successfully
    DATA: Array
(
    [status] => running
    [type] => backup
)

[2026-01-16 04:41:12] [22 MB] [chunked_processor] save_job called
    DATA: Array
(
    [job_id] => 5e2a0ec2-ab82-4013-82c3-a5314d23a330
    [status] => running
)

[2026-01-16 04:41:12] [22 MB] [chunked_processor] Transient save result
    DATA: Array
(
    [option_name] => speed_backups_job_5e2a0ec2-ab82-4013-82c3-a5314d23a330
    [success] => YES
)

[2026-01-16 04:41:12] [22 MB] [chunked_processor] Option save result
    DATA: Array
(
    [option_name] => speed_backups_job_5e2a0ec2-ab82-4013-82c3-a5314d23a330
    [success] => YES
)

[2026-01-16 04:41:12] [22 MB] [chunked_processor] Save verification (direct DB)
    DATA: Array
(
    [verified] => YES
)

[2026-01-16 04:41:12] [22 MB] [chunked_processor] get_job called
    DATA: Array
(
    [job_id] => 5e2a0ec2-ab82-4013-82c3-a5314d23a330
)

[2026-01-16 04:41:12] [22 MB] [chunked_processor] Transient lookup result
    DATA: Array
(
    [option_name] => speed_backups_job_5e2a0ec2-ab82-4013-82c3-a5314d23a330
    [found] => YES
)

[2026-01-16 04:41:12] [22 MB] [chunked_processor] Job retrieved successfully
    DATA: Array
(
    [status] => running
    [type] => backup
)

[2026-01-16 04:41:12] [22 MB] [chunked_processor] get_job called
    DATA: Array
(
    [job_id] => 5e2a0ec2-ab82-4013-82c3-a5314d23a330
)

[2026-01-16 04:41:12] [22 MB] [chunked_processor] Transient lookup result
    DATA: Array
(
    [option_name] => speed_backups_job_5e2a0ec2-ab82-4013-82c3-a5314d23a330
    [found] => YES
)

[2026-01-16 04:41:12] [22 MB] [chunked_processor] Job retrieved successfully
    DATA: Array
(
    [status] => running
    [type] => backup
)

[2026-01-16 04:41:12] [22 MB] [ERROR_HANDLER] PHP error handlers registered
[2026-01-16 04:41:12] [22 MB] [chunked_processor] get_job called
    DATA: Array
(
    [job_id] => 5e2a0ec2-ab82-4013-82c3-a5314d23a330
)

[2026-01-16 04:41:12] [22 MB] [chunked_processor] Transient lookup result
    DATA: Array
(
    [option_name] => speed_backups_job_5e2a0ec2-ab82-4013-82c3-a5314d23a330
    [found] => YES
)

[2026-01-16 04:41:12] [22 MB] [chunked_processor] Job retrieved successfully
    DATA: Array
(
    [status] => running
    [type] => backup
)

[2026-01-16 04:41:12] [22 MB] [chunked_processor] get_job called
    DATA: Array
(
    [job_id] => 5e2a0ec2-ab82-4013-82c3-a5314d23a330
)

[2026-01-16 04:41:12] [22 MB] [chunked_processor] Transient lookup result
    DATA: Array
(
    [option_name] => speed_backups_job_5e2a0ec2-ab82-4013-82c3-a5314d23a330
    [found] => YES
)

[2026-01-16 04:41:12] [22 MB] [chunked_processor] Job retrieved successfully
    DATA: Array
(
    [status] => running
    [type] => backup
)

[2026-01-16 04:41:12] [22 MB] [chunked_processor] get_job called
    DATA: Array
(
    [job_id] => 5e2a0ec2-ab82-4013-82c3-a5314d23a330
)

[2026-01-16 04:41:12] [22 MB] [chunked_processor] Transient lookup result
    DATA: Array
(
    [option_name] => speed_backups_job_5e2a0ec2-ab82-4013-82c3-a5314d23a330
    [found] => YES
)

[2026-01-16 04:41:12] [22 MB] [chunked_processor] Job retrieved successfully
    DATA: Array
(
    [status] => running
    [type] => backup
)

[2026-01-16 04:41:12] [22 MB] [chunked_processor] save_job called
    DATA: Array
(
    [job_id] => 5e2a0ec2-ab82-4013-82c3-a5314d23a330
    [status] => running
)

[2026-01-16 04:41:12] [22 MB] [chunked_processor] Transient save result
    DATA: Array
(
    [option_name] => speed_backups_job_5e2a0ec2-ab82-4013-82c3-a5314d23a330
    [success] => YES
)

[2026-01-16 04:41:12] [22 MB] [chunked_processor] Option save result
    DATA: Array
(
    [option_name] => speed_backups_job_5e2a0ec2-ab82-4013-82c3-a5314d23a330
    [success] => YES
)

[2026-01-16 04:41:12] [22 MB] [chunked_processor] Save verification (direct DB)
    DATA: Array
(
    [verified] => YES
)

[2026-01-16 04:41:13] [22 MB] [chunked_processor] get_job called
    DATA: Array
(
    [job_id] => 5e2a0ec2-ab82-4013-82c3-a5314d23a330
)

[2026-01-16 04:41:13] [22 MB] [chunked_processor] Transient lookup result
    DATA: Array
(
    [option_name] => speed_backups_job_5e2a0ec2-ab82-4013-82c3-a5314d23a330
    [found] => YES
)

[2026-01-16 04:41:13] [22 MB] [chunked_processor] Job retrieved successfully
    DATA: Array
(
    [status] => running
    [type] => backup
)

[2026-01-16 04:41:13] [22 MB] [chunked_processor] save_job called
    DATA: Array
(
    [job_id] => 5e2a0ec2-ab82-4013-82c3-a5314d23a330
    [status] => running
)

[2026-01-16 04:41:13] [22 MB] [chunked_processor] Transient save result
    DATA: Array
(
    [option_name] => speed_backups_job_5e2a0ec2-ab82-4013-82c3-a5314d23a330
    [success] => YES
)

[2026-01-16 04:41:13] [22 MB] [chunked_processor] Option save result
    DATA: Array
(
    [option_name] => speed_backups_job_5e2a0ec2-ab82-4013-82c3-a5314d23a330
    [success] => YES
)

[2026-01-16 04:41:13] [22 MB] [chunked_processor] Save verification (direct DB)
    DATA: Array
(
    [verified] => YES
)

[2026-01-16 04:41:13] [22 MB] [chunked_processor] get_job called
    DATA: Array
(
    [job_id] => 5e2a0ec2-ab82-4013-82c3-a5314d23a330
)

[2026-01-16 04:41:13] [22 MB] [chunked_processor] Transient lookup result
    DATA: Array
(
    [option_name] => speed_backups_job_5e2a0ec2-ab82-4013-82c3-a5314d23a330
    [found] => YES
)

[2026-01-16 04:41:13] [22 MB] [chunked_processor] Job retrieved successfully
    DATA: Array
(
    [status] => running
    [type] => backup
)

[2026-01-16 04:41:13] [22 MB] [chunked_processor] get_job called
    DATA: Array
(
    [job_id] => 5e2a0ec2-ab82-4013-82c3-a5314d23a330
)

[2026-01-16 04:41:13] [22 MB] [chunked_processor] Transient lookup result
    DATA: Array
(
    [option_name] => speed_backups_job_5e2a0ec2-ab82-4013-82c3-a5314d23a330
    [found] => YES
)

[2026-01-16 04:41:13] [22 MB] [chunked_processor] Job retrieved successfully
    DATA: Array
(
    [status] => running
    [type] => backup
)

[2026-01-16 04:41:13] [22 MB] [ERROR_HANDLER] PHP error handlers registered
[2026-01-16 04:41:13] [22 MB] [chunked_processor] get_job called
    DATA: Array
(
    [job_id] => 5e2a0ec2-ab82-4013-82c3-a5314d23a330
)

[2026-01-16 04:41:13] [22 MB] [chunked_processor] Transient lookup result
    DATA: Array
(
    [option_name] => speed_backups_job_5e2a0ec2-ab82-4013-82c3-a5314d23a330
    [found] => YES
)

[2026-01-16 04:41:13] [22 MB] [chunked_processor] Job retrieved successfully
    DATA: Array
(
    [status] => running
    [type] => backup
)

[2026-01-16 04:41:13] [22 MB] [chunked_processor] get_job called
    DATA: Array
(
    [job_id] => 5e2a0ec2-ab82-4013-82c3-a5314d23a330
)

[2026-01-16 04:41:13] [22 MB] [chunked_processor] Transient lookup result
    DATA: Array
(
    [option_name] => speed_backups_job_5e2a0ec2-ab82-4013-82c3-a5314d23a330
    [found] => YES
)

[2026-01-16 04:41:13] [22 MB] [chunked_processor] Job retrieved successfully
    DATA: Array
(
    [status] => running
    [type] => backup
)

[2026-01-16 04:41:13] [22 MB] [chunked_processor] get_job called
    DATA: Array
(
    [job_id] => 5e2a0ec2-ab82-4013-82c3-a5314d23a330
)

[2026-01-16 04:41:13] [22 MB] [chunked_processor] Transient lookup result
    DATA: Array
(
    [option_name] => speed_backups_job_5e2a0ec2-ab82-4013-82c3-a5314d23a330
    [found] => YES
)

[2026-01-16 04:41:13] [22 MB] [chunked_processor] Job retrieved successfully
    DATA: Array
(
    [status] => running
    [type] => backup
)

[2026-01-16 04:41:13] [22 MB] [chunked_processor] save_job called
    DATA: Array
(
    [job_id] => 5e2a0ec2-ab82-4013-82c3-a5314d23a330
    [status] => running
)

[2026-01-16 04:41:13] [22 MB] [chunked_processor] Transient save result
    DATA: Array
(
    [option_name] => speed_backups_job_5e2a0ec2-ab82-4013-82c3-a5314d23a330
    [success] => YES
)

[2026-01-16 04:41:13] [22 MB] [chunked_processor] Option save result
    DATA: Array
(
    [option_name] => speed_backups_job_5e2a0ec2-ab82-4013-82c3-a5314d23a330
    [success] => YES
)

[2026-01-16 04:41:13] [22 MB] [chunked_processor] Save verification (direct DB)
    DATA: Array
(
    [verified] => YES
)

[2026-01-16 04:41:14] [22 MB] [chunked_processor] get_job called
    DATA: Array
(
    [job_id] => 5e2a0ec2-ab82-4013-82c3-a5314d23a330
)

[2026-01-16 04:41:14] [22 MB] [chunked_processor] Transient lookup result
    DATA: Array
(
    [option_name] => speed_backups_job_5e2a0ec2-ab82-4013-82c3-a5314d23a330
    [found] => YES
)

[2026-01-16 04:41:14] [22 MB] [chunked_processor] Job retrieved successfully
    DATA: Array
(
    [status] => running
    [type] => backup
)

[2026-01-16 04:41:14] [22 MB] [chunked_processor] save_job called
    DATA: Array
(
    [job_id] => 5e2a0ec2-ab82-4013-82c3-a5314d23a330
    [status] => running
)

[2026-01-16 04:41:14] [22 MB] [chunked_processor] Transient save result
    DATA: Array
(
    [option_name] => speed_backups_job_5e2a0ec2-ab82-4013-82c3-a5314d23a330
    [success] => YES
)

[2026-01-16 04:41:14] [22 MB] [chunked_processor] Option save result
    DATA: Array
(
    [option_name] => speed_backups_job_5e2a0ec2-ab82-4013-82c3-a5314d23a330
    [success] => YES
)

[2026-01-16 04:41:14] [22 MB] [chunked_processor] Save verification (direct DB)
    DATA: Array
(
    [verified] => YES
)

[2026-01-16 04:41:14] [22 MB] [chunked_processor] get_job called
    DATA: Array
(
    [job_id] => 5e2a0ec2-ab82-4013-82c3-a5314d23a330
)

[2026-01-16 04:41:14] [22 MB] [chunked_processor] Transient lookup result
    DATA: Array
(
    [option_name] => speed_backups_job_5e2a0ec2-ab82-4013-82c3-a5314d23a330
    [found] => YES
)

[2026-01-16 04:41:14] [22 MB] [chunked_processor] Job retrieved successfully
    DATA: Array
(
    [status] => running
    [type] => backup
)

[2026-01-16 04:41:14] [22 MB] [chunked_processor] get_job called
    DATA: Array
(
    [job_id] => 5e2a0ec2-ab82-4013-82c3-a5314d23a330
)

[2026-01-16 04:41:14] [22 MB] [chunked_processor] Transient lookup result
    DATA: Array
(
    [option_name] => speed_backups_job_5e2a0ec2-ab82-4013-82c3-a5314d23a330
    [found] => YES
)

[2026-01-16 04:41:14] [22 MB] [chunked_processor] Job retrieved successfully
    DATA: Array
(
    [status] => running
    [type] => backup
)

[2026-01-16 04:41:14] [22 MB] [ERROR_HANDLER] PHP error handlers registered
[2026-01-16 04:41:14] [22 MB] [chunked_processor] get_job called
    DATA: Array
(
    [job_id] => 5e2a0ec2-ab82-4013-82c3-a5314d23a330
)

[2026-01-16 04:41:14] [22 MB] [chunked_processor] Transient lookup result
    DATA: Array
(
    [option_name] => speed_backups_job_5e2a0ec2-ab82-4013-82c3-a5314d23a330
    [found] => YES
)

[2026-01-16 04:41:14] [22 MB] [chunked_processor] Job retrieved successfully
    DATA: Array
(
    [status] => running
    [type] => backup
)

[2026-01-16 04:41:14] [22 MB] [chunked_processor] get_job called
    DATA: Array
(
    [job_id] => 5e2a0ec2-ab82-4013-82c3-a5314d23a330
)

[2026-01-16 04:41:14] [22 MB] [chunked_processor] Transient lookup result
    DATA: Array
(
    [option_name] => speed_backups_job_5e2a0ec2-ab82-4013-82c3-a5314d23a330
    [found] => YES
)

[2026-01-16 04:41:14] [22 MB] [chunked_processor] Job retrieved successfully
    DATA: Array
(
    [status] => running
    [type] => backup
)

[2026-01-16 04:41:14] [22 MB] [chunked_processor] get_job called
    DATA: Array
(
    [job_id] => 5e2a0ec2-ab82-4013-82c3-a5314d23a330
)

[2026-01-16 04:41:14] [22 MB] [chunked_processor] Transient lookup result
    DATA: Array
(
    [option_name] => speed_backups_job_5e2a0ec2-ab82-4013-82c3-a5314d23a330
    [found] => YES
)

[2026-01-16 04:41:14] [22 MB] [chunked_processor] Job retrieved successfully
    DATA: Array
(
    [status] => running
    [type] => backup
)

[2026-01-16 04:41:14] [22 MB] [chunked_processor] save_job called
    DATA: Array
(
    [job_id] => 5e2a0ec2-ab82-4013-82c3-a5314d23a330
    [status] => running
)

[2026-01-16 04:41:14] [22 MB] [chunked_processor] Transient save result
    DATA: Array
(
    [option_name] => speed_backups_job_5e2a0ec2-ab82-4013-82c3-a5314d23a330
    [success] => YES
)

[2026-01-16 04:41:14] [22 MB] [chunked_processor] Option save result
    DATA: Array
(
    [option_name] => speed_backups_job_5e2a0ec2-ab82-4013-82c3-a5314d23a330
    [success] => YES
)

[2026-01-16 04:41:14] [22 MB] [chunked_processor] Save verification (direct DB)
    DATA: Array
(
    [verified] => YES
)

[2026-01-16 04:41:15] [24 MB] [chunked_processor] get_job called
    DATA: Array
(
    [job_id] => 5e2a0ec2-ab82-4013-82c3-a5314d23a330
)

[2026-01-16 04:41:15] [24 MB] [chunked_processor] Transient lookup result
    DATA: Array
(
    [option_name] => speed_backups_job_5e2a0ec2-ab82-4013-82c3-a5314d23a330
    [found] => YES
)

[2026-01-16 04:41:15] [24 MB] [chunked_processor] Job retrieved successfully
    DATA: Array
(
    [status] => running
    [type] => backup
)

[2026-01-16 04:41:15] [24 MB] [chunked_processor] save_job called
    DATA: Array
(
    [job_id] => 5e2a0ec2-ab82-4013-82c3-a5314d23a330
    [status] => running
)

[2026-01-16 04:41:15] [24 MB] [chunked_processor] Transient save result
    DATA: Array
(
    [option_name] => speed_backups_job_5e2a0ec2-ab82-4013-82c3-a5314d23a330
    [success] => YES
)

[2026-01-16 04:41:15] [24 MB] [chunked_processor] Option save result
    DATA: Array
(
    [option_name] => speed_backups_job_5e2a0ec2-ab82-4013-82c3-a5314d23a330
    [success] => YES
)

[2026-01-16 04:41:15] [24 MB] [chunked_processor] Save verification (direct DB)
    DATA: Array
(
    [verified] => YES
)

[2026-01-16 04:41:15] [24 MB] [chunked_processor] get_job called
    DATA: Array
(
    [job_id] => 5e2a0ec2-ab82-4013-82c3-a5314d23a330
)

[2026-01-16 04:41:15] [24 MB] [chunked_processor] Transient lookup result
    DATA: Array
(
    [option_name] => speed_backups_job_5e2a0ec2-ab82-4013-82c3-a5314d23a330
    [found] => YES
)

[2026-01-16 04:41:15] [24 MB] [chunked_processor] Job retrieved successfully
    DATA: Array
(
    [status] => running
    [type] => backup
)

[2026-01-16 04:41:15] [24 MB] [chunked_processor] get_job called
    DATA: Array
(
    [job_id] => 5e2a0ec2-ab82-4013-82c3-a5314d23a330
)

[2026-01-16 04:41:15] [24 MB] [chunked_processor] Transient lookup result
    DATA: Array
(
    [option_name] => speed_backups_job_5e2a0ec2-ab82-4013-82c3-a5314d23a330
    [found] => YES
)

[2026-01-16 04:41:15] [24 MB] [chunked_processor] Job retrieved successfully
    DATA: Array
(
    [status] => running
    [type] => backup
)

[2026-01-16 04:41:15] [22 MB] [ERROR_HANDLER] PHP error handlers registered
[2026-01-16 04:41:15] [22 MB] [chunked_processor] get_job called
    DATA: Array
(
    [job_id] => 5e2a0ec2-ab82-4013-82c3-a5314d23a330
)

[2026-01-16 04:41:15] [22 MB] [chunked_processor] Transient lookup result
    DATA: Array
(
    [option_name] => speed_backups_job_5e2a0ec2-ab82-4013-82c3-a5314d23a330
    [found] => YES
)

[2026-01-16 04:41:15] [22 MB] [chunked_processor] Job retrieved successfully
    DATA: Array
(
    [status] => running
    [type] => backup
)

[2026-01-16 04:41:15] [22 MB] [chunked_processor] get_job called
    DATA: Array
(
    [job_id] => 5e2a0ec2-ab82-4013-82c3-a5314d23a330
)

[2026-01-16 04:41:15] [22 MB] [chunked_processor] Transient lookup result
    DATA: Array
(
    [option_name] => speed_backups_job_5e2a0ec2-ab82-4013-82c3-a5314d23a330
    [found] => YES
)

[2026-01-16 04:41:15] [22 MB] [chunked_processor] Job retrieved successfully
    DATA: Array
(
    [status] => running
    [type] => backup
)

[2026-01-16 04:41:15] [22 MB] [chunked_processor] get_job called
    DATA: Array
(
    [job_id] => 5e2a0ec2-ab82-4013-82c3-a5314d23a330
)

[2026-01-16 04:41:15] [22 MB] [chunked_processor] Transient lookup result
    DATA: Array
(
    [option_name] => speed_backups_job_5e2a0ec2-ab82-4013-82c3-a5314d23a330
    [found] => YES
)

[2026-01-16 04:41:15] [22 MB] [chunked_processor] Job retrieved successfully
    DATA: Array
(
    [status] => running
    [type] => backup
)

[2026-01-16 04:41:15] [22 MB] [chunked_processor] save_job called
    DATA: Array
(
    [job_id] => 5e2a0ec2-ab82-4013-82c3-a5314d23a330
    [status] => running
)

[2026-01-16 04:41:15] [22 MB] [chunked_processor] Transient save result
    DATA: Array
(
    [option_name] => speed_backups_job_5e2a0ec2-ab82-4013-82c3-a5314d23a330
    [success] => YES
)

[2026-01-16 04:41:15] [22 MB] [chunked_processor] Option save result
    DATA: Array
(
    [option_name] => speed_backups_job_5e2a0ec2-ab82-4013-82c3-a5314d23a330
    [success] => YES
)

[2026-01-16 04:41:15] [22 MB] [chunked_processor] Save verification (direct DB)
    DATA: Array
(
    [verified] => YES
)

[2026-01-16 04:41:16] [22 MB] [chunked_processor] get_job called
    DATA: Array
(
    [job_id] => 5e2a0ec2-ab82-4013-82c3-a5314d23a330
)

[2026-01-16 04:41:16] [22 MB] [chunked_processor] Transient lookup result
    DATA: Array
(
    [option_name] => speed_backups_job_5e2a0ec2-ab82-4013-82c3-a5314d23a330
    [found] => YES
)

[2026-01-16 04:41:16] [22 MB] [chunked_processor] Job retrieved successfully
    DATA: Array
(
    [status] => running
    [type] => backup
)

[2026-01-16 04:41:16] [22 MB] [chunked_processor] save_job called
    DATA: Array
(
    [job_id] => 5e2a0ec2-ab82-4013-82c3-a5314d23a330
    [status] => running
)

[2026-01-16 04:41:16] [22 MB] [chunked_processor] Transient save result
    DATA: Array
(
    [option_name] => speed_backups_job_5e2a0ec2-ab82-4013-82c3-a5314d23a330
    [success] => YES
)

[2026-01-16 04:41:16] [22 MB] [chunked_processor] Option save result
    DATA: Array
(
    [option_name] => speed_backups_job_5e2a0ec2-ab82-4013-82c3-a5314d23a330
    [success] => YES
)

[2026-01-16 04:41:16] [22 MB] [chunked_processor] Save verification (direct DB)
    DATA: Array
(
    [verified] => YES
)

[2026-01-16 04:41:16] [22 MB] [chunked_processor] get_job called
    DATA: Array
(
    [job_id] => 5e2a0ec2-ab82-4013-82c3-a5314d23a330
)

[2026-01-16 04:41:16] [22 MB] [chunked_processor] Transient lookup result
    DATA: Array
(
    [option_name] => speed_backups_job_5e2a0ec2-ab82-4013-82c3-a5314d23a330
    [found] => YES
)

[2026-01-16 04:41:16] [22 MB] [chunked_processor] Job retrieved successfully
    DATA: Array
(
    [status] => running
    [type] => backup
)

[2026-01-16 04:41:16] [22 MB] [chunked_processor] get_job called
    DATA: Array
(
    [job_id] => 5e2a0ec2-ab82-4013-82c3-a5314d23a330
)

[2026-01-16 04:41:16] [22 MB] [chunked_processor] Transient lookup result
    DATA: Array
(
    [option_name] => speed_backups_job_5e2a0ec2-ab82-4013-82c3-a5314d23a330
    [found] => YES
)

[2026-01-16 04:41:16] [22 MB] [chunked_processor] Job retrieved successfully
    DATA: Array
(
    [status] => running
    [type] => backup
)

[2026-01-16 04:41:16] [22 MB] [ERROR_HANDLER] PHP error handlers registered
[2026-01-16 04:41:16] [22 MB] [chunked_processor] get_job called
    DATA: Array
(
    [job_id] => 5e2a0ec2-ab82-4013-82c3-a5314d23a330
)

[2026-01-16 04:41:16] [22 MB] [chunked_processor] Transient lookup result
    DATA: Array
(
    [option_name] => speed_backups_job_5e2a0ec2-ab82-4013-82c3-a5314d23a330
    [found] => YES
)

[2026-01-16 04:41:16] [22 MB] [chunked_processor] Job retrieved successfully
    DATA: Array
(
    [status] => running
    [type] => backup
)

[2026-01-16 04:41:16] [22 MB] [chunked_processor] get_job called
    DATA: Array
(
    [job_id] => 5e2a0ec2-ab82-4013-82c3-a5314d23a330
)

[2026-01-16 04:41:16] [22 MB] [chunked_processor] Transient lookup result
    DATA: Array
(
    [option_name] => speed_backups_job_5e2a0ec2-ab82-4013-82c3-a5314d23a330
    [found] => YES
)

[2026-01-16 04:41:16] [22 MB] [chunked_processor] Job retrieved successfully
    DATA: Array
(
    [status] => running
    [type] => backup
)

[2026-01-16 04:41:16] [22 MB] [chunked_processor] get_job called
    DATA: Array
(
    [job_id] => 5e2a0ec2-ab82-4013-82c3-a5314d23a330
)

[2026-01-16 04:41:16] [22 MB] [chunked_processor] Transient lookup result
    DATA: Array
(
    [option_name] => speed_backups_job_5e2a0ec2-ab82-4013-82c3-a5314d23a330
    [found] => YES
)

[2026-01-16 04:41:16] [22 MB] [chunked_processor] Job retrieved successfully
    DATA: Array
(
    [status] => running
    [type] => backup
)

[2026-01-16 04:41:16] [22 MB] [chunked_processor] save_job called
    DATA: Array
(
    [job_id] => 5e2a0ec2-ab82-4013-82c3-a5314d23a330
    [status] => running
)

[2026-01-16 04:41:16] [22 MB] [chunked_processor] Transient save result
    DATA: Array
(
    [option_name] => speed_backups_job_5e2a0ec2-ab82-4013-82c3-a5314d23a330
    [success] => YES
)

[2026-01-16 04:41:16] [22 MB] [chunked_processor] Option save result
    DATA: Array
(
    [option_name] => speed_backups_job_5e2a0ec2-ab82-4013-82c3-a5314d23a330
    [success] => YES
)

[2026-01-16 04:41:16] [22 MB] [chunked_processor] Save verification (direct DB)
    DATA: Array
(
    [verified] => YES
)

[2026-01-16 04:41:17] [22 MB] [chunked_processor] get_job called
    DATA: Array
(
    [job_id] => 5e2a0ec2-ab82-4013-82c3-a5314d23a330
)

[2026-01-16 04:41:17] [22 MB] [chunked_processor] Transient lookup result
    DATA: Array
(
    [option_name] => speed_backups_job_5e2a0ec2-ab82-4013-82c3-a5314d23a330
    [found] => YES
)

[2026-01-16 04:41:17] [22 MB] [chunked_processor] Job retrieved successfully
    DATA: Array
(
    [status] => running
    [type] => backup
)

[2026-01-16 04:41:17] [22 MB] [chunked_processor] save_job called
    DATA: Array
(
    [job_id] => 5e2a0ec2-ab82-4013-82c3-a5314d23a330
    [status] => running
)

[2026-01-16 04:41:17] [22 MB] [chunked_processor] Transient save result
    DATA: Array
(
    [option_name] => speed_backups_job_5e2a0ec2-ab82-4013-82c3-a5314d23a330
    [success] => YES
)

[2026-01-16 04:41:17] [22 MB] [chunked_processor] Option save result
    DATA: Array
(
    [option_name] => speed_backups_job_5e2a0ec2-ab82-4013-82c3-a5314d23a330
    [success] => YES
)

[2026-01-16 04:41:17] [22 MB] [chunked_processor] Save verification (direct DB)
    DATA: Array
(
    [verified] => YES
)

[2026-01-16 04:41:17] [22 MB] [chunked_processor] get_job called
    DATA: Array
(
    [job_id] => 5e2a0ec2-ab82-4013-82c3-a5314d23a330
)

[2026-01-16 04:41:17] [22 MB] [chunked_processor] Transient lookup result
    DATA: Array
(
    [option_name] => speed_backups_job_5e2a0ec2-ab82-4013-82c3-a5314d23a330
    [found] => YES
)

[2026-01-16 04:41:17] [22 MB] [chunked_processor] Job retrieved successfully
    DATA: Array
(
    [status] => running
    [type] => backup
)

[2026-01-16 04:41:17] [22 MB] [chunked_processor] get_job called
    DATA: Array
(
    [job_id] => 5e2a0ec2-ab82-4013-82c3-a5314d23a330
)

[2026-01-16 04:41:17] [22 MB] [chunked_processor] Transient lookup result
    DATA: Array
(
    [option_name] => speed_backups_job_5e2a0ec2-ab82-4013-82c3-a5314d23a330
    [found] => YES
)

[2026-01-16 04:41:17] [22 MB] [chunked_processor] Job retrieved successfully
    DATA: Array
(
    [status] => running
    [type] => backup
)

[2026-01-16 04:41:17] [22 MB] [ERROR_HANDLER] PHP error handlers registered
[2026-01-16 04:41:17] [22 MB] [chunked_processor] get_job called
    DATA: Array
(
    [job_id] => 5e2a0ec2-ab82-4013-82c3-a5314d23a330
)

[2026-01-16 04:41:17] [22 MB] [chunked_processor] Transient lookup result
    DATA: Array
(
    [option_name] => speed_backups_job_5e2a0ec2-ab82-4013-82c3-a5314d23a330
    [found] => YES
)

[2026-01-16 04:41:17] [22 MB] [chunked_processor] Job retrieved successfully
    DATA: Array
(
    [status] => running
    [type] => backup
)

[2026-01-16 04:41:17] [22 MB] [chunked_processor] get_job called
    DATA: Array
(
    [job_id] => 5e2a0ec2-ab82-4013-82c3-a5314d23a330
)

[2026-01-16 04:41:17] [22 MB] [chunked_processor] Transient lookup result
    DATA: Array
(
    [option_name] => speed_backups_job_5e2a0ec2-ab82-4013-82c3-a5314d23a330
    [found] => YES
)

[2026-01-16 04:41:17] [22 MB] [chunked_processor] Job retrieved successfully
    DATA: Array
(
    [status] => running
    [type] => backup
)

[2026-01-16 04:41:17] [22 MB] [chunked_processor] get_job called
    DATA: Array
(
    [job_id] => 5e2a0ec2-ab82-4013-82c3-a5314d23a330
)

[2026-01-16 04:41:17] [22 MB] [chunked_processor] Transient lookup result
    DATA: Array
(
    [option_name] => speed_backups_job_5e2a0ec2-ab82-4013-82c3-a5314d23a330
    [found] => YES
)

[2026-01-16 04:41:17] [22 MB] [chunked_processor] Job retrieved successfully
    DATA: Array
(
    [status] => running
    [type] => backup
)

[2026-01-16 04:41:17] [22 MB] [chunked_processor] save_job called
    DATA: Array
(
    [job_id] => 5e2a0ec2-ab82-4013-82c3-a5314d23a330
    [status] => running
)

[2026-01-16 04:41:17] [22 MB] [chunked_processor] Transient save result
    DATA: Array
(
    [option_name] => speed_backups_job_5e2a0ec2-ab82-4013-82c3-a5314d23a330
    [success] => YES
)

[2026-01-16 04:41:17] [22 MB] [chunked_processor] Option save result
    DATA: Array
(
    [option_name] => speed_backups_job_5e2a0ec2-ab82-4013-82c3-a5314d23a330
    [success] => YES
)

[2026-01-16 04:41:17] [22 MB] [chunked_processor] Save verification (direct DB)
    DATA: Array
(
    [verified] => YES
)

[2026-01-16 04:41:18] [24 MB] [chunked_processor] get_job called
    DATA: Array
(
    [job_id] => 5e2a0ec2-ab82-4013-82c3-a5314d23a330
)

[2026-01-16 04:41:18] [24 MB] [chunked_processor] Transient lookup result
    DATA: Array
(
    [option_name] => speed_backups_job_5e2a0ec2-ab82-4013-82c3-a5314d23a330
    [found] => YES
)

[2026-01-16 04:41:18] [24 MB] [chunked_processor] Job retrieved successfully
    DATA: Array
(
    [status] => running
    [type] => backup
)

[2026-01-16 04:41:18] [24 MB] [chunked_processor] save_job called
    DATA: Array
(
    [job_id] => 5e2a0ec2-ab82-4013-82c3-a5314d23a330
    [status] => running
)

[2026-01-16 04:41:18] [24 MB] [chunked_processor] Transient save result
    DATA: Array
(
    [option_name] => speed_backups_job_5e2a0ec2-ab82-4013-82c3-a5314d23a330
    [success] => YES
)

[2026-01-16 04:41:18] [24 MB] [chunked_processor] Option save result
    DATA: Array
(
    [option_name] => speed_backups_job_5e2a0ec2-ab82-4013-82c3-a5314d23a330
    [success] => YES
)

[2026-01-16 04:41:18] [24 MB] [chunked_processor] Save verification (direct DB)
    DATA: Array
(
    [verified] => YES
)

[2026-01-16 04:41:18] [24 MB] [chunked_processor] get_job called
    DATA: Array
(
    [job_id] => 5e2a0ec2-ab82-4013-82c3-a5314d23a330
)

[2026-01-16 04:41:18] [24 MB] [chunked_processor] Transient lookup result
    DATA: Array
(
    [option_name] => speed_backups_job_5e2a0ec2-ab82-4013-82c3-a5314d23a330
    [found] => YES
)

[2026-01-16 04:41:18] [24 MB] [chunked_processor] Job retrieved successfully
    DATA: Array
(
    [status] => running
    [type] => backup
)

[2026-01-16 04:41:18] [24 MB] [chunked_processor] get_job called
    DATA: Array
(
    [job_id] => 5e2a0ec2-ab82-4013-82c3-a5314d23a330
)

[2026-01-16 04:41:18] [24 MB] [chunked_processor] Transient lookup result
    DATA: Array
(
    [option_name] => speed_backups_job_5e2a0ec2-ab82-4013-82c3-a5314d23a330
    [found] => YES
)

[2026-01-16 04:41:18] [24 MB] [chunked_processor] Job retrieved successfully
    DATA: Array
(
    [status] => running
    [type] => backup
)

[2026-01-16 04:41:19] [22 MB] [ERROR_HANDLER] PHP error handlers registered
[2026-01-16 04:41:19] [22 MB] [chunked_processor] get_job called
    DATA: Array
(
    [job_id] => 5e2a0ec2-ab82-4013-82c3-a5314d23a330
)

[2026-01-16 04:41:19] [22 MB] [chunked_processor] Transient lookup result
    DATA: Array
(
    [option_name] => speed_backups_job_5e2a0ec2-ab82-4013-82c3-a5314d23a330
    [found] => YES
)

[2026-01-16 04:41:19] [22 MB] [chunked_processor] Job retrieved successfully
    DATA: Array
(
    [status] => running
    [type] => backup
)

[2026-01-16 04:41:19] [22 MB] [chunked_processor] get_job called
    DATA: Array
(
    [job_id] => 5e2a0ec2-ab82-4013-82c3-a5314d23a330
)

[2026-01-16 04:41:19] [22 MB] [chunked_processor] Transient lookup result
    DATA: Array
(
    [option_name] => speed_backups_job_5e2a0ec2-ab82-4013-82c3-a5314d23a330
    [found] => YES
)

[2026-01-16 04:41:19] [22 MB] [chunked_processor] Job retrieved successfully
    DATA: Array
(
    [status] => running
    [type] => backup
)

[2026-01-16 04:41:19] [22 MB] [chunked_processor] get_job called
    DATA: Array
(
    [job_id] => 5e2a0ec2-ab82-4013-82c3-a5314d23a330
)

[2026-01-16 04:41:19] [22 MB] [chunked_processor] Transient lookup result
    DATA: Array
(
    [option_name] => speed_backups_job_5e2a0ec2-ab82-4013-82c3-a5314d23a330
    [found] => YES
)

[2026-01-16 04:41:19] [22 MB] [chunked_processor] Job retrieved successfully
    DATA: Array
(
    [status] => running
    [type] => backup
)

[2026-01-16 04:41:19] [22 MB] [chunked_processor] save_job called
    DATA: Array
(
    [job_id] => 5e2a0ec2-ab82-4013-82c3-a5314d23a330
    [status] => running
)

[2026-01-16 04:41:19] [22 MB] [chunked_processor] Transient save result
    DATA: Array
(
    [option_name] => speed_backups_job_5e2a0ec2-ab82-4013-82c3-a5314d23a330
    [success] => YES
)

[2026-01-16 04:41:19] [22 MB] [chunked_processor] Option save result
    DATA: Array
(
    [option_name] => speed_backups_job_5e2a0ec2-ab82-4013-82c3-a5314d23a330
    [success] => YES
)

[2026-01-16 04:41:19] [22 MB] [chunked_processor] Save verification (direct DB)
    DATA: Array
(
    [verified] => YES
)

[2026-01-16 04:41:19] [22 MB] [chunked_processor] get_job called
    DATA: Array
(
    [job_id] => 5e2a0ec2-ab82-4013-82c3-a5314d23a330
)

[2026-01-16 04:41:19] [22 MB] [chunked_processor] Transient lookup result
    DATA: Array
(
    [option_name] => speed_backups_job_5e2a0ec2-ab82-4013-82c3-a5314d23a330
    [found] => YES
)

[2026-01-16 04:41:19] [22 MB] [chunked_processor] Job retrieved successfully
    DATA: Array
(
    [status] => running
    [type] => backup
)

[2026-01-16 04:41:19] [22 MB] [chunked_processor] save_job called
    DATA: Array
(
    [job_id] => 5e2a0ec2-ab82-4013-82c3-a5314d23a330
    [status] => running
)

[2026-01-16 04:41:19] [22 MB] [chunked_processor] Transient save result
    DATA: Array
(
    [option_name] => speed_backups_job_5e2a0ec2-ab82-4013-82c3-a5314d23a330
    [success] => YES
)

[2026-01-16 04:41:19] [22 MB] [chunked_processor] Option save result
    DATA: Array
(
    [option_name] => speed_backups_job_5e2a0ec2-ab82-4013-82c3-a5314d23a330
    [success] => YES
)

[2026-01-16 04:41:19] [22 MB] [chunked_processor] Save verification (direct DB)
    DATA: Array
(
    [verified] => YES
)

[2026-01-16 04:41:19] [22 MB] [chunked_processor] get_job called
    DATA: Array
(
    [job_id] => 5e2a0ec2-ab82-4013-82c3-a5314d23a330
)

[2026-01-16 04:41:19] [22 MB] [chunked_processor] Transient lookup result
    DATA: Array
(
    [option_name] => speed_backups_job_5e2a0ec2-ab82-4013-82c3-a5314d23a330
    [found] => YES
)

[2026-01-16 04:41:19] [22 MB] [chunked_processor] Job retrieved successfully
    DATA: Array
(
    [status] => running
    [type] => backup
)

[2026-01-16 04:41:19] [22 MB] [chunked_processor] get_job called
    DATA: Array
(
    [job_id] => 5e2a0ec2-ab82-4013-82c3-a5314d23a330
)

[2026-01-16 04:41:19] [22 MB] [chunked_processor] Transient lookup result
    DATA: Array
(
    [option_name] => speed_backups_job_5e2a0ec2-ab82-4013-82c3-a5314d23a330
    [found] => YES
)

[2026-01-16 04:41:19] [22 MB] [chunked_processor] Job retrieved successfully
    DATA: Array
(
    [status] => running
    [type] => backup
)

[2026-01-16 04:41:20] [22 MB] [ERROR_HANDLER] PHP error handlers registered
[2026-01-16 04:41:20] [22 MB] [chunked_processor] get_job called
    DATA: Array
(
    [job_id] => 5e2a0ec2-ab82-4013-82c3-a5314d23a330
)

[2026-01-16 04:41:20] [22 MB] [chunked_processor] Transient lookup result
    DATA: Array
(
    [option_name] => speed_backups_job_5e2a0ec2-ab82-4013-82c3-a5314d23a330
    [found] => YES
)

[2026-01-16 04:41:20] [22 MB] [chunked_processor] Job retrieved successfully
    DATA: Array
(
    [status] => running
    [type] => backup
)

[2026-01-16 04:41:20] [22 MB] [chunked_processor] get_job called
    DATA: Array
(
    [job_id] => 5e2a0ec2-ab82-4013-82c3-a5314d23a330
)

[2026-01-16 04:41:20] [22 MB] [chunked_processor] Transient lookup result
    DATA: Array
(
    [option_name] => speed_backups_job_5e2a0ec2-ab82-4013-82c3-a5314d23a330
    [found] => YES
)

[2026-01-16 04:41:20] [22 MB] [chunked_processor] Job retrieved successfully
    DATA: Array
(
    [status] => running
    [type] => backup
)

[2026-01-16 04:41:20] [22 MB] [chunked_processor] get_job called
    DATA: Array
(
    [job_id] => 5e2a0ec2-ab82-4013-82c3-a5314d23a330
)

[2026-01-16 04:41:20] [22 MB] [chunked_processor] Transient lookup result
    DATA: Array
(
    [option_name] => speed_backups_job_5e2a0ec2-ab82-4013-82c3-a5314d23a330
    [found] => YES
)

[2026-01-16 04:41:20] [22 MB] [chunked_processor] Job retrieved successfully
    DATA: Array
(
    [status] => running
    [type] => backup
)

[2026-01-16 04:41:20] [22 MB] [chunked_processor] save_job called
    DATA: Array
(
    [job_id] => 5e2a0ec2-ab82-4013-82c3-a5314d23a330
    [status] => running
)

[2026-01-16 04:41:20] [22 MB] [chunked_processor] Transient save result
    DATA: Array
(
    [option_name] => speed_backups_job_5e2a0ec2-ab82-4013-82c3-a5314d23a330
    [success] => YES
)

[2026-01-16 04:41:20] [22 MB] [chunked_processor] Option save result
    DATA: Array
(
    [option_name] => speed_backups_job_5e2a0ec2-ab82-4013-82c3-a5314d23a330
    [success] => YES
)

[2026-01-16 04:41:20] [22 MB] [chunked_processor] Save verification (direct DB)
    DATA: Array
(
    [verified] => YES
)

[2026-01-16 04:41:20] [22 MB] [chunked_processor] get_job called
    DATA: Array
(
    [job_id] => 5e2a0ec2-ab82-4013-82c3-a5314d23a330
)

[2026-01-16 04:41:20] [22 MB] [chunked_processor] Transient lookup result
    DATA: Array
(
    [option_name] => speed_backups_job_5e2a0ec2-ab82-4013-82c3-a5314d23a330
    [found] => YES
)

[2026-01-16 04:41:20] [22 MB] [chunked_processor] Job retrieved successfully
    DATA: Array
(
    [status] => running
    [type] => backup
)

[2026-01-16 04:41:20] [22 MB] [chunked_processor] save_job called
    DATA: Array
(
    [job_id] => 5e2a0ec2-ab82-4013-82c3-a5314d23a330
    [status] => running
)

[2026-01-16 04:41:20] [22 MB] [chunked_processor] Transient save result
    DATA: Array
(
    [option_name] => speed_backups_job_5e2a0ec2-ab82-4013-82c3-a5314d23a330
    [success] => YES
)

[2026-01-16 04:41:20] [22 MB] [chunked_processor] Option save result
    DATA: Array
(
    [option_name] => speed_backups_job_5e2a0ec2-ab82-4013-82c3-a5314d23a330
    [success] => YES
)

[2026-01-16 04:41:20] [22 MB] [chunked_processor] Save verification (direct DB)
    DATA: Array
(
    [verified] => YES
)

[2026-01-16 04:41:20] [22 MB] [chunked_processor] get_job called
    DATA: Array
(
    [job_id] => 5e2a0ec2-ab82-4013-82c3-a5314d23a330
)

[2026-01-16 04:41:20] [22 MB] [chunked_processor] Transient lookup result
    DATA: Array
(
    [option_name] => speed_backups_job_5e2a0ec2-ab82-4013-82c3-a5314d23a330
    [found] => YES
)

[2026-01-16 04:41:20] [22 MB] [chunked_processor] Job retrieved successfully
    DATA: Array
(
    [status] => running
    [type] => backup
)

[2026-01-16 04:41:20] [22 MB] [chunked_processor] save_job called
    DATA: Array
(
    [job_id] => 5e2a0ec2-ab82-4013-82c3-a5314d23a330
    [status] => running
)

[2026-01-16 04:41:20] [22 MB] [chunked_processor] Transient save result
    DATA: Array
(
    [option_name] => speed_backups_job_5e2a0ec2-ab82-4013-82c3-a5314d23a330
    [success] => YES
)

[2026-01-16 04:41:20] [22 MB] [chunked_processor] Option save result
    DATA: Array
(
    [option_name] => speed_backups_job_5e2a0ec2-ab82-4013-82c3-a5314d23a330
    [success] => YES
)

[2026-01-16 04:41:20] [22 MB] [chunked_processor] Save verification (direct DB)
    DATA: Array
(
    [verified] => YES
)

[2026-01-16 04:41:20] [22 MB] [chunked_processor] get_job called
    DATA: Array
(
    [job_id] => 5e2a0ec2-ab82-4013-82c3-a5314d23a330
)

[2026-01-16 04:41:20] [22 MB] [chunked_processor] Transient lookup result
    DATA: Array
(
    [option_name] => speed_backups_job_5e2a0ec2-ab82-4013-82c3-a5314d23a330
    [found] => YES
)

[2026-01-16 04:41:20] [22 MB] [chunked_processor] Job retrieved successfully
    DATA: Array
(
    [status] => running
    [type] => backup
)

[2026-01-16 04:41:20] [22 MB] [chunked_processor] save_job called
    DATA: Array
(
    [job_id] => 5e2a0ec2-ab82-4013-82c3-a5314d23a330
    [status] => running
)

[2026-01-16 04:41:20] [22 MB] [chunked_processor] Transient save result
    DATA: Array
(
    [option_name] => speed_backups_job_5e2a0ec2-ab82-4013-82c3-a5314d23a330
    [success] => YES
)

[2026-01-16 04:41:20] [22 MB] [chunked_processor] Option save result
    DATA: Array
(
    [option_name] => speed_backups_job_5e2a0ec2-ab82-4013-82c3-a5314d23a330
    [success] => YES
)

[2026-01-16 04:41:20] [22 MB] [chunked_processor] Save verification (direct DB)
    DATA: Array
(
    [verified] => YES
)

[2026-01-16 04:41:20] [22 MB] [chunked_processor] get_job called
    DATA: Array
(
    [job_id] => 5e2a0ec2-ab82-4013-82c3-a5314d23a330
)

[2026-01-16 04:41:20] [22 MB] [chunked_processor] Transient lookup result
    DATA: Array
(
    [option_name] => speed_backups_job_5e2a0ec2-ab82-4013-82c3-a5314d23a330
    [found] => YES
)

[2026-01-16 04:41:20] [22 MB] [chunked_processor] Job retrieved successfully
    DATA: Array
(
    [status] => running
    [type] => backup
)

[2026-01-16 04:41:20] [22 MB] [chunked_processor] get_job called
    DATA: Array
(
    [job_id] => 5e2a0ec2-ab82-4013-82c3-a5314d23a330
)

[2026-01-16 04:41:20] [22 MB] [chunked_processor] Transient lookup result
    DATA: Array
(
    [option_name] => speed_backups_job_5e2a0ec2-ab82-4013-82c3-a5314d23a330
    [found] => YES
)

[2026-01-16 04:41:20] [22 MB] [chunked_processor] Job retrieved successfully
    DATA: Array
(
    [status] => running
    [type] => backup
)

[2026-01-16 04:41:20] [22 MB] [ERROR_HANDLER] PHP error handlers registered
[2026-01-16 04:41:21] [22 MB] [chunked_processor] get_job called
    DATA: Array
(
    [job_id] => 5e2a0ec2-ab82-4013-82c3-a5314d23a330
)

[2026-01-16 04:41:21] [22 MB] [chunked_processor] Transient lookup result
    DATA: Array
(
    [option_name] => speed_backups_job_5e2a0ec2-ab82-4013-82c3-a5314d23a330
    [found] => YES
)

[2026-01-16 04:41:21] [22 MB] [chunked_processor] Job retrieved successfully
    DATA: Array
(
    [status] => running
    [type] => backup
)

[2026-01-16 04:41:21] [22 MB] [chunked_processor] get_job called
    DATA: Array
(
    [job_id] => 5e2a0ec2-ab82-4013-82c3-a5314d23a330
)

[2026-01-16 04:41:21] [22 MB] [chunked_processor] Transient lookup result
    DATA: Array
(
    [option_name] => speed_backups_job_5e2a0ec2-ab82-4013-82c3-a5314d23a330
    [found] => YES
)

[2026-01-16 04:41:21] [22 MB] [chunked_processor] Job retrieved successfully
    DATA: Array
(
    [status] => running
    [type] => backup
)

[2026-01-16 04:41:21] [22 MB] [chunked_processor] get_job called
    DATA: Array
(
    [job_id] => 5e2a0ec2-ab82-4013-82c3-a5314d23a330
)

[2026-01-16 04:41:21] [22 MB] [chunked_processor] Transient lookup result
    DATA: Array
(
    [option_name] => speed_backups_job_5e2a0ec2-ab82-4013-82c3-a5314d23a330
    [found] => YES
)

[2026-01-16 04:41:21] [22 MB] [chunked_processor] Job retrieved successfully
    DATA: Array
(
    [status] => running
    [type] => backup
)

[2026-01-16 04:41:21] [22 MB] [chunked_processor] save_job called
    DATA: Array
(
    [job_id] => 5e2a0ec2-ab82-4013-82c3-a5314d23a330
    [status] => running
)

[2026-01-16 04:41:21] [22 MB] [chunked_processor] Transient save result
    DATA: Array
(
    [option_name] => speed_backups_job_5e2a0ec2-ab82-4013-82c3-a5314d23a330
    [success] => YES
)

[2026-01-16 04:41:21] [22 MB] [chunked_processor] Option save result
    DATA: Array
(
    [option_name] => speed_backups_job_5e2a0ec2-ab82-4013-82c3-a5314d23a330
    [success] => YES
)

[2026-01-16 04:41:21] [22 MB] [chunked_processor] Save verification (direct DB)
    DATA: Array
(
    [verified] => YES
)

[2026-01-16 04:41:21] [22 MB] [chunked_processor] get_job called
    DATA: Array
(
    [job_id] => 5e2a0ec2-ab82-4013-82c3-a5314d23a330
)

[2026-01-16 04:41:21] [22 MB] [chunked_processor] Transient lookup result
    DATA: Array
(
    [option_name] => speed_backups_job_5e2a0ec2-ab82-4013-82c3-a5314d23a330
    [found] => YES
)

[2026-01-16 04:41:21] [22 MB] [chunked_processor] Job retrieved successfully
    DATA: Array
(
    [status] => running
    [type] => backup
)

[2026-01-16 04:41:21] [22 MB] [chunked_processor] save_job called
    DATA: Array
(
    [job_id] => 5e2a0ec2-ab82-4013-82c3-a5314d23a330
    [status] => running
)

[2026-01-16 04:41:21] [22 MB] [chunked_processor] Transient save result
    DATA: Array
(
    [option_name] => speed_backups_job_5e2a0ec2-ab82-4013-82c3-a5314d23a330
    [success] => YES
)

[2026-01-16 04:41:21] [22 MB] [chunked_processor] Option save result
    DATA: Array
(
    [option_name] => speed_backups_job_5e2a0ec2-ab82-4013-82c3-a5314d23a330
    [success] => YES
)

[2026-01-16 04:41:21] [22 MB] [chunked_processor] Save verification (direct DB)
    DATA: Array
(
    [verified] => YES
)

[2026-01-16 04:41:21] [22 MB] [chunked_processor] get_job called
    DATA: Array
(
    [job_id] => 5e2a0ec2-ab82-4013-82c3-a5314d23a330
)

[2026-01-16 04:41:21] [22 MB] [chunked_processor] Transient lookup result
    DATA: Array
(
    [option_name] => speed_backups_job_5e2a0ec2-ab82-4013-82c3-a5314d23a330
    [found] => YES
)

[2026-01-16 04:41:21] [22 MB] [chunked_processor] Job retrieved successfully
    DATA: Array
(
    [status] => running
    [type] => backup
)

[2026-01-16 04:41:21] [22 MB] [chunked_processor] save_job called
    DATA: Array
(
    [job_id] => 5e2a0ec2-ab82-4013-82c3-a5314d23a330
    [status] => running
)

[2026-01-16 04:41:21] [22 MB] [chunked_processor] Transient save result
    DATA: Array
(
    [option_name] => speed_backups_job_5e2a0ec2-ab82-4013-82c3-a5314d23a330
    [success] => YES
)

[2026-01-16 04:41:21] [22 MB] [chunked_processor] Option save result
    DATA: Array
(
    [option_name] => speed_backups_job_5e2a0ec2-ab82-4013-82c3-a5314d23a330
    [success] => YES
)

[2026-01-16 04:41:21] [22 MB] [chunked_processor] Save verification (direct DB)
    DATA: Array
(
    [verified] => YES
)

[2026-01-16 04:41:21] [22 MB] [chunked_processor] get_job called
    DATA: Array
(
    [job_id] => 5e2a0ec2-ab82-4013-82c3-a5314d23a330
)

[2026-01-16 04:41:21] [22 MB] [chunked_processor] Transient lookup result
    DATA: Array
(
    [option_name] => speed_backups_job_5e2a0ec2-ab82-4013-82c3-a5314d23a330
    [found] => YES
)

[2026-01-16 04:41:21] [22 MB] [chunked_processor] Job retrieved successfully
    DATA: Array
(
    [status] => running
    [type] => backup
)

[2026-01-16 04:41:21] [22 MB] [chunked_processor] get_job called
    DATA: Array
(
    [job_id] => 5e2a0ec2-ab82-4013-82c3-a5314d23a330
)

[2026-01-16 04:41:21] [22 MB] [chunked_processor] Transient lookup result
    DATA: Array
(
    [option_name] => speed_backups_job_5e2a0ec2-ab82-4013-82c3-a5314d23a330
    [found] => YES
)

[2026-01-16 04:41:21] [22 MB] [chunked_processor] Job retrieved successfully
    DATA: Array
(
    [status] => running
    [type] => backup
)

[2026-01-16 04:41:21] [22 MB] [ERROR_HANDLER] PHP error handlers registered
[2026-01-16 04:41:21] [22 MB] [chunked_processor] get_job called
    DATA: Array
(
    [job_id] => 5e2a0ec2-ab82-4013-82c3-a5314d23a330
)

[2026-01-16 04:41:21] [22 MB] [chunked_processor] Transient lookup result
    DATA: Array
(
    [option_name] => speed_backups_job_5e2a0ec2-ab82-4013-82c3-a5314d23a330
    [found] => YES
)

[2026-01-16 04:41:21] [22 MB] [chunked_processor] Job retrieved successfully
    DATA: Array
(
    [status] => running
    [type] => backup
)

[2026-01-16 04:41:21] [22 MB] [chunked_processor] get_job called
    DATA: Array
(
    [job_id] => 5e2a0ec2-ab82-4013-82c3-a5314d23a330
)

[2026-01-16 04:41:21] [22 MB] [chunked_processor] Transient lookup result
    DATA: Array
(
    [option_name] => speed_backups_job_5e2a0ec2-ab82-4013-82c3-a5314d23a330
    [found] => YES
)

[2026-01-16 04:41:21] [22 MB] [chunked_processor] Job retrieved successfully
    DATA: Array
(
    [status] => running
    [type] => backup
)

[2026-01-16 04:41:21] [22 MB] [chunked_processor] get_job called
    DATA: Array
(
    [job_id] => 5e2a0ec2-ab82-4013-82c3-a5314d23a330
)

[2026-01-16 04:41:21] [22 MB] [chunked_processor] Transient lookup result
    DATA: Array
(
    [option_name] => speed_backups_job_5e2a0ec2-ab82-4013-82c3-a5314d23a330
    [found] => YES
)

[2026-01-16 04:41:21] [22 MB] [chunked_processor] Job retrieved successfully
    DATA: Array
(
    [status] => running
    [type] => backup
)

[2026-01-16 04:41:21] [22 MB] [chunked_processor] save_job called
    DATA: Array
(
    [job_id] => 5e2a0ec2-ab82-4013-82c3-a5314d23a330
    [status] => running
)

[2026-01-16 04:41:21] [22 MB] [chunked_processor] Transient save result
    DATA: Array
(
    [option_name] => speed_backups_job_5e2a0ec2-ab82-4013-82c3-a5314d23a330
    [success] => YES
)

[2026-01-16 04:41:21] [22 MB] [chunked_processor] Option save result
    DATA: Array
(
    [option_name] => speed_backups_job_5e2a0ec2-ab82-4013-82c3-a5314d23a330
    [success] => YES
)

[2026-01-16 04:41:21] [22 MB] [chunked_processor] Save verification (direct DB)
    DATA: Array
(
    [verified] => YES
)

[2026-01-16 04:41:24] [22 MB] [chunked_processor] get_job called
    DATA: Array
(
    [job_id] => 5e2a0ec2-ab82-4013-82c3-a5314d23a330
)

[2026-01-16 04:41:24] [22 MB] [chunked_processor] Transient lookup result
    DATA: Array
(
    [option_name] => speed_backups_job_5e2a0ec2-ab82-4013-82c3-a5314d23a330
    [found] => YES
)

[2026-01-16 04:41:24] [22 MB] [chunked_processor] Job retrieved successfully
    DATA: Array
(
    [status] => running
    [type] => backup
)

[2026-01-16 04:41:24] [22 MB] [chunked_processor] save_job called
    DATA: Array
(
    [job_id] => 5e2a0ec2-ab82-4013-82c3-a5314d23a330
    [status] => running
)

[2026-01-16 04:41:24] [22 MB] [chunked_processor] Transient save result
    DATA: Array
(
    [option_name] => speed_backups_job_5e2a0ec2-ab82-4013-82c3-a5314d23a330
    [success] => YES
)

[2026-01-16 04:41:24] [22 MB] [chunked_processor] Option save result
    DATA: Array
(
    [option_name] => speed_backups_job_5e2a0ec2-ab82-4013-82c3-a5314d23a330
    [success] => YES
)

[2026-01-16 04:41:24] [22 MB] [chunked_processor] Save verification (direct DB)
    DATA: Array
(
    [verified] => YES
)

[2026-01-16 04:41:24] [22 MB] [chunked_processor] get_job called
    DATA: Array
(
    [job_id] => 5e2a0ec2-ab82-4013-82c3-a5314d23a330
)

[2026-01-16 04:41:24] [22 MB] [chunked_processor] Transient lookup result
    DATA: Array
(
    [option_name] => speed_backups_job_5e2a0ec2-ab82-4013-82c3-a5314d23a330
    [found] => YES
)

[2026-01-16 04:41:24] [22 MB] [chunked_processor] Job retrieved successfully
    DATA: Array
(
    [status] => running
    [type] => backup
)

[2026-01-16 04:41:24] [22 MB] [chunked_processor] save_job called
    DATA: Array
(
    [job_id] => 5e2a0ec2-ab82-4013-82c3-a5314d23a330
    [status] => running
)

[2026-01-16 04:41:24] [22 MB] [chunked_processor] Transient save result
    DATA: Array
(
    [option_name] => speed_backups_job_5e2a0ec2-ab82-4013-82c3-a5314d23a330
    [success] => YES
)

[2026-01-16 04:41:24] [22 MB] [chunked_processor] Option save result
    DATA: Array
(
    [option_name] => speed_backups_job_5e2a0ec2-ab82-4013-82c3-a5314d23a330
    [success] => YES
)

[2026-01-16 04:41:24] [22 MB] [chunked_processor] Save verification (direct DB)
    DATA: Array
(
    [verified] => YES
)

[2026-01-16 04:41:24] [22 MB] [chunked_processor] get_job called
    DATA: Array
(
    [job_id] => 5e2a0ec2-ab82-4013-82c3-a5314d23a330
)

[2026-01-16 04:41:24] [22 MB] [chunked_processor] Transient lookup result
    DATA: Array
(
    [option_name] => speed_backups_job_5e2a0ec2-ab82-4013-82c3-a5314d23a330
    [found] => YES
)

[2026-01-16 04:41:24] [22 MB] [chunked_processor] Job retrieved successfully
    DATA: Array
(
    [status] => running
    [type] => backup
)

[2026-01-16 04:41:24] [22 MB] [chunked_processor] get_job called
    DATA: Array
(
    [job_id] => 5e2a0ec2-ab82-4013-82c3-a5314d23a330
)

[2026-01-16 04:41:24] [22 MB] [chunked_processor] Transient lookup result
    DATA: Array
(
    [option_name] => speed_backups_job_5e2a0ec2-ab82-4013-82c3-a5314d23a330
    [found] => YES
)

[2026-01-16 04:41:24] [22 MB] [chunked_processor] Job retrieved successfully
    DATA: Array
(
    [status] => running
    [type] => backup
)

[2026-01-16 04:41:25] [22 MB] [ERROR_HANDLER] PHP error handlers registered
[2026-01-16 04:41:25] [22 MB] [chunked_processor] get_job called
    DATA: Array
(
    [job_id] => 5e2a0ec2-ab82-4013-82c3-a5314d23a330
)

[2026-01-16 04:41:25] [22 MB] [chunked_processor] Transient lookup result
    DATA: Array
(
    [option_name] => speed_backups_job_5e2a0ec2-ab82-4013-82c3-a5314d23a330
    [found] => YES
)

[2026-01-16 04:41:25] [22 MB] [chunked_processor] Job retrieved successfully
    DATA: Array
(
    [status] => running
    [type] => backup
)

[2026-01-16 04:41:25] [22 MB] [chunked_processor] get_job called
    DATA: Array
(
    [job_id] => 5e2a0ec2-ab82-4013-82c3-a5314d23a330
)

[2026-01-16 04:41:25] [22 MB] [chunked_processor] Transient lookup result
    DATA: Array
(
    [option_name] => speed_backups_job_5e2a0ec2-ab82-4013-82c3-a5314d23a330
    [found] => YES
)

[2026-01-16 04:41:25] [22 MB] [chunked_processor] Job retrieved successfully
    DATA: Array
(
    [status] => running
    [type] => backup
)

[2026-01-16 04:41:25] [22 MB] [chunked_processor] get_job called
    DATA: Array
(
    [job_id] => 5e2a0ec2-ab82-4013-82c3-a5314d23a330
)

[2026-01-16 04:41:25] [22 MB] [chunked_processor] Transient lookup result
    DATA: Array
(
    [option_name] => speed_backups_job_5e2a0ec2-ab82-4013-82c3-a5314d23a330
    [found] => YES
)

[2026-01-16 04:41:25] [22 MB] [chunked_processor] Job retrieved successfully
    DATA: Array
(
    [status] => running
    [type] => backup
)

[2026-01-16 04:41:25] [22 MB] [chunked_processor] save_job called
    DATA: Array
(
    [job_id] => 5e2a0ec2-ab82-4013-82c3-a5314d23a330
    [status] => running
)

[2026-01-16 04:41:25] [22 MB] [chunked_processor] Transient save result
    DATA: Array
(
    [option_name] => speed_backups_job_5e2a0ec2-ab82-4013-82c3-a5314d23a330
    [success] => YES
)

[2026-01-16 04:41:25] [22 MB] [chunked_processor] Option save result
    DATA: Array
(
    [option_name] => speed_backups_job_5e2a0ec2-ab82-4013-82c3-a5314d23a330
    [success] => YES
)

[2026-01-16 04:41:25] [22 MB] [chunked_processor] Save verification (direct DB)
    DATA: Array
(
    [verified] => YES
)

[2026-01-16 04:41:25] [22 MB] [chunked_processor] get_job called
    DATA: Array
(
    [job_id] => 5e2a0ec2-ab82-4013-82c3-a5314d23a330
)

[2026-01-16 04:41:25] [22 MB] [chunked_processor] Transient lookup result
    DATA: Array
(
    [option_name] => speed_backups_job_5e2a0ec2-ab82-4013-82c3-a5314d23a330
    [found] => YES
)

[2026-01-16 04:41:25] [22 MB] [chunked_processor] Job retrieved successfully
    DATA: Array
(
    [status] => running
    [type] => backup
)

[2026-01-16 04:41:25] [22 MB] [chunked_processor] save_job called
    DATA: Array
(
    [job_id] => 5e2a0ec2-ab82-4013-82c3-a5314d23a330
    [status] => completed
)

[2026-01-16 04:41:25] [22 MB] [chunked_processor] Transient save result
    DATA: Array
(
    [option_name] => speed_backups_job_5e2a0ec2-ab82-4013-82c3-a5314d23a330
    [success] => YES
)

[2026-01-16 04:41:25] [22 MB] [chunked_processor] Option save result
    DATA: Array
(
    [option_name] => speed_backups_job_5e2a0ec2-ab82-4013-82c3-a5314d23a330
    [success] => YES
)

[2026-01-16 04:41:25] [22 MB] [chunked_processor] Save verification (direct DB)
    DATA: Array
(
    [verified] => YES
)

[2026-01-16 04:41:25] [22 MB] [chunked_processor] get_job called
    DATA: Array
(
    [job_id] => 5e2a0ec2-ab82-4013-82c3-a5314d23a330
)

[2026-01-16 04:41:25] [22 MB] [chunked_processor] Transient lookup result
    DATA: Array
(
    [option_name] => speed_backups_job_5e2a0ec2-ab82-4013-82c3-a5314d23a330
    [found] => YES
)

[2026-01-16 04:41:25] [22 MB] [chunked_processor] Job retrieved successfully
    DATA: Array
(
    [status] => completed
    [type] => backup
)

[2026-01-16 04:41:25] [22 MB] [chunked_processor] save_job called
    DATA: Array
(
    [job_id] => 5e2a0ec2-ab82-4013-82c3-a5314d23a330
    [status] => completed
)

[2026-01-16 04:41:25] [22 MB] [chunked_processor] Transient save result
    DATA: Array
(
    [option_name] => speed_backups_job_5e2a0ec2-ab82-4013-82c3-a5314d23a330
    [success] => YES
)

[2026-01-16 04:41:25] [22 MB] [chunked_processor] Option save result
    DATA: Array
(
    [option_name] => speed_backups_job_5e2a0ec2-ab82-4013-82c3-a5314d23a330
    [success] => YES
)

[2026-01-16 04:41:25] [22 MB] [chunked_processor] Save verification (direct DB)
    DATA: Array
(
    [verified] => YES
)

[2026-01-16 04:41:25] [22 MB] [chunked_processor] get_job called
    DATA: Array
(
    [job_id] => 5e2a0ec2-ab82-4013-82c3-a5314d23a330
)

[2026-01-16 04:41:25] [22 MB] [chunked_processor] Transient lookup result
    DATA: Array
(
    [option_name] => speed_backups_job_5e2a0ec2-ab82-4013-82c3-a5314d23a330
    [found] => YES
)

[2026-01-16 04:41:25] [22 MB] [chunked_processor] Job retrieved successfully
    DATA: Array
(
    [status] => completed
    [type] => backup
)

[2026-01-16 04:41:25] [18 MB] [ERROR_HANDLER] PHP error handlers registered
[2026-01-16 04:41:26] [18 MB] [ERROR_HANDLER] PHP error handlers registered
[2026-01-16 04:41:29] [18 MB] [ERROR_HANDLER] PHP error handlers registered
[2026-01-16 04:42:29] [16 MB] [ERROR_HANDLER] PHP error handlers registered
[2026-01-16 04:43:01] [16 MB] [ERROR_HANDLER] PHP error handlers registered
[2026-01-16 04:43:05] [16 MB] [ERROR_HANDLER] PHP error handlers registered
[2026-01-16 04:43:05] [16 MB] [SESSION] ============================================================
[2026-01-16 04:43:05] [16 MB] [SESSION] NEW RESTORE SESSION STARTED
[2026-01-16 04:43:05] [16 MB] [SESSION] WordPress: 6.9
[2026-01-16 04:43:05] [16 MB] [SESSION] PHP: 8.2.26
[2026-01-16 04:43:05] [16 MB] [SESSION] Plugin: 1.0.0
[2026-01-16 04:43:05] [16 MB] [SESSION] ============================================================
[2026-01-16 04:43:05] [16 MB] [FUNCTION] >>> ENTER: start_restore
    DATA: Array
(
    [0] => file_path
)

[2026-01-16 04:43:05] [18 MB] [start_restore] Backup validation passed
[2026-01-16 04:43:05] [18 MB] [start_restore] Restore options
    DATA: Array
(
    [restore_database] => YES
    [restore_files] => YES
    [replace_urls] => YES
)

[2026-01-16 04:43:05] [18 MB] [chunked_processor] save_job called
    DATA: Array
(
    [job_id] => 9ea24571-2779-49b2-a258-d9a7c63f4ea2
    [status] => pending
)

[2026-01-16 04:43:05] [18 MB] [chunked_processor] Transient save result
    DATA: Array
(
    [option_name] => speed_backups_job_9ea24571-2779-49b2-a258-d9a7c63f4ea2
    [success] => YES
)

[2026-01-16 04:43:05] [18 MB] [chunked_processor] Option save result
    DATA: Array
(
    [option_name] => speed_backups_job_9ea24571-2779-49b2-a258-d9a7c63f4ea2
    [success] => YES
)

[2026-01-16 04:43:05] [18 MB] [chunked_processor] Save verification (direct DB)
    DATA: Array
(
    [verified] => YES
)

[2026-01-16 04:43:05] [18 MB] [start_restore] Job created
    DATA: Array
(
    [job_id] => 9ea24571-2779-49b2-a258-d9a7c63f4ea2
)

[2026-01-16 04:43:05] [18 MB] [chunked_processor] get_job called
    DATA: Array
(
    [job_id] => 9ea24571-2779-49b2-a258-d9a7c63f4ea2
)

[2026-01-16 04:43:05] [18 MB] [chunked_processor] Transient lookup result
    DATA: Array
(
    [option_name] => speed_backups_job_9ea24571-2779-49b2-a258-d9a7c63f4ea2
    [found] => YES
)

[2026-01-16 04:43:05] [18 MB] [chunked_processor] Job retrieved successfully
    DATA: Array
(
    [status] => pending
    [type] => restore
)

[2026-01-16 04:43:05] [18 MB] [chunked_processor] save_job called
    DATA: Array
(
    [job_id] => 9ea24571-2779-49b2-a258-d9a7c63f4ea2
    [status] => running
)

[2026-01-16 04:43:05] [18 MB] [chunked_processor] Transient save result
    DATA: Array
(
    [option_name] => speed_backups_job_9ea24571-2779-49b2-a258-d9a7c63f4ea2
    [success] => YES
)

[2026-01-16 04:43:05] [18 MB] [chunked_processor] Option save result
    DATA: Array
(
    [option_name] => speed_backups_job_9ea24571-2779-49b2-a258-d9a7c63f4ea2
    [success] => YES
)

[2026-01-16 04:43:05] [18 MB] [chunked_processor] Save verification (direct DB)
    DATA: Array
(
    [verified] => YES
)

[2026-01-16 04:43:05] [18 MB] [chunked_processor] get_job called
    DATA: Array
(
    [job_id] => 9ea24571-2779-49b2-a258-d9a7c63f4ea2
)

[2026-01-16 04:43:05] [18 MB] [chunked_processor] Transient lookup result
    DATA: Array
(
    [option_name] => speed_backups_job_9ea24571-2779-49b2-a258-d9a7c63f4ea2
    [found] => YES
)

[2026-01-16 04:43:05] [18 MB] [chunked_processor] Job retrieved successfully
    DATA: Array
(
    [status] => running
    [type] => restore
)

[2026-01-16 04:43:05] [18 MB] [chunked_processor] save_job called
    DATA: Array
(
    [job_id] => 9ea24571-2779-49b2-a258-d9a7c63f4ea2
    [status] => running
)

[2026-01-16 04:43:05] [18 MB] [chunked_processor] Transient save result
    DATA: Array
(
    [option_name] => speed_backups_job_9ea24571-2779-49b2-a258-d9a7c63f4ea2
    [success] => YES
)

[2026-01-16 04:43:05] [18 MB] [chunked_processor] Option save result
    DATA: Array
(
    [option_name] => speed_backups_job_9ea24571-2779-49b2-a258-d9a7c63f4ea2
    [success] => YES
)

[2026-01-16 04:43:05] [18 MB] [chunked_processor] Save verification (direct DB)
    DATA: Array
(
    [verified] => YES
)

[2026-01-16 04:43:05] [18 MB] [chunked_processor] get_job called
    DATA: Array
(
    [job_id] => 9ea24571-2779-49b2-a258-d9a7c63f4ea2
)

[2026-01-16 04:43:05] [18 MB] [chunked_processor] Transient lookup result
    DATA: Array
(
    [option_name] => speed_backups_job_9ea24571-2779-49b2-a258-d9a7c63f4ea2
    [found] => YES
)

[2026-01-16 04:43:05] [18 MB] [chunked_processor] Job retrieved successfully
    DATA: Array
(
    [status] => running
    [type] => restore
)

[2026-01-16 04:43:05] [18 MB] [start_restore] Job creation verification
    DATA: Array
(
    [job_exists] => YES
)

[2026-01-16 04:43:05] [18 MB] [FUNCTION] <<< EXIT: start_restore
[2026-01-16 04:43:06] [14 MB] [ERROR_HANDLER] PHP error handlers registered
[2026-01-16 04:43:06] [14 MB] [FUNCTION] >>> ENTER: process_chunk
    DATA: Array
(
    [0] => job_id
)

[2026-01-16 04:43:06] [14 MB] [chunked_processor] get_job called
    DATA: Array
(
    [job_id] => 9ea24571-2779-49b2-a258-d9a7c63f4ea2
)

[2026-01-16 04:43:06] [14 MB] [chunked_processor] Transient lookup result
    DATA: Array
(
    [option_name] => speed_backups_job_9ea24571-2779-49b2-a258-d9a7c63f4ea2
    [found] => YES
)

[2026-01-16 04:43:06] [14 MB] [chunked_processor] Job retrieved successfully
    DATA: Array
(
    [status] => running
    [type] => restore
)

[2026-01-16 04:43:06] [14 MB] [JOB_STATE] Job 9ea24571-2779-49b2-a258-d9a7c63f4ea2 state
    DATA: Array
(
    [status] => running
    [type] => restore
    [phase] => validate
    [progress] => 0
)

[2026-01-16 04:43:06] [14 MB] [chunked_processor] get_job called
    DATA: Array
(
    [job_id] => 9ea24571-2779-49b2-a258-d9a7c63f4ea2
)

[2026-01-16 04:43:06] [14 MB] [chunked_processor] Transient lookup result
    DATA: Array
(
    [option_name] => speed_backups_job_9ea24571-2779-49b2-a258-d9a7c63f4ea2
    [found] => YES
)

[2026-01-16 04:43:06] [14 MB] [chunked_processor] Job retrieved successfully
    DATA: Array
(
    [status] => running
    [type] => restore
)

[2026-01-16 04:43:06] [14 MB] [chunked_processor] get_job called
    DATA: Array
(
    [job_id] => 9ea24571-2779-49b2-a258-d9a7c63f4ea2
)

[2026-01-16 04:43:06] [14 MB] [chunked_processor] Transient lookup result
    DATA: Array
(
    [option_name] => speed_backups_job_9ea24571-2779-49b2-a258-d9a7c63f4ea2
    [found] => YES
)

[2026-01-16 04:43:06] [14 MB] [chunked_processor] Job retrieved successfully
    DATA: Array
(
    [status] => running
    [type] => restore
)

[2026-01-16 04:43:06] [14 MB] [chunked_processor] save_job called
    DATA: Array
(
    [job_id] => 9ea24571-2779-49b2-a258-d9a7c63f4ea2
    [status] => running
)

[2026-01-16 04:43:06] [14 MB] [chunked_processor] Transient save result
    DATA: Array
(
    [option_name] => speed_backups_job_9ea24571-2779-49b2-a258-d9a7c63f4ea2
    [success] => YES
)

[2026-01-16 04:43:06] [14 MB] [chunked_processor] Option save result
    DATA: Array
(
    [option_name] => speed_backups_job_9ea24571-2779-49b2-a258-d9a7c63f4ea2
    [success] => YES
)

[2026-01-16 04:43:06] [14 MB] [chunked_processor] Save verification (direct DB)
    DATA: Array
(
    [verified] => YES
)

[2026-01-16 04:43:06] [18 MB] [chunked_processor] get_job called
    DATA: Array
(
    [job_id] => 9ea24571-2779-49b2-a258-d9a7c63f4ea2
)

[2026-01-16 04:43:06] [18 MB] [chunked_processor] Transient lookup result
    DATA: Array
(
    [option_name] => speed_backups_job_9ea24571-2779-49b2-a258-d9a7c63f4ea2
    [found] => YES
)

[2026-01-16 04:43:06] [18 MB] [chunked_processor] Job retrieved successfully
    DATA: Array
(
    [status] => running
    [type] => restore
)

[2026-01-16 04:43:06] [18 MB] [chunked_processor] save_job called
    DATA: Array
(
    [job_id] => 9ea24571-2779-49b2-a258-d9a7c63f4ea2
    [status] => running
)

[2026-01-16 04:43:06] [18 MB] [chunked_processor] Transient save result
    DATA: Array
(
    [option_name] => speed_backups_job_9ea24571-2779-49b2-a258-d9a7c63f4ea2
    [success] => YES
)

[2026-01-16 04:43:06] [18 MB] [chunked_processor] Option save result
    DATA: Array
(
    [option_name] => speed_backups_job_9ea24571-2779-49b2-a258-d9a7c63f4ea2
    [success] => YES
)

[2026-01-16 04:43:06] [18 MB] [chunked_processor] Save verification (direct DB)
    DATA: Array
(
    [verified] => YES
)

[2026-01-16 04:43:06] [18 MB] [chunked_processor] get_job called
    DATA: Array
(
    [job_id] => 9ea24571-2779-49b2-a258-d9a7c63f4ea2
)

[2026-01-16 04:43:06] [18 MB] [chunked_processor] Transient lookup result
    DATA: Array
(
    [option_name] => speed_backups_job_9ea24571-2779-49b2-a258-d9a7c63f4ea2
    [found] => YES
)

[2026-01-16 04:43:06] [18 MB] [chunked_processor] Job retrieved successfully
    DATA: Array
(
    [status] => running
    [type] => restore
)

[2026-01-16 04:43:06] [18 MB] [chunked_processor] save_job called
    DATA: Array
(
    [job_id] => 9ea24571-2779-49b2-a258-d9a7c63f4ea2
    [status] => running
)

[2026-01-16 04:43:06] [18 MB] [chunked_processor] Transient save result
    DATA: Array
(
    [option_name] => speed_backups_job_9ea24571-2779-49b2-a258-d9a7c63f4ea2
    [success] => YES
)

[2026-01-16 04:43:06] [18 MB] [chunked_processor] Option save result
    DATA: Array
(
    [option_name] => speed_backups_job_9ea24571-2779-49b2-a258-d9a7c63f4ea2
    [success] => YES
)

[2026-01-16 04:43:06] [18 MB] [chunked_processor] Save verification (direct DB)
    DATA: Array
(
    [verified] => YES
)

[2026-01-16 04:43:06] [18 MB] [chunked_processor] get_job called
    DATA: Array
(
    [job_id] => 9ea24571-2779-49b2-a258-d9a7c63f4ea2
)

[2026-01-16 04:43:06] [18 MB] [chunked_processor] Transient lookup result
    DATA: Array
(
    [option_name] => speed_backups_job_9ea24571-2779-49b2-a258-d9a7c63f4ea2
    [found] => YES
)

[2026-01-16 04:43:06] [18 MB] [chunked_processor] Job retrieved successfully
    DATA: Array
(
    [status] => running
    [type] => restore
)

[2026-01-16 04:43:06] [18 MB] [chunked_processor] get_job called
    DATA: Array
(
    [job_id] => 9ea24571-2779-49b2-a258-d9a7c63f4ea2
)

[2026-01-16 04:43:06] [18 MB] [chunked_processor] Transient lookup result
    DATA: Array
(
    [option_name] => speed_backups_job_9ea24571-2779-49b2-a258-d9a7c63f4ea2
    [found] => YES
)

[2026-01-16 04:43:06] [18 MB] [chunked_processor] Job retrieved successfully
    DATA: Array
(
    [status] => running
    [type] => restore
)

[2026-01-16 04:43:06] [16 MB] [ERROR_HANDLER] PHP error handlers registered
[2026-01-16 04:43:06] [16 MB] [FUNCTION] >>> ENTER: process_chunk
    DATA: Array
(
    [0] => job_id
)

[2026-01-16 04:43:06] [16 MB] [chunked_processor] get_job called
    DATA: Array
(
    [job_id] => 9ea24571-2779-49b2-a258-d9a7c63f4ea2
)

[2026-01-16 04:43:06] [16 MB] [chunked_processor] Transient lookup result
    DATA: Array
(
    [option_name] => speed_backups_job_9ea24571-2779-49b2-a258-d9a7c63f4ea2
    [found] => YES
)

[2026-01-16 04:43:06] [16 MB] [chunked_processor] Job retrieved successfully
    DATA: Array
(
    [status] => running
    [type] => restore
)

[2026-01-16 04:43:06] [16 MB] [JOB_STATE] Job 9ea24571-2779-49b2-a258-d9a7c63f4ea2 state
    DATA: Array
(
    [status] => running
    [type] => restore
    [phase] => extract
    [progress] => 100
)

[2026-01-16 04:43:06] [16 MB] [chunked_processor] get_job called
    DATA: Array
(
    [job_id] => 9ea24571-2779-49b2-a258-d9a7c63f4ea2
)

[2026-01-16 04:43:06] [16 MB] [chunked_processor] Transient lookup result
    DATA: Array
(
    [option_name] => speed_backups_job_9ea24571-2779-49b2-a258-d9a7c63f4ea2
    [found] => YES
)

[2026-01-16 04:43:06] [16 MB] [chunked_processor] Job retrieved successfully
    DATA: Array
(
    [status] => running
    [type] => restore
)

[2026-01-16 04:43:06] [16 MB] [chunked_processor] get_job called
    DATA: Array
(
    [job_id] => 9ea24571-2779-49b2-a258-d9a7c63f4ea2
)

[2026-01-16 04:43:06] [16 MB] [chunked_processor] Transient lookup result
    DATA: Array
(
    [option_name] => speed_backups_job_9ea24571-2779-49b2-a258-d9a7c63f4ea2
    [found] => YES
)

[2026-01-16 04:43:06] [16 MB] [chunked_processor] Job retrieved successfully
    DATA: Array
(
    [status] => running
    [type] => restore
)

[2026-01-16 04:43:06] [16 MB] [chunked_processor] save_job called
    DATA: Array
(
    [job_id] => 9ea24571-2779-49b2-a258-d9a7c63f4ea2
    [status] => running
)

[2026-01-16 04:43:06] [16 MB] [chunked_processor] Transient save result
    DATA: Array
(
    [option_name] => speed_backups_job_9ea24571-2779-49b2-a258-d9a7c63f4ea2
    [success] => YES
)

[2026-01-16 04:43:06] [16 MB] [chunked_processor] Option save result
    DATA: Array
(
    [option_name] => speed_backups_job_9ea24571-2779-49b2-a258-d9a7c63f4ea2
    [success] => YES
)

[2026-01-16 04:43:06] [16 MB] [chunked_processor] Save verification (direct DB)
    DATA: Array
(
    [verified] => YES
)

[2026-01-16 04:43:06] [18 MB] [chunked_processor] get_job called
    DATA: Array
(
    [job_id] => 9ea24571-2779-49b2-a258-d9a7c63f4ea2
)

[2026-01-16 04:43:06] [18 MB] [chunked_processor] Transient lookup result
    DATA: Array
(
    [option_name] => speed_backups_job_9ea24571-2779-49b2-a258-d9a7c63f4ea2
    [found] => YES
)

[2026-01-16 04:43:06] [18 MB] [chunked_processor] Job retrieved successfully
    DATA: Array
(
    [status] => running
    [type] => restore
)

[2026-01-16 04:43:06] [18 MB] [chunked_processor] save_job called
    DATA: Array
(
    [job_id] => 9ea24571-2779-49b2-a258-d9a7c63f4ea2
    [status] => running
)

[2026-01-16 04:43:06] [18 MB] [chunked_processor] Transient save result
    DATA: Array
(
    [option_name] => speed_backups_job_9ea24571-2779-49b2-a258-d9a7c63f4ea2
    [success] => YES
)

[2026-01-16 04:43:06] [18 MB] [chunked_processor] Option save result
    DATA: Array
(
    [option_name] => speed_backups_job_9ea24571-2779-49b2-a258-d9a7c63f4ea2
    [success] => YES
)

[2026-01-16 04:43:06] [18 MB] [chunked_processor] Save verification (direct DB)
    DATA: Array
(
    [verified] => YES
)

[2026-01-16 04:43:06] [18 MB] [chunked_processor] get_job called
    DATA: Array
(
    [job_id] => 9ea24571-2779-49b2-a258-d9a7c63f4ea2
)

[2026-01-16 04:43:06] [18 MB] [chunked_processor] Transient lookup result
    DATA: Array
(
    [option_name] => speed_backups_job_9ea24571-2779-49b2-a258-d9a7c63f4ea2
    [found] => YES
)

[2026-01-16 04:43:06] [18 MB] [chunked_processor] Job retrieved successfully
    DATA: Array
(
    [status] => running
    [type] => restore
)

[2026-01-16 04:43:06] [18 MB] [chunked_processor] get_job called
    DATA: Array
(
    [job_id] => 9ea24571-2779-49b2-a258-d9a7c63f4ea2
)

[2026-01-16 04:43:06] [18 MB] [chunked_processor] Transient lookup result
    DATA: Array
(
    [option_name] => speed_backups_job_9ea24571-2779-49b2-a258-d9a7c63f4ea2
    [found] => YES
)

[2026-01-16 04:43:06] [18 MB] [chunked_processor] Job retrieved successfully
    DATA: Array
(
    [status] => running
    [type] => restore
)

[2026-01-16 04:43:07] [16 MB] [ERROR_HANDLER] PHP error handlers registered
[2026-01-16 04:43:07] [16 MB] [FUNCTION] >>> ENTER: process_chunk
    DATA: Array
(
    [0] => job_id
)

[2026-01-16 04:43:07] [16 MB] [chunked_processor] get_job called
    DATA: Array
(
    [job_id] => 9ea24571-2779-49b2-a258-d9a7c63f4ea2
)

[2026-01-16 04:43:07] [16 MB] [chunked_processor] Transient lookup result
    DATA: Array
(
    [option_name] => speed_backups_job_9ea24571-2779-49b2-a258-d9a7c63f4ea2
    [found] => YES
)

[2026-01-16 04:43:07] [16 MB] [chunked_processor] Job retrieved successfully
    DATA: Array
(
    [status] => running
    [type] => restore
)

[2026-01-16 04:43:07] [16 MB] [JOB_STATE] Job 9ea24571-2779-49b2-a258-d9a7c63f4ea2 state
    DATA: Array
(
    [status] => running
    [type] => restore
    [phase] => extract
    [progress] => 0
)

[2026-01-16 04:43:07] [16 MB] [chunked_processor] get_job called
    DATA: Array
(
    [job_id] => 9ea24571-2779-49b2-a258-d9a7c63f4ea2
)

[2026-01-16 04:43:07] [16 MB] [chunked_processor] Transient lookup result
    DATA: Array
(
    [option_name] => speed_backups_job_9ea24571-2779-49b2-a258-d9a7c63f4ea2
    [found] => YES
)

[2026-01-16 04:43:07] [16 MB] [chunked_processor] Job retrieved successfully
    DATA: Array
(
    [status] => running
    [type] => restore
)

[2026-01-16 04:43:07] [16 MB] [chunked_processor] get_job called
    DATA: Array
(
    [job_id] => 9ea24571-2779-49b2-a258-d9a7c63f4ea2
)

[2026-01-16 04:43:07] [16 MB] [chunked_processor] Transient lookup result
    DATA: Array
(
    [option_name] => speed_backups_job_9ea24571-2779-49b2-a258-d9a7c63f4ea2
    [found] => YES
)

[2026-01-16 04:43:07] [16 MB] [chunked_processor] Job retrieved successfully
    DATA: Array
(
    [status] => running
    [type] => restore
)

[2026-01-16 04:43:07] [16 MB] [chunked_processor] save_job called
    DATA: Array
(
    [job_id] => 9ea24571-2779-49b2-a258-d9a7c63f4ea2
    [status] => running
)

[2026-01-16 04:43:07] [16 MB] [chunked_processor] Transient save result
    DATA: Array
(
    [option_name] => speed_backups_job_9ea24571-2779-49b2-a258-d9a7c63f4ea2
    [success] => YES
)

[2026-01-16 04:43:07] [16 MB] [chunked_processor] Option save result
    DATA: Array
(
    [option_name] => speed_backups_job_9ea24571-2779-49b2-a258-d9a7c63f4ea2
    [success] => YES
)

[2026-01-16 04:43:07] [16 MB] [chunked_processor] Save verification (direct DB)
    DATA: Array
(
    [verified] => YES
)

[2026-01-16 04:43:07] [16 MB] [chunked_processor] get_job called
    DATA: Array
(
    [job_id] => 9ea24571-2779-49b2-a258-d9a7c63f4ea2
)

[2026-01-16 04:43:07] [16 MB] [chunked_processor] Transient lookup result
    DATA: Array
(
    [option_name] => speed_backups_job_9ea24571-2779-49b2-a258-d9a7c63f4ea2
    [found] => YES
)

[2026-01-16 04:43:07] [16 MB] [chunked_processor] Job retrieved successfully
    DATA: Array
(
    [status] => running
    [type] => restore
)

[2026-01-16 04:43:07] [16 MB] [chunked_processor] save_job called
    DATA: Array
(
    [job_id] => 9ea24571-2779-49b2-a258-d9a7c63f4ea2
    [status] => running
)

[2026-01-16 04:43:07] [16 MB] [chunked_processor] Transient save result
    DATA: Array
(
    [option_name] => speed_backups_job_9ea24571-2779-49b2-a258-d9a7c63f4ea2
    [success] => YES
)

[2026-01-16 04:43:07] [16 MB] [chunked_processor] Option save result
    DATA: Array
(
    [option_name] => speed_backups_job_9ea24571-2779-49b2-a258-d9a7c63f4ea2
    [success] => YES
)

[2026-01-16 04:43:07] [16 MB] [chunked_processor] Save verification (direct DB)
    DATA: Array
(
    [verified] => YES
)

[2026-01-16 04:43:07] [16 MB] [chunked_processor] get_job called
    DATA: Array
(
    [job_id] => 9ea24571-2779-49b2-a258-d9a7c63f4ea2
)

[2026-01-16 04:43:07] [16 MB] [chunked_processor] Transient lookup result
    DATA: Array
(
    [option_name] => speed_backups_job_9ea24571-2779-49b2-a258-d9a7c63f4ea2
    [found] => YES
)

[2026-01-16 04:43:07] [16 MB] [chunked_processor] Job retrieved successfully
    DATA: Array
(
    [status] => running
    [type] => restore
)

[2026-01-16 04:43:07] [16 MB] [chunked_processor] get_job called
    DATA: Array
(
    [job_id] => 9ea24571-2779-49b2-a258-d9a7c63f4ea2
)

[2026-01-16 04:43:07] [16 MB] [chunked_processor] Transient lookup result
    DATA: Array
(
    [option_name] => speed_backups_job_9ea24571-2779-49b2-a258-d9a7c63f4ea2
    [found] => YES
)

[2026-01-16 04:43:07] [16 MB] [chunked_processor] Job retrieved successfully
    DATA: Array
(
    [status] => running
    [type] => restore
)

[2026-01-16 04:43:07] [16 MB] [ERROR_HANDLER] PHP error handlers registered
[2026-01-16 04:43:07] [16 MB] [FUNCTION] >>> ENTER: process_chunk
    DATA: Array
(
    [0] => job_id
)

[2026-01-16 04:43:07] [16 MB] [chunked_processor] get_job called
    DATA: Array
(
    [job_id] => 9ea24571-2779-49b2-a258-d9a7c63f4ea2
)

[2026-01-16 04:43:07] [16 MB] [chunked_processor] Transient lookup result
    DATA: Array
(
    [option_name] => speed_backups_job_9ea24571-2779-49b2-a258-d9a7c63f4ea2
    [found] => YES
)

[2026-01-16 04:43:07] [16 MB] [chunked_processor] Job retrieved successfully
    DATA: Array
(
    [status] => running
    [type] => restore
)

[2026-01-16 04:43:07] [16 MB] [JOB_STATE] Job 9ea24571-2779-49b2-a258-d9a7c63f4ea2 state
    DATA: Array
(
    [status] => running
    [type] => restore
    [phase] => extract
    [progress] => 1.2950012950013
)

[2026-01-16 04:43:07] [16 MB] [chunked_processor] get_job called
    DATA: Array
(
    [job_id] => 9ea24571-2779-49b2-a258-d9a7c63f4ea2
)

[2026-01-16 04:43:07] [16 MB] [chunked_processor] Transient lookup result
    DATA: Array
(
    [option_name] => speed_backups_job_9ea24571-2779-49b2-a258-d9a7c63f4ea2
    [found] => YES
)

[2026-01-16 04:43:07] [16 MB] [chunked_processor] Job retrieved successfully
    DATA: Array
(
    [status] => running
    [type] => restore
)

[2026-01-16 04:43:07] [16 MB] [chunked_processor] get_job called
    DATA: Array
(
    [job_id] => 9ea24571-2779-49b2-a258-d9a7c63f4ea2
)

[2026-01-16 04:43:07] [16 MB] [chunked_processor] Transient lookup result
    DATA: Array
(
    [option_name] => speed_backups_job_9ea24571-2779-49b2-a258-d9a7c63f4ea2
    [found] => YES
)

[2026-01-16 04:43:07] [16 MB] [chunked_processor] Job retrieved successfully
    DATA: Array
(
    [status] => running
    [type] => restore
)

[2026-01-16 04:43:07] [16 MB] [chunked_processor] save_job called
    DATA: Array
(
    [job_id] => 9ea24571-2779-49b2-a258-d9a7c63f4ea2
    [status] => running
)

[2026-01-16 04:43:07] [16 MB] [chunked_processor] Transient save result
    DATA: Array
(
    [option_name] => speed_backups_job_9ea24571-2779-49b2-a258-d9a7c63f4ea2
    [success] => YES
)

[2026-01-16 04:43:07] [16 MB] [chunked_processor] Option save result
    DATA: Array
(
    [option_name] => speed_backups_job_9ea24571-2779-49b2-a258-d9a7c63f4ea2
    [success] => YES
)

[2026-01-16 04:43:07] [16 MB] [chunked_processor] Save verification (direct DB)
    DATA: Array
(
    [verified] => YES
)

[2026-01-16 04:43:08] [16 MB] [chunked_processor] get_job called
    DATA: Array
(
    [job_id] => 9ea24571-2779-49b2-a258-d9a7c63f4ea2
)

[2026-01-16 04:43:08] [16 MB] [chunked_processor] Transient lookup result
    DATA: Array
(
    [option_name] => speed_backups_job_9ea24571-2779-49b2-a258-d9a7c63f4ea2
    [found] => YES
)

[2026-01-16 04:43:08] [16 MB] [chunked_processor] Job retrieved successfully
    DATA: Array
(
    [status] => running
    [type] => restore
)

[2026-01-16 04:43:08] [16 MB] [chunked_processor] save_job called
    DATA: Array
(
    [job_id] => 9ea24571-2779-49b2-a258-d9a7c63f4ea2
    [status] => running
)

[2026-01-16 04:43:08] [16 MB] [chunked_processor] Transient save result
    DATA: Array
(
    [option_name] => speed_backups_job_9ea24571-2779-49b2-a258-d9a7c63f4ea2
    [success] => YES
)

[2026-01-16 04:43:08] [16 MB] [chunked_processor] Option save result
    DATA: Array
(
    [option_name] => speed_backups_job_9ea24571-2779-49b2-a258-d9a7c63f4ea2
    [success] => YES
)

[2026-01-16 04:43:08] [16 MB] [chunked_processor] Save verification (direct DB)
    DATA: Array
(
    [verified] => YES
)

[2026-01-16 04:43:08] [16 MB] [chunked_processor] get_job called
    DATA: Array
(
    [job_id] => 9ea24571-2779-49b2-a258-d9a7c63f4ea2
)

[2026-01-16 04:43:08] [16 MB] [chunked_processor] Transient lookup result
    DATA: Array
(
    [option_name] => speed_backups_job_9ea24571-2779-49b2-a258-d9a7c63f4ea2
    [found] => YES
)

[2026-01-16 04:43:08] [16 MB] [chunked_processor] Job retrieved successfully
    DATA: Array
(
    [status] => running
    [type] => restore
)

[2026-01-16 04:43:08] [16 MB] [chunked_processor] get_job called
    DATA: Array
(
    [job_id] => 9ea24571-2779-49b2-a258-d9a7c63f4ea2
)

[2026-01-16 04:43:08] [16 MB] [chunked_processor] Transient lookup result
    DATA: Array
(
    [option_name] => speed_backups_job_9ea24571-2779-49b2-a258-d9a7c63f4ea2
    [found] => YES
)

[2026-01-16 04:43:08] [16 MB] [chunked_processor] Job retrieved successfully
    DATA: Array
(
    [status] => running
    [type] => restore
)

[2026-01-16 04:43:08] [16 MB] [ERROR_HANDLER] PHP error handlers registered
[2026-01-16 04:43:08] [16 MB] [FUNCTION] >>> ENTER: process_chunk
    DATA: Array
(
    [0] => job_id
)

[2026-01-16 04:43:08] [16 MB] [chunked_processor] get_job called
    DATA: Array
(
    [job_id] => 9ea24571-2779-49b2-a258-d9a7c63f4ea2
)

[2026-01-16 04:43:08] [16 MB] [chunked_processor] Transient lookup result
    DATA: Array
(
    [option_name] => speed_backups_job_9ea24571-2779-49b2-a258-d9a7c63f4ea2
    [found] => YES
)

[2026-01-16 04:43:08] [16 MB] [chunked_processor] Job retrieved successfully
    DATA: Array
(
    [status] => running
    [type] => restore
)

[2026-01-16 04:43:08] [16 MB] [JOB_STATE] Job 9ea24571-2779-49b2-a258-d9a7c63f4ea2 state
    DATA: Array
(
    [status] => running
    [type] => restore
    [phase] => extract
    [progress] => 2.5900025900026
)

[2026-01-16 04:43:08] [16 MB] [chunked_processor] get_job called
    DATA: Array
(
    [job_id] => 9ea24571-2779-49b2-a258-d9a7c63f4ea2
)

[2026-01-16 04:43:08] [16 MB] [chunked_processor] Transient lookup result
    DATA: Array
(
    [option_name] => speed_backups_job_9ea24571-2779-49b2-a258-d9a7c63f4ea2
    [found] => YES
)

[2026-01-16 04:43:08] [16 MB] [chunked_processor] Job retrieved successfully
    DATA: Array
(
    [status] => running
    [type] => restore
)

[2026-01-16 04:43:08] [16 MB] [chunked_processor] get_job called
    DATA: Array
(
    [job_id] => 9ea24571-2779-49b2-a258-d9a7c63f4ea2
)

[2026-01-16 04:43:08] [16 MB] [chunked_processor] Transient lookup result
    DATA: Array
(
    [option_name] => speed_backups_job_9ea24571-2779-49b2-a258-d9a7c63f4ea2
    [found] => YES
)

[2026-01-16 04:43:08] [16 MB] [chunked_processor] Job retrieved successfully
    DATA: Array
(
    [status] => running
    [type] => restore
)

[2026-01-16 04:43:08] [16 MB] [chunked_processor] save_job called
    DATA: Array
(
    [job_id] => 9ea24571-2779-49b2-a258-d9a7c63f4ea2
    [status] => running
)

[2026-01-16 04:43:08] [16 MB] [chunked_processor] Transient save result
    DATA: Array
(
    [option_name] => speed_backups_job_9ea24571-2779-49b2-a258-d9a7c63f4ea2
    [success] => YES
)

[2026-01-16 04:43:08] [16 MB] [chunked_processor] Option save result
    DATA: Array
(
    [option_name] => speed_backups_job_9ea24571-2779-49b2-a258-d9a7c63f4ea2
    [success] => YES
)

[2026-01-16 04:43:08] [16 MB] [chunked_processor] Save verification (direct DB)
    DATA: Array
(
    [verified] => YES
)

[2026-01-16 04:43:08] [16 MB] [chunked_processor] get_job called
    DATA: Array
(
    [job_id] => 9ea24571-2779-49b2-a258-d9a7c63f4ea2
)

[2026-01-16 04:43:08] [16 MB] [chunked_processor] Transient lookup result
    DATA: Array
(
    [option_name] => speed_backups_job_9ea24571-2779-49b2-a258-d9a7c63f4ea2
    [found] => YES
)

[2026-01-16 04:43:08] [16 MB] [chunked_processor] Job retrieved successfully
    DATA: Array
(
    [status] => running
    [type] => restore
)

[2026-01-16 04:43:08] [16 MB] [chunked_processor] save_job called
    DATA: Array
(
    [job_id] => 9ea24571-2779-49b2-a258-d9a7c63f4ea2
    [status] => running
)

[2026-01-16 04:43:08] [16 MB] [chunked_processor] Transient save result
    DATA: Array
(
    [option_name] => speed_backups_job_9ea24571-2779-49b2-a258-d9a7c63f4ea2
    [success] => YES
)

[2026-01-16 04:43:08] [16 MB] [chunked_processor] Option save result
    DATA: Array
(
    [option_name] => speed_backups_job_9ea24571-2779-49b2-a258-d9a7c63f4ea2
    [success] => YES
)

[2026-01-16 04:43:08] [16 MB] [chunked_processor] Save verification (direct DB)
    DATA: Array
(
    [verified] => YES
)

[2026-01-16 04:43:08] [16 MB] [chunked_processor] get_job called
    DATA: Array
(
    [job_id] => 9ea24571-2779-49b2-a258-d9a7c63f4ea2
)

[2026-01-16 04:43:08] [16 MB] [chunked_processor] Transient lookup result
    DATA: Array
(
    [option_name] => speed_backups_job_9ea24571-2779-49b2-a258-d9a7c63f4ea2
    [found] => YES
)

[2026-01-16 04:43:08] [16 MB] [chunked_processor] Job retrieved successfully
    DATA: Array
(
    [status] => running
    [type] => restore
)

[2026-01-16 04:43:08] [16 MB] [chunked_processor] get_job called
    DATA: Array
(
    [job_id] => 9ea24571-2779-49b2-a258-d9a7c63f4ea2
)

[2026-01-16 04:43:08] [16 MB] [chunked_processor] Transient lookup result
    DATA: Array
(
    [option_name] => speed_backups_job_9ea24571-2779-49b2-a258-d9a7c63f4ea2
    [found] => YES
)

[2026-01-16 04:43:08] [16 MB] [chunked_processor] Job retrieved successfully
    DATA: Array
(
    [status] => running
    [type] => restore
)

[2026-01-16 04:43:08] [16 MB] [ERROR_HANDLER] PHP error handlers registered
[2026-01-16 04:43:08] [16 MB] [FUNCTION] >>> ENTER: process_chunk
    DATA: Array
(
    [0] => job_id
)

[2026-01-16 04:43:08] [16 MB] [chunked_processor] get_job called
    DATA: Array
(
    [job_id] => 9ea24571-2779-49b2-a258-d9a7c63f4ea2
)

[2026-01-16 04:43:08] [16 MB] [chunked_processor] Transient lookup result
    DATA: Array
(
    [option_name] => speed_backups_job_9ea24571-2779-49b2-a258-d9a7c63f4ea2
    [found] => YES
)

[2026-01-16 04:43:08] [16 MB] [chunked_processor] Job retrieved successfully
    DATA: Array
(
    [status] => running
    [type] => restore
)

[2026-01-16 04:43:08] [16 MB] [JOB_STATE] Job 9ea24571-2779-49b2-a258-d9a7c63f4ea2 state
    DATA: Array
(
    [status] => running
    [type] => restore
    [phase] => extract
    [progress] => 3.8850038850039
)

[2026-01-16 04:43:08] [16 MB] [chunked_processor] get_job called
    DATA: Array
(
    [job_id] => 9ea24571-2779-49b2-a258-d9a7c63f4ea2
)

[2026-01-16 04:43:08] [16 MB] [chunked_processor] Transient lookup result
    DATA: Array
(
    [option_name] => speed_backups_job_9ea24571-2779-49b2-a258-d9a7c63f4ea2
    [found] => YES
)

[2026-01-16 04:43:08] [16 MB] [chunked_processor] Job retrieved successfully
    DATA: Array
(
    [status] => running
    [type] => restore
)

[2026-01-16 04:43:08] [16 MB] [chunked_processor] get_job called
    DATA: Array
(
    [job_id] => 9ea24571-2779-49b2-a258-d9a7c63f4ea2
)

[2026-01-16 04:43:08] [16 MB] [chunked_processor] Transient lookup result
    DATA: Array
(
    [option_name] => speed_backups_job_9ea24571-2779-49b2-a258-d9a7c63f4ea2
    [found] => YES
)

[2026-01-16 04:43:08] [16 MB] [chunked_processor] Job retrieved successfully
    DATA: Array
(
    [status] => running
    [type] => restore
)

[2026-01-16 04:43:08] [16 MB] [chunked_processor] save_job called
    DATA: Array
(
    [job_id] => 9ea24571-2779-49b2-a258-d9a7c63f4ea2
    [status] => running
)

[2026-01-16 04:43:08] [16 MB] [chunked_processor] Transient save result
    DATA: Array
(
    [option_name] => speed_backups_job_9ea24571-2779-49b2-a258-d9a7c63f4ea2
    [success] => YES
)

[2026-01-16 04:43:08] [16 MB] [chunked_processor] Option save result
    DATA: Array
(
    [option_name] => speed_backups_job_9ea24571-2779-49b2-a258-d9a7c63f4ea2
    [success] => YES
)

[2026-01-16 04:43:08] [16 MB] [chunked_processor] Save verification (direct DB)
    DATA: Array
(
    [verified] => YES
)

[2026-01-16 04:43:08] [16 MB] [chunked_processor] get_job called
    DATA: Array
(
    [job_id] => 9ea24571-2779-49b2-a258-d9a7c63f4ea2
)

[2026-01-16 04:43:08] [16 MB] [chunked_processor] Transient lookup result
    DATA: Array
(
    [option_name] => speed_backups_job_9ea24571-2779-49b2-a258-d9a7c63f4ea2
    [found] => YES
)

[2026-01-16 04:43:08] [16 MB] [chunked_processor] Job retrieved successfully
    DATA: Array
(
    [status] => running
    [type] => restore
)

[2026-01-16 04:43:08] [16 MB] [chunked_processor] save_job called
    DATA: Array
(
    [job_id] => 9ea24571-2779-49b2-a258-d9a7c63f4ea2
    [status] => running
)

[2026-01-16 04:43:08] [16 MB] [chunked_processor] Transient save result
    DATA: Array
(
    [option_name] => speed_backups_job_9ea24571-2779-49b2-a258-d9a7c63f4ea2
    [success] => YES
)

[2026-01-16 04:43:08] [16 MB] [chunked_processor] Option save result
    DATA: Array
(
    [option_name] => speed_backups_job_9ea24571-2779-49b2-a258-d9a7c63f4ea2
    [success] => YES
)

[2026-01-16 04:43:08] [16 MB] [chunked_processor] Save verification (direct DB)
    DATA: Array
(
    [verified] => YES
)

[2026-01-16 04:43:08] [16 MB] [chunked_processor] get_job called
    DATA: Array
(
    [job_id] => 9ea24571-2779-49b2-a258-d9a7c63f4ea2
)

[2026-01-16 04:43:08] [16 MB] [chunked_processor] Transient lookup result
    DATA: Array
(
    [option_name] => speed_backups_job_9ea24571-2779-49b2-a258-d9a7c63f4ea2
    [found] => YES
)

[2026-01-16 04:43:08] [16 MB] [chunked_processor] Job retrieved successfully
    DATA: Array
(
    [status] => running
    [type] => restore
)

[2026-01-16 04:43:08] [16 MB] [chunked_processor] get_job called
    DATA: Array
(
    [job_id] => 9ea24571-2779-49b2-a258-d9a7c63f4ea2
)

[2026-01-16 04:43:08] [16 MB] [chunked_processor] Transient lookup result
    DATA: Array
(
    [option_name] => speed_backups_job_9ea24571-2779-49b2-a258-d9a7c63f4ea2
    [found] => YES
)

[2026-01-16 04:43:08] [16 MB] [chunked_processor] Job retrieved successfully
    DATA: Array
(
    [status] => running
    [type] => restore
)

[2026-01-16 04:43:09] [14 MB] [ERROR_HANDLER] PHP error handlers registered
[2026-01-16 04:43:09] [14 MB] [FUNCTION] >>> ENTER: process_chunk
    DATA: Array
(
    [0] => job_id
)

[2026-01-16 04:43:09] [14 MB] [chunked_processor] get_job called
    DATA: Array
(
    [job_id] => 9ea24571-2779-49b2-a258-d9a7c63f4ea2
)

[2026-01-16 04:43:09] [14 MB] [chunked_processor] Transient lookup result
    DATA: Array
(
    [option_name] => speed_backups_job_9ea24571-2779-49b2-a258-d9a7c63f4ea2
    [found] => YES
)

[2026-01-16 04:43:09] [14 MB] [chunked_processor] Job retrieved successfully
    DATA: Array
(
    [status] => running
    [type] => restore
)

[2026-01-16 04:43:09] [14 MB] [JOB_STATE] Job 9ea24571-2779-49b2-a258-d9a7c63f4ea2 state
    DATA: Array
(
    [status] => running
    [type] => restore
    [phase] => extract
    [progress] => 5.1800051800052
)

[2026-01-16 04:43:09] [14 MB] [chunked_processor] get_job called
    DATA: Array
(
    [job_id] => 9ea24571-2779-49b2-a258-d9a7c63f4ea2
)

[2026-01-16 04:43:09] [14 MB] [chunked_processor] Transient lookup result
    DATA: Array
(
    [option_name] => speed_backups_job_9ea24571-2779-49b2-a258-d9a7c63f4ea2
    [found] => YES
)

[2026-01-16 04:43:09] [14 MB] [chunked_processor] Job retrieved successfully
    DATA: Array
(
    [status] => running
    [type] => restore
)

[2026-01-16 04:43:09] [14 MB] [chunked_processor] get_job called
    DATA: Array
(
    [job_id] => 9ea24571-2779-49b2-a258-d9a7c63f4ea2
)

[2026-01-16 04:43:09] [14 MB] [chunked_processor] Transient lookup result
    DATA: Array
(
    [option_name] => speed_backups_job_9ea24571-2779-49b2-a258-d9a7c63f4ea2
    [found] => YES
)

[2026-01-16 04:43:09] [14 MB] [chunked_processor] Job retrieved successfully
    DATA: Array
(
    [status] => running
    [type] => restore
)

[2026-01-16 04:43:09] [14 MB] [chunked_processor] save_job called
    DATA: Array
(
    [job_id] => 9ea24571-2779-49b2-a258-d9a7c63f4ea2
    [status] => running
)

[2026-01-16 04:43:09] [14 MB] [chunked_processor] Transient save result
    DATA: Array
(
    [option_name] => speed_backups_job_9ea24571-2779-49b2-a258-d9a7c63f4ea2
    [success] => YES
)

[2026-01-16 04:43:09] [14 MB] [chunked_processor] Option save result
    DATA: Array
(
    [option_name] => speed_backups_job_9ea24571-2779-49b2-a258-d9a7c63f4ea2
    [success] => YES
)

[2026-01-16 04:43:09] [14 MB] [chunked_processor] Save verification (direct DB)
    DATA: Array
(
    [verified] => YES
)

[2026-01-16 04:43:09] [14 MB] [chunked_processor] get_job called
    DATA: Array
(
    [job_id] => 9ea24571-2779-49b2-a258-d9a7c63f4ea2
)

[2026-01-16 04:43:09] [14 MB] [chunked_processor] Transient lookup result
    DATA: Array
(
    [option_name] => speed_backups_job_9ea24571-2779-49b2-a258-d9a7c63f4ea2
    [found] => YES
)

[2026-01-16 04:43:09] [14 MB] [chunked_processor] Job retrieved successfully
    DATA: Array
(
    [status] => running
    [type] => restore
)

[2026-01-16 04:43:09] [14 MB] [chunked_processor] save_job called
    DATA: Array
(
    [job_id] => 9ea24571-2779-49b2-a258-d9a7c63f4ea2
    [status] => running
)

[2026-01-16 04:43:09] [14 MB] [chunked_processor] Transient save result
    DATA: Array
(
    [option_name] => speed_backups_job_9ea24571-2779-49b2-a258-d9a7c63f4ea2
    [success] => YES
)

[2026-01-16 04:43:09] [14 MB] [chunked_processor] Option save result
    DATA: Array
(
    [option_name] => speed_backups_job_9ea24571-2779-49b2-a258-d9a7c63f4ea2
    [success] => YES
)

[2026-01-16 04:43:09] [14 MB] [chunked_processor] Save verification (direct DB)
    DATA: Array
(
    [verified] => YES
)

[2026-01-16 04:43:09] [14 MB] [chunked_processor] get_job called
    DATA: Array
(
    [job_id] => 9ea24571-2779-49b2-a258-d9a7c63f4ea2
)

[2026-01-16 04:43:09] [14 MB] [chunked_processor] Transient lookup result
    DATA: Array
(
    [option_name] => speed_backups_job_9ea24571-2779-49b2-a258-d9a7c63f4ea2
    [found] => YES
)

[2026-01-16 04:43:09] [14 MB] [chunked_processor] Job retrieved successfully
    DATA: Array
(
    [status] => running
    [type] => restore
)

[2026-01-16 04:43:09] [14 MB] [chunked_processor] get_job called
    DATA: Array
(
    [job_id] => 9ea24571-2779-49b2-a258-d9a7c63f4ea2
)

[2026-01-16 04:43:09] [14 MB] [chunked_processor] Transient lookup result
    DATA: Array
(
    [option_name] => speed_backups_job_9ea24571-2779-49b2-a258-d9a7c63f4ea2
    [found] => YES
)

[2026-01-16 04:43:09] [14 MB] [chunked_processor] Job retrieved successfully
    DATA: Array
(
    [status] => running
    [type] => restore
)

[2026-01-16 04:43:09] [16 MB] [ERROR_HANDLER] PHP error handlers registered
[2026-01-16 04:43:09] [16 MB] [FUNCTION] >>> ENTER: process_chunk
    DATA: Array
(
    [0] => job_id
)

[2026-01-16 04:43:09] [16 MB] [chunked_processor] get_job called
    DATA: Array
(
    [job_id] => 9ea24571-2779-49b2-a258-d9a7c63f4ea2
)

[2026-01-16 04:43:09] [16 MB] [chunked_processor] Transient lookup result
    DATA: Array
(
    [option_name] => speed_backups_job_9ea24571-2779-49b2-a258-d9a7c63f4ea2
    [found] => YES
)

[2026-01-16 04:43:09] [16 MB] [chunked_processor] Job retrieved successfully
    DATA: Array
(
    [status] => running
    [type] => restore
)

[2026-01-16 04:43:09] [16 MB] [JOB_STATE] Job 9ea24571-2779-49b2-a258-d9a7c63f4ea2 state
    DATA: Array
(
    [status] => running
    [type] => restore
    [phase] => extract
    [progress] => 6.4750064750065
)

[2026-01-16 04:43:09] [16 MB] [chunked_processor] get_job called
    DATA: Array
(
    [job_id] => 9ea24571-2779-49b2-a258-d9a7c63f4ea2
)

[2026-01-16 04:43:09] [16 MB] [chunked_processor] Transient lookup result
    DATA: Array
(
    [option_name] => speed_backups_job_9ea24571-2779-49b2-a258-d9a7c63f4ea2
    [found] => YES
)

[2026-01-16 04:43:09] [16 MB] [chunked_processor] Job retrieved successfully
    DATA: Array
(
    [status] => running
    [type] => restore
)

[2026-01-16 04:43:09] [16 MB] [chunked_processor] get_job called
    DATA: Array
(
    [job_id] => 9ea24571-2779-49b2-a258-d9a7c63f4ea2
)

[2026-01-16 04:43:09] [16 MB] [chunked_processor] Transient lookup result
    DATA: Array
(
    [option_name] => speed_backups_job_9ea24571-2779-49b2-a258-d9a7c63f4ea2
    [found] => YES
)

[2026-01-16 04:43:09] [16 MB] [chunked_processor] Job retrieved successfully
    DATA: Array
(
    [status] => running
    [type] => restore
)

[2026-01-16 04:43:09] [16 MB] [chunked_processor] save_job called
    DATA: Array
(
    [job_id] => 9ea24571-2779-49b2-a258-d9a7c63f4ea2
    [status] => running
)

[2026-01-16 04:43:09] [16 MB] [chunked_processor] Transient save result
    DATA: Array
(
    [option_name] => speed_backups_job_9ea24571-2779-49b2-a258-d9a7c63f4ea2
    [success] => YES
)

[2026-01-16 04:43:09] [16 MB] [chunked_processor] Option save result
    DATA: Array
(
    [option_name] => speed_backups_job_9ea24571-2779-49b2-a258-d9a7c63f4ea2
    [success] => YES
)

[2026-01-16 04:43:09] [16 MB] [chunked_processor] Save verification (direct DB)
    DATA: Array
(
    [verified] => YES
)

[2026-01-16 04:43:09] [16 MB] [chunked_processor] get_job called
    DATA: Array
(
    [job_id] => 9ea24571-2779-49b2-a258-d9a7c63f4ea2
)

[2026-01-16 04:43:09] [16 MB] [chunked_processor] Transient lookup result
    DATA: Array
(
    [option_name] => speed_backups_job_9ea24571-2779-49b2-a258-d9a7c63f4ea2
    [found] => YES
)

[2026-01-16 04:43:09] [16 MB] [chunked_processor] Job retrieved successfully
    DATA: Array
(
    [status] => running
    [type] => restore
)

[2026-01-16 04:43:09] [16 MB] [chunked_processor] save_job called
    DATA: Array
(
    [job_id] => 9ea24571-2779-49b2-a258-d9a7c63f4ea2
    [status] => running
)

[2026-01-16 04:43:09] [16 MB] [chunked_processor] Transient save result
    DATA: Array
(
    [option_name] => speed_backups_job_9ea24571-2779-49b2-a258-d9a7c63f4ea2
    [success] => YES
)

[2026-01-16 04:43:09] [16 MB] [chunked_processor] Option save result
    DATA: Array
(
    [option_name] => speed_backups_job_9ea24571-2779-49b2-a258-d9a7c63f4ea2
    [success] => YES
)

[2026-01-16 04:43:09] [16 MB] [chunked_processor] Save verification (direct DB)
    DATA: Array
(
    [verified] => YES
)

[2026-01-16 04:43:09] [16 MB] [chunked_processor] get_job called
    DATA: Array
(
    [job_id] => 9ea24571-2779-49b2-a258-d9a7c63f4ea2
)

[2026-01-16 04:43:09] [16 MB] [chunked_processor] Transient lookup result
    DATA: Array
(
    [option_name] => speed_backups_job_9ea24571-2779-49b2-a258-d9a7c63f4ea2
    [found] => YES
)

[2026-01-16 04:43:09] [16 MB] [chunked_processor] Job retrieved successfully
    DATA: Array
(
    [status] => running
    [type] => restore
)

[2026-01-16 04:43:09] [16 MB] [chunked_processor] get_job called
    DATA: Array
(
    [job_id] => 9ea24571-2779-49b2-a258-d9a7c63f4ea2
)

[2026-01-16 04:43:09] [16 MB] [chunked_processor] Transient lookup result
    DATA: Array
(
    [option_name] => speed_backups_job_9ea24571-2779-49b2-a258-d9a7c63f4ea2
    [found] => YES
)

[2026-01-16 04:43:09] [16 MB] [chunked_processor] Job retrieved successfully
    DATA: Array
(
    [status] => running
    [type] => restore
)

[2026-01-16 04:43:10] [14 MB] [ERROR_HANDLER] PHP error handlers registered
[2026-01-16 04:43:10] [14 MB] [FUNCTION] >>> ENTER: process_chunk
    DATA: Array
(
    [0] => job_id
)

[2026-01-16 04:43:10] [14 MB] [chunked_processor] get_job called
    DATA: Array
(
    [job_id] => 9ea24571-2779-49b2-a258-d9a7c63f4ea2
)

[2026-01-16 04:43:10] [14 MB] [chunked_processor] Transient lookup result
    DATA: Array
(
    [option_name] => speed_backups_job_9ea24571-2779-49b2-a258-d9a7c63f4ea2
    [found] => YES
)

[2026-01-16 04:43:10] [14 MB] [chunked_processor] Job retrieved successfully
    DATA: Array
(
    [status] => running
    [type] => restore
)

[2026-01-16 04:43:10] [14 MB] [JOB_STATE] Job 9ea24571-2779-49b2-a258-d9a7c63f4ea2 state
    DATA: Array
(
    [status] => running
    [type] => restore
    [phase] => extract
    [progress] => 7.7700077700078
)

[2026-01-16 04:43:10] [14 MB] [chunked_processor] get_job called
    DATA: Array
(
    [job_id] => 9ea24571-2779-49b2-a258-d9a7c63f4ea2
)

[2026-01-16 04:43:10] [14 MB] [chunked_processor] Transient lookup result
    DATA: Array
(
    [option_name] => speed_backups_job_9ea24571-2779-49b2-a258-d9a7c63f4ea2
    [found] => YES
)

[2026-01-16 04:43:10] [14 MB] [chunked_processor] Job retrieved successfully
    DATA: Array
(
    [status] => running
    [type] => restore
)

[2026-01-16 04:43:10] [14 MB] [chunked_processor] get_job called
    DATA: Array
(
    [job_id] => 9ea24571-2779-49b2-a258-d9a7c63f4ea2
)

[2026-01-16 04:43:10] [14 MB] [chunked_processor] Transient lookup result
    DATA: Array
(
    [option_name] => speed_backups_job_9ea24571-2779-49b2-a258-d9a7c63f4ea2
    [found] => YES
)

[2026-01-16 04:43:10] [14 MB] [chunked_processor] Job retrieved successfully
    DATA: Array
(
    [status] => running
    [type] => restore
)

[2026-01-16 04:43:10] [14 MB] [chunked_processor] save_job called
    DATA: Array
(
    [job_id] => 9ea24571-2779-49b2-a258-d9a7c63f4ea2
    [status] => running
)

[2026-01-16 04:43:10] [14 MB] [chunked_processor] Transient save result
    DATA: Array
(
    [option_name] => speed_backups_job_9ea24571-2779-49b2-a258-d9a7c63f4ea2
    [success] => YES
)

[2026-01-16 04:43:10] [14 MB] [chunked_processor] Option save result
    DATA: Array
(
    [option_name] => speed_backups_job_9ea24571-2779-49b2-a258-d9a7c63f4ea2
    [success] => YES
)

[2026-01-16 04:43:10] [14 MB] [chunked_processor] Save verification (direct DB)
    DATA: Array
(
    [verified] => YES
)

[2026-01-16 04:43:10] [14 MB] [chunked_processor] get_job called
    DATA: Array
(
    [job_id] => 9ea24571-2779-49b2-a258-d9a7c63f4ea2
)

[2026-01-16 04:43:10] [14 MB] [chunked_processor] Transient lookup result
    DATA: Array
(
    [option_name] => speed_backups_job_9ea24571-2779-49b2-a258-d9a7c63f4ea2
    [found] => YES
)

[2026-01-16 04:43:10] [14 MB] [chunked_processor] Job retrieved successfully
    DATA: Array
(
    [status] => running
    [type] => restore
)

[2026-01-16 04:43:10] [14 MB] [chunked_processor] save_job called
    DATA: Array
(
    [job_id] => 9ea24571-2779-49b2-a258-d9a7c63f4ea2
    [status] => running
)

[2026-01-16 04:43:10] [14 MB] [chunked_processor] Transient save result
    DATA: Array
(
    [option_name] => speed_backups_job_9ea24571-2779-49b2-a258-d9a7c63f4ea2
    [success] => YES
)

[2026-01-16 04:43:10] [14 MB] [chunked_processor] Option save result
    DATA: Array
(
    [option_name] => speed_backups_job_9ea24571-2779-49b2-a258-d9a7c63f4ea2
    [success] => YES
)

[2026-01-16 04:43:10] [14 MB] [chunked_processor] Save verification (direct DB)
    DATA: Array
(
    [verified] => YES
)

[2026-01-16 04:43:10] [14 MB] [chunked_processor] get_job called
    DATA: Array
(
    [job_id] => 9ea24571-2779-49b2-a258-d9a7c63f4ea2
)

[2026-01-16 04:43:10] [14 MB] [chunked_processor] Transient lookup result
    DATA: Array
(
    [option_name] => speed_backups_job_9ea24571-2779-49b2-a258-d9a7c63f4ea2
    [found] => YES
)

[2026-01-16 04:43:10] [14 MB] [chunked_processor] Job retrieved successfully
    DATA: Array
(
    [status] => running
    [type] => restore
)

[2026-01-16 04:43:10] [14 MB] [chunked_processor] get_job called
    DATA: Array
(
    [job_id] => 9ea24571-2779-49b2-a258-d9a7c63f4ea2
)

[2026-01-16 04:43:10] [14 MB] [chunked_processor] Transient lookup result
    DATA: Array
(
    [option_name] => speed_backups_job_9ea24571-2779-49b2-a258-d9a7c63f4ea2
    [found] => YES
)

[2026-01-16 04:43:10] [14 MB] [chunked_processor] Job retrieved successfully
    DATA: Array
(
    [status] => running
    [type] => restore
)

[2026-01-16 04:43:10] [14 MB] [ERROR_HANDLER] PHP error handlers registered
[2026-01-16 04:43:10] [14 MB] [FUNCTION] >>> ENTER: process_chunk
    DATA: Array
(
    [0] => job_id
)

[2026-01-16 04:43:10] [14 MB] [chunked_processor] get_job called
    DATA: Array
(
    [job_id] => 9ea24571-2779-49b2-a258-d9a7c63f4ea2
)

[2026-01-16 04:43:10] [14 MB] [chunked_processor] Transient lookup result
    DATA: Array
(
    [option_name] => speed_backups_job_9ea24571-2779-49b2-a258-d9a7c63f4ea2
    [found] => YES
)

[2026-01-16 04:43:10] [14 MB] [chunked_processor] Job retrieved successfully
    DATA: Array
(
    [status] => running
    [type] => restore
)

[2026-01-16 04:43:10] [14 MB] [JOB_STATE] Job 9ea24571-2779-49b2-a258-d9a7c63f4ea2 state
    DATA: Array
(
    [status] => running
    [type] => restore
    [phase] => extract
    [progress] => 9.0650090650091
)

[2026-01-16 04:43:10] [14 MB] [chunked_processor] get_job called
    DATA: Array
(
    [job_id] => 9ea24571-2779-49b2-a258-d9a7c63f4ea2
)

[2026-01-16 04:43:10] [14 MB] [chunked_processor] Transient lookup result
    DATA: Array
(
    [option_name] => speed_backups_job_9ea24571-2779-49b2-a258-d9a7c63f4ea2
    [found] => YES
)

[2026-01-16 04:43:10] [14 MB] [chunked_processor] Job retrieved successfully
    DATA: Array
(
    [status] => running
    [type] => restore
)

[2026-01-16 04:43:10] [14 MB] [chunked_processor] get_job called
    DATA: Array
(
    [job_id] => 9ea24571-2779-49b2-a258-d9a7c63f4ea2
)

[2026-01-16 04:43:10] [14 MB] [chunked_processor] Transient lookup result
    DATA: Array
(
    [option_name] => speed_backups_job_9ea24571-2779-49b2-a258-d9a7c63f4ea2
    [found] => YES
)

[2026-01-16 04:43:10] [14 MB] [chunked_processor] Job retrieved successfully
    DATA: Array
(
    [status] => running
    [type] => restore
)

[2026-01-16 04:43:10] [14 MB] [chunked_processor] save_job called
    DATA: Array
(
    [job_id] => 9ea24571-2779-49b2-a258-d9a7c63f4ea2
    [status] => running
)

[2026-01-16 04:43:10] [14 MB] [chunked_processor] Transient save result
    DATA: Array
(
    [option_name] => speed_backups_job_9ea24571-2779-49b2-a258-d9a7c63f4ea2
    [success] => YES
)

[2026-01-16 04:43:10] [14 MB] [chunked_processor] Option save result
    DATA: Array
(
    [option_name] => speed_backups_job_9ea24571-2779-49b2-a258-d9a7c63f4ea2
    [success] => YES
)

[2026-01-16 04:43:10] [14 MB] [chunked_processor] Save verification (direct DB)
    DATA: Array
(
    [verified] => YES
)

[2026-01-16 04:43:11] [14 MB] [chunked_processor] get_job called
    DATA: Array
(
    [job_id] => 9ea24571-2779-49b2-a258-d9a7c63f4ea2
)

[2026-01-16 04:43:11] [14 MB] [chunked_processor] Transient lookup result
    DATA: Array
(
    [option_name] => speed_backups_job_9ea24571-2779-49b2-a258-d9a7c63f4ea2
    [found] => YES
)

[2026-01-16 04:43:11] [14 MB] [chunked_processor] Job retrieved successfully
    DATA: Array
(
    [status] => running
    [type] => restore
)

[2026-01-16 04:43:11] [14 MB] [chunked_processor] save_job called
    DATA: Array
(
    [job_id] => 9ea24571-2779-49b2-a258-d9a7c63f4ea2
    [status] => running
)

[2026-01-16 04:43:11] [14 MB] [chunked_processor] Transient save result
    DATA: Array
(
    [option_name] => speed_backups_job_9ea24571-2779-49b2-a258-d9a7c63f4ea2
    [success] => YES
)

[2026-01-16 04:43:11] [14 MB] [chunked_processor] Option save result
    DATA: Array
(
    [option_name] => speed_backups_job_9ea24571-2779-49b2-a258-d9a7c63f4ea2
    [success] => YES
)

[2026-01-16 04:43:11] [14 MB] [chunked_processor] Save verification (direct DB)
    DATA: Array
(
    [verified] => YES
)

[2026-01-16 04:43:11] [14 MB] [chunked_processor] get_job called
    DATA: Array
(
    [job_id] => 9ea24571-2779-49b2-a258-d9a7c63f4ea2
)

[2026-01-16 04:43:11] [14 MB] [chunked_processor] Transient lookup result
    DATA: Array
(
    [option_name] => speed_backups_job_9ea24571-2779-49b2-a258-d9a7c63f4ea2
    [found] => YES
)

[2026-01-16 04:43:11] [14 MB] [chunked_processor] Job retrieved successfully
    DATA: Array
(
    [status] => running
    [type] => restore
)

[2026-01-16 04:43:11] [14 MB] [chunked_processor] get_job called
    DATA: Array
(
    [job_id] => 9ea24571-2779-49b2-a258-d9a7c63f4ea2
)

[2026-01-16 04:43:11] [14 MB] [chunked_processor] Transient lookup result
    DATA: Array
(
    [option_name] => speed_backups_job_9ea24571-2779-49b2-a258-d9a7c63f4ea2
    [found] => YES
)

[2026-01-16 04:43:11] [14 MB] [chunked_processor] Job retrieved successfully
    DATA: Array
(
    [status] => running
    [type] => restore
)

[2026-01-16 04:43:11] [16 MB] [ERROR_HANDLER] PHP error handlers registered
[2026-01-16 04:43:11] [16 MB] [FUNCTION] >>> ENTER: process_chunk
    DATA: Array
(
    [0] => job_id
)

[2026-01-16 04:43:11] [16 MB] [chunked_processor] get_job called
    DATA: Array
(
    [job_id] => 9ea24571-2779-49b2-a258-d9a7c63f4ea2
)

[2026-01-16 04:43:11] [16 MB] [chunked_processor] Transient lookup result
    DATA: Array
(
    [option_name] => speed_backups_job_9ea24571-2779-49b2-a258-d9a7c63f4ea2
    [found] => YES
)

[2026-01-16 04:43:11] [16 MB] [chunked_processor] Job retrieved successfully
    DATA: Array
(
    [status] => running
    [type] => restore
)

[2026-01-16 04:43:11] [16 MB] [JOB_STATE] Job 9ea24571-2779-49b2-a258-d9a7c63f4ea2 state
    DATA: Array
(
    [status] => running
    [type] => restore
    [phase] => extract
    [progress] => 10.36001036001
)

[2026-01-16 04:43:11] [16 MB] [chunked_processor] get_job called
    DATA: Array
(
    [job_id] => 9ea24571-2779-49b2-a258-d9a7c63f4ea2
)

[2026-01-16 04:43:11] [16 MB] [chunked_processor] Transient lookup result
    DATA: Array
(
    [option_name] => speed_backups_job_9ea24571-2779-49b2-a258-d9a7c63f4ea2
    [found] => YES
)

[2026-01-16 04:43:11] [16 MB] [chunked_processor] Job retrieved successfully
    DATA: Array
(
    [status] => running
    [type] => restore
)

[2026-01-16 04:43:11] [16 MB] [chunked_processor] get_job called
    DATA: Array
(
    [job_id] => 9ea24571-2779-49b2-a258-d9a7c63f4ea2
)

[2026-01-16 04:43:11] [16 MB] [chunked_processor] Transient lookup result
    DATA: Array
(
    [option_name] => speed_backups_job_9ea24571-2779-49b2-a258-d9a7c63f4ea2
    [found] => YES
)

[2026-01-16 04:43:11] [16 MB] [chunked_processor] Job retrieved successfully
    DATA: Array
(
    [status] => running
    [type] => restore
)

[2026-01-16 04:43:11] [16 MB] [chunked_processor] save_job called
    DATA: Array
(
    [job_id] => 9ea24571-2779-49b2-a258-d9a7c63f4ea2
    [status] => running
)

[2026-01-16 04:43:11] [16 MB] [chunked_processor] Transient save result
    DATA: Array
(
    [option_name] => speed_backups_job_9ea24571-2779-49b2-a258-d9a7c63f4ea2
    [success] => YES
)

[2026-01-16 04:43:11] [16 MB] [chunked_processor] Option save result
    DATA: Array
(
    [option_name] => speed_backups_job_9ea24571-2779-49b2-a258-d9a7c63f4ea2
    [success] => YES
)

[2026-01-16 04:43:11] [16 MB] [chunked_processor] Save verification (direct DB)
    DATA: Array
(
    [verified] => YES
)

[2026-01-16 04:43:11] [16 MB] [chunked_processor] get_job called
    DATA: Array
(
    [job_id] => 9ea24571-2779-49b2-a258-d9a7c63f4ea2
)

[2026-01-16 04:43:11] [16 MB] [chunked_processor] Transient lookup result
    DATA: Array
(
    [option_name] => speed_backups_job_9ea24571-2779-49b2-a258-d9a7c63f4ea2
    [found] => YES
)

[2026-01-16 04:43:11] [16 MB] [chunked_processor] Job retrieved successfully
    DATA: Array
(
    [status] => running
    [type] => restore
)

[2026-01-16 04:43:11] [16 MB] [chunked_processor] save_job called
    DATA: Array
(
    [job_id] => 9ea24571-2779-49b2-a258-d9a7c63f4ea2
    [status] => running
)

[2026-01-16 04:43:11] [16 MB] [chunked_processor] Transient save result
    DATA: Array
(
    [option_name] => speed_backups_job_9ea24571-2779-49b2-a258-d9a7c63f4ea2
    [success] => YES
)

[2026-01-16 04:43:11] [16 MB] [chunked_processor] Option save result
    DATA: Array
(
    [option_name] => speed_backups_job_9ea24571-2779-49b2-a258-d9a7c63f4ea2
    [success] => YES
)

[2026-01-16 04:43:11] [16 MB] [chunked_processor] Save verification (direct DB)
    DATA: Array
(
    [verified] => YES
)

[2026-01-16 04:43:11] [16 MB] [chunked_processor] get_job called
    DATA: Array
(
    [job_id] => 9ea24571-2779-49b2-a258-d9a7c63f4ea2
)

[2026-01-16 04:43:11] [16 MB] [chunked_processor] Transient lookup result
    DATA: Array
(
    [option_name] => speed_backups_job_9ea24571-2779-49b2-a258-d9a7c63f4ea2
    [found] => YES
)

[2026-01-16 04:43:11] [16 MB] [chunked_processor] Job retrieved successfully
    DATA: Array
(
    [status] => running
    [type] => restore
)

[2026-01-16 04:43:11] [16 MB] [chunked_processor] get_job called
    DATA: Array
(
    [job_id] => 9ea24571-2779-49b2-a258-d9a7c63f4ea2
)

[2026-01-16 04:43:11] [16 MB] [chunked_processor] Transient lookup result
    DATA: Array
(
    [option_name] => speed_backups_job_9ea24571-2779-49b2-a258-d9a7c63f4ea2
    [found] => YES
)

[2026-01-16 04:43:11] [16 MB] [chunked_processor] Job retrieved successfully
    DATA: Array
(
    [status] => running
    [type] => restore
)

[2026-01-16 04:43:11] [14 MB] [ERROR_HANDLER] PHP error handlers registered
[2026-01-16 04:43:11] [14 MB] [FUNCTION] >>> ENTER: process_chunk
    DATA: Array
(
    [0] => job_id
)

[2026-01-16 04:43:11] [14 MB] [chunked_processor] get_job called
    DATA: Array
(
    [job_id] => 9ea24571-2779-49b2-a258-d9a7c63f4ea2
)

[2026-01-16 04:43:11] [14 MB] [chunked_processor] Transient lookup result
    DATA: Array
(
    [option_name] => speed_backups_job_9ea24571-2779-49b2-a258-d9a7c63f4ea2
    [found] => YES
)

[2026-01-16 04:43:11] [14 MB] [chunked_processor] Job retrieved successfully
    DATA: Array
(
    [status] => running
    [type] => restore
)

[2026-01-16 04:43:11] [14 MB] [JOB_STATE] Job 9ea24571-2779-49b2-a258-d9a7c63f4ea2 state
    DATA: Array
(
    [status] => running
    [type] => restore
    [phase] => extract
    [progress] => 11.655011655012
)

[2026-01-16 04:43:11] [14 MB] [chunked_processor] get_job called
    DATA: Array
(
    [job_id] => 9ea24571-2779-49b2-a258-d9a7c63f4ea2
)

[2026-01-16 04:43:11] [14 MB] [chunked_processor] Transient lookup result
    DATA: Array
(
    [option_name] => speed_backups_job_9ea24571-2779-49b2-a258-d9a7c63f4ea2
    [found] => YES
)

[2026-01-16 04:43:11] [14 MB] [chunked_processor] Job retrieved successfully
    DATA: Array
(
    [status] => running
    [type] => restore
)

[2026-01-16 04:43:11] [14 MB] [chunked_processor] get_job called
    DATA: Array
(
    [job_id] => 9ea24571-2779-49b2-a258-d9a7c63f4ea2
)

[2026-01-16 04:43:11] [14 MB] [chunked_processor] Transient lookup result
    DATA: Array
(
    [option_name] => speed_backups_job_9ea24571-2779-49b2-a258-d9a7c63f4ea2
    [found] => YES
)

[2026-01-16 04:43:11] [14 MB] [chunked_processor] Job retrieved successfully
    DATA: Array
(
    [status] => running
    [type] => restore
)

[2026-01-16 04:43:11] [14 MB] [chunked_processor] save_job called
    DATA: Array
(
    [job_id] => 9ea24571-2779-49b2-a258-d9a7c63f4ea2
    [status] => running
)

[2026-01-16 04:43:11] [14 MB] [chunked_processor] Transient save result
    DATA: Array
(
    [option_name] => speed_backups_job_9ea24571-2779-49b2-a258-d9a7c63f4ea2
    [success] => YES
)

[2026-01-16 04:43:11] [14 MB] [chunked_processor] Option save result
    DATA: Array
(
    [option_name] => speed_backups_job_9ea24571-2779-49b2-a258-d9a7c63f4ea2
    [success] => YES
)

[2026-01-16 04:43:11] [14 MB] [chunked_processor] Save verification (direct DB)
    DATA: Array
(
    [verified] => YES
)

[2026-01-16 04:43:12] [14 MB] [chunked_processor] get_job called
    DATA: Array
(
    [job_id] => 9ea24571-2779-49b2-a258-d9a7c63f4ea2
)

[2026-01-16 04:43:12] [14 MB] [chunked_processor] Transient lookup result
    DATA: Array
(
    [option_name] => speed_backups_job_9ea24571-2779-49b2-a258-d9a7c63f4ea2
    [found] => YES
)

[2026-01-16 04:43:12] [14 MB] [chunked_processor] Job retrieved successfully
    DATA: Array
(
    [status] => running
    [type] => restore
)

[2026-01-16 04:43:12] [14 MB] [chunked_processor] save_job called
    DATA: Array
(
    [job_id] => 9ea24571-2779-49b2-a258-d9a7c63f4ea2
    [status] => running
)

[2026-01-16 04:43:12] [14 MB] [chunked_processor] Transient save result
    DATA: Array
(
    [option_name] => speed_backups_job_9ea24571-2779-49b2-a258-d9a7c63f4ea2
    [success] => YES
)

[2026-01-16 04:43:12] [14 MB] [chunked_processor] Option save result
    DATA: Array
(
    [option_name] => speed_backups_job_9ea24571-2779-49b2-a258-d9a7c63f4ea2
    [success] => YES
)

[2026-01-16 04:43:12] [14 MB] [chunked_processor] Save verification (direct DB)
    DATA: Array
(
    [verified] => YES
)

[2026-01-16 04:43:12] [14 MB] [chunked_processor] get_job called
    DATA: Array
(
    [job_id] => 9ea24571-2779-49b2-a258-d9a7c63f4ea2
)

[2026-01-16 04:43:12] [14 MB] [chunked_processor] Transient lookup result
    DATA: Array
(
    [option_name] => speed_backups_job_9ea24571-2779-49b2-a258-d9a7c63f4ea2
    [found] => YES
)

[2026-01-16 04:43:12] [14 MB] [chunked_processor] Job retrieved successfully
    DATA: Array
(
    [status] => running
    [type] => restore
)

[2026-01-16 04:43:12] [14 MB] [chunked_processor] get_job called
    DATA: Array
(
    [job_id] => 9ea24571-2779-49b2-a258-d9a7c63f4ea2
)

[2026-01-16 04:43:12] [14 MB] [chunked_processor] Transient lookup result
    DATA: Array
(
    [option_name] => speed_backups_job_9ea24571-2779-49b2-a258-d9a7c63f4ea2
    [found] => YES
)

[2026-01-16 04:43:12] [14 MB] [chunked_processor] Job retrieved successfully
    DATA: Array
(
    [status] => running
    [type] => restore
)

[2026-01-16 04:43:12] [14 MB] [ERROR_HANDLER] PHP error handlers registered
[2026-01-16 04:43:12] [14 MB] [FUNCTION] >>> ENTER: process_chunk
    DATA: Array
(
    [0] => job_id
)

[2026-01-16 04:43:12] [14 MB] [chunked_processor] get_job called
    DATA: Array
(
    [job_id] => 9ea24571-2779-49b2-a258-d9a7c63f4ea2
)

[2026-01-16 04:43:12] [14 MB] [chunked_processor] Transient lookup result
    DATA: Array
(
    [option_name] => speed_backups_job_9ea24571-2779-49b2-a258-d9a7c63f4ea2
    [found] => YES
)

[2026-01-16 04:43:12] [14 MB] [chunked_processor] Job retrieved successfully
    DATA: Array
(
    [status] => running
    [type] => restore
)

[2026-01-16 04:43:12] [14 MB] [JOB_STATE] Job 9ea24571-2779-49b2-a258-d9a7c63f4ea2 state
    DATA: Array
(
    [status] => running
    [type] => restore
    [phase] => extract
    [progress] => 12.950012950013
)

[2026-01-16 04:43:12] [14 MB] [chunked_processor] get_job called
    DATA: Array
(
    [job_id] => 9ea24571-2779-49b2-a258-d9a7c63f4ea2
)

[2026-01-16 04:43:12] [14 MB] [chunked_processor] Transient lookup result
    DATA: Array
(
    [option_name] => speed_backups_job_9ea24571-2779-49b2-a258-d9a7c63f4ea2
    [found] => YES
)

[2026-01-16 04:43:12] [14 MB] [chunked_processor] Job retrieved successfully
    DATA: Array
(
    [status] => running
    [type] => restore
)

[2026-01-16 04:43:12] [14 MB] [chunked_processor] get_job called
    DATA: Array
(
    [job_id] => 9ea24571-2779-49b2-a258-d9a7c63f4ea2
)

[2026-01-16 04:43:12] [14 MB] [chunked_processor] Transient lookup result
    DATA: Array
(
    [option_name] => speed_backups_job_9ea24571-2779-49b2-a258-d9a7c63f4ea2
    [found] => YES
)

[2026-01-16 04:43:12] [14 MB] [chunked_processor] Job retrieved successfully
    DATA: Array
(
    [status] => running
    [type] => restore
)

[2026-01-16 04:43:12] [14 MB] [chunked_processor] save_job called
    DATA: Array
(
    [job_id] => 9ea24571-2779-49b2-a258-d9a7c63f4ea2
    [status] => running
)

[2026-01-16 04:43:12] [14 MB] [chunked_processor] Transient save result
    DATA: Array
(
    [option_name] => speed_backups_job_9ea24571-2779-49b2-a258-d9a7c63f4ea2
    [success] => YES
)

[2026-01-16 04:43:12] [14 MB] [chunked_processor] Option save result
    DATA: Array
(
    [option_name] => speed_backups_job_9ea24571-2779-49b2-a258-d9a7c63f4ea2
    [success] => YES
)

[2026-01-16 04:43:12] [14 MB] [chunked_processor] Save verification (direct DB)
    DATA: Array
(
    [verified] => YES
)

[2026-01-16 04:43:12] [14 MB] [chunked_processor] get_job called
    DATA: Array
(
    [job_id] => 9ea24571-2779-49b2-a258-d9a7c63f4ea2
)

[2026-01-16 04:43:12] [14 MB] [chunked_processor] Transient lookup result
    DATA: Array
(
    [option_name] => speed_backups_job_9ea24571-2779-49b2-a258-d9a7c63f4ea2
    [found] => YES
)

[2026-01-16 04:43:12] [14 MB] [chunked_processor] Job retrieved successfully
    DATA: Array
(
    [status] => running
    [type] => restore
)

[2026-01-16 04:43:12] [14 MB] [chunked_processor] save_job called
    DATA: Array
(
    [job_id] => 9ea24571-2779-49b2-a258-d9a7c63f4ea2
    [status] => running
)

[2026-01-16 04:43:12] [14 MB] [chunked_processor] Transient save result
    DATA: Array
(
    [option_name] => speed_backups_job_9ea24571-2779-49b2-a258-d9a7c63f4ea2
    [success] => YES
)

[2026-01-16 04:43:12] [14 MB] [chunked_processor] Option save result
    DATA: Array
(
    [option_name] => speed_backups_job_9ea24571-2779-49b2-a258-d9a7c63f4ea2
    [success] => YES
)

[2026-01-16 04:43:12] [14 MB] [chunked_processor] Save verification (direct DB)
    DATA: Array
(
    [verified] => YES
)

[2026-01-16 04:43:12] [14 MB] [chunked_processor] get_job called
    DATA: Array
(
    [job_id] => 9ea24571-2779-49b2-a258-d9a7c63f4ea2
)

[2026-01-16 04:43:12] [14 MB] [chunked_processor] Transient lookup result
    DATA: Array
(
    [option_name] => speed_backups_job_9ea24571-2779-49b2-a258-d9a7c63f4ea2
    [found] => YES
)

[2026-01-16 04:43:12] [14 MB] [chunked_processor] Job retrieved successfully
    DATA: Array
(
    [status] => running
    [type] => restore
)

[2026-01-16 04:43:12] [14 MB] [chunked_processor] get_job called
    DATA: Array
(
    [job_id] => 9ea24571-2779-49b2-a258-d9a7c63f4ea2
)

[2026-01-16 04:43:12] [14 MB] [chunked_processor] Transient lookup result
    DATA: Array
(
    [option_name] => speed_backups_job_9ea24571-2779-49b2-a258-d9a7c63f4ea2
    [found] => YES
)

[2026-01-16 04:43:12] [14 MB] [chunked_processor] Job retrieved successfully
    DATA: Array
(
    [status] => running
    [type] => restore
)

[2026-01-16 04:43:12] [14 MB] [ERROR_HANDLER] PHP error handlers registered
[2026-01-16 04:43:13] [14 MB] [FUNCTION] >>> ENTER: process_chunk
    DATA: Array
(
    [0] => job_id
)

[2026-01-16 04:43:13] [14 MB] [chunked_processor] get_job called
    DATA: Array
(
    [job_id] => 9ea24571-2779-49b2-a258-d9a7c63f4ea2
)

[2026-01-16 04:43:13] [14 MB] [chunked_processor] Transient lookup result
    DATA: Array
(
    [option_name] => speed_backups_job_9ea24571-2779-49b2-a258-d9a7c63f4ea2
    [found] => YES
)

[2026-01-16 04:43:13] [14 MB] [chunked_processor] Job retrieved successfully
    DATA: Array
(
    [status] => running
    [type] => restore
)

[2026-01-16 04:43:13] [14 MB] [JOB_STATE] Job 9ea24571-2779-49b2-a258-d9a7c63f4ea2 state
    DATA: Array
(
    [status] => running
    [type] => restore
    [phase] => extract
    [progress] => 14.245014245014
)

[2026-01-16 04:43:13] [14 MB] [chunked_processor] get_job called
    DATA: Array
(
    [job_id] => 9ea24571-2779-49b2-a258-d9a7c63f4ea2
)

[2026-01-16 04:43:13] [14 MB] [chunked_processor] Transient lookup result
    DATA: Array
(
    [option_name] => speed_backups_job_9ea24571-2779-49b2-a258-d9a7c63f4ea2
    [found] => YES
)

[2026-01-16 04:43:13] [14 MB] [chunked_processor] Job retrieved successfully
    DATA: Array
(
    [status] => running
    [type] => restore
)

[2026-01-16 04:43:13] [14 MB] [chunked_processor] get_job called
    DATA: Array
(
    [job_id] => 9ea24571-2779-49b2-a258-d9a7c63f4ea2
)

[2026-01-16 04:43:13] [14 MB] [chunked_processor] Transient lookup result
    DATA: Array
(
    [option_name] => speed_backups_job_9ea24571-2779-49b2-a258-d9a7c63f4ea2
    [found] => YES
)

[2026-01-16 04:43:13] [14 MB] [chunked_processor] Job retrieved successfully
    DATA: Array
(
    [status] => running
    [type] => restore
)

[2026-01-16 04:43:13] [14 MB] [chunked_processor] save_job called
    DATA: Array
(
    [job_id] => 9ea24571-2779-49b2-a258-d9a7c63f4ea2
    [status] => running
)

[2026-01-16 04:43:13] [14 MB] [chunked_processor] Transient save result
    DATA: Array
(
    [option_name] => speed_backups_job_9ea24571-2779-49b2-a258-d9a7c63f4ea2
    [success] => YES
)

[2026-01-16 04:43:13] [14 MB] [chunked_processor] Option save result
    DATA: Array
(
    [option_name] => speed_backups_job_9ea24571-2779-49b2-a258-d9a7c63f4ea2
    [success] => YES
)

[2026-01-16 04:43:13] [14 MB] [chunked_processor] Save verification (direct DB)
    DATA: Array
(
    [verified] => YES
)

[2026-01-16 04:43:13] [14 MB] [chunked_processor] get_job called
    DATA: Array
(
    [job_id] => 9ea24571-2779-49b2-a258-d9a7c63f4ea2
)

[2026-01-16 04:43:13] [14 MB] [chunked_processor] Transient lookup result
    DATA: Array
(
    [option_name] => speed_backups_job_9ea24571-2779-49b2-a258-d9a7c63f4ea2
    [found] => YES
)

[2026-01-16 04:43:13] [14 MB] [chunked_processor] Job retrieved successfully
    DATA: Array
(
    [status] => running
    [type] => restore
)

[2026-01-16 04:43:13] [14 MB] [chunked_processor] save_job called
    DATA: Array
(
    [job_id] => 9ea24571-2779-49b2-a258-d9a7c63f4ea2
    [status] => running
)

[2026-01-16 04:43:13] [14 MB] [chunked_processor] Transient save result
    DATA: Array
(
    [option_name] => speed_backups_job_9ea24571-2779-49b2-a258-d9a7c63f4ea2
    [success] => YES
)

[2026-01-16 04:43:13] [14 MB] [chunked_processor] Option save result
    DATA: Array
(
    [option_name] => speed_backups_job_9ea24571-2779-49b2-a258-d9a7c63f4ea2
    [success] => YES
)

[2026-01-16 04:43:13] [14 MB] [chunked_processor] Save verification (direct DB)
    DATA: Array
(
    [verified] => YES
)

[2026-01-16 04:43:13] [14 MB] [chunked_processor] get_job called
    DATA: Array
(
    [job_id] => 9ea24571-2779-49b2-a258-d9a7c63f4ea2
)

[2026-01-16 04:43:13] [14 MB] [chunked_processor] Transient lookup result
    DATA: Array
(
    [option_name] => speed_backups_job_9ea24571-2779-49b2-a258-d9a7c63f4ea2
    [found] => YES
)

[2026-01-16 04:43:13] [14 MB] [chunked_processor] Job retrieved successfully
    DATA: Array
(
    [status] => running
    [type] => restore
)

[2026-01-16 04:43:13] [14 MB] [chunked_processor] get_job called
    DATA: Array
(
    [job_id] => 9ea24571-2779-49b2-a258-d9a7c63f4ea2
)

[2026-01-16 04:43:13] [14 MB] [chunked_processor] Transient lookup result
    DATA: Array
(
    [option_name] => speed_backups_job_9ea24571-2779-49b2-a258-d9a7c63f4ea2
    [found] => YES
)

[2026-01-16 04:43:13] [14 MB] [chunked_processor] Job retrieved successfully
    DATA: Array
(
    [status] => running
    [type] => restore
)

[2026-01-16 04:43:13] [14 MB] [ERROR_HANDLER] PHP error handlers registered
[2026-01-16 04:43:13] [14 MB] [FUNCTION] >>> ENTER: process_chunk
    DATA: Array
(
    [0] => job_id
)

[2026-01-16 04:43:13] [14 MB] [chunked_processor] get_job called
    DATA: Array
(
    [job_id] => 9ea24571-2779-49b2-a258-d9a7c63f4ea2
)

[2026-01-16 04:43:13] [14 MB] [chunked_processor] Transient lookup result
    DATA: Array
(
    [option_name] => speed_backups_job_9ea24571-2779-49b2-a258-d9a7c63f4ea2
    [found] => YES
)

[2026-01-16 04:43:13] [14 MB] [chunked_processor] Job retrieved successfully
    DATA: Array
(
    [status] => running
    [type] => restore
)

[2026-01-16 04:43:13] [14 MB] [JOB_STATE] Job 9ea24571-2779-49b2-a258-d9a7c63f4ea2 state
    DATA: Array
(
    [status] => running
    [type] => restore
    [phase] => extract
    [progress] => 15.540015540016
)

[2026-01-16 04:43:13] [14 MB] [chunked_processor] get_job called
    DATA: Array
(
    [job_id] => 9ea24571-2779-49b2-a258-d9a7c63f4ea2
)

[2026-01-16 04:43:13] [14 MB] [chunked_processor] Transient lookup result
    DATA: Array
(
    [option_name] => speed_backups_job_9ea24571-2779-49b2-a258-d9a7c63f4ea2
    [found] => YES
)

[2026-01-16 04:43:13] [14 MB] [chunked_processor] Job retrieved successfully
    DATA: Array
(
    [status] => running
    [type] => restore
)

[2026-01-16 04:43:13] [14 MB] [chunked_processor] get_job called
    DATA: Array
(
    [job_id] => 9ea24571-2779-49b2-a258-d9a7c63f4ea2
)

[2026-01-16 04:43:13] [14 MB] [chunked_processor] Transient lookup result
    DATA: Array
(
    [option_name] => speed_backups_job_9ea24571-2779-49b2-a258-d9a7c63f4ea2
    [found] => YES
)

[2026-01-16 04:43:13] [14 MB] [chunked_processor] Job retrieved successfully
    DATA: Array
(
    [status] => running
    [type] => restore
)

[2026-01-16 04:43:13] [14 MB] [chunked_processor] save_job called
    DATA: Array
(
    [job_id] => 9ea24571-2779-49b2-a258-d9a7c63f4ea2
    [status] => running
)

[2026-01-16 04:43:13] [14 MB] [chunked_processor] Transient save result
    DATA: Array
(
    [option_name] => speed_backups_job_9ea24571-2779-49b2-a258-d9a7c63f4ea2
    [success] => YES
)

[2026-01-16 04:43:13] [14 MB] [chunked_processor] Option save result
    DATA: Array
(
    [option_name] => speed_backups_job_9ea24571-2779-49b2-a258-d9a7c63f4ea2
    [success] => YES
)

[2026-01-16 04:43:13] [14 MB] [chunked_processor] Save verification (direct DB)
    DATA: Array
(
    [verified] => YES
)

[2026-01-16 04:43:13] [14 MB] [chunked_processor] get_job called
    DATA: Array
(
    [job_id] => 9ea24571-2779-49b2-a258-d9a7c63f4ea2
)

[2026-01-16 04:43:13] [14 MB] [chunked_processor] Transient lookup result
    DATA: Array
(
    [option_name] => speed_backups_job_9ea24571-2779-49b2-a258-d9a7c63f4ea2
    [found] => YES
)

[2026-01-16 04:43:13] [14 MB] [chunked_processor] Job retrieved successfully
    DATA: Array
(
    [status] => running
    [type] => restore
)

[2026-01-16 04:43:13] [14 MB] [chunked_processor] save_job called
    DATA: Array
(
    [job_id] => 9ea24571-2779-49b2-a258-d9a7c63f4ea2
    [status] => running
)

[2026-01-16 04:43:13] [14 MB] [chunked_processor] Transient save result
    DATA: Array
(
    [option_name] => speed_backups_job_9ea24571-2779-49b2-a258-d9a7c63f4ea2
    [success] => YES
)

[2026-01-16 04:43:13] [14 MB] [chunked_processor] Option save result
    DATA: Array
(
    [option_name] => speed_backups_job_9ea24571-2779-49b2-a258-d9a7c63f4ea2
    [success] => YES
)

[2026-01-16 04:43:13] [14 MB] [chunked_processor] Save verification (direct DB)
    DATA: Array
(
    [verified] => YES
)

[2026-01-16 04:43:13] [14 MB] [chunked_processor] get_job called
    DATA: Array
(
    [job_id] => 9ea24571-2779-49b2-a258-d9a7c63f4ea2
)

[2026-01-16 04:43:13] [14 MB] [chunked_processor] Transient lookup result
    DATA: Array
(
    [option_name] => speed_backups_job_9ea24571-2779-49b2-a258-d9a7c63f4ea2
    [found] => YES
)

[2026-01-16 04:43:13] [14 MB] [chunked_processor] Job retrieved successfully
    DATA: Array
(
    [status] => running
    [type] => restore
)

[2026-01-16 04:43:13] [14 MB] [chunked_processor] get_job called
    DATA: Array
(
    [job_id] => 9ea24571-2779-49b2-a258-d9a7c63f4ea2
)

[2026-01-16 04:43:13] [14 MB] [chunked_processor] Transient lookup result
    DATA: Array
(
    [option_name] => speed_backups_job_9ea24571-2779-49b2-a258-d9a7c63f4ea2
    [found] => YES
)

[2026-01-16 04:43:13] [14 MB] [chunked_processor] Job retrieved successfully
    DATA: Array
(
    [status] => running
    [type] => restore
)

[2026-01-16 04:43:13] [14 MB] [ERROR_HANDLER] PHP error handlers registered
[2026-01-16 04:43:14] [14 MB] [FUNCTION] >>> ENTER: process_chunk
    DATA: Array
(
    [0] => job_id
)

[2026-01-16 04:43:14] [14 MB] [chunked_processor] get_job called
    DATA: Array
(
    [job_id] => 9ea24571-2779-49b2-a258-d9a7c63f4ea2
)

[2026-01-16 04:43:14] [14 MB] [chunked_processor] Transient lookup result
    DATA: Array
(
    [option_name] => speed_backups_job_9ea24571-2779-49b2-a258-d9a7c63f4ea2
    [found] => YES
)

[2026-01-16 04:43:14] [14 MB] [chunked_processor] Job retrieved successfully
    DATA: Array
(
    [status] => running
    [type] => restore
)

[2026-01-16 04:43:14] [14 MB] [JOB_STATE] Job 9ea24571-2779-49b2-a258-d9a7c63f4ea2 state
    DATA: Array
(
    [status] => running
    [type] => restore
    [phase] => extract
    [progress] => 16.835016835017
)

[2026-01-16 04:43:14] [14 MB] [chunked_processor] get_job called
    DATA: Array
(
    [job_id] => 9ea24571-2779-49b2-a258-d9a7c63f4ea2
)

[2026-01-16 04:43:14] [14 MB] [chunked_processor] Transient lookup result
    DATA: Array
(
    [option_name] => speed_backups_job_9ea24571-2779-49b2-a258-d9a7c63f4ea2
    [found] => YES
)

[2026-01-16 04:43:14] [14 MB] [chunked_processor] Job retrieved successfully
    DATA: Array
(
    [status] => running
    [type] => restore
)

[2026-01-16 04:43:14] [14 MB] [chunked_processor] get_job called
    DATA: Array
(
    [job_id] => 9ea24571-2779-49b2-a258-d9a7c63f4ea2
)

[2026-01-16 04:43:14] [14 MB] [chunked_processor] Transient lookup result
    DATA: Array
(
    [option_name] => speed_backups_job_9ea24571-2779-49b2-a258-d9a7c63f4ea2
    [found] => YES
)

[2026-01-16 04:43:14] [14 MB] [chunked_processor] Job retrieved successfully
    DATA: Array
(
    [status] => running
    [type] => restore
)

[2026-01-16 04:43:14] [14 MB] [chunked_processor] save_job called
    DATA: Array
(
    [job_id] => 9ea24571-2779-49b2-a258-d9a7c63f4ea2
    [status] => running
)

[2026-01-16 04:43:14] [14 MB] [chunked_processor] Transient save result
    DATA: Array
(
    [option_name] => speed_backups_job_9ea24571-2779-49b2-a258-d9a7c63f4ea2
    [success] => YES
)

[2026-01-16 04:43:14] [14 MB] [chunked_processor] Option save result
    DATA: Array
(
    [option_name] => speed_backups_job_9ea24571-2779-49b2-a258-d9a7c63f4ea2
    [success] => YES
)

[2026-01-16 04:43:14] [14 MB] [chunked_processor] Save verification (direct DB)
    DATA: Array
(
    [verified] => YES
)

[2026-01-16 04:43:14] [14 MB] [chunked_processor] get_job called
    DATA: Array
(
    [job_id] => 9ea24571-2779-49b2-a258-d9a7c63f4ea2
)

[2026-01-16 04:43:14] [14 MB] [chunked_processor] Transient lookup result
    DATA: Array
(
    [option_name] => speed_backups_job_9ea24571-2779-49b2-a258-d9a7c63f4ea2
    [found] => YES
)

[2026-01-16 04:43:14] [14 MB] [chunked_processor] Job retrieved successfully
    DATA: Array
(
    [status] => running
    [type] => restore
)

[2026-01-16 04:43:14] [14 MB] [chunked_processor] save_job called
    DATA: Array
(
    [job_id] => 9ea24571-2779-49b2-a258-d9a7c63f4ea2
    [status] => running
)

[2026-01-16 04:43:14] [14 MB] [chunked_processor] Transient save result
    DATA: Array
(
    [option_name] => speed_backups_job_9ea24571-2779-49b2-a258-d9a7c63f4ea2
    [success] => YES
)

[2026-01-16 04:43:14] [14 MB] [chunked_processor] Option save result
    DATA: Array
(
    [option_name] => speed_backups_job_9ea24571-2779-49b2-a258-d9a7c63f4ea2
    [success] => YES
)

[2026-01-16 04:43:14] [14 MB] [chunked_processor] Save verification (direct DB)
    DATA: Array
(
    [verified] => YES
)

[2026-01-16 04:43:14] [14 MB] [chunked_processor] get_job called
    DATA: Array
(
    [job_id] => 9ea24571-2779-49b2-a258-d9a7c63f4ea2
)

[2026-01-16 04:43:14] [14 MB] [chunked_processor] Transient lookup result
    DATA: Array
(
    [option_name] => speed_backups_job_9ea24571-2779-49b2-a258-d9a7c63f4ea2
    [found] => YES
)

[2026-01-16 04:43:14] [14 MB] [chunked_processor] Job retrieved successfully
    DATA: Array
(
    [status] => running
    [type] => restore
)

[2026-01-16 04:43:14] [14 MB] [chunked_processor] get_job called
    DATA: Array
(
    [job_id] => 9ea24571-2779-49b2-a258-d9a7c63f4ea2
)

[2026-01-16 04:43:14] [14 MB] [chunked_processor] Transient lookup result
    DATA: Array
(
    [option_name] => speed_backups_job_9ea24571-2779-49b2-a258-d9a7c63f4ea2
    [found] => YES
)

[2026-01-16 04:43:14] [14 MB] [chunked_processor] Job retrieved successfully
    DATA: Array
(
    [status] => running
    [type] => restore
)

[2026-01-16 04:43:14] [14 MB] [ERROR_HANDLER] PHP error handlers registered
[2026-01-16 04:43:14] [14 MB] [FUNCTION] >>> ENTER: process_chunk
    DATA: Array
(
    [0] => job_id
)

[2026-01-16 04:43:14] [14 MB] [chunked_processor] get_job called
    DATA: Array
(
    [job_id] => 9ea24571-2779-49b2-a258-d9a7c63f4ea2
)

[2026-01-16 04:43:14] [14 MB] [chunked_processor] Transient lookup result
    DATA: Array
(
    [option_name] => speed_backups_job_9ea24571-2779-49b2-a258-d9a7c63f4ea2
    [found] => YES
)

[2026-01-16 04:43:14] [14 MB] [chunked_processor] Job retrieved successfully
    DATA: Array
(
    [status] => running
    [type] => restore
)

[2026-01-16 04:43:14] [14 MB] [JOB_STATE] Job 9ea24571-2779-49b2-a258-d9a7c63f4ea2 state
    DATA: Array
(
    [status] => running
    [type] => restore
    [phase] => extract
    [progress] => 18.130018130018
)

[2026-01-16 04:43:14] [14 MB] [chunked_processor] get_job called
    DATA: Array
(
    [job_id] => 9ea24571-2779-49b2-a258-d9a7c63f4ea2
)

[2026-01-16 04:43:14] [14 MB] [chunked_processor] Transient lookup result
    DATA: Array
(
    [option_name] => speed_backups_job_9ea24571-2779-49b2-a258-d9a7c63f4ea2
    [found] => YES
)

[2026-01-16 04:43:14] [14 MB] [chunked_processor] Job retrieved successfully
    DATA: Array
(
    [status] => running
    [type] => restore
)

[2026-01-16 04:43:14] [14 MB] [chunked_processor] get_job called
    DATA: Array
(
    [job_id] => 9ea24571-2779-49b2-a258-d9a7c63f4ea2
)

[2026-01-16 04:43:14] [14 MB] [chunked_processor] Transient lookup result
    DATA: Array
(
    [option_name] => speed_backups_job_9ea24571-2779-49b2-a258-d9a7c63f4ea2
    [found] => YES
)

[2026-01-16 04:43:14] [14 MB] [chunked_processor] Job retrieved successfully
    DATA: Array
(
    [status] => running
    [type] => restore
)

[2026-01-16 04:43:14] [14 MB] [chunked_processor] save_job called
    DATA: Array
(
    [job_id] => 9ea24571-2779-49b2-a258-d9a7c63f4ea2
    [status] => running
)

[2026-01-16 04:43:14] [14 MB] [chunked_processor] Transient save result
    DATA: Array
(
    [option_name] => speed_backups_job_9ea24571-2779-49b2-a258-d9a7c63f4ea2
    [success] => YES
)

[2026-01-16 04:43:14] [14 MB] [chunked_processor] Option save result
    DATA: Array
(
    [option_name] => speed_backups_job_9ea24571-2779-49b2-a258-d9a7c63f4ea2
    [success] => YES
)

[2026-01-16 04:43:14] [14 MB] [chunked_processor] Save verification (direct DB)
    DATA: Array
(
    [verified] => YES
)

[2026-01-16 04:43:14] [14 MB] [chunked_processor] get_job called
    DATA: Array
(
    [job_id] => 9ea24571-2779-49b2-a258-d9a7c63f4ea2
)

[2026-01-16 04:43:14] [14 MB] [chunked_processor] Transient lookup result
    DATA: Array
(
    [option_name] => speed_backups_job_9ea24571-2779-49b2-a258-d9a7c63f4ea2
    [found] => YES
)

[2026-01-16 04:43:14] [14 MB] [chunked_processor] Job retrieved successfully
    DATA: Array
(
    [status] => running
    [type] => restore
)

[2026-01-16 04:43:14] [14 MB] [chunked_processor] save_job called
    DATA: Array
(
    [job_id] => 9ea24571-2779-49b2-a258-d9a7c63f4ea2
    [status] => running
)

[2026-01-16 04:43:14] [14 MB] [chunked_processor] Transient save result
    DATA: Array
(
    [option_name] => speed_backups_job_9ea24571-2779-49b2-a258-d9a7c63f4ea2
    [success] => YES
)

[2026-01-16 04:43:14] [14 MB] [chunked_processor] Option save result
    DATA: Array
(
    [option_name] => speed_backups_job_9ea24571-2779-49b2-a258-d9a7c63f4ea2
    [success] => YES
)

[2026-01-16 04:43:14] [14 MB] [chunked_processor] Save verification (direct DB)
    DATA: Array
(
    [verified] => YES
)

[2026-01-16 04:43:14] [14 MB] [chunked_processor] get_job called
    DATA: Array
(
    [job_id] => 9ea24571-2779-49b2-a258-d9a7c63f4ea2
)

[2026-01-16 04:43:14] [14 MB] [chunked_processor] Transient lookup result
    DATA: Array
(
    [option_name] => speed_backups_job_9ea24571-2779-49b2-a258-d9a7c63f4ea2
    [found] => YES
)

[2026-01-16 04:43:14] [14 MB] [chunked_processor] Job retrieved successfully
    DATA: Array
(
    [status] => running
    [type] => restore
)

[2026-01-16 04:43:14] [14 MB] [chunked_processor] get_job called
    DATA: Array
(
    [job_id] => 9ea24571-2779-49b2-a258-d9a7c63f4ea2
)

[2026-01-16 04:43:14] [14 MB] [chunked_processor] Transient lookup result
    DATA: Array
(
    [option_name] => speed_backups_job_9ea24571-2779-49b2-a258-d9a7c63f4ea2
    [found] => YES
)

[2026-01-16 04:43:14] [14 MB] [chunked_processor] Job retrieved successfully
    DATA: Array
(
    [status] => running
    [type] => restore
)

[2026-01-16 04:43:15] [14 MB] [ERROR_HANDLER] PHP error handlers registered
[2026-01-16 04:43:15] [14 MB] [FUNCTION] >>> ENTER: process_chunk
    DATA: Array
(
    [0] => job_id
)

[2026-01-16 04:43:15] [14 MB] [chunked_processor] get_job called
    DATA: Array
(
    [job_id] => 9ea24571-2779-49b2-a258-d9a7c63f4ea2
)

[2026-01-16 04:43:15] [14 MB] [chunked_processor] Transient lookup result
    DATA: Array
(
    [option_name] => speed_backups_job_9ea24571-2779-49b2-a258-d9a7c63f4ea2
    [found] => YES
)

[2026-01-16 04:43:15] [14 MB] [chunked_processor] Job retrieved successfully
    DATA: Array
(
    [status] => running
    [type] => restore
)

[2026-01-16 04:43:15] [14 MB] [JOB_STATE] Job 9ea24571-2779-49b2-a258-d9a7c63f4ea2 state
    DATA: Array
(
    [status] => running
    [type] => restore
    [phase] => extract
    [progress] => 19.425019425019
)

[2026-01-16 04:43:15] [14 MB] [chunked_processor] get_job called
    DATA: Array
(
    [job_id] => 9ea24571-2779-49b2-a258-d9a7c63f4ea2
)

[2026-01-16 04:43:15] [14 MB] [chunked_processor] Transient lookup result
    DATA: Array
(
    [option_name] => speed_backups_job_9ea24571-2779-49b2-a258-d9a7c63f4ea2
    [found] => YES
)

[2026-01-16 04:43:15] [14 MB] [chunked_processor] Job retrieved successfully
    DATA: Array
(
    [status] => running
    [type] => restore
)

[2026-01-16 04:43:15] [14 MB] [chunked_processor] get_job called
    DATA: Array
(
    [job_id] => 9ea24571-2779-49b2-a258-d9a7c63f4ea2
)

[2026-01-16 04:43:15] [14 MB] [chunked_processor] Transient lookup result
    DATA: Array
(
    [option_name] => speed_backups_job_9ea24571-2779-49b2-a258-d9a7c63f4ea2
    [found] => YES
)

[2026-01-16 04:43:15] [14 MB] [chunked_processor] Job retrieved successfully
    DATA: Array
(
    [status] => running
    [type] => restore
)

[2026-01-16 04:43:15] [14 MB] [chunked_processor] save_job called
    DATA: Array
(
    [job_id] => 9ea24571-2779-49b2-a258-d9a7c63f4ea2
    [status] => running
)

[2026-01-16 04:43:15] [14 MB] [chunked_processor] Transient save result
    DATA: Array
(
    [option_name] => speed_backups_job_9ea24571-2779-49b2-a258-d9a7c63f4ea2
    [success] => YES
)

[2026-01-16 04:43:15] [14 MB] [chunked_processor] Option save result
    DATA: Array
(
    [option_name] => speed_backups_job_9ea24571-2779-49b2-a258-d9a7c63f4ea2
    [success] => YES
)

[2026-01-16 04:43:15] [14 MB] [chunked_processor] Save verification (direct DB)
    DATA: Array
(
    [verified] => YES
)

[2026-01-16 04:43:15] [14 MB] [chunked_processor] get_job called
    DATA: Array
(
    [job_id] => 9ea24571-2779-49b2-a258-d9a7c63f4ea2
)

[2026-01-16 04:43:15] [14 MB] [chunked_processor] Transient lookup result
    DATA: Array
(
    [option_name] => speed_backups_job_9ea24571-2779-49b2-a258-d9a7c63f4ea2
    [found] => YES
)

[2026-01-16 04:43:15] [14 MB] [chunked_processor] Job retrieved successfully
    DATA: Array
(
    [status] => running
    [type] => restore
)

[2026-01-16 04:43:15] [14 MB] [chunked_processor] save_job called
    DATA: Array
(
    [job_id] => 9ea24571-2779-49b2-a258-d9a7c63f4ea2
    [status] => running
)

[2026-01-16 04:43:15] [14 MB] [chunked_processor] Transient save result
    DATA: Array
(
    [option_name] => speed_backups_job_9ea24571-2779-49b2-a258-d9a7c63f4ea2
    [success] => YES
)

[2026-01-16 04:43:15] [14 MB] [chunked_processor] Option save result
    DATA: Array
(
    [option_name] => speed_backups_job_9ea24571-2779-49b2-a258-d9a7c63f4ea2
    [success] => YES
)

[2026-01-16 04:43:15] [14 MB] [chunked_processor] Save verification (direct DB)
    DATA: Array
(
    [verified] => YES
)

[2026-01-16 04:43:15] [14 MB] [chunked_processor] get_job called
    DATA: Array
(
    [job_id] => 9ea24571-2779-49b2-a258-d9a7c63f4ea2
)

[2026-01-16 04:43:15] [14 MB] [chunked_processor] Transient lookup result
    DATA: Array
(
    [option_name] => speed_backups_job_9ea24571-2779-49b2-a258-d9a7c63f4ea2
    [found] => YES
)

[2026-01-16 04:43:15] [14 MB] [chunked_processor] Job retrieved successfully
    DATA: Array
(
    [status] => running
    [type] => restore
)

[2026-01-16 04:43:15] [14 MB] [chunked_processor] get_job called
    DATA: Array
(
    [job_id] => 9ea24571-2779-49b2-a258-d9a7c63f4ea2
)

[2026-01-16 04:43:15] [14 MB] [chunked_processor] Transient lookup result
    DATA: Array
(
    [option_name] => speed_backups_job_9ea24571-2779-49b2-a258-d9a7c63f4ea2
    [found] => YES
)

[2026-01-16 04:43:15] [14 MB] [chunked_processor] Job retrieved successfully
    DATA: Array
(
    [status] => running
    [type] => restore
)

[2026-01-16 04:43:15] [14 MB] [ERROR_HANDLER] PHP error handlers registered
[2026-01-16 04:43:15] [14 MB] [FUNCTION] >>> ENTER: process_chunk
    DATA: Array
(
    [0] => job_id
)

[2026-01-16 04:43:15] [14 MB] [chunked_processor] get_job called
    DATA: Array
(
    [job_id] => 9ea24571-2779-49b2-a258-d9a7c63f4ea2
)

[2026-01-16 04:43:15] [14 MB] [chunked_processor] Transient lookup result
    DATA: Array
(
    [option_name] => speed_backups_job_9ea24571-2779-49b2-a258-d9a7c63f4ea2
    [found] => YES
)

[2026-01-16 04:43:15] [14 MB] [chunked_processor] Job retrieved successfully
    DATA: Array
(
    [status] => running
    [type] => restore
)

[2026-01-16 04:43:15] [14 MB] [JOB_STATE] Job 9ea24571-2779-49b2-a258-d9a7c63f4ea2 state
    DATA: Array
(
    [status] => running
    [type] => restore
    [phase] => extract
    [progress] => 20.720020720021
)

[2026-01-16 04:43:15] [14 MB] [chunked_processor] get_job called
    DATA: Array
(
    [job_id] => 9ea24571-2779-49b2-a258-d9a7c63f4ea2
)

[2026-01-16 04:43:15] [14 MB] [chunked_processor] Transient lookup result
    DATA: Array
(
    [option_name] => speed_backups_job_9ea24571-2779-49b2-a258-d9a7c63f4ea2
    [found] => YES
)

[2026-01-16 04:43:15] [14 MB] [chunked_processor] Job retrieved successfully
    DATA: Array
(
    [status] => running
    [type] => restore
)

[2026-01-16 04:43:15] [14 MB] [chunked_processor] get_job called
    DATA: Array
(
    [job_id] => 9ea24571-2779-49b2-a258-d9a7c63f4ea2
)

[2026-01-16 04:43:15] [14 MB] [chunked_processor] Transient lookup result
    DATA: Array
(
    [option_name] => speed_backups_job_9ea24571-2779-49b2-a258-d9a7c63f4ea2
    [found] => YES
)

[2026-01-16 04:43:15] [14 MB] [chunked_processor] Job retrieved successfully
    DATA: Array
(
    [status] => running
    [type] => restore
)

[2026-01-16 04:43:15] [14 MB] [chunked_processor] save_job called
    DATA: Array
(
    [job_id] => 9ea24571-2779-49b2-a258-d9a7c63f4ea2
    [status] => running
)

[2026-01-16 04:43:15] [14 MB] [chunked_processor] Transient save result
    DATA: Array
(
    [option_name] => speed_backups_job_9ea24571-2779-49b2-a258-d9a7c63f4ea2
    [success] => YES
)

[2026-01-16 04:43:15] [14 MB] [chunked_processor] Option save result
    DATA: Array
(
    [option_name] => speed_backups_job_9ea24571-2779-49b2-a258-d9a7c63f4ea2
    [success] => YES
)

[2026-01-16 04:43:15] [14 MB] [chunked_processor] Save verification (direct DB)
    DATA: Array
(
    [verified] => YES
)

[2026-01-16 04:43:15] [14 MB] [chunked_processor] get_job called
    DATA: Array
(
    [job_id] => 9ea24571-2779-49b2-a258-d9a7c63f4ea2
)

[2026-01-16 04:43:15] [14 MB] [chunked_processor] Transient lookup result
    DATA: Array
(
    [option_name] => speed_backups_job_9ea24571-2779-49b2-a258-d9a7c63f4ea2
    [found] => YES
)

[2026-01-16 04:43:15] [14 MB] [chunked_processor] Job retrieved successfully
    DATA: Array
(
    [status] => running
    [type] => restore
)

[2026-01-16 04:43:15] [14 MB] [chunked_processor] save_job called
    DATA: Array
(
    [job_id] => 9ea24571-2779-49b2-a258-d9a7c63f4ea2
    [status] => running
)

[2026-01-16 04:43:15] [14 MB] [chunked_processor] Transient save result
    DATA: Array
(
    [option_name] => speed_backups_job_9ea24571-2779-49b2-a258-d9a7c63f4ea2
    [success] => YES
)

[2026-01-16 04:43:15] [14 MB] [chunked_processor] Option save result
    DATA: Array
(
    [option_name] => speed_backups_job_9ea24571-2779-49b2-a258-d9a7c63f4ea2
    [success] => YES
)

[2026-01-16 04:43:15] [14 MB] [chunked_processor] Save verification (direct DB)
    DATA: Array
(
    [verified] => YES
)

[2026-01-16 04:43:15] [14 MB] [chunked_processor] get_job called
    DATA: Array
(
    [job_id] => 9ea24571-2779-49b2-a258-d9a7c63f4ea2
)

[2026-01-16 04:43:15] [14 MB] [chunked_processor] Transient lookup result
    DATA: Array
(
    [option_name] => speed_backups_job_9ea24571-2779-49b2-a258-d9a7c63f4ea2
    [found] => YES
)

[2026-01-16 04:43:15] [14 MB] [chunked_processor] Job retrieved successfully
    DATA: Array
(
    [status] => running
    [type] => restore
)

[2026-01-16 04:43:15] [14 MB] [chunked_processor] get_job called
    DATA: Array
(
    [job_id] => 9ea24571-2779-49b2-a258-d9a7c63f4ea2
)

[2026-01-16 04:43:15] [14 MB] [chunked_processor] Transient lookup result
    DATA: Array
(
    [option_name] => speed_backups_job_9ea24571-2779-49b2-a258-d9a7c63f4ea2
    [found] => YES
)

[2026-01-16 04:43:15] [14 MB] [chunked_processor] Job retrieved successfully
    DATA: Array
(
    [status] => running
    [type] => restore
)

[2026-01-16 04:43:16] [14 MB] [ERROR_HANDLER] PHP error handlers registered
[2026-01-16 04:43:16] [14 MB] [FUNCTION] >>> ENTER: process_chunk
    DATA: Array
(
    [0] => job_id
)

[2026-01-16 04:43:16] [14 MB] [chunked_processor] get_job called
    DATA: Array
(
    [job_id] => 9ea24571-2779-49b2-a258-d9a7c63f4ea2
)

[2026-01-16 04:43:16] [14 MB] [chunked_processor] Transient lookup result
    DATA: Array
(
    [option_name] => speed_backups_job_9ea24571-2779-49b2-a258-d9a7c63f4ea2
    [found] => YES
)

[2026-01-16 04:43:16] [14 MB] [chunked_processor] Job retrieved successfully
    DATA: Array
(
    [status] => running
    [type] => restore
)

[2026-01-16 04:43:16] [14 MB] [JOB_STATE] Job 9ea24571-2779-49b2-a258-d9a7c63f4ea2 state
    DATA: Array
(
    [status] => running
    [type] => restore
    [phase] => extract
    [progress] => 22.015022015022
)

[2026-01-16 04:43:16] [14 MB] [chunked_processor] get_job called
    DATA: Array
(
    [job_id] => 9ea24571-2779-49b2-a258-d9a7c63f4ea2
)

[2026-01-16 04:43:16] [14 MB] [chunked_processor] Transient lookup result
    DATA: Array
(
    [option_name] => speed_backups_job_9ea24571-2779-49b2-a258-d9a7c63f4ea2
    [found] => YES
)

[2026-01-16 04:43:16] [14 MB] [chunked_processor] Job retrieved successfully
    DATA: Array
(
    [status] => running
    [type] => restore
)

[2026-01-16 04:43:16] [14 MB] [chunked_processor] get_job called
    DATA: Array
(
    [job_id] => 9ea24571-2779-49b2-a258-d9a7c63f4ea2
)

[2026-01-16 04:43:16] [14 MB] [chunked_processor] Transient lookup result
    DATA: Array
(
    [option_name] => speed_backups_job_9ea24571-2779-49b2-a258-d9a7c63f4ea2
    [found] => YES
)

[2026-01-16 04:43:16] [14 MB] [chunked_processor] Job retrieved successfully
    DATA: Array
(
    [status] => running
    [type] => restore
)

[2026-01-16 04:43:16] [14 MB] [chunked_processor] save_job called
    DATA: Array
(
    [job_id] => 9ea24571-2779-49b2-a258-d9a7c63f4ea2
    [status] => running
)

[2026-01-16 04:43:16] [14 MB] [chunked_processor] Transient save result
    DATA: Array
(
    [option_name] => speed_backups_job_9ea24571-2779-49b2-a258-d9a7c63f4ea2
    [success] => YES
)

[2026-01-16 04:43:16] [14 MB] [chunked_processor] Option save result
    DATA: Array
(
    [option_name] => speed_backups_job_9ea24571-2779-49b2-a258-d9a7c63f4ea2
    [success] => YES
)

[2026-01-16 04:43:16] [14 MB] [chunked_processor] Save verification (direct DB)
    DATA: Array
(
    [verified] => YES
)

[2026-01-16 04:43:16] [14 MB] [chunked_processor] get_job called
    DATA: Array
(
    [job_id] => 9ea24571-2779-49b2-a258-d9a7c63f4ea2
)

[2026-01-16 04:43:16] [14 MB] [chunked_processor] Transient lookup result
    DATA: Array
(
    [option_name] => speed_backups_job_9ea24571-2779-49b2-a258-d9a7c63f4ea2
    [found] => YES
)

[2026-01-16 04:43:16] [14 MB] [chunked_processor] Job retrieved successfully
    DATA: Array
(
    [status] => running
    [type] => restore
)

[2026-01-16 04:43:16] [14 MB] [chunked_processor] save_job called
    DATA: Array
(
    [job_id] => 9ea24571-2779-49b2-a258-d9a7c63f4ea2
    [status] => running
)

[2026-01-16 04:43:16] [14 MB] [chunked_processor] Transient save result
    DATA: Array
(
    [option_name] => speed_backups_job_9ea24571-2779-49b2-a258-d9a7c63f4ea2
    [success] => YES
)

[2026-01-16 04:43:16] [14 MB] [chunked_processor] Option save result
    DATA: Array
(
    [option_name] => speed_backups_job_9ea24571-2779-49b2-a258-d9a7c63f4ea2
    [success] => YES
)

[2026-01-16 04:43:16] [14 MB] [chunked_processor] Save verification (direct DB)
    DATA: Array
(
    [verified] => YES
)

[2026-01-16 04:43:16] [14 MB] [chunked_processor] get_job called
    DATA: Array
(
    [job_id] => 9ea24571-2779-49b2-a258-d9a7c63f4ea2
)

[2026-01-16 04:43:16] [14 MB] [chunked_processor] Transient lookup result
    DATA: Array
(
    [option_name] => speed_backups_job_9ea24571-2779-49b2-a258-d9a7c63f4ea2
    [found] => YES
)

[2026-01-16 04:43:16] [14 MB] [chunked_processor] Job retrieved successfully
    DATA: Array
(
    [status] => running
    [type] => restore
)

[2026-01-16 04:43:16] [14 MB] [chunked_processor] get_job called
    DATA: Array
(
    [job_id] => 9ea24571-2779-49b2-a258-d9a7c63f4ea2
)

[2026-01-16 04:43:16] [14 MB] [chunked_processor] Transient lookup result
    DATA: Array
(
    [option_name] => speed_backups_job_9ea24571-2779-49b2-a258-d9a7c63f4ea2
    [found] => YES
)

[2026-01-16 04:43:16] [14 MB] [chunked_processor] Job retrieved successfully
    DATA: Array
(
    [status] => running
    [type] => restore
)

[2026-01-16 04:43:16] [14 MB] [ERROR_HANDLER] PHP error handlers registered
[2026-01-16 04:43:16] [14 MB] [FUNCTION] >>> ENTER: process_chunk
    DATA: Array
(
    [0] => job_id
)

[2026-01-16 04:43:16] [14 MB] [chunked_processor] get_job called
    DATA: Array
(
    [job_id] => 9ea24571-2779-49b2-a258-d9a7c63f4ea2
)

[2026-01-16 04:43:16] [14 MB] [chunked_processor] Transient lookup result
    DATA: Array
(
    [option_name] => speed_backups_job_9ea24571-2779-49b2-a258-d9a7c63f4ea2
    [found] => YES
)

[2026-01-16 04:43:16] [14 MB] [chunked_processor] Job retrieved successfully
    DATA: Array
(
    [status] => running
    [type] => restore
)

[2026-01-16 04:43:16] [14 MB] [JOB_STATE] Job 9ea24571-2779-49b2-a258-d9a7c63f4ea2 state
    DATA: Array
(
    [status] => running
    [type] => restore
    [phase] => extract
    [progress] => 23.310023310023
)

[2026-01-16 04:43:16] [14 MB] [chunked_processor] get_job called
    DATA: Array
(
    [job_id] => 9ea24571-2779-49b2-a258-d9a7c63f4ea2
)

[2026-01-16 04:43:16] [14 MB] [chunked_processor] Transient lookup result
    DATA: Array
(
    [option_name] => speed_backups_job_9ea24571-2779-49b2-a258-d9a7c63f4ea2
    [found] => YES
)

[2026-01-16 04:43:16] [14 MB] [chunked_processor] Job retrieved successfully
    DATA: Array
(
    [status] => running
    [type] => restore
)

[2026-01-16 04:43:16] [14 MB] [chunked_processor] get_job called
    DATA: Array
(
    [job_id] => 9ea24571-2779-49b2-a258-d9a7c63f4ea2
)

[2026-01-16 04:43:16] [14 MB] [chunked_processor] Transient lookup result
    DATA: Array
(
    [option_name] => speed_backups_job_9ea24571-2779-49b2-a258-d9a7c63f4ea2
    [found] => YES
)

[2026-01-16 04:43:16] [14 MB] [chunked_processor] Job retrieved successfully
    DATA: Array
(
    [status] => running
    [type] => restore
)

[2026-01-16 04:43:16] [14 MB] [chunked_processor] save_job called
    DATA: Array
(
    [job_id] => 9ea24571-2779-49b2-a258-d9a7c63f4ea2
    [status] => running
)

[2026-01-16 04:43:16] [14 MB] [chunked_processor] Transient save result
    DATA: Array
(
    [option_name] => speed_backups_job_9ea24571-2779-49b2-a258-d9a7c63f4ea2
    [success] => YES
)

[2026-01-16 04:43:16] [14 MB] [chunked_processor] Option save result
    DATA: Array
(
    [option_name] => speed_backups_job_9ea24571-2779-49b2-a258-d9a7c63f4ea2
    [success] => YES
)

[2026-01-16 04:43:16] [14 MB] [chunked_processor] Save verification (direct DB)
    DATA: Array
(
    [verified] => YES
)

[2026-01-16 04:43:16] [14 MB] [chunked_processor] get_job called
    DATA: Array
(
    [job_id] => 9ea24571-2779-49b2-a258-d9a7c63f4ea2
)

[2026-01-16 04:43:16] [14 MB] [chunked_processor] Transient lookup result
    DATA: Array
(
    [option_name] => speed_backups_job_9ea24571-2779-49b2-a258-d9a7c63f4ea2
    [found] => YES
)

[2026-01-16 04:43:16] [14 MB] [chunked_processor] Job retrieved successfully
    DATA: Array
(
    [status] => running
    [type] => restore
)

[2026-01-16 04:43:16] [14 MB] [chunked_processor] save_job called
    DATA: Array
(
    [job_id] => 9ea24571-2779-49b2-a258-d9a7c63f4ea2
    [status] => running
)

[2026-01-16 04:43:16] [14 MB] [chunked_processor] Transient save result
    DATA: Array
(
    [option_name] => speed_backups_job_9ea24571-2779-49b2-a258-d9a7c63f4ea2
    [success] => YES
)

[2026-01-16 04:43:16] [14 MB] [chunked_processor] Option save result
    DATA: Array
(
    [option_name] => speed_backups_job_9ea24571-2779-49b2-a258-d9a7c63f4ea2
    [success] => YES
)

[2026-01-16 04:43:16] [14 MB] [chunked_processor] Save verification (direct DB)
    DATA: Array
(
    [verified] => YES
)

[2026-01-16 04:43:16] [14 MB] [chunked_processor] get_job called
    DATA: Array
(
    [job_id] => 9ea24571-2779-49b2-a258-d9a7c63f4ea2
)

[2026-01-16 04:43:16] [14 MB] [chunked_processor] Transient lookup result
    DATA: Array
(
    [option_name] => speed_backups_job_9ea24571-2779-49b2-a258-d9a7c63f4ea2
    [found] => YES
)

[2026-01-16 04:43:16] [14 MB] [chunked_processor] Job retrieved successfully
    DATA: Array
(
    [status] => running
    [type] => restore
)

[2026-01-16 04:43:16] [14 MB] [chunked_processor] get_job called
    DATA: Array
(
    [job_id] => 9ea24571-2779-49b2-a258-d9a7c63f4ea2
)

[2026-01-16 04:43:16] [14 MB] [chunked_processor] Transient lookup result
    DATA: Array
(
    [option_name] => speed_backups_job_9ea24571-2779-49b2-a258-d9a7c63f4ea2
    [found] => YES
)

[2026-01-16 04:43:16] [14 MB] [chunked_processor] Job retrieved successfully
    DATA: Array
(
    [status] => running
    [type] => restore
)

[2026-01-16 04:43:17] [14 MB] [ERROR_HANDLER] PHP error handlers registered
[2026-01-16 04:43:17] [14 MB] [FUNCTION] >>> ENTER: process_chunk
    DATA: Array
(
    [0] => job_id
)

[2026-01-16 04:43:17] [14 MB] [chunked_processor] get_job called
    DATA: Array
(
    [job_id] => 9ea24571-2779-49b2-a258-d9a7c63f4ea2
)

[2026-01-16 04:43:17] [14 MB] [chunked_processor] Transient lookup result
    DATA: Array
(
    [option_name] => speed_backups_job_9ea24571-2779-49b2-a258-d9a7c63f4ea2
    [found] => YES
)

[2026-01-16 04:43:17] [14 MB] [chunked_processor] Job retrieved successfully
    DATA: Array
(
    [status] => running
    [type] => restore
)

[2026-01-16 04:43:17] [14 MB] [JOB_STATE] Job 9ea24571-2779-49b2-a258-d9a7c63f4ea2 state
    DATA: Array
(
    [status] => running
    [type] => restore
    [phase] => extract
    [progress] => 24.605024605025
)

[2026-01-16 04:43:17] [14 MB] [chunked_processor] get_job called
    DATA: Array
(
    [job_id] => 9ea24571-2779-49b2-a258-d9a7c63f4ea2
)

[2026-01-16 04:43:17] [14 MB] [chunked_processor] Transient lookup result
    DATA: Array
(
    [option_name] => speed_backups_job_9ea24571-2779-49b2-a258-d9a7c63f4ea2
    [found] => YES
)

[2026-01-16 04:43:17] [14 MB] [chunked_processor] Job retrieved successfully
    DATA: Array
(
    [status] => running
    [type] => restore
)

[2026-01-16 04:43:17] [14 MB] [chunked_processor] get_job called
    DATA: Array
(
    [job_id] => 9ea24571-2779-49b2-a258-d9a7c63f4ea2
)

[2026-01-16 04:43:17] [14 MB] [chunked_processor] Transient lookup result
    DATA: Array
(
    [option_name] => speed_backups_job_9ea24571-2779-49b2-a258-d9a7c63f4ea2
    [found] => YES
)

[2026-01-16 04:43:17] [14 MB] [chunked_processor] Job retrieved successfully
    DATA: Array
(
    [status] => running
    [type] => restore
)

[2026-01-16 04:43:17] [14 MB] [chunked_processor] save_job called
    DATA: Array
(
    [job_id] => 9ea24571-2779-49b2-a258-d9a7c63f4ea2
    [status] => running
)

[2026-01-16 04:43:17] [14 MB] [chunked_processor] Transient save result
    DATA: Array
(
    [option_name] => speed_backups_job_9ea24571-2779-49b2-a258-d9a7c63f4ea2
    [success] => YES
)

[2026-01-16 04:43:17] [14 MB] [chunked_processor] Option save result
    DATA: Array
(
    [option_name] => speed_backups_job_9ea24571-2779-49b2-a258-d9a7c63f4ea2
    [success] => YES
)

[2026-01-16 04:43:17] [14 MB] [chunked_processor] Save verification (direct DB)
    DATA: Array
(
    [verified] => YES
)

[2026-01-16 04:43:17] [14 MB] [chunked_processor] get_job called
    DATA: Array
(
    [job_id] => 9ea24571-2779-49b2-a258-d9a7c63f4ea2
)

[2026-01-16 04:43:17] [14 MB] [chunked_processor] Transient lookup result
    DATA: Array
(
    [option_name] => speed_backups_job_9ea24571-2779-49b2-a258-d9a7c63f4ea2
    [found] => YES
)

[2026-01-16 04:43:17] [14 MB] [chunked_processor] Job retrieved successfully
    DATA: Array
(
    [status] => running
    [type] => restore
)

[2026-01-16 04:43:17] [14 MB] [chunked_processor] save_job called
    DATA: Array
(
    [job_id] => 9ea24571-2779-49b2-a258-d9a7c63f4ea2
    [status] => running
)

[2026-01-16 04:43:17] [14 MB] [chunked_processor] Transient save result
    DATA: Array
(
    [option_name] => speed_backups_job_9ea24571-2779-49b2-a258-d9a7c63f4ea2
    [success] => YES
)

[2026-01-16 04:43:17] [14 MB] [chunked_processor] Option save result
    DATA: Array
(
    [option_name] => speed_backups_job_9ea24571-2779-49b2-a258-d9a7c63f4ea2
    [success] => YES
)

[2026-01-16 04:43:17] [14 MB] [chunked_processor] Save verification (direct DB)
    DATA: Array
(
    [verified] => YES
)

[2026-01-16 04:43:17] [14 MB] [chunked_processor] get_job called
    DATA: Array
(
    [job_id] => 9ea24571-2779-49b2-a258-d9a7c63f4ea2
)

[2026-01-16 04:43:17] [14 MB] [chunked_processor] Transient lookup result
    DATA: Array
(
    [option_name] => speed_backups_job_9ea24571-2779-49b2-a258-d9a7c63f4ea2
    [found] => YES
)

[2026-01-16 04:43:17] [14 MB] [chunked_processor] Job retrieved successfully
    DATA: Array
(
    [status] => running
    [type] => restore
)

[2026-01-16 04:43:17] [14 MB] [chunked_processor] get_job called
    DATA: Array
(
    [job_id] => 9ea24571-2779-49b2-a258-d9a7c63f4ea2
)

[2026-01-16 04:43:17] [14 MB] [chunked_processor] Transient lookup result
    DATA: Array
(
    [option_name] => speed_backups_job_9ea24571-2779-49b2-a258-d9a7c63f4ea2
    [found] => YES
)

[2026-01-16 04:43:17] [14 MB] [chunked_processor] Job retrieved successfully
    DATA: Array
(
    [status] => running
    [type] => restore
)

[2026-01-16 04:43:17] [14 MB] [ERROR_HANDLER] PHP error handlers registered
[2026-01-16 04:43:17] [14 MB] [FUNCTION] >>> ENTER: process_chunk
    DATA: Array
(
    [0] => job_id
)

[2026-01-16 04:43:17] [14 MB] [chunked_processor] get_job called
    DATA: Array
(
    [job_id] => 9ea24571-2779-49b2-a258-d9a7c63f4ea2
)

[2026-01-16 04:43:17] [14 MB] [chunked_processor] Transient lookup result
    DATA: Array
(
    [option_name] => speed_backups_job_9ea24571-2779-49b2-a258-d9a7c63f4ea2
    [found] => YES
)

[2026-01-16 04:43:17] [14 MB] [chunked_processor] Job retrieved successfully
    DATA: Array
(
    [status] => running
    [type] => restore
)

[2026-01-16 04:43:17] [14 MB] [JOB_STATE] Job 9ea24571-2779-49b2-a258-d9a7c63f4ea2 state
    DATA: Array
(
    [status] => running
    [type] => restore
    [phase] => extract
    [progress] => 25.900025900026
)

[2026-01-16 04:43:17] [14 MB] [chunked_processor] get_job called
    DATA: Array
(
    [job_id] => 9ea24571-2779-49b2-a258-d9a7c63f4ea2
)

[2026-01-16 04:43:17] [14 MB] [chunked_processor] Transient lookup result
    DATA: Array
(
    [option_name] => speed_backups_job_9ea24571-2779-49b2-a258-d9a7c63f4ea2
    [found] => YES
)

[2026-01-16 04:43:17] [14 MB] [chunked_processor] Job retrieved successfully
    DATA: Array
(
    [status] => running
    [type] => restore
)

[2026-01-16 04:43:17] [14 MB] [chunked_processor] get_job called
    DATA: Array
(
    [job_id] => 9ea24571-2779-49b2-a258-d9a7c63f4ea2
)

[2026-01-16 04:43:17] [14 MB] [chunked_processor] Transient lookup result
    DATA: Array
(
    [option_name] => speed_backups_job_9ea24571-2779-49b2-a258-d9a7c63f4ea2
    [found] => YES
)

[2026-01-16 04:43:17] [14 MB] [chunked_processor] Job retrieved successfully
    DATA: Array
(
    [status] => running
    [type] => restore
)

[2026-01-16 04:43:17] [14 MB] [chunked_processor] save_job called
    DATA: Array
(
    [job_id] => 9ea24571-2779-49b2-a258-d9a7c63f4ea2
    [status] => running
)

[2026-01-16 04:43:17] [14 MB] [chunked_processor] Transient save result
    DATA: Array
(
    [option_name] => speed_backups_job_9ea24571-2779-49b2-a258-d9a7c63f4ea2
    [success] => YES
)

[2026-01-16 04:43:17] [14 MB] [chunked_processor] Option save result
    DATA: Array
(
    [option_name] => speed_backups_job_9ea24571-2779-49b2-a258-d9a7c63f4ea2
    [success] => YES
)

[2026-01-16 04:43:17] [14 MB] [chunked_processor] Save verification (direct DB)
    DATA: Array
(
    [verified] => YES
)

[2026-01-16 04:43:17] [14 MB] [chunked_processor] get_job called
    DATA: Array
(
    [job_id] => 9ea24571-2779-49b2-a258-d9a7c63f4ea2
)

[2026-01-16 04:43:17] [14 MB] [chunked_processor] Transient lookup result
    DATA: Array
(
    [option_name] => speed_backups_job_9ea24571-2779-49b2-a258-d9a7c63f4ea2
    [found] => YES
)

[2026-01-16 04:43:17] [14 MB] [chunked_processor] Job retrieved successfully
    DATA: Array
(
    [status] => running
    [type] => restore
)

[2026-01-16 04:43:17] [14 MB] [chunked_processor] save_job called
    DATA: Array
(
    [job_id] => 9ea24571-2779-49b2-a258-d9a7c63f4ea2
    [status] => running
)

[2026-01-16 04:43:17] [14 MB] [chunked_processor] Transient save result
    DATA: Array
(
    [option_name] => speed_backups_job_9ea24571-2779-49b2-a258-d9a7c63f4ea2
    [success] => YES
)

[2026-01-16 04:43:17] [14 MB] [chunked_processor] Option save result
    DATA: Array
(
    [option_name] => speed_backups_job_9ea24571-2779-49b2-a258-d9a7c63f4ea2
    [success] => YES
)

[2026-01-16 04:43:17] [14 MB] [chunked_processor] Save verification (direct DB)
    DATA: Array
(
    [verified] => YES
)

[2026-01-16 04:43:17] [14 MB] [chunked_processor] get_job called
    DATA: Array
(
    [job_id] => 9ea24571-2779-49b2-a258-d9a7c63f4ea2
)

[2026-01-16 04:43:17] [14 MB] [chunked_processor] Transient lookup result
    DATA: Array
(
    [option_name] => speed_backups_job_9ea24571-2779-49b2-a258-d9a7c63f4ea2
    [found] => YES
)

[2026-01-16 04:43:17] [14 MB] [chunked_processor] Job retrieved successfully
    DATA: Array
(
    [status] => running
    [type] => restore
)

[2026-01-16 04:43:17] [14 MB] [chunked_processor] get_job called
    DATA: Array
(
    [job_id] => 9ea24571-2779-49b2-a258-d9a7c63f4ea2
)

[2026-01-16 04:43:17] [14 MB] [chunked_processor] Transient lookup result
    DATA: Array
(
    [option_name] => speed_backups_job_9ea24571-2779-49b2-a258-d9a7c63f4ea2
    [found] => YES
)

[2026-01-16 04:43:17] [14 MB] [chunked_processor] Job retrieved successfully
    DATA: Array
(
    [status] => running
    [type] => restore
)

[2026-01-16 04:43:18] [14 MB] [ERROR_HANDLER] PHP error handlers registered
[2026-01-16 04:43:18] [14 MB] [FUNCTION] >>> ENTER: process_chunk
    DATA: Array
(
    [0] => job_id
)

[2026-01-16 04:43:18] [14 MB] [chunked_processor] get_job called
    DATA: Array
(
    [job_id] => 9ea24571-2779-49b2-a258-d9a7c63f4ea2
)

[2026-01-16 04:43:18] [14 MB] [chunked_processor] Transient lookup result
    DATA: Array
(
    [option_name] => speed_backups_job_9ea24571-2779-49b2-a258-d9a7c63f4ea2
    [found] => YES
)

[2026-01-16 04:43:18] [14 MB] [chunked_processor] Job retrieved successfully
    DATA: Array
(
    [status] => running
    [type] => restore
)

[2026-01-16 04:43:18] [14 MB] [JOB_STATE] Job 9ea24571-2779-49b2-a258-d9a7c63f4ea2 state
    DATA: Array
(
    [status] => running
    [type] => restore
    [phase] => extract
    [progress] => 27.195027195027
)

[2026-01-16 04:43:18] [14 MB] [chunked_processor] get_job called
    DATA: Array
(
    [job_id] => 9ea24571-2779-49b2-a258-d9a7c63f4ea2
)

[2026-01-16 04:43:18] [14 MB] [chunked_processor] Transient lookup result
    DATA: Array
(
    [option_name] => speed_backups_job_9ea24571-2779-49b2-a258-d9a7c63f4ea2
    [found] => YES
)

[2026-01-16 04:43:18] [14 MB] [chunked_processor] Job retrieved successfully
    DATA: Array
(
    [status] => running
    [type] => restore
)

[2026-01-16 04:43:18] [14 MB] [chunked_processor] get_job called
    DATA: Array
(
    [job_id] => 9ea24571-2779-49b2-a258-d9a7c63f4ea2
)

[2026-01-16 04:43:18] [14 MB] [chunked_processor] Transient lookup result
    DATA: Array
(
    [option_name] => speed_backups_job_9ea24571-2779-49b2-a258-d9a7c63f4ea2
    [found] => YES
)

[2026-01-16 04:43:18] [14 MB] [chunked_processor] Job retrieved successfully
    DATA: Array
(
    [status] => running
    [type] => restore
)

[2026-01-16 04:43:18] [14 MB] [chunked_processor] save_job called
    DATA: Array
(
    [job_id] => 9ea24571-2779-49b2-a258-d9a7c63f4ea2
    [status] => running
)

[2026-01-16 04:43:18] [14 MB] [chunked_processor] Transient save result
    DATA: Array
(
    [option_name] => speed_backups_job_9ea24571-2779-49b2-a258-d9a7c63f4ea2
    [success] => YES
)

[2026-01-16 04:43:18] [14 MB] [chunked_processor] Option save result
    DATA: Array
(
    [option_name] => speed_backups_job_9ea24571-2779-49b2-a258-d9a7c63f4ea2
    [success] => YES
)

[2026-01-16 04:43:18] [14 MB] [chunked_processor] Save verification (direct DB)
    DATA: Array
(
    [verified] => YES
)

[2026-01-16 04:43:18] [14 MB] [chunked_processor] get_job called
    DATA: Array
(
    [job_id] => 9ea24571-2779-49b2-a258-d9a7c63f4ea2
)

[2026-01-16 04:43:18] [14 MB] [chunked_processor] Transient lookup result
    DATA: Array
(
    [option_name] => speed_backups_job_9ea24571-2779-49b2-a258-d9a7c63f4ea2
    [found] => YES
)

[2026-01-16 04:43:18] [14 MB] [chunked_processor] Job retrieved successfully
    DATA: Array
(
    [status] => running
    [type] => restore
)

[2026-01-16 04:43:18] [14 MB] [chunked_processor] save_job called
    DATA: Array
(
    [job_id] => 9ea24571-2779-49b2-a258-d9a7c63f4ea2
    [status] => running
)

[2026-01-16 04:43:18] [14 MB] [chunked_processor] Transient save result
    DATA: Array
(
    [option_name] => speed_backups_job_9ea24571-2779-49b2-a258-d9a7c63f4ea2
    [success] => YES
)

[2026-01-16 04:43:18] [14 MB] [chunked_processor] Option save result
    DATA: Array
(
    [option_name] => speed_backups_job_9ea24571-2779-49b2-a258-d9a7c63f4ea2
    [success] => YES
)

[2026-01-16 04:43:18] [14 MB] [chunked_processor] Save verification (direct DB)
    DATA: Array
(
    [verified] => YES
)

[2026-01-16 04:43:18] [14 MB] [chunked_processor] get_job called
    DATA: Array
(
    [job_id] => 9ea24571-2779-49b2-a258-d9a7c63f4ea2
)

[2026-01-16 04:43:18] [14 MB] [chunked_processor] Transient lookup result
    DATA: Array
(
    [option_name] => speed_backups_job_9ea24571-2779-49b2-a258-d9a7c63f4ea2
    [found] => YES
)

[2026-01-16 04:43:18] [14 MB] [chunked_processor] Job retrieved successfully
    DATA: Array
(
    [status] => running
    [type] => restore
)

[2026-01-16 04:43:18] [14 MB] [chunked_processor] get_job called
    DATA: Array
(
    [job_id] => 9ea24571-2779-49b2-a258-d9a7c63f4ea2
)

[2026-01-16 04:43:18] [14 MB] [chunked_processor] Transient lookup result
    DATA: Array
(
    [option_name] => speed_backups_job_9ea24571-2779-49b2-a258-d9a7c63f4ea2
    [found] => YES
)

[2026-01-16 04:43:18] [14 MB] [chunked_processor] Job retrieved successfully
    DATA: Array
(
    [status] => running
    [type] => restore
)

[2026-01-16 04:43:18] [14 MB] [ERROR_HANDLER] PHP error handlers registered
[2026-01-16 04:43:18] [14 MB] [FUNCTION] >>> ENTER: process_chunk
    DATA: Array
(
    [0] => job_id
)

[2026-01-16 04:43:18] [14 MB] [chunked_processor] get_job called
    DATA: Array
(
    [job_id] => 9ea24571-2779-49b2-a258-d9a7c63f4ea2
)

[2026-01-16 04:43:18] [14 MB] [chunked_processor] Transient lookup result
    DATA: Array
(
    [option_name] => speed_backups_job_9ea24571-2779-49b2-a258-d9a7c63f4ea2
    [found] => YES
)

[2026-01-16 04:43:18] [14 MB] [chunked_processor] Job retrieved successfully
    DATA: Array
(
    [status] => running
    [type] => restore
)

[2026-01-16 04:43:18] [14 MB] [JOB_STATE] Job 9ea24571-2779-49b2-a258-d9a7c63f4ea2 state
    DATA: Array
(
    [status] => running
    [type] => restore
    [phase] => extract
    [progress] => 28.490028490028
)

[2026-01-16 04:43:18] [14 MB] [chunked_processor] get_job called
    DATA: Array
(
    [job_id] => 9ea24571-2779-49b2-a258-d9a7c63f4ea2
)

[2026-01-16 04:43:18] [14 MB] [chunked_processor] Transient lookup result
    DATA: Array
(
    [option_name] => speed_backups_job_9ea24571-2779-49b2-a258-d9a7c63f4ea2
    [found] => YES
)

[2026-01-16 04:43:18] [14 MB] [chunked_processor] Job retrieved successfully
    DATA: Array
(
    [status] => running
    [type] => restore
)

[2026-01-16 04:43:18] [14 MB] [chunked_processor] get_job called
    DATA: Array
(
    [job_id] => 9ea24571-2779-49b2-a258-d9a7c63f4ea2
)

[2026-01-16 04:43:18] [14 MB] [chunked_processor] Transient lookup result
    DATA: Array
(
    [option_name] => speed_backups_job_9ea24571-2779-49b2-a258-d9a7c63f4ea2
    [found] => YES
)

[2026-01-16 04:43:18] [14 MB] [chunked_processor] Job retrieved successfully
    DATA: Array
(
    [status] => running
    [type] => restore
)

[2026-01-16 04:43:18] [14 MB] [chunked_processor] save_job called
    DATA: Array
(
    [job_id] => 9ea24571-2779-49b2-a258-d9a7c63f4ea2
    [status] => running
)

[2026-01-16 04:43:18] [14 MB] [chunked_processor] Transient save result
    DATA: Array
(
    [option_name] => speed_backups_job_9ea24571-2779-49b2-a258-d9a7c63f4ea2
    [success] => YES
)

[2026-01-16 04:43:18] [14 MB] [chunked_processor] Option save result
    DATA: Array
(
    [option_name] => speed_backups_job_9ea24571-2779-49b2-a258-d9a7c63f4ea2
    [success] => YES
)

[2026-01-16 04:43:18] [14 MB] [chunked_processor] Save verification (direct DB)
    DATA: Array
(
    [verified] => YES
)

[2026-01-16 04:43:18] [14 MB] [chunked_processor] get_job called
    DATA: Array
(
    [job_id] => 9ea24571-2779-49b2-a258-d9a7c63f4ea2
)

[2026-01-16 04:43:18] [14 MB] [chunked_processor] Transient lookup result
    DATA: Array
(
    [option_name] => speed_backups_job_9ea24571-2779-49b2-a258-d9a7c63f4ea2
    [found] => YES
)

[2026-01-16 04:43:18] [14 MB] [chunked_processor] Job retrieved successfully
    DATA: Array
(
    [status] => running
    [type] => restore
)

[2026-01-16 04:43:18] [14 MB] [chunked_processor] save_job called
    DATA: Array
(
    [job_id] => 9ea24571-2779-49b2-a258-d9a7c63f4ea2
    [status] => running
)

[2026-01-16 04:43:18] [14 MB] [chunked_processor] Transient save result
    DATA: Array
(
    [option_name] => speed_backups_job_9ea24571-2779-49b2-a258-d9a7c63f4ea2
    [success] => YES
)

[2026-01-16 04:43:18] [14 MB] [chunked_processor] Option save result
    DATA: Array
(
    [option_name] => speed_backups_job_9ea24571-2779-49b2-a258-d9a7c63f4ea2
    [success] => YES
)

[2026-01-16 04:43:18] [14 MB] [chunked_processor] Save verification (direct DB)
    DATA: Array
(
    [verified] => YES
)

[2026-01-16 04:43:18] [14 MB] [chunked_processor] get_job called
    DATA: Array
(
    [job_id] => 9ea24571-2779-49b2-a258-d9a7c63f4ea2
)

[2026-01-16 04:43:18] [14 MB] [chunked_processor] Transient lookup result
    DATA: Array
(
    [option_name] => speed_backups_job_9ea24571-2779-49b2-a258-d9a7c63f4ea2
    [found] => YES
)

[2026-01-16 04:43:18] [14 MB] [chunked_processor] Job retrieved successfully
    DATA: Array
(
    [status] => running
    [type] => restore
)

[2026-01-16 04:43:18] [14 MB] [chunked_processor] get_job called
    DATA: Array
(
    [job_id] => 9ea24571-2779-49b2-a258-d9a7c63f4ea2
)

[2026-01-16 04:43:18] [14 MB] [chunked_processor] Transient lookup result
    DATA: Array
(
    [option_name] => speed_backups_job_9ea24571-2779-49b2-a258-d9a7c63f4ea2
    [found] => YES
)

[2026-01-16 04:43:18] [14 MB] [chunked_processor] Job retrieved successfully
    DATA: Array
(
    [status] => running
    [type] => restore
)

[2026-01-16 04:43:18] [14 MB] [ERROR_HANDLER] PHP error handlers registered
[2026-01-16 04:43:19] [14 MB] [FUNCTION] >>> ENTER: process_chunk
    DATA: Array
(
    [0] => job_id
)

[2026-01-16 04:43:19] [14 MB] [chunked_processor] get_job called
    DATA: Array
(
    [job_id] => 9ea24571-2779-49b2-a258-d9a7c63f4ea2
)

[2026-01-16 04:43:19] [14 MB] [chunked_processor] Transient lookup result
    DATA: Array
(
    [option_name] => speed_backups_job_9ea24571-2779-49b2-a258-d9a7c63f4ea2
    [found] => YES
)

[2026-01-16 04:43:19] [14 MB] [chunked_processor] Job retrieved successfully
    DATA: Array
(
    [status] => running
    [type] => restore
)

[2026-01-16 04:43:19] [14 MB] [JOB_STATE] Job 9ea24571-2779-49b2-a258-d9a7c63f4ea2 state
    DATA: Array
(
    [status] => running
    [type] => restore
    [phase] => extract
    [progress] => 29.78502978503
)

[2026-01-16 04:43:19] [14 MB] [chunked_processor] get_job called
    DATA: Array
(
    [job_id] => 9ea24571-2779-49b2-a258-d9a7c63f4ea2
)

[2026-01-16 04:43:19] [14 MB] [chunked_processor] Transient lookup result
    DATA: Array
(
    [option_name] => speed_backups_job_9ea24571-2779-49b2-a258-d9a7c63f4ea2
    [found] => YES
)

[2026-01-16 04:43:19] [14 MB] [chunked_processor] Job retrieved successfully
    DATA: Array
(
    [status] => running
    [type] => restore
)

[2026-01-16 04:43:19] [14 MB] [chunked_processor] get_job called
    DATA: Array
(
    [job_id] => 9ea24571-2779-49b2-a258-d9a7c63f4ea2
)

[2026-01-16 04:43:19] [14 MB] [chunked_processor] Transient lookup result
    DATA: Array
(
    [option_name] => speed_backups_job_9ea24571-2779-49b2-a258-d9a7c63f4ea2
    [found] => YES
)

[2026-01-16 04:43:19] [14 MB] [chunked_processor] Job retrieved successfully
    DATA: Array
(
    [status] => running
    [type] => restore
)

[2026-01-16 04:43:19] [14 MB] [chunked_processor] save_job called
    DATA: Array
(
    [job_id] => 9ea24571-2779-49b2-a258-d9a7c63f4ea2
    [status] => running
)

[2026-01-16 04:43:19] [14 MB] [chunked_processor] Transient save result
    DATA: Array
(
    [option_name] => speed_backups_job_9ea24571-2779-49b2-a258-d9a7c63f4ea2
    [success] => YES
)

[2026-01-16 04:43:19] [14 MB] [chunked_processor] Option save result
    DATA: Array
(
    [option_name] => speed_backups_job_9ea24571-2779-49b2-a258-d9a7c63f4ea2
    [success] => YES
)

[2026-01-16 04:43:19] [14 MB] [chunked_processor] Save verification (direct DB)
    DATA: Array
(
    [verified] => YES
)

[2026-01-16 04:43:19] [14 MB] [chunked_processor] get_job called
    DATA: Array
(
    [job_id] => 9ea24571-2779-49b2-a258-d9a7c63f4ea2
)

[2026-01-16 04:43:19] [14 MB] [chunked_processor] Transient lookup result
    DATA: Array
(
    [option_name] => speed_backups_job_9ea24571-2779-49b2-a258-d9a7c63f4ea2
    [found] => YES
)

[2026-01-16 04:43:19] [14 MB] [chunked_processor] Job retrieved successfully
    DATA: Array
(
    [status] => running
    [type] => restore
)

[2026-01-16 04:43:19] [14 MB] [chunked_processor] save_job called
    DATA: Array
(
    [job_id] => 9ea24571-2779-49b2-a258-d9a7c63f4ea2
    [status] => running
)

[2026-01-16 04:43:19] [14 MB] [chunked_processor] Transient save result
    DATA: Array
(
    [option_name] => speed_backups_job_9ea24571-2779-49b2-a258-d9a7c63f4ea2
    [success] => YES
)

[2026-01-16 04:43:19] [14 MB] [chunked_processor] Option save result
    DATA: Array
(
    [option_name] => speed_backups_job_9ea24571-2779-49b2-a258-d9a7c63f4ea2
    [success] => YES
)

[2026-01-16 04:43:19] [14 MB] [chunked_processor] Save verification (direct DB)
    DATA: Array
(
    [verified] => YES
)

[2026-01-16 04:43:19] [14 MB] [chunked_processor] get_job called
    DATA: Array
(
    [job_id] => 9ea24571-2779-49b2-a258-d9a7c63f4ea2
)

[2026-01-16 04:43:19] [14 MB] [chunked_processor] Transient lookup result
    DATA: Array
(
    [option_name] => speed_backups_job_9ea24571-2779-49b2-a258-d9a7c63f4ea2
    [found] => YES
)

[2026-01-16 04:43:19] [14 MB] [chunked_processor] Job retrieved successfully
    DATA: Array
(
    [status] => running
    [type] => restore
)

[2026-01-16 04:43:19] [14 MB] [chunked_processor] get_job called
    DATA: Array
(
    [job_id] => 9ea24571-2779-49b2-a258-d9a7c63f4ea2
)

[2026-01-16 04:43:19] [14 MB] [chunked_processor] Transient lookup result
    DATA: Array
(
    [option_name] => speed_backups_job_9ea24571-2779-49b2-a258-d9a7c63f4ea2
    [found] => YES
)

[2026-01-16 04:43:19] [14 MB] [chunked_processor] Job retrieved successfully
    DATA: Array
(
    [status] => running
    [type] => restore
)

[2026-01-16 04:43:19] [14 MB] [ERROR_HANDLER] PHP error handlers registered
[2026-01-16 04:43:19] [14 MB] [FUNCTION] >>> ENTER: process_chunk
    DATA: Array
(
    [0] => job_id
)

[2026-01-16 04:43:19] [14 MB] [chunked_processor] get_job called
    DATA: Array
(
    [job_id] => 9ea24571-2779-49b2-a258-d9a7c63f4ea2
)

[2026-01-16 04:43:19] [14 MB] [chunked_processor] Transient lookup result
    DATA: Array
(
    [option_name] => speed_backups_job_9ea24571-2779-49b2-a258-d9a7c63f4ea2
    [found] => YES
)

[2026-01-16 04:43:19] [14 MB] [chunked_processor] Job retrieved successfully
    DATA: Array
(
    [status] => running
    [type] => restore
)

[2026-01-16 04:43:19] [14 MB] [JOB_STATE] Job 9ea24571-2779-49b2-a258-d9a7c63f4ea2 state
    DATA: Array
(
    [status] => running
    [type] => restore
    [phase] => extract
    [progress] => 31.080031080031
)

[2026-01-16 04:43:19] [14 MB] [chunked_processor] get_job called
    DATA: Array
(
    [job_id] => 9ea24571-2779-49b2-a258-d9a7c63f4ea2
)

[2026-01-16 04:43:19] [14 MB] [chunked_processor] Transient lookup result
    DATA: Array
(
    [option_name] => speed_backups_job_9ea24571-2779-49b2-a258-d9a7c63f4ea2
    [found] => YES
)

[2026-01-16 04:43:19] [14 MB] [chunked_processor] Job retrieved successfully
    DATA: Array
(
    [status] => running
    [type] => restore
)

[2026-01-16 04:43:19] [14 MB] [chunked_processor] get_job called
    DATA: Array
(
    [job_id] => 9ea24571-2779-49b2-a258-d9a7c63f4ea2
)

[2026-01-16 04:43:19] [14 MB] [chunked_processor] Transient lookup result
    DATA: Array
(
    [option_name] => speed_backups_job_9ea24571-2779-49b2-a258-d9a7c63f4ea2
    [found] => YES
)

[2026-01-16 04:43:19] [14 MB] [chunked_processor] Job retrieved successfully
    DATA: Array
(
    [status] => running
    [type] => restore
)

[2026-01-16 04:43:19] [14 MB] [chunked_processor] save_job called
    DATA: Array
(
    [job_id] => 9ea24571-2779-49b2-a258-d9a7c63f4ea2
    [status] => running
)

[2026-01-16 04:43:19] [14 MB] [chunked_processor] Transient save result
    DATA: Array
(
    [option_name] => speed_backups_job_9ea24571-2779-49b2-a258-d9a7c63f4ea2
    [success] => YES
)

[2026-01-16 04:43:19] [14 MB] [chunked_processor] Option save result
    DATA: Array
(
    [option_name] => speed_backups_job_9ea24571-2779-49b2-a258-d9a7c63f4ea2
    [success] => YES
)

[2026-01-16 04:43:19] [14 MB] [chunked_processor] Save verification (direct DB)
    DATA: Array
(
    [verified] => YES
)

[2026-01-16 04:43:19] [14 MB] [chunked_processor] get_job called
    DATA: Array
(
    [job_id] => 9ea24571-2779-49b2-a258-d9a7c63f4ea2
)

[2026-01-16 04:43:19] [14 MB] [chunked_processor] Transient lookup result
    DATA: Array
(
    [option_name] => speed_backups_job_9ea24571-2779-49b2-a258-d9a7c63f4ea2
    [found] => YES
)

[2026-01-16 04:43:19] [14 MB] [chunked_processor] Job retrieved successfully
    DATA: Array
(
    [status] => running
    [type] => restore
)

[2026-01-16 04:43:19] [14 MB] [chunked_processor] save_job called
    DATA: Array
(
    [job_id] => 9ea24571-2779-49b2-a258-d9a7c63f4ea2
    [status] => running
)

[2026-01-16 04:43:19] [14 MB] [chunked_processor] Transient save result
    DATA: Array
(
    [option_name] => speed_backups_job_9ea24571-2779-49b2-a258-d9a7c63f4ea2
    [success] => YES
)

[2026-01-16 04:43:19] [14 MB] [chunked_processor] Option save result
    DATA: Array
(
    [option_name] => speed_backups_job_9ea24571-2779-49b2-a258-d9a7c63f4ea2
    [success] => YES
)

[2026-01-16 04:43:19] [14 MB] [chunked_processor] Save verification (direct DB)
    DATA: Array
(
    [verified] => YES
)

[2026-01-16 04:43:19] [14 MB] [chunked_processor] get_job called
    DATA: Array
(
    [job_id] => 9ea24571-2779-49b2-a258-d9a7c63f4ea2
)

[2026-01-16 04:43:19] [14 MB] [chunked_processor] Transient lookup result
    DATA: Array
(
    [option_name] => speed_backups_job_9ea24571-2779-49b2-a258-d9a7c63f4ea2
    [found] => YES
)

[2026-01-16 04:43:19] [14 MB] [chunked_processor] Job retrieved successfully
    DATA: Array
(
    [status] => running
    [type] => restore
)

[2026-01-16 04:43:19] [14 MB] [chunked_processor] get_job called
    DATA: Array
(
    [job_id] => 9ea24571-2779-49b2-a258-d9a7c63f4ea2
)

[2026-01-16 04:43:19] [14 MB] [chunked_processor] Transient lookup result
    DATA: Array
(
    [option_name] => speed_backups_job_9ea24571-2779-49b2-a258-d9a7c63f4ea2
    [found] => YES
)

[2026-01-16 04:43:19] [14 MB] [chunked_processor] Job retrieved successfully
    DATA: Array
(
    [status] => running
    [type] => restore
)

[2026-01-16 04:43:20] [14 MB] [ERROR_HANDLER] PHP error handlers registered
[2026-01-16 04:43:20] [14 MB] [FUNCTION] >>> ENTER: process_chunk
    DATA: Array
(
    [0] => job_id
)

[2026-01-16 04:43:20] [14 MB] [chunked_processor] get_job called
    DATA: Array
(
    [job_id] => 9ea24571-2779-49b2-a258-d9a7c63f4ea2
)

[2026-01-16 04:43:20] [14 MB] [chunked_processor] Transient lookup result
    DATA: Array
(
    [option_name] => speed_backups_job_9ea24571-2779-49b2-a258-d9a7c63f4ea2
    [found] => YES
)

[2026-01-16 04:43:20] [14 MB] [chunked_processor] Job retrieved successfully
    DATA: Array
(
    [status] => running
    [type] => restore
)

[2026-01-16 04:43:20] [14 MB] [JOB_STATE] Job 9ea24571-2779-49b2-a258-d9a7c63f4ea2 state
    DATA: Array
(
    [status] => running
    [type] => restore
    [phase] => extract
    [progress] => 32.375032375032
)

[2026-01-16 04:43:20] [14 MB] [chunked_processor] get_job called
    DATA: Array
(
    [job_id] => 9ea24571-2779-49b2-a258-d9a7c63f4ea2
)

[2026-01-16 04:43:20] [14 MB] [chunked_processor] Transient lookup result
    DATA: Array
(
    [option_name] => speed_backups_job_9ea24571-2779-49b2-a258-d9a7c63f4ea2
    [found] => YES
)

[2026-01-16 04:43:20] [14 MB] [chunked_processor] Job retrieved successfully
    DATA: Array
(
    [status] => running
    [type] => restore
)

[2026-01-16 04:43:20] [14 MB] [chunked_processor] get_job called
    DATA: Array
(
    [job_id] => 9ea24571-2779-49b2-a258-d9a7c63f4ea2
)

[2026-01-16 04:43:20] [14 MB] [chunked_processor] Transient lookup result
    DATA: Array
(
    [option_name] => speed_backups_job_9ea24571-2779-49b2-a258-d9a7c63f4ea2
    [found] => YES
)

[2026-01-16 04:43:20] [14 MB] [chunked_processor] Job retrieved successfully
    DATA: Array
(
    [status] => running
    [type] => restore
)

[2026-01-16 04:43:20] [14 MB] [chunked_processor] save_job called
    DATA: Array
(
    [job_id] => 9ea24571-2779-49b2-a258-d9a7c63f4ea2
    [status] => running
)

[2026-01-16 04:43:20] [14 MB] [chunked_processor] Transient save result
    DATA: Array
(
    [option_name] => speed_backups_job_9ea24571-2779-49b2-a258-d9a7c63f4ea2
    [success] => YES
)

[2026-01-16 04:43:20] [14 MB] [chunked_processor] Option save result
    DATA: Array
(
    [option_name] => speed_backups_job_9ea24571-2779-49b2-a258-d9a7c63f4ea2
    [success] => YES
)

[2026-01-16 04:43:20] [14 MB] [chunked_processor] Save verification (direct DB)
    DATA: Array
(
    [verified] => YES
)

[2026-01-16 04:43:20] [14 MB] [chunked_processor] get_job called
    DATA: Array
(
    [job_id] => 9ea24571-2779-49b2-a258-d9a7c63f4ea2
)

[2026-01-16 04:43:20] [14 MB] [chunked_processor] Transient lookup result
    DATA: Array
(
    [option_name] => speed_backups_job_9ea24571-2779-49b2-a258-d9a7c63f4ea2
    [found] => YES
)

[2026-01-16 04:43:20] [14 MB] [chunked_processor] Job retrieved successfully
    DATA: Array
(
    [status] => running
    [type] => restore
)

[2026-01-16 04:43:20] [14 MB] [chunked_processor] save_job called
    DATA: Array
(
    [job_id] => 9ea24571-2779-49b2-a258-d9a7c63f4ea2
    [status] => running
)

[2026-01-16 04:43:20] [14 MB] [chunked_processor] Transient save result
    DATA: Array
(
    [option_name] => speed_backups_job_9ea24571-2779-49b2-a258-d9a7c63f4ea2
    [success] => YES
)

[2026-01-16 04:43:20] [14 MB] [chunked_processor] Option save result
    DATA: Array
(
    [option_name] => speed_backups_job_9ea24571-2779-49b2-a258-d9a7c63f4ea2
    [success] => YES
)

[2026-01-16 04:43:20] [14 MB] [chunked_processor] Save verification (direct DB)
    DATA: Array
(
    [verified] => YES
)

[2026-01-16 04:43:20] [14 MB] [chunked_processor] get_job called
    DATA: Array
(
    [job_id] => 9ea24571-2779-49b2-a258-d9a7c63f4ea2
)

[2026-01-16 04:43:20] [14 MB] [chunked_processor] Transient lookup result
    DATA: Array
(
    [option_name] => speed_backups_job_9ea24571-2779-49b2-a258-d9a7c63f4ea2
    [found] => YES
)

[2026-01-16 04:43:20] [14 MB] [chunked_processor] Job retrieved successfully
    DATA: Array
(
    [status] => running
    [type] => restore
)

[2026-01-16 04:43:20] [14 MB] [chunked_processor] get_job called
    DATA: Array
(
    [job_id] => 9ea24571-2779-49b2-a258-d9a7c63f4ea2
)

[2026-01-16 04:43:20] [14 MB] [chunked_processor] Transient lookup result
    DATA: Array
(
    [option_name] => speed_backups_job_9ea24571-2779-49b2-a258-d9a7c63f4ea2
    [found] => YES
)

[2026-01-16 04:43:20] [14 MB] [chunked_processor] Job retrieved successfully
    DATA: Array
(
    [status] => running
    [type] => restore
)

[2026-01-16 04:43:20] [14 MB] [ERROR_HANDLER] PHP error handlers registered
[2026-01-16 04:43:20] [14 MB] [FUNCTION] >>> ENTER: process_chunk
    DATA: Array
(
    [0] => job_id
)

[2026-01-16 04:43:20] [14 MB] [chunked_processor] get_job called
    DATA: Array
(
    [job_id] => 9ea24571-2779-49b2-a258-d9a7c63f4ea2
)

[2026-01-16 04:43:20] [14 MB] [chunked_processor] Transient lookup result
    DATA: Array
(
    [option_name] => speed_backups_job_9ea24571-2779-49b2-a258-d9a7c63f4ea2
    [found] => YES
)

[2026-01-16 04:43:20] [14 MB] [chunked_processor] Job retrieved successfully
    DATA: Array
(
    [status] => running
    [type] => restore
)

[2026-01-16 04:43:20] [14 MB] [JOB_STATE] Job 9ea24571-2779-49b2-a258-d9a7c63f4ea2 state
    DATA: Array
(
    [status] => running
    [type] => restore
    [phase] => extract
    [progress] => 33.670033670034
)

[2026-01-16 04:43:20] [14 MB] [chunked_processor] get_job called
    DATA: Array
(
    [job_id] => 9ea24571-2779-49b2-a258-d9a7c63f4ea2
)

[2026-01-16 04:43:20] [14 MB] [chunked_processor] Transient lookup result
    DATA: Array
(
    [option_name] => speed_backups_job_9ea24571-2779-49b2-a258-d9a7c63f4ea2
    [found] => YES
)

[2026-01-16 04:43:20] [14 MB] [chunked_processor] Job retrieved successfully
    DATA: Array
(
    [status] => running
    [type] => restore
)

[2026-01-16 04:43:20] [14 MB] [chunked_processor] get_job called
    DATA: Array
(
    [job_id] => 9ea24571-2779-49b2-a258-d9a7c63f4ea2
)

[2026-01-16 04:43:20] [14 MB] [chunked_processor] Transient lookup result
    DATA: Array
(
    [option_name] => speed_backups_job_9ea24571-2779-49b2-a258-d9a7c63f4ea2
    [found] => YES
)

[2026-01-16 04:43:20] [14 MB] [chunked_processor] Job retrieved successfully
    DATA: Array
(
    [status] => running
    [type] => restore
)

[2026-01-16 04:43:20] [14 MB] [chunked_processor] save_job called
    DATA: Array
(
    [job_id] => 9ea24571-2779-49b2-a258-d9a7c63f4ea2
    [status] => running
)

[2026-01-16 04:43:20] [14 MB] [chunked_processor] Transient save result
    DATA: Array
(
    [option_name] => speed_backups_job_9ea24571-2779-49b2-a258-d9a7c63f4ea2
    [success] => YES
)

[2026-01-16 04:43:20] [14 MB] [chunked_processor] Option save result
    DATA: Array
(
    [option_name] => speed_backups_job_9ea24571-2779-49b2-a258-d9a7c63f4ea2
    [success] => YES
)

[2026-01-16 04:43:20] [14 MB] [chunked_processor] Save verification (direct DB)
    DATA: Array
(
    [verified] => YES
)

[2026-01-16 04:43:20] [14 MB] [chunked_processor] get_job called
    DATA: Array
(
    [job_id] => 9ea24571-2779-49b2-a258-d9a7c63f4ea2
)

[2026-01-16 04:43:20] [14 MB] [chunked_processor] Transient lookup result
    DATA: Array
(
    [option_name] => speed_backups_job_9ea24571-2779-49b2-a258-d9a7c63f4ea2
    [found] => YES
)

[2026-01-16 04:43:20] [14 MB] [chunked_processor] Job retrieved successfully
    DATA: Array
(
    [status] => running
    [type] => restore
)

[2026-01-16 04:43:20] [14 MB] [chunked_processor] save_job called
    DATA: Array
(
    [job_id] => 9ea24571-2779-49b2-a258-d9a7c63f4ea2
    [status] => running
)

[2026-01-16 04:43:20] [14 MB] [chunked_processor] Transient save result
    DATA: Array
(
    [option_name] => speed_backups_job_9ea24571-2779-49b2-a258-d9a7c63f4ea2
    [success] => YES
)

[2026-01-16 04:43:20] [14 MB] [chunked_processor] Option save result
    DATA: Array
(
    [option_name] => speed_backups_job_9ea24571-2779-49b2-a258-d9a7c63f4ea2
    [success] => YES
)

[2026-01-16 04:43:20] [14 MB] [chunked_processor] Save verification (direct DB)
    DATA: Array
(
    [verified] => YES
)

[2026-01-16 04:43:20] [14 MB] [chunked_processor] get_job called
    DATA: Array
(
    [job_id] => 9ea24571-2779-49b2-a258-d9a7c63f4ea2
)

[2026-01-16 04:43:20] [14 MB] [chunked_processor] Transient lookup result
    DATA: Array
(
    [option_name] => speed_backups_job_9ea24571-2779-49b2-a258-d9a7c63f4ea2
    [found] => YES
)

[2026-01-16 04:43:20] [14 MB] [chunked_processor] Job retrieved successfully
    DATA: Array
(
    [status] => running
    [type] => restore
)

[2026-01-16 04:43:20] [14 MB] [chunked_processor] get_job called
    DATA: Array
(
    [job_id] => 9ea24571-2779-49b2-a258-d9a7c63f4ea2
)

[2026-01-16 04:43:20] [14 MB] [chunked_processor] Transient lookup result
    DATA: Array
(
    [option_name] => speed_backups_job_9ea24571-2779-49b2-a258-d9a7c63f4ea2
    [found] => YES
)

[2026-01-16 04:43:20] [14 MB] [chunked_processor] Job retrieved successfully
    DATA: Array
(
    [status] => running
    [type] => restore
)

[2026-01-16 04:43:21] [14 MB] [ERROR_HANDLER] PHP error handlers registered
[2026-01-16 04:43:21] [14 MB] [FUNCTION] >>> ENTER: process_chunk
    DATA: Array
(
    [0] => job_id
)

[2026-01-16 04:43:21] [14 MB] [chunked_processor] get_job called
    DATA: Array
(
    [job_id] => 9ea24571-2779-49b2-a258-d9a7c63f4ea2
)

[2026-01-16 04:43:21] [14 MB] [chunked_processor] Transient lookup result
    DATA: Array
(
    [option_name] => speed_backups_job_9ea24571-2779-49b2-a258-d9a7c63f4ea2
    [found] => YES
)

[2026-01-16 04:43:21] [14 MB] [chunked_processor] Job retrieved successfully
    DATA: Array
(
    [status] => running
    [type] => restore
)

[2026-01-16 04:43:21] [14 MB] [JOB_STATE] Job 9ea24571-2779-49b2-a258-d9a7c63f4ea2 state
    DATA: Array
(
    [status] => running
    [type] => restore
    [phase] => extract
    [progress] => 34.965034965035
)

[2026-01-16 04:43:21] [14 MB] [chunked_processor] get_job called
    DATA: Array
(
    [job_id] => 9ea24571-2779-49b2-a258-d9a7c63f4ea2
)

[2026-01-16 04:43:21] [14 MB] [chunked_processor] Transient lookup result
    DATA: Array
(
    [option_name] => speed_backups_job_9ea24571-2779-49b2-a258-d9a7c63f4ea2
    [found] => YES
)

[2026-01-16 04:43:21] [14 MB] [chunked_processor] Job retrieved successfully
    DATA: Array
(
    [status] => running
    [type] => restore
)

[2026-01-16 04:43:21] [14 MB] [chunked_processor] get_job called
    DATA: Array
(
    [job_id] => 9ea24571-2779-49b2-a258-d9a7c63f4ea2
)

[2026-01-16 04:43:21] [14 MB] [chunked_processor] Transient lookup result
    DATA: Array
(
    [option_name] => speed_backups_job_9ea24571-2779-49b2-a258-d9a7c63f4ea2
    [found] => YES
)

[2026-01-16 04:43:21] [14 MB] [chunked_processor] Job retrieved successfully
    DATA: Array
(
    [status] => running
    [type] => restore
)

[2026-01-16 04:43:21] [14 MB] [chunked_processor] save_job called
    DATA: Array
(
    [job_id] => 9ea24571-2779-49b2-a258-d9a7c63f4ea2
    [status] => running
)

[2026-01-16 04:43:21] [14 MB] [chunked_processor] Transient save result
    DATA: Array
(
    [option_name] => speed_backups_job_9ea24571-2779-49b2-a258-d9a7c63f4ea2
    [success] => YES
)

[2026-01-16 04:43:21] [14 MB] [chunked_processor] Option save result
    DATA: Array
(
    [option_name] => speed_backups_job_9ea24571-2779-49b2-a258-d9a7c63f4ea2
    [success] => YES
)

[2026-01-16 04:43:21] [14 MB] [chunked_processor] Save verification (direct DB)
    DATA: Array
(
    [verified] => YES
)

[2026-01-16 04:43:21] [14 MB] [chunked_processor] get_job called
    DATA: Array
(
    [job_id] => 9ea24571-2779-49b2-a258-d9a7c63f4ea2
)

[2026-01-16 04:43:21] [14 MB] [chunked_processor] Transient lookup result
    DATA: Array
(
    [option_name] => speed_backups_job_9ea24571-2779-49b2-a258-d9a7c63f4ea2
    [found] => YES
)

[2026-01-16 04:43:21] [14 MB] [chunked_processor] Job retrieved successfully
    DATA: Array
(
    [status] => running
    [type] => restore
)

[2026-01-16 04:43:21] [14 MB] [chunked_processor] save_job called
    DATA: Array
(
    [job_id] => 9ea24571-2779-49b2-a258-d9a7c63f4ea2
    [status] => running
)

[2026-01-16 04:43:21] [14 MB] [chunked_processor] Transient save result
    DATA: Array
(
    [option_name] => speed_backups_job_9ea24571-2779-49b2-a258-d9a7c63f4ea2
    [success] => YES
)

[2026-01-16 04:43:21] [14 MB] [chunked_processor] Option save result
    DATA: Array
(
    [option_name] => speed_backups_job_9ea24571-2779-49b2-a258-d9a7c63f4ea2
    [success] => YES
)

[2026-01-16 04:43:21] [14 MB] [chunked_processor] Save verification (direct DB)
    DATA: Array
(
    [verified] => YES
)

[2026-01-16 04:43:21] [14 MB] [chunked_processor] get_job called
    DATA: Array
(
    [job_id] => 9ea24571-2779-49b2-a258-d9a7c63f4ea2
)

[2026-01-16 04:43:21] [14 MB] [chunked_processor] Transient lookup result
    DATA: Array
(
    [option_name] => speed_backups_job_9ea24571-2779-49b2-a258-d9a7c63f4ea2
    [found] => YES
)

[2026-01-16 04:43:21] [14 MB] [chunked_processor] Job retrieved successfully
    DATA: Array
(
    [status] => running
    [type] => restore
)

[2026-01-16 04:43:21] [14 MB] [chunked_processor] get_job called
    DATA: Array
(
    [job_id] => 9ea24571-2779-49b2-a258-d9a7c63f4ea2
)

[2026-01-16 04:43:21] [14 MB] [chunked_processor] Transient lookup result
    DATA: Array
(
    [option_name] => speed_backups_job_9ea24571-2779-49b2-a258-d9a7c63f4ea2
    [found] => YES
)

[2026-01-16 04:43:21] [14 MB] [chunked_processor] Job retrieved successfully
    DATA: Array
(
    [status] => running
    [type] => restore
)

[2026-01-16 04:43:21] [14 MB] [ERROR_HANDLER] PHP error handlers registered
[2026-01-16 04:43:21] [14 MB] [FUNCTION] >>> ENTER: process_chunk
    DATA: Array
(
    [0] => job_id
)

[2026-01-16 04:43:21] [14 MB] [chunked_processor] get_job called
    DATA: Array
(
    [job_id] => 9ea24571-2779-49b2-a258-d9a7c63f4ea2
)

[2026-01-16 04:43:21] [14 MB] [chunked_processor] Transient lookup result
    DATA: Array
(
    [option_name] => speed_backups_job_9ea24571-2779-49b2-a258-d9a7c63f4ea2
    [found] => YES
)

[2026-01-16 04:43:21] [14 MB] [chunked_processor] Job retrieved successfully
    DATA: Array
(
    [status] => running
    [type] => restore
)

[2026-01-16 04:43:21] [14 MB] [JOB_STATE] Job 9ea24571-2779-49b2-a258-d9a7c63f4ea2 state
    DATA: Array
(
    [status] => running
    [type] => restore
    [phase] => extract
    [progress] => 36.260036260036
)

[2026-01-16 04:43:21] [14 MB] [chunked_processor] get_job called
    DATA: Array
(
    [job_id] => 9ea24571-2779-49b2-a258-d9a7c63f4ea2
)

[2026-01-16 04:43:21] [14 MB] [chunked_processor] Transient lookup result
    DATA: Array
(
    [option_name] => speed_backups_job_9ea24571-2779-49b2-a258-d9a7c63f4ea2
    [found] => YES
)

[2026-01-16 04:43:21] [14 MB] [chunked_processor] Job retrieved successfully
    DATA: Array
(
    [status] => running
    [type] => restore
)

[2026-01-16 04:43:21] [14 MB] [chunked_processor] get_job called
    DATA: Array
(
    [job_id] => 9ea24571-2779-49b2-a258-d9a7c63f4ea2
)

[2026-01-16 04:43:21] [14 MB] [chunked_processor] Transient lookup result
    DATA: Array
(
    [option_name] => speed_backups_job_9ea24571-2779-49b2-a258-d9a7c63f4ea2
    [found] => YES
)

[2026-01-16 04:43:21] [14 MB] [chunked_processor] Job retrieved successfully
    DATA: Array
(
    [status] => running
    [type] => restore
)

[2026-01-16 04:43:21] [14 MB] [chunked_processor] save_job called
    DATA: Array
(
    [job_id] => 9ea24571-2779-49b2-a258-d9a7c63f4ea2
    [status] => running
)

[2026-01-16 04:43:21] [14 MB] [chunked_processor] Transient save result
    DATA: Array
(
    [option_name] => speed_backups_job_9ea24571-2779-49b2-a258-d9a7c63f4ea2
    [success] => YES
)

[2026-01-16 04:43:21] [14 MB] [chunked_processor] Option save result
    DATA: Array
(
    [option_name] => speed_backups_job_9ea24571-2779-49b2-a258-d9a7c63f4ea2
    [success] => YES
)

[2026-01-16 04:43:21] [14 MB] [chunked_processor] Save verification (direct DB)
    DATA: Array
(
    [verified] => YES
)

[2026-01-16 04:43:21] [14 MB] [chunked_processor] get_job called
    DATA: Array
(
    [job_id] => 9ea24571-2779-49b2-a258-d9a7c63f4ea2
)

[2026-01-16 04:43:21] [14 MB] [chunked_processor] Transient lookup result
    DATA: Array
(
    [option_name] => speed_backups_job_9ea24571-2779-49b2-a258-d9a7c63f4ea2
    [found] => YES
)

[2026-01-16 04:43:21] [14 MB] [chunked_processor] Job retrieved successfully
    DATA: Array
(
    [status] => running
    [type] => restore
)

[2026-01-16 04:43:21] [14 MB] [chunked_processor] save_job called
    DATA: Array
(
    [job_id] => 9ea24571-2779-49b2-a258-d9a7c63f4ea2
    [status] => running
)

[2026-01-16 04:43:21] [14 MB] [chunked_processor] Transient save result
    DATA: Array
(
    [option_name] => speed_backups_job_9ea24571-2779-49b2-a258-d9a7c63f4ea2
    [success] => YES
)

[2026-01-16 04:43:21] [14 MB] [chunked_processor] Option save result
    DATA: Array
(
    [option_name] => speed_backups_job_9ea24571-2779-49b2-a258-d9a7c63f4ea2
    [success] => YES
)

[2026-01-16 04:43:21] [14 MB] [chunked_processor] Save verification (direct DB)
    DATA: Array
(
    [verified] => YES
)

[2026-01-16 04:43:21] [14 MB] [chunked_processor] get_job called
    DATA: Array
(
    [job_id] => 9ea24571-2779-49b2-a258-d9a7c63f4ea2
)

[2026-01-16 04:43:21] [14 MB] [chunked_processor] Transient lookup result
    DATA: Array
(
    [option_name] => speed_backups_job_9ea24571-2779-49b2-a258-d9a7c63f4ea2
    [found] => YES
)

[2026-01-16 04:43:21] [14 MB] [chunked_processor] Job retrieved successfully
    DATA: Array
(
    [status] => running
    [type] => restore
)

[2026-01-16 04:43:21] [14 MB] [chunked_processor] get_job called
    DATA: Array
(
    [job_id] => 9ea24571-2779-49b2-a258-d9a7c63f4ea2
)

[2026-01-16 04:43:21] [14 MB] [chunked_processor] Transient lookup result
    DATA: Array
(
    [option_name] => speed_backups_job_9ea24571-2779-49b2-a258-d9a7c63f4ea2
    [found] => YES
)

[2026-01-16 04:43:21] [14 MB] [chunked_processor] Job retrieved successfully
    DATA: Array
(
    [status] => running
    [type] => restore
)

[2026-01-16 04:43:22] [14 MB] [ERROR_HANDLER] PHP error handlers registered
[2026-01-16 04:43:22] [14 MB] [FUNCTION] >>> ENTER: process_chunk
    DATA: Array
(
    [0] => job_id
)

[2026-01-16 04:43:22] [14 MB] [chunked_processor] get_job called
    DATA: Array
(
    [job_id] => 9ea24571-2779-49b2-a258-d9a7c63f4ea2
)

[2026-01-16 04:43:22] [14 MB] [chunked_processor] Transient lookup result
    DATA: Array
(
    [option_name] => speed_backups_job_9ea24571-2779-49b2-a258-d9a7c63f4ea2
    [found] => YES
)

[2026-01-16 04:43:22] [14 MB] [chunked_processor] Job retrieved successfully
    DATA: Array
(
    [status] => running
    [type] => restore
)

[2026-01-16 04:43:22] [14 MB] [JOB_STATE] Job 9ea24571-2779-49b2-a258-d9a7c63f4ea2 state
    DATA: Array
(
    [status] => running
    [type] => restore
    [phase] => extract
    [progress] => 37.555037555038
)

[2026-01-16 04:43:22] [14 MB] [chunked_processor] get_job called
    DATA: Array
(
    [job_id] => 9ea24571-2779-49b2-a258-d9a7c63f4ea2
)

[2026-01-16 04:43:22] [14 MB] [chunked_processor] Transient lookup result
    DATA: Array
(
    [option_name] => speed_backups_job_9ea24571-2779-49b2-a258-d9a7c63f4ea2
    [found] => YES
)

[2026-01-16 04:43:22] [14 MB] [chunked_processor] Job retrieved successfully
    DATA: Array
(
    [status] => running
    [type] => restore
)

[2026-01-16 04:43:22] [14 MB] [chunked_processor] get_job called
    DATA: Array
(
    [job_id] => 9ea24571-2779-49b2-a258-d9a7c63f4ea2
)

[2026-01-16 04:43:22] [14 MB] [chunked_processor] Transient lookup result
    DATA: Array
(
    [option_name] => speed_backups_job_9ea24571-2779-49b2-a258-d9a7c63f4ea2
    [found] => YES
)

[2026-01-16 04:43:22] [14 MB] [chunked_processor] Job retrieved successfully
    DATA: Array
(
    [status] => running
    [type] => restore
)

[2026-01-16 04:43:22] [14 MB] [chunked_processor] save_job called
    DATA: Array
(
    [job_id] => 9ea24571-2779-49b2-a258-d9a7c63f4ea2
    [status] => running
)

[2026-01-16 04:43:22] [14 MB] [chunked_processor] Transient save result
    DATA: Array
(
    [option_name] => speed_backups_job_9ea24571-2779-49b2-a258-d9a7c63f4ea2
    [success] => YES
)

[2026-01-16 04:43:22] [14 MB] [chunked_processor] Option save result
    DATA: Array
(
    [option_name] => speed_backups_job_9ea24571-2779-49b2-a258-d9a7c63f4ea2
    [success] => YES
)

[2026-01-16 04:43:22] [14 MB] [chunked_processor] Save verification (direct DB)
    DATA: Array
(
    [verified] => YES
)

[2026-01-16 04:43:22] [14 MB] [chunked_processor] get_job called
    DATA: Array
(
    [job_id] => 9ea24571-2779-49b2-a258-d9a7c63f4ea2
)

[2026-01-16 04:43:22] [14 MB] [chunked_processor] Transient lookup result
    DATA: Array
(
    [option_name] => speed_backups_job_9ea24571-2779-49b2-a258-d9a7c63f4ea2
    [found] => YES
)

[2026-01-16 04:43:22] [14 MB] [chunked_processor] Job retrieved successfully
    DATA: Array
(
    [status] => running
    [type] => restore
)

[2026-01-16 04:43:22] [14 MB] [chunked_processor] save_job called
    DATA: Array
(
    [job_id] => 9ea24571-2779-49b2-a258-d9a7c63f4ea2
    [status] => running
)

[2026-01-16 04:43:22] [14 MB] [chunked_processor] Transient save result
    DATA: Array
(
    [option_name] => speed_backups_job_9ea24571-2779-49b2-a258-d9a7c63f4ea2
    [success] => YES
)

[2026-01-16 04:43:22] [14 MB] [chunked_processor] Option save result
    DATA: Array
(
    [option_name] => speed_backups_job_9ea24571-2779-49b2-a258-d9a7c63f4ea2
    [success] => YES
)

[2026-01-16 04:43:22] [14 MB] [chunked_processor] Save verification (direct DB)
    DATA: Array
(
    [verified] => YES
)

[2026-01-16 04:43:22] [14 MB] [chunked_processor] get_job called
    DATA: Array
(
    [job_id] => 9ea24571-2779-49b2-a258-d9a7c63f4ea2
)

[2026-01-16 04:43:22] [14 MB] [chunked_processor] Transient lookup result
    DATA: Array
(
    [option_name] => speed_backups_job_9ea24571-2779-49b2-a258-d9a7c63f4ea2
    [found] => YES
)

[2026-01-16 04:43:22] [14 MB] [chunked_processor] Job retrieved successfully
    DATA: Array
(
    [status] => running
    [type] => restore
)

[2026-01-16 04:43:22] [14 MB] [chunked_processor] get_job called
    DATA: Array
(
    [job_id] => 9ea24571-2779-49b2-a258-d9a7c63f4ea2
)

[2026-01-16 04:43:22] [14 MB] [chunked_processor] Transient lookup result
    DATA: Array
(
    [option_name] => speed_backups_job_9ea24571-2779-49b2-a258-d9a7c63f4ea2
    [found] => YES
)

[2026-01-16 04:43:22] [14 MB] [chunked_processor] Job retrieved successfully
    DATA: Array
(
    [status] => running
    [type] => restore
)

[2026-01-16 04:43:22] [14 MB] [ERROR_HANDLER] PHP error handlers registered
[2026-01-16 04:43:22] [14 MB] [FUNCTION] >>> ENTER: process_chunk
    DATA: Array
(
    [0] => job_id
)

[2026-01-16 04:43:22] [14 MB] [chunked_processor] get_job called
    DATA: Array
(
    [job_id] => 9ea24571-2779-49b2-a258-d9a7c63f4ea2
)

[2026-01-16 04:43:22] [14 MB] [chunked_processor] Transient lookup result
    DATA: Array
(
    [option_name] => speed_backups_job_9ea24571-2779-49b2-a258-d9a7c63f4ea2
    [found] => YES
)

[2026-01-16 04:43:22] [14 MB] [chunked_processor] Job retrieved successfully
    DATA: Array
(
    [status] => running
    [type] => restore
)

[2026-01-16 04:43:22] [14 MB] [JOB_STATE] Job 9ea24571-2779-49b2-a258-d9a7c63f4ea2 state
    DATA: Array
(
    [status] => running
    [type] => restore
    [phase] => extract
    [progress] => 38.850038850039
)

[2026-01-16 04:43:22] [14 MB] [chunked_processor] get_job called
    DATA: Array
(
    [job_id] => 9ea24571-2779-49b2-a258-d9a7c63f4ea2
)

[2026-01-16 04:43:22] [14 MB] [chunked_processor] Transient lookup result
    DATA: Array
(
    [option_name] => speed_backups_job_9ea24571-2779-49b2-a258-d9a7c63f4ea2
    [found] => YES
)

[2026-01-16 04:43:22] [14 MB] [chunked_processor] Job retrieved successfully
    DATA: Array
(
    [status] => running
    [type] => restore
)

[2026-01-16 04:43:22] [14 MB] [chunked_processor] get_job called
    DATA: Array
(
    [job_id] => 9ea24571-2779-49b2-a258-d9a7c63f4ea2
)

[2026-01-16 04:43:22] [14 MB] [chunked_processor] Transient lookup result
    DATA: Array
(
    [option_name] => speed_backups_job_9ea24571-2779-49b2-a258-d9a7c63f4ea2
    [found] => YES
)

[2026-01-16 04:43:22] [14 MB] [chunked_processor] Job retrieved successfully
    DATA: Array
(
    [status] => running
    [type] => restore
)

[2026-01-16 04:43:22] [14 MB] [chunked_processor] save_job called
    DATA: Array
(
    [job_id] => 9ea24571-2779-49b2-a258-d9a7c63f4ea2
    [status] => running
)

[2026-01-16 04:43:22] [14 MB] [chunked_processor] Transient save result
    DATA: Array
(
    [option_name] => speed_backups_job_9ea24571-2779-49b2-a258-d9a7c63f4ea2
    [success] => YES
)

[2026-01-16 04:43:22] [14 MB] [chunked_processor] Option save result
    DATA: Array
(
    [option_name] => speed_backups_job_9ea24571-2779-49b2-a258-d9a7c63f4ea2
    [success] => YES
)

[2026-01-16 04:43:22] [14 MB] [chunked_processor] Save verification (direct DB)
    DATA: Array
(
    [verified] => YES
)

[2026-01-16 04:43:22] [14 MB] [chunked_processor] get_job called
    DATA: Array
(
    [job_id] => 9ea24571-2779-49b2-a258-d9a7c63f4ea2
)

[2026-01-16 04:43:22] [14 MB] [chunked_processor] Transient lookup result
    DATA: Array
(
    [option_name] => speed_backups_job_9ea24571-2779-49b2-a258-d9a7c63f4ea2
    [found] => YES
)

[2026-01-16 04:43:22] [14 MB] [chunked_processor] Job retrieved successfully
    DATA: Array
(
    [status] => running
    [type] => restore
)

[2026-01-16 04:43:22] [14 MB] [chunked_processor] save_job called
    DATA: Array
(
    [job_id] => 9ea24571-2779-49b2-a258-d9a7c63f4ea2
    [status] => running
)

[2026-01-16 04:43:22] [14 MB] [chunked_processor] Transient save result
    DATA: Array
(
    [option_name] => speed_backups_job_9ea24571-2779-49b2-a258-d9a7c63f4ea2
    [success] => YES
)

[2026-01-16 04:43:22] [14 MB] [chunked_processor] Option save result
    DATA: Array
(
    [option_name] => speed_backups_job_9ea24571-2779-49b2-a258-d9a7c63f4ea2
    [success] => YES
)

[2026-01-16 04:43:22] [14 MB] [chunked_processor] Save verification (direct DB)
    DATA: Array
(
    [verified] => YES
)

[2026-01-16 04:43:22] [14 MB] [chunked_processor] get_job called
    DATA: Array
(
    [job_id] => 9ea24571-2779-49b2-a258-d9a7c63f4ea2
)

[2026-01-16 04:43:22] [14 MB] [chunked_processor] Transient lookup result
    DATA: Array
(
    [option_name] => speed_backups_job_9ea24571-2779-49b2-a258-d9a7c63f4ea2
    [found] => YES
)

[2026-01-16 04:43:22] [14 MB] [chunked_processor] Job retrieved successfully
    DATA: Array
(
    [status] => running
    [type] => restore
)

[2026-01-16 04:43:22] [14 MB] [chunked_processor] get_job called
    DATA: Array
(
    [job_id] => 9ea24571-2779-49b2-a258-d9a7c63f4ea2
)

[2026-01-16 04:43:22] [14 MB] [chunked_processor] Transient lookup result
    DATA: Array
(
    [option_name] => speed_backups_job_9ea24571-2779-49b2-a258-d9a7c63f4ea2
    [found] => YES
)

[2026-01-16 04:43:22] [14 MB] [chunked_processor] Job retrieved successfully
    DATA: Array
(
    [status] => running
    [type] => restore
)

[2026-01-16 04:43:23] [14 MB] [ERROR_HANDLER] PHP error handlers registered
[2026-01-16 04:43:23] [14 MB] [FUNCTION] >>> ENTER: process_chunk
    DATA: Array
(
    [0] => job_id
)

[2026-01-16 04:43:23] [14 MB] [chunked_processor] get_job called
    DATA: Array
(
    [job_id] => 9ea24571-2779-49b2-a258-d9a7c63f4ea2
)

[2026-01-16 04:43:23] [14 MB] [chunked_processor] Transient lookup result
    DATA: Array
(
    [option_name] => speed_backups_job_9ea24571-2779-49b2-a258-d9a7c63f4ea2
    [found] => YES
)

[2026-01-16 04:43:23] [14 MB] [chunked_processor] Job retrieved successfully
    DATA: Array
(
    [status] => running
    [type] => restore
)

[2026-01-16 04:43:23] [14 MB] [JOB_STATE] Job 9ea24571-2779-49b2-a258-d9a7c63f4ea2 state
    DATA: Array
(
    [status] => running
    [type] => restore
    [phase] => extract
    [progress] => 40.14504014504
)

[2026-01-16 04:43:23] [14 MB] [chunked_processor] get_job called
    DATA: Array
(
    [job_id] => 9ea24571-2779-49b2-a258-d9a7c63f4ea2
)

[2026-01-16 04:43:23] [14 MB] [chunked_processor] Transient lookup result
    DATA: Array
(
    [option_name] => speed_backups_job_9ea24571-2779-49b2-a258-d9a7c63f4ea2
    [found] => YES
)

[2026-01-16 04:43:23] [14 MB] [chunked_processor] Job retrieved successfully
    DATA: Array
(
    [status] => running
    [type] => restore
)

[2026-01-16 04:43:23] [14 MB] [chunked_processor] get_job called
    DATA: Array
(
    [job_id] => 9ea24571-2779-49b2-a258-d9a7c63f4ea2
)

[2026-01-16 04:43:23] [14 MB] [chunked_processor] Transient lookup result
    DATA: Array
(
    [option_name] => speed_backups_job_9ea24571-2779-49b2-a258-d9a7c63f4ea2
    [found] => YES
)

[2026-01-16 04:43:23] [14 MB] [chunked_processor] Job retrieved successfully
    DATA: Array
(
    [status] => running
    [type] => restore
)

[2026-01-16 04:43:23] [14 MB] [chunked_processor] save_job called
    DATA: Array
(
    [job_id] => 9ea24571-2779-49b2-a258-d9a7c63f4ea2
    [status] => running
)

[2026-01-16 04:43:23] [14 MB] [chunked_processor] Transient save result
    DATA: Array
(
    [option_name] => speed_backups_job_9ea24571-2779-49b2-a258-d9a7c63f4ea2
    [success] => YES
)

[2026-01-16 04:43:23] [14 MB] [chunked_processor] Option save result
    DATA: Array
(
    [option_name] => speed_backups_job_9ea24571-2779-49b2-a258-d9a7c63f4ea2
    [success] => YES
)

[2026-01-16 04:43:23] [14 MB] [chunked_processor] Save verification (direct DB)
    DATA: Array
(
    [verified] => YES
)

[2026-01-16 04:43:23] [14 MB] [chunked_processor] get_job called
    DATA: Array
(
    [job_id] => 9ea24571-2779-49b2-a258-d9a7c63f4ea2
)

[2026-01-16 04:43:23] [14 MB] [chunked_processor] Transient lookup result
    DATA: Array
(
    [option_name] => speed_backups_job_9ea24571-2779-49b2-a258-d9a7c63f4ea2
    [found] => YES
)

[2026-01-16 04:43:23] [14 MB] [chunked_processor] Job retrieved successfully
    DATA: Array
(
    [status] => running
    [type] => restore
)

[2026-01-16 04:43:23] [14 MB] [chunked_processor] save_job called
    DATA: Array
(
    [job_id] => 9ea24571-2779-49b2-a258-d9a7c63f4ea2
    [status] => running
)

[2026-01-16 04:43:23] [14 MB] [chunked_processor] Transient save result
    DATA: Array
(
    [option_name] => speed_backups_job_9ea24571-2779-49b2-a258-d9a7c63f4ea2
    [success] => YES
)

[2026-01-16 04:43:23] [14 MB] [chunked_processor] Option save result
    DATA: Array
(
    [option_name] => speed_backups_job_9ea24571-2779-49b2-a258-d9a7c63f4ea2
    [success] => YES
)

[2026-01-16 04:43:23] [14 MB] [chunked_processor] Save verification (direct DB)
    DATA: Array
(
    [verified] => YES
)

[2026-01-16 04:43:23] [14 MB] [chunked_processor] get_job called
    DATA: Array
(
    [job_id] => 9ea24571-2779-49b2-a258-d9a7c63f4ea2
)

[2026-01-16 04:43:23] [14 MB] [chunked_processor] Transient lookup result
    DATA: Array
(
    [option_name] => speed_backups_job_9ea24571-2779-49b2-a258-d9a7c63f4ea2
    [found] => YES
)

[2026-01-16 04:43:23] [14 MB] [chunked_processor] Job retrieved successfully
    DATA: Array
(
    [status] => running
    [type] => restore
)

[2026-01-16 04:43:23] [14 MB] [chunked_processor] get_job called
    DATA: Array
(
    [job_id] => 9ea24571-2779-49b2-a258-d9a7c63f4ea2
)

[2026-01-16 04:43:23] [14 MB] [chunked_processor] Transient lookup result
    DATA: Array
(
    [option_name] => speed_backups_job_9ea24571-2779-49b2-a258-d9a7c63f4ea2
    [found] => YES
)

[2026-01-16 04:43:23] [14 MB] [chunked_processor] Job retrieved successfully
    DATA: Array
(
    [status] => running
    [type] => restore
)

[2026-01-16 04:43:23] [14 MB] [ERROR_HANDLER] PHP error handlers registered
[2026-01-16 04:43:24] [14 MB] [FUNCTION] >>> ENTER: process_chunk
    DATA: Array
(
    [0] => job_id
)

[2026-01-16 04:43:24] [14 MB] [chunked_processor] get_job called
    DATA: Array
(
    [job_id] => 9ea24571-2779-49b2-a258-d9a7c63f4ea2
)

[2026-01-16 04:43:24] [14 MB] [chunked_processor] Transient lookup result
    DATA: Array
(
    [option_name] => speed_backups_job_9ea24571-2779-49b2-a258-d9a7c63f4ea2
    [found] => YES
)

[2026-01-16 04:43:24] [14 MB] [chunked_processor] Job retrieved successfully
    DATA: Array
(
    [status] => running
    [type] => restore
)

[2026-01-16 04:43:24] [14 MB] [JOB_STATE] Job 9ea24571-2779-49b2-a258-d9a7c63f4ea2 state
    DATA: Array
(
    [status] => running
    [type] => restore
    [phase] => extract
    [progress] => 41.440041440041
)

[2026-01-16 04:43:24] [14 MB] [chunked_processor] get_job called
    DATA: Array
(
    [job_id] => 9ea24571-2779-49b2-a258-d9a7c63f4ea2
)

[2026-01-16 04:43:24] [14 MB] [chunked_processor] Transient lookup result
    DATA: Array
(
    [option_name] => speed_backups_job_9ea24571-2779-49b2-a258-d9a7c63f4ea2
    [found] => YES
)

[2026-01-16 04:43:24] [14 MB] [chunked_processor] Job retrieved successfully
    DATA: Array
(
    [status] => running
    [type] => restore
)

[2026-01-16 04:43:24] [14 MB] [chunked_processor] get_job called
    DATA: Array
(
    [job_id] => 9ea24571-2779-49b2-a258-d9a7c63f4ea2
)

[2026-01-16 04:43:24] [14 MB] [chunked_processor] Transient lookup result
    DATA: Array
(
    [option_name] => speed_backups_job_9ea24571-2779-49b2-a258-d9a7c63f4ea2
    [found] => YES
)

[2026-01-16 04:43:24] [14 MB] [chunked_processor] Job retrieved successfully
    DATA: Array
(
    [status] => running
    [type] => restore
)

[2026-01-16 04:43:24] [14 MB] [chunked_processor] save_job called
    DATA: Array
(
    [job_id] => 9ea24571-2779-49b2-a258-d9a7c63f4ea2
    [status] => running
)

[2026-01-16 04:43:24] [14 MB] [chunked_processor] Transient save result
    DATA: Array
(
    [option_name] => speed_backups_job_9ea24571-2779-49b2-a258-d9a7c63f4ea2
    [success] => YES
)

[2026-01-16 04:43:24] [14 MB] [chunked_processor] Option save result
    DATA: Array
(
    [option_name] => speed_backups_job_9ea24571-2779-49b2-a258-d9a7c63f4ea2
    [success] => YES
)

[2026-01-16 04:43:24] [14 MB] [chunked_processor] Save verification (direct DB)
    DATA: Array
(
    [verified] => YES
)

[2026-01-16 04:43:24] [14 MB] [chunked_processor] get_job called
    DATA: Array
(
    [job_id] => 9ea24571-2779-49b2-a258-d9a7c63f4ea2
)

[2026-01-16 04:43:24] [14 MB] [chunked_processor] Transient lookup result
    DATA: Array
(
    [option_name] => speed_backups_job_9ea24571-2779-49b2-a258-d9a7c63f4ea2
    [found] => YES
)

[2026-01-16 04:43:24] [14 MB] [chunked_processor] Job retrieved successfully
    DATA: Array
(
    [status] => running
    [type] => restore
)

[2026-01-16 04:43:24] [14 MB] [chunked_processor] save_job called
    DATA: Array
(
    [job_id] => 9ea24571-2779-49b2-a258-d9a7c63f4ea2
    [status] => running
)

[2026-01-16 04:43:24] [14 MB] [chunked_processor] Transient save result
    DATA: Array
(
    [option_name] => speed_backups_job_9ea24571-2779-49b2-a258-d9a7c63f4ea2
    [success] => YES
)

[2026-01-16 04:43:24] [14 MB] [chunked_processor] Option save result
    DATA: Array
(
    [option_name] => speed_backups_job_9ea24571-2779-49b2-a258-d9a7c63f4ea2
    [success] => YES
)

[2026-01-16 04:43:24] [14 MB] [chunked_processor] Save verification (direct DB)
    DATA: Array
(
    [verified] => YES
)

[2026-01-16 04:43:24] [14 MB] [chunked_processor] get_job called
    DATA: Array
(
    [job_id] => 9ea24571-2779-49b2-a258-d9a7c63f4ea2
)

[2026-01-16 04:43:24] [14 MB] [chunked_processor] Transient lookup result
    DATA: Array
(
    [option_name] => speed_backups_job_9ea24571-2779-49b2-a258-d9a7c63f4ea2
    [found] => YES
)

[2026-01-16 04:43:24] [14 MB] [chunked_processor] Job retrieved successfully
    DATA: Array
(
    [status] => running
    [type] => restore
)

[2026-01-16 04:43:24] [14 MB] [chunked_processor] get_job called
    DATA: Array
(
    [job_id] => 9ea24571-2779-49b2-a258-d9a7c63f4ea2
)

[2026-01-16 04:43:24] [14 MB] [chunked_processor] Transient lookup result
    DATA: Array
(
    [option_name] => speed_backups_job_9ea24571-2779-49b2-a258-d9a7c63f4ea2
    [found] => YES
)

[2026-01-16 04:43:24] [14 MB] [chunked_processor] Job retrieved successfully
    DATA: Array
(
    [status] => running
    [type] => restore
)

[2026-01-16 04:43:24] [14 MB] [ERROR_HANDLER] PHP error handlers registered
[2026-01-16 04:43:24] [14 MB] [FUNCTION] >>> ENTER: process_chunk
    DATA: Array
(
    [0] => job_id
)

[2026-01-16 04:43:24] [14 MB] [chunked_processor] get_job called
    DATA: Array
(
    [job_id] => 9ea24571-2779-49b2-a258-d9a7c63f4ea2
)

[2026-01-16 04:43:24] [14 MB] [chunked_processor] Transient lookup result
    DATA: Array
(
    [option_name] => speed_backups_job_9ea24571-2779-49b2-a258-d9a7c63f4ea2
    [found] => YES
)

[2026-01-16 04:43:24] [14 MB] [chunked_processor] Job retrieved successfully
    DATA: Array
(
    [status] => running
    [type] => restore
)

[2026-01-16 04:43:24] [14 MB] [JOB_STATE] Job 9ea24571-2779-49b2-a258-d9a7c63f4ea2 state
    DATA: Array
(
    [status] => running
    [type] => restore
    [phase] => extract
    [progress] => 42.735042735043
)

[2026-01-16 04:43:24] [14 MB] [chunked_processor] get_job called
    DATA: Array
(
    [job_id] => 9ea24571-2779-49b2-a258-d9a7c63f4ea2
)

[2026-01-16 04:43:24] [14 MB] [chunked_processor] Transient lookup result
    DATA: Array
(
    [option_name] => speed_backups_job_9ea24571-2779-49b2-a258-d9a7c63f4ea2
    [found] => YES
)

[2026-01-16 04:43:24] [14 MB] [chunked_processor] Job retrieved successfully
    DATA: Array
(
    [status] => running
    [type] => restore
)

[2026-01-16 04:43:24] [14 MB] [chunked_processor] get_job called
    DATA: Array
(
    [job_id] => 9ea24571-2779-49b2-a258-d9a7c63f4ea2
)

[2026-01-16 04:43:24] [14 MB] [chunked_processor] Transient lookup result
    DATA: Array
(
    [option_name] => speed_backups_job_9ea24571-2779-49b2-a258-d9a7c63f4ea2
    [found] => YES
)

[2026-01-16 04:43:24] [14 MB] [chunked_processor] Job retrieved successfully
    DATA: Array
(
    [status] => running
    [type] => restore
)

[2026-01-16 04:43:24] [14 MB] [chunked_processor] save_job called
    DATA: Array
(
    [job_id] => 9ea24571-2779-49b2-a258-d9a7c63f4ea2
    [status] => running
)

[2026-01-16 04:43:24] [14 MB] [chunked_processor] Transient save result
    DATA: Array
(
    [option_name] => speed_backups_job_9ea24571-2779-49b2-a258-d9a7c63f4ea2
    [success] => YES
)

[2026-01-16 04:43:24] [14 MB] [chunked_processor] Option save result
    DATA: Array
(
    [option_name] => speed_backups_job_9ea24571-2779-49b2-a258-d9a7c63f4ea2
    [success] => YES
)

[2026-01-16 04:43:24] [14 MB] [chunked_processor] Save verification (direct DB)
    DATA: Array
(
    [verified] => YES
)

[2026-01-16 04:43:24] [14 MB] [chunked_processor] get_job called
    DATA: Array
(
    [job_id] => 9ea24571-2779-49b2-a258-d9a7c63f4ea2
)

[2026-01-16 04:43:24] [14 MB] [chunked_processor] Transient lookup result
    DATA: Array
(
    [option_name] => speed_backups_job_9ea24571-2779-49b2-a258-d9a7c63f4ea2
    [found] => YES
)

[2026-01-16 04:43:24] [14 MB] [chunked_processor] Job retrieved successfully
    DATA: Array
(
    [status] => running
    [type] => restore
)

[2026-01-16 04:43:24] [14 MB] [chunked_processor] save_job called
    DATA: Array
(
    [job_id] => 9ea24571-2779-49b2-a258-d9a7c63f4ea2
    [status] => running
)

[2026-01-16 04:43:24] [14 MB] [chunked_processor] Transient save result
    DATA: Array
(
    [option_name] => speed_backups_job_9ea24571-2779-49b2-a258-d9a7c63f4ea2
    [success] => YES
)

[2026-01-16 04:43:24] [14 MB] [chunked_processor] Option save result
    DATA: Array
(
    [option_name] => speed_backups_job_9ea24571-2779-49b2-a258-d9a7c63f4ea2
    [success] => YES
)

[2026-01-16 04:43:24] [14 MB] [chunked_processor] Save verification (direct DB)
    DATA: Array
(
    [verified] => YES
)

[2026-01-16 04:43:24] [14 MB] [chunked_processor] get_job called
    DATA: Array
(
    [job_id] => 9ea24571-2779-49b2-a258-d9a7c63f4ea2
)

[2026-01-16 04:43:24] [14 MB] [chunked_processor] Transient lookup result
    DATA: Array
(
    [option_name] => speed_backups_job_9ea24571-2779-49b2-a258-d9a7c63f4ea2
    [found] => YES
)

[2026-01-16 04:43:24] [14 MB] [chunked_processor] Job retrieved successfully
    DATA: Array
(
    [status] => running
    [type] => restore
)

[2026-01-16 04:43:24] [14 MB] [chunked_processor] get_job called
    DATA: Array
(
    [job_id] => 9ea24571-2779-49b2-a258-d9a7c63f4ea2
)

[2026-01-16 04:43:24] [14 MB] [chunked_processor] Transient lookup result
    DATA: Array
(
    [option_name] => speed_backups_job_9ea24571-2779-49b2-a258-d9a7c63f4ea2
    [found] => YES
)

[2026-01-16 04:43:24] [14 MB] [chunked_processor] Job retrieved successfully
    DATA: Array
(
    [status] => running
    [type] => restore
)

[2026-01-16 04:43:24] [14 MB] [ERROR_HANDLER] PHP error handlers registered
[2026-01-16 04:43:24] [14 MB] [FUNCTION] >>> ENTER: process_chunk
    DATA: Array
(
    [0] => job_id
)

[2026-01-16 04:43:24] [14 MB] [chunked_processor] get_job called
    DATA: Array
(
    [job_id] => 9ea24571-2779-49b2-a258-d9a7c63f4ea2
)

[2026-01-16 04:43:24] [14 MB] [chunked_processor] Transient lookup result
    DATA: Array
(
    [option_name] => speed_backups_job_9ea24571-2779-49b2-a258-d9a7c63f4ea2
    [found] => YES
)

[2026-01-16 04:43:24] [14 MB] [chunked_processor] Job retrieved successfully
    DATA: Array
(
    [status] => running
    [type] => restore
)

[2026-01-16 04:43:24] [14 MB] [JOB_STATE] Job 9ea24571-2779-49b2-a258-d9a7c63f4ea2 state
    DATA: Array
(
    [status] => running
    [type] => restore
    [phase] => extract
    [progress] => 44.030044030044
)

[2026-01-16 04:43:24] [14 MB] [chunked_processor] get_job called
    DATA: Array
(
    [job_id] => 9ea24571-2779-49b2-a258-d9a7c63f4ea2
)

[2026-01-16 04:43:24] [14 MB] [chunked_processor] Transient lookup result
    DATA: Array
(
    [option_name] => speed_backups_job_9ea24571-2779-49b2-a258-d9a7c63f4ea2
    [found] => YES
)

[2026-01-16 04:43:24] [14 MB] [chunked_processor] Job retrieved successfully
    DATA: Array
(
    [status] => running
    [type] => restore
)

[2026-01-16 04:43:24] [14 MB] [chunked_processor] get_job called
    DATA: Array
(
    [job_id] => 9ea24571-2779-49b2-a258-d9a7c63f4ea2
)

[2026-01-16 04:43:24] [14 MB] [chunked_processor] Transient lookup result
    DATA: Array
(
    [option_name] => speed_backups_job_9ea24571-2779-49b2-a258-d9a7c63f4ea2
    [found] => YES
)

[2026-01-16 04:43:24] [14 MB] [chunked_processor] Job retrieved successfully
    DATA: Array
(
    [status] => running
    [type] => restore
)

[2026-01-16 04:43:24] [14 MB] [chunked_processor] save_job called
    DATA: Array
(
    [job_id] => 9ea24571-2779-49b2-a258-d9a7c63f4ea2
    [status] => running
)

[2026-01-16 04:43:24] [14 MB] [chunked_processor] Transient save result
    DATA: Array
(
    [option_name] => speed_backups_job_9ea24571-2779-49b2-a258-d9a7c63f4ea2
    [success] => YES
)

[2026-01-16 04:43:24] [14 MB] [chunked_processor] Option save result
    DATA: Array
(
    [option_name] => speed_backups_job_9ea24571-2779-49b2-a258-d9a7c63f4ea2
    [success] => YES
)

[2026-01-16 04:43:24] [14 MB] [chunked_processor] Save verification (direct DB)
    DATA: Array
(
    [verified] => YES
)

[2026-01-16 04:43:25] [14 MB] [chunked_processor] get_job called
    DATA: Array
(
    [job_id] => 9ea24571-2779-49b2-a258-d9a7c63f4ea2
)

[2026-01-16 04:43:25] [14 MB] [chunked_processor] Transient lookup result
    DATA: Array
(
    [option_name] => speed_backups_job_9ea24571-2779-49b2-a258-d9a7c63f4ea2
    [found] => YES
)

[2026-01-16 04:43:25] [14 MB] [chunked_processor] Job retrieved successfully
    DATA: Array
(
    [status] => running
    [type] => restore
)

[2026-01-16 04:43:25] [14 MB] [chunked_processor] save_job called
    DATA: Array
(
    [job_id] => 9ea24571-2779-49b2-a258-d9a7c63f4ea2
    [status] => running
)

[2026-01-16 04:43:25] [14 MB] [chunked_processor] Transient save result
    DATA: Array
(
    [option_name] => speed_backups_job_9ea24571-2779-49b2-a258-d9a7c63f4ea2
    [success] => YES
)

[2026-01-16 04:43:25] [14 MB] [chunked_processor] Option save result
    DATA: Array
(
    [option_name] => speed_backups_job_9ea24571-2779-49b2-a258-d9a7c63f4ea2
    [success] => YES
)

[2026-01-16 04:43:25] [14 MB] [chunked_processor] Save verification (direct DB)
    DATA: Array
(
    [verified] => YES
)

[2026-01-16 04:43:25] [14 MB] [chunked_processor] get_job called
    DATA: Array
(
    [job_id] => 9ea24571-2779-49b2-a258-d9a7c63f4ea2
)

[2026-01-16 04:43:25] [14 MB] [chunked_processor] Transient lookup result
    DATA: Array
(
    [option_name] => speed_backups_job_9ea24571-2779-49b2-a258-d9a7c63f4ea2
    [found] => YES
)

[2026-01-16 04:43:25] [14 MB] [chunked_processor] Job retrieved successfully
    DATA: Array
(
    [status] => running
    [type] => restore
)

[2026-01-16 04:43:25] [14 MB] [chunked_processor] get_job called
    DATA: Array
(
    [job_id] => 9ea24571-2779-49b2-a258-d9a7c63f4ea2
)

[2026-01-16 04:43:25] [14 MB] [chunked_processor] Transient lookup result
    DATA: Array
(
    [option_name] => speed_backups_job_9ea24571-2779-49b2-a258-d9a7c63f4ea2
    [found] => YES
)

[2026-01-16 04:43:25] [14 MB] [chunked_processor] Job retrieved successfully
    DATA: Array
(
    [status] => running
    [type] => restore
)

[2026-01-16 04:43:25] [14 MB] [ERROR_HANDLER] PHP error handlers registered
[2026-01-16 04:43:25] [14 MB] [FUNCTION] >>> ENTER: process_chunk
    DATA: Array
(
    [0] => job_id
)

[2026-01-16 04:43:25] [14 MB] [chunked_processor] get_job called
    DATA: Array
(
    [job_id] => 9ea24571-2779-49b2-a258-d9a7c63f4ea2
)

[2026-01-16 04:43:25] [14 MB] [chunked_processor] Transient lookup result
    DATA: Array
(
    [option_name] => speed_backups_job_9ea24571-2779-49b2-a258-d9a7c63f4ea2
    [found] => YES
)

[2026-01-16 04:43:25] [14 MB] [chunked_processor] Job retrieved successfully
    DATA: Array
(
    [status] => running
    [type] => restore
)

[2026-01-16 04:43:25] [14 MB] [JOB_STATE] Job 9ea24571-2779-49b2-a258-d9a7c63f4ea2 state
    DATA: Array
(
    [status] => running
    [type] => restore
    [phase] => extract
    [progress] => 45.325045325045
)

[2026-01-16 04:43:25] [14 MB] [chunked_processor] get_job called
    DATA: Array
(
    [job_id] => 9ea24571-2779-49b2-a258-d9a7c63f4ea2
)

[2026-01-16 04:43:25] [14 MB] [chunked_processor] Transient lookup result
    DATA: Array
(
    [option_name] => speed_backups_job_9ea24571-2779-49b2-a258-d9a7c63f4ea2
    [found] => YES
)

[2026-01-16 04:43:25] [14 MB] [chunked_processor] Job retrieved successfully
    DATA: Array
(
    [status] => running
    [type] => restore
)

[2026-01-16 04:43:25] [14 MB] [chunked_processor] get_job called
    DATA: Array
(
    [job_id] => 9ea24571-2779-49b2-a258-d9a7c63f4ea2
)

[2026-01-16 04:43:25] [14 MB] [chunked_processor] Transient lookup result
    DATA: Array
(
    [option_name] => speed_backups_job_9ea24571-2779-49b2-a258-d9a7c63f4ea2
    [found] => YES
)

[2026-01-16 04:43:25] [14 MB] [chunked_processor] Job retrieved successfully
    DATA: Array
(
    [status] => running
    [type] => restore
)

[2026-01-16 04:43:25] [14 MB] [chunked_processor] save_job called
    DATA: Array
(
    [job_id] => 9ea24571-2779-49b2-a258-d9a7c63f4ea2
    [status] => running
)

[2026-01-16 04:43:25] [14 MB] [chunked_processor] Transient save result
    DATA: Array
(
    [option_name] => speed_backups_job_9ea24571-2779-49b2-a258-d9a7c63f4ea2
    [success] => YES
)

[2026-01-16 04:43:25] [14 MB] [chunked_processor] Option save result
    DATA: Array
(
    [option_name] => speed_backups_job_9ea24571-2779-49b2-a258-d9a7c63f4ea2
    [success] => YES
)

[2026-01-16 04:43:25] [14 MB] [chunked_processor] Save verification (direct DB)
    DATA: Array
(
    [verified] => YES
)

[2026-01-16 04:43:25] [14 MB] [chunked_processor] get_job called
    DATA: Array
(
    [job_id] => 9ea24571-2779-49b2-a258-d9a7c63f4ea2
)

[2026-01-16 04:43:25] [14 MB] [chunked_processor] Transient lookup result
    DATA: Array
(
    [option_name] => speed_backups_job_9ea24571-2779-49b2-a258-d9a7c63f4ea2
    [found] => YES
)

[2026-01-16 04:43:25] [14 MB] [chunked_processor] Job retrieved successfully
    DATA: Array
(
    [status] => running
    [type] => restore
)

[2026-01-16 04:43:25] [14 MB] [chunked_processor] save_job called
    DATA: Array
(
    [job_id] => 9ea24571-2779-49b2-a258-d9a7c63f4ea2
    [status] => running
)

[2026-01-16 04:43:25] [14 MB] [chunked_processor] Transient save result
    DATA: Array
(
    [option_name] => speed_backups_job_9ea24571-2779-49b2-a258-d9a7c63f4ea2
    [success] => YES
)

[2026-01-16 04:43:25] [14 MB] [chunked_processor] Option save result
    DATA: Array
(
    [option_name] => speed_backups_job_9ea24571-2779-49b2-a258-d9a7c63f4ea2
    [success] => YES
)

[2026-01-16 04:43:25] [14 MB] [chunked_processor] Save verification (direct DB)
    DATA: Array
(
    [verified] => YES
)

[2026-01-16 04:43:25] [14 MB] [chunked_processor] get_job called
    DATA: Array
(
    [job_id] => 9ea24571-2779-49b2-a258-d9a7c63f4ea2
)

[2026-01-16 04:43:25] [14 MB] [chunked_processor] Transient lookup result
    DATA: Array
(
    [option_name] => speed_backups_job_9ea24571-2779-49b2-a258-d9a7c63f4ea2
    [found] => YES
)

[2026-01-16 04:43:25] [14 MB] [chunked_processor] Job retrieved successfully
    DATA: Array
(
    [status] => running
    [type] => restore
)

[2026-01-16 04:43:25] [14 MB] [chunked_processor] get_job called
    DATA: Array
(
    [job_id] => 9ea24571-2779-49b2-a258-d9a7c63f4ea2
)

[2026-01-16 04:43:25] [14 MB] [chunked_processor] Transient lookup result
    DATA: Array
(
    [option_name] => speed_backups_job_9ea24571-2779-49b2-a258-d9a7c63f4ea2
    [found] => YES
)

[2026-01-16 04:43:25] [14 MB] [chunked_processor] Job retrieved successfully
    DATA: Array
(
    [status] => running
    [type] => restore
)

[2026-01-16 04:43:25] [14 MB] [ERROR_HANDLER] PHP error handlers registered
[2026-01-16 04:43:26] [14 MB] [FUNCTION] >>> ENTER: process_chunk
    DATA: Array
(
    [0] => job_id
)

[2026-01-16 04:43:26] [14 MB] [chunked_processor] get_job called
    DATA: Array
(
    [job_id] => 9ea24571-2779-49b2-a258-d9a7c63f4ea2
)

[2026-01-16 04:43:26] [14 MB] [chunked_processor] Transient lookup result
    DATA: Array
(
    [option_name] => speed_backups_job_9ea24571-2779-49b2-a258-d9a7c63f4ea2
    [found] => YES
)

[2026-01-16 04:43:26] [14 MB] [chunked_processor] Job retrieved successfully
    DATA: Array
(
    [status] => running
    [type] => restore
)

[2026-01-16 04:43:26] [14 MB] [JOB_STATE] Job 9ea24571-2779-49b2-a258-d9a7c63f4ea2 state
    DATA: Array
(
    [status] => running
    [type] => restore
    [phase] => extract
    [progress] => 46.620046620047
)

[2026-01-16 04:43:26] [14 MB] [chunked_processor] get_job called
    DATA: Array
(
    [job_id] => 9ea24571-2779-49b2-a258-d9a7c63f4ea2
)

[2026-01-16 04:43:26] [14 MB] [chunked_processor] Transient lookup result
    DATA: Array
(
    [option_name] => speed_backups_job_9ea24571-2779-49b2-a258-d9a7c63f4ea2
    [found] => YES
)

[2026-01-16 04:43:26] [14 MB] [chunked_processor] Job retrieved successfully
    DATA: Array
(
    [status] => running
    [type] => restore
)

[2026-01-16 04:43:26] [14 MB] [chunked_processor] get_job called
    DATA: Array
(
    [job_id] => 9ea24571-2779-49b2-a258-d9a7c63f4ea2
)

[2026-01-16 04:43:26] [14 MB] [chunked_processor] Transient lookup result
    DATA: Array
(
    [option_name] => speed_backups_job_9ea24571-2779-49b2-a258-d9a7c63f4ea2
    [found] => YES
)

[2026-01-16 04:43:26] [14 MB] [chunked_processor] Job retrieved successfully
    DATA: Array
(
    [status] => running
    [type] => restore
)

[2026-01-16 04:43:26] [14 MB] [chunked_processor] save_job called
    DATA: Array
(
    [job_id] => 9ea24571-2779-49b2-a258-d9a7c63f4ea2
    [status] => running
)

[2026-01-16 04:43:26] [14 MB] [chunked_processor] Transient save result
    DATA: Array
(
    [option_name] => speed_backups_job_9ea24571-2779-49b2-a258-d9a7c63f4ea2
    [success] => YES
)

[2026-01-16 04:43:26] [14 MB] [chunked_processor] Option save result
    DATA: Array
(
    [option_name] => speed_backups_job_9ea24571-2779-49b2-a258-d9a7c63f4ea2
    [success] => YES
)

[2026-01-16 04:43:26] [14 MB] [chunked_processor] Save verification (direct DB)
    DATA: Array
(
    [verified] => YES
)

[2026-01-16 04:43:26] [14 MB] [chunked_processor] get_job called
    DATA: Array
(
    [job_id] => 9ea24571-2779-49b2-a258-d9a7c63f4ea2
)

[2026-01-16 04:43:26] [14 MB] [chunked_processor] Transient lookup result
    DATA: Array
(
    [option_name] => speed_backups_job_9ea24571-2779-49b2-a258-d9a7c63f4ea2
    [found] => YES
)

[2026-01-16 04:43:26] [14 MB] [chunked_processor] Job retrieved successfully
    DATA: Array
(
    [status] => running
    [type] => restore
)

[2026-01-16 04:43:26] [14 MB] [chunked_processor] save_job called
    DATA: Array
(
    [job_id] => 9ea24571-2779-49b2-a258-d9a7c63f4ea2
    [status] => running
)

[2026-01-16 04:43:26] [14 MB] [chunked_processor] Transient save result
    DATA: Array
(
    [option_name] => speed_backups_job_9ea24571-2779-49b2-a258-d9a7c63f4ea2
    [success] => YES
)

[2026-01-16 04:43:26] [14 MB] [chunked_processor] Option save result
    DATA: Array
(
    [option_name] => speed_backups_job_9ea24571-2779-49b2-a258-d9a7c63f4ea2
    [success] => YES
)

[2026-01-16 04:43:26] [14 MB] [chunked_processor] Save verification (direct DB)
    DATA: Array
(
    [verified] => YES
)

[2026-01-16 04:43:26] [14 MB] [chunked_processor] get_job called
    DATA: Array
(
    [job_id] => 9ea24571-2779-49b2-a258-d9a7c63f4ea2
)

[2026-01-16 04:43:26] [14 MB] [chunked_processor] Transient lookup result
    DATA: Array
(
    [option_name] => speed_backups_job_9ea24571-2779-49b2-a258-d9a7c63f4ea2
    [found] => YES
)

[2026-01-16 04:43:26] [14 MB] [chunked_processor] Job retrieved successfully
    DATA: Array
(
    [status] => running
    [type] => restore
)

[2026-01-16 04:43:26] [14 MB] [chunked_processor] get_job called
    DATA: Array
(
    [job_id] => 9ea24571-2779-49b2-a258-d9a7c63f4ea2
)

[2026-01-16 04:43:26] [14 MB] [chunked_processor] Transient lookup result
    DATA: Array
(
    [option_name] => speed_backups_job_9ea24571-2779-49b2-a258-d9a7c63f4ea2
    [found] => YES
)

[2026-01-16 04:43:26] [14 MB] [chunked_processor] Job retrieved successfully
    DATA: Array
(
    [status] => running
    [type] => restore
)

[2026-01-16 04:43:26] [14 MB] [ERROR_HANDLER] PHP error handlers registered
[2026-01-16 04:43:26] [14 MB] [FUNCTION] >>> ENTER: process_chunk
    DATA: Array
(
    [0] => job_id
)

[2026-01-16 04:43:26] [14 MB] [chunked_processor] get_job called
    DATA: Array
(
    [job_id] => 9ea24571-2779-49b2-a258-d9a7c63f4ea2
)

[2026-01-16 04:43:26] [14 MB] [chunked_processor] Transient lookup result
    DATA: Array
(
    [option_name] => speed_backups_job_9ea24571-2779-49b2-a258-d9a7c63f4ea2
    [found] => YES
)

[2026-01-16 04:43:26] [14 MB] [chunked_processor] Job retrieved successfully
    DATA: Array
(
    [status] => running
    [type] => restore
)

[2026-01-16 04:43:26] [14 MB] [JOB_STATE] Job 9ea24571-2779-49b2-a258-d9a7c63f4ea2 state
    DATA: Array
(
    [status] => running
    [type] => restore
    [phase] => extract
    [progress] => 47.915047915048
)

[2026-01-16 04:43:26] [14 MB] [chunked_processor] get_job called
    DATA: Array
(
    [job_id] => 9ea24571-2779-49b2-a258-d9a7c63f4ea2
)

[2026-01-16 04:43:26] [14 MB] [chunked_processor] Transient lookup result
    DATA: Array
(
    [option_name] => speed_backups_job_9ea24571-2779-49b2-a258-d9a7c63f4ea2
    [found] => YES
)

[2026-01-16 04:43:26] [14 MB] [chunked_processor] Job retrieved successfully
    DATA: Array
(
    [status] => running
    [type] => restore
)

[2026-01-16 04:43:26] [14 MB] [chunked_processor] get_job called
    DATA: Array
(
    [job_id] => 9ea24571-2779-49b2-a258-d9a7c63f4ea2
)

[2026-01-16 04:43:26] [14 MB] [chunked_processor] Transient lookup result
    DATA: Array
(
    [option_name] => speed_backups_job_9ea24571-2779-49b2-a258-d9a7c63f4ea2
    [found] => YES
)

[2026-01-16 04:43:26] [14 MB] [chunked_processor] Job retrieved successfully
    DATA: Array
(
    [status] => running
    [type] => restore
)

[2026-01-16 04:43:26] [14 MB] [chunked_processor] save_job called
    DATA: Array
(
    [job_id] => 9ea24571-2779-49b2-a258-d9a7c63f4ea2
    [status] => running
)

[2026-01-16 04:43:26] [14 MB] [chunked_processor] Transient save result
    DATA: Array
(
    [option_name] => speed_backups_job_9ea24571-2779-49b2-a258-d9a7c63f4ea2
    [success] => YES
)

[2026-01-16 04:43:26] [14 MB] [chunked_processor] Option save result
    DATA: Array
(
    [option_name] => speed_backups_job_9ea24571-2779-49b2-a258-d9a7c63f4ea2
    [success] => YES
)

[2026-01-16 04:43:26] [14 MB] [chunked_processor] Save verification (direct DB)
    DATA: Array
(
    [verified] => YES
)

[2026-01-16 04:43:26] [14 MB] [chunked_processor] get_job called
    DATA: Array
(
    [job_id] => 9ea24571-2779-49b2-a258-d9a7c63f4ea2
)

[2026-01-16 04:43:26] [14 MB] [chunked_processor] Transient lookup result
    DATA: Array
(
    [option_name] => speed_backups_job_9ea24571-2779-49b2-a258-d9a7c63f4ea2
    [found] => YES
)

[2026-01-16 04:43:26] [14 MB] [chunked_processor] Job retrieved successfully
    DATA: Array
(
    [status] => running
    [type] => restore
)

[2026-01-16 04:43:26] [14 MB] [chunked_processor] save_job called
    DATA: Array
(
    [job_id] => 9ea24571-2779-49b2-a258-d9a7c63f4ea2
    [status] => running
)

[2026-01-16 04:43:26] [14 MB] [chunked_processor] Transient save result
    DATA: Array
(
    [option_name] => speed_backups_job_9ea24571-2779-49b2-a258-d9a7c63f4ea2
    [success] => YES
)

[2026-01-16 04:43:26] [14 MB] [chunked_processor] Option save result
    DATA: Array
(
    [option_name] => speed_backups_job_9ea24571-2779-49b2-a258-d9a7c63f4ea2
    [success] => YES
)

[2026-01-16 04:43:26] [14 MB] [chunked_processor] Save verification (direct DB)
    DATA: Array
(
    [verified] => YES
)

[2026-01-16 04:43:26] [14 MB] [chunked_processor] get_job called
    DATA: Array
(
    [job_id] => 9ea24571-2779-49b2-a258-d9a7c63f4ea2
)

[2026-01-16 04:43:26] [14 MB] [chunked_processor] Transient lookup result
    DATA: Array
(
    [option_name] => speed_backups_job_9ea24571-2779-49b2-a258-d9a7c63f4ea2
    [found] => YES
)

[2026-01-16 04:43:26] [14 MB] [chunked_processor] Job retrieved successfully
    DATA: Array
(
    [status] => running
    [type] => restore
)

[2026-01-16 04:43:26] [14 MB] [chunked_processor] get_job called
    DATA: Array
(
    [job_id] => 9ea24571-2779-49b2-a258-d9a7c63f4ea2
)

[2026-01-16 04:43:26] [14 MB] [chunked_processor] Transient lookup result
    DATA: Array
(
    [option_name] => speed_backups_job_9ea24571-2779-49b2-a258-d9a7c63f4ea2
    [found] => YES
)

[2026-01-16 04:43:26] [14 MB] [chunked_processor] Job retrieved successfully
    DATA: Array
(
    [status] => running
    [type] => restore
)

[2026-01-16 04:43:26] [14 MB] [ERROR_HANDLER] PHP error handlers registered
[2026-01-16 04:43:27] [14 MB] [FUNCTION] >>> ENTER: process_chunk
    DATA: Array
(
    [0] => job_id
)

[2026-01-16 04:43:27] [14 MB] [chunked_processor] get_job called
    DATA: Array
(
    [job_id] => 9ea24571-2779-49b2-a258-d9a7c63f4ea2
)

[2026-01-16 04:43:27] [14 MB] [chunked_processor] Transient lookup result
    DATA: Array
(
    [option_name] => speed_backups_job_9ea24571-2779-49b2-a258-d9a7c63f4ea2
    [found] => YES
)

[2026-01-16 04:43:27] [14 MB] [chunked_processor] Job retrieved successfully
    DATA: Array
(
    [status] => running
    [type] => restore
)

[2026-01-16 04:43:27] [14 MB] [JOB_STATE] Job 9ea24571-2779-49b2-a258-d9a7c63f4ea2 state
    DATA: Array
(
    [status] => running
    [type] => restore
    [phase] => extract
    [progress] => 49.210049210049
)

[2026-01-16 04:43:27] [14 MB] [chunked_processor] get_job called
    DATA: Array
(
    [job_id] => 9ea24571-2779-49b2-a258-d9a7c63f4ea2
)

[2026-01-16 04:43:27] [14 MB] [chunked_processor] Transient lookup result
    DATA: Array
(
    [option_name] => speed_backups_job_9ea24571-2779-49b2-a258-d9a7c63f4ea2
    [found] => YES
)

[2026-01-16 04:43:27] [14 MB] [chunked_processor] Job retrieved successfully
    DATA: Array
(
    [status] => running
    [type] => restore
)

[2026-01-16 04:43:27] [14 MB] [chunked_processor] get_job called
    DATA: Array
(
    [job_id] => 9ea24571-2779-49b2-a258-d9a7c63f4ea2
)

[2026-01-16 04:43:27] [14 MB] [chunked_processor] Transient lookup result
    DATA: Array
(
    [option_name] => speed_backups_job_9ea24571-2779-49b2-a258-d9a7c63f4ea2
    [found] => YES
)

[2026-01-16 04:43:27] [14 MB] [chunked_processor] Job retrieved successfully
    DATA: Array
(
    [status] => running
    [type] => restore
)

[2026-01-16 04:43:27] [14 MB] [chunked_processor] save_job called
    DATA: Array
(
    [job_id] => 9ea24571-2779-49b2-a258-d9a7c63f4ea2
    [status] => running
)

[2026-01-16 04:43:27] [14 MB] [chunked_processor] Transient save result
    DATA: Array
(
    [option_name] => speed_backups_job_9ea24571-2779-49b2-a258-d9a7c63f4ea2
    [success] => YES
)

[2026-01-16 04:43:27] [14 MB] [chunked_processor] Option save result
    DATA: Array
(
    [option_name] => speed_backups_job_9ea24571-2779-49b2-a258-d9a7c63f4ea2
    [success] => YES
)

[2026-01-16 04:43:27] [14 MB] [chunked_processor] Save verification (direct DB)
    DATA: Array
(
    [verified] => YES
)

[2026-01-16 04:43:27] [14 MB] [chunked_processor] get_job called
    DATA: Array
(
    [job_id] => 9ea24571-2779-49b2-a258-d9a7c63f4ea2
)

[2026-01-16 04:43:27] [14 MB] [chunked_processor] Transient lookup result
    DATA: Array
(
    [option_name] => speed_backups_job_9ea24571-2779-49b2-a258-d9a7c63f4ea2
    [found] => YES
)

[2026-01-16 04:43:27] [14 MB] [chunked_processor] Job retrieved successfully
    DATA: Array
(
    [status] => running
    [type] => restore
)

[2026-01-16 04:43:27] [14 MB] [chunked_processor] save_job called
    DATA: Array
(
    [job_id] => 9ea24571-2779-49b2-a258-d9a7c63f4ea2
    [status] => running
)

[2026-01-16 04:43:27] [14 MB] [chunked_processor] Transient save result
    DATA: Array
(
    [option_name] => speed_backups_job_9ea24571-2779-49b2-a258-d9a7c63f4ea2
    [success] => YES
)

[2026-01-16 04:43:27] [14 MB] [chunked_processor] Option save result
    DATA: Array
(
    [option_name] => speed_backups_job_9ea24571-2779-49b2-a258-d9a7c63f4ea2
    [success] => YES
)

[2026-01-16 04:43:27] [14 MB] [chunked_processor] Save verification (direct DB)
    DATA: Array
(
    [verified] => YES
)

[2026-01-16 04:43:27] [14 MB] [chunked_processor] get_job called
    DATA: Array
(
    [job_id] => 9ea24571-2779-49b2-a258-d9a7c63f4ea2
)

[2026-01-16 04:43:27] [14 MB] [chunked_processor] Transient lookup result
    DATA: Array
(
    [option_name] => speed_backups_job_9ea24571-2779-49b2-a258-d9a7c63f4ea2
    [found] => YES
)

[2026-01-16 04:43:27] [14 MB] [chunked_processor] Job retrieved successfully
    DATA: Array
(
    [status] => running
    [type] => restore
)

[2026-01-16 04:43:27] [14 MB] [chunked_processor] get_job called
    DATA: Array
(
    [job_id] => 9ea24571-2779-49b2-a258-d9a7c63f4ea2
)

[2026-01-16 04:43:27] [14 MB] [chunked_processor] Transient lookup result
    DATA: Array
(
    [option_name] => speed_backups_job_9ea24571-2779-49b2-a258-d9a7c63f4ea2
    [found] => YES
)

[2026-01-16 04:43:27] [14 MB] [chunked_processor] Job retrieved successfully
    DATA: Array
(
    [status] => running
    [type] => restore
)

[2026-01-16 04:43:27] [14 MB] [ERROR_HANDLER] PHP error handlers registered
[2026-01-16 04:43:27] [14 MB] [FUNCTION] >>> ENTER: process_chunk
    DATA: Array
(
    [0] => job_id
)

[2026-01-16 04:43:27] [14 MB] [chunked_processor] get_job called
    DATA: Array
(
    [job_id] => 9ea24571-2779-49b2-a258-d9a7c63f4ea2
)

[2026-01-16 04:43:27] [14 MB] [chunked_processor] Transient lookup result
    DATA: Array
(
    [option_name] => speed_backups_job_9ea24571-2779-49b2-a258-d9a7c63f4ea2
    [found] => YES
)

[2026-01-16 04:43:27] [14 MB] [chunked_processor] Job retrieved successfully
    DATA: Array
(
    [status] => running
    [type] => restore
)

[2026-01-16 04:43:27] [14 MB] [JOB_STATE] Job 9ea24571-2779-49b2-a258-d9a7c63f4ea2 state
    DATA: Array
(
    [status] => running
    [type] => restore
    [phase] => extract
    [progress] => 50.505050505051
)

[2026-01-16 04:43:27] [14 MB] [chunked_processor] get_job called
    DATA: Array
(
    [job_id] => 9ea24571-2779-49b2-a258-d9a7c63f4ea2
)

[2026-01-16 04:43:27] [14 MB] [chunked_processor] Transient lookup result
    DATA: Array
(
    [option_name] => speed_backups_job_9ea24571-2779-49b2-a258-d9a7c63f4ea2
    [found] => YES
)

[2026-01-16 04:43:27] [14 MB] [chunked_processor] Job retrieved successfully
    DATA: Array
(
    [status] => running
    [type] => restore
)

[2026-01-16 04:43:27] [14 MB] [chunked_processor] get_job called
    DATA: Array
(
    [job_id] => 9ea24571-2779-49b2-a258-d9a7c63f4ea2
)

[2026-01-16 04:43:27] [14 MB] [chunked_processor] Transient lookup result
    DATA: Array
(
    [option_name] => speed_backups_job_9ea24571-2779-49b2-a258-d9a7c63f4ea2
    [found] => YES
)

[2026-01-16 04:43:27] [14 MB] [chunked_processor] Job retrieved successfully
    DATA: Array
(
    [status] => running
    [type] => restore
)

[2026-01-16 04:43:27] [14 MB] [chunked_processor] save_job called
    DATA: Array
(
    [job_id] => 9ea24571-2779-49b2-a258-d9a7c63f4ea2
    [status] => running
)

[2026-01-16 04:43:27] [14 MB] [chunked_processor] Transient save result
    DATA: Array
(
    [option_name] => speed_backups_job_9ea24571-2779-49b2-a258-d9a7c63f4ea2
    [success] => YES
)

[2026-01-16 04:43:27] [14 MB] [chunked_processor] Option save result
    DATA: Array
(
    [option_name] => speed_backups_job_9ea24571-2779-49b2-a258-d9a7c63f4ea2
    [success] => YES
)

[2026-01-16 04:43:27] [14 MB] [chunked_processor] Save verification (direct DB)
    DATA: Array
(
    [verified] => YES
)

[2026-01-16 04:43:27] [14 MB] [chunked_processor] get_job called
    DATA: Array
(
    [job_id] => 9ea24571-2779-49b2-a258-d9a7c63f4ea2
)

[2026-01-16 04:43:27] [14 MB] [chunked_processor] Transient lookup result
    DATA: Array
(
    [option_name] => speed_backups_job_9ea24571-2779-49b2-a258-d9a7c63f4ea2
    [found] => YES
)

[2026-01-16 04:43:27] [14 MB] [chunked_processor] Job retrieved successfully
    DATA: Array
(
    [status] => running
    [type] => restore
)

[2026-01-16 04:43:27] [14 MB] [chunked_processor] save_job called
    DATA: Array
(
    [job_id] => 9ea24571-2779-49b2-a258-d9a7c63f4ea2
    [status] => running
)

[2026-01-16 04:43:27] [14 MB] [chunked_processor] Transient save result
    DATA: Array
(
    [option_name] => speed_backups_job_9ea24571-2779-49b2-a258-d9a7c63f4ea2
    [success] => YES
)

[2026-01-16 04:43:27] [14 MB] [chunked_processor] Option save result
    DATA: Array
(
    [option_name] => speed_backups_job_9ea24571-2779-49b2-a258-d9a7c63f4ea2
    [success] => YES
)

[2026-01-16 04:43:27] [14 MB] [chunked_processor] Save verification (direct DB)
    DATA: Array
(
    [verified] => YES
)

[2026-01-16 04:43:27] [14 MB] [chunked_processor] get_job called
    DATA: Array
(
    [job_id] => 9ea24571-2779-49b2-a258-d9a7c63f4ea2
)

[2026-01-16 04:43:27] [14 MB] [chunked_processor] Transient lookup result
    DATA: Array
(
    [option_name] => speed_backups_job_9ea24571-2779-49b2-a258-d9a7c63f4ea2
    [found] => YES
)

[2026-01-16 04:43:27] [14 MB] [chunked_processor] Job retrieved successfully
    DATA: Array
(
    [status] => running
    [type] => restore
)

[2026-01-16 04:43:27] [14 MB] [chunked_processor] get_job called
    DATA: Array
(
    [job_id] => 9ea24571-2779-49b2-a258-d9a7c63f4ea2
)

[2026-01-16 04:43:27] [14 MB] [chunked_processor] Transient lookup result
    DATA: Array
(
    [option_name] => speed_backups_job_9ea24571-2779-49b2-a258-d9a7c63f4ea2
    [found] => YES
)

[2026-01-16 04:43:27] [14 MB] [chunked_processor] Job retrieved successfully
    DATA: Array
(
    [status] => running
    [type] => restore
)

[2026-01-16 04:43:27] [14 MB] [ERROR_HANDLER] PHP error handlers registered
[2026-01-16 04:43:28] [14 MB] [FUNCTION] >>> ENTER: process_chunk
    DATA: Array
(
    [0] => job_id
)

[2026-01-16 04:43:28] [14 MB] [chunked_processor] get_job called
    DATA: Array
(
    [job_id] => 9ea24571-2779-49b2-a258-d9a7c63f4ea2
)

[2026-01-16 04:43:28] [14 MB] [chunked_processor] Transient lookup result
    DATA: Array
(
    [option_name] => speed_backups_job_9ea24571-2779-49b2-a258-d9a7c63f4ea2
    [found] => YES
)

[2026-01-16 04:43:28] [14 MB] [chunked_processor] Job retrieved successfully
    DATA: Array
(
    [status] => running
    [type] => restore
)

[2026-01-16 04:43:28] [14 MB] [JOB_STATE] Job 9ea24571-2779-49b2-a258-d9a7c63f4ea2 state
    DATA: Array
(
    [status] => running
    [type] => restore
    [phase] => extract
    [progress] => 51.800051800052
)

[2026-01-16 04:43:28] [14 MB] [chunked_processor] get_job called
    DATA: Array
(
    [job_id] => 9ea24571-2779-49b2-a258-d9a7c63f4ea2
)

[2026-01-16 04:43:28] [14 MB] [chunked_processor] Transient lookup result
    DATA: Array
(
    [option_name] => speed_backups_job_9ea24571-2779-49b2-a258-d9a7c63f4ea2
    [found] => YES
)

[2026-01-16 04:43:28] [14 MB] [chunked_processor] Job retrieved successfully
    DATA: Array
(
    [status] => running
    [type] => restore
)

[2026-01-16 04:43:28] [14 MB] [chunked_processor] get_job called
    DATA: Array
(
    [job_id] => 9ea24571-2779-49b2-a258-d9a7c63f4ea2
)

[2026-01-16 04:43:28] [14 MB] [chunked_processor] Transient lookup result
    DATA: Array
(
    [option_name] => speed_backups_job_9ea24571-2779-49b2-a258-d9a7c63f4ea2
    [found] => YES
)

[2026-01-16 04:43:28] [14 MB] [chunked_processor] Job retrieved successfully
    DATA: Array
(
    [status] => running
    [type] => restore
)

[2026-01-16 04:43:28] [14 MB] [chunked_processor] save_job called
    DATA: Array
(
    [job_id] => 9ea24571-2779-49b2-a258-d9a7c63f4ea2
    [status] => running
)

[2026-01-16 04:43:28] [14 MB] [chunked_processor] Transient save result
    DATA: Array
(
    [option_name] => speed_backups_job_9ea24571-2779-49b2-a258-d9a7c63f4ea2
    [success] => YES
)

[2026-01-16 04:43:28] [14 MB] [chunked_processor] Option save result
    DATA: Array
(
    [option_name] => speed_backups_job_9ea24571-2779-49b2-a258-d9a7c63f4ea2
    [success] => YES
)

[2026-01-16 04:43:28] [14 MB] [chunked_processor] Save verification (direct DB)
    DATA: Array
(
    [verified] => YES
)

[2026-01-16 04:43:28] [14 MB] [chunked_processor] get_job called
    DATA: Array
(
    [job_id] => 9ea24571-2779-49b2-a258-d9a7c63f4ea2
)

[2026-01-16 04:43:28] [14 MB] [chunked_processor] Transient lookup result
    DATA: Array
(
    [option_name] => speed_backups_job_9ea24571-2779-49b2-a258-d9a7c63f4ea2
    [found] => YES
)

[2026-01-16 04:43:28] [14 MB] [chunked_processor] Job retrieved successfully
    DATA: Array
(
    [status] => running
    [type] => restore
)

[2026-01-16 04:43:28] [14 MB] [chunked_processor] save_job called
    DATA: Array
(
    [job_id] => 9ea24571-2779-49b2-a258-d9a7c63f4ea2
    [status] => running
)

[2026-01-16 04:43:28] [14 MB] [chunked_processor] Transient save result
    DATA: Array
(
    [option_name] => speed_backups_job_9ea24571-2779-49b2-a258-d9a7c63f4ea2
    [success] => YES
)

[2026-01-16 04:43:28] [14 MB] [chunked_processor] Option save result
    DATA: Array
(
    [option_name] => speed_backups_job_9ea24571-2779-49b2-a258-d9a7c63f4ea2
    [success] => YES
)

[2026-01-16 04:43:28] [14 MB] [chunked_processor] Save verification (direct DB)
    DATA: Array
(
    [verified] => YES
)

[2026-01-16 04:43:28] [14 MB] [chunked_processor] get_job called
    DATA: Array
(
    [job_id] => 9ea24571-2779-49b2-a258-d9a7c63f4ea2
)

[2026-01-16 04:43:28] [14 MB] [chunked_processor] Transient lookup result
    DATA: Array
(
    [option_name] => speed_backups_job_9ea24571-2779-49b2-a258-d9a7c63f4ea2
    [found] => YES
)

[2026-01-16 04:43:28] [14 MB] [chunked_processor] Job retrieved successfully
    DATA: Array
(
    [status] => running
    [type] => restore
)

[2026-01-16 04:43:28] [14 MB] [chunked_processor] get_job called
    DATA: Array
(
    [job_id] => 9ea24571-2779-49b2-a258-d9a7c63f4ea2
)

[2026-01-16 04:43:28] [14 MB] [chunked_processor] Transient lookup result
    DATA: Array
(
    [option_name] => speed_backups_job_9ea24571-2779-49b2-a258-d9a7c63f4ea2
    [found] => YES
)

[2026-01-16 04:43:28] [14 MB] [chunked_processor] Job retrieved successfully
    DATA: Array
(
    [status] => running
    [type] => restore
)

[2026-01-16 04:43:28] [14 MB] [ERROR_HANDLER] PHP error handlers registered
[2026-01-16 04:43:28] [14 MB] [FUNCTION] >>> ENTER: process_chunk
    DATA: Array
(
    [0] => job_id
)

[2026-01-16 04:43:28] [14 MB] [chunked_processor] get_job called
    DATA: Array
(
    [job_id] => 9ea24571-2779-49b2-a258-d9a7c63f4ea2
)

[2026-01-16 04:43:28] [14 MB] [chunked_processor] Transient lookup result
    DATA: Array
(
    [option_name] => speed_backups_job_9ea24571-2779-49b2-a258-d9a7c63f4ea2
    [found] => YES
)

[2026-01-16 04:43:28] [14 MB] [chunked_processor] Job retrieved successfully
    DATA: Array
(
    [status] => running
    [type] => restore
)

[2026-01-16 04:43:28] [14 MB] [JOB_STATE] Job 9ea24571-2779-49b2-a258-d9a7c63f4ea2 state
    DATA: Array
(
    [status] => running
    [type] => restore
    [phase] => extract
    [progress] => 53.095053095053
)

[2026-01-16 04:43:28] [14 MB] [chunked_processor] get_job called
    DATA: Array
(
    [job_id] => 9ea24571-2779-49b2-a258-d9a7c63f4ea2
)

[2026-01-16 04:43:28] [14 MB] [chunked_processor] Transient lookup result
    DATA: Array
(
    [option_name] => speed_backups_job_9ea24571-2779-49b2-a258-d9a7c63f4ea2
    [found] => YES
)

[2026-01-16 04:43:28] [14 MB] [chunked_processor] Job retrieved successfully
    DATA: Array
(
    [status] => running
    [type] => restore
)

[2026-01-16 04:43:28] [14 MB] [chunked_processor] get_job called
    DATA: Array
(
    [job_id] => 9ea24571-2779-49b2-a258-d9a7c63f4ea2
)

[2026-01-16 04:43:28] [14 MB] [chunked_processor] Transient lookup result
    DATA: Array
(
    [option_name] => speed_backups_job_9ea24571-2779-49b2-a258-d9a7c63f4ea2
    [found] => YES
)

[2026-01-16 04:43:28] [14 MB] [chunked_processor] Job retrieved successfully
    DATA: Array
(
    [status] => running
    [type] => restore
)

[2026-01-16 04:43:28] [14 MB] [chunked_processor] save_job called
    DATA: Array
(
    [job_id] => 9ea24571-2779-49b2-a258-d9a7c63f4ea2
    [status] => running
)

[2026-01-16 04:43:28] [14 MB] [chunked_processor] Transient save result
    DATA: Array
(
    [option_name] => speed_backups_job_9ea24571-2779-49b2-a258-d9a7c63f4ea2
    [success] => YES
)

[2026-01-16 04:43:28] [14 MB] [chunked_processor] Option save result
    DATA: Array
(
    [option_name] => speed_backups_job_9ea24571-2779-49b2-a258-d9a7c63f4ea2
    [success] => YES
)

[2026-01-16 04:43:28] [14 MB] [chunked_processor] Save verification (direct DB)
    DATA: Array
(
    [verified] => YES
)

[2026-01-16 04:43:28] [14 MB] [chunked_processor] get_job called
    DATA: Array
(
    [job_id] => 9ea24571-2779-49b2-a258-d9a7c63f4ea2
)

[2026-01-16 04:43:28] [14 MB] [chunked_processor] Transient lookup result
    DATA: Array
(
    [option_name] => speed_backups_job_9ea24571-2779-49b2-a258-d9a7c63f4ea2
    [found] => YES
)

[2026-01-16 04:43:28] [14 MB] [chunked_processor] Job retrieved successfully
    DATA: Array
(
    [status] => running
    [type] => restore
)

[2026-01-16 04:43:28] [14 MB] [chunked_processor] save_job called
    DATA: Array
(
    [job_id] => 9ea24571-2779-49b2-a258-d9a7c63f4ea2
    [status] => running
)

[2026-01-16 04:43:28] [14 MB] [chunked_processor] Transient save result
    DATA: Array
(
    [option_name] => speed_backups_job_9ea24571-2779-49b2-a258-d9a7c63f4ea2
    [success] => YES
)

[2026-01-16 04:43:28] [14 MB] [chunked_processor] Option save result
    DATA: Array
(
    [option_name] => speed_backups_job_9ea24571-2779-49b2-a258-d9a7c63f4ea2
    [success] => YES
)

[2026-01-16 04:43:28] [14 MB] [chunked_processor] Save verification (direct DB)
    DATA: Array
(
    [verified] => YES
)

[2026-01-16 04:43:28] [14 MB] [chunked_processor] get_job called
    DATA: Array
(
    [job_id] => 9ea24571-2779-49b2-a258-d9a7c63f4ea2
)

[2026-01-16 04:43:28] [14 MB] [chunked_processor] Transient lookup result
    DATA: Array
(
    [option_name] => speed_backups_job_9ea24571-2779-49b2-a258-d9a7c63f4ea2
    [found] => YES
)

[2026-01-16 04:43:28] [14 MB] [chunked_processor] Job retrieved successfully
    DATA: Array
(
    [status] => running
    [type] => restore
)

[2026-01-16 04:43:28] [14 MB] [chunked_processor] get_job called
    DATA: Array
(
    [job_id] => 9ea24571-2779-49b2-a258-d9a7c63f4ea2
)

[2026-01-16 04:43:28] [14 MB] [chunked_processor] Transient lookup result
    DATA: Array
(
    [option_name] => speed_backups_job_9ea24571-2779-49b2-a258-d9a7c63f4ea2
    [found] => YES
)

[2026-01-16 04:43:28] [14 MB] [chunked_processor] Job retrieved successfully
    DATA: Array
(
    [status] => running
    [type] => restore
)

[2026-01-16 04:43:28] [14 MB] [ERROR_HANDLER] PHP error handlers registered
[2026-01-16 04:43:29] [14 MB] [FUNCTION] >>> ENTER: process_chunk
    DATA: Array
(
    [0] => job_id
)

[2026-01-16 04:43:29] [14 MB] [chunked_processor] get_job called
    DATA: Array
(
    [job_id] => 9ea24571-2779-49b2-a258-d9a7c63f4ea2
)

[2026-01-16 04:43:29] [14 MB] [chunked_processor] Transient lookup result
    DATA: Array
(
    [option_name] => speed_backups_job_9ea24571-2779-49b2-a258-d9a7c63f4ea2
    [found] => YES
)

[2026-01-16 04:43:29] [14 MB] [chunked_processor] Job retrieved successfully
    DATA: Array
(
    [status] => running
    [type] => restore
)

[2026-01-16 04:43:29] [14 MB] [JOB_STATE] Job 9ea24571-2779-49b2-a258-d9a7c63f4ea2 state
    DATA: Array
(
    [status] => running
    [type] => restore
    [phase] => extract
    [progress] => 54.390054390054
)

[2026-01-16 04:43:29] [14 MB] [chunked_processor] get_job called
    DATA: Array
(
    [job_id] => 9ea24571-2779-49b2-a258-d9a7c63f4ea2
)

[2026-01-16 04:43:29] [14 MB] [chunked_processor] Transient lookup result
    DATA: Array
(
    [option_name] => speed_backups_job_9ea24571-2779-49b2-a258-d9a7c63f4ea2
    [found] => YES
)

[2026-01-16 04:43:29] [14 MB] [chunked_processor] Job retrieved successfully
    DATA: Array
(
    [status] => running
    [type] => restore
)

[2026-01-16 04:43:29] [14 MB] [chunked_processor] get_job called
    DATA: Array
(
    [job_id] => 9ea24571-2779-49b2-a258-d9a7c63f4ea2
)

[2026-01-16 04:43:29] [14 MB] [chunked_processor] Transient lookup result
    DATA: Array
(
    [option_name] => speed_backups_job_9ea24571-2779-49b2-a258-d9a7c63f4ea2
    [found] => YES
)

[2026-01-16 04:43:29] [14 MB] [chunked_processor] Job retrieved successfully
    DATA: Array
(
    [status] => running
    [type] => restore
)

[2026-01-16 04:43:29] [14 MB] [chunked_processor] save_job called
    DATA: Array
(
    [job_id] => 9ea24571-2779-49b2-a258-d9a7c63f4ea2
    [status] => running
)

[2026-01-16 04:43:29] [14 MB] [chunked_processor] Transient save result
    DATA: Array
(
    [option_name] => speed_backups_job_9ea24571-2779-49b2-a258-d9a7c63f4ea2
    [success] => YES
)

[2026-01-16 04:43:29] [14 MB] [chunked_processor] Option save result
    DATA: Array
(
    [option_name] => speed_backups_job_9ea24571-2779-49b2-a258-d9a7c63f4ea2
    [success] => YES
)

[2026-01-16 04:43:29] [14 MB] [chunked_processor] Save verification (direct DB)
    DATA: Array
(
    [verified] => YES
)

[2026-01-16 04:43:29] [14 MB] [chunked_processor] get_job called
    DATA: Array
(
    [job_id] => 9ea24571-2779-49b2-a258-d9a7c63f4ea2
)

[2026-01-16 04:43:29] [14 MB] [chunked_processor] Transient lookup result
    DATA: Array
(
    [option_name] => speed_backups_job_9ea24571-2779-49b2-a258-d9a7c63f4ea2
    [found] => YES
)

[2026-01-16 04:43:29] [14 MB] [chunked_processor] Job retrieved successfully
    DATA: Array
(
    [status] => running
    [type] => restore
)

[2026-01-16 04:43:29] [14 MB] [chunked_processor] save_job called
    DATA: Array
(
    [job_id] => 9ea24571-2779-49b2-a258-d9a7c63f4ea2
    [status] => running
)

[2026-01-16 04:43:29] [14 MB] [chunked_processor] Transient save result
    DATA: Array
(
    [option_name] => speed_backups_job_9ea24571-2779-49b2-a258-d9a7c63f4ea2
    [success] => YES
)

[2026-01-16 04:43:29] [14 MB] [chunked_processor] Option save result
    DATA: Array
(
    [option_name] => speed_backups_job_9ea24571-2779-49b2-a258-d9a7c63f4ea2
    [success] => YES
)

[2026-01-16 04:43:29] [14 MB] [chunked_processor] Save verification (direct DB)
    DATA: Array
(
    [verified] => YES
)

[2026-01-16 04:43:29] [14 MB] [chunked_processor] get_job called
    DATA: Array
(
    [job_id] => 9ea24571-2779-49b2-a258-d9a7c63f4ea2
)

[2026-01-16 04:43:29] [14 MB] [chunked_processor] Transient lookup result
    DATA: Array
(
    [option_name] => speed_backups_job_9ea24571-2779-49b2-a258-d9a7c63f4ea2
    [found] => YES
)

[2026-01-16 04:43:29] [14 MB] [chunked_processor] Job retrieved successfully
    DATA: Array
(
    [status] => running
    [type] => restore
)

[2026-01-16 04:43:29] [14 MB] [chunked_processor] get_job called
    DATA: Array
(
    [job_id] => 9ea24571-2779-49b2-a258-d9a7c63f4ea2
)

[2026-01-16 04:43:29] [14 MB] [chunked_processor] Transient lookup result
    DATA: Array
(
    [option_name] => speed_backups_job_9ea24571-2779-49b2-a258-d9a7c63f4ea2
    [found] => YES
)

[2026-01-16 04:43:29] [14 MB] [chunked_processor] Job retrieved successfully
    DATA: Array
(
    [status] => running
    [type] => restore
)

[2026-01-16 04:43:29] [14 MB] [ERROR_HANDLER] PHP error handlers registered
[2026-01-16 04:43:29] [14 MB] [ERROR_HANDLER] PHP error handlers registered
[2026-01-16 04:43:29] [14 MB] [FUNCTION] >>> ENTER: process_chunk
    DATA: Array
(
    [0] => job_id
)

[2026-01-16 04:43:29] [14 MB] [chunked_processor] get_job called
    DATA: Array
(
    [job_id] => 9ea24571-2779-49b2-a258-d9a7c63f4ea2
)

[2026-01-16 04:43:29] [14 MB] [chunked_processor] Transient lookup result
    DATA: Array
(
    [option_name] => speed_backups_job_9ea24571-2779-49b2-a258-d9a7c63f4ea2
    [found] => YES
)

[2026-01-16 04:43:29] [14 MB] [chunked_processor] Job retrieved successfully
    DATA: Array
(
    [status] => running
    [type] => restore
)

[2026-01-16 04:43:29] [14 MB] [JOB_STATE] Job 9ea24571-2779-49b2-a258-d9a7c63f4ea2 state
    DATA: Array
(
    [status] => running
    [type] => restore
    [phase] => extract
    [progress] => 55.685055685056
)

[2026-01-16 04:43:29] [14 MB] [chunked_processor] get_job called
    DATA: Array
(
    [job_id] => 9ea24571-2779-49b2-a258-d9a7c63f4ea2
)

[2026-01-16 04:43:29] [14 MB] [chunked_processor] Transient lookup result
    DATA: Array
(
    [option_name] => speed_backups_job_9ea24571-2779-49b2-a258-d9a7c63f4ea2
    [found] => YES
)

[2026-01-16 04:43:29] [14 MB] [chunked_processor] Job retrieved successfully
    DATA: Array
(
    [status] => running
    [type] => restore
)

[2026-01-16 04:43:29] [14 MB] [chunked_processor] get_job called
    DATA: Array
(
    [job_id] => 9ea24571-2779-49b2-a258-d9a7c63f4ea2
)

[2026-01-16 04:43:29] [14 MB] [chunked_processor] Transient lookup result
    DATA: Array
(
    [option_name] => speed_backups_job_9ea24571-2779-49b2-a258-d9a7c63f4ea2
    [found] => YES
)

[2026-01-16 04:43:29] [14 MB] [chunked_processor] Job retrieved successfully
    DATA: Array
(
    [status] => running
    [type] => restore
)

[2026-01-16 04:43:29] [14 MB] [chunked_processor] save_job called
    DATA: Array
(
    [job_id] => 9ea24571-2779-49b2-a258-d9a7c63f4ea2
    [status] => running
)

[2026-01-16 04:43:29] [14 MB] [chunked_processor] Transient save result
    DATA: Array
(
    [option_name] => speed_backups_job_9ea24571-2779-49b2-a258-d9a7c63f4ea2
    [success] => YES
)

[2026-01-16 04:43:29] [14 MB] [chunked_processor] Option save result
    DATA: Array
(
    [option_name] => speed_backups_job_9ea24571-2779-49b2-a258-d9a7c63f4ea2
    [success] => YES
)

[2026-01-16 04:43:29] [14 MB] [chunked_processor] Save verification (direct DB)
    DATA: Array
(
    [verified] => YES
)

[2026-01-16 04:43:29] [14 MB] [chunked_processor] get_job called
    DATA: Array
(
    [job_id] => 9ea24571-2779-49b2-a258-d9a7c63f4ea2
)

[2026-01-16 04:43:29] [14 MB] [chunked_processor] Transient lookup result
    DATA: Array
(
    [option_name] => speed_backups_job_9ea24571-2779-49b2-a258-d9a7c63f4ea2
    [found] => YES
)

[2026-01-16 04:43:29] [14 MB] [chunked_processor] Job retrieved successfully
    DATA: Array
(
    [status] => running
    [type] => restore
)

[2026-01-16 04:43:29] [14 MB] [chunked_processor] save_job called
    DATA: Array
(
    [job_id] => 9ea24571-2779-49b2-a258-d9a7c63f4ea2
    [status] => running
)

[2026-01-16 04:43:29] [14 MB] [chunked_processor] Transient save result
    DATA: Array
(
    [option_name] => speed_backups_job_9ea24571-2779-49b2-a258-d9a7c63f4ea2
    [success] => YES
)

[2026-01-16 04:43:29] [14 MB] [chunked_processor] Option save result
    DATA: Array
(
    [option_name] => speed_backups_job_9ea24571-2779-49b2-a258-d9a7c63f4ea2
    [success] => YES
)

[2026-01-16 04:43:29] [14 MB] [chunked_processor] Save verification (direct DB)
    DATA: Array
(
    [verified] => YES
)

[2026-01-16 04:43:29] [14 MB] [chunked_processor] get_job called
    DATA: Array
(
    [job_id] => 9ea24571-2779-49b2-a258-d9a7c63f4ea2
)

[2026-01-16 04:43:29] [14 MB] [chunked_processor] Transient lookup result
    DATA: Array
(
    [option_name] => speed_backups_job_9ea24571-2779-49b2-a258-d9a7c63f4ea2
    [found] => YES
)

[2026-01-16 04:43:29] [14 MB] [chunked_processor] Job retrieved successfully
    DATA: Array
(
    [status] => running
    [type] => restore
)

[2026-01-16 04:43:29] [14 MB] [chunked_processor] get_job called
    DATA: Array
(
    [job_id] => 9ea24571-2779-49b2-a258-d9a7c63f4ea2
)

[2026-01-16 04:43:29] [14 MB] [chunked_processor] Transient lookup result
    DATA: Array
(
    [option_name] => speed_backups_job_9ea24571-2779-49b2-a258-d9a7c63f4ea2
    [found] => YES
)

[2026-01-16 04:43:29] [14 MB] [chunked_processor] Job retrieved successfully
    DATA: Array
(
    [status] => running
    [type] => restore
)

[2026-01-16 04:43:29] [14 MB] [ERROR_HANDLER] PHP error handlers registered
[2026-01-16 04:43:29] [14 MB] [FUNCTION] >>> ENTER: process_chunk
    DATA: Array
(
    [0] => job_id
)

[2026-01-16 04:43:29] [14 MB] [chunked_processor] get_job called
    DATA: Array
(
    [job_id] => 9ea24571-2779-49b2-a258-d9a7c63f4ea2
)

[2026-01-16 04:43:29] [14 MB] [chunked_processor] Transient lookup result
    DATA: Array
(
    [option_name] => speed_backups_job_9ea24571-2779-49b2-a258-d9a7c63f4ea2
    [found] => YES
)

[2026-01-16 04:43:29] [14 MB] [chunked_processor] Job retrieved successfully
    DATA: Array
(
    [status] => running
    [type] => restore
)

[2026-01-16 04:43:29] [14 MB] [JOB_STATE] Job 9ea24571-2779-49b2-a258-d9a7c63f4ea2 state
    DATA: Array
(
    [status] => running
    [type] => restore
    [phase] => extract
    [progress] => 56.980056980057
)

[2026-01-16 04:43:29] [14 MB] [chunked_processor] get_job called
    DATA: Array
(
    [job_id] => 9ea24571-2779-49b2-a258-d9a7c63f4ea2
)

[2026-01-16 04:43:29] [14 MB] [chunked_processor] Transient lookup result
    DATA: Array
(
    [option_name] => speed_backups_job_9ea24571-2779-49b2-a258-d9a7c63f4ea2
    [found] => YES
)

[2026-01-16 04:43:29] [14 MB] [chunked_processor] Job retrieved successfully
    DATA: Array
(
    [status] => running
    [type] => restore
)

[2026-01-16 04:43:29] [14 MB] [chunked_processor] get_job called
    DATA: Array
(
    [job_id] => 9ea24571-2779-49b2-a258-d9a7c63f4ea2
)

[2026-01-16 04:43:29] [14 MB] [chunked_processor] Transient lookup result
    DATA: Array
(
    [option_name] => speed_backups_job_9ea24571-2779-49b2-a258-d9a7c63f4ea2
    [found] => YES
)

[2026-01-16 04:43:29] [14 MB] [chunked_processor] Job retrieved successfully
    DATA: Array
(
    [status] => running
    [type] => restore
)

[2026-01-16 04:43:29] [14 MB] [chunked_processor] save_job called
    DATA: Array
(
    [job_id] => 9ea24571-2779-49b2-a258-d9a7c63f4ea2
    [status] => running
)

[2026-01-16 04:43:29] [14 MB] [chunked_processor] Transient save result
    DATA: Array
(
    [option_name] => speed_backups_job_9ea24571-2779-49b2-a258-d9a7c63f4ea2
    [success] => YES
)

[2026-01-16 04:43:29] [14 MB] [chunked_processor] Option save result
    DATA: Array
(
    [option_name] => speed_backups_job_9ea24571-2779-49b2-a258-d9a7c63f4ea2
    [success] => YES
)

[2026-01-16 04:43:29] [14 MB] [chunked_processor] Save verification (direct DB)
    DATA: Array
(
    [verified] => YES
)

[2026-01-16 04:43:29] [14 MB] [chunked_processor] get_job called
    DATA: Array
(
    [job_id] => 9ea24571-2779-49b2-a258-d9a7c63f4ea2
)

[2026-01-16 04:43:29] [14 MB] [chunked_processor] Transient lookup result
    DATA: Array
(
    [option_name] => speed_backups_job_9ea24571-2779-49b2-a258-d9a7c63f4ea2
    [found] => YES
)

[2026-01-16 04:43:29] [14 MB] [chunked_processor] Job retrieved successfully
    DATA: Array
(
    [status] => running
    [type] => restore
)

[2026-01-16 04:43:29] [14 MB] [chunked_processor] save_job called
    DATA: Array
(
    [job_id] => 9ea24571-2779-49b2-a258-d9a7c63f4ea2
    [status] => running
)

[2026-01-16 04:43:29] [14 MB] [chunked_processor] Transient save result
    DATA: Array
(
    [option_name] => speed_backups_job_9ea24571-2779-49b2-a258-d9a7c63f4ea2
    [success] => YES
)

[2026-01-16 04:43:29] [14 MB] [chunked_processor] Option save result
    DATA: Array
(
    [option_name] => speed_backups_job_9ea24571-2779-49b2-a258-d9a7c63f4ea2
    [success] => YES
)

[2026-01-16 04:43:29] [14 MB] [chunked_processor] Save verification (direct DB)
    DATA: Array
(
    [verified] => YES
)

[2026-01-16 04:43:29] [14 MB] [chunked_processor] get_job called
    DATA: Array
(
    [job_id] => 9ea24571-2779-49b2-a258-d9a7c63f4ea2
)

[2026-01-16 04:43:29] [14 MB] [chunked_processor] Transient lookup result
    DATA: Array
(
    [option_name] => speed_backups_job_9ea24571-2779-49b2-a258-d9a7c63f4ea2
    [found] => YES
)

[2026-01-16 04:43:29] [14 MB] [chunked_processor] Job retrieved successfully
    DATA: Array
(
    [status] => running
    [type] => restore
)

[2026-01-16 04:43:29] [14 MB] [chunked_processor] get_job called
    DATA: Array
(
    [job_id] => 9ea24571-2779-49b2-a258-d9a7c63f4ea2
)

[2026-01-16 04:43:29] [14 MB] [chunked_processor] Transient lookup result
    DATA: Array
(
    [option_name] => speed_backups_job_9ea24571-2779-49b2-a258-d9a7c63f4ea2
    [found] => YES
)

[2026-01-16 04:43:29] [14 MB] [chunked_processor] Job retrieved successfully
    DATA: Array
(
    [status] => running
    [type] => restore
)

[2026-01-16 04:43:30] [14 MB] [ERROR_HANDLER] PHP error handlers registered
[2026-01-16 04:43:30] [14 MB] [FUNCTION] >>> ENTER: process_chunk
    DATA: Array
(
    [0] => job_id
)

[2026-01-16 04:43:30] [14 MB] [chunked_processor] get_job called
    DATA: Array
(
    [job_id] => 9ea24571-2779-49b2-a258-d9a7c63f4ea2
)

[2026-01-16 04:43:30] [14 MB] [chunked_processor] Transient lookup result
    DATA: Array
(
    [option_name] => speed_backups_job_9ea24571-2779-49b2-a258-d9a7c63f4ea2
    [found] => YES
)

[2026-01-16 04:43:30] [14 MB] [chunked_processor] Job retrieved successfully
    DATA: Array
(
    [status] => running
    [type] => restore
)

[2026-01-16 04:43:30] [14 MB] [JOB_STATE] Job 9ea24571-2779-49b2-a258-d9a7c63f4ea2 state
    DATA: Array
(
    [status] => running
    [type] => restore
    [phase] => extract
    [progress] => 58.275058275058
)

[2026-01-16 04:43:30] [14 MB] [chunked_processor] get_job called
    DATA: Array
(
    [job_id] => 9ea24571-2779-49b2-a258-d9a7c63f4ea2
)

[2026-01-16 04:43:30] [14 MB] [chunked_processor] Transient lookup result
    DATA: Array
(
    [option_name] => speed_backups_job_9ea24571-2779-49b2-a258-d9a7c63f4ea2
    [found] => YES
)

[2026-01-16 04:43:30] [14 MB] [chunked_processor] Job retrieved successfully
    DATA: Array
(
    [status] => running
    [type] => restore
)

[2026-01-16 04:43:30] [14 MB] [chunked_processor] get_job called
    DATA: Array
(
    [job_id] => 9ea24571-2779-49b2-a258-d9a7c63f4ea2
)

[2026-01-16 04:43:30] [14 MB] [chunked_processor] Transient lookup result
    DATA: Array
(
    [option_name] => speed_backups_job_9ea24571-2779-49b2-a258-d9a7c63f4ea2
    [found] => YES
)

[2026-01-16 04:43:30] [14 MB] [chunked_processor] Job retrieved successfully
    DATA: Array
(
    [status] => running
    [type] => restore
)

[2026-01-16 04:43:30] [14 MB] [chunked_processor] save_job called
    DATA: Array
(
    [job_id] => 9ea24571-2779-49b2-a258-d9a7c63f4ea2
    [status] => running
)

[2026-01-16 04:43:30] [14 MB] [chunked_processor] Transient save result
    DATA: Array
(
    [option_name] => speed_backups_job_9ea24571-2779-49b2-a258-d9a7c63f4ea2
    [success] => YES
)

[2026-01-16 04:43:30] [14 MB] [chunked_processor] Option save result
    DATA: Array
(
    [option_name] => speed_backups_job_9ea24571-2779-49b2-a258-d9a7c63f4ea2
    [success] => YES
)

[2026-01-16 04:43:30] [14 MB] [chunked_processor] Save verification (direct DB)
    DATA: Array
(
    [verified] => YES
)

[2026-01-16 04:43:30] [14 MB] [chunked_processor] get_job called
    DATA: Array
(
    [job_id] => 9ea24571-2779-49b2-a258-d9a7c63f4ea2
)

[2026-01-16 04:43:30] [14 MB] [chunked_processor] Transient lookup result
    DATA: Array
(
    [option_name] => speed_backups_job_9ea24571-2779-49b2-a258-d9a7c63f4ea2
    [found] => YES
)

[2026-01-16 04:43:30] [14 MB] [chunked_processor] Job retrieved successfully
    DATA: Array
(
    [status] => running
    [type] => restore
)

[2026-01-16 04:43:30] [14 MB] [chunked_processor] save_job called
    DATA: Array
(
    [job_id] => 9ea24571-2779-49b2-a258-d9a7c63f4ea2
    [status] => running
)

[2026-01-16 04:43:30] [14 MB] [chunked_processor] Transient save result
    DATA: Array
(
    [option_name] => speed_backups_job_9ea24571-2779-49b2-a258-d9a7c63f4ea2
    [success] => YES
)

[2026-01-16 04:43:30] [14 MB] [chunked_processor] Option save result
    DATA: Array
(
    [option_name] => speed_backups_job_9ea24571-2779-49b2-a258-d9a7c63f4ea2
    [success] => YES
)

[2026-01-16 04:43:30] [14 MB] [chunked_processor] Save verification (direct DB)
    DATA: Array
(
    [verified] => YES
)

[2026-01-16 04:43:30] [14 MB] [chunked_processor] get_job called
    DATA: Array
(
    [job_id] => 9ea24571-2779-49b2-a258-d9a7c63f4ea2
)

[2026-01-16 04:43:30] [14 MB] [chunked_processor] Transient lookup result
    DATA: Array
(
    [option_name] => speed_backups_job_9ea24571-2779-49b2-a258-d9a7c63f4ea2
    [found] => YES
)

[2026-01-16 04:43:30] [14 MB] [chunked_processor] Job retrieved successfully
    DATA: Array
(
    [status] => running
    [type] => restore
)

[2026-01-16 04:43:30] [14 MB] [chunked_processor] get_job called
    DATA: Array
(
    [job_id] => 9ea24571-2779-49b2-a258-d9a7c63f4ea2
)

[2026-01-16 04:43:30] [14 MB] [chunked_processor] Transient lookup result
    DATA: Array
(
    [option_name] => speed_backups_job_9ea24571-2779-49b2-a258-d9a7c63f4ea2
    [found] => YES
)

[2026-01-16 04:43:30] [14 MB] [chunked_processor] Job retrieved successfully
    DATA: Array
(
    [status] => running
    [type] => restore
)

[2026-01-16 04:43:30] [14 MB] [ERROR_HANDLER] PHP error handlers registered
[2026-01-16 04:43:30] [14 MB] [FUNCTION] >>> ENTER: process_chunk
    DATA: Array
(
    [0] => job_id
)

[2026-01-16 04:43:30] [14 MB] [chunked_processor] get_job called
    DATA: Array
(
    [job_id] => 9ea24571-2779-49b2-a258-d9a7c63f4ea2
)

[2026-01-16 04:43:30] [14 MB] [chunked_processor] Transient lookup result
    DATA: Array
(
    [option_name] => speed_backups_job_9ea24571-2779-49b2-a258-d9a7c63f4ea2
    [found] => YES
)

[2026-01-16 04:43:30] [14 MB] [chunked_processor] Job retrieved successfully
    DATA: Array
(
    [status] => running
    [type] => restore
)

[2026-01-16 04:43:30] [14 MB] [JOB_STATE] Job 9ea24571-2779-49b2-a258-d9a7c63f4ea2 state
    DATA: Array
(
    [status] => running
    [type] => restore
    [phase] => extract
    [progress] => 59.57005957006
)

[2026-01-16 04:43:30] [14 MB] [chunked_processor] get_job called
    DATA: Array
(
    [job_id] => 9ea24571-2779-49b2-a258-d9a7c63f4ea2
)

[2026-01-16 04:43:30] [14 MB] [chunked_processor] Transient lookup result
    DATA: Array
(
    [option_name] => speed_backups_job_9ea24571-2779-49b2-a258-d9a7c63f4ea2
    [found] => YES
)

[2026-01-16 04:43:30] [14 MB] [chunked_processor] Job retrieved successfully
    DATA: Array
(
    [status] => running
    [type] => restore
)

[2026-01-16 04:43:30] [14 MB] [chunked_processor] get_job called
    DATA: Array
(
    [job_id] => 9ea24571-2779-49b2-a258-d9a7c63f4ea2
)

[2026-01-16 04:43:30] [14 MB] [chunked_processor] Transient lookup result
    DATA: Array
(
    [option_name] => speed_backups_job_9ea24571-2779-49b2-a258-d9a7c63f4ea2
    [found] => YES
)

[2026-01-16 04:43:30] [14 MB] [chunked_processor] Job retrieved successfully
    DATA: Array
(
    [status] => running
    [type] => restore
)

[2026-01-16 04:43:30] [14 MB] [chunked_processor] save_job called
    DATA: Array
(
    [job_id] => 9ea24571-2779-49b2-a258-d9a7c63f4ea2
    [status] => running
)

[2026-01-16 04:43:30] [14 MB] [chunked_processor] Transient save result
    DATA: Array
(
    [option_name] => speed_backups_job_9ea24571-2779-49b2-a258-d9a7c63f4ea2
    [success] => YES
)

[2026-01-16 04:43:30] [14 MB] [chunked_processor] Option save result
    DATA: Array
(
    [option_name] => speed_backups_job_9ea24571-2779-49b2-a258-d9a7c63f4ea2
    [success] => YES
)

[2026-01-16 04:43:30] [14 MB] [chunked_processor] Save verification (direct DB)
    DATA: Array
(
    [verified] => YES
)

[2026-01-16 04:43:30] [16 MB] [chunked_processor] get_job called
    DATA: Array
(
    [job_id] => 9ea24571-2779-49b2-a258-d9a7c63f4ea2
)

[2026-01-16 04:43:30] [16 MB] [chunked_processor] Transient lookup result
    DATA: Array
(
    [option_name] => speed_backups_job_9ea24571-2779-49b2-a258-d9a7c63f4ea2
    [found] => YES
)

[2026-01-16 04:43:30] [16 MB] [chunked_processor] Job retrieved successfully
    DATA: Array
(
    [status] => running
    [type] => restore
)

[2026-01-16 04:43:30] [16 MB] [chunked_processor] save_job called
    DATA: Array
(
    [job_id] => 9ea24571-2779-49b2-a258-d9a7c63f4ea2
    [status] => running
)

[2026-01-16 04:43:30] [16 MB] [chunked_processor] Transient save result
    DATA: Array
(
    [option_name] => speed_backups_job_9ea24571-2779-49b2-a258-d9a7c63f4ea2
    [success] => YES
)

[2026-01-16 04:43:30] [16 MB] [chunked_processor] Option save result
    DATA: Array
(
    [option_name] => speed_backups_job_9ea24571-2779-49b2-a258-d9a7c63f4ea2
    [success] => YES
)

[2026-01-16 04:43:30] [16 MB] [chunked_processor] Save verification (direct DB)
    DATA: Array
(
    [verified] => YES
)

[2026-01-16 04:43:30] [16 MB] [chunked_processor] get_job called
    DATA: Array
(
    [job_id] => 9ea24571-2779-49b2-a258-d9a7c63f4ea2
)

[2026-01-16 04:43:30] [16 MB] [chunked_processor] Transient lookup result
    DATA: Array
(
    [option_name] => speed_backups_job_9ea24571-2779-49b2-a258-d9a7c63f4ea2
    [found] => YES
)

[2026-01-16 04:43:30] [16 MB] [chunked_processor] Job retrieved successfully
    DATA: Array
(
    [status] => running
    [type] => restore
)

[2026-01-16 04:43:30] [16 MB] [chunked_processor] get_job called
    DATA: Array
(
    [job_id] => 9ea24571-2779-49b2-a258-d9a7c63f4ea2
)

[2026-01-16 04:43:30] [16 MB] [chunked_processor] Transient lookup result
    DATA: Array
(
    [option_name] => speed_backups_job_9ea24571-2779-49b2-a258-d9a7c63f4ea2
    [found] => YES
)

[2026-01-16 04:43:30] [16 MB] [chunked_processor] Job retrieved successfully
    DATA: Array
(
    [status] => running
    [type] => restore
)

[2026-01-16 04:43:31] [14 MB] [ERROR_HANDLER] PHP error handlers registered
[2026-01-16 04:43:31] [14 MB] [FUNCTION] >>> ENTER: process_chunk
    DATA: Array
(
    [0] => job_id
)

[2026-01-16 04:43:31] [14 MB] [chunked_processor] get_job called
    DATA: Array
(
    [job_id] => 9ea24571-2779-49b2-a258-d9a7c63f4ea2
)

[2026-01-16 04:43:31] [14 MB] [chunked_processor] Transient lookup result
    DATA: Array
(
    [option_name] => speed_backups_job_9ea24571-2779-49b2-a258-d9a7c63f4ea2
    [found] => YES
)

[2026-01-16 04:43:31] [14 MB] [chunked_processor] Job retrieved successfully
    DATA: Array
(
    [status] => running
    [type] => restore
)

[2026-01-16 04:43:31] [14 MB] [JOB_STATE] Job 9ea24571-2779-49b2-a258-d9a7c63f4ea2 state
    DATA: Array
(
    [status] => running
    [type] => restore
    [phase] => extract
    [progress] => 60.865060865061
)

[2026-01-16 04:43:31] [14 MB] [chunked_processor] get_job called
    DATA: Array
(
    [job_id] => 9ea24571-2779-49b2-a258-d9a7c63f4ea2
)

[2026-01-16 04:43:31] [14 MB] [chunked_processor] Transient lookup result
    DATA: Array
(
    [option_name] => speed_backups_job_9ea24571-2779-49b2-a258-d9a7c63f4ea2
    [found] => YES
)

[2026-01-16 04:43:31] [14 MB] [chunked_processor] Job retrieved successfully
    DATA: Array
(
    [status] => running
    [type] => restore
)

[2026-01-16 04:43:31] [14 MB] [chunked_processor] get_job called
    DATA: Array
(
    [job_id] => 9ea24571-2779-49b2-a258-d9a7c63f4ea2
)

[2026-01-16 04:43:31] [14 MB] [chunked_processor] Transient lookup result
    DATA: Array
(
    [option_name] => speed_backups_job_9ea24571-2779-49b2-a258-d9a7c63f4ea2
    [found] => YES
)

[2026-01-16 04:43:31] [14 MB] [chunked_processor] Job retrieved successfully
    DATA: Array
(
    [status] => running
    [type] => restore
)

[2026-01-16 04:43:31] [14 MB] [chunked_processor] save_job called
    DATA: Array
(
    [job_id] => 9ea24571-2779-49b2-a258-d9a7c63f4ea2
    [status] => running
)

[2026-01-16 04:43:31] [14 MB] [chunked_processor] Transient save result
    DATA: Array
(
    [option_name] => speed_backups_job_9ea24571-2779-49b2-a258-d9a7c63f4ea2
    [success] => YES
)

[2026-01-16 04:43:31] [14 MB] [chunked_processor] Option save result
    DATA: Array
(
    [option_name] => speed_backups_job_9ea24571-2779-49b2-a258-d9a7c63f4ea2
    [success] => YES
)

[2026-01-16 04:43:31] [14 MB] [chunked_processor] Save verification (direct DB)
    DATA: Array
(
    [verified] => YES
)

[2026-01-16 04:43:31] [14 MB] [chunked_processor] get_job called
    DATA: Array
(
    [job_id] => 9ea24571-2779-49b2-a258-d9a7c63f4ea2
)

[2026-01-16 04:43:31] [14 MB] [chunked_processor] Transient lookup result
    DATA: Array
(
    [option_name] => speed_backups_job_9ea24571-2779-49b2-a258-d9a7c63f4ea2
    [found] => YES
)

[2026-01-16 04:43:31] [14 MB] [chunked_processor] Job retrieved successfully
    DATA: Array
(
    [status] => running
    [type] => restore
)

[2026-01-16 04:43:31] [14 MB] [chunked_processor] save_job called
    DATA: Array
(
    [job_id] => 9ea24571-2779-49b2-a258-d9a7c63f4ea2
    [status] => running
)

[2026-01-16 04:43:31] [14 MB] [chunked_processor] Transient save result
    DATA: Array
(
    [option_name] => speed_backups_job_9ea24571-2779-49b2-a258-d9a7c63f4ea2
    [success] => YES
)

[2026-01-16 04:43:31] [14 MB] [chunked_processor] Option save result
    DATA: Array
(
    [option_name] => speed_backups_job_9ea24571-2779-49b2-a258-d9a7c63f4ea2
    [success] => YES
)

[2026-01-16 04:43:31] [14 MB] [chunked_processor] Save verification (direct DB)
    DATA: Array
(
    [verified] => YES
)

[2026-01-16 04:43:31] [14 MB] [chunked_processor] get_job called
    DATA: Array
(
    [job_id] => 9ea24571-2779-49b2-a258-d9a7c63f4ea2
)

[2026-01-16 04:43:31] [14 MB] [chunked_processor] Transient lookup result
    DATA: Array
(
    [option_name] => speed_backups_job_9ea24571-2779-49b2-a258-d9a7c63f4ea2
    [found] => YES
)

[2026-01-16 04:43:31] [14 MB] [chunked_processor] Job retrieved successfully
    DATA: Array
(
    [status] => running
    [type] => restore
)

[2026-01-16 04:43:31] [14 MB] [chunked_processor] get_job called
    DATA: Array
(
    [job_id] => 9ea24571-2779-49b2-a258-d9a7c63f4ea2
)

[2026-01-16 04:43:31] [14 MB] [chunked_processor] Transient lookup result
    DATA: Array
(
    [option_name] => speed_backups_job_9ea24571-2779-49b2-a258-d9a7c63f4ea2
    [found] => YES
)

[2026-01-16 04:43:31] [14 MB] [chunked_processor] Job retrieved successfully
    DATA: Array
(
    [status] => running
    [type] => restore
)

[2026-01-16 04:43:31] [14 MB] [ERROR_HANDLER] PHP error handlers registered
[2026-01-16 04:43:31] [14 MB] [FUNCTION] >>> ENTER: process_chunk
    DATA: Array
(
    [0] => job_id
)

[2026-01-16 04:43:31] [14 MB] [chunked_processor] get_job called
    DATA: Array
(
    [job_id] => 9ea24571-2779-49b2-a258-d9a7c63f4ea2
)

[2026-01-16 04:43:31] [14 MB] [chunked_processor] Transient lookup result
    DATA: Array
(
    [option_name] => speed_backups_job_9ea24571-2779-49b2-a258-d9a7c63f4ea2
    [found] => YES
)

[2026-01-16 04:43:31] [14 MB] [chunked_processor] Job retrieved successfully
    DATA: Array
(
    [status] => running
    [type] => restore
)

[2026-01-16 04:43:31] [14 MB] [JOB_STATE] Job 9ea24571-2779-49b2-a258-d9a7c63f4ea2 state
    DATA: Array
(
    [status] => running
    [type] => restore
    [phase] => extract
    [progress] => 62.160062160062
)

[2026-01-16 04:43:31] [14 MB] [chunked_processor] get_job called
    DATA: Array
(
    [job_id] => 9ea24571-2779-49b2-a258-d9a7c63f4ea2
)

[2026-01-16 04:43:31] [14 MB] [chunked_processor] Transient lookup result
    DATA: Array
(
    [option_name] => speed_backups_job_9ea24571-2779-49b2-a258-d9a7c63f4ea2
    [found] => YES
)

[2026-01-16 04:43:31] [14 MB] [chunked_processor] Job retrieved successfully
    DATA: Array
(
    [status] => running
    [type] => restore
)

[2026-01-16 04:43:31] [14 MB] [chunked_processor] get_job called
    DATA: Array
(
    [job_id] => 9ea24571-2779-49b2-a258-d9a7c63f4ea2
)

[2026-01-16 04:43:31] [14 MB] [chunked_processor] Transient lookup result
    DATA: Array
(
    [option_name] => speed_backups_job_9ea24571-2779-49b2-a258-d9a7c63f4ea2
    [found] => YES
)

[2026-01-16 04:43:31] [14 MB] [chunked_processor] Job retrieved successfully
    DATA: Array
(
    [status] => running
    [type] => restore
)

[2026-01-16 04:43:31] [14 MB] [chunked_processor] save_job called
    DATA: Array
(
    [job_id] => 9ea24571-2779-49b2-a258-d9a7c63f4ea2
    [status] => running
)

[2026-01-16 04:43:31] [14 MB] [chunked_processor] Transient save result
    DATA: Array
(
    [option_name] => speed_backups_job_9ea24571-2779-49b2-a258-d9a7c63f4ea2
    [success] => YES
)

[2026-01-16 04:43:31] [14 MB] [chunked_processor] Option save result
    DATA: Array
(
    [option_name] => speed_backups_job_9ea24571-2779-49b2-a258-d9a7c63f4ea2
    [success] => YES
)

[2026-01-16 04:43:31] [14 MB] [chunked_processor] Save verification (direct DB)
    DATA: Array
(
    [verified] => YES
)

[2026-01-16 04:43:31] [14 MB] [chunked_processor] get_job called
    DATA: Array
(
    [job_id] => 9ea24571-2779-49b2-a258-d9a7c63f4ea2
)

[2026-01-16 04:43:31] [14 MB] [chunked_processor] Transient lookup result
    DATA: Array
(
    [option_name] => speed_backups_job_9ea24571-2779-49b2-a258-d9a7c63f4ea2
    [found] => YES
)

[2026-01-16 04:43:31] [14 MB] [chunked_processor] Job retrieved successfully
    DATA: Array
(
    [status] => running
    [type] => restore
)

[2026-01-16 04:43:31] [14 MB] [chunked_processor] save_job called
    DATA: Array
(
    [job_id] => 9ea24571-2779-49b2-a258-d9a7c63f4ea2
    [status] => running
)

[2026-01-16 04:43:31] [14 MB] [chunked_processor] Transient save result
    DATA: Array
(
    [option_name] => speed_backups_job_9ea24571-2779-49b2-a258-d9a7c63f4ea2
    [success] => YES
)

[2026-01-16 04:43:31] [14 MB] [chunked_processor] Option save result
    DATA: Array
(
    [option_name] => speed_backups_job_9ea24571-2779-49b2-a258-d9a7c63f4ea2
    [success] => YES
)

[2026-01-16 04:43:31] [14 MB] [chunked_processor] Save verification (direct DB)
    DATA: Array
(
    [verified] => YES
)

[2026-01-16 04:43:31] [14 MB] [chunked_processor] get_job called
    DATA: Array
(
    [job_id] => 9ea24571-2779-49b2-a258-d9a7c63f4ea2
)

[2026-01-16 04:43:31] [14 MB] [chunked_processor] Transient lookup result
    DATA: Array
(
    [option_name] => speed_backups_job_9ea24571-2779-49b2-a258-d9a7c63f4ea2
    [found] => YES
)

[2026-01-16 04:43:31] [14 MB] [chunked_processor] Job retrieved successfully
    DATA: Array
(
    [status] => running
    [type] => restore
)

[2026-01-16 04:43:31] [14 MB] [chunked_processor] get_job called
    DATA: Array
(
    [job_id] => 9ea24571-2779-49b2-a258-d9a7c63f4ea2
)

[2026-01-16 04:43:31] [14 MB] [chunked_processor] Transient lookup result
    DATA: Array
(
    [option_name] => speed_backups_job_9ea24571-2779-49b2-a258-d9a7c63f4ea2
    [found] => YES
)

[2026-01-16 04:43:31] [14 MB] [chunked_processor] Job retrieved successfully
    DATA: Array
(
    [status] => running
    [type] => restore
)

[2026-01-16 04:43:32] [14 MB] [ERROR_HANDLER] PHP error handlers registered
[2026-01-16 04:43:32] [14 MB] [FUNCTION] >>> ENTER: process_chunk
    DATA: Array
(
    [0] => job_id
)

[2026-01-16 04:43:32] [14 MB] [chunked_processor] get_job called
    DATA: Array
(
    [job_id] => 9ea24571-2779-49b2-a258-d9a7c63f4ea2
)

[2026-01-16 04:43:32] [14 MB] [chunked_processor] Transient lookup result
    DATA: Array
(
    [option_name] => speed_backups_job_9ea24571-2779-49b2-a258-d9a7c63f4ea2
    [found] => YES
)

[2026-01-16 04:43:32] [14 MB] [chunked_processor] Job retrieved successfully
    DATA: Array
(
    [status] => running
    [type] => restore
)

[2026-01-16 04:43:32] [14 MB] [JOB_STATE] Job 9ea24571-2779-49b2-a258-d9a7c63f4ea2 state
    DATA: Array
(
    [status] => running
    [type] => restore
    [phase] => extract
    [progress] => 63.455063455063
)

[2026-01-16 04:43:32] [14 MB] [chunked_processor] get_job called
    DATA: Array
(
    [job_id] => 9ea24571-2779-49b2-a258-d9a7c63f4ea2
)

[2026-01-16 04:43:32] [14 MB] [chunked_processor] Transient lookup result
    DATA: Array
(
    [option_name] => speed_backups_job_9ea24571-2779-49b2-a258-d9a7c63f4ea2
    [found] => YES
)

[2026-01-16 04:43:32] [14 MB] [chunked_processor] Job retrieved successfully
    DATA: Array
(
    [status] => running
    [type] => restore
)

[2026-01-16 04:43:32] [14 MB] [chunked_processor] get_job called
    DATA: Array
(
    [job_id] => 9ea24571-2779-49b2-a258-d9a7c63f4ea2
)

[2026-01-16 04:43:32] [14 MB] [chunked_processor] Transient lookup result
    DATA: Array
(
    [option_name] => speed_backups_job_9ea24571-2779-49b2-a258-d9a7c63f4ea2
    [found] => YES
)

[2026-01-16 04:43:32] [14 MB] [chunked_processor] Job retrieved successfully
    DATA: Array
(
    [status] => running
    [type] => restore
)

[2026-01-16 04:43:32] [14 MB] [chunked_processor] save_job called
    DATA: Array
(
    [job_id] => 9ea24571-2779-49b2-a258-d9a7c63f4ea2
    [status] => running
)

[2026-01-16 04:43:32] [14 MB] [chunked_processor] Transient save result
    DATA: Array
(
    [option_name] => speed_backups_job_9ea24571-2779-49b2-a258-d9a7c63f4ea2
    [success] => YES
)

[2026-01-16 04:43:32] [14 MB] [chunked_processor] Option save result
    DATA: Array
(
    [option_name] => speed_backups_job_9ea24571-2779-49b2-a258-d9a7c63f4ea2
    [success] => YES
)

[2026-01-16 04:43:32] [14 MB] [chunked_processor] Save verification (direct DB)
    DATA: Array
(
    [verified] => YES
)

[2026-01-16 04:43:32] [14 MB] [chunked_processor] get_job called
    DATA: Array
(
    [job_id] => 9ea24571-2779-49b2-a258-d9a7c63f4ea2
)

[2026-01-16 04:43:32] [14 MB] [chunked_processor] Transient lookup result
    DATA: Array
(
    [option_name] => speed_backups_job_9ea24571-2779-49b2-a258-d9a7c63f4ea2
    [found] => YES
)

[2026-01-16 04:43:32] [14 MB] [chunked_processor] Job retrieved successfully
    DATA: Array
(
    [status] => running
    [type] => restore
)

[2026-01-16 04:43:32] [14 MB] [chunked_processor] save_job called
    DATA: Array
(
    [job_id] => 9ea24571-2779-49b2-a258-d9a7c63f4ea2
    [status] => running
)

[2026-01-16 04:43:32] [14 MB] [chunked_processor] Transient save result
    DATA: Array
(
    [option_name] => speed_backups_job_9ea24571-2779-49b2-a258-d9a7c63f4ea2
    [success] => YES
)

[2026-01-16 04:43:32] [14 MB] [chunked_processor] Option save result
    DATA: Array
(
    [option_name] => speed_backups_job_9ea24571-2779-49b2-a258-d9a7c63f4ea2
    [success] => YES
)

[2026-01-16 04:43:32] [14 MB] [chunked_processor] Save verification (direct DB)
    DATA: Array
(
    [verified] => YES
)

[2026-01-16 04:43:32] [14 MB] [chunked_processor] get_job called
    DATA: Array
(
    [job_id] => 9ea24571-2779-49b2-a258-d9a7c63f4ea2
)

[2026-01-16 04:43:32] [14 MB] [chunked_processor] Transient lookup result
    DATA: Array
(
    [option_name] => speed_backups_job_9ea24571-2779-49b2-a258-d9a7c63f4ea2
    [found] => YES
)

[2026-01-16 04:43:32] [14 MB] [chunked_processor] Job retrieved successfully
    DATA: Array
(
    [status] => running
    [type] => restore
)

[2026-01-16 04:43:32] [14 MB] [chunked_processor] get_job called
    DATA: Array
(
    [job_id] => 9ea24571-2779-49b2-a258-d9a7c63f4ea2
)

[2026-01-16 04:43:32] [14 MB] [chunked_processor] Transient lookup result
    DATA: Array
(
    [option_name] => speed_backups_job_9ea24571-2779-49b2-a258-d9a7c63f4ea2
    [found] => YES
)

[2026-01-16 04:43:32] [14 MB] [chunked_processor] Job retrieved successfully
    DATA: Array
(
    [status] => running
    [type] => restore
)

[2026-01-16 04:43:32] [14 MB] [ERROR_HANDLER] PHP error handlers registered
[2026-01-16 04:43:32] [14 MB] [FUNCTION] >>> ENTER: process_chunk
    DATA: Array
(
    [0] => job_id
)

[2026-01-16 04:43:32] [14 MB] [chunked_processor] get_job called
    DATA: Array
(
    [job_id] => 9ea24571-2779-49b2-a258-d9a7c63f4ea2
)

[2026-01-16 04:43:32] [14 MB] [chunked_processor] Transient lookup result
    DATA: Array
(
    [option_name] => speed_backups_job_9ea24571-2779-49b2-a258-d9a7c63f4ea2
    [found] => YES
)

[2026-01-16 04:43:32] [14 MB] [chunked_processor] Job retrieved successfully
    DATA: Array
(
    [status] => running
    [type] => restore
)

[2026-01-16 04:43:32] [14 MB] [JOB_STATE] Job 9ea24571-2779-49b2-a258-d9a7c63f4ea2 state
    DATA: Array
(
    [status] => running
    [type] => restore
    [phase] => extract
    [progress] => 64.750064750065
)

[2026-01-16 04:43:32] [14 MB] [chunked_processor] get_job called
    DATA: Array
(
    [job_id] => 9ea24571-2779-49b2-a258-d9a7c63f4ea2
)

[2026-01-16 04:43:32] [14 MB] [chunked_processor] Transient lookup result
    DATA: Array
(
    [option_name] => speed_backups_job_9ea24571-2779-49b2-a258-d9a7c63f4ea2
    [found] => YES
)

[2026-01-16 04:43:32] [14 MB] [chunked_processor] Job retrieved successfully
    DATA: Array
(
    [status] => running
    [type] => restore
)

[2026-01-16 04:43:32] [14 MB] [chunked_processor] get_job called
    DATA: Array
(
    [job_id] => 9ea24571-2779-49b2-a258-d9a7c63f4ea2
)

[2026-01-16 04:43:32] [14 MB] [chunked_processor] Transient lookup result
    DATA: Array
(
    [option_name] => speed_backups_job_9ea24571-2779-49b2-a258-d9a7c63f4ea2
    [found] => YES
)

[2026-01-16 04:43:32] [14 MB] [chunked_processor] Job retrieved successfully
    DATA: Array
(
    [status] => running
    [type] => restore
)

[2026-01-16 04:43:32] [14 MB] [chunked_processor] save_job called
    DATA: Array
(
    [job_id] => 9ea24571-2779-49b2-a258-d9a7c63f4ea2
    [status] => running
)

[2026-01-16 04:43:32] [14 MB] [chunked_processor] Transient save result
    DATA: Array
(
    [option_name] => speed_backups_job_9ea24571-2779-49b2-a258-d9a7c63f4ea2
    [success] => YES
)

[2026-01-16 04:43:32] [14 MB] [chunked_processor] Option save result
    DATA: Array
(
    [option_name] => speed_backups_job_9ea24571-2779-49b2-a258-d9a7c63f4ea2
    [success] => YES
)

[2026-01-16 04:43:32] [14 MB] [chunked_processor] Save verification (direct DB)
    DATA: Array
(
    [verified] => YES
)

[2026-01-16 04:43:32] [14 MB] [chunked_processor] get_job called
    DATA: Array
(
    [job_id] => 9ea24571-2779-49b2-a258-d9a7c63f4ea2
)

[2026-01-16 04:43:32] [14 MB] [chunked_processor] Transient lookup result
    DATA: Array
(
    [option_name] => speed_backups_job_9ea24571-2779-49b2-a258-d9a7c63f4ea2
    [found] => YES
)

[2026-01-16 04:43:32] [14 MB] [chunked_processor] Job retrieved successfully
    DATA: Array
(
    [status] => running
    [type] => restore
)

[2026-01-16 04:43:32] [14 MB] [chunked_processor] save_job called
    DATA: Array
(
    [job_id] => 9ea24571-2779-49b2-a258-d9a7c63f4ea2
    [status] => running
)

[2026-01-16 04:43:32] [14 MB] [chunked_processor] Transient save result
    DATA: Array
(
    [option_name] => speed_backups_job_9ea24571-2779-49b2-a258-d9a7c63f4ea2
    [success] => YES
)

[2026-01-16 04:43:32] [14 MB] [chunked_processor] Option save result
    DATA: Array
(
    [option_name] => speed_backups_job_9ea24571-2779-49b2-a258-d9a7c63f4ea2
    [success] => YES
)

[2026-01-16 04:43:32] [14 MB] [chunked_processor] Save verification (direct DB)
    DATA: Array
(
    [verified] => YES
)

[2026-01-16 04:43:32] [14 MB] [chunked_processor] get_job called
    DATA: Array
(
    [job_id] => 9ea24571-2779-49b2-a258-d9a7c63f4ea2
)

[2026-01-16 04:43:32] [14 MB] [chunked_processor] Transient lookup result
    DATA: Array
(
    [option_name] => speed_backups_job_9ea24571-2779-49b2-a258-d9a7c63f4ea2
    [found] => YES
)

[2026-01-16 04:43:32] [14 MB] [chunked_processor] Job retrieved successfully
    DATA: Array
(
    [status] => running
    [type] => restore
)

[2026-01-16 04:43:32] [14 MB] [chunked_processor] get_job called
    DATA: Array
(
    [job_id] => 9ea24571-2779-49b2-a258-d9a7c63f4ea2
)

[2026-01-16 04:43:32] [14 MB] [chunked_processor] Transient lookup result
    DATA: Array
(
    [option_name] => speed_backups_job_9ea24571-2779-49b2-a258-d9a7c63f4ea2
    [found] => YES
)

[2026-01-16 04:43:32] [14 MB] [chunked_processor] Job retrieved successfully
    DATA: Array
(
    [status] => running
    [type] => restore
)

[2026-01-16 04:43:33] [14 MB] [ERROR_HANDLER] PHP error handlers registered
[2026-01-16 04:43:33] [14 MB] [FUNCTION] >>> ENTER: process_chunk
    DATA: Array
(
    [0] => job_id
)

[2026-01-16 04:43:33] [14 MB] [chunked_processor] get_job called
    DATA: Array
(
    [job_id] => 9ea24571-2779-49b2-a258-d9a7c63f4ea2
)

[2026-01-16 04:43:33] [14 MB] [chunked_processor] Transient lookup result
    DATA: Array
(
    [option_name] => speed_backups_job_9ea24571-2779-49b2-a258-d9a7c63f4ea2
    [found] => YES
)

[2026-01-16 04:43:33] [14 MB] [chunked_processor] Job retrieved successfully
    DATA: Array
(
    [status] => running
    [type] => restore
)

[2026-01-16 04:43:33] [14 MB] [JOB_STATE] Job 9ea24571-2779-49b2-a258-d9a7c63f4ea2 state
    DATA: Array
(
    [status] => running
    [type] => restore
    [phase] => extract
    [progress] => 66.045066045066
)

[2026-01-16 04:43:33] [14 MB] [chunked_processor] get_job called
    DATA: Array
(
    [job_id] => 9ea24571-2779-49b2-a258-d9a7c63f4ea2
)

[2026-01-16 04:43:33] [14 MB] [chunked_processor] Transient lookup result
    DATA: Array
(
    [option_name] => speed_backups_job_9ea24571-2779-49b2-a258-d9a7c63f4ea2
    [found] => YES
)

[2026-01-16 04:43:33] [14 MB] [chunked_processor] Job retrieved successfully
    DATA: Array
(
    [status] => running
    [type] => restore
)

[2026-01-16 04:43:33] [14 MB] [chunked_processor] get_job called
    DATA: Array
(
    [job_id] => 9ea24571-2779-49b2-a258-d9a7c63f4ea2
)

[2026-01-16 04:43:33] [14 MB] [chunked_processor] Transient lookup result
    DATA: Array
(
    [option_name] => speed_backups_job_9ea24571-2779-49b2-a258-d9a7c63f4ea2
    [found] => YES
)

[2026-01-16 04:43:33] [14 MB] [chunked_processor] Job retrieved successfully
    DATA: Array
(
    [status] => running
    [type] => restore
)

[2026-01-16 04:43:33] [14 MB] [chunked_processor] save_job called
    DATA: Array
(
    [job_id] => 9ea24571-2779-49b2-a258-d9a7c63f4ea2
    [status] => running
)

[2026-01-16 04:43:33] [14 MB] [chunked_processor] Transient save result
    DATA: Array
(
    [option_name] => speed_backups_job_9ea24571-2779-49b2-a258-d9a7c63f4ea2
    [success] => YES
)

[2026-01-16 04:43:33] [14 MB] [chunked_processor] Option save result
    DATA: Array
(
    [option_name] => speed_backups_job_9ea24571-2779-49b2-a258-d9a7c63f4ea2
    [success] => YES
)

[2026-01-16 04:43:33] [14 MB] [chunked_processor] Save verification (direct DB)
    DATA: Array
(
    [verified] => YES
)

[2026-01-16 04:43:33] [14 MB] [chunked_processor] get_job called
    DATA: Array
(
    [job_id] => 9ea24571-2779-49b2-a258-d9a7c63f4ea2
)

[2026-01-16 04:43:33] [14 MB] [chunked_processor] Transient lookup result
    DATA: Array
(
    [option_name] => speed_backups_job_9ea24571-2779-49b2-a258-d9a7c63f4ea2
    [found] => YES
)

[2026-01-16 04:43:33] [14 MB] [chunked_processor] Job retrieved successfully
    DATA: Array
(
    [status] => running
    [type] => restore
)

[2026-01-16 04:43:33] [14 MB] [chunked_processor] save_job called
    DATA: Array
(
    [job_id] => 9ea24571-2779-49b2-a258-d9a7c63f4ea2
    [status] => running
)

[2026-01-16 04:43:33] [14 MB] [chunked_processor] Transient save result
    DATA: Array
(
    [option_name] => speed_backups_job_9ea24571-2779-49b2-a258-d9a7c63f4ea2
    [success] => YES
)

[2026-01-16 04:43:33] [14 MB] [chunked_processor] Option save result
    DATA: Array
(
    [option_name] => speed_backups_job_9ea24571-2779-49b2-a258-d9a7c63f4ea2
    [success] => YES
)

[2026-01-16 04:43:33] [14 MB] [chunked_processor] Save verification (direct DB)
    DATA: Array
(
    [verified] => YES
)

[2026-01-16 04:43:33] [14 MB] [chunked_processor] get_job called
    DATA: Array
(
    [job_id] => 9ea24571-2779-49b2-a258-d9a7c63f4ea2
)

[2026-01-16 04:43:33] [14 MB] [chunked_processor] Transient lookup result
    DATA: Array
(
    [option_name] => speed_backups_job_9ea24571-2779-49b2-a258-d9a7c63f4ea2
    [found] => YES
)

[2026-01-16 04:43:33] [14 MB] [chunked_processor] Job retrieved successfully
    DATA: Array
(
    [status] => running
    [type] => restore
)

[2026-01-16 04:43:33] [14 MB] [chunked_processor] get_job called
    DATA: Array
(
    [job_id] => 9ea24571-2779-49b2-a258-d9a7c63f4ea2
)

[2026-01-16 04:43:33] [14 MB] [chunked_processor] Transient lookup result
    DATA: Array
(
    [option_name] => speed_backups_job_9ea24571-2779-49b2-a258-d9a7c63f4ea2
    [found] => YES
)

[2026-01-16 04:43:33] [14 MB] [chunked_processor] Job retrieved successfully
    DATA: Array
(
    [status] => running
    [type] => restore
)

[2026-01-16 04:43:33] [14 MB] [ERROR_HANDLER] PHP error handlers registered
[2026-01-16 04:43:33] [14 MB] [FUNCTION] >>> ENTER: process_chunk
    DATA: Array
(
    [0] => job_id
)

[2026-01-16 04:43:33] [14 MB] [chunked_processor] get_job called
    DATA: Array
(
    [job_id] => 9ea24571-2779-49b2-a258-d9a7c63f4ea2
)

[2026-01-16 04:43:33] [14 MB] [chunked_processor] Transient lookup result
    DATA: Array
(
    [option_name] => speed_backups_job_9ea24571-2779-49b2-a258-d9a7c63f4ea2
    [found] => YES
)

[2026-01-16 04:43:33] [14 MB] [chunked_processor] Job retrieved successfully
    DATA: Array
(
    [status] => running
    [type] => restore
)

[2026-01-16 04:43:33] [14 MB] [JOB_STATE] Job 9ea24571-2779-49b2-a258-d9a7c63f4ea2 state
    DATA: Array
(
    [status] => running
    [type] => restore
    [phase] => extract
    [progress] => 67.340067340067
)

[2026-01-16 04:43:33] [14 MB] [chunked_processor] get_job called
    DATA: Array
(
    [job_id] => 9ea24571-2779-49b2-a258-d9a7c63f4ea2
)

[2026-01-16 04:43:33] [14 MB] [chunked_processor] Transient lookup result
    DATA: Array
(
    [option_name] => speed_backups_job_9ea24571-2779-49b2-a258-d9a7c63f4ea2
    [found] => YES
)

[2026-01-16 04:43:33] [14 MB] [chunked_processor] Job retrieved successfully
    DATA: Array
(
    [status] => running
    [type] => restore
)

[2026-01-16 04:43:33] [14 MB] [chunked_processor] get_job called
    DATA: Array
(
    [job_id] => 9ea24571-2779-49b2-a258-d9a7c63f4ea2
)

[2026-01-16 04:43:33] [14 MB] [chunked_processor] Transient lookup result
    DATA: Array
(
    [option_name] => speed_backups_job_9ea24571-2779-49b2-a258-d9a7c63f4ea2
    [found] => YES
)

[2026-01-16 04:43:33] [14 MB] [chunked_processor] Job retrieved successfully
    DATA: Array
(
    [status] => running
    [type] => restore
)

[2026-01-16 04:43:33] [14 MB] [chunked_processor] save_job called
    DATA: Array
(
    [job_id] => 9ea24571-2779-49b2-a258-d9a7c63f4ea2
    [status] => running
)

[2026-01-16 04:43:33] [14 MB] [chunked_processor] Transient save result
    DATA: Array
(
    [option_name] => speed_backups_job_9ea24571-2779-49b2-a258-d9a7c63f4ea2
    [success] => YES
)

[2026-01-16 04:43:33] [14 MB] [chunked_processor] Option save result
    DATA: Array
(
    [option_name] => speed_backups_job_9ea24571-2779-49b2-a258-d9a7c63f4ea2
    [success] => YES
)

[2026-01-16 04:43:33] [14 MB] [chunked_processor] Save verification (direct DB)
    DATA: Array
(
    [verified] => YES
)

[2026-01-16 04:43:33] [14 MB] [chunked_processor] get_job called
    DATA: Array
(
    [job_id] => 9ea24571-2779-49b2-a258-d9a7c63f4ea2
)

[2026-01-16 04:43:33] [14 MB] [chunked_processor] Transient lookup result
    DATA: Array
(
    [option_name] => speed_backups_job_9ea24571-2779-49b2-a258-d9a7c63f4ea2
    [found] => YES
)

[2026-01-16 04:43:33] [14 MB] [chunked_processor] Job retrieved successfully
    DATA: Array
(
    [status] => running
    [type] => restore
)

[2026-01-16 04:43:33] [14 MB] [chunked_processor] save_job called
    DATA: Array
(
    [job_id] => 9ea24571-2779-49b2-a258-d9a7c63f4ea2
    [status] => running
)

[2026-01-16 04:43:33] [14 MB] [chunked_processor] Transient save result
    DATA: Array
(
    [option_name] => speed_backups_job_9ea24571-2779-49b2-a258-d9a7c63f4ea2
    [success] => YES
)

[2026-01-16 04:43:33] [14 MB] [chunked_processor] Option save result
    DATA: Array
(
    [option_name] => speed_backups_job_9ea24571-2779-49b2-a258-d9a7c63f4ea2
    [success] => YES
)

[2026-01-16 04:43:33] [14 MB] [chunked_processor] Save verification (direct DB)
    DATA: Array
(
    [verified] => YES
)

[2026-01-16 04:43:33] [14 MB] [chunked_processor] get_job called
    DATA: Array
(
    [job_id] => 9ea24571-2779-49b2-a258-d9a7c63f4ea2
)

[2026-01-16 04:43:33] [14 MB] [chunked_processor] Transient lookup result
    DATA: Array
(
    [option_name] => speed_backups_job_9ea24571-2779-49b2-a258-d9a7c63f4ea2
    [found] => YES
)

[2026-01-16 04:43:33] [14 MB] [chunked_processor] Job retrieved successfully
    DATA: Array
(
    [status] => running
    [type] => restore
)

[2026-01-16 04:43:33] [14 MB] [chunked_processor] get_job called
    DATA: Array
(
    [job_id] => 9ea24571-2779-49b2-a258-d9a7c63f4ea2
)

[2026-01-16 04:43:33] [14 MB] [chunked_processor] Transient lookup result
    DATA: Array
(
    [option_name] => speed_backups_job_9ea24571-2779-49b2-a258-d9a7c63f4ea2
    [found] => YES
)

[2026-01-16 04:43:33] [14 MB] [chunked_processor] Job retrieved successfully
    DATA: Array
(
    [status] => running
    [type] => restore
)

[2026-01-16 04:43:34] [14 MB] [ERROR_HANDLER] PHP error handlers registered
[2026-01-16 04:43:34] [14 MB] [FUNCTION] >>> ENTER: process_chunk
    DATA: Array
(
    [0] => job_id
)

[2026-01-16 04:43:34] [14 MB] [chunked_processor] get_job called
    DATA: Array
(
    [job_id] => 9ea24571-2779-49b2-a258-d9a7c63f4ea2
)

[2026-01-16 04:43:34] [14 MB] [chunked_processor] Transient lookup result
    DATA: Array
(
    [option_name] => speed_backups_job_9ea24571-2779-49b2-a258-d9a7c63f4ea2
    [found] => YES
)

[2026-01-16 04:43:34] [14 MB] [chunked_processor] Job retrieved successfully
    DATA: Array
(
    [status] => running
    [type] => restore
)

[2026-01-16 04:43:34] [14 MB] [JOB_STATE] Job 9ea24571-2779-49b2-a258-d9a7c63f4ea2 state
    DATA: Array
(
    [status] => running
    [type] => restore
    [phase] => extract
    [progress] => 68.635068635069
)

[2026-01-16 04:43:34] [14 MB] [chunked_processor] get_job called
    DATA: Array
(
    [job_id] => 9ea24571-2779-49b2-a258-d9a7c63f4ea2
)

[2026-01-16 04:43:34] [14 MB] [chunked_processor] Transient lookup result
    DATA: Array
(
    [option_name] => speed_backups_job_9ea24571-2779-49b2-a258-d9a7c63f4ea2
    [found] => YES
)

[2026-01-16 04:43:34] [14 MB] [chunked_processor] Job retrieved successfully
    DATA: Array
(
    [status] => running
    [type] => restore
)

[2026-01-16 04:43:34] [14 MB] [chunked_processor] get_job called
    DATA: Array
(
    [job_id] => 9ea24571-2779-49b2-a258-d9a7c63f4ea2
)

[2026-01-16 04:43:34] [14 MB] [chunked_processor] Transient lookup result
    DATA: Array
(
    [option_name] => speed_backups_job_9ea24571-2779-49b2-a258-d9a7c63f4ea2
    [found] => YES
)

[2026-01-16 04:43:34] [14 MB] [chunked_processor] Job retrieved successfully
    DATA: Array
(
    [status] => running
    [type] => restore
)

[2026-01-16 04:43:34] [14 MB] [chunked_processor] save_job called
    DATA: Array
(
    [job_id] => 9ea24571-2779-49b2-a258-d9a7c63f4ea2
    [status] => running
)

[2026-01-16 04:43:34] [14 MB] [chunked_processor] Transient save result
    DATA: Array
(
    [option_name] => speed_backups_job_9ea24571-2779-49b2-a258-d9a7c63f4ea2
    [success] => YES
)

[2026-01-16 04:43:34] [14 MB] [chunked_processor] Option save result
    DATA: Array
(
    [option_name] => speed_backups_job_9ea24571-2779-49b2-a258-d9a7c63f4ea2
    [success] => YES
)

[2026-01-16 04:43:34] [14 MB] [chunked_processor] Save verification (direct DB)
    DATA: Array
(
    [verified] => YES
)

[2026-01-16 04:43:34] [14 MB] [chunked_processor] get_job called
    DATA: Array
(
    [job_id] => 9ea24571-2779-49b2-a258-d9a7c63f4ea2
)

[2026-01-16 04:43:34] [14 MB] [chunked_processor] Transient lookup result
    DATA: Array
(
    [option_name] => speed_backups_job_9ea24571-2779-49b2-a258-d9a7c63f4ea2
    [found] => YES
)

[2026-01-16 04:43:34] [14 MB] [chunked_processor] Job retrieved successfully
    DATA: Array
(
    [status] => running
    [type] => restore
)

[2026-01-16 04:43:34] [14 MB] [chunked_processor] save_job called
    DATA: Array
(
    [job_id] => 9ea24571-2779-49b2-a258-d9a7c63f4ea2
    [status] => running
)

[2026-01-16 04:43:34] [14 MB] [chunked_processor] Transient save result
    DATA: Array
(
    [option_name] => speed_backups_job_9ea24571-2779-49b2-a258-d9a7c63f4ea2
    [success] => YES
)

[2026-01-16 04:43:34] [14 MB] [chunked_processor] Option save result
    DATA: Array
(
    [option_name] => speed_backups_job_9ea24571-2779-49b2-a258-d9a7c63f4ea2
    [success] => YES
)

[2026-01-16 04:43:34] [14 MB] [chunked_processor] Save verification (direct DB)
    DATA: Array
(
    [verified] => YES
)

[2026-01-16 04:43:34] [14 MB] [chunked_processor] get_job called
    DATA: Array
(
    [job_id] => 9ea24571-2779-49b2-a258-d9a7c63f4ea2
)

[2026-01-16 04:43:34] [14 MB] [chunked_processor] Transient lookup result
    DATA: Array
(
    [option_name] => speed_backups_job_9ea24571-2779-49b2-a258-d9a7c63f4ea2
    [found] => YES
)

[2026-01-16 04:43:34] [14 MB] [chunked_processor] Job retrieved successfully
    DATA: Array
(
    [status] => running
    [type] => restore
)

[2026-01-16 04:43:34] [14 MB] [chunked_processor] get_job called
    DATA: Array
(
    [job_id] => 9ea24571-2779-49b2-a258-d9a7c63f4ea2
)

[2026-01-16 04:43:34] [14 MB] [chunked_processor] Transient lookup result
    DATA: Array
(
    [option_name] => speed_backups_job_9ea24571-2779-49b2-a258-d9a7c63f4ea2
    [found] => YES
)

[2026-01-16 04:43:34] [14 MB] [chunked_processor] Job retrieved successfully
    DATA: Array
(
    [status] => running
    [type] => restore
)

[2026-01-16 04:43:34] [14 MB] [ERROR_HANDLER] PHP error handlers registered
[2026-01-16 04:43:34] [14 MB] [FUNCTION] >>> ENTER: process_chunk
    DATA: Array
(
    [0] => job_id
)

[2026-01-16 04:43:34] [14 MB] [chunked_processor] get_job called
    DATA: Array
(
    [job_id] => 9ea24571-2779-49b2-a258-d9a7c63f4ea2
)

[2026-01-16 04:43:34] [14 MB] [chunked_processor] Transient lookup result
    DATA: Array
(
    [option_name] => speed_backups_job_9ea24571-2779-49b2-a258-d9a7c63f4ea2
    [found] => YES
)

[2026-01-16 04:43:34] [14 MB] [chunked_processor] Job retrieved successfully
    DATA: Array
(
    [status] => running
    [type] => restore
)

[2026-01-16 04:43:34] [14 MB] [JOB_STATE] Job 9ea24571-2779-49b2-a258-d9a7c63f4ea2 state
    DATA: Array
(
    [status] => running
    [type] => restore
    [phase] => extract
    [progress] => 69.93006993007
)

[2026-01-16 04:43:34] [14 MB] [chunked_processor] get_job called
    DATA: Array
(
    [job_id] => 9ea24571-2779-49b2-a258-d9a7c63f4ea2
)

[2026-01-16 04:43:34] [14 MB] [chunked_processor] Transient lookup result
    DATA: Array
(
    [option_name] => speed_backups_job_9ea24571-2779-49b2-a258-d9a7c63f4ea2
    [found] => YES
)

[2026-01-16 04:43:34] [14 MB] [chunked_processor] Job retrieved successfully
    DATA: Array
(
    [status] => running
    [type] => restore
)

[2026-01-16 04:43:34] [14 MB] [chunked_processor] get_job called
    DATA: Array
(
    [job_id] => 9ea24571-2779-49b2-a258-d9a7c63f4ea2
)

[2026-01-16 04:43:34] [14 MB] [chunked_processor] Transient lookup result
    DATA: Array
(
    [option_name] => speed_backups_job_9ea24571-2779-49b2-a258-d9a7c63f4ea2
    [found] => YES
)

[2026-01-16 04:43:34] [14 MB] [chunked_processor] Job retrieved successfully
    DATA: Array
(
    [status] => running
    [type] => restore
)

[2026-01-16 04:43:34] [14 MB] [chunked_processor] save_job called
    DATA: Array
(
    [job_id] => 9ea24571-2779-49b2-a258-d9a7c63f4ea2
    [status] => running
)

[2026-01-16 04:43:34] [14 MB] [chunked_processor] Transient save result
    DATA: Array
(
    [option_name] => speed_backups_job_9ea24571-2779-49b2-a258-d9a7c63f4ea2
    [success] => YES
)

[2026-01-16 04:43:34] [14 MB] [chunked_processor] Option save result
    DATA: Array
(
    [option_name] => speed_backups_job_9ea24571-2779-49b2-a258-d9a7c63f4ea2
    [success] => YES
)

[2026-01-16 04:43:34] [14 MB] [chunked_processor] Save verification (direct DB)
    DATA: Array
(
    [verified] => YES
)

[2026-01-16 04:43:34] [16 MB] [chunked_processor] get_job called
    DATA: Array
(
    [job_id] => 9ea24571-2779-49b2-a258-d9a7c63f4ea2
)

[2026-01-16 04:43:34] [16 MB] [chunked_processor] Transient lookup result
    DATA: Array
(
    [option_name] => speed_backups_job_9ea24571-2779-49b2-a258-d9a7c63f4ea2
    [found] => YES
)

[2026-01-16 04:43:34] [16 MB] [chunked_processor] Job retrieved successfully
    DATA: Array
(
    [status] => running
    [type] => restore
)

[2026-01-16 04:43:34] [16 MB] [chunked_processor] save_job called
    DATA: Array
(
    [job_id] => 9ea24571-2779-49b2-a258-d9a7c63f4ea2
    [status] => running
)

[2026-01-16 04:43:34] [16 MB] [chunked_processor] Transient save result
    DATA: Array
(
    [option_name] => speed_backups_job_9ea24571-2779-49b2-a258-d9a7c63f4ea2
    [success] => YES
)

[2026-01-16 04:43:34] [16 MB] [chunked_processor] Option save result
    DATA: Array
(
    [option_name] => speed_backups_job_9ea24571-2779-49b2-a258-d9a7c63f4ea2
    [success] => YES
)

[2026-01-16 04:43:34] [16 MB] [chunked_processor] Save verification (direct DB)
    DATA: Array
(
    [verified] => YES
)

[2026-01-16 04:43:34] [16 MB] [chunked_processor] get_job called
    DATA: Array
(
    [job_id] => 9ea24571-2779-49b2-a258-d9a7c63f4ea2
)

[2026-01-16 04:43:34] [16 MB] [chunked_processor] Transient lookup result
    DATA: Array
(
    [option_name] => speed_backups_job_9ea24571-2779-49b2-a258-d9a7c63f4ea2
    [found] => YES
)

[2026-01-16 04:43:34] [16 MB] [chunked_processor] Job retrieved successfully
    DATA: Array
(
    [status] => running
    [type] => restore
)

[2026-01-16 04:43:34] [16 MB] [chunked_processor] get_job called
    DATA: Array
(
    [job_id] => 9ea24571-2779-49b2-a258-d9a7c63f4ea2
)

[2026-01-16 04:43:34] [16 MB] [chunked_processor] Transient lookup result
    DATA: Array
(
    [option_name] => speed_backups_job_9ea24571-2779-49b2-a258-d9a7c63f4ea2
    [found] => YES
)

[2026-01-16 04:43:34] [16 MB] [chunked_processor] Job retrieved successfully
    DATA: Array
(
    [status] => running
    [type] => restore
)

[2026-01-16 04:43:35] [14 MB] [ERROR_HANDLER] PHP error handlers registered
[2026-01-16 04:43:35] [14 MB] [FUNCTION] >>> ENTER: process_chunk
    DATA: Array
(
    [0] => job_id
)

[2026-01-16 04:43:35] [14 MB] [chunked_processor] get_job called
    DATA: Array
(
    [job_id] => 9ea24571-2779-49b2-a258-d9a7c63f4ea2
)

[2026-01-16 04:43:35] [14 MB] [chunked_processor] Transient lookup result
    DATA: Array
(
    [option_name] => speed_backups_job_9ea24571-2779-49b2-a258-d9a7c63f4ea2
    [found] => YES
)

[2026-01-16 04:43:35] [14 MB] [chunked_processor] Job retrieved successfully
    DATA: Array
(
    [status] => running
    [type] => restore
)

[2026-01-16 04:43:35] [14 MB] [JOB_STATE] Job 9ea24571-2779-49b2-a258-d9a7c63f4ea2 state
    DATA: Array
(
    [status] => running
    [type] => restore
    [phase] => extract
    [progress] => 71.225071225071
)

[2026-01-16 04:43:35] [14 MB] [chunked_processor] get_job called
    DATA: Array
(
    [job_id] => 9ea24571-2779-49b2-a258-d9a7c63f4ea2
)

[2026-01-16 04:43:35] [14 MB] [chunked_processor] Transient lookup result
    DATA: Array
(
    [option_name] => speed_backups_job_9ea24571-2779-49b2-a258-d9a7c63f4ea2
    [found] => YES
)

[2026-01-16 04:43:35] [14 MB] [chunked_processor] Job retrieved successfully
    DATA: Array
(
    [status] => running
    [type] => restore
)

[2026-01-16 04:43:35] [14 MB] [chunked_processor] get_job called
    DATA: Array
(
    [job_id] => 9ea24571-2779-49b2-a258-d9a7c63f4ea2
)

[2026-01-16 04:43:35] [14 MB] [chunked_processor] Transient lookup result
    DATA: Array
(
    [option_name] => speed_backups_job_9ea24571-2779-49b2-a258-d9a7c63f4ea2
    [found] => YES
)

[2026-01-16 04:43:35] [14 MB] [chunked_processor] Job retrieved successfully
    DATA: Array
(
    [status] => running
    [type] => restore
)

[2026-01-16 04:43:35] [14 MB] [chunked_processor] save_job called
    DATA: Array
(
    [job_id] => 9ea24571-2779-49b2-a258-d9a7c63f4ea2
    [status] => running
)

[2026-01-16 04:43:35] [14 MB] [chunked_processor] Transient save result
    DATA: Array
(
    [option_name] => speed_backups_job_9ea24571-2779-49b2-a258-d9a7c63f4ea2
    [success] => YES
)

[2026-01-16 04:43:35] [14 MB] [chunked_processor] Option save result
    DATA: Array
(
    [option_name] => speed_backups_job_9ea24571-2779-49b2-a258-d9a7c63f4ea2
    [success] => YES
)

[2026-01-16 04:43:35] [14 MB] [chunked_processor] Save verification (direct DB)
    DATA: Array
(
    [verified] => YES
)

[2026-01-16 04:43:35] [16 MB] [chunked_processor] get_job called
    DATA: Array
(
    [job_id] => 9ea24571-2779-49b2-a258-d9a7c63f4ea2
)

[2026-01-16 04:43:35] [16 MB] [chunked_processor] Transient lookup result
    DATA: Array
(
    [option_name] => speed_backups_job_9ea24571-2779-49b2-a258-d9a7c63f4ea2
    [found] => YES
)

[2026-01-16 04:43:35] [16 MB] [chunked_processor] Job retrieved successfully
    DATA: Array
(
    [status] => running
    [type] => restore
)

[2026-01-16 04:43:35] [16 MB] [chunked_processor] save_job called
    DATA: Array
(
    [job_id] => 9ea24571-2779-49b2-a258-d9a7c63f4ea2
    [status] => running
)

[2026-01-16 04:43:35] [16 MB] [chunked_processor] Transient save result
    DATA: Array
(
    [option_name] => speed_backups_job_9ea24571-2779-49b2-a258-d9a7c63f4ea2
    [success] => YES
)

[2026-01-16 04:43:35] [16 MB] [chunked_processor] Option save result
    DATA: Array
(
    [option_name] => speed_backups_job_9ea24571-2779-49b2-a258-d9a7c63f4ea2
    [success] => YES
)

[2026-01-16 04:43:35] [16 MB] [chunked_processor] Save verification (direct DB)
    DATA: Array
(
    [verified] => YES
)

[2026-01-16 04:43:35] [16 MB] [chunked_processor] get_job called
    DATA: Array
(
    [job_id] => 9ea24571-2779-49b2-a258-d9a7c63f4ea2
)

[2026-01-16 04:43:35] [16 MB] [chunked_processor] Transient lookup result
    DATA: Array
(
    [option_name] => speed_backups_job_9ea24571-2779-49b2-a258-d9a7c63f4ea2
    [found] => YES
)

[2026-01-16 04:43:35] [16 MB] [chunked_processor] Job retrieved successfully
    DATA: Array
(
    [status] => running
    [type] => restore
)

[2026-01-16 04:43:35] [16 MB] [chunked_processor] get_job called
    DATA: Array
(
    [job_id] => 9ea24571-2779-49b2-a258-d9a7c63f4ea2
)

[2026-01-16 04:43:35] [16 MB] [chunked_processor] Transient lookup result
    DATA: Array
(
    [option_name] => speed_backups_job_9ea24571-2779-49b2-a258-d9a7c63f4ea2
    [found] => YES
)

[2026-01-16 04:43:35] [16 MB] [chunked_processor] Job retrieved successfully
    DATA: Array
(
    [status] => running
    [type] => restore
)

[2026-01-16 04:43:35] [14 MB] [ERROR_HANDLER] PHP error handlers registered
[2026-01-16 04:43:35] [14 MB] [FUNCTION] >>> ENTER: process_chunk
    DATA: Array
(
    [0] => job_id
)

[2026-01-16 04:43:35] [14 MB] [chunked_processor] get_job called
    DATA: Array
(
    [job_id] => 9ea24571-2779-49b2-a258-d9a7c63f4ea2
)

[2026-01-16 04:43:35] [14 MB] [chunked_processor] Transient lookup result
    DATA: Array
(
    [option_name] => speed_backups_job_9ea24571-2779-49b2-a258-d9a7c63f4ea2
    [found] => YES
)

[2026-01-16 04:43:35] [14 MB] [chunked_processor] Job retrieved successfully
    DATA: Array
(
    [status] => running
    [type] => restore
)

[2026-01-16 04:43:35] [14 MB] [JOB_STATE] Job 9ea24571-2779-49b2-a258-d9a7c63f4ea2 state
    DATA: Array
(
    [status] => running
    [type] => restore
    [phase] => extract
    [progress] => 72.520072520073
)

[2026-01-16 04:43:35] [14 MB] [chunked_processor] get_job called
    DATA: Array
(
    [job_id] => 9ea24571-2779-49b2-a258-d9a7c63f4ea2
)

[2026-01-16 04:43:35] [14 MB] [chunked_processor] Transient lookup result
    DATA: Array
(
    [option_name] => speed_backups_job_9ea24571-2779-49b2-a258-d9a7c63f4ea2
    [found] => YES
)

[2026-01-16 04:43:35] [14 MB] [chunked_processor] Job retrieved successfully
    DATA: Array
(
    [status] => running
    [type] => restore
)

[2026-01-16 04:43:35] [14 MB] [chunked_processor] get_job called
    DATA: Array
(
    [job_id] => 9ea24571-2779-49b2-a258-d9a7c63f4ea2
)

[2026-01-16 04:43:35] [14 MB] [chunked_processor] Transient lookup result
    DATA: Array
(
    [option_name] => speed_backups_job_9ea24571-2779-49b2-a258-d9a7c63f4ea2
    [found] => YES
)

[2026-01-16 04:43:35] [14 MB] [chunked_processor] Job retrieved successfully
    DATA: Array
(
    [status] => running
    [type] => restore
)

[2026-01-16 04:43:35] [14 MB] [chunked_processor] save_job called
    DATA: Array
(
    [job_id] => 9ea24571-2779-49b2-a258-d9a7c63f4ea2
    [status] => running
)

[2026-01-16 04:43:35] [14 MB] [chunked_processor] Transient save result
    DATA: Array
(
    [option_name] => speed_backups_job_9ea24571-2779-49b2-a258-d9a7c63f4ea2
    [success] => YES
)

[2026-01-16 04:43:35] [14 MB] [chunked_processor] Option save result
    DATA: Array
(
    [option_name] => speed_backups_job_9ea24571-2779-49b2-a258-d9a7c63f4ea2
    [success] => YES
)

[2026-01-16 04:43:35] [14 MB] [chunked_processor] Save verification (direct DB)
    DATA: Array
(
    [verified] => YES
)

[2026-01-16 04:43:36] [14 MB] [chunked_processor] get_job called
    DATA: Array
(
    [job_id] => 9ea24571-2779-49b2-a258-d9a7c63f4ea2
)

[2026-01-16 04:43:36] [14 MB] [chunked_processor] Transient lookup result
    DATA: Array
(
    [option_name] => speed_backups_job_9ea24571-2779-49b2-a258-d9a7c63f4ea2
    [found] => YES
)

[2026-01-16 04:43:36] [14 MB] [chunked_processor] Job retrieved successfully
    DATA: Array
(
    [status] => running
    [type] => restore
)

[2026-01-16 04:43:36] [14 MB] [chunked_processor] save_job called
    DATA: Array
(
    [job_id] => 9ea24571-2779-49b2-a258-d9a7c63f4ea2
    [status] => running
)

[2026-01-16 04:43:36] [14 MB] [chunked_processor] Transient save result
    DATA: Array
(
    [option_name] => speed_backups_job_9ea24571-2779-49b2-a258-d9a7c63f4ea2
    [success] => YES
)

[2026-01-16 04:43:36] [14 MB] [chunked_processor] Option save result
    DATA: Array
(
    [option_name] => speed_backups_job_9ea24571-2779-49b2-a258-d9a7c63f4ea2
    [success] => YES
)

[2026-01-16 04:43:36] [14 MB] [chunked_processor] Save verification (direct DB)
    DATA: Array
(
    [verified] => YES
)

[2026-01-16 04:43:36] [14 MB] [chunked_processor] get_job called
    DATA: Array
(
    [job_id] => 9ea24571-2779-49b2-a258-d9a7c63f4ea2
)

[2026-01-16 04:43:36] [14 MB] [chunked_processor] Transient lookup result
    DATA: Array
(
    [option_name] => speed_backups_job_9ea24571-2779-49b2-a258-d9a7c63f4ea2
    [found] => YES
)

[2026-01-16 04:43:36] [14 MB] [chunked_processor] Job retrieved successfully
    DATA: Array
(
    [status] => running
    [type] => restore
)

[2026-01-16 04:43:36] [14 MB] [chunked_processor] get_job called
    DATA: Array
(
    [job_id] => 9ea24571-2779-49b2-a258-d9a7c63f4ea2
)

[2026-01-16 04:43:36] [14 MB] [chunked_processor] Transient lookup result
    DATA: Array
(
    [option_name] => speed_backups_job_9ea24571-2779-49b2-a258-d9a7c63f4ea2
    [found] => YES
)

[2026-01-16 04:43:36] [14 MB] [chunked_processor] Job retrieved successfully
    DATA: Array
(
    [status] => running
    [type] => restore
)

[2026-01-16 04:43:36] [14 MB] [ERROR_HANDLER] PHP error handlers registered
[2026-01-16 04:43:36] [14 MB] [FUNCTION] >>> ENTER: process_chunk
    DATA: Array
(
    [0] => job_id
)

[2026-01-16 04:43:36] [14 MB] [chunked_processor] get_job called
    DATA: Array
(
    [job_id] => 9ea24571-2779-49b2-a258-d9a7c63f4ea2
)

[2026-01-16 04:43:36] [14 MB] [chunked_processor] Transient lookup result
    DATA: Array
(
    [option_name] => speed_backups_job_9ea24571-2779-49b2-a258-d9a7c63f4ea2
    [found] => YES
)

[2026-01-16 04:43:36] [14 MB] [chunked_processor] Job retrieved successfully
    DATA: Array
(
    [status] => running
    [type] => restore
)

[2026-01-16 04:43:36] [14 MB] [JOB_STATE] Job 9ea24571-2779-49b2-a258-d9a7c63f4ea2 state
    DATA: Array
(
    [status] => running
    [type] => restore
    [phase] => extract
    [progress] => 73.815073815074
)

[2026-01-16 04:43:36] [14 MB] [chunked_processor] get_job called
    DATA: Array
(
    [job_id] => 9ea24571-2779-49b2-a258-d9a7c63f4ea2
)

[2026-01-16 04:43:36] [14 MB] [chunked_processor] Transient lookup result
    DATA: Array
(
    [option_name] => speed_backups_job_9ea24571-2779-49b2-a258-d9a7c63f4ea2
    [found] => YES
)

[2026-01-16 04:43:36] [14 MB] [chunked_processor] Job retrieved successfully
    DATA: Array
(
    [status] => running
    [type] => restore
)

[2026-01-16 04:43:36] [14 MB] [chunked_processor] get_job called
    DATA: Array
(
    [job_id] => 9ea24571-2779-49b2-a258-d9a7c63f4ea2
)

[2026-01-16 04:43:36] [14 MB] [chunked_processor] Transient lookup result
    DATA: Array
(
    [option_name] => speed_backups_job_9ea24571-2779-49b2-a258-d9a7c63f4ea2
    [found] => YES
)

[2026-01-16 04:43:36] [14 MB] [chunked_processor] Job retrieved successfully
    DATA: Array
(
    [status] => running
    [type] => restore
)

[2026-01-16 04:43:36] [14 MB] [chunked_processor] save_job called
    DATA: Array
(
    [job_id] => 9ea24571-2779-49b2-a258-d9a7c63f4ea2
    [status] => running
)

[2026-01-16 04:43:36] [14 MB] [chunked_processor] Transient save result
    DATA: Array
(
    [option_name] => speed_backups_job_9ea24571-2779-49b2-a258-d9a7c63f4ea2
    [success] => YES
)

[2026-01-16 04:43:36] [14 MB] [chunked_processor] Option save result
    DATA: Array
(
    [option_name] => speed_backups_job_9ea24571-2779-49b2-a258-d9a7c63f4ea2
    [success] => YES
)

[2026-01-16 04:43:36] [14 MB] [chunked_processor] Save verification (direct DB)
    DATA: Array
(
    [verified] => YES
)

[2026-01-16 04:43:36] [16 MB] [chunked_processor] get_job called
    DATA: Array
(
    [job_id] => 9ea24571-2779-49b2-a258-d9a7c63f4ea2
)

[2026-01-16 04:43:36] [16 MB] [chunked_processor] Transient lookup result
    DATA: Array
(
    [option_name] => speed_backups_job_9ea24571-2779-49b2-a258-d9a7c63f4ea2
    [found] => YES
)

[2026-01-16 04:43:36] [16 MB] [chunked_processor] Job retrieved successfully
    DATA: Array
(
    [status] => running
    [type] => restore
)

[2026-01-16 04:43:36] [16 MB] [chunked_processor] save_job called
    DATA: Array
(
    [job_id] => 9ea24571-2779-49b2-a258-d9a7c63f4ea2
    [status] => running
)

[2026-01-16 04:43:36] [16 MB] [chunked_processor] Transient save result
    DATA: Array
(
    [option_name] => speed_backups_job_9ea24571-2779-49b2-a258-d9a7c63f4ea2
    [success] => YES
)

[2026-01-16 04:43:36] [16 MB] [chunked_processor] Option save result
    DATA: Array
(
    [option_name] => speed_backups_job_9ea24571-2779-49b2-a258-d9a7c63f4ea2
    [success] => YES
)

[2026-01-16 04:43:36] [16 MB] [chunked_processor] Save verification (direct DB)
    DATA: Array
(
    [verified] => YES
)

[2026-01-16 04:43:36] [16 MB] [chunked_processor] get_job called
    DATA: Array
(
    [job_id] => 9ea24571-2779-49b2-a258-d9a7c63f4ea2
)

[2026-01-16 04:43:36] [16 MB] [chunked_processor] Transient lookup result
    DATA: Array
(
    [option_name] => speed_backups_job_9ea24571-2779-49b2-a258-d9a7c63f4ea2
    [found] => YES
)

[2026-01-16 04:43:36] [16 MB] [chunked_processor] Job retrieved successfully
    DATA: Array
(
    [status] => running
    [type] => restore
)

[2026-01-16 04:43:36] [16 MB] [chunked_processor] get_job called
    DATA: Array
(
    [job_id] => 9ea24571-2779-49b2-a258-d9a7c63f4ea2
)

[2026-01-16 04:43:36] [16 MB] [chunked_processor] Transient lookup result
    DATA: Array
(
    [option_name] => speed_backups_job_9ea24571-2779-49b2-a258-d9a7c63f4ea2
    [found] => YES
)

[2026-01-16 04:43:36] [16 MB] [chunked_processor] Job retrieved successfully
    DATA: Array
(
    [status] => running
    [type] => restore
)

[2026-01-16 04:43:36] [14 MB] [ERROR_HANDLER] PHP error handlers registered
[2026-01-16 04:43:36] [14 MB] [FUNCTION] >>> ENTER: process_chunk
    DATA: Array
(
    [0] => job_id
)

[2026-01-16 04:43:36] [14 MB] [chunked_processor] get_job called
    DATA: Array
(
    [job_id] => 9ea24571-2779-49b2-a258-d9a7c63f4ea2
)

[2026-01-16 04:43:36] [14 MB] [chunked_processor] Transient lookup result
    DATA: Array
(
    [option_name] => speed_backups_job_9ea24571-2779-49b2-a258-d9a7c63f4ea2
    [found] => YES
)

[2026-01-16 04:43:36] [14 MB] [chunked_processor] Job retrieved successfully
    DATA: Array
(
    [status] => running
    [type] => restore
)

[2026-01-16 04:43:36] [14 MB] [JOB_STATE] Job 9ea24571-2779-49b2-a258-d9a7c63f4ea2 state
    DATA: Array
(
    [status] => running
    [type] => restore
    [phase] => extract
    [progress] => 75.110075110075
)

[2026-01-16 04:43:36] [14 MB] [chunked_processor] get_job called
    DATA: Array
(
    [job_id] => 9ea24571-2779-49b2-a258-d9a7c63f4ea2
)

[2026-01-16 04:43:36] [14 MB] [chunked_processor] Transient lookup result
    DATA: Array
(
    [option_name] => speed_backups_job_9ea24571-2779-49b2-a258-d9a7c63f4ea2
    [found] => YES
)

[2026-01-16 04:43:36] [14 MB] [chunked_processor] Job retrieved successfully
    DATA: Array
(
    [status] => running
    [type] => restore
)

[2026-01-16 04:43:36] [14 MB] [chunked_processor] get_job called
    DATA: Array
(
    [job_id] => 9ea24571-2779-49b2-a258-d9a7c63f4ea2
)

[2026-01-16 04:43:36] [14 MB] [chunked_processor] Transient lookup result
    DATA: Array
(
    [option_name] => speed_backups_job_9ea24571-2779-49b2-a258-d9a7c63f4ea2
    [found] => YES
)

[2026-01-16 04:43:36] [14 MB] [chunked_processor] Job retrieved successfully
    DATA: Array
(
    [status] => running
    [type] => restore
)

[2026-01-16 04:43:36] [14 MB] [chunked_processor] save_job called
    DATA: Array
(
    [job_id] => 9ea24571-2779-49b2-a258-d9a7c63f4ea2
    [status] => running
)

[2026-01-16 04:43:36] [14 MB] [chunked_processor] Transient save result
    DATA: Array
(
    [option_name] => speed_backups_job_9ea24571-2779-49b2-a258-d9a7c63f4ea2
    [success] => YES
)

[2026-01-16 04:43:36] [14 MB] [chunked_processor] Option save result
    DATA: Array
(
    [option_name] => speed_backups_job_9ea24571-2779-49b2-a258-d9a7c63f4ea2
    [success] => YES
)

[2026-01-16 04:43:36] [14 MB] [chunked_processor] Save verification (direct DB)
    DATA: Array
(
    [verified] => YES
)

[2026-01-16 04:43:37] [16 MB] [chunked_processor] get_job called
    DATA: Array
(
    [job_id] => 9ea24571-2779-49b2-a258-d9a7c63f4ea2
)

[2026-01-16 04:43:37] [16 MB] [chunked_processor] Transient lookup result
    DATA: Array
(
    [option_name] => speed_backups_job_9ea24571-2779-49b2-a258-d9a7c63f4ea2
    [found] => YES
)

[2026-01-16 04:43:37] [16 MB] [chunked_processor] Job retrieved successfully
    DATA: Array
(
    [status] => running
    [type] => restore
)

[2026-01-16 04:43:37] [16 MB] [chunked_processor] save_job called
    DATA: Array
(
    [job_id] => 9ea24571-2779-49b2-a258-d9a7c63f4ea2
    [status] => running
)

[2026-01-16 04:43:37] [16 MB] [chunked_processor] Transient save result
    DATA: Array
(
    [option_name] => speed_backups_job_9ea24571-2779-49b2-a258-d9a7c63f4ea2
    [success] => YES
)

[2026-01-16 04:43:37] [16 MB] [chunked_processor] Option save result
    DATA: Array
(
    [option_name] => speed_backups_job_9ea24571-2779-49b2-a258-d9a7c63f4ea2
    [success] => YES
)

[2026-01-16 04:43:37] [16 MB] [chunked_processor] Save verification (direct DB)
    DATA: Array
(
    [verified] => YES
)

[2026-01-16 04:43:37] [16 MB] [chunked_processor] get_job called
    DATA: Array
(
    [job_id] => 9ea24571-2779-49b2-a258-d9a7c63f4ea2
)

[2026-01-16 04:43:37] [16 MB] [chunked_processor] Transient lookup result
    DATA: Array
(
    [option_name] => speed_backups_job_9ea24571-2779-49b2-a258-d9a7c63f4ea2
    [found] => YES
)

[2026-01-16 04:43:37] [16 MB] [chunked_processor] Job retrieved successfully
    DATA: Array
(
    [status] => running
    [type] => restore
)

[2026-01-16 04:43:37] [16 MB] [chunked_processor] get_job called
    DATA: Array
(
    [job_id] => 9ea24571-2779-49b2-a258-d9a7c63f4ea2
)

[2026-01-16 04:43:37] [16 MB] [chunked_processor] Transient lookup result
    DATA: Array
(
    [option_name] => speed_backups_job_9ea24571-2779-49b2-a258-d9a7c63f4ea2
    [found] => YES
)

[2026-01-16 04:43:37] [16 MB] [chunked_processor] Job retrieved successfully
    DATA: Array
(
    [status] => running
    [type] => restore
)

[2026-01-16 04:43:37] [14 MB] [ERROR_HANDLER] PHP error handlers registered
[2026-01-16 04:43:37] [14 MB] [FUNCTION] >>> ENTER: process_chunk
    DATA: Array
(
    [0] => job_id
)

[2026-01-16 04:43:37] [14 MB] [chunked_processor] get_job called
    DATA: Array
(
    [job_id] => 9ea24571-2779-49b2-a258-d9a7c63f4ea2
)

[2026-01-16 04:43:37] [14 MB] [chunked_processor] Transient lookup result
    DATA: Array
(
    [option_name] => speed_backups_job_9ea24571-2779-49b2-a258-d9a7c63f4ea2
    [found] => YES
)

[2026-01-16 04:43:37] [14 MB] [chunked_processor] Job retrieved successfully
    DATA: Array
(
    [status] => running
    [type] => restore
)

[2026-01-16 04:43:37] [14 MB] [JOB_STATE] Job 9ea24571-2779-49b2-a258-d9a7c63f4ea2 state
    DATA: Array
(
    [status] => running
    [type] => restore
    [phase] => extract
    [progress] => 76.405076405076
)

[2026-01-16 04:43:37] [14 MB] [chunked_processor] get_job called
    DATA: Array
(
    [job_id] => 9ea24571-2779-49b2-a258-d9a7c63f4ea2
)

[2026-01-16 04:43:37] [14 MB] [chunked_processor] Transient lookup result
    DATA: Array
(
    [option_name] => speed_backups_job_9ea24571-2779-49b2-a258-d9a7c63f4ea2
    [found] => YES
)

[2026-01-16 04:43:37] [14 MB] [chunked_processor] Job retrieved successfully
    DATA: Array
(
    [status] => running
    [type] => restore
)

[2026-01-16 04:43:37] [14 MB] [chunked_processor] get_job called
    DATA: Array
(
    [job_id] => 9ea24571-2779-49b2-a258-d9a7c63f4ea2
)

[2026-01-16 04:43:37] [14 MB] [chunked_processor] Transient lookup result
    DATA: Array
(
    [option_name] => speed_backups_job_9ea24571-2779-49b2-a258-d9a7c63f4ea2
    [found] => YES
)

[2026-01-16 04:43:37] [14 MB] [chunked_processor] Job retrieved successfully
    DATA: Array
(
    [status] => running
    [type] => restore
)

[2026-01-16 04:43:37] [14 MB] [chunked_processor] save_job called
    DATA: Array
(
    [job_id] => 9ea24571-2779-49b2-a258-d9a7c63f4ea2
    [status] => running
)

[2026-01-16 04:43:37] [14 MB] [chunked_processor] Transient save result
    DATA: Array
(
    [option_name] => speed_backups_job_9ea24571-2779-49b2-a258-d9a7c63f4ea2
    [success] => YES
)

[2026-01-16 04:43:37] [14 MB] [chunked_processor] Option save result
    DATA: Array
(
    [option_name] => speed_backups_job_9ea24571-2779-49b2-a258-d9a7c63f4ea2
    [success] => YES
)

[2026-01-16 04:43:37] [14 MB] [chunked_processor] Save verification (direct DB)
    DATA: Array
(
    [verified] => YES
)

[2026-01-16 04:43:37] [14 MB] [chunked_processor] get_job called
    DATA: Array
(
    [job_id] => 9ea24571-2779-49b2-a258-d9a7c63f4ea2
)

[2026-01-16 04:43:37] [14 MB] [chunked_processor] Transient lookup result
    DATA: Array
(
    [option_name] => speed_backups_job_9ea24571-2779-49b2-a258-d9a7c63f4ea2
    [found] => YES
)

[2026-01-16 04:43:37] [14 MB] [chunked_processor] Job retrieved successfully
    DATA: Array
(
    [status] => running
    [type] => restore
)

[2026-01-16 04:43:37] [14 MB] [chunked_processor] save_job called
    DATA: Array
(
    [job_id] => 9ea24571-2779-49b2-a258-d9a7c63f4ea2
    [status] => running
)

[2026-01-16 04:43:37] [14 MB] [chunked_processor] Transient save result
    DATA: Array
(
    [option_name] => speed_backups_job_9ea24571-2779-49b2-a258-d9a7c63f4ea2
    [success] => YES
)

[2026-01-16 04:43:37] [14 MB] [chunked_processor] Option save result
    DATA: Array
(
    [option_name] => speed_backups_job_9ea24571-2779-49b2-a258-d9a7c63f4ea2
    [success] => YES
)

[2026-01-16 04:43:37] [14 MB] [chunked_processor] Save verification (direct DB)
    DATA: Array
(
    [verified] => YES
)

[2026-01-16 04:43:37] [14 MB] [chunked_processor] get_job called
    DATA: Array
(
    [job_id] => 9ea24571-2779-49b2-a258-d9a7c63f4ea2
)

[2026-01-16 04:43:37] [14 MB] [chunked_processor] Transient lookup result
    DATA: Array
(
    [option_name] => speed_backups_job_9ea24571-2779-49b2-a258-d9a7c63f4ea2
    [found] => YES
)

[2026-01-16 04:43:37] [14 MB] [chunked_processor] Job retrieved successfully
    DATA: Array
(
    [status] => running
    [type] => restore
)

[2026-01-16 04:43:37] [14 MB] [chunked_processor] get_job called
    DATA: Array
(
    [job_id] => 9ea24571-2779-49b2-a258-d9a7c63f4ea2
)

[2026-01-16 04:43:37] [14 MB] [chunked_processor] Transient lookup result
    DATA: Array
(
    [option_name] => speed_backups_job_9ea24571-2779-49b2-a258-d9a7c63f4ea2
    [found] => YES
)

[2026-01-16 04:43:37] [14 MB] [chunked_processor] Job retrieved successfully
    DATA: Array
(
    [status] => running
    [type] => restore
)

[2026-01-16 04:43:37] [14 MB] [ERROR_HANDLER] PHP error handlers registered
[2026-01-16 04:43:37] [14 MB] [FUNCTION] >>> ENTER: process_chunk
    DATA: Array
(
    [0] => job_id
)

[2026-01-16 04:43:37] [14 MB] [chunked_processor] get_job called
    DATA: Array
(
    [job_id] => 9ea24571-2779-49b2-a258-d9a7c63f4ea2
)

[2026-01-16 04:43:37] [14 MB] [chunked_processor] Transient lookup result
    DATA: Array
(
    [option_name] => speed_backups_job_9ea24571-2779-49b2-a258-d9a7c63f4ea2
    [found] => YES
)

[2026-01-16 04:43:37] [14 MB] [chunked_processor] Job retrieved successfully
    DATA: Array
(
    [status] => running
    [type] => restore
)

[2026-01-16 04:43:37] [14 MB] [JOB_STATE] Job 9ea24571-2779-49b2-a258-d9a7c63f4ea2 state
    DATA: Array
(
    [status] => running
    [type] => restore
    [phase] => extract
    [progress] => 77.700077700078
)

[2026-01-16 04:43:37] [14 MB] [chunked_processor] get_job called
    DATA: Array
(
    [job_id] => 9ea24571-2779-49b2-a258-d9a7c63f4ea2
)

[2026-01-16 04:43:37] [14 MB] [chunked_processor] Transient lookup result
    DATA: Array
(
    [option_name] => speed_backups_job_9ea24571-2779-49b2-a258-d9a7c63f4ea2
    [found] => YES
)

[2026-01-16 04:43:37] [14 MB] [chunked_processor] Job retrieved successfully
    DATA: Array
(
    [status] => running
    [type] => restore
)

[2026-01-16 04:43:37] [14 MB] [chunked_processor] get_job called
    DATA: Array
(
    [job_id] => 9ea24571-2779-49b2-a258-d9a7c63f4ea2
)

[2026-01-16 04:43:37] [14 MB] [chunked_processor] Transient lookup result
    DATA: Array
(
    [option_name] => speed_backups_job_9ea24571-2779-49b2-a258-d9a7c63f4ea2
    [found] => YES
)

[2026-01-16 04:43:37] [14 MB] [chunked_processor] Job retrieved successfully
    DATA: Array
(
    [status] => running
    [type] => restore
)

[2026-01-16 04:43:37] [14 MB] [chunked_processor] save_job called
    DATA: Array
(
    [job_id] => 9ea24571-2779-49b2-a258-d9a7c63f4ea2
    [status] => running
)

[2026-01-16 04:43:37] [14 MB] [chunked_processor] Transient save result
    DATA: Array
(
    [option_name] => speed_backups_job_9ea24571-2779-49b2-a258-d9a7c63f4ea2
    [success] => YES
)

[2026-01-16 04:43:37] [14 MB] [chunked_processor] Option save result
    DATA: Array
(
    [option_name] => speed_backups_job_9ea24571-2779-49b2-a258-d9a7c63f4ea2
    [success] => YES
)

[2026-01-16 04:43:37] [14 MB] [chunked_processor] Save verification (direct DB)
    DATA: Array
(
    [verified] => YES
)

[2026-01-16 04:43:38] [14 MB] [chunked_processor] get_job called
    DATA: Array
(
    [job_id] => 9ea24571-2779-49b2-a258-d9a7c63f4ea2
)

[2026-01-16 04:43:38] [14 MB] [chunked_processor] Transient lookup result
    DATA: Array
(
    [option_name] => speed_backups_job_9ea24571-2779-49b2-a258-d9a7c63f4ea2
    [found] => YES
)

[2026-01-16 04:43:38] [14 MB] [chunked_processor] Job retrieved successfully
    DATA: Array
(
    [status] => running
    [type] => restore
)

[2026-01-16 04:43:38] [14 MB] [chunked_processor] save_job called
    DATA: Array
(
    [job_id] => 9ea24571-2779-49b2-a258-d9a7c63f4ea2
    [status] => running
)

[2026-01-16 04:43:38] [14 MB] [chunked_processor] Transient save result
    DATA: Array
(
    [option_name] => speed_backups_job_9ea24571-2779-49b2-a258-d9a7c63f4ea2
    [success] => YES
)

[2026-01-16 04:43:38] [14 MB] [chunked_processor] Option save result
    DATA: Array
(
    [option_name] => speed_backups_job_9ea24571-2779-49b2-a258-d9a7c63f4ea2
    [success] => YES
)

[2026-01-16 04:43:38] [14 MB] [chunked_processor] Save verification (direct DB)
    DATA: Array
(
    [verified] => YES
)

[2026-01-16 04:43:38] [14 MB] [chunked_processor] get_job called
    DATA: Array
(
    [job_id] => 9ea24571-2779-49b2-a258-d9a7c63f4ea2
)

[2026-01-16 04:43:38] [14 MB] [chunked_processor] Transient lookup result
    DATA: Array
(
    [option_name] => speed_backups_job_9ea24571-2779-49b2-a258-d9a7c63f4ea2
    [found] => YES
)

[2026-01-16 04:43:38] [14 MB] [chunked_processor] Job retrieved successfully
    DATA: Array
(
    [status] => running
    [type] => restore
)

[2026-01-16 04:43:38] [14 MB] [chunked_processor] get_job called
    DATA: Array
(
    [job_id] => 9ea24571-2779-49b2-a258-d9a7c63f4ea2
)

[2026-01-16 04:43:38] [14 MB] [chunked_processor] Transient lookup result
    DATA: Array
(
    [option_name] => speed_backups_job_9ea24571-2779-49b2-a258-d9a7c63f4ea2
    [found] => YES
)

[2026-01-16 04:43:38] [14 MB] [chunked_processor] Job retrieved successfully
    DATA: Array
(
    [status] => running
    [type] => restore
)

[2026-01-16 04:43:38] [14 MB] [ERROR_HANDLER] PHP error handlers registered
[2026-01-16 04:43:38] [14 MB] [FUNCTION] >>> ENTER: process_chunk
    DATA: Array
(
    [0] => job_id
)

[2026-01-16 04:43:38] [14 MB] [chunked_processor] get_job called
    DATA: Array
(
    [job_id] => 9ea24571-2779-49b2-a258-d9a7c63f4ea2
)

[2026-01-16 04:43:38] [14 MB] [chunked_processor] Transient lookup result
    DATA: Array
(
    [option_name] => speed_backups_job_9ea24571-2779-49b2-a258-d9a7c63f4ea2
    [found] => YES
)

[2026-01-16 04:43:38] [14 MB] [chunked_processor] Job retrieved successfully
    DATA: Array
(
    [status] => running
    [type] => restore
)

[2026-01-16 04:43:38] [14 MB] [JOB_STATE] Job 9ea24571-2779-49b2-a258-d9a7c63f4ea2 state
    DATA: Array
(
    [status] => running
    [type] => restore
    [phase] => extract
    [progress] => 78.995078995079
)

[2026-01-16 04:43:38] [14 MB] [chunked_processor] get_job called
    DATA: Array
(
    [job_id] => 9ea24571-2779-49b2-a258-d9a7c63f4ea2
)

[2026-01-16 04:43:38] [14 MB] [chunked_processor] Transient lookup result
    DATA: Array
(
    [option_name] => speed_backups_job_9ea24571-2779-49b2-a258-d9a7c63f4ea2
    [found] => YES
)

[2026-01-16 04:43:38] [14 MB] [chunked_processor] Job retrieved successfully
    DATA: Array
(
    [status] => running
    [type] => restore
)

[2026-01-16 04:43:38] [14 MB] [chunked_processor] get_job called
    DATA: Array
(
    [job_id] => 9ea24571-2779-49b2-a258-d9a7c63f4ea2
)

[2026-01-16 04:43:38] [14 MB] [chunked_processor] Transient lookup result
    DATA: Array
(
    [option_name] => speed_backups_job_9ea24571-2779-49b2-a258-d9a7c63f4ea2
    [found] => YES
)

[2026-01-16 04:43:38] [14 MB] [chunked_processor] Job retrieved successfully
    DATA: Array
(
    [status] => running
    [type] => restore
)

[2026-01-16 04:43:38] [14 MB] [chunked_processor] save_job called
    DATA: Array
(
    [job_id] => 9ea24571-2779-49b2-a258-d9a7c63f4ea2
    [status] => running
)

[2026-01-16 04:43:38] [14 MB] [chunked_processor] Transient save result
    DATA: Array
(
    [option_name] => speed_backups_job_9ea24571-2779-49b2-a258-d9a7c63f4ea2
    [success] => YES
)

[2026-01-16 04:43:38] [14 MB] [chunked_processor] Option save result
    DATA: Array
(
    [option_name] => speed_backups_job_9ea24571-2779-49b2-a258-d9a7c63f4ea2
    [success] => YES
)

[2026-01-16 04:43:38] [14 MB] [chunked_processor] Save verification (direct DB)
    DATA: Array
(
    [verified] => YES
)

[2026-01-16 04:43:38] [14 MB] [chunked_processor] get_job called
    DATA: Array
(
    [job_id] => 9ea24571-2779-49b2-a258-d9a7c63f4ea2
)

[2026-01-16 04:43:38] [14 MB] [chunked_processor] Transient lookup result
    DATA: Array
(
    [option_name] => speed_backups_job_9ea24571-2779-49b2-a258-d9a7c63f4ea2
    [found] => YES
)

[2026-01-16 04:43:38] [14 MB] [chunked_processor] Job retrieved successfully
    DATA: Array
(
    [status] => running
    [type] => restore
)

[2026-01-16 04:43:38] [14 MB] [chunked_processor] save_job called
    DATA: Array
(
    [job_id] => 9ea24571-2779-49b2-a258-d9a7c63f4ea2
    [status] => running
)

[2026-01-16 04:43:38] [14 MB] [chunked_processor] Transient save result
    DATA: Array
(
    [option_name] => speed_backups_job_9ea24571-2779-49b2-a258-d9a7c63f4ea2
    [success] => YES
)

[2026-01-16 04:43:38] [14 MB] [chunked_processor] Option save result
    DATA: Array
(
    [option_name] => speed_backups_job_9ea24571-2779-49b2-a258-d9a7c63f4ea2
    [success] => YES
)

[2026-01-16 04:43:38] [14 MB] [chunked_processor] Save verification (direct DB)
    DATA: Array
(
    [verified] => YES
)

[2026-01-16 04:43:38] [14 MB] [chunked_processor] get_job called
    DATA: Array
(
    [job_id] => 9ea24571-2779-49b2-a258-d9a7c63f4ea2
)

[2026-01-16 04:43:38] [14 MB] [chunked_processor] Transient lookup result
    DATA: Array
(
    [option_name] => speed_backups_job_9ea24571-2779-49b2-a258-d9a7c63f4ea2
    [found] => YES
)

[2026-01-16 04:43:38] [14 MB] [chunked_processor] Job retrieved successfully
    DATA: Array
(
    [status] => running
    [type] => restore
)

[2026-01-16 04:43:38] [14 MB] [chunked_processor] get_job called
    DATA: Array
(
    [job_id] => 9ea24571-2779-49b2-a258-d9a7c63f4ea2
)

[2026-01-16 04:43:38] [14 MB] [chunked_processor] Transient lookup result
    DATA: Array
(
    [option_name] => speed_backups_job_9ea24571-2779-49b2-a258-d9a7c63f4ea2
    [found] => YES
)

[2026-01-16 04:43:38] [14 MB] [chunked_processor] Job retrieved successfully
    DATA: Array
(
    [status] => running
    [type] => restore
)

[2026-01-16 04:43:38] [14 MB] [ERROR_HANDLER] PHP error handlers registered
[2026-01-16 04:43:38] [14 MB] [FUNCTION] >>> ENTER: process_chunk
    DATA: Array
(
    [0] => job_id
)

[2026-01-16 04:43:38] [14 MB] [chunked_processor] get_job called
    DATA: Array
(
    [job_id] => 9ea24571-2779-49b2-a258-d9a7c63f4ea2
)

[2026-01-16 04:43:38] [14 MB] [chunked_processor] Transient lookup result
    DATA: Array
(
    [option_name] => speed_backups_job_9ea24571-2779-49b2-a258-d9a7c63f4ea2
    [found] => YES
)

[2026-01-16 04:43:38] [14 MB] [chunked_processor] Job retrieved successfully
    DATA: Array
(
    [status] => running
    [type] => restore
)

[2026-01-16 04:43:38] [14 MB] [JOB_STATE] Job 9ea24571-2779-49b2-a258-d9a7c63f4ea2 state
    DATA: Array
(
    [status] => running
    [type] => restore
    [phase] => extract
    [progress] => 80.29008029008
)

[2026-01-16 04:43:38] [14 MB] [chunked_processor] get_job called
    DATA: Array
(
    [job_id] => 9ea24571-2779-49b2-a258-d9a7c63f4ea2
)

[2026-01-16 04:43:38] [14 MB] [chunked_processor] Transient lookup result
    DATA: Array
(
    [option_name] => speed_backups_job_9ea24571-2779-49b2-a258-d9a7c63f4ea2
    [found] => YES
)

[2026-01-16 04:43:38] [14 MB] [chunked_processor] Job retrieved successfully
    DATA: Array
(
    [status] => running
    [type] => restore
)

[2026-01-16 04:43:38] [14 MB] [chunked_processor] get_job called
    DATA: Array
(
    [job_id] => 9ea24571-2779-49b2-a258-d9a7c63f4ea2
)

[2026-01-16 04:43:38] [14 MB] [chunked_processor] Transient lookup result
    DATA: Array
(
    [option_name] => speed_backups_job_9ea24571-2779-49b2-a258-d9a7c63f4ea2
    [found] => YES
)

[2026-01-16 04:43:38] [14 MB] [chunked_processor] Job retrieved successfully
    DATA: Array
(
    [status] => running
    [type] => restore
)

[2026-01-16 04:43:38] [14 MB] [chunked_processor] save_job called
    DATA: Array
(
    [job_id] => 9ea24571-2779-49b2-a258-d9a7c63f4ea2
    [status] => running
)

[2026-01-16 04:43:38] [14 MB] [chunked_processor] Transient save result
    DATA: Array
(
    [option_name] => speed_backups_job_9ea24571-2779-49b2-a258-d9a7c63f4ea2
    [success] => YES
)

[2026-01-16 04:43:38] [14 MB] [chunked_processor] Option save result
    DATA: Array
(
    [option_name] => speed_backups_job_9ea24571-2779-49b2-a258-d9a7c63f4ea2
    [success] => YES
)

[2026-01-16 04:43:38] [14 MB] [chunked_processor] Save verification (direct DB)
    DATA: Array
(
    [verified] => YES
)

[2026-01-16 04:43:39] [14 MB] [chunked_processor] get_job called
    DATA: Array
(
    [job_id] => 9ea24571-2779-49b2-a258-d9a7c63f4ea2
)

[2026-01-16 04:43:39] [14 MB] [chunked_processor] Transient lookup result
    DATA: Array
(
    [option_name] => speed_backups_job_9ea24571-2779-49b2-a258-d9a7c63f4ea2
    [found] => YES
)

[2026-01-16 04:43:39] [14 MB] [chunked_processor] Job retrieved successfully
    DATA: Array
(
    [status] => running
    [type] => restore
)

[2026-01-16 04:43:39] [14 MB] [chunked_processor] save_job called
    DATA: Array
(
    [job_id] => 9ea24571-2779-49b2-a258-d9a7c63f4ea2
    [status] => running
)

[2026-01-16 04:43:39] [14 MB] [chunked_processor] Transient save result
    DATA: Array
(
    [option_name] => speed_backups_job_9ea24571-2779-49b2-a258-d9a7c63f4ea2
    [success] => YES
)

[2026-01-16 04:43:39] [14 MB] [chunked_processor] Option save result
    DATA: Array
(
    [option_name] => speed_backups_job_9ea24571-2779-49b2-a258-d9a7c63f4ea2
    [success] => YES
)

[2026-01-16 04:43:39] [14 MB] [chunked_processor] Save verification (direct DB)
    DATA: Array
(
    [verified] => YES
)

[2026-01-16 04:43:39] [14 MB] [chunked_processor] get_job called
    DATA: Array
(
    [job_id] => 9ea24571-2779-49b2-a258-d9a7c63f4ea2
)

[2026-01-16 04:43:39] [14 MB] [chunked_processor] Transient lookup result
    DATA: Array
(
    [option_name] => speed_backups_job_9ea24571-2779-49b2-a258-d9a7c63f4ea2
    [found] => YES
)

[2026-01-16 04:43:39] [14 MB] [chunked_processor] Job retrieved successfully
    DATA: Array
(
    [status] => running
    [type] => restore
)

[2026-01-16 04:43:39] [14 MB] [chunked_processor] get_job called
    DATA: Array
(
    [job_id] => 9ea24571-2779-49b2-a258-d9a7c63f4ea2
)

[2026-01-16 04:43:39] [14 MB] [chunked_processor] Transient lookup result
    DATA: Array
(
    [option_name] => speed_backups_job_9ea24571-2779-49b2-a258-d9a7c63f4ea2
    [found] => YES
)

[2026-01-16 04:43:39] [14 MB] [chunked_processor] Job retrieved successfully
    DATA: Array
(
    [status] => running
    [type] => restore
)

[2026-01-16 04:43:39] [14 MB] [ERROR_HANDLER] PHP error handlers registered
[2026-01-16 04:43:39] [14 MB] [FUNCTION] >>> ENTER: process_chunk
    DATA: Array
(
    [0] => job_id
)

[2026-01-16 04:43:39] [14 MB] [chunked_processor] get_job called
    DATA: Array
(
    [job_id] => 9ea24571-2779-49b2-a258-d9a7c63f4ea2
)

[2026-01-16 04:43:39] [14 MB] [chunked_processor] Transient lookup result
    DATA: Array
(
    [option_name] => speed_backups_job_9ea24571-2779-49b2-a258-d9a7c63f4ea2
    [found] => YES
)

[2026-01-16 04:43:39] [14 MB] [chunked_processor] Job retrieved successfully
    DATA: Array
(
    [status] => running
    [type] => restore
)

[2026-01-16 04:43:39] [14 MB] [JOB_STATE] Job 9ea24571-2779-49b2-a258-d9a7c63f4ea2 state
    DATA: Array
(
    [status] => running
    [type] => restore
    [phase] => extract
    [progress] => 81.585081585082
)

[2026-01-16 04:43:39] [14 MB] [chunked_processor] get_job called
    DATA: Array
(
    [job_id] => 9ea24571-2779-49b2-a258-d9a7c63f4ea2
)

[2026-01-16 04:43:39] [14 MB] [chunked_processor] Transient lookup result
    DATA: Array
(
    [option_name] => speed_backups_job_9ea24571-2779-49b2-a258-d9a7c63f4ea2
    [found] => YES
)

[2026-01-16 04:43:39] [14 MB] [chunked_processor] Job retrieved successfully
    DATA: Array
(
    [status] => running
    [type] => restore
)

[2026-01-16 04:43:39] [14 MB] [chunked_processor] get_job called
    DATA: Array
(
    [job_id] => 9ea24571-2779-49b2-a258-d9a7c63f4ea2
)

[2026-01-16 04:43:39] [14 MB] [chunked_processor] Transient lookup result
    DATA: Array
(
    [option_name] => speed_backups_job_9ea24571-2779-49b2-a258-d9a7c63f4ea2
    [found] => YES
)

[2026-01-16 04:43:39] [14 MB] [chunked_processor] Job retrieved successfully
    DATA: Array
(
    [status] => running
    [type] => restore
)

[2026-01-16 04:43:39] [14 MB] [chunked_processor] save_job called
    DATA: Array
(
    [job_id] => 9ea24571-2779-49b2-a258-d9a7c63f4ea2
    [status] => running
)

[2026-01-16 04:43:39] [14 MB] [chunked_processor] Transient save result
    DATA: Array
(
    [option_name] => speed_backups_job_9ea24571-2779-49b2-a258-d9a7c63f4ea2
    [success] => YES
)

[2026-01-16 04:43:39] [14 MB] [chunked_processor] Option save result
    DATA: Array
(
    [option_name] => speed_backups_job_9ea24571-2779-49b2-a258-d9a7c63f4ea2
    [success] => YES
)

[2026-01-16 04:43:39] [14 MB] [chunked_processor] Save verification (direct DB)
    DATA: Array
(
    [verified] => YES
)

[2026-01-16 04:43:39] [14 MB] [chunked_processor] get_job called
    DATA: Array
(
    [job_id] => 9ea24571-2779-49b2-a258-d9a7c63f4ea2
)

[2026-01-16 04:43:39] [14 MB] [chunked_processor] Transient lookup result
    DATA: Array
(
    [option_name] => speed_backups_job_9ea24571-2779-49b2-a258-d9a7c63f4ea2
    [found] => YES
)

[2026-01-16 04:43:39] [14 MB] [chunked_processor] Job retrieved successfully
    DATA: Array
(
    [status] => running
    [type] => restore
)

[2026-01-16 04:43:39] [14 MB] [chunked_processor] save_job called
    DATA: Array
(
    [job_id] => 9ea24571-2779-49b2-a258-d9a7c63f4ea2
    [status] => running
)

[2026-01-16 04:43:39] [14 MB] [chunked_processor] Transient save result
    DATA: Array
(
    [option_name] => speed_backups_job_9ea24571-2779-49b2-a258-d9a7c63f4ea2
    [success] => YES
)

[2026-01-16 04:43:39] [14 MB] [chunked_processor] Option save result
    DATA: Array
(
    [option_name] => speed_backups_job_9ea24571-2779-49b2-a258-d9a7c63f4ea2
    [success] => YES
)

[2026-01-16 04:43:39] [14 MB] [chunked_processor] Save verification (direct DB)
    DATA: Array
(
    [verified] => YES
)

[2026-01-16 04:43:39] [14 MB] [chunked_processor] get_job called
    DATA: Array
(
    [job_id] => 9ea24571-2779-49b2-a258-d9a7c63f4ea2
)

[2026-01-16 04:43:39] [14 MB] [chunked_processor] Transient lookup result
    DATA: Array
(
    [option_name] => speed_backups_job_9ea24571-2779-49b2-a258-d9a7c63f4ea2
    [found] => YES
)

[2026-01-16 04:43:39] [14 MB] [chunked_processor] Job retrieved successfully
    DATA: Array
(
    [status] => running
    [type] => restore
)

[2026-01-16 04:43:39] [14 MB] [chunked_processor] get_job called
    DATA: Array
(
    [job_id] => 9ea24571-2779-49b2-a258-d9a7c63f4ea2
)

[2026-01-16 04:43:39] [14 MB] [chunked_processor] Transient lookup result
    DATA: Array
(
    [option_name] => speed_backups_job_9ea24571-2779-49b2-a258-d9a7c63f4ea2
    [found] => YES
)

[2026-01-16 04:43:39] [14 MB] [chunked_processor] Job retrieved successfully
    DATA: Array
(
    [status] => running
    [type] => restore
)

[2026-01-16 04:43:39] [14 MB] [ERROR_HANDLER] PHP error handlers registered
[2026-01-16 04:43:39] [14 MB] [FUNCTION] >>> ENTER: process_chunk
    DATA: Array
(
    [0] => job_id
)

[2026-01-16 04:43:39] [14 MB] [chunked_processor] get_job called
    DATA: Array
(
    [job_id] => 9ea24571-2779-49b2-a258-d9a7c63f4ea2
)

[2026-01-16 04:43:39] [14 MB] [chunked_processor] Transient lookup result
    DATA: Array
(
    [option_name] => speed_backups_job_9ea24571-2779-49b2-a258-d9a7c63f4ea2
    [found] => YES
)

[2026-01-16 04:43:39] [14 MB] [chunked_processor] Job retrieved successfully
    DATA: Array
(
    [status] => running
    [type] => restore
)

[2026-01-16 04:43:39] [14 MB] [JOB_STATE] Job 9ea24571-2779-49b2-a258-d9a7c63f4ea2 state
    DATA: Array
(
    [status] => running
    [type] => restore
    [phase] => extract
    [progress] => 82.880082880083
)

[2026-01-16 04:43:39] [14 MB] [chunked_processor] get_job called
    DATA: Array
(
    [job_id] => 9ea24571-2779-49b2-a258-d9a7c63f4ea2
)

[2026-01-16 04:43:39] [14 MB] [chunked_processor] Transient lookup result
    DATA: Array
(
    [option_name] => speed_backups_job_9ea24571-2779-49b2-a258-d9a7c63f4ea2
    [found] => YES
)

[2026-01-16 04:43:39] [14 MB] [chunked_processor] Job retrieved successfully
    DATA: Array
(
    [status] => running
    [type] => restore
)

[2026-01-16 04:43:39] [14 MB] [chunked_processor] get_job called
    DATA: Array
(
    [job_id] => 9ea24571-2779-49b2-a258-d9a7c63f4ea2
)

[2026-01-16 04:43:39] [14 MB] [chunked_processor] Transient lookup result
    DATA: Array
(
    [option_name] => speed_backups_job_9ea24571-2779-49b2-a258-d9a7c63f4ea2
    [found] => YES
)

[2026-01-16 04:43:39] [14 MB] [chunked_processor] Job retrieved successfully
    DATA: Array
(
    [status] => running
    [type] => restore
)

[2026-01-16 04:43:39] [14 MB] [chunked_processor] save_job called
    DATA: Array
(
    [job_id] => 9ea24571-2779-49b2-a258-d9a7c63f4ea2
    [status] => running
)

[2026-01-16 04:43:40] [14 MB] [chunked_processor] Transient save result
    DATA: Array
(
    [option_name] => speed_backups_job_9ea24571-2779-49b2-a258-d9a7c63f4ea2
    [success] => YES
)

[2026-01-16 04:43:40] [14 MB] [chunked_processor] Option save result
    DATA: Array
(
    [option_name] => speed_backups_job_9ea24571-2779-49b2-a258-d9a7c63f4ea2
    [success] => YES
)

[2026-01-16 04:43:40] [14 MB] [chunked_processor] Save verification (direct DB)
    DATA: Array
(
    [verified] => YES
)

[2026-01-16 04:43:40] [14 MB] [chunked_processor] get_job called
    DATA: Array
(
    [job_id] => 9ea24571-2779-49b2-a258-d9a7c63f4ea2
)

[2026-01-16 04:43:40] [14 MB] [chunked_processor] Transient lookup result
    DATA: Array
(
    [option_name] => speed_backups_job_9ea24571-2779-49b2-a258-d9a7c63f4ea2
    [found] => YES
)

[2026-01-16 04:43:40] [14 MB] [chunked_processor] Job retrieved successfully
    DATA: Array
(
    [status] => running
    [type] => restore
)

[2026-01-16 04:43:40] [14 MB] [chunked_processor] save_job called
    DATA: Array
(
    [job_id] => 9ea24571-2779-49b2-a258-d9a7c63f4ea2
    [status] => running
)

[2026-01-16 04:43:40] [14 MB] [chunked_processor] Transient save result
    DATA: Array
(
    [option_name] => speed_backups_job_9ea24571-2779-49b2-a258-d9a7c63f4ea2
    [success] => YES
)

[2026-01-16 04:43:40] [14 MB] [chunked_processor] Option save result
    DATA: Array
(
    [option_name] => speed_backups_job_9ea24571-2779-49b2-a258-d9a7c63f4ea2
    [success] => YES
)

[2026-01-16 04:43:40] [14 MB] [chunked_processor] Save verification (direct DB)
    DATA: Array
(
    [verified] => YES
)

[2026-01-16 04:43:40] [14 MB] [chunked_processor] get_job called
    DATA: Array
(
    [job_id] => 9ea24571-2779-49b2-a258-d9a7c63f4ea2
)

[2026-01-16 04:43:40] [14 MB] [chunked_processor] Transient lookup result
    DATA: Array
(
    [option_name] => speed_backups_job_9ea24571-2779-49b2-a258-d9a7c63f4ea2
    [found] => YES
)

[2026-01-16 04:43:40] [14 MB] [chunked_processor] Job retrieved successfully
    DATA: Array
(
    [status] => running
    [type] => restore
)

[2026-01-16 04:43:40] [14 MB] [chunked_processor] get_job called
    DATA: Array
(
    [job_id] => 9ea24571-2779-49b2-a258-d9a7c63f4ea2
)

[2026-01-16 04:43:40] [14 MB] [chunked_processor] Transient lookup result
    DATA: Array
(
    [option_name] => speed_backups_job_9ea24571-2779-49b2-a258-d9a7c63f4ea2
    [found] => YES
)

[2026-01-16 04:43:40] [14 MB] [chunked_processor] Job retrieved successfully
    DATA: Array
(
    [status] => running
    [type] => restore
)

[2026-01-16 04:43:40] [14 MB] [ERROR_HANDLER] PHP error handlers registered
[2026-01-16 04:43:40] [14 MB] [FUNCTION] >>> ENTER: process_chunk
    DATA: Array
(
    [0] => job_id
)

[2026-01-16 04:43:40] [14 MB] [chunked_processor] get_job called
    DATA: Array
(
    [job_id] => 9ea24571-2779-49b2-a258-d9a7c63f4ea2
)

[2026-01-16 04:43:40] [14 MB] [chunked_processor] Transient lookup result
    DATA: Array
(
    [option_name] => speed_backups_job_9ea24571-2779-49b2-a258-d9a7c63f4ea2
    [found] => YES
)

[2026-01-16 04:43:40] [14 MB] [chunked_processor] Job retrieved successfully
    DATA: Array
(
    [status] => running
    [type] => restore
)

[2026-01-16 04:43:40] [14 MB] [JOB_STATE] Job 9ea24571-2779-49b2-a258-d9a7c63f4ea2 state
    DATA: Array
(
    [status] => running
    [type] => restore
    [phase] => extract
    [progress] => 84.175084175084
)

[2026-01-16 04:43:40] [14 MB] [chunked_processor] get_job called
    DATA: Array
(
    [job_id] => 9ea24571-2779-49b2-a258-d9a7c63f4ea2
)

[2026-01-16 04:43:40] [14 MB] [chunked_processor] Transient lookup result
    DATA: Array
(
    [option_name] => speed_backups_job_9ea24571-2779-49b2-a258-d9a7c63f4ea2
    [found] => YES
)

[2026-01-16 04:43:40] [14 MB] [chunked_processor] Job retrieved successfully
    DATA: Array
(
    [status] => running
    [type] => restore
)

[2026-01-16 04:43:40] [14 MB] [chunked_processor] get_job called
    DATA: Array
(
    [job_id] => 9ea24571-2779-49b2-a258-d9a7c63f4ea2
)

[2026-01-16 04:43:40] [14 MB] [chunked_processor] Transient lookup result
    DATA: Array
(
    [option_name] => speed_backups_job_9ea24571-2779-49b2-a258-d9a7c63f4ea2
    [found] => YES
)

[2026-01-16 04:43:40] [14 MB] [chunked_processor] Job retrieved successfully
    DATA: Array
(
    [status] => running
    [type] => restore
)

[2026-01-16 04:43:40] [14 MB] [chunked_processor] save_job called
    DATA: Array
(
    [job_id] => 9ea24571-2779-49b2-a258-d9a7c63f4ea2
    [status] => running
)

[2026-01-16 04:43:40] [14 MB] [chunked_processor] Transient save result
    DATA: Array
(
    [option_name] => speed_backups_job_9ea24571-2779-49b2-a258-d9a7c63f4ea2
    [success] => YES
)

[2026-01-16 04:43:40] [14 MB] [chunked_processor] Option save result
    DATA: Array
(
    [option_name] => speed_backups_job_9ea24571-2779-49b2-a258-d9a7c63f4ea2
    [success] => YES
)

[2026-01-16 04:43:40] [14 MB] [chunked_processor] Save verification (direct DB)
    DATA: Array
(
    [verified] => YES
)

[2026-01-16 04:43:40] [14 MB] [chunked_processor] get_job called
    DATA: Array
(
    [job_id] => 9ea24571-2779-49b2-a258-d9a7c63f4ea2
)

[2026-01-16 04:43:40] [14 MB] [chunked_processor] Transient lookup result
    DATA: Array
(
    [option_name] => speed_backups_job_9ea24571-2779-49b2-a258-d9a7c63f4ea2
    [found] => YES
)

[2026-01-16 04:43:40] [14 MB] [chunked_processor] Job retrieved successfully
    DATA: Array
(
    [status] => running
    [type] => restore
)

[2026-01-16 04:43:40] [14 MB] [chunked_processor] save_job called
    DATA: Array
(
    [job_id] => 9ea24571-2779-49b2-a258-d9a7c63f4ea2
    [status] => running
)

[2026-01-16 04:43:40] [14 MB] [chunked_processor] Transient save result
    DATA: Array
(
    [option_name] => speed_backups_job_9ea24571-2779-49b2-a258-d9a7c63f4ea2
    [success] => YES
)

[2026-01-16 04:43:40] [14 MB] [chunked_processor] Option save result
    DATA: Array
(
    [option_name] => speed_backups_job_9ea24571-2779-49b2-a258-d9a7c63f4ea2
    [success] => YES
)

[2026-01-16 04:43:40] [14 MB] [chunked_processor] Save verification (direct DB)
    DATA: Array
(
    [verified] => YES
)

[2026-01-16 04:43:40] [14 MB] [chunked_processor] get_job called
    DATA: Array
(
    [job_id] => 9ea24571-2779-49b2-a258-d9a7c63f4ea2
)

[2026-01-16 04:43:40] [14 MB] [chunked_processor] Transient lookup result
    DATA: Array
(
    [option_name] => speed_backups_job_9ea24571-2779-49b2-a258-d9a7c63f4ea2
    [found] => YES
)

[2026-01-16 04:43:40] [14 MB] [chunked_processor] Job retrieved successfully
    DATA: Array
(
    [status] => running
    [type] => restore
)

[2026-01-16 04:43:40] [14 MB] [chunked_processor] get_job called
    DATA: Array
(
    [job_id] => 9ea24571-2779-49b2-a258-d9a7c63f4ea2
)

[2026-01-16 04:43:40] [14 MB] [chunked_processor] Transient lookup result
    DATA: Array
(
    [option_name] => speed_backups_job_9ea24571-2779-49b2-a258-d9a7c63f4ea2
    [found] => YES
)

[2026-01-16 04:43:40] [14 MB] [chunked_processor] Job retrieved successfully
    DATA: Array
(
    [status] => running
    [type] => restore
)

[2026-01-16 04:43:40] [14 MB] [ERROR_HANDLER] PHP error handlers registered
[2026-01-16 04:43:40] [14 MB] [FUNCTION] >>> ENTER: process_chunk
    DATA: Array
(
    [0] => job_id
)

[2026-01-16 04:43:40] [14 MB] [chunked_processor] get_job called
    DATA: Array
(
    [job_id] => 9ea24571-2779-49b2-a258-d9a7c63f4ea2
)

[2026-01-16 04:43:40] [14 MB] [chunked_processor] Transient lookup result
    DATA: Array
(
    [option_name] => speed_backups_job_9ea24571-2779-49b2-a258-d9a7c63f4ea2
    [found] => YES
)

[2026-01-16 04:43:40] [14 MB] [chunked_processor] Job retrieved successfully
    DATA: Array
(
    [status] => running
    [type] => restore
)

[2026-01-16 04:43:40] [14 MB] [JOB_STATE] Job 9ea24571-2779-49b2-a258-d9a7c63f4ea2 state
    DATA: Array
(
    [status] => running
    [type] => restore
    [phase] => extract
    [progress] => 85.470085470085
)

[2026-01-16 04:43:40] [14 MB] [chunked_processor] get_job called
    DATA: Array
(
    [job_id] => 9ea24571-2779-49b2-a258-d9a7c63f4ea2
)

[2026-01-16 04:43:40] [14 MB] [chunked_processor] Transient lookup result
    DATA: Array
(
    [option_name] => speed_backups_job_9ea24571-2779-49b2-a258-d9a7c63f4ea2
    [found] => YES
)

[2026-01-16 04:43:40] [14 MB] [chunked_processor] Job retrieved successfully
    DATA: Array
(
    [status] => running
    [type] => restore
)

[2026-01-16 04:43:40] [14 MB] [chunked_processor] get_job called
    DATA: Array
(
    [job_id] => 9ea24571-2779-49b2-a258-d9a7c63f4ea2
)

[2026-01-16 04:43:40] [14 MB] [chunked_processor] Transient lookup result
    DATA: Array
(
    [option_name] => speed_backups_job_9ea24571-2779-49b2-a258-d9a7c63f4ea2
    [found] => YES
)

[2026-01-16 04:43:40] [14 MB] [chunked_processor] Job retrieved successfully
    DATA: Array
(
    [status] => running
    [type] => restore
)

[2026-01-16 04:43:40] [14 MB] [chunked_processor] save_job called
    DATA: Array
(
    [job_id] => 9ea24571-2779-49b2-a258-d9a7c63f4ea2
    [status] => running
)

[2026-01-16 04:43:40] [14 MB] [chunked_processor] Transient save result
    DATA: Array
(
    [option_name] => speed_backups_job_9ea24571-2779-49b2-a258-d9a7c63f4ea2
    [success] => YES
)

[2026-01-16 04:43:40] [14 MB] [chunked_processor] Option save result
    DATA: Array
(
    [option_name] => speed_backups_job_9ea24571-2779-49b2-a258-d9a7c63f4ea2
    [success] => YES
)

[2026-01-16 04:43:40] [14 MB] [chunked_processor] Save verification (direct DB)
    DATA: Array
(
    [verified] => YES
)

[2026-01-16 04:43:40] [14 MB] [chunked_processor] get_job called
    DATA: Array
(
    [job_id] => 9ea24571-2779-49b2-a258-d9a7c63f4ea2
)

[2026-01-16 04:43:40] [14 MB] [chunked_processor] Transient lookup result
    DATA: Array
(
    [option_name] => speed_backups_job_9ea24571-2779-49b2-a258-d9a7c63f4ea2
    [found] => YES
)

[2026-01-16 04:43:40] [14 MB] [chunked_processor] Job retrieved successfully
    DATA: Array
(
    [status] => running
    [type] => restore
)

[2026-01-16 04:43:40] [14 MB] [chunked_processor] save_job called
    DATA: Array
(
    [job_id] => 9ea24571-2779-49b2-a258-d9a7c63f4ea2
    [status] => running
)

[2026-01-16 04:43:40] [14 MB] [chunked_processor] Transient save result
    DATA: Array
(
    [option_name] => speed_backups_job_9ea24571-2779-49b2-a258-d9a7c63f4ea2
    [success] => YES
)

[2026-01-16 04:43:40] [14 MB] [chunked_processor] Option save result
    DATA: Array
(
    [option_name] => speed_backups_job_9ea24571-2779-49b2-a258-d9a7c63f4ea2
    [success] => YES
)

[2026-01-16 04:43:40] [14 MB] [chunked_processor] Save verification (direct DB)
    DATA: Array
(
    [verified] => YES
)

[2026-01-16 04:43:40] [14 MB] [chunked_processor] get_job called
    DATA: Array
(
    [job_id] => 9ea24571-2779-49b2-a258-d9a7c63f4ea2
)

[2026-01-16 04:43:40] [14 MB] [chunked_processor] Transient lookup result
    DATA: Array
(
    [option_name] => speed_backups_job_9ea24571-2779-49b2-a258-d9a7c63f4ea2
    [found] => YES
)

[2026-01-16 04:43:40] [14 MB] [chunked_processor] Job retrieved successfully
    DATA: Array
(
    [status] => running
    [type] => restore
)

[2026-01-16 04:43:40] [14 MB] [chunked_processor] get_job called
    DATA: Array
(
    [job_id] => 9ea24571-2779-49b2-a258-d9a7c63f4ea2
)

[2026-01-16 04:43:40] [14 MB] [chunked_processor] Transient lookup result
    DATA: Array
(
    [option_name] => speed_backups_job_9ea24571-2779-49b2-a258-d9a7c63f4ea2
    [found] => YES
)

[2026-01-16 04:43:40] [14 MB] [chunked_processor] Job retrieved successfully
    DATA: Array
(
    [status] => running
    [type] => restore
)

[2026-01-16 04:43:41] [14 MB] [ERROR_HANDLER] PHP error handlers registered
[2026-01-16 04:43:41] [14 MB] [FUNCTION] >>> ENTER: process_chunk
    DATA: Array
(
    [0] => job_id
)

[2026-01-16 04:43:41] [14 MB] [chunked_processor] get_job called
    DATA: Array
(
    [job_id] => 9ea24571-2779-49b2-a258-d9a7c63f4ea2
)

[2026-01-16 04:43:41] [14 MB] [chunked_processor] Transient lookup result
    DATA: Array
(
    [option_name] => speed_backups_job_9ea24571-2779-49b2-a258-d9a7c63f4ea2
    [found] => YES
)

[2026-01-16 04:43:41] [14 MB] [chunked_processor] Job retrieved successfully
    DATA: Array
(
    [status] => running
    [type] => restore
)

[2026-01-16 04:43:41] [14 MB] [JOB_STATE] Job 9ea24571-2779-49b2-a258-d9a7c63f4ea2 state
    DATA: Array
(
    [status] => running
    [type] => restore
    [phase] => extract
    [progress] => 86.765086765087
)

[2026-01-16 04:43:41] [14 MB] [chunked_processor] get_job called
    DATA: Array
(
    [job_id] => 9ea24571-2779-49b2-a258-d9a7c63f4ea2
)

[2026-01-16 04:43:41] [14 MB] [chunked_processor] Transient lookup result
    DATA: Array
(
    [option_name] => speed_backups_job_9ea24571-2779-49b2-a258-d9a7c63f4ea2
    [found] => YES
)

[2026-01-16 04:43:41] [14 MB] [chunked_processor] Job retrieved successfully
    DATA: Array
(
    [status] => running
    [type] => restore
)

[2026-01-16 04:43:41] [14 MB] [chunked_processor] get_job called
    DATA: Array
(
    [job_id] => 9ea24571-2779-49b2-a258-d9a7c63f4ea2
)

[2026-01-16 04:43:41] [14 MB] [chunked_processor] Transient lookup result
    DATA: Array
(
    [option_name] => speed_backups_job_9ea24571-2779-49b2-a258-d9a7c63f4ea2
    [found] => YES
)

[2026-01-16 04:43:41] [14 MB] [chunked_processor] Job retrieved successfully
    DATA: Array
(
    [status] => running
    [type] => restore
)

[2026-01-16 04:43:41] [14 MB] [chunked_processor] save_job called
    DATA: Array
(
    [job_id] => 9ea24571-2779-49b2-a258-d9a7c63f4ea2
    [status] => running
)

[2026-01-16 04:43:41] [14 MB] [chunked_processor] Transient save result
    DATA: Array
(
    [option_name] => speed_backups_job_9ea24571-2779-49b2-a258-d9a7c63f4ea2
    [success] => YES
)

[2026-01-16 04:43:41] [14 MB] [chunked_processor] Option save result
    DATA: Array
(
    [option_name] => speed_backups_job_9ea24571-2779-49b2-a258-d9a7c63f4ea2
    [success] => YES
)

[2026-01-16 04:43:41] [14 MB] [chunked_processor] Save verification (direct DB)
    DATA: Array
(
    [verified] => YES
)

[2026-01-16 04:43:41] [14 MB] [chunked_processor] get_job called
    DATA: Array
(
    [job_id] => 9ea24571-2779-49b2-a258-d9a7c63f4ea2
)

[2026-01-16 04:43:41] [14 MB] [chunked_processor] Transient lookup result
    DATA: Array
(
    [option_name] => speed_backups_job_9ea24571-2779-49b2-a258-d9a7c63f4ea2
    [found] => YES
)

[2026-01-16 04:43:41] [14 MB] [chunked_processor] Job retrieved successfully
    DATA: Array
(
    [status] => running
    [type] => restore
)

[2026-01-16 04:43:41] [14 MB] [chunked_processor] save_job called
    DATA: Array
(
    [job_id] => 9ea24571-2779-49b2-a258-d9a7c63f4ea2
    [status] => running
)

[2026-01-16 04:43:41] [14 MB] [chunked_processor] Transient save result
    DATA: Array
(
    [option_name] => speed_backups_job_9ea24571-2779-49b2-a258-d9a7c63f4ea2
    [success] => YES
)

[2026-01-16 04:43:41] [14 MB] [chunked_processor] Option save result
    DATA: Array
(
    [option_name] => speed_backups_job_9ea24571-2779-49b2-a258-d9a7c63f4ea2
    [success] => YES
)

[2026-01-16 04:43:41] [14 MB] [chunked_processor] Save verification (direct DB)
    DATA: Array
(
    [verified] => YES
)

[2026-01-16 04:43:41] [14 MB] [chunked_processor] get_job called
    DATA: Array
(
    [job_id] => 9ea24571-2779-49b2-a258-d9a7c63f4ea2
)

[2026-01-16 04:43:41] [14 MB] [chunked_processor] Transient lookup result
    DATA: Array
(
    [option_name] => speed_backups_job_9ea24571-2779-49b2-a258-d9a7c63f4ea2
    [found] => YES
)

[2026-01-16 04:43:41] [14 MB] [chunked_processor] Job retrieved successfully
    DATA: Array
(
    [status] => running
    [type] => restore
)

[2026-01-16 04:43:41] [14 MB] [chunked_processor] get_job called
    DATA: Array
(
    [job_id] => 9ea24571-2779-49b2-a258-d9a7c63f4ea2
)

[2026-01-16 04:43:41] [14 MB] [chunked_processor] Transient lookup result
    DATA: Array
(
    [option_name] => speed_backups_job_9ea24571-2779-49b2-a258-d9a7c63f4ea2
    [found] => YES
)

[2026-01-16 04:43:41] [14 MB] [chunked_processor] Job retrieved successfully
    DATA: Array
(
    [status] => running
    [type] => restore
)

[2026-01-16 04:43:41] [14 MB] [ERROR_HANDLER] PHP error handlers registered
[2026-01-16 04:43:41] [14 MB] [FUNCTION] >>> ENTER: process_chunk
    DATA: Array
(
    [0] => job_id
)

[2026-01-16 04:43:41] [14 MB] [chunked_processor] get_job called
    DATA: Array
(
    [job_id] => 9ea24571-2779-49b2-a258-d9a7c63f4ea2
)

[2026-01-16 04:43:41] [14 MB] [chunked_processor] Transient lookup result
    DATA: Array
(
    [option_name] => speed_backups_job_9ea24571-2779-49b2-a258-d9a7c63f4ea2
    [found] => YES
)

[2026-01-16 04:43:41] [14 MB] [chunked_processor] Job retrieved successfully
    DATA: Array
(
    [status] => running
    [type] => restore
)

[2026-01-16 04:43:41] [14 MB] [JOB_STATE] Job 9ea24571-2779-49b2-a258-d9a7c63f4ea2 state
    DATA: Array
(
    [status] => running
    [type] => restore
    [phase] => extract
    [progress] => 88.060088060088
)

[2026-01-16 04:43:41] [14 MB] [chunked_processor] get_job called
    DATA: Array
(
    [job_id] => 9ea24571-2779-49b2-a258-d9a7c63f4ea2
)

[2026-01-16 04:43:41] [14 MB] [chunked_processor] Transient lookup result
    DATA: Array
(
    [option_name] => speed_backups_job_9ea24571-2779-49b2-a258-d9a7c63f4ea2
    [found] => YES
)

[2026-01-16 04:43:41] [14 MB] [chunked_processor] Job retrieved successfully
    DATA: Array
(
    [status] => running
    [type] => restore
)

[2026-01-16 04:43:41] [14 MB] [chunked_processor] get_job called
    DATA: Array
(
    [job_id] => 9ea24571-2779-49b2-a258-d9a7c63f4ea2
)

[2026-01-16 04:43:41] [14 MB] [chunked_processor] Transient lookup result
    DATA: Array
(
    [option_name] => speed_backups_job_9ea24571-2779-49b2-a258-d9a7c63f4ea2
    [found] => YES
)

[2026-01-16 04:43:41] [14 MB] [chunked_processor] Job retrieved successfully
    DATA: Array
(
    [status] => running
    [type] => restore
)

[2026-01-16 04:43:41] [14 MB] [chunked_processor] save_job called
    DATA: Array
(
    [job_id] => 9ea24571-2779-49b2-a258-d9a7c63f4ea2
    [status] => running
)

[2026-01-16 04:43:41] [14 MB] [chunked_processor] Transient save result
    DATA: Array
(
    [option_name] => speed_backups_job_9ea24571-2779-49b2-a258-d9a7c63f4ea2
    [success] => YES
)

[2026-01-16 04:43:41] [14 MB] [chunked_processor] Option save result
    DATA: Array
(
    [option_name] => speed_backups_job_9ea24571-2779-49b2-a258-d9a7c63f4ea2
    [success] => YES
)

[2026-01-16 04:43:41] [14 MB] [chunked_processor] Save verification (direct DB)
    DATA: Array
(
    [verified] => YES
)

[2026-01-16 04:43:41] [14 MB] [chunked_processor] get_job called
    DATA: Array
(
    [job_id] => 9ea24571-2779-49b2-a258-d9a7c63f4ea2
)

[2026-01-16 04:43:41] [14 MB] [chunked_processor] Transient lookup result
    DATA: Array
(
    [option_name] => speed_backups_job_9ea24571-2779-49b2-a258-d9a7c63f4ea2
    [found] => YES
)

[2026-01-16 04:43:41] [14 MB] [chunked_processor] Job retrieved successfully
    DATA: Array
(
    [status] => running
    [type] => restore
)

[2026-01-16 04:43:41] [14 MB] [chunked_processor] save_job called
    DATA: Array
(
    [job_id] => 9ea24571-2779-49b2-a258-d9a7c63f4ea2
    [status] => running
)

[2026-01-16 04:43:41] [14 MB] [chunked_processor] Transient save result
    DATA: Array
(
    [option_name] => speed_backups_job_9ea24571-2779-49b2-a258-d9a7c63f4ea2
    [success] => YES
)

[2026-01-16 04:43:41] [14 MB] [chunked_processor] Option save result
    DATA: Array
(
    [option_name] => speed_backups_job_9ea24571-2779-49b2-a258-d9a7c63f4ea2
    [success] => YES
)

[2026-01-16 04:43:42] [14 MB] [chunked_processor] Save verification (direct DB)
    DATA: Array
(
    [verified] => YES
)

[2026-01-16 04:43:42] [14 MB] [chunked_processor] get_job called
    DATA: Array
(
    [job_id] => 9ea24571-2779-49b2-a258-d9a7c63f4ea2
)

[2026-01-16 04:43:42] [14 MB] [chunked_processor] Transient lookup result
    DATA: Array
(
    [option_name] => speed_backups_job_9ea24571-2779-49b2-a258-d9a7c63f4ea2
    [found] => YES
)

[2026-01-16 04:43:42] [14 MB] [chunked_processor] Job retrieved successfully
    DATA: Array
(
    [status] => running
    [type] => restore
)

[2026-01-16 04:43:42] [14 MB] [chunked_processor] get_job called
    DATA: Array
(
    [job_id] => 9ea24571-2779-49b2-a258-d9a7c63f4ea2
)

[2026-01-16 04:43:42] [14 MB] [chunked_processor] Transient lookup result
    DATA: Array
(
    [option_name] => speed_backups_job_9ea24571-2779-49b2-a258-d9a7c63f4ea2
    [found] => YES
)

[2026-01-16 04:43:42] [14 MB] [chunked_processor] Job retrieved successfully
    DATA: Array
(
    [status] => running
    [type] => restore
)

[2026-01-16 04:43:42] [14 MB] [ERROR_HANDLER] PHP error handlers registered
[2026-01-16 04:43:42] [14 MB] [FUNCTION] >>> ENTER: process_chunk
    DATA: Array
(
    [0] => job_id
)

[2026-01-16 04:43:42] [14 MB] [chunked_processor] get_job called
    DATA: Array
(
    [job_id] => 9ea24571-2779-49b2-a258-d9a7c63f4ea2
)

[2026-01-16 04:43:42] [14 MB] [chunked_processor] Transient lookup result
    DATA: Array
(
    [option_name] => speed_backups_job_9ea24571-2779-49b2-a258-d9a7c63f4ea2
    [found] => YES
)

[2026-01-16 04:43:42] [14 MB] [chunked_processor] Job retrieved successfully
    DATA: Array
(
    [status] => running
    [type] => restore
)

[2026-01-16 04:43:42] [14 MB] [JOB_STATE] Job 9ea24571-2779-49b2-a258-d9a7c63f4ea2 state
    DATA: Array
(
    [status] => running
    [type] => restore
    [phase] => extract
    [progress] => 89.355089355089
)

[2026-01-16 04:43:42] [14 MB] [chunked_processor] get_job called
    DATA: Array
(
    [job_id] => 9ea24571-2779-49b2-a258-d9a7c63f4ea2
)

[2026-01-16 04:43:42] [14 MB] [chunked_processor] Transient lookup result
    DATA: Array
(
    [option_name] => speed_backups_job_9ea24571-2779-49b2-a258-d9a7c63f4ea2
    [found] => YES
)

[2026-01-16 04:43:42] [14 MB] [chunked_processor] Job retrieved successfully
    DATA: Array
(
    [status] => running
    [type] => restore
)

[2026-01-16 04:43:42] [14 MB] [chunked_processor] get_job called
    DATA: Array
(
    [job_id] => 9ea24571-2779-49b2-a258-d9a7c63f4ea2
)

[2026-01-16 04:43:42] [14 MB] [chunked_processor] Transient lookup result
    DATA: Array
(
    [option_name] => speed_backups_job_9ea24571-2779-49b2-a258-d9a7c63f4ea2
    [found] => YES
)

[2026-01-16 04:43:42] [14 MB] [chunked_processor] Job retrieved successfully
    DATA: Array
(
    [status] => running
    [type] => restore
)

[2026-01-16 04:43:42] [14 MB] [chunked_processor] save_job called
    DATA: Array
(
    [job_id] => 9ea24571-2779-49b2-a258-d9a7c63f4ea2
    [status] => running
)

[2026-01-16 04:43:42] [14 MB] [chunked_processor] Transient save result
    DATA: Array
(
    [option_name] => speed_backups_job_9ea24571-2779-49b2-a258-d9a7c63f4ea2
    [success] => YES
)

[2026-01-16 04:43:42] [14 MB] [chunked_processor] Option save result
    DATA: Array
(
    [option_name] => speed_backups_job_9ea24571-2779-49b2-a258-d9a7c63f4ea2
    [success] => YES
)

[2026-01-16 04:43:42] [14 MB] [chunked_processor] Save verification (direct DB)
    DATA: Array
(
    [verified] => YES
)

[2026-01-16 04:43:42] [14 MB] [chunked_processor] get_job called
    DATA: Array
(
    [job_id] => 9ea24571-2779-49b2-a258-d9a7c63f4ea2
)

[2026-01-16 04:43:42] [14 MB] [chunked_processor] Transient lookup result
    DATA: Array
(
    [option_name] => speed_backups_job_9ea24571-2779-49b2-a258-d9a7c63f4ea2
    [found] => YES
)

[2026-01-16 04:43:42] [14 MB] [chunked_processor] Job retrieved successfully
    DATA: Array
(
    [status] => running
    [type] => restore
)

[2026-01-16 04:43:42] [14 MB] [chunked_processor] save_job called
    DATA: Array
(
    [job_id] => 9ea24571-2779-49b2-a258-d9a7c63f4ea2
    [status] => running
)

[2026-01-16 04:43:42] [14 MB] [chunked_processor] Transient save result
    DATA: Array
(
    [option_name] => speed_backups_job_9ea24571-2779-49b2-a258-d9a7c63f4ea2
    [success] => YES
)

[2026-01-16 04:43:42] [14 MB] [chunked_processor] Option save result
    DATA: Array
(
    [option_name] => speed_backups_job_9ea24571-2779-49b2-a258-d9a7c63f4ea2
    [success] => YES
)

[2026-01-16 04:43:42] [14 MB] [chunked_processor] Save verification (direct DB)
    DATA: Array
(
    [verified] => YES
)

[2026-01-16 04:43:42] [14 MB] [chunked_processor] get_job called
    DATA: Array
(
    [job_id] => 9ea24571-2779-49b2-a258-d9a7c63f4ea2
)

[2026-01-16 04:43:42] [14 MB] [chunked_processor] Transient lookup result
    DATA: Array
(
    [option_name] => speed_backups_job_9ea24571-2779-49b2-a258-d9a7c63f4ea2
    [found] => YES
)

[2026-01-16 04:43:42] [14 MB] [chunked_processor] Job retrieved successfully
    DATA: Array
(
    [status] => running
    [type] => restore
)

[2026-01-16 04:43:42] [14 MB] [chunked_processor] get_job called
    DATA: Array
(
    [job_id] => 9ea24571-2779-49b2-a258-d9a7c63f4ea2
)

[2026-01-16 04:43:42] [14 MB] [chunked_processor] Transient lookup result
    DATA: Array
(
    [option_name] => speed_backups_job_9ea24571-2779-49b2-a258-d9a7c63f4ea2
    [found] => YES
)

[2026-01-16 04:43:42] [14 MB] [chunked_processor] Job retrieved successfully
    DATA: Array
(
    [status] => running
    [type] => restore
)

[2026-01-16 04:43:42] [14 MB] [ERROR_HANDLER] PHP error handlers registered
[2026-01-16 04:43:42] [14 MB] [FUNCTION] >>> ENTER: process_chunk
    DATA: Array
(
    [0] => job_id
)

[2026-01-16 04:43:42] [14 MB] [chunked_processor] get_job called
    DATA: Array
(
    [job_id] => 9ea24571-2779-49b2-a258-d9a7c63f4ea2
)

[2026-01-16 04:43:42] [14 MB] [chunked_processor] Transient lookup result
    DATA: Array
(
    [option_name] => speed_backups_job_9ea24571-2779-49b2-a258-d9a7c63f4ea2
    [found] => YES
)

[2026-01-16 04:43:42] [14 MB] [chunked_processor] Job retrieved successfully
    DATA: Array
(
    [status] => running
    [type] => restore
)

[2026-01-16 04:43:42] [14 MB] [JOB_STATE] Job 9ea24571-2779-49b2-a258-d9a7c63f4ea2 state
    DATA: Array
(
    [status] => running
    [type] => restore
    [phase] => extract
    [progress] => 90.650090650091
)

[2026-01-16 04:43:42] [14 MB] [chunked_processor] get_job called
    DATA: Array
(
    [job_id] => 9ea24571-2779-49b2-a258-d9a7c63f4ea2
)

[2026-01-16 04:43:42] [14 MB] [chunked_processor] Transient lookup result
    DATA: Array
(
    [option_name] => speed_backups_job_9ea24571-2779-49b2-a258-d9a7c63f4ea2
    [found] => YES
)

[2026-01-16 04:43:42] [14 MB] [chunked_processor] Job retrieved successfully
    DATA: Array
(
    [status] => running
    [type] => restore
)

[2026-01-16 04:43:42] [14 MB] [chunked_processor] get_job called
    DATA: Array
(
    [job_id] => 9ea24571-2779-49b2-a258-d9a7c63f4ea2
)

[2026-01-16 04:43:42] [14 MB] [chunked_processor] Transient lookup result
    DATA: Array
(
    [option_name] => speed_backups_job_9ea24571-2779-49b2-a258-d9a7c63f4ea2
    [found] => YES
)

[2026-01-16 04:43:42] [14 MB] [chunked_processor] Job retrieved successfully
    DATA: Array
(
    [status] => running
    [type] => restore
)

[2026-01-16 04:43:42] [14 MB] [chunked_processor] save_job called
    DATA: Array
(
    [job_id] => 9ea24571-2779-49b2-a258-d9a7c63f4ea2
    [status] => running
)

[2026-01-16 04:43:42] [14 MB] [chunked_processor] Transient save result
    DATA: Array
(
    [option_name] => speed_backups_job_9ea24571-2779-49b2-a258-d9a7c63f4ea2
    [success] => YES
)

[2026-01-16 04:43:42] [14 MB] [chunked_processor] Option save result
    DATA: Array
(
    [option_name] => speed_backups_job_9ea24571-2779-49b2-a258-d9a7c63f4ea2
    [success] => YES
)

[2026-01-16 04:43:42] [14 MB] [chunked_processor] Save verification (direct DB)
    DATA: Array
(
    [verified] => YES
)

[2026-01-16 04:43:43] [14 MB] [chunked_processor] get_job called
    DATA: Array
(
    [job_id] => 9ea24571-2779-49b2-a258-d9a7c63f4ea2
)

[2026-01-16 04:43:43] [14 MB] [chunked_processor] Transient lookup result
    DATA: Array
(
    [option_name] => speed_backups_job_9ea24571-2779-49b2-a258-d9a7c63f4ea2
    [found] => YES
)

[2026-01-16 04:43:43] [14 MB] [chunked_processor] Job retrieved successfully
    DATA: Array
(
    [status] => running
    [type] => restore
)

[2026-01-16 04:43:43] [14 MB] [chunked_processor] save_job called
    DATA: Array
(
    [job_id] => 9ea24571-2779-49b2-a258-d9a7c63f4ea2
    [status] => running
)

[2026-01-16 04:43:43] [14 MB] [chunked_processor] Transient save result
    DATA: Array
(
    [option_name] => speed_backups_job_9ea24571-2779-49b2-a258-d9a7c63f4ea2
    [success] => YES
)

[2026-01-16 04:43:43] [14 MB] [chunked_processor] Option save result
    DATA: Array
(
    [option_name] => speed_backups_job_9ea24571-2779-49b2-a258-d9a7c63f4ea2
    [success] => YES
)

[2026-01-16 04:43:43] [14 MB] [chunked_processor] Save verification (direct DB)
    DATA: Array
(
    [verified] => YES
)

[2026-01-16 04:43:43] [14 MB] [chunked_processor] get_job called
    DATA: Array
(
    [job_id] => 9ea24571-2779-49b2-a258-d9a7c63f4ea2
)

[2026-01-16 04:43:43] [14 MB] [chunked_processor] Transient lookup result
    DATA: Array
(
    [option_name] => speed_backups_job_9ea24571-2779-49b2-a258-d9a7c63f4ea2
    [found] => YES
)

[2026-01-16 04:43:43] [14 MB] [chunked_processor] Job retrieved successfully
    DATA: Array
(
    [status] => running
    [type] => restore
)

[2026-01-16 04:43:43] [14 MB] [chunked_processor] get_job called
    DATA: Array
(
    [job_id] => 9ea24571-2779-49b2-a258-d9a7c63f4ea2
)

[2026-01-16 04:43:43] [14 MB] [chunked_processor] Transient lookup result
    DATA: Array
(
    [option_name] => speed_backups_job_9ea24571-2779-49b2-a258-d9a7c63f4ea2
    [found] => YES
)

[2026-01-16 04:43:43] [14 MB] [chunked_processor] Job retrieved successfully
    DATA: Array
(
    [status] => running
    [type] => restore
)

[2026-01-16 04:43:43] [14 MB] [ERROR_HANDLER] PHP error handlers registered
[2026-01-16 04:43:43] [14 MB] [FUNCTION] >>> ENTER: process_chunk
    DATA: Array
(
    [0] => job_id
)

[2026-01-16 04:43:43] [14 MB] [chunked_processor] get_job called
    DATA: Array
(
    [job_id] => 9ea24571-2779-49b2-a258-d9a7c63f4ea2
)

[2026-01-16 04:43:43] [14 MB] [chunked_processor] Transient lookup result
    DATA: Array
(
    [option_name] => speed_backups_job_9ea24571-2779-49b2-a258-d9a7c63f4ea2
    [found] => YES
)

[2026-01-16 04:43:43] [14 MB] [chunked_processor] Job retrieved successfully
    DATA: Array
(
    [status] => running
    [type] => restore
)

[2026-01-16 04:43:43] [14 MB] [JOB_STATE] Job 9ea24571-2779-49b2-a258-d9a7c63f4ea2 state
    DATA: Array
(
    [status] => running
    [type] => restore
    [phase] => extract
    [progress] => 91.945091945092
)

[2026-01-16 04:43:43] [14 MB] [chunked_processor] get_job called
    DATA: Array
(
    [job_id] => 9ea24571-2779-49b2-a258-d9a7c63f4ea2
)

[2026-01-16 04:43:43] [14 MB] [chunked_processor] Transient lookup result
    DATA: Array
(
    [option_name] => speed_backups_job_9ea24571-2779-49b2-a258-d9a7c63f4ea2
    [found] => YES
)

[2026-01-16 04:43:43] [14 MB] [chunked_processor] Job retrieved successfully
    DATA: Array
(
    [status] => running
    [type] => restore
)

[2026-01-16 04:43:43] [14 MB] [chunked_processor] get_job called
    DATA: Array
(
    [job_id] => 9ea24571-2779-49b2-a258-d9a7c63f4ea2
)

[2026-01-16 04:43:43] [14 MB] [chunked_processor] Transient lookup result
    DATA: Array
(
    [option_name] => speed_backups_job_9ea24571-2779-49b2-a258-d9a7c63f4ea2
    [found] => YES
)

[2026-01-16 04:43:43] [14 MB] [chunked_processor] Job retrieved successfully
    DATA: Array
(
    [status] => running
    [type] => restore
)

[2026-01-16 04:43:43] [14 MB] [chunked_processor] save_job called
    DATA: Array
(
    [job_id] => 9ea24571-2779-49b2-a258-d9a7c63f4ea2
    [status] => running
)

[2026-01-16 04:43:43] [14 MB] [chunked_processor] Transient save result
    DATA: Array
(
    [option_name] => speed_backups_job_9ea24571-2779-49b2-a258-d9a7c63f4ea2
    [success] => YES
)

[2026-01-16 04:43:43] [14 MB] [chunked_processor] Option save result
    DATA: Array
(
    [option_name] => speed_backups_job_9ea24571-2779-49b2-a258-d9a7c63f4ea2
    [success] => YES
)

[2026-01-16 04:43:43] [14 MB] [chunked_processor] Save verification (direct DB)
    DATA: Array
(
    [verified] => YES
)

[2026-01-16 04:43:43] [16 MB] [chunked_processor] get_job called
    DATA: Array
(
    [job_id] => 9ea24571-2779-49b2-a258-d9a7c63f4ea2
)

[2026-01-16 04:43:43] [16 MB] [chunked_processor] Transient lookup result
    DATA: Array
(
    [option_name] => speed_backups_job_9ea24571-2779-49b2-a258-d9a7c63f4ea2
    [found] => YES
)

[2026-01-16 04:43:43] [16 MB] [chunked_processor] Job retrieved successfully
    DATA: Array
(
    [status] => running
    [type] => restore
)

[2026-01-16 04:43:43] [16 MB] [chunked_processor] save_job called
    DATA: Array
(
    [job_id] => 9ea24571-2779-49b2-a258-d9a7c63f4ea2
    [status] => running
)

[2026-01-16 04:43:43] [16 MB] [chunked_processor] Transient save result
    DATA: Array
(
    [option_name] => speed_backups_job_9ea24571-2779-49b2-a258-d9a7c63f4ea2
    [success] => YES
)

[2026-01-16 04:43:43] [16 MB] [chunked_processor] Option save result
    DATA: Array
(
    [option_name] => speed_backups_job_9ea24571-2779-49b2-a258-d9a7c63f4ea2
    [success] => YES
)

[2026-01-16 04:43:43] [16 MB] [chunked_processor] Save verification (direct DB)
    DATA: Array
(
    [verified] => YES
)

[2026-01-16 04:43:43] [16 MB] [chunked_processor] get_job called
    DATA: Array
(
    [job_id] => 9ea24571-2779-49b2-a258-d9a7c63f4ea2
)

[2026-01-16 04:43:43] [16 MB] [chunked_processor] Transient lookup result
    DATA: Array
(
    [option_name] => speed_backups_job_9ea24571-2779-49b2-a258-d9a7c63f4ea2
    [found] => YES
)

[2026-01-16 04:43:43] [16 MB] [chunked_processor] Job retrieved successfully
    DATA: Array
(
    [status] => running
    [type] => restore
)

[2026-01-16 04:43:43] [16 MB] [chunked_processor] get_job called
    DATA: Array
(
    [job_id] => 9ea24571-2779-49b2-a258-d9a7c63f4ea2
)

[2026-01-16 04:43:43] [16 MB] [chunked_processor] Transient lookup result
    DATA: Array
(
    [option_name] => speed_backups_job_9ea24571-2779-49b2-a258-d9a7c63f4ea2
    [found] => YES
)

[2026-01-16 04:43:43] [16 MB] [chunked_processor] Job retrieved successfully
    DATA: Array
(
    [status] => running
    [type] => restore
)

[2026-01-16 04:43:43] [14 MB] [ERROR_HANDLER] PHP error handlers registered
[2026-01-16 04:43:44] [14 MB] [FUNCTION] >>> ENTER: process_chunk
    DATA: Array
(
    [0] => job_id
)

[2026-01-16 04:43:44] [14 MB] [chunked_processor] get_job called
    DATA: Array
(
    [job_id] => 9ea24571-2779-49b2-a258-d9a7c63f4ea2
)

[2026-01-16 04:43:44] [14 MB] [chunked_processor] Transient lookup result
    DATA: Array
(
    [option_name] => speed_backups_job_9ea24571-2779-49b2-a258-d9a7c63f4ea2
    [found] => YES
)

[2026-01-16 04:43:44] [14 MB] [chunked_processor] Job retrieved successfully
    DATA: Array
(
    [status] => running
    [type] => restore
)

[2026-01-16 04:43:44] [14 MB] [JOB_STATE] Job 9ea24571-2779-49b2-a258-d9a7c63f4ea2 state
    DATA: Array
(
    [status] => running
    [type] => restore
    [phase] => extract
    [progress] => 93.240093240093
)

[2026-01-16 04:43:44] [14 MB] [chunked_processor] get_job called
    DATA: Array
(
    [job_id] => 9ea24571-2779-49b2-a258-d9a7c63f4ea2
)

[2026-01-16 04:43:44] [14 MB] [chunked_processor] Transient lookup result
    DATA: Array
(
    [option_name] => speed_backups_job_9ea24571-2779-49b2-a258-d9a7c63f4ea2
    [found] => YES
)

[2026-01-16 04:43:44] [14 MB] [chunked_processor] Job retrieved successfully
    DATA: Array
(
    [status] => running
    [type] => restore
)

[2026-01-16 04:43:44] [14 MB] [chunked_processor] get_job called
    DATA: Array
(
    [job_id] => 9ea24571-2779-49b2-a258-d9a7c63f4ea2
)

[2026-01-16 04:43:44] [14 MB] [chunked_processor] Transient lookup result
    DATA: Array
(
    [option_name] => speed_backups_job_9ea24571-2779-49b2-a258-d9a7c63f4ea2
    [found] => YES
)

[2026-01-16 04:43:44] [14 MB] [chunked_processor] Job retrieved successfully
    DATA: Array
(
    [status] => running
    [type] => restore
)

[2026-01-16 04:43:44] [14 MB] [chunked_processor] save_job called
    DATA: Array
(
    [job_id] => 9ea24571-2779-49b2-a258-d9a7c63f4ea2
    [status] => running
)

[2026-01-16 04:43:44] [14 MB] [chunked_processor] Transient save result
    DATA: Array
(
    [option_name] => speed_backups_job_9ea24571-2779-49b2-a258-d9a7c63f4ea2
    [success] => YES
)

[2026-01-16 04:43:44] [14 MB] [chunked_processor] Option save result
    DATA: Array
(
    [option_name] => speed_backups_job_9ea24571-2779-49b2-a258-d9a7c63f4ea2
    [success] => YES
)

[2026-01-16 04:43:44] [14 MB] [chunked_processor] Save verification (direct DB)
    DATA: Array
(
    [verified] => YES
)

[2026-01-16 04:43:44] [14 MB] [chunked_processor] get_job called
    DATA: Array
(
    [job_id] => 9ea24571-2779-49b2-a258-d9a7c63f4ea2
)

[2026-01-16 04:43:44] [14 MB] [chunked_processor] Transient lookup result
    DATA: Array
(
    [option_name] => speed_backups_job_9ea24571-2779-49b2-a258-d9a7c63f4ea2
    [found] => YES
)

[2026-01-16 04:43:44] [14 MB] [chunked_processor] Job retrieved successfully
    DATA: Array
(
    [status] => running
    [type] => restore
)

[2026-01-16 04:43:44] [14 MB] [chunked_processor] save_job called
    DATA: Array
(
    [job_id] => 9ea24571-2779-49b2-a258-d9a7c63f4ea2
    [status] => running
)

[2026-01-16 04:43:44] [14 MB] [chunked_processor] Transient save result
    DATA: Array
(
    [option_name] => speed_backups_job_9ea24571-2779-49b2-a258-d9a7c63f4ea2
    [success] => YES
)

[2026-01-16 04:43:44] [14 MB] [chunked_processor] Option save result
    DATA: Array
(
    [option_name] => speed_backups_job_9ea24571-2779-49b2-a258-d9a7c63f4ea2
    [success] => YES
)

[2026-01-16 04:43:44] [14 MB] [chunked_processor] Save verification (direct DB)
    DATA: Array
(
    [verified] => YES
)

[2026-01-16 04:43:44] [14 MB] [chunked_processor] get_job called
    DATA: Array
(
    [job_id] => 9ea24571-2779-49b2-a258-d9a7c63f4ea2
)

[2026-01-16 04:43:44] [14 MB] [chunked_processor] Transient lookup result
    DATA: Array
(
    [option_name] => speed_backups_job_9ea24571-2779-49b2-a258-d9a7c63f4ea2
    [found] => YES
)

[2026-01-16 04:43:44] [14 MB] [chunked_processor] Job retrieved successfully
    DATA: Array
(
    [status] => running
    [type] => restore
)

[2026-01-16 04:43:44] [14 MB] [chunked_processor] get_job called
    DATA: Array
(
    [job_id] => 9ea24571-2779-49b2-a258-d9a7c63f4ea2
)

[2026-01-16 04:43:44] [14 MB] [chunked_processor] Transient lookup result
    DATA: Array
(
    [option_name] => speed_backups_job_9ea24571-2779-49b2-a258-d9a7c63f4ea2
    [found] => YES
)

[2026-01-16 04:43:44] [14 MB] [chunked_processor] Job retrieved successfully
    DATA: Array
(
    [status] => running
    [type] => restore
)

[2026-01-16 04:43:44] [14 MB] [ERROR_HANDLER] PHP error handlers registered
[2026-01-16 04:43:44] [14 MB] [FUNCTION] >>> ENTER: process_chunk
    DATA: Array
(
    [0] => job_id
)

[2026-01-16 04:43:44] [14 MB] [chunked_processor] get_job called
    DATA: Array
(
    [job_id] => 9ea24571-2779-49b2-a258-d9a7c63f4ea2
)

[2026-01-16 04:43:44] [14 MB] [chunked_processor] Transient lookup result
    DATA: Array
(
    [option_name] => speed_backups_job_9ea24571-2779-49b2-a258-d9a7c63f4ea2
    [found] => YES
)

[2026-01-16 04:43:44] [14 MB] [chunked_processor] Job retrieved successfully
    DATA: Array
(
    [status] => running
    [type] => restore
)

[2026-01-16 04:43:44] [14 MB] [JOB_STATE] Job 9ea24571-2779-49b2-a258-d9a7c63f4ea2 state
    DATA: Array
(
    [status] => running
    [type] => restore
    [phase] => extract
    [progress] => 94.535094535095
)

[2026-01-16 04:43:44] [14 MB] [chunked_processor] get_job called
    DATA: Array
(
    [job_id] => 9ea24571-2779-49b2-a258-d9a7c63f4ea2
)

[2026-01-16 04:43:44] [14 MB] [chunked_processor] Transient lookup result
    DATA: Array
(
    [option_name] => speed_backups_job_9ea24571-2779-49b2-a258-d9a7c63f4ea2
    [found] => YES
)

[2026-01-16 04:43:44] [14 MB] [chunked_processor] Job retrieved successfully
    DATA: Array
(
    [status] => running
    [type] => restore
)

[2026-01-16 04:43:44] [14 MB] [chunked_processor] get_job called
    DATA: Array
(
    [job_id] => 9ea24571-2779-49b2-a258-d9a7c63f4ea2
)

[2026-01-16 04:43:44] [14 MB] [chunked_processor] Transient lookup result
    DATA: Array
(
    [option_name] => speed_backups_job_9ea24571-2779-49b2-a258-d9a7c63f4ea2
    [found] => YES
)

[2026-01-16 04:43:44] [14 MB] [chunked_processor] Job retrieved successfully
    DATA: Array
(
    [status] => running
    [type] => restore
)

[2026-01-16 04:43:44] [14 MB] [chunked_processor] save_job called
    DATA: Array
(
    [job_id] => 9ea24571-2779-49b2-a258-d9a7c63f4ea2
    [status] => running
)

[2026-01-16 04:43:44] [14 MB] [chunked_processor] Transient save result
    DATA: Array
(
    [option_name] => speed_backups_job_9ea24571-2779-49b2-a258-d9a7c63f4ea2
    [success] => YES
)

[2026-01-16 04:43:44] [14 MB] [chunked_processor] Option save result
    DATA: Array
(
    [option_name] => speed_backups_job_9ea24571-2779-49b2-a258-d9a7c63f4ea2
    [success] => YES
)

[2026-01-16 04:43:44] [14 MB] [chunked_processor] Save verification (direct DB)
    DATA: Array
(
    [verified] => YES
)

[2026-01-16 04:43:44] [14 MB] [chunked_processor] get_job called
    DATA: Array
(
    [job_id] => 9ea24571-2779-49b2-a258-d9a7c63f4ea2
)

[2026-01-16 04:43:44] [14 MB] [chunked_processor] Transient lookup result
    DATA: Array
(
    [option_name] => speed_backups_job_9ea24571-2779-49b2-a258-d9a7c63f4ea2
    [found] => YES
)

[2026-01-16 04:43:44] [14 MB] [chunked_processor] Job retrieved successfully
    DATA: Array
(
    [status] => running
    [type] => restore
)

[2026-01-16 04:43:44] [14 MB] [chunked_processor] save_job called
    DATA: Array
(
    [job_id] => 9ea24571-2779-49b2-a258-d9a7c63f4ea2
    [status] => running
)

[2026-01-16 04:43:44] [14 MB] [chunked_processor] Transient save result
    DATA: Array
(
    [option_name] => speed_backups_job_9ea24571-2779-49b2-a258-d9a7c63f4ea2
    [success] => YES
)

[2026-01-16 04:43:44] [14 MB] [chunked_processor] Option save result
    DATA: Array
(
    [option_name] => speed_backups_job_9ea24571-2779-49b2-a258-d9a7c63f4ea2
    [success] => YES
)

[2026-01-16 04:43:44] [14 MB] [chunked_processor] Save verification (direct DB)
    DATA: Array
(
    [verified] => YES
)

[2026-01-16 04:43:44] [14 MB] [chunked_processor] get_job called
    DATA: Array
(
    [job_id] => 9ea24571-2779-49b2-a258-d9a7c63f4ea2
)

[2026-01-16 04:43:44] [14 MB] [chunked_processor] Transient lookup result
    DATA: Array
(
    [option_name] => speed_backups_job_9ea24571-2779-49b2-a258-d9a7c63f4ea2
    [found] => YES
)

[2026-01-16 04:43:44] [14 MB] [chunked_processor] Job retrieved successfully
    DATA: Array
(
    [status] => running
    [type] => restore
)

[2026-01-16 04:43:44] [14 MB] [chunked_processor] get_job called
    DATA: Array
(
    [job_id] => 9ea24571-2779-49b2-a258-d9a7c63f4ea2
)

[2026-01-16 04:43:44] [14 MB] [chunked_processor] Transient lookup result
    DATA: Array
(
    [option_name] => speed_backups_job_9ea24571-2779-49b2-a258-d9a7c63f4ea2
    [found] => YES
)

[2026-01-16 04:43:44] [14 MB] [chunked_processor] Job retrieved successfully
    DATA: Array
(
    [status] => running
    [type] => restore
)

[2026-01-16 04:43:44] [14 MB] [ERROR_HANDLER] PHP error handlers registered
[2026-01-16 04:43:45] [14 MB] [FUNCTION] >>> ENTER: process_chunk
    DATA: Array
(
    [0] => job_id
)

[2026-01-16 04:43:45] [14 MB] [chunked_processor] get_job called
    DATA: Array
(
    [job_id] => 9ea24571-2779-49b2-a258-d9a7c63f4ea2
)

[2026-01-16 04:43:45] [14 MB] [chunked_processor] Transient lookup result
    DATA: Array
(
    [option_name] => speed_backups_job_9ea24571-2779-49b2-a258-d9a7c63f4ea2
    [found] => YES
)

[2026-01-16 04:43:45] [14 MB] [chunked_processor] Job retrieved successfully
    DATA: Array
(
    [status] => running
    [type] => restore
)

[2026-01-16 04:43:45] [14 MB] [JOB_STATE] Job 9ea24571-2779-49b2-a258-d9a7c63f4ea2 state
    DATA: Array
(
    [status] => running
    [type] => restore
    [phase] => extract
    [progress] => 95.830095830096
)

[2026-01-16 04:43:45] [14 MB] [chunked_processor] get_job called
    DATA: Array
(
    [job_id] => 9ea24571-2779-49b2-a258-d9a7c63f4ea2
)

[2026-01-16 04:43:45] [14 MB] [chunked_processor] Transient lookup result
    DATA: Array
(
    [option_name] => speed_backups_job_9ea24571-2779-49b2-a258-d9a7c63f4ea2
    [found] => YES
)

[2026-01-16 04:43:45] [14 MB] [chunked_processor] Job retrieved successfully
    DATA: Array
(
    [status] => running
    [type] => restore
)

[2026-01-16 04:43:45] [14 MB] [chunked_processor] get_job called
    DATA: Array
(
    [job_id] => 9ea24571-2779-49b2-a258-d9a7c63f4ea2
)

[2026-01-16 04:43:45] [14 MB] [chunked_processor] Transient lookup result
    DATA: Array
(
    [option_name] => speed_backups_job_9ea24571-2779-49b2-a258-d9a7c63f4ea2
    [found] => YES
)

[2026-01-16 04:43:45] [14 MB] [chunked_processor] Job retrieved successfully
    DATA: Array
(
    [status] => running
    [type] => restore
)

[2026-01-16 04:43:45] [14 MB] [chunked_processor] save_job called
    DATA: Array
(
    [job_id] => 9ea24571-2779-49b2-a258-d9a7c63f4ea2
    [status] => running
)

[2026-01-16 04:43:45] [14 MB] [chunked_processor] Transient save result
    DATA: Array
(
    [option_name] => speed_backups_job_9ea24571-2779-49b2-a258-d9a7c63f4ea2
    [success] => YES
)

[2026-01-16 04:43:45] [14 MB] [chunked_processor] Option save result
    DATA: Array
(
    [option_name] => speed_backups_job_9ea24571-2779-49b2-a258-d9a7c63f4ea2
    [success] => YES
)

[2026-01-16 04:43:45] [14 MB] [chunked_processor] Save verification (direct DB)
    DATA: Array
(
    [verified] => YES
)

[2026-01-16 04:43:45] [14 MB] [chunked_processor] get_job called
    DATA: Array
(
    [job_id] => 9ea24571-2779-49b2-a258-d9a7c63f4ea2
)

[2026-01-16 04:43:45] [14 MB] [chunked_processor] Transient lookup result
    DATA: Array
(
    [option_name] => speed_backups_job_9ea24571-2779-49b2-a258-d9a7c63f4ea2
    [found] => YES
)

[2026-01-16 04:43:45] [14 MB] [chunked_processor] Job retrieved successfully
    DATA: Array
(
    [status] => running
    [type] => restore
)

[2026-01-16 04:43:45] [14 MB] [chunked_processor] save_job called
    DATA: Array
(
    [job_id] => 9ea24571-2779-49b2-a258-d9a7c63f4ea2
    [status] => running
)

[2026-01-16 04:43:45] [14 MB] [chunked_processor] Transient save result
    DATA: Array
(
    [option_name] => speed_backups_job_9ea24571-2779-49b2-a258-d9a7c63f4ea2
    [success] => YES
)

[2026-01-16 04:43:45] [14 MB] [chunked_processor] Option save result
    DATA: Array
(
    [option_name] => speed_backups_job_9ea24571-2779-49b2-a258-d9a7c63f4ea2
    [success] => YES
)

[2026-01-16 04:43:45] [14 MB] [chunked_processor] Save verification (direct DB)
    DATA: Array
(
    [verified] => YES
)

[2026-01-16 04:43:45] [14 MB] [chunked_processor] get_job called
    DATA: Array
(
    [job_id] => 9ea24571-2779-49b2-a258-d9a7c63f4ea2
)

[2026-01-16 04:43:45] [14 MB] [chunked_processor] Transient lookup result
    DATA: Array
(
    [option_name] => speed_backups_job_9ea24571-2779-49b2-a258-d9a7c63f4ea2
    [found] => YES
)

[2026-01-16 04:43:45] [14 MB] [chunked_processor] Job retrieved successfully
    DATA: Array
(
    [status] => running
    [type] => restore
)

[2026-01-16 04:43:45] [14 MB] [chunked_processor] get_job called
    DATA: Array
(
    [job_id] => 9ea24571-2779-49b2-a258-d9a7c63f4ea2
)

[2026-01-16 04:43:45] [14 MB] [chunked_processor] Transient lookup result
    DATA: Array
(
    [option_name] => speed_backups_job_9ea24571-2779-49b2-a258-d9a7c63f4ea2
    [found] => YES
)

[2026-01-16 04:43:45] [14 MB] [chunked_processor] Job retrieved successfully
    DATA: Array
(
    [status] => running
    [type] => restore
)

[2026-01-16 04:43:45] [14 MB] [ERROR_HANDLER] PHP error handlers registered
[2026-01-16 04:43:45] [14 MB] [FUNCTION] >>> ENTER: process_chunk
    DATA: Array
(
    [0] => job_id
)

[2026-01-16 04:43:45] [14 MB] [chunked_processor] get_job called
    DATA: Array
(
    [job_id] => 9ea24571-2779-49b2-a258-d9a7c63f4ea2
)

[2026-01-16 04:43:45] [14 MB] [chunked_processor] Transient lookup result
    DATA: Array
(
    [option_name] => speed_backups_job_9ea24571-2779-49b2-a258-d9a7c63f4ea2
    [found] => YES
)

[2026-01-16 04:43:45] [14 MB] [chunked_processor] Job retrieved successfully
    DATA: Array
(
    [status] => running
    [type] => restore
)

[2026-01-16 04:43:45] [14 MB] [JOB_STATE] Job 9ea24571-2779-49b2-a258-d9a7c63f4ea2 state
    DATA: Array
(
    [status] => running
    [type] => restore
    [phase] => extract
    [progress] => 97.125097125097
)

[2026-01-16 04:43:45] [14 MB] [chunked_processor] get_job called
    DATA: Array
(
    [job_id] => 9ea24571-2779-49b2-a258-d9a7c63f4ea2
)

[2026-01-16 04:43:45] [14 MB] [chunked_processor] Transient lookup result
    DATA: Array
(
    [option_name] => speed_backups_job_9ea24571-2779-49b2-a258-d9a7c63f4ea2
    [found] => YES
)

[2026-01-16 04:43:45] [14 MB] [chunked_processor] Job retrieved successfully
    DATA: Array
(
    [status] => running
    [type] => restore
)

[2026-01-16 04:43:45] [14 MB] [chunked_processor] get_job called
    DATA: Array
(
    [job_id] => 9ea24571-2779-49b2-a258-d9a7c63f4ea2
)

[2026-01-16 04:43:45] [14 MB] [chunked_processor] Transient lookup result
    DATA: Array
(
    [option_name] => speed_backups_job_9ea24571-2779-49b2-a258-d9a7c63f4ea2
    [found] => YES
)

[2026-01-16 04:43:45] [14 MB] [chunked_processor] Job retrieved successfully
    DATA: Array
(
    [status] => running
    [type] => restore
)

[2026-01-16 04:43:45] [14 MB] [chunked_processor] save_job called
    DATA: Array
(
    [job_id] => 9ea24571-2779-49b2-a258-d9a7c63f4ea2
    [status] => running
)

[2026-01-16 04:43:45] [14 MB] [chunked_processor] Transient save result
    DATA: Array
(
    [option_name] => speed_backups_job_9ea24571-2779-49b2-a258-d9a7c63f4ea2
    [success] => YES
)

[2026-01-16 04:43:45] [14 MB] [chunked_processor] Option save result
    DATA: Array
(
    [option_name] => speed_backups_job_9ea24571-2779-49b2-a258-d9a7c63f4ea2
    [success] => YES
)

[2026-01-16 04:43:45] [14 MB] [chunked_processor] Save verification (direct DB)
    DATA: Array
(
    [verified] => YES
)

[2026-01-16 04:43:45] [14 MB] [chunked_processor] get_job called
    DATA: Array
(
    [job_id] => 9ea24571-2779-49b2-a258-d9a7c63f4ea2
)

[2026-01-16 04:43:45] [14 MB] [chunked_processor] Transient lookup result
    DATA: Array
(
    [option_name] => speed_backups_job_9ea24571-2779-49b2-a258-d9a7c63f4ea2
    [found] => YES
)

[2026-01-16 04:43:45] [14 MB] [chunked_processor] Job retrieved successfully
    DATA: Array
(
    [status] => running
    [type] => restore
)

[2026-01-16 04:43:45] [14 MB] [chunked_processor] save_job called
    DATA: Array
(
    [job_id] => 9ea24571-2779-49b2-a258-d9a7c63f4ea2
    [status] => running
)

[2026-01-16 04:43:45] [14 MB] [chunked_processor] Transient save result
    DATA: Array
(
    [option_name] => speed_backups_job_9ea24571-2779-49b2-a258-d9a7c63f4ea2
    [success] => YES
)

[2026-01-16 04:43:45] [14 MB] [chunked_processor] Option save result
    DATA: Array
(
    [option_name] => speed_backups_job_9ea24571-2779-49b2-a258-d9a7c63f4ea2
    [success] => YES
)

[2026-01-16 04:43:45] [14 MB] [chunked_processor] Save verification (direct DB)
    DATA: Array
(
    [verified] => YES
)

[2026-01-16 04:43:45] [14 MB] [chunked_processor] get_job called
    DATA: Array
(
    [job_id] => 9ea24571-2779-49b2-a258-d9a7c63f4ea2
)

[2026-01-16 04:43:45] [14 MB] [chunked_processor] Transient lookup result
    DATA: Array
(
    [option_name] => speed_backups_job_9ea24571-2779-49b2-a258-d9a7c63f4ea2
    [found] => YES
)

[2026-01-16 04:43:45] [14 MB] [chunked_processor] Job retrieved successfully
    DATA: Array
(
    [status] => running
    [type] => restore
)

[2026-01-16 04:43:45] [14 MB] [chunked_processor] get_job called
    DATA: Array
(
    [job_id] => 9ea24571-2779-49b2-a258-d9a7c63f4ea2
)

[2026-01-16 04:43:45] [14 MB] [chunked_processor] Transient lookup result
    DATA: Array
(
    [option_name] => speed_backups_job_9ea24571-2779-49b2-a258-d9a7c63f4ea2
    [found] => YES
)

[2026-01-16 04:43:45] [14 MB] [chunked_processor] Job retrieved successfully
    DATA: Array
(
    [status] => running
    [type] => restore
)

[2026-01-16 04:43:45] [14 MB] [ERROR_HANDLER] PHP error handlers registered
[2026-01-16 04:43:46] [14 MB] [FUNCTION] >>> ENTER: process_chunk
    DATA: Array
(
    [0] => job_id
)

[2026-01-16 04:43:46] [14 MB] [chunked_processor] get_job called
    DATA: Array
(
    [job_id] => 9ea24571-2779-49b2-a258-d9a7c63f4ea2
)

[2026-01-16 04:43:46] [14 MB] [chunked_processor] Transient lookup result
    DATA: Array
(
    [option_name] => speed_backups_job_9ea24571-2779-49b2-a258-d9a7c63f4ea2
    [found] => YES
)

[2026-01-16 04:43:46] [14 MB] [chunked_processor] Job retrieved successfully
    DATA: Array
(
    [status] => running
    [type] => restore
)

[2026-01-16 04:43:46] [14 MB] [JOB_STATE] Job 9ea24571-2779-49b2-a258-d9a7c63f4ea2 state
    DATA: Array
(
    [status] => running
    [type] => restore
    [phase] => extract
    [progress] => 98.420098420098
)

[2026-01-16 04:43:46] [14 MB] [chunked_processor] get_job called
    DATA: Array
(
    [job_id] => 9ea24571-2779-49b2-a258-d9a7c63f4ea2
)

[2026-01-16 04:43:46] [14 MB] [chunked_processor] Transient lookup result
    DATA: Array
(
    [option_name] => speed_backups_job_9ea24571-2779-49b2-a258-d9a7c63f4ea2
    [found] => YES
)

[2026-01-16 04:43:46] [14 MB] [chunked_processor] Job retrieved successfully
    DATA: Array
(
    [status] => running
    [type] => restore
)

[2026-01-16 04:43:46] [14 MB] [chunked_processor] get_job called
    DATA: Array
(
    [job_id] => 9ea24571-2779-49b2-a258-d9a7c63f4ea2
)

[2026-01-16 04:43:46] [14 MB] [chunked_processor] Transient lookup result
    DATA: Array
(
    [option_name] => speed_backups_job_9ea24571-2779-49b2-a258-d9a7c63f4ea2
    [found] => YES
)

[2026-01-16 04:43:46] [14 MB] [chunked_processor] Job retrieved successfully
    DATA: Array
(
    [status] => running
    [type] => restore
)

[2026-01-16 04:43:46] [14 MB] [chunked_processor] save_job called
    DATA: Array
(
    [job_id] => 9ea24571-2779-49b2-a258-d9a7c63f4ea2
    [status] => running
)

[2026-01-16 04:43:46] [14 MB] [chunked_processor] Transient save result
    DATA: Array
(
    [option_name] => speed_backups_job_9ea24571-2779-49b2-a258-d9a7c63f4ea2
    [success] => YES
)

[2026-01-16 04:43:46] [14 MB] [chunked_processor] Option save result
    DATA: Array
(
    [option_name] => speed_backups_job_9ea24571-2779-49b2-a258-d9a7c63f4ea2
    [success] => YES
)

[2026-01-16 04:43:46] [14 MB] [chunked_processor] Save verification (direct DB)
    DATA: Array
(
    [verified] => YES
)

[2026-01-16 04:43:46] [14 MB] [chunked_processor] get_job called
    DATA: Array
(
    [job_id] => 9ea24571-2779-49b2-a258-d9a7c63f4ea2
)

[2026-01-16 04:43:46] [14 MB] [chunked_processor] Transient lookup result
    DATA: Array
(
    [option_name] => speed_backups_job_9ea24571-2779-49b2-a258-d9a7c63f4ea2
    [found] => YES
)

[2026-01-16 04:43:46] [14 MB] [chunked_processor] Job retrieved successfully
    DATA: Array
(
    [status] => running
    [type] => restore
)

[2026-01-16 04:43:46] [14 MB] [chunked_processor] save_job called
    DATA: Array
(
    [job_id] => 9ea24571-2779-49b2-a258-d9a7c63f4ea2
    [status] => running
)

[2026-01-16 04:43:46] [14 MB] [chunked_processor] Transient save result
    DATA: Array
(
    [option_name] => speed_backups_job_9ea24571-2779-49b2-a258-d9a7c63f4ea2
    [success] => YES
)

[2026-01-16 04:43:46] [14 MB] [chunked_processor] Option save result
    DATA: Array
(
    [option_name] => speed_backups_job_9ea24571-2779-49b2-a258-d9a7c63f4ea2
    [success] => YES
)

[2026-01-16 04:43:46] [14 MB] [chunked_processor] Save verification (direct DB)
    DATA: Array
(
    [verified] => YES
)

[2026-01-16 04:43:46] [14 MB] [chunked_processor] get_job called
    DATA: Array
(
    [job_id] => 9ea24571-2779-49b2-a258-d9a7c63f4ea2
)

[2026-01-16 04:43:46] [14 MB] [chunked_processor] Transient lookup result
    DATA: Array
(
    [option_name] => speed_backups_job_9ea24571-2779-49b2-a258-d9a7c63f4ea2
    [found] => YES
)

[2026-01-16 04:43:46] [14 MB] [chunked_processor] Job retrieved successfully
    DATA: Array
(
    [status] => running
    [type] => restore
)

[2026-01-16 04:43:46] [14 MB] [chunked_processor] save_job called
    DATA: Array
(
    [job_id] => 9ea24571-2779-49b2-a258-d9a7c63f4ea2
    [status] => running
)

[2026-01-16 04:43:46] [14 MB] [chunked_processor] Transient save result
    DATA: Array
(
    [option_name] => speed_backups_job_9ea24571-2779-49b2-a258-d9a7c63f4ea2
    [success] => YES
)

[2026-01-16 04:43:46] [14 MB] [chunked_processor] Option save result
    DATA: Array
(
    [option_name] => speed_backups_job_9ea24571-2779-49b2-a258-d9a7c63f4ea2
    [success] => YES
)

[2026-01-16 04:43:46] [14 MB] [chunked_processor] Save verification (direct DB)
    DATA: Array
(
    [verified] => YES
)

[2026-01-16 04:43:46] [14 MB] [chunked_processor] get_job called
    DATA: Array
(
    [job_id] => 9ea24571-2779-49b2-a258-d9a7c63f4ea2
)

[2026-01-16 04:43:46] [14 MB] [chunked_processor] Transient lookup result
    DATA: Array
(
    [option_name] => speed_backups_job_9ea24571-2779-49b2-a258-d9a7c63f4ea2
    [found] => YES
)

[2026-01-16 04:43:46] [14 MB] [chunked_processor] Job retrieved successfully
    DATA: Array
(
    [status] => running
    [type] => restore
)

[2026-01-16 04:43:46] [14 MB] [chunked_processor] save_job called
    DATA: Array
(
    [job_id] => 9ea24571-2779-49b2-a258-d9a7c63f4ea2
    [status] => running
)

[2026-01-16 04:43:46] [14 MB] [chunked_processor] Transient save result
    DATA: Array
(
    [option_name] => speed_backups_job_9ea24571-2779-49b2-a258-d9a7c63f4ea2
    [success] => YES
)

[2026-01-16 04:43:46] [14 MB] [chunked_processor] Option save result
    DATA: Array
(
    [option_name] => speed_backups_job_9ea24571-2779-49b2-a258-d9a7c63f4ea2
    [success] => YES
)

[2026-01-16 04:43:46] [14 MB] [chunked_processor] Save verification (direct DB)
    DATA: Array
(
    [verified] => YES
)

[2026-01-16 04:43:46] [14 MB] [chunked_processor] get_job called
    DATA: Array
(
    [job_id] => 9ea24571-2779-49b2-a258-d9a7c63f4ea2
)

[2026-01-16 04:43:46] [14 MB] [chunked_processor] Transient lookup result
    DATA: Array
(
    [option_name] => speed_backups_job_9ea24571-2779-49b2-a258-d9a7c63f4ea2
    [found] => YES
)

[2026-01-16 04:43:46] [14 MB] [chunked_processor] Job retrieved successfully
    DATA: Array
(
    [status] => running
    [type] => restore
)

[2026-01-16 04:43:46] [14 MB] [chunked_processor] get_job called
    DATA: Array
(
    [job_id] => 9ea24571-2779-49b2-a258-d9a7c63f4ea2
)

[2026-01-16 04:43:46] [14 MB] [chunked_processor] Transient lookup result
    DATA: Array
(
    [option_name] => speed_backups_job_9ea24571-2779-49b2-a258-d9a7c63f4ea2
    [found] => YES
)

[2026-01-16 04:43:46] [14 MB] [chunked_processor] Job retrieved successfully
    DATA: Array
(
    [status] => running
    [type] => restore
)

[2026-01-16 04:43:46] [14 MB] [ERROR_HANDLER] PHP error handlers registered
[2026-01-16 04:43:46] [14 MB] [FUNCTION] >>> ENTER: process_chunk
    DATA: Array
(
    [0] => job_id
)

[2026-01-16 04:43:46] [14 MB] [chunked_processor] get_job called
    DATA: Array
(
    [job_id] => 9ea24571-2779-49b2-a258-d9a7c63f4ea2
)

[2026-01-16 04:43:46] [14 MB] [chunked_processor] Transient lookup result
    DATA: Array
(
    [option_name] => speed_backups_job_9ea24571-2779-49b2-a258-d9a7c63f4ea2
    [found] => YES
)

[2026-01-16 04:43:46] [14 MB] [chunked_processor] Job retrieved successfully
    DATA: Array
(
    [status] => running
    [type] => restore
)

[2026-01-16 04:43:46] [14 MB] [JOB_STATE] Job 9ea24571-2779-49b2-a258-d9a7c63f4ea2 state
    DATA: Array
(
    [status] => running
    [type] => restore
    [phase] => database
    [progress] => 100
)

[2026-01-16 04:43:46] [14 MB] [FUNCTION] >>> ENTER: process_database
    DATA: Array
(
    [0] => job_id
)

[2026-01-16 04:43:46] [14 MB] [chunked_processor] get_job called
    DATA: Array
(
    [job_id] => 9ea24571-2779-49b2-a258-d9a7c63f4ea2
)

[2026-01-16 04:43:46] [14 MB] [chunked_processor] Transient lookup result
    DATA: Array
(
    [option_name] => speed_backups_job_9ea24571-2779-49b2-a258-d9a7c63f4ea2
    [found] => YES
)

[2026-01-16 04:43:46] [14 MB] [chunked_processor] Job retrieved successfully
    DATA: Array
(
    [status] => running
    [type] => restore
)

[2026-01-16 04:43:46] [14 MB] [JOB_STATE] Job 9ea24571-2779-49b2-a258-d9a7c63f4ea2 state
    DATA: Array
(
    [status] => running
    [type] => restore
    [phase] => database
    [progress] => 100
)

[2026-01-16 04:43:46] [14 MB] [process_database] State retrieved
    DATA: Array
(
    [phase] => database
    [temp_dir] => /opt/bitnami/wordpress/wp-content/uploads/speed-backups/temp/restore-9ea24571-2779-49b2-a258-d9a7c63f4ea2
)

[2026-01-16 04:43:46] [14 MB] [chunked_processor] get_job called
    DATA: Array
(
    [job_id] => 9ea24571-2779-49b2-a258-d9a7c63f4ea2
)

[2026-01-16 04:43:46] [14 MB] [chunked_processor] Transient lookup result
    DATA: Array
(
    [option_name] => speed_backups_job_9ea24571-2779-49b2-a258-d9a7c63f4ea2
    [found] => YES
)

[2026-01-16 04:43:46] [14 MB] [chunked_processor] Job retrieved successfully
    DATA: Array
(
    [status] => running
    [type] => restore
)

[2026-01-16 04:43:46] [14 MB] [chunked_processor] save_job called
    DATA: Array
(
    [job_id] => 9ea24571-2779-49b2-a258-d9a7c63f4ea2
    [status] => running
)

[2026-01-16 04:43:46] [14 MB] [chunked_processor] Transient save result
    DATA: Array
(
    [option_name] => speed_backups_job_9ea24571-2779-49b2-a258-d9a7c63f4ea2
    [success] => YES
)

[2026-01-16 04:43:46] [14 MB] [chunked_processor] Option save result
    DATA: Array
(
    [option_name] => speed_backups_job_9ea24571-2779-49b2-a258-d9a7c63f4ea2
    [success] => YES
)

[2026-01-16 04:43:46] [14 MB] [chunked_processor] Save verification (direct DB)
    DATA: Array
(
    [verified] => YES
)

[2026-01-16 04:43:46] [14 MB] [process_database] Database file path: /opt/bitnami/wordpress/wp-content/uploads/speed-backups/temp/restore-9ea24571-2779-49b2-a258-d9a7c63f4ea2/database.sql
[2026-01-16 04:43:46] [14 MB] [process_database] Database file exists: YES
[2026-01-16 04:43:46] [14 MB] [process_database] Database file size: 31741143 bytes
[2026-01-16 04:43:46] [14 MB] [process_database] Job backup file path: /opt/bitnami/wordpress/wp-content/uploads/speed-backups/temp/restore-9ea24571-2779-49b2-a258-d9a7c63f4ea2/job_data.json
[2026-01-16 04:43:46] [14 MB] [chunked_processor] get_job called
    DATA: Array
(
    [job_id] => 9ea24571-2779-49b2-a258-d9a7c63f4ea2
)

[2026-01-16 04:43:46] [14 MB] [chunked_processor] Transient lookup result
    DATA: Array
(
    [option_name] => speed_backups_job_9ea24571-2779-49b2-a258-d9a7c63f4ea2
    [found] => YES
)

[2026-01-16 04:43:46] [14 MB] [chunked_processor] Job retrieved successfully
    DATA: Array
(
    [status] => running
    [type] => restore
)

[2026-01-16 04:43:46] [14 MB] [process_database] Job data retrieved for backup
    DATA: Array
(
    [job_exists] => YES
    [job_id] => 9ea24571-2779-49b2-a258-d9a7c63f4ea2
)

[2026-01-16 04:43:46] [14 MB] [process_database] Job JSON encoded
    DATA: Array
(
    [json_length] => 1725
    [json_valid] => YES
    [json_error] => No error
)

[2026-01-16 04:43:46] [14 MB] [process_database] Job data written to file
    DATA: Array
(
    [bytes_written] => 1725
    [file_exists] => YES
)

[2026-01-16 04:43:46] [14 MB] [process_database] Table prefix info
    DATA: Array
(
    [old_prefix] => wp_
    [new_prefix] => wp_
)

[2026-01-16 04:43:46] [14 MB] [process_database] >>> STARTING DATABASE IMPORT <<<
[2026-01-16 04:43:46] [14 MB] [FUNCTION] >>> ENTER: import_database
    DATA: Array
(
    [0] => file_path
    [1] => old_prefix
    [2] => new_prefix
)

[2026-01-16 04:43:46] [14 MB] [import_database] Database file found, size: 31741143 bytes
[2026-01-16 04:43:46] [14 MB] [import_database] Prefix replacement
    DATA: Array
(
    [old] => wp_
    [new] => wp_
)

[2026-01-16 04:43:46] [14 MB] [import_database] Current SQL mode
    DATA: Array
(
    [sql_mode] => ERROR_FOR_DIVISION_BY_ZERO,NO_AUTO_CREATE_USER,NO_ENGINE_SUBSTITUTION
)

[2026-01-16 04:43:46] [14 MB] [import_database] Starting query execution loop
[2026-01-16 04:43:47] [16 MB] [import_database] Import progress
    DATA: Array
(
    [lines_processed] => 1000
    [queries_executed] => 49
    [errors_count] => 0
)

[2026-01-16 04:43:48] [16 MB] [import_database] Import progress
    DATA: Array
(
    [lines_processed] => 2000
    [queries_executed] => 59
    [errors_count] => 0
)

[2026-01-16 04:43:50] [18 MB] [import_database] Import progress
    DATA: Array
(
    [lines_processed] => 3000
    [queries_executed] => 69
    [errors_count] => 0
)

[2026-01-16 04:43:51] [18 MB] [import_database] Import progress
    DATA: Array
(
    [lines_processed] => 4000
    [queries_executed] => 79
    [errors_count] => 0
)

[2026-01-16 04:43:54] [16 MB] [import_database] Import progress
    DATA: Array
(
    [lines_processed] => 6000
    [queries_executed] => 138
    [errors_count] => 0
)

[2026-01-16 04:43:54] [16 MB] [import_database] Import progress
    DATA: Array
(
    [lines_processed] => 7000
    [queries_executed] => 148
    [errors_count] => 0
)

[2026-01-16 04:43:54] [16 MB] [import_database] Import progress
    DATA: Array
(
    [lines_processed] => 8000
    [queries_executed] => 158
    [errors_count] => 0
)

[2026-01-16 04:43:54] [16 MB] [import_database] Import progress
    DATA: Array
(
    [lines_processed] => 9000
    [queries_executed] => 168
    [errors_count] => 0
)

[2026-01-16 04:43:54] [16 MB] [import_database] Import progress
    DATA: Array
(
    [lines_processed] => 10000
    [queries_executed] => 177
    [errors_count] => 0
)

[2026-01-16 04:43:54] [16 MB] [import_database] Import progress
    DATA: Array
(
    [lines_processed] => 11000
    [queries_executed] => 187
    [errors_count] => 0
)

[2026-01-16 04:43:54] [16 MB] [import_database] Import progress
    DATA: Array
(
    [lines_processed] => 12000
    [queries_executed] => 197
    [errors_count] => 0
)

[2026-01-16 04:43:54] [16 MB] [import_database] Import progress
    DATA: Array
(
    [lines_processed] => 13000
    [queries_executed] => 207
    [errors_count] => 0
)

[2026-01-16 04:43:54] [16 MB] [import_database] Import progress
    DATA: Array
(
    [lines_processed] => 14000
    [queries_executed] => 217
    [errors_count] => 0
)

[2026-01-16 04:43:54] [16 MB] [import_database] Import progress
    DATA: Array
(
    [lines_processed] => 15000
    [queries_executed] => 227
    [errors_count] => 0
)

[2026-01-16 04:43:54] [16 MB] [import_database] Import progress
    DATA: Array
(
    [lines_processed] => 16000
    [queries_executed] => 239
    [errors_count] => 0
)

[2026-01-16 04:43:54] [16 MB] [import_database] Import progress
    DATA: Array
(
    [lines_processed] => 17000
    [queries_executed] => 249
    [errors_count] => 0
)

[2026-01-16 04:43:55] [16 MB] [import_database] Import progress
    DATA: Array
(
    [lines_processed] => 18000
    [queries_executed] => 266
    [errors_count] => 0
)

[2026-01-16 04:43:55] [16 MB] [import_database] Import progress
    DATA: Array
(
    [lines_processed] => 19000
    [queries_executed] => 276
    [errors_count] => 0
)

[2026-01-16 04:43:55] [16 MB] [import_database] Import progress
    DATA: Array
(
    [lines_processed] => 20000
    [queries_executed] => 286
    [errors_count] => 0
)

[2026-01-16 04:43:55] [16 MB] [import_database] Import progress
    DATA: Array
(
    [lines_processed] => 21000
    [queries_executed] => 296
    [errors_count] => 0
)

[2026-01-16 04:43:55] [16 MB] [import_database] Import progress
    DATA: Array
(
    [lines_processed] => 22000
    [queries_executed] => 306
    [errors_count] => 0
)

[2026-01-16 04:43:55] [16 MB] [import_database] Import progress
    DATA: Array
(
    [lines_processed] => 23000
    [queries_executed] => 316
    [errors_count] => 0
)

[2026-01-16 04:43:55] [16 MB] [import_database] Import progress
    DATA: Array
(
    [lines_processed] => 24000
    [queries_executed] => 326
    [errors_count] => 0
)

[2026-01-16 04:43:55] [16 MB] [import_database] Import progress
    DATA: Array
(
    [lines_processed] => 25000
    [queries_executed] => 336
    [errors_count] => 0
)

[2026-01-16 04:43:55] [16 MB] [import_database] Import progress
    DATA: Array
(
    [lines_processed] => 26000
    [queries_executed] => 345
    [errors_count] => 0
)

[2026-01-16 04:43:55] [16 MB] [import_database] Import progress
    DATA: Array
(
    [lines_processed] => 27000
    [queries_executed] => 355
    [errors_count] => 0
)

[2026-01-16 04:43:56] [16 MB] [import_database] Import progress
    DATA: Array
(
    [lines_processed] => 28000
    [queries_executed] => 392
    [errors_count] => 0
)

[2026-01-16 04:43:56] [16 MB] [import_database] Import progress
    DATA: Array
(
    [lines_processed] => 29000
    [queries_executed] => 413
    [errors_count] => 0
)

[2026-01-16 04:43:56] [16 MB] [import_database] Database import completed
    DATA: Array
(
    [total_lines] => 29213
    [queries_executed] => 424
    [errors_count] => 0
    [drop_table_count] => 56
    [create_table_count] => 56
    [insert_count] => 300
)

[2026-01-16 04:43:56] [16 MB] [import_database] Elementor data check after import
    DATA: Array
(
    [post_id] => 16
    [data_length] => 5192
    [json_valid] => YES
    [json_error] => none
    [first_100] => [{"id":"1a5439f4","elType":"container","settings":{"structure":"30","min_height":{"unit":"px","size"
    [last_100] => ,"_flex_align_self":"center"},"elements":[],"widgetType":"icon"}],"isInner":true}],"isInner":false}]
)

[2026-01-16 04:43:56] [16 MB] [import_database] Elementor dynamic tags check
    DATA: Array
(
    [has_dynamic_key] => YES
    [has_tag_string] => YES
)

[2026-01-16 04:43:56] [16 MB] [FUNCTION] <<< EXIT: import_database
[2026-01-16 04:43:56] [16 MB] [process_database] >>> DATABASE IMPORT COMPLETED <<<
    DATA: Array
(
    [success] => YES
    [queries_executed] => 424
    [errors_count] => 0
)

[2026-01-16 04:43:56] [16 MB] [process_database] Checking job backup file after import
    DATA: Array
(
    [file_exists] => YES
)

[2026-01-16 04:43:56] [16 MB] [process_database] Job file contents read
    DATA: Array
(
    [contents_length] => 1725
)

[2026-01-16 04:43:56] [16 MB] [process_database] Job data decoded from JSON
    DATA: Array
(
    [is_array] => YES
    [json_error] => No error
)

[2026-01-16 04:43:56] [16 MB] [process_database] WordPress object cache flushed after database import
[2026-01-16 04:43:56] [16 MB] [process_database] Saving job data to newly imported database (direct)
    DATA: Array
(
    [job_id] => 9ea24571-2779-49b2-a258-d9a7c63f4ea2
)

[2026-01-16 04:43:56] [16 MB] [chunked_processor] save_job_direct called (bypassing cache)
    DATA: Array
(
    [job_id] => 9ea24571-2779-49b2-a258-d9a7c63f4ea2
)

[2026-01-16 04:43:56] [16 MB] [chunked_processor] Direct DB insert result
    DATA: Array
(
    [success] => YES
    [error] => 
)

[2026-01-16 04:43:56] [16 MB] [chunked_processor] get_job called
    DATA: Array
(
    [job_id] => 9ea24571-2779-49b2-a258-d9a7c63f4ea2
)

[2026-01-16 04:43:56] [16 MB] [chunked_processor] Transient lookup result
    DATA: Array
(
    [option_name] => speed_backups_job_9ea24571-2779-49b2-a258-d9a7c63f4ea2
    [found] => NO
)

[2026-01-16 04:43:56] [16 MB] [chunked_processor] Option lookup result
    DATA: Array
(
    [option_name] => speed_backups_job_9ea24571-2779-49b2-a258-d9a7c63f4ea2
    [found] => YES
)

[2026-01-16 04:43:56] [16 MB] [chunked_processor] Job retrieved successfully
    DATA: Array
(
    [status] => running
    [type] => restore
)

[2026-01-16 04:43:56] [16 MB] [process_database] Job verification after save
    DATA: Array
(
    [job_exists] => YES
    [job_status] => running
)

[2026-01-16 04:43:56] [16 MB] [chunked_processor] get_job called
    DATA: Array
(
    [job_id] => 9ea24571-2779-49b2-a258-d9a7c63f4ea2
)

[2026-01-16 04:43:56] [16 MB] [chunked_processor] Transient lookup result
    DATA: Array
(
    [option_name] => speed_backups_job_9ea24571-2779-49b2-a258-d9a7c63f4ea2
    [found] => NO
)

[2026-01-16 04:43:56] [16 MB] [chunked_processor] Option lookup result
    DATA: Array
(
    [option_name] => speed_backups_job_9ea24571-2779-49b2-a258-d9a7c63f4ea2
    [found] => YES
)

[2026-01-16 04:43:56] [16 MB] [chunked_processor] Job retrieved successfully
    DATA: Array
(
    [status] => running
    [type] => restore
)

[2026-01-16 04:43:56] [16 MB] [chunked_processor] save_job called
    DATA: Array
(
    [job_id] => 9ea24571-2779-49b2-a258-d9a7c63f4ea2
    [status] => running
)

[2026-01-16 04:43:56] [16 MB] [chunked_processor] Transient save result
    DATA: Array
(
    [option_name] => speed_backups_job_9ea24571-2779-49b2-a258-d9a7c63f4ea2
    [success] => YES
)

[2026-01-16 04:43:56] [16 MB] [chunked_processor] Option save result
    DATA: Array
(
    [option_name] => speed_backups_job_9ea24571-2779-49b2-a258-d9a7c63f4ea2
    [success] => YES
)

[2026-01-16 04:43:56] [16 MB] [chunked_processor] Save verification (direct DB)
    DATA: Array
(
    [verified] => YES
)

[2026-01-16 04:43:56] [16 MB] [chunked_processor] get_job called
    DATA: Array
(
    [job_id] => 9ea24571-2779-49b2-a258-d9a7c63f4ea2
)

[2026-01-16 04:43:56] [16 MB] [chunked_processor] Transient lookup result
    DATA: Array
(
    [option_name] => speed_backups_job_9ea24571-2779-49b2-a258-d9a7c63f4ea2
    [found] => YES
)

[2026-01-16 04:43:56] [16 MB] [chunked_processor] Job retrieved successfully
    DATA: Array
(
    [status] => running
    [type] => restore
)

[2026-01-16 04:43:56] [16 MB] [chunked_processor] save_job called
    DATA: Array
(
    [job_id] => 9ea24571-2779-49b2-a258-d9a7c63f4ea2
    [status] => running
)

[2026-01-16 04:43:56] [16 MB] [chunked_processor] Transient save result
    DATA: Array
(
    [option_name] => speed_backups_job_9ea24571-2779-49b2-a258-d9a7c63f4ea2
    [success] => YES
)

[2026-01-16 04:43:56] [16 MB] [chunked_processor] Option save result
    DATA: Array
(
    [option_name] => speed_backups_job_9ea24571-2779-49b2-a258-d9a7c63f4ea2
    [success] => YES
)

[2026-01-16 04:43:56] [16 MB] [chunked_processor] Save verification (direct DB)
    DATA: Array
(
    [verified] => YES
)

[2026-01-16 04:43:56] [16 MB] [chunked_processor] get_job called
    DATA: Array
(
    [job_id] => 9ea24571-2779-49b2-a258-d9a7c63f4ea2
)

[2026-01-16 04:43:56] [16 MB] [chunked_processor] Transient lookup result
    DATA: Array
(
    [option_name] => speed_backups_job_9ea24571-2779-49b2-a258-d9a7c63f4ea2
    [found] => YES
)

[2026-01-16 04:43:56] [16 MB] [chunked_processor] Job retrieved successfully
    DATA: Array
(
    [status] => running
    [type] => restore
)

[2026-01-16 04:43:56] [16 MB] [chunked_processor] save_job called
    DATA: Array
(
    [job_id] => 9ea24571-2779-49b2-a258-d9a7c63f4ea2
    [status] => running
)

[2026-01-16 04:43:56] [16 MB] [chunked_processor] Transient save result
    DATA: Array
(
    [option_name] => speed_backups_job_9ea24571-2779-49b2-a258-d9a7c63f4ea2
    [success] => YES
)

[2026-01-16 04:43:56] [16 MB] [chunked_processor] Option save result
    DATA: Array
(
    [option_name] => speed_backups_job_9ea24571-2779-49b2-a258-d9a7c63f4ea2
    [success] => YES
)

[2026-01-16 04:43:56] [16 MB] [chunked_processor] Save verification (direct DB)
    DATA: Array
(
    [verified] => YES
)

[2026-01-16 04:43:56] [16 MB] [chunked_processor] get_job called
    DATA: Array
(
    [job_id] => 9ea24571-2779-49b2-a258-d9a7c63f4ea2
)

[2026-01-16 04:43:56] [16 MB] [chunked_processor] Transient lookup result
    DATA: Array
(
    [option_name] => speed_backups_job_9ea24571-2779-49b2-a258-d9a7c63f4ea2
    [found] => YES
)

[2026-01-16 04:43:56] [16 MB] [chunked_processor] Job retrieved successfully
    DATA: Array
(
    [status] => running
    [type] => restore
)

[2026-01-16 04:43:56] [16 MB] [chunked_processor] get_job called
    DATA: Array
(
    [job_id] => 9ea24571-2779-49b2-a258-d9a7c63f4ea2
)

[2026-01-16 04:43:56] [16 MB] [chunked_processor] Transient lookup result
    DATA: Array
(
    [option_name] => speed_backups_job_9ea24571-2779-49b2-a258-d9a7c63f4ea2
    [found] => YES
)

[2026-01-16 04:43:56] [16 MB] [chunked_processor] Job retrieved successfully
    DATA: Array
(
    [status] => running
    [type] => restore
)

[2026-01-16 04:43:57] [14 MB] [ERROR_HANDLER] PHP error handlers registered
[2026-01-16 04:43:57] [14 MB] [FUNCTION] >>> ENTER: process_chunk
    DATA: Array
(
    [0] => job_id
)

[2026-01-16 04:43:57] [14 MB] [chunked_processor] get_job called
    DATA: Array
(
    [job_id] => 9ea24571-2779-49b2-a258-d9a7c63f4ea2
)

[2026-01-16 04:43:57] [14 MB] [chunked_processor] Transient lookup result
    DATA: Array
(
    [option_name] => speed_backups_job_9ea24571-2779-49b2-a258-d9a7c63f4ea2
    [found] => YES
)

[2026-01-16 04:43:57] [14 MB] [chunked_processor] Job retrieved successfully
    DATA: Array
(
    [status] => running
    [type] => restore
)

[2026-01-16 04:43:57] [14 MB] [JOB_STATE] Job 9ea24571-2779-49b2-a258-d9a7c63f4ea2 state
    DATA: Array
(
    [status] => running
    [type] => restore
    [phase] => files
    [progress] => 100
)

[2026-01-16 04:43:57] [14 MB] [chunked_processor] get_job called
    DATA: Array
(
    [job_id] => 9ea24571-2779-49b2-a258-d9a7c63f4ea2
)

[2026-01-16 04:43:57] [14 MB] [chunked_processor] Transient lookup result
    DATA: Array
(
    [option_name] => speed_backups_job_9ea24571-2779-49b2-a258-d9a7c63f4ea2
    [found] => YES
)

[2026-01-16 04:43:57] [14 MB] [chunked_processor] Job retrieved successfully
    DATA: Array
(
    [status] => running
    [type] => restore
)

[2026-01-16 04:43:57] [14 MB] [chunked_processor] get_job called
    DATA: Array
(
    [job_id] => 9ea24571-2779-49b2-a258-d9a7c63f4ea2
)

[2026-01-16 04:43:57] [14 MB] [chunked_processor] Transient lookup result
    DATA: Array
(
    [option_name] => speed_backups_job_9ea24571-2779-49b2-a258-d9a7c63f4ea2
    [found] => YES
)

[2026-01-16 04:43:57] [14 MB] [chunked_processor] Job retrieved successfully
    DATA: Array
(
    [status] => running
    [type] => restore
)

[2026-01-16 04:43:57] [14 MB] [chunked_processor] save_job called
    DATA: Array
(
    [job_id] => 9ea24571-2779-49b2-a258-d9a7c63f4ea2
    [status] => running
)

[2026-01-16 04:43:57] [14 MB] [chunked_processor] Transient save result
    DATA: Array
(
    [option_name] => speed_backups_job_9ea24571-2779-49b2-a258-d9a7c63f4ea2
    [success] => YES
)

[2026-01-16 04:43:57] [14 MB] [chunked_processor] Option save result
    DATA: Array
(
    [option_name] => speed_backups_job_9ea24571-2779-49b2-a258-d9a7c63f4ea2
    [success] => YES
)

[2026-01-16 04:43:57] [14 MB] [chunked_processor] Save verification (direct DB)
    DATA: Array
(
    [verified] => YES
)

[2026-01-16 04:44:13] [14 MB] [chunked_processor] get_job called
    DATA: Array
(
    [job_id] => 9ea24571-2779-49b2-a258-d9a7c63f4ea2
)

[2026-01-16 04:44:13] [14 MB] [chunked_processor] Transient lookup result
    DATA: Array
(
    [option_name] => speed_backups_job_9ea24571-2779-49b2-a258-d9a7c63f4ea2
    [found] => YES
)

[2026-01-16 04:44:13] [14 MB] [chunked_processor] Job retrieved successfully
    DATA: Array
(
    [status] => running
    [type] => restore
)

[2026-01-16 04:44:13] [14 MB] [chunked_processor] save_job called
    DATA: Array
(
    [job_id] => 9ea24571-2779-49b2-a258-d9a7c63f4ea2
    [status] => running
)

[2026-01-16 04:44:13] [14 MB] [chunked_processor] Transient save result
    DATA: Array
(
    [option_name] => speed_backups_job_9ea24571-2779-49b2-a258-d9a7c63f4ea2
    [success] => YES
)

[2026-01-16 04:44:13] [14 MB] [chunked_processor] Option save result
    DATA: Array
(
    [option_name] => speed_backups_job_9ea24571-2779-49b2-a258-d9a7c63f4ea2
    [success] => YES
)

[2026-01-16 04:44:13] [14 MB] [chunked_processor] Save verification (direct DB)
    DATA: Array
(
    [verified] => YES
)

[2026-01-16 04:44:13] [14 MB] [chunked_processor] get_job called
    DATA: Array
(
    [job_id] => 9ea24571-2779-49b2-a258-d9a7c63f4ea2
)

[2026-01-16 04:44:13] [14 MB] [chunked_processor] Transient lookup result
    DATA: Array
(
    [option_name] => speed_backups_job_9ea24571-2779-49b2-a258-d9a7c63f4ea2
    [found] => YES
)

[2026-01-16 04:44:13] [14 MB] [chunked_processor] Job retrieved successfully
    DATA: Array
(
    [status] => running
    [type] => restore
)

[2026-01-16 04:44:13] [14 MB] [chunked_processor] save_job called
    DATA: Array
(
    [job_id] => 9ea24571-2779-49b2-a258-d9a7c63f4ea2
    [status] => running
)

[2026-01-16 04:44:13] [14 MB] [chunked_processor] Transient save result
    DATA: Array
(
    [option_name] => speed_backups_job_9ea24571-2779-49b2-a258-d9a7c63f4ea2
    [success] => YES
)

[2026-01-16 04:44:13] [14 MB] [chunked_processor] Option save result
    DATA: Array
(
    [option_name] => speed_backups_job_9ea24571-2779-49b2-a258-d9a7c63f4ea2
    [success] => YES
)

[2026-01-16 04:44:13] [14 MB] [chunked_processor] Save verification (direct DB)
    DATA: Array
(
    [verified] => YES
)

[2026-01-16 04:44:13] [14 MB] [chunked_processor] get_job called
    DATA: Array
(
    [job_id] => 9ea24571-2779-49b2-a258-d9a7c63f4ea2
)

[2026-01-16 04:44:13] [14 MB] [chunked_processor] Transient lookup result
    DATA: Array
(
    [option_name] => speed_backups_job_9ea24571-2779-49b2-a258-d9a7c63f4ea2
    [found] => YES
)

[2026-01-16 04:44:13] [14 MB] [chunked_processor] Job retrieved successfully
    DATA: Array
(
    [status] => running
    [type] => restore
)

[2026-01-16 04:44:13] [14 MB] [chunked_processor] save_job called
    DATA: Array
(
    [job_id] => 9ea24571-2779-49b2-a258-d9a7c63f4ea2
    [status] => running
)

[2026-01-16 04:44:13] [14 MB] [chunked_processor] Transient save result
    DATA: Array
(
    [option_name] => speed_backups_job_9ea24571-2779-49b2-a258-d9a7c63f4ea2
    [success] => YES
)

[2026-01-16 04:44:13] [14 MB] [chunked_processor] Option save result
    DATA: Array
(
    [option_name] => speed_backups_job_9ea24571-2779-49b2-a258-d9a7c63f4ea2
    [success] => YES
)

[2026-01-16 04:44:13] [14 MB] [chunked_processor] Save verification (direct DB)
    DATA: Array
(
    [verified] => YES
)

[2026-01-16 04:44:13] [14 MB] [chunked_processor] get_job called
    DATA: Array
(
    [job_id] => 9ea24571-2779-49b2-a258-d9a7c63f4ea2
)

[2026-01-16 04:44:13] [14 MB] [chunked_processor] Transient lookup result
    DATA: Array
(
    [option_name] => speed_backups_job_9ea24571-2779-49b2-a258-d9a7c63f4ea2
    [found] => YES
)

[2026-01-16 04:44:13] [14 MB] [chunked_processor] Job retrieved successfully
    DATA: Array
(
    [status] => running
    [type] => restore
)

[2026-01-16 04:44:13] [14 MB] [chunked_processor] get_job called
    DATA: Array
(
    [job_id] => 9ea24571-2779-49b2-a258-d9a7c63f4ea2
)

[2026-01-16 04:44:13] [14 MB] [chunked_processor] Transient lookup result
    DATA: Array
(
    [option_name] => speed_backups_job_9ea24571-2779-49b2-a258-d9a7c63f4ea2
    [found] => YES
)

[2026-01-16 04:44:13] [14 MB] [chunked_processor] Job retrieved successfully
    DATA: Array
(
    [status] => running
    [type] => restore
)

[2026-01-16 04:44:14] [14 MB] [ERROR_HANDLER] PHP error handlers registered
[2026-01-16 04:44:14] [14 MB] [FUNCTION] >>> ENTER: process_chunk
    DATA: Array
(
    [0] => job_id
)

[2026-01-16 04:44:14] [14 MB] [chunked_processor] get_job called
    DATA: Array
(
    [job_id] => 9ea24571-2779-49b2-a258-d9a7c63f4ea2
)

[2026-01-16 04:44:14] [14 MB] [chunked_processor] Transient lookup result
    DATA: Array
(
    [option_name] => speed_backups_job_9ea24571-2779-49b2-a258-d9a7c63f4ea2
    [found] => YES
)

[2026-01-16 04:44:14] [14 MB] [chunked_processor] Job retrieved successfully
    DATA: Array
(
    [status] => running
    [type] => restore
)

[2026-01-16 04:44:14] [14 MB] [JOB_STATE] Job 9ea24571-2779-49b2-a258-d9a7c63f4ea2 state
    DATA: Array
(
    [status] => running
    [type] => restore
    [phase] => finalize
    [progress] => 100
)

[2026-01-16 04:44:14] [14 MB] [chunked_processor] get_job called
    DATA: Array
(
    [job_id] => 9ea24571-2779-49b2-a258-d9a7c63f4ea2
)

[2026-01-16 04:44:14] [14 MB] [chunked_processor] Transient lookup result
    DATA: Array
(
    [option_name] => speed_backups_job_9ea24571-2779-49b2-a258-d9a7c63f4ea2
    [found] => YES
)

[2026-01-16 04:44:14] [14 MB] [chunked_processor] Job retrieved successfully
    DATA: Array
(
    [status] => running
    [type] => restore
)

[2026-01-16 04:44:14] [14 MB] [chunked_processor] get_job called
    DATA: Array
(
    [job_id] => 9ea24571-2779-49b2-a258-d9a7c63f4ea2
)

[2026-01-16 04:44:14] [14 MB] [chunked_processor] Transient lookup result
    DATA: Array
(
    [option_name] => speed_backups_job_9ea24571-2779-49b2-a258-d9a7c63f4ea2
    [found] => YES
)

[2026-01-16 04:44:14] [14 MB] [chunked_processor] Job retrieved successfully
    DATA: Array
(
    [status] => running
    [type] => restore
)

[2026-01-16 04:44:14] [14 MB] [chunked_processor] save_job called
    DATA: Array
(
    [job_id] => 9ea24571-2779-49b2-a258-d9a7c63f4ea2
    [status] => running
)

[2026-01-16 04:44:14] [14 MB] [chunked_processor] Transient save result
    DATA: Array
(
    [option_name] => speed_backups_job_9ea24571-2779-49b2-a258-d9a7c63f4ea2
    [success] => YES
)

[2026-01-16 04:44:14] [14 MB] [chunked_processor] Option save result
    DATA: Array
(
    [option_name] => speed_backups_job_9ea24571-2779-49b2-a258-d9a7c63f4ea2
    [success] => YES
)

[2026-01-16 04:44:14] [14 MB] [chunked_processor] Save verification (direct DB)
    DATA: Array
(
    [verified] => YES
)

[2026-01-16 04:44:14] [14 MB] [process_finalize] Recovery mode and cache data cleared
[2026-01-16 04:44:14] [14 MB] [process_finalize] Elementor cache cleared and data validated
    DATA: Array
(
    [valid_posts] => 5
    [invalid_posts] => 0
)

[2026-01-16 04:44:14] [14 MB] [chunked_processor] get_job called
    DATA: Array
(
    [job_id] => 9ea24571-2779-49b2-a258-d9a7c63f4ea2
)

[2026-01-16 04:44:14] [14 MB] [chunked_processor] Transient lookup result
    DATA: Array
(
    [option_name] => speed_backups_job_9ea24571-2779-49b2-a258-d9a7c63f4ea2
    [found] => NO
)

[2026-01-16 04:44:14] [14 MB] [chunked_processor] Option lookup result
    DATA: Array
(
    [option_name] => speed_backups_job_9ea24571-2779-49b2-a258-d9a7c63f4ea2
    [found] => YES
)

[2026-01-16 04:44:14] [14 MB] [chunked_processor] Job retrieved successfully
    DATA: Array
(
    [status] => running
    [type] => restore
)

[2026-01-16 04:44:14] [14 MB] [chunked_processor] save_job called
    DATA: Array
(
    [job_id] => 9ea24571-2779-49b2-a258-d9a7c63f4ea2
    [status] => completed
)

[2026-01-16 04:44:14] [14 MB] [chunked_processor] Transient save result
    DATA: Array
(
    [option_name] => speed_backups_job_9ea24571-2779-49b2-a258-d9a7c63f4ea2
    [success] => YES
)

[2026-01-16 04:44:14] [14 MB] [chunked_processor] Option save result
    DATA: Array
(
    [option_name] => speed_backups_job_9ea24571-2779-49b2-a258-d9a7c63f4ea2
    [success] => YES
)

[2026-01-16 04:44:14] [14 MB] [chunked_processor] Save verification (direct DB)
    DATA: Array
(
    [verified] => YES
)

[2026-01-16 04:44:14] [14 MB] [chunked_processor] get_job called
    DATA: Array
(
    [job_id] => 9ea24571-2779-49b2-a258-d9a7c63f4ea2
)

[2026-01-16 04:44:14] [14 MB] [chunked_processor] Transient lookup result
    DATA: Array
(
    [option_name] => speed_backups_job_9ea24571-2779-49b2-a258-d9a7c63f4ea2
    [found] => YES
)

[2026-01-16 04:44:14] [14 MB] [chunked_processor] Job retrieved successfully
    DATA: Array
(
    [status] => completed
    [type] => restore
)

[2026-01-16 04:44:14] [14 MB] [chunked_processor] save_job called
    DATA: Array
(
    [job_id] => 9ea24571-2779-49b2-a258-d9a7c63f4ea2
    [status] => completed
)

[2026-01-16 04:44:14] [14 MB] [chunked_processor] Transient save result
    DATA: Array
(
    [option_name] => speed_backups_job_9ea24571-2779-49b2-a258-d9a7c63f4ea2
    [success] => YES
)

[2026-01-16 04:44:14] [14 MB] [chunked_processor] Option save result
    DATA: Array
(
    [option_name] => speed_backups_job_9ea24571-2779-49b2-a258-d9a7c63f4ea2
    [success] => YES
)

[2026-01-16 04:44:14] [14 MB] [chunked_processor] Save verification (direct DB)
    DATA: Array
(
    [verified] => YES
)

[2026-01-16 04:44:14] [14 MB] [chunked_processor] get_job called
    DATA: Array
(
    [job_id] => 9ea24571-2779-49b2-a258-d9a7c63f4ea2
)

[2026-01-16 04:44:14] [14 MB] [chunked_processor] Transient lookup result
    DATA: Array
(
    [option_name] => speed_backups_job_9ea24571-2779-49b2-a258-d9a7c63f4ea2
    [found] => YES
)

[2026-01-16 04:44:14] [14 MB] [chunked_processor] Job retrieved successfully
    DATA: Array
(
    [status] => completed
    [type] => restore
)

[2026-01-16 04:44:21] [18 MB] [ERROR_HANDLER] PHP error handlers registered
[2026-01-16 04:44:26] [14 MB] [ERROR_HANDLER] PHP error handlers registered
[2026-01-16 04:45:10] [14 MB] [ERROR_HANDLER] PHP error handlers registered
[2026-01-16 04:45:16] [22 MB] [ERROR_HANDLER] PHP error handlers registered
[2026-01-16 04:45:26] [14 MB] [ERROR_HANDLER] PHP error handlers registered
[2026-01-16 04:45:27] [14 MB] [ERROR_HANDLER] PHP error handlers registered
[2026-01-16 04:45:32] [20 MB] [ERROR_HANDLER] PHP error handlers registered
[2026-01-16 04:45:32] [12 MB] [ERROR_HANDLER] PHP error handlers registered
[2026-01-16 04:45:32] [10 MB] [ERROR_HANDLER] PHP error handlers registered
[2026-01-16 04:45:32] [18 MB] [ERROR_HANDLER] PHP error handlers registered
[2026-01-16 04:45:32] [12 MB] [ERROR_HANDLER] PHP error handlers registered
[2026-01-16 04:45:32] [10 MB] [ERROR_HANDLER] PHP error handlers registered
[2026-01-16 04:45:32] [18 MB] [ERROR_HANDLER] PHP error handlers registered
[2026-01-16 04:45:32] [14 MB] [ERROR_HANDLER] PHP error handlers registered
[2026-01-16 04:45:39] [10 MB] [ERROR_HANDLER] PHP error handlers registered
[2026-01-16 04:45:39] [8 MB] [ERROR_HANDLER] PHP error handlers registered
[2026-01-16 04:45:39] [10 MB] [ERROR_HANDLER] PHP error handlers registered
[2026-01-16 04:45:47] [12 MB] [ERROR_HANDLER] PHP error handlers registered
[2026-01-16 04:46:02] [10 MB] [ERROR_HANDLER] PHP error handlers registered
[2026-01-16 04:46:17] [10 MB] [ERROR_HANDLER] PHP error handlers registered
[2026-01-16 04:46:32] [12 MB] [ERROR_HANDLER] PHP error handlers registered
[2026-01-16 04:46:47] [10 MB] [ERROR_HANDLER] PHP error handlers registered
[2026-01-16 04:47:02] [10 MB] [ERROR_HANDLER] PHP error handlers registered
[2026-01-16 04:47:17] [12 MB] [ERROR_HANDLER] PHP error handlers registered
[2026-01-16 04:47:20] [12 MB] [ERROR_HANDLER] PHP error handlers registered
[2026-01-16 04:47:21] [12 MB] [ERROR_HANDLER] PHP error handlers registered
[2026-01-16 04:47:21] [12 MB] [ERROR_HANDLER] PHP error handlers registered
[2026-01-16 04:47:21] [16 MB] [ERROR_HANDLER] PHP error handlers registered
[2026-01-16 04:47:22] [12 MB] [ERROR_HANDLER] PHP error handlers registered
[2026-01-16 04:47:24] [14 MB] [ERROR_HANDLER] PHP error handlers registered
[2026-01-16 04:47:26] [14 MB] [ERROR_HANDLER] PHP error handlers registered
[2026-01-16 04:47:32] [12 MB] [ERROR_HANDLER] PHP error handlers registered
[2026-01-16 04:47:34] [18 MB] [ERROR_HANDLER] PHP error handlers registered
[2026-01-16 04:47:35] [14 MB] [ERROR_HANDLER] PHP error handlers registered
[2026-01-16 04:47:36] [14 MB] [ERROR_HANDLER] PHP error handlers registered
[2026-01-16 04:47:36] [16 MB] [ERROR_HANDLER] PHP error handlers registered
[2026-01-16 04:47:37] [16 MB] [ERROR_HANDLER] PHP error handlers registered
[2026-01-16 04:47:41] [14 MB] [ERROR_HANDLER] PHP error handlers registered
[2026-01-16 04:47:43] [16 MB] [ERROR_HANDLER] PHP error handlers registered
[2026-01-16 04:47:43] [14 MB] [ERROR_HANDLER] PHP error handlers registered
[2026-01-16 04:47:43] [14 MB] [ERROR_HANDLER] PHP error handlers registered
[2026-01-16 04:47:50] [16 MB] [ERROR_HANDLER] PHP error handlers registered
[2026-01-16 04:48:04] [14 MB] [ERROR_HANDLER] PHP error handlers registered
[2026-01-16 04:48:05] [16 MB] [ERROR_HANDLER] PHP error handlers registered
[2026-01-16 04:48:49] [16 MB] [ERROR_HANDLER] PHP error handlers registered
[2026-01-16 04:48:58] [14 MB] [ERROR_HANDLER] PHP error handlers registered
