[2026-01-15 17:00:18] [14 MB] [ERROR_HANDLER] PHP error handlers registered
[2026-01-15 17:00:18] [10 MB] [ERROR_HANDLER] PHP error handlers registered
[2026-01-15 17:00:24] [18 MB] [ERROR_HANDLER] PHP error handlers registered
[2026-01-15 17:00:24] [12 MB] [ERROR_HANDLER] PHP error handlers registered
[2026-01-15 17:00:25] [12 MB] [ERROR_HANDLER] PHP error handlers registered
[2026-01-15 17:00:26] [12 MB] [ERROR_HANDLER] PHP error handlers registered
[2026-01-15 17:00:27] [22 MB] [ERROR_HANDLER] PHP error handlers registered
[2026-01-15 17:00:29] [12 MB] [ERROR_HANDLER] PHP error handlers registered
[2026-01-15 17:00:30] [14 MB] [ERROR_HANDLER] PHP error handlers registered
[2026-01-15 17:00:31] [14 MB] [chunked_processor] save_job called
    DATA: Array
(
    [job_id] => 17e76a58-a82c-4b0c-a0cb-ff02c714db1a
    [status] => pending
)

[2026-01-15 17:00:31] [14 MB] [chunked_processor] Transient save result
    DATA: Array
(
    [option_name] => speed_backups_job_17e76a58-a82c-4b0c-a0cb-ff02c714db1a
    [success] => YES
)

[2026-01-15 17:00:31] [14 MB] [chunked_processor] Option save result
    DATA: Array
(
    [option_name] => speed_backups_job_17e76a58-a82c-4b0c-a0cb-ff02c714db1a
    [success] => YES
)

[2026-01-15 17:00:31] [14 MB] [chunked_processor] Save verification (direct DB)
    DATA: Array
(
    [verified] => YES
)

[2026-01-15 17:00:31] [14 MB] [chunked_processor] get_job called
    DATA: Array
(
    [job_id] => 17e76a58-a82c-4b0c-a0cb-ff02c714db1a
)

[2026-01-15 17:00:31] [14 MB] [chunked_processor] Transient lookup result
    DATA: Array
(
    [option_name] => speed_backups_job_17e76a58-a82c-4b0c-a0cb-ff02c714db1a
    [found] => YES
)

[2026-01-15 17:00:31] [14 MB] [chunked_processor] Job retrieved successfully
    DATA: Array
(
    [status] => pending
    [type] => backup
)

[2026-01-15 17:00:31] [14 MB] [chunked_processor] save_job called
    DATA: Array
(
    [job_id] => 17e76a58-a82c-4b0c-a0cb-ff02c714db1a
    [status] => running
)

[2026-01-15 17:00:31] [14 MB] [chunked_processor] Transient save result
    DATA: Array
(
    [option_name] => speed_backups_job_17e76a58-a82c-4b0c-a0cb-ff02c714db1a
    [success] => YES
)

[2026-01-15 17:00:31] [14 MB] [chunked_processor] Option save result
    DATA: Array
(
    [option_name] => speed_backups_job_17e76a58-a82c-4b0c-a0cb-ff02c714db1a
    [success] => YES
)

[2026-01-15 17:00:31] [14 MB] [chunked_processor] Save verification (direct DB)
    DATA: Array
(
    [verified] => YES
)

[2026-01-15 17:00:31] [14 MB] [chunked_processor] get_job called
    DATA: Array
(
    [job_id] => 17e76a58-a82c-4b0c-a0cb-ff02c714db1a
)

[2026-01-15 17:00:31] [14 MB] [chunked_processor] Transient lookup result
    DATA: Array
(
    [option_name] => speed_backups_job_17e76a58-a82c-4b0c-a0cb-ff02c714db1a
    [found] => YES
)

[2026-01-15 17:00:31] [14 MB] [chunked_processor] Job retrieved successfully
    DATA: Array
(
    [status] => running
    [type] => backup
)

[2026-01-15 17:00:31] [14 MB] [chunked_processor] save_job called
    DATA: Array
(
    [job_id] => 17e76a58-a82c-4b0c-a0cb-ff02c714db1a
    [status] => running
)

[2026-01-15 17:00:31] [14 MB] [chunked_processor] Transient save result
    DATA: Array
(
    [option_name] => speed_backups_job_17e76a58-a82c-4b0c-a0cb-ff02c714db1a
    [success] => YES
)

[2026-01-15 17:00:31] [14 MB] [chunked_processor] Option save result
    DATA: Array
(
    [option_name] => speed_backups_job_17e76a58-a82c-4b0c-a0cb-ff02c714db1a
    [success] => YES
)

[2026-01-15 17:00:31] [14 MB] [chunked_processor] Save verification (direct DB)
    DATA: Array
(
    [verified] => YES
)

[2026-01-15 17:00:31] [16 MB] [ERROR_HANDLER] PHP error handlers registered
[2026-01-15 17:00:31] [16 MB] [chunked_processor] get_job called
    DATA: Array
(
    [job_id] => 17e76a58-a82c-4b0c-a0cb-ff02c714db1a
)

[2026-01-15 17:00:31] [16 MB] [chunked_processor] Transient lookup result
    DATA: Array
(
    [option_name] => speed_backups_job_17e76a58-a82c-4b0c-a0cb-ff02c714db1a
    [found] => YES
)

[2026-01-15 17:00:31] [16 MB] [chunked_processor] Job retrieved successfully
    DATA: Array
(
    [status] => running
    [type] => backup
)

[2026-01-15 17:00:31] [16 MB] [chunked_processor] get_job called
    DATA: Array
(
    [job_id] => 17e76a58-a82c-4b0c-a0cb-ff02c714db1a
)

[2026-01-15 17:00:31] [16 MB] [chunked_processor] Transient lookup result
    DATA: Array
(
    [option_name] => speed_backups_job_17e76a58-a82c-4b0c-a0cb-ff02c714db1a
    [found] => YES
)

[2026-01-15 17:00:31] [16 MB] [chunked_processor] Job retrieved successfully
    DATA: Array
(
    [status] => running
    [type] => backup
)

[2026-01-15 17:00:31] [16 MB] [chunked_processor] get_job called
    DATA: Array
(
    [job_id] => 17e76a58-a82c-4b0c-a0cb-ff02c714db1a
)

[2026-01-15 17:00:31] [16 MB] [chunked_processor] Transient lookup result
    DATA: Array
(
    [option_name] => speed_backups_job_17e76a58-a82c-4b0c-a0cb-ff02c714db1a
    [found] => YES
)

[2026-01-15 17:00:31] [16 MB] [chunked_processor] Job retrieved successfully
    DATA: Array
(
    [status] => running
    [type] => backup
)

[2026-01-15 17:00:31] [16 MB] [chunked_processor] save_job called
    DATA: Array
(
    [job_id] => 17e76a58-a82c-4b0c-a0cb-ff02c714db1a
    [status] => running
)

[2026-01-15 17:00:31] [16 MB] [chunked_processor] Transient save result
    DATA: Array
(
    [option_name] => speed_backups_job_17e76a58-a82c-4b0c-a0cb-ff02c714db1a
    [success] => YES
)

[2026-01-15 17:00:31] [16 MB] [chunked_processor] Option save result
    DATA: Array
(
    [option_name] => speed_backups_job_17e76a58-a82c-4b0c-a0cb-ff02c714db1a
    [success] => YES
)

[2026-01-15 17:00:31] [16 MB] [chunked_processor] Save verification (direct DB)
    DATA: Array
(
    [verified] => YES
)

[2026-01-15 17:00:31] [18 MB] [chunked_processor] get_job called
    DATA: Array
(
    [job_id] => 17e76a58-a82c-4b0c-a0cb-ff02c714db1a
)

[2026-01-15 17:00:31] [18 MB] [chunked_processor] Transient lookup result
    DATA: Array
(
    [option_name] => speed_backups_job_17e76a58-a82c-4b0c-a0cb-ff02c714db1a
    [found] => YES
)

[2026-01-15 17:00:31] [18 MB] [chunked_processor] Job retrieved successfully
    DATA: Array
(
    [status] => running
    [type] => backup
)

[2026-01-15 17:00:31] [18 MB] [chunked_processor] save_job called
    DATA: Array
(
    [job_id] => 17e76a58-a82c-4b0c-a0cb-ff02c714db1a
    [status] => running
)

[2026-01-15 17:00:31] [18 MB] [chunked_processor] Transient save result
    DATA: Array
(
    [option_name] => speed_backups_job_17e76a58-a82c-4b0c-a0cb-ff02c714db1a
    [success] => YES
)

[2026-01-15 17:00:31] [18 MB] [chunked_processor] Option save result
    DATA: Array
(
    [option_name] => speed_backups_job_17e76a58-a82c-4b0c-a0cb-ff02c714db1a
    [success] => YES
)

[2026-01-15 17:00:31] [18 MB] [chunked_processor] Save verification (direct DB)
    DATA: Array
(
    [verified] => YES
)

[2026-01-15 17:00:31] [18 MB] [chunked_processor] get_job called
    DATA: Array
(
    [job_id] => 17e76a58-a82c-4b0c-a0cb-ff02c714db1a
)

[2026-01-15 17:00:31] [18 MB] [chunked_processor] Transient lookup result
    DATA: Array
(
    [option_name] => speed_backups_job_17e76a58-a82c-4b0c-a0cb-ff02c714db1a
    [found] => YES
)

[2026-01-15 17:00:31] [18 MB] [chunked_processor] Job retrieved successfully
    DATA: Array
(
    [status] => running
    [type] => backup
)

[2026-01-15 17:00:31] [18 MB] [chunked_processor] save_job called
    DATA: Array
(
    [job_id] => 17e76a58-a82c-4b0c-a0cb-ff02c714db1a
    [status] => running
)

[2026-01-15 17:00:31] [18 MB] [chunked_processor] Transient save result
    DATA: Array
(
    [option_name] => speed_backups_job_17e76a58-a82c-4b0c-a0cb-ff02c714db1a
    [success] => YES
)

[2026-01-15 17:00:31] [18 MB] [chunked_processor] Option save result
    DATA: Array
(
    [option_name] => speed_backups_job_17e76a58-a82c-4b0c-a0cb-ff02c714db1a
    [success] => YES
)

[2026-01-15 17:00:31] [18 MB] [chunked_processor] Save verification (direct DB)
    DATA: Array
(
    [verified] => YES
)

[2026-01-15 17:00:31] [18 MB] [chunked_processor] get_job called
    DATA: Array
(
    [job_id] => 17e76a58-a82c-4b0c-a0cb-ff02c714db1a
)

[2026-01-15 17:00:31] [18 MB] [chunked_processor] Transient lookup result
    DATA: Array
(
    [option_name] => speed_backups_job_17e76a58-a82c-4b0c-a0cb-ff02c714db1a
    [found] => YES
)

[2026-01-15 17:00:31] [18 MB] [chunked_processor] Job retrieved successfully
    DATA: Array
(
    [status] => running
    [type] => backup
)

[2026-01-15 17:00:31] [18 MB] [chunked_processor] get_job called
    DATA: Array
(
    [job_id] => 17e76a58-a82c-4b0c-a0cb-ff02c714db1a
)

[2026-01-15 17:00:31] [18 MB] [chunked_processor] Transient lookup result
    DATA: Array
(
    [option_name] => speed_backups_job_17e76a58-a82c-4b0c-a0cb-ff02c714db1a
    [found] => YES
)

[2026-01-15 17:00:31] [18 MB] [chunked_processor] Job retrieved successfully
    DATA: Array
(
    [status] => running
    [type] => backup
)

[2026-01-15 17:00:32] [20 MB] [ERROR_HANDLER] PHP error handlers registered
[2026-01-15 17:00:32] [20 MB] [chunked_processor] get_job called
    DATA: Array
(
    [job_id] => 17e76a58-a82c-4b0c-a0cb-ff02c714db1a
)

[2026-01-15 17:00:32] [20 MB] [chunked_processor] Transient lookup result
    DATA: Array
(
    [option_name] => speed_backups_job_17e76a58-a82c-4b0c-a0cb-ff02c714db1a
    [found] => YES
)

[2026-01-15 17:00:32] [20 MB] [chunked_processor] Job retrieved successfully
    DATA: Array
(
    [status] => running
    [type] => backup
)

[2026-01-15 17:00:32] [20 MB] [chunked_processor] get_job called
    DATA: Array
(
    [job_id] => 17e76a58-a82c-4b0c-a0cb-ff02c714db1a
)

[2026-01-15 17:00:32] [20 MB] [chunked_processor] Transient lookup result
    DATA: Array
(
    [option_name] => speed_backups_job_17e76a58-a82c-4b0c-a0cb-ff02c714db1a
    [found] => YES
)

[2026-01-15 17:00:32] [20 MB] [chunked_processor] Job retrieved successfully
    DATA: Array
(
    [status] => running
    [type] => backup
)

[2026-01-15 17:00:32] [20 MB] [chunked_processor] get_job called
    DATA: Array
(
    [job_id] => 17e76a58-a82c-4b0c-a0cb-ff02c714db1a
)

[2026-01-15 17:00:32] [20 MB] [chunked_processor] Transient lookup result
    DATA: Array
(
    [option_name] => speed_backups_job_17e76a58-a82c-4b0c-a0cb-ff02c714db1a
    [found] => YES
)

[2026-01-15 17:00:32] [20 MB] [chunked_processor] Job retrieved successfully
    DATA: Array
(
    [status] => running
    [type] => backup
)

[2026-01-15 17:00:32] [20 MB] [chunked_processor] save_job called
    DATA: Array
(
    [job_id] => 17e76a58-a82c-4b0c-a0cb-ff02c714db1a
    [status] => running
)

[2026-01-15 17:00:32] [20 MB] [chunked_processor] Transient save result
    DATA: Array
(
    [option_name] => speed_backups_job_17e76a58-a82c-4b0c-a0cb-ff02c714db1a
    [success] => YES
)

[2026-01-15 17:00:32] [20 MB] [chunked_processor] Option save result
    DATA: Array
(
    [option_name] => speed_backups_job_17e76a58-a82c-4b0c-a0cb-ff02c714db1a
    [success] => YES
)

[2026-01-15 17:00:32] [20 MB] [chunked_processor] Save verification (direct DB)
    DATA: Array
(
    [verified] => YES
)

[2026-01-15 17:00:32] [20 MB] [export_database] Elementor data BEFORE export
    DATA: Array
(
    [post_id] => 16
    [data_length] => 5192
    [json_valid] => YES
    [first_100] => [{"id":"1a5439f4","elType":"container","settings":{"structure":"30","min_height":{"unit":"px","size"
    [last_100] => ,"_flex_align_self":"center"},"elements":[],"widgetType":"icon"}],"isInner":true}],"isInner":false}]
)

[2026-01-15 17:00:32] [22 MB] [export_table_data] Elementor escape check
    DATA: Array
(
    [post_id] => 16
    [original_len] => 5192
    [escaped_len] => 8207
    [original_first] => [{"id":"1a5439f4","elType":"container","settings":{"structure":"30","min_height"
    [escaped_first] => '[{\"id\":\"1a5439f4\",\"elType\":\"container\",\"settings\":{\"structure\":\"30
    [has_newlines] => NO
    [has_backslash] => YES
)

[2026-01-15 17:00:32] [22 MB] [export_table_data] Elementor escape check
    DATA: Array
(
    [post_id] => 19
    [original_len] => 13693
    [escaped_len] => 31847
    [original_first] => [{"id":"1bd79c1e","elType":"container","settings":{"layout":"full_width","flex_g
    [escaped_first] => '[{\"id\":\"1bd79c1e\",\"elType\":\"container\",\"settings\":{\"layout\":\"full_
    [has_newlines] => NO
    [has_backslash] => YES
)

[2026-01-15 17:00:32] [22 MB] [export_table_data] Elementor escape check
    DATA: Array
(
    [post_id] => 24
    [original_len] => 7949
    [escaped_len] => 10461
    [original_first] => [{"id":"1bd79c1e","elType":"container","settings":{"layout":"full_width","flex_g
    [escaped_first] => '[{\"id\":\"1bd79c1e\",\"elType\":\"container\",\"settings\":{\"layout\":\"full_
    [has_newlines] => NO
    [has_backslash] => YES
)

[2026-01-15 17:00:32] [22 MB] [export_table_data] Elementor escape check
    DATA: Array
(
    [post_id] => 25
    [original_len] => 8109
    [escaped_len] => 10644
    [original_first] => [{"id":"1bd79c1e","elType":"container","settings":{"layout":"full_width","flex_g
    [escaped_first] => '[{\"id\":\"1bd79c1e\",\"elType\":\"container\",\"settings\":{\"layout\":\"full_
    [has_newlines] => NO
    [has_backslash] => YES
)

[2026-01-15 17:00:32] [22 MB] [export_table_data] Elementor escape check
    DATA: Array
(
    [post_id] => 26
    [original_len] => 8109
    [escaped_len] => 10644
    [original_first] => [{"id":"1bd79c1e","elType":"container","settings":{"layout":"full_width","flex_g
    [escaped_first] => '[{\"id\":\"1bd79c1e\",\"elType\":\"container\",\"settings\":{\"layout\":\"full_
    [has_newlines] => NO
    [has_backslash] => YES
)

[2026-01-15 17:00:32] [22 MB] [export_table_data] Elementor escape check
    DATA: Array
(
    [post_id] => 27
    [original_len] => 8109
    [escaped_len] => 10644
    [original_first] => [{"id":"1bd79c1e","elType":"container","settings":{"layout":"full_width","flex_g
    [escaped_first] => '[{\"id\":\"1bd79c1e\",\"elType\":\"container\",\"settings\":{\"layout\":\"full_
    [has_newlines] => NO
    [has_backslash] => YES
)

[2026-01-15 17:00:32] [22 MB] [export_table_data] Elementor escape check
    DATA: Array
(
    [post_id] => 29
    [original_len] => 10586
    [escaped_len] => 13473
    [original_first] => [{"id":"1bd79c1e","elType":"container","settings":{"layout":"full_width","flex_g
    [escaped_first] => '[{\"id\":\"1bd79c1e\",\"elType\":\"container\",\"settings\":{\"layout\":\"full_
    [has_newlines] => NO
    [has_backslash] => YES
)

[2026-01-15 17:00:32] [22 MB] [export_table_data] Elementor escape check
    DATA: Array
(
    [post_id] => 30
    [original_len] => 10601
    [escaped_len] => 13490
    [original_first] => [{"id":"1bd79c1e","elType":"container","settings":{"layout":"full_width","flex_g
    [escaped_first] => '[{\"id\":\"1bd79c1e\",\"elType\":\"container\",\"settings\":{\"layout\":\"full_
    [has_newlines] => NO
    [has_backslash] => YES
)

[2026-01-15 17:00:32] [22 MB] [export_table_data] Elementor escape check
    DATA: Array
(
    [post_id] => 31
    [original_len] => 10606
    [escaped_len] => 13495
    [original_first] => [{"id":"1bd79c1e","elType":"container","settings":{"layout":"full_width","flex_g
    [escaped_first] => '[{\"id\":\"1bd79c1e\",\"elType\":\"container\",\"settings\":{\"layout\":\"full_
    [has_newlines] => NO
    [has_backslash] => YES
)

[2026-01-15 17:00:32] [22 MB] [export_table_data] Elementor escape check
    DATA: Array
(
    [post_id] => 33
    [original_len] => 11483
    [escaped_len] => 15778
    [original_first] => [{"id":"1bd79c1e","elType":"container","settings":{"layout":"full_width","flex_g
    [escaped_first] => '[{\"id\":\"1bd79c1e\",\"elType\":\"container\",\"settings\":{\"layout\":\"full_
    [has_newlines] => NO
    [has_backslash] => YES
)

[2026-01-15 17:00:32] [22 MB] [export_table_data] Elementor escape check
    DATA: Array
(
    [post_id] => 35
    [original_len] => 21696
    [escaped_len] => 56923
    [original_first] => [{"id":"7624a61a","elType":"container","settings":{"layout":"full_width","flex_g
    [escaped_first] => '[{\"id\":\"7624a61a\",\"elType\":\"container\",\"settings\":{\"layout\":\"full_
    [has_newlines] => NO
    [has_backslash] => YES
)

[2026-01-15 17:00:32] [22 MB] [export_table_data] Elementor escape check
    DATA: Array
(
    [post_id] => 38
    [original_len] => 15676
    [escaped_len] => 25487
    [original_first] => [{"id":"7624a61a","elType":"container","settings":{"layout":"full_width","flex_g
    [escaped_first] => '[{\"id\":\"7624a61a\",\"elType\":\"container\",\"settings\":{\"layout\":\"full_
    [has_newlines] => NO
    [has_backslash] => YES
)

[2026-01-15 17:00:32] [22 MB] [export_table_data] Elementor escape check
    DATA: Array
(
    [post_id] => 41
    [original_len] => 16362
    [escaped_len] => 28806
    [original_first] => [{"id":"7624a61a","elType":"container","settings":{"layout":"full_width","flex_g
    [escaped_first] => '[{\"id\":\"7624a61a\",\"elType\":\"container\",\"settings\":{\"layout\":\"full_
    [has_newlines] => NO
    [has_backslash] => YES
)

[2026-01-15 17:00:32] [22 MB] [export_table_data] Elementor escape check
    DATA: Array
(
    [post_id] => 43
    [original_len] => 67920
    [escaped_len] => 93713
    [original_first] => [{"id":"4ffa6803","elType":"container","settings":{"layout":"full_width","flex_g
    [escaped_first] => '[{\"id\":\"4ffa6803\",\"elType\":\"container\",\"settings\":{\"layout\":\"full_
    [has_newlines] => NO
    [has_backslash] => YES
)

[2026-01-15 17:00:32] [22 MB] [export_table_data] Elementor escape check
    DATA: Array
(
    [post_id] => 49
    [original_len] => 67920
    [escaped_len] => 93713
    [original_first] => [{"id":"4ffa6803","elType":"container","settings":{"layout":"full_width","flex_g
    [escaped_first] => '[{\"id\":\"4ffa6803\",\"elType\":\"container\",\"settings\":{\"layout\":\"full_
    [has_newlines] => NO
    [has_backslash] => YES
)

[2026-01-15 17:00:32] [22 MB] [export_table_data] Elementor escape check
    DATA: Array
(
    [post_id] => 55
    [original_len] => 67846
    [escaped_len] => 93635
    [original_first] => [{"id":"1281a45","elType":"container","settings":{"layout":"full_width","flex_ga
    [escaped_first] => '[{\"id\":\"1281a45\",\"elType\":\"container\",\"settings\":{\"layout\":\"full_w
    [has_newlines] => NO
    [has_backslash] => YES
)

[2026-01-15 17:00:32] [22 MB] [export_table_data] Elementor escape check
    DATA: Array
(
    [post_id] => 57
    [original_len] => 11571
    [escaped_len] => 15890
    [original_first] => [{"id":"1bd79c1e","elType":"container","settings":{"layout":"full_width","flex_g
    [escaped_first] => '[{\"id\":\"1bd79c1e\",\"elType\":\"container\",\"settings\":{\"layout\":\"full_
    [has_newlines] => NO
    [has_backslash] => YES
)

[2026-01-15 17:00:32] [22 MB] [export_table_data] Elementor escape check
    DATA: Array
(
    [post_id] => 59
    [original_len] => 16226
    [escaped_len] => 23596
    [original_first] => [{"id":"4e8d3d8c","elType":"container","settings":{"boxed_width":{"unit":"px","s
    [escaped_first] => '[{\"id\":\"4e8d3d8c\",\"elType\":\"container\",\"settings\":{\"boxed_width\":{\
    [has_newlines] => NO
    [has_backslash] => YES
)

[2026-01-15 17:00:32] [22 MB] [export_table_data] Elementor escape check
    DATA: Array
(
    [post_id] => 62
    [original_len] => 41014
    [escaped_len] => 46839
    [original_first] => [{"id":"f9c36ab","elType":"container","settings":{"boxed_width":{"unit":"px","si
    [escaped_first] => '[{\"id\":\"f9c36ab\",\"elType\":\"container\",\"settings\":{\"boxed_width\":{\"
    [has_newlines] => NO
    [has_backslash] => YES
)

[2026-01-15 17:00:32] [22 MB] [export_table_data] Elementor escape check
    DATA: Array
(
    [post_id] => 64
    [original_len] => 12336
    [escaped_len] => 17507
    [original_first] => [{"id":"f9c36ab","elType":"container","settings":{"boxed_width":{"unit":"px","si
    [escaped_first] => '[{\"id\":\"f9c36ab\",\"elType\":\"container\",\"settings\":{\"boxed_width\":{\"
    [has_newlines] => NO
    [has_backslash] => YES
)

[2026-01-15 17:00:32] [22 MB] [export_table_data] Elementor escape check
    DATA: Array
(
    [post_id] => 65
    [original_len] => 12336
    [escaped_len] => 17507
    [original_first] => [{"id":"f9c36ab","elType":"container","settings":{"boxed_width":{"unit":"px","si
    [escaped_first] => '[{\"id\":\"f9c36ab\",\"elType\":\"container\",\"settings\":{\"boxed_width\":{\"
    [has_newlines] => NO
    [has_backslash] => YES
)

[2026-01-15 17:00:32] [22 MB] [export_table_data] Elementor escape check
    DATA: Array
(
    [post_id] => 66
    [original_len] => 27507
    [escaped_len] => 30913
    [original_first] => [{"id":"f9c36ab","elType":"container","settings":{"boxed_width":{"unit":"px","si
    [escaped_first] => '[{\"id\":\"f9c36ab\",\"elType\":\"container\",\"settings\":{\"boxed_width\":{\"
    [has_newlines] => NO
    [has_backslash] => YES
)

[2026-01-15 17:00:32] [22 MB] [export_table_data] Elementor escape check
    DATA: Array
(
    [post_id] => 67
    [original_len] => 27507
    [escaped_len] => 30913
    [original_first] => [{"id":"f9c36ab","elType":"container","settings":{"boxed_width":{"unit":"px","si
    [escaped_first] => '[{\"id\":\"f9c36ab\",\"elType\":\"container\",\"settings\":{\"boxed_width\":{\"
    [has_newlines] => NO
    [has_backslash] => YES
)

[2026-01-15 17:00:32] [22 MB] [export_table_data] Elementor escape check
    DATA: Array
(
    [post_id] => 68
    [original_len] => 27507
    [escaped_len] => 30913
    [original_first] => [{"id":"f9c36ab","elType":"container","settings":{"boxed_width":{"unit":"px","si
    [escaped_first] => '[{\"id\":\"f9c36ab\",\"elType\":\"container\",\"settings\":{\"boxed_width\":{\"
    [has_newlines] => NO
    [has_backslash] => YES
)

[2026-01-15 17:00:32] [22 MB] [export_table_data] Elementor escape check
    DATA: Array
(
    [post_id] => 69
    [original_len] => 27507
    [escaped_len] => 30913
    [original_first] => [{"id":"f9c36ab","elType":"container","settings":{"boxed_width":{"unit":"px","si
    [escaped_first] => '[{\"id\":\"f9c36ab\",\"elType\":\"container\",\"settings\":{\"boxed_width\":{\"
    [has_newlines] => NO
    [has_backslash] => YES
)

[2026-01-15 17:00:32] [22 MB] [export_table_data] Elementor escape check
    DATA: Array
(
    [post_id] => 70
    [original_len] => 27507
    [escaped_len] => 30913
    [original_first] => [{"id":"f9c36ab","elType":"container","settings":{"boxed_width":{"unit":"px","si
    [escaped_first] => '[{\"id\":\"f9c36ab\",\"elType\":\"container\",\"settings\":{\"boxed_width\":{\"
    [has_newlines] => NO
    [has_backslash] => YES
)

[2026-01-15 17:00:32] [22 MB] [export_table_data] Elementor escape check
    DATA: Array
(
    [post_id] => 71
    [original_len] => 27507
    [escaped_len] => 30913
    [original_first] => [{"id":"f9c36ab","elType":"container","settings":{"boxed_width":{"unit":"px","si
    [escaped_first] => '[{\"id\":\"f9c36ab\",\"elType\":\"container\",\"settings\":{\"boxed_width\":{\"
    [has_newlines] => NO
    [has_backslash] => YES
)

[2026-01-15 17:00:32] [22 MB] [export_table_data] Elementor escape check
    DATA: Array
(
    [post_id] => 72
    [original_len] => 27507
    [escaped_len] => 30913
    [original_first] => [{"id":"f9c36ab","elType":"container","settings":{"boxed_width":{"unit":"px","si
    [escaped_first] => '[{\"id\":\"f9c36ab\",\"elType\":\"container\",\"settings\":{\"boxed_width\":{\"
    [has_newlines] => NO
    [has_backslash] => YES
)

[2026-01-15 17:00:32] [22 MB] [export_table_data] Elementor escape check
    DATA: Array
(
    [post_id] => 73
    [original_len] => 12671
    [escaped_len] => 18145
    [original_first] => [{"id":"08520fc","elType":"container","settings":{"content_width":"full","margin
    [escaped_first] => '[{\"id\":\"08520fc\",\"elType\":\"container\",\"settings\":{\"content_width\":\
    [has_newlines] => NO
    [has_backslash] => YES
)

[2026-01-15 17:00:32] [22 MB] [export_table_data] Elementor escape check
    DATA: Array
(
    [post_id] => 75
    [original_len] => 698
    [escaped_len] => 828
    [original_first] => [{"id":"85417a1","elType":"container","settings":[],"elements":[{"id":"58c1fc9",
    [escaped_first] => '[{\"id\":\"85417a1\",\"elType\":\"container\",\"settings\":[],\"elements\":[{\"
    [has_newlines] => NO
    [has_backslash] => YES
)

[2026-01-15 17:00:32] [22 MB] [export_table_data] Elementor escape check
    DATA: Array
(
    [post_id] => 76
    [original_len] => 70389
    [escaped_len] => 80218
    [original_first] => [{"id":"f9c36ab","elType":"container","settings":{"boxed_width":{"unit":"px","si
    [escaped_first] => '[{\"id\":\"f9c36ab\",\"elType\":\"container\",\"settings\":{\"boxed_width\":{\"
    [has_newlines] => NO
    [has_backslash] => YES
)

[2026-01-15 17:00:32] [22 MB] [export_table_data] Elementor escape check
    DATA: Array
(
    [post_id] => 77
    [original_len] => 4950
    [escaped_len] => 6301
    [original_first] => [{"id":"7f400b9","elType":"container","settings":{"flex_direction":"row","flex_g
    [escaped_first] => '[{\"id\":\"7f400b9\",\"elType\":\"container\",\"settings\":{\"flex_direction\":
    [has_newlines] => NO
    [has_backslash] => YES
)

[2026-01-15 17:00:32] [22 MB] [export_table_data] Elementor escape check
    DATA: Array
(
    [post_id] => 81
    [original_len] => 1958
    [escaped_len] => 2374
    [original_first] => [{"id":"7f400b9","elType":"container","settings":{"flex_direction":"row","flex_g
    [escaped_first] => '[{\"id\":\"7f400b9\",\"elType\":\"container\",\"settings\":{\"flex_direction\":
    [has_newlines] => NO
    [has_backslash] => YES
)

[2026-01-15 17:00:32] [22 MB] [export_table_data] Elementor escape check
    DATA: Array
(
    [post_id] => 82
    [original_len] => 13767
    [escaped_len] => 15862
    [original_first] => [{"id":"9a619c6","elType":"container","settings":{"flex_direction":"row","backgr
    [escaped_first] => '[{\"id\":\"9a619c6\",\"elType\":\"container\",\"settings\":{\"flex_direction\":
    [has_newlines] => NO
    [has_backslash] => YES
)

[2026-01-15 17:00:32] [22 MB] [export_table_data] Elementor escape check
    DATA: Array
(
    [post_id] => 86
    [original_len] => 4021
    [escaped_len] => 4533
    [original_first] => [{"id":"9a619c6","elType":"container","settings":{"flex_direction":"row","backgr
    [escaped_first] => '[{\"id\":\"9a619c6\",\"elType\":\"container\",\"settings\":{\"flex_direction\":
    [has_newlines] => NO
    [has_backslash] => YES
)

[2026-01-15 17:00:32] [22 MB] [export_table_data] Elementor escape check
    DATA: Array
(
    [post_id] => 87
    [original_len] => 60784
    [escaped_len] => 71051
    [original_first] => [{"id":"684b5e7","elType":"container","settings":{"boxed_width":{"unit":"px","si
    [escaped_first] => '[{\"id\":\"684b5e7\",\"elType\":\"container\",\"settings\":{\"boxed_width\":{\"
    [has_newlines] => NO
    [has_backslash] => YES
)

[2026-01-15 17:00:32] [22 MB] [export_table_data] Elementor escape check
    DATA: Array
(
    [post_id] => 89
    [original_len] => 30448
    [escaped_len] => 33906
    [original_first] => [{"id":"684b5e7","elType":"container","settings":{"boxed_width":{"unit":"px","si
    [escaped_first] => '[{\"id\":\"684b5e7\",\"elType\":\"container\",\"settings\":{\"boxed_width\":{\"
    [has_newlines] => NO
    [has_backslash] => YES
)

[2026-01-15 17:00:32] [22 MB] [export_table_data] Elementor escape check
    DATA: Array
(
    [post_id] => 90
    [original_len] => 30448
    [escaped_len] => 33906
    [original_first] => [{"id":"684b5e7","elType":"container","settings":{"boxed_width":{"unit":"px","si
    [escaped_first] => '[{\"id\":\"684b5e7\",\"elType\":\"container\",\"settings\":{\"boxed_width\":{\"
    [has_newlines] => NO
    [has_backslash] => YES
)

[2026-01-15 17:00:32] [22 MB] [export_table_data] Elementor escape check
    DATA: Array
(
    [post_id] => 91
    [original_len] => 28071
    [escaped_len] => 31528
    [original_first] => [{"id":"684b5e7","elType":"container","settings":{"boxed_width":{"unit":"px","si
    [escaped_first] => '[{\"id\":\"684b5e7\",\"elType\":\"container\",\"settings\":{\"boxed_width\":{\"
    [has_newlines] => NO
    [has_backslash] => YES
)

[2026-01-15 17:00:32] [22 MB] [export_table_data] Elementor escape check
    DATA: Array
(
    [post_id] => 97
    [original_len] => 27507
    [escaped_len] => 30913
    [original_first] => [{"id":"f9c36ab","elType":"container","settings":{"boxed_width":{"unit":"px","si
    [escaped_first] => '[{\"id\":\"f9c36ab\",\"elType\":\"container\",\"settings\":{\"boxed_width\":{\"
    [has_newlines] => NO
    [has_backslash] => YES
)

[2026-01-15 17:00:32] [22 MB] [export_table_data] Elementor escape check
    DATA: Array
(
    [post_id] => 98
    [original_len] => 27507
    [escaped_len] => 30913
    [original_first] => [{"id":"f9c36ab","elType":"container","settings":{"boxed_width":{"unit":"px","si
    [escaped_first] => '[{\"id\":\"f9c36ab\",\"elType\":\"container\",\"settings\":{\"boxed_width\":{\"
    [has_newlines] => NO
    [has_backslash] => YES
)

[2026-01-15 17:00:32] [22 MB] [export_table_data] Elementor escape check
    DATA: Array
(
    [post_id] => 99
    [original_len] => 27507
    [escaped_len] => 30913
    [original_first] => [{"id":"f9c36ab","elType":"container","settings":{"boxed_width":{"unit":"px","si
    [escaped_first] => '[{\"id\":\"f9c36ab\",\"elType\":\"container\",\"settings\":{\"boxed_width\":{\"
    [has_newlines] => NO
    [has_backslash] => YES
)

[2026-01-15 17:00:32] [22 MB] [export_table_data] Elementor escape check
    DATA: Array
(
    [post_id] => 100
    [original_len] => 35558
    [escaped_len] => 39002
    [original_first] => [{"id":"f9c36ab","elType":"container","settings":{"boxed_width":{"unit":"px","si
    [escaped_first] => '[{\"id\":\"f9c36ab\",\"elType\":\"container\",\"settings\":{\"boxed_width\":{\"
    [has_newlines] => NO
    [has_backslash] => YES
)

[2026-01-15 17:00:32] [22 MB] [export_table_data] Elementor escape check
    DATA: Array
(
    [post_id] => 101
    [original_len] => 112860
    [escaped_len] => 125957
    [original_first] => [{"id":"f9c36ab","elType":"container","settings":{"boxed_width":{"unit":"px","si
    [escaped_first] => '[{\"id\":\"f9c36ab\",\"elType\":\"container\",\"settings\":{\"boxed_width\":{\"
    [has_newlines] => NO
    [has_backslash] => YES
)

[2026-01-15 17:00:32] [22 MB] [export_table_data] Elementor escape check
    DATA: Array
(
    [post_id] => 102
    [original_len] => 35558
    [escaped_len] => 39002
    [original_first] => [{"id":"f9c36ab","elType":"container","settings":{"boxed_width":{"unit":"px","si
    [escaped_first] => '[{\"id\":\"f9c36ab\",\"elType\":\"container\",\"settings\":{\"boxed_width\":{\"
    [has_newlines] => NO
    [has_backslash] => YES
)

[2026-01-15 17:00:32] [24 MB] [export_table_data] Elementor escape check
    DATA: Array
(
    [post_id] => 103
    [original_len] => 35558
    [escaped_len] => 39002
    [original_first] => [{"id":"f9c36ab","elType":"container","settings":{"boxed_width":{"unit":"px","si
    [escaped_first] => '[{\"id\":\"f9c36ab\",\"elType\":\"container\",\"settings\":{\"boxed_width\":{\"
    [has_newlines] => NO
    [has_backslash] => YES
)

[2026-01-15 17:00:32] [24 MB] [export_table_data] Elementor escape check
    DATA: Array
(
    [post_id] => 104
    [original_len] => 35558
    [escaped_len] => 39002
    [original_first] => [{"id":"f9c36ab","elType":"container","settings":{"boxed_width":{"unit":"px","si
    [escaped_first] => '[{\"id\":\"f9c36ab\",\"elType\":\"container\",\"settings\":{\"boxed_width\":{\"
    [has_newlines] => NO
    [has_backslash] => YES
)

[2026-01-15 17:00:32] [24 MB] [export_table_data] Elementor escape check
    DATA: Array
(
    [post_id] => 105
    [original_len] => 34486
    [escaped_len] => 37684
    [original_first] => [{"id":"f9c36ab","elType":"container","settings":{"boxed_width":{"unit":"px","si
    [escaped_first] => '[{\"id\":\"f9c36ab\",\"elType\":\"container\",\"settings\":{\"boxed_width\":{\"
    [has_newlines] => NO
    [has_backslash] => YES
)

[2026-01-15 17:00:32] [24 MB] [export_table_data] Elementor escape check
    DATA: Array
(
    [post_id] => 106
    [original_len] => 48187
    [escaped_len] => 55305
    [original_first] => [{"id":"f9c36ab","elType":"container","settings":{"boxed_width":{"unit":"px","si
    [escaped_first] => '[{\"id\":\"f9c36ab\",\"elType\":\"container\",\"settings\":{\"boxed_width\":{\"
    [has_newlines] => NO
    [has_backslash] => YES
)

[2026-01-15 17:00:32] [24 MB] [export_table_data] Elementor escape check
    DATA: Array
(
    [post_id] => 107
    [original_len] => 34486
    [escaped_len] => 37684
    [original_first] => [{"id":"f9c36ab","elType":"container","settings":{"boxed_width":{"unit":"px","si
    [escaped_first] => '[{\"id\":\"f9c36ab\",\"elType\":\"container\",\"settings\":{\"boxed_width\":{\"
    [has_newlines] => NO
    [has_backslash] => YES
)

[2026-01-15 17:00:32] [24 MB] [export_table_data] Elementor escape check
    DATA: Array
(
    [post_id] => 108
    [original_len] => 34486
    [escaped_len] => 37684
    [original_first] => [{"id":"f9c36ab","elType":"container","settings":{"boxed_width":{"unit":"px","si
    [escaped_first] => '[{\"id\":\"f9c36ab\",\"elType\":\"container\",\"settings\":{\"boxed_width\":{\"
    [has_newlines] => NO
    [has_backslash] => YES
)

[2026-01-15 17:00:32] [24 MB] [export_table_data] Elementor escape check
    DATA: Array
(
    [post_id] => 109
    [original_len] => 34486
    [escaped_len] => 37684
    [original_first] => [{"id":"f9c36ab","elType":"container","settings":{"boxed_width":{"unit":"px","si
    [escaped_first] => '[{\"id\":\"f9c36ab\",\"elType\":\"container\",\"settings\":{\"boxed_width\":{\"
    [has_newlines] => NO
    [has_backslash] => YES
)

[2026-01-15 17:00:32] [24 MB] [export_table_data] Elementor escape check
    DATA: Array
(
    [post_id] => 110
    [original_len] => 25061
    [escaped_len] => 27956
    [original_first] => [{"id":"f9c36ab","elType":"container","settings":{"boxed_width":{"unit":"px","si
    [escaped_first] => '[{\"id\":\"f9c36ab\",\"elType\":\"container\",\"settings\":{\"boxed_width\":{\"
    [has_newlines] => NO
    [has_backslash] => YES
)

[2026-01-15 17:00:32] [24 MB] [export_table_data] Elementor escape check
    DATA: Array
(
    [post_id] => 111
    [original_len] => 101912
    [escaped_len] => 115538
    [original_first] => [{"id":"f9c36ab","elType":"container","settings":{"boxed_width":{"unit":"px","si
    [escaped_first] => '[{\"id\":\"f9c36ab\",\"elType\":\"container\",\"settings\":{\"boxed_width\":{\"
    [has_newlines] => NO
    [has_backslash] => YES
)

[2026-01-15 17:00:32] [24 MB] [export_table_data] Elementor escape check
    DATA: Array
(
    [post_id] => 112
    [original_len] => 34486
    [escaped_len] => 37684
    [original_first] => [{"id":"f9c36ab","elType":"container","settings":{"boxed_width":{"unit":"px","si
    [escaped_first] => '[{\"id\":\"f9c36ab\",\"elType\":\"container\",\"settings\":{\"boxed_width\":{\"
    [has_newlines] => NO
    [has_backslash] => YES
)

[2026-01-15 17:00:32] [24 MB] [export_table_data] Elementor escape check
    DATA: Array
(
    [post_id] => 113
    [original_len] => 34486
    [escaped_len] => 37684
    [original_first] => [{"id":"f9c36ab","elType":"container","settings":{"boxed_width":{"unit":"px","si
    [escaped_first] => '[{\"id\":\"f9c36ab\",\"elType\":\"container\",\"settings\":{\"boxed_width\":{\"
    [has_newlines] => NO
    [has_backslash] => YES
)

[2026-01-15 17:00:32] [24 MB] [export_table_data] Elementor escape check
    DATA: Array
(
    [post_id] => 114
    [original_len] => 34486
    [escaped_len] => 37684
    [original_first] => [{"id":"f9c36ab","elType":"container","settings":{"boxed_width":{"unit":"px","si
    [escaped_first] => '[{\"id\":\"f9c36ab\",\"elType\":\"container\",\"settings\":{\"boxed_width\":{\"
    [has_newlines] => NO
    [has_backslash] => YES
)

[2026-01-15 17:00:32] [24 MB] [export_table_data] Elementor escape check
    DATA: Array
(
    [post_id] => 115
    [original_len] => 36190
    [escaped_len] => 39349
    [original_first] => [{"id":"f9c36ab","elType":"container","settings":{"boxed_width":{"unit":"px","si
    [escaped_first] => '[{\"id\":\"f9c36ab\",\"elType\":\"container\",\"settings\":{\"boxed_width\":{\"
    [has_newlines] => NO
    [has_backslash] => YES
)

[2026-01-15 17:00:32] [24 MB] [export_table_data] Elementor escape check
    DATA: Array
(
    [post_id] => 116
    [original_len] => 79351
    [escaped_len] => 90663
    [original_first] => [{"id":"f9c36ab","elType":"container","settings":{"boxed_width":{"unit":"px","si
    [escaped_first] => '[{\"id\":\"f9c36ab\",\"elType\":\"container\",\"settings\":{\"boxed_width\":{\"
    [has_newlines] => NO
    [has_backslash] => YES
)

[2026-01-15 17:00:32] [24 MB] [export_table_data] Elementor escape check
    DATA: Array
(
    [post_id] => 117
    [original_len] => 34486
    [escaped_len] => 37684
    [original_first] => [{"id":"f9c36ab","elType":"container","settings":{"boxed_width":{"unit":"px","si
    [escaped_first] => '[{\"id\":\"f9c36ab\",\"elType\":\"container\",\"settings\":{\"boxed_width\":{\"
    [has_newlines] => NO
    [has_backslash] => YES
)

[2026-01-15 17:00:32] [24 MB] [export_table_data] Elementor escape check
    DATA: Array
(
    [post_id] => 118
    [original_len] => 34486
    [escaped_len] => 37684
    [original_first] => [{"id":"f9c36ab","elType":"container","settings":{"boxed_width":{"unit":"px","si
    [escaped_first] => '[{\"id\":\"f9c36ab\",\"elType\":\"container\",\"settings\":{\"boxed_width\":{\"
    [has_newlines] => NO
    [has_backslash] => YES
)

[2026-01-15 17:00:32] [24 MB] [export_table_data] Elementor escape check
    DATA: Array
(
    [post_id] => 119
    [original_len] => 34486
    [escaped_len] => 37684
    [original_first] => [{"id":"f9c36ab","elType":"container","settings":{"boxed_width":{"unit":"px","si
    [escaped_first] => '[{\"id\":\"f9c36ab\",\"elType\":\"container\",\"settings\":{\"boxed_width\":{\"
    [has_newlines] => NO
    [has_backslash] => YES
)

[2026-01-15 17:00:32] [24 MB] [export_table_data] Elementor escape check
    DATA: Array
(
    [post_id] => 120
    [original_len] => 32288
    [escaped_len] => 35425
    [original_first] => [{"id":"f9c36ab","elType":"container","settings":{"boxed_width":{"unit":"px","si
    [escaped_first] => '[{\"id\":\"f9c36ab\",\"elType\":\"container\",\"settings\":{\"boxed_width\":{\"
    [has_newlines] => NO
    [has_backslash] => YES
)

[2026-01-15 17:00:32] [24 MB] [export_table_data] Elementor escape check
    DATA: Array
(
    [post_id] => 121
    [original_len] => 24489
    [escaped_len] => 28269
    [original_first] => [{"id":"f9c36ab","elType":"container","settings":{"boxed_width":{"unit":"px","si
    [escaped_first] => '[{\"id\":\"f9c36ab\",\"elType\":\"container\",\"settings\":{\"boxed_width\":{\"
    [has_newlines] => NO
    [has_backslash] => YES
)

[2026-01-15 17:00:32] [24 MB] [export_table_data] Elementor escape check
    DATA: Array
(
    [post_id] => 122
    [original_len] => 34486
    [escaped_len] => 37684
    [original_first] => [{"id":"f9c36ab","elType":"container","settings":{"boxed_width":{"unit":"px","si
    [escaped_first] => '[{\"id\":\"f9c36ab\",\"elType\":\"container\",\"settings\":{\"boxed_width\":{\"
    [has_newlines] => NO
    [has_backslash] => YES
)

[2026-01-15 17:00:32] [24 MB] [export_table_data] Elementor escape check
    DATA: Array
(
    [post_id] => 123
    [original_len] => 34486
    [escaped_len] => 37684
    [original_first] => [{"id":"f9c36ab","elType":"container","settings":{"boxed_width":{"unit":"px","si
    [escaped_first] => '[{\"id\":\"f9c36ab\",\"elType\":\"container\",\"settings\":{\"boxed_width\":{\"
    [has_newlines] => NO
    [has_backslash] => YES
)

[2026-01-15 17:00:32] [24 MB] [export_table_data] Elementor escape check
    DATA: Array
(
    [post_id] => 124
    [original_len] => 34486
    [escaped_len] => 37684
    [original_first] => [{"id":"f9c36ab","elType":"container","settings":{"boxed_width":{"unit":"px","si
    [escaped_first] => '[{\"id\":\"f9c36ab\",\"elType\":\"container\",\"settings\":{\"boxed_width\":{\"
    [has_newlines] => NO
    [has_backslash] => YES
)

[2026-01-15 17:00:32] [24 MB] [export_table_data] Elementor escape check
    DATA: Array
(
    [post_id] => 125
    [original_len] => 18791
    [escaped_len] => 21496
    [original_first] => [{"id":"f9c36ab","elType":"container","settings":{"boxed_width":{"unit":"px","si
    [escaped_first] => '[{\"id\":\"f9c36ab\",\"elType\":\"container\",\"settings\":{\"boxed_width\":{\"
    [has_newlines] => NO
    [has_backslash] => YES
)

[2026-01-15 17:00:32] [24 MB] [export_table_data] Elementor escape check
    DATA: Array
(
    [post_id] => 126
    [original_len] => 39884
    [escaped_len] => 45435
    [original_first] => [{"id":"f9c36ab","elType":"container","settings":{"boxed_width":{"unit":"px","si
    [escaped_first] => '[{\"id\":\"f9c36ab\",\"elType\":\"container\",\"settings\":{\"boxed_width\":{\"
    [has_newlines] => NO
    [has_backslash] => YES
)

[2026-01-15 17:00:32] [24 MB] [export_table_data] Elementor escape check
    DATA: Array
(
    [post_id] => 127
    [original_len] => 34486
    [escaped_len] => 37684
    [original_first] => [{"id":"f9c36ab","elType":"container","settings":{"boxed_width":{"unit":"px","si
    [escaped_first] => '[{\"id\":\"f9c36ab\",\"elType\":\"container\",\"settings\":{\"boxed_width\":{\"
    [has_newlines] => NO
    [has_backslash] => YES
)

[2026-01-15 17:00:32] [24 MB] [export_table_data] Elementor escape check
    DATA: Array
(
    [post_id] => 128
    [original_len] => 34486
    [escaped_len] => 37684
    [original_first] => [{"id":"f9c36ab","elType":"container","settings":{"boxed_width":{"unit":"px","si
    [escaped_first] => '[{\"id\":\"f9c36ab\",\"elType\":\"container\",\"settings\":{\"boxed_width\":{\"
    [has_newlines] => NO
    [has_backslash] => YES
)

[2026-01-15 17:00:32] [24 MB] [export_table_data] Elementor escape check
    DATA: Array
(
    [post_id] => 129
    [original_len] => 34486
    [escaped_len] => 37684
    [original_first] => [{"id":"f9c36ab","elType":"container","settings":{"boxed_width":{"unit":"px","si
    [escaped_first] => '[{\"id\":\"f9c36ab\",\"elType\":\"container\",\"settings\":{\"boxed_width\":{\"
    [has_newlines] => NO
    [has_backslash] => YES
)

[2026-01-15 17:00:32] [24 MB] [export_table_data] Elementor escape check
    DATA: Array
(
    [post_id] => 130
    [original_len] => 27053
    [escaped_len] => 30323
    [original_first] => [{"id":"f9c36ab","elType":"container","settings":{"boxed_width":{"unit":"px","si
    [escaped_first] => '[{\"id\":\"f9c36ab\",\"elType\":\"container\",\"settings\":{\"boxed_width\":{\"
    [has_newlines] => NO
    [has_backslash] => YES
)

[2026-01-15 17:00:32] [22 MB] [export_table_data] Elementor escape check
    DATA: Array
(
    [post_id] => 141
    [original_len] => 11835
    [escaped_len] => 16186
    [original_first] => [{"id":"1bd79c1e","elType":"container","settings":{"layout":"full_width","flex_g
    [escaped_first] => '[{\"id\":\"1bd79c1e\",\"elType\":\"container\",\"settings\":{\"layout\":\"full_
    [has_newlines] => NO
    [has_backslash] => YES
)

[2026-01-15 17:00:32] [22 MB] [export_table_data] Elementor escape check
    DATA: Array
(
    [post_id] => 142
    [original_len] => 36580
    [escaped_len] => 42321
    [original_first] => [{"id":"f9c36ab","elType":"container","settings":{"boxed_width":{"unit":"px","si
    [escaped_first] => '[{\"id\":\"f9c36ab\",\"elType\":\"container\",\"settings\":{\"boxed_width\":{\"
    [has_newlines] => NO
    [has_backslash] => YES
)

[2026-01-15 17:00:32] [22 MB] [export_table_data] Elementor escape check
    DATA: Array
(
    [post_id] => 143
    [original_len] => 34486
    [escaped_len] => 37684
    [original_first] => [{"id":"f9c36ab","elType":"container","settings":{"boxed_width":{"unit":"px","si
    [escaped_first] => '[{\"id\":\"f9c36ab\",\"elType\":\"container\",\"settings\":{\"boxed_width\":{\"
    [has_newlines] => NO
    [has_backslash] => YES
)

[2026-01-15 17:00:32] [22 MB] [export_table_data] Elementor escape check
    DATA: Array
(
    [post_id] => 144
    [original_len] => 34486
    [escaped_len] => 37684
    [original_first] => [{"id":"f9c36ab","elType":"container","settings":{"boxed_width":{"unit":"px","si
    [escaped_first] => '[{\"id\":\"f9c36ab\",\"elType\":\"container\",\"settings\":{\"boxed_width\":{\"
    [has_newlines] => NO
    [has_backslash] => YES
)

[2026-01-15 17:00:32] [22 MB] [export_table_data] Elementor escape check
    DATA: Array
(
    [post_id] => 145
    [original_len] => 34486
    [escaped_len] => 37684
    [original_first] => [{"id":"f9c36ab","elType":"container","settings":{"boxed_width":{"unit":"px","si
    [escaped_first] => '[{\"id\":\"f9c36ab\",\"elType\":\"container\",\"settings\":{\"boxed_width\":{\"
    [has_newlines] => NO
    [has_backslash] => YES
)

[2026-01-15 17:00:32] [22 MB] [export_table_data] Elementor escape check
    DATA: Array
(
    [post_id] => 146
    [original_len] => 19718
    [escaped_len] => 22468
    [original_first] => [{"id":"f9c36ab","elType":"container","settings":{"boxed_width":{"unit":"px","si
    [escaped_first] => '[{\"id\":\"f9c36ab\",\"elType\":\"container\",\"settings\":{\"boxed_width\":{\"
    [has_newlines] => NO
    [has_backslash] => YES
)

[2026-01-15 17:00:32] [22 MB] [export_table_data] Elementor escape check
    DATA: Array
(
    [post_id] => 147
    [original_len] => 32650
    [escaped_len] => 37707
    [original_first] => [{"id":"f9c36ab","elType":"container","settings":{"boxed_width":{"unit":"px","si
    [escaped_first] => '[{\"id\":\"f9c36ab\",\"elType\":\"container\",\"settings\":{\"boxed_width\":{\"
    [has_newlines] => NO
    [has_backslash] => YES
)

[2026-01-15 17:00:32] [22 MB] [export_table_data] Elementor escape check
    DATA: Array
(
    [post_id] => 148
    [original_len] => 34486
    [escaped_len] => 37684
    [original_first] => [{"id":"f9c36ab","elType":"container","settings":{"boxed_width":{"unit":"px","si
    [escaped_first] => '[{\"id\":\"f9c36ab\",\"elType\":\"container\",\"settings\":{\"boxed_width\":{\"
    [has_newlines] => NO
    [has_backslash] => YES
)

[2026-01-15 17:00:32] [22 MB] [export_table_data] Elementor escape check
    DATA: Array
(
    [post_id] => 149
    [original_len] => 34486
    [escaped_len] => 37684
    [original_first] => [{"id":"f9c36ab","elType":"container","settings":{"boxed_width":{"unit":"px","si
    [escaped_first] => '[{\"id\":\"f9c36ab\",\"elType\":\"container\",\"settings\":{\"boxed_width\":{\"
    [has_newlines] => NO
    [has_backslash] => YES
)

[2026-01-15 17:00:32] [22 MB] [export_table_data] Elementor escape check
    DATA: Array
(
    [post_id] => 150
    [original_len] => 34486
    [escaped_len] => 37684
    [original_first] => [{"id":"f9c36ab","elType":"container","settings":{"boxed_width":{"unit":"px","si
    [escaped_first] => '[{\"id\":\"f9c36ab\",\"elType\":\"container\",\"settings\":{\"boxed_width\":{\"
    [has_newlines] => NO
    [has_backslash] => YES
)

[2026-01-15 17:00:32] [22 MB] [export_table_data] Elementor escape check
    DATA: Array
(
    [post_id] => 151
    [original_len] => 18839
    [escaped_len] => 21501
    [original_first] => [{"id":"f9c36ab","elType":"container","settings":{"boxed_width":{"unit":"px","si
    [escaped_first] => '[{\"id\":\"f9c36ab\",\"elType\":\"container\",\"settings\":{\"boxed_width\":{\"
    [has_newlines] => NO
    [has_backslash] => YES
)

[2026-01-15 17:00:32] [22 MB] [export_table_data] Elementor escape check
    DATA: Array
(
    [post_id] => 152
    [original_len] => 39048
    [escaped_len] => 45002
    [original_first] => [{"id":"f9c36ab","elType":"container","settings":{"boxed_width":{"unit":"px","si
    [escaped_first] => '[{\"id\":\"f9c36ab\",\"elType\":\"container\",\"settings\":{\"boxed_width\":{\"
    [has_newlines] => NO
    [has_backslash] => YES
)

[2026-01-15 17:00:32] [22 MB] [export_table_data] Elementor escape check
    DATA: Array
(
    [post_id] => 153
    [original_len] => 34486
    [escaped_len] => 37684
    [original_first] => [{"id":"f9c36ab","elType":"container","settings":{"boxed_width":{"unit":"px","si
    [escaped_first] => '[{\"id\":\"f9c36ab\",\"elType\":\"container\",\"settings\":{\"boxed_width\":{\"
    [has_newlines] => NO
    [has_backslash] => YES
)

[2026-01-15 17:00:32] [22 MB] [export_table_data] Elementor escape check
    DATA: Array
(
    [post_id] => 154
    [original_len] => 34486
    [escaped_len] => 37684
    [original_first] => [{"id":"f9c36ab","elType":"container","settings":{"boxed_width":{"unit":"px","si
    [escaped_first] => '[{\"id\":\"f9c36ab\",\"elType\":\"container\",\"settings\":{\"boxed_width\":{\"
    [has_newlines] => NO
    [has_backslash] => YES
)

[2026-01-15 17:00:32] [22 MB] [export_table_data] Elementor escape check
    DATA: Array
(
    [post_id] => 155
    [original_len] => 34486
    [escaped_len] => 37684
    [original_first] => [{"id":"f9c36ab","elType":"container","settings":{"boxed_width":{"unit":"px","si
    [escaped_first] => '[{\"id\":\"f9c36ab\",\"elType\":\"container\",\"settings\":{\"boxed_width\":{\"
    [has_newlines] => NO
    [has_backslash] => YES
)

[2026-01-15 17:00:32] [22 MB] [export_table_data] Elementor escape check
    DATA: Array
(
    [post_id] => 156
    [original_len] => 20334
    [escaped_len] => 22882
    [original_first] => [{"id":"f9c36ab","elType":"container","settings":{"boxed_width":{"unit":"px","si
    [escaped_first] => '[{\"id\":\"f9c36ab\",\"elType\":\"container\",\"settings\":{\"boxed_width\":{\"
    [has_newlines] => NO
    [has_backslash] => YES
)

[2026-01-15 17:00:32] [22 MB] [export_table_data] Elementor escape check
    DATA: Array
(
    [post_id] => 157
    [original_len] => 32203
    [escaped_len] => 37460
    [original_first] => [{"id":"f9c36ab","elType":"container","settings":{"boxed_width":{"unit":"px","si
    [escaped_first] => '[{\"id\":\"f9c36ab\",\"elType\":\"container\",\"settings\":{\"boxed_width\":{\"
    [has_newlines] => NO
    [has_backslash] => YES
)

[2026-01-15 17:00:32] [22 MB] [export_table_data] Elementor escape check
    DATA: Array
(
    [post_id] => 158
    [original_len] => 34486
    [escaped_len] => 37684
    [original_first] => [{"id":"f9c36ab","elType":"container","settings":{"boxed_width":{"unit":"px","si
    [escaped_first] => '[{\"id\":\"f9c36ab\",\"elType\":\"container\",\"settings\":{\"boxed_width\":{\"
    [has_newlines] => NO
    [has_backslash] => YES
)

[2026-01-15 17:00:32] [22 MB] [export_table_data] Elementor escape check
    DATA: Array
(
    [post_id] => 159
    [original_len] => 34486
    [escaped_len] => 37684
    [original_first] => [{"id":"f9c36ab","elType":"container","settings":{"boxed_width":{"unit":"px","si
    [escaped_first] => '[{\"id\":\"f9c36ab\",\"elType\":\"container\",\"settings\":{\"boxed_width\":{\"
    [has_newlines] => NO
    [has_backslash] => YES
)

[2026-01-15 17:00:32] [22 MB] [export_table_data] Elementor escape check
    DATA: Array
(
    [post_id] => 160
    [original_len] => 34486
    [escaped_len] => 37684
    [original_first] => [{"id":"f9c36ab","elType":"container","settings":{"boxed_width":{"unit":"px","si
    [escaped_first] => '[{\"id\":\"f9c36ab\",\"elType\":\"container\",\"settings\":{\"boxed_width\":{\"
    [has_newlines] => NO
    [has_backslash] => YES
)

[2026-01-15 17:00:32] [22 MB] [export_table_data] Elementor escape check
    DATA: Array
(
    [post_id] => 161
    [original_len] => 16409
    [escaped_len] => 19029
    [original_first] => [{"id":"f9c36ab","elType":"container","settings":{"boxed_width":{"unit":"px","si
    [escaped_first] => '[{\"id\":\"f9c36ab\",\"elType\":\"container\",\"settings\":{\"boxed_width\":{\"
    [has_newlines] => NO
    [has_backslash] => YES
)

[2026-01-15 17:00:33] [30 MB] [export_table_data] Elementor escape check
    DATA: Array
(
    [post_id] => 162
    [original_len] => 37235
    [escaped_len] => 42972
    [original_first] => [{"id":"f9c36ab","elType":"container","settings":{"boxed_width":{"unit":"px","si
    [escaped_first] => '[{\"id\":\"f9c36ab\",\"elType\":\"container\",\"settings\":{\"boxed_width\":{\"
    [has_newlines] => NO
    [has_backslash] => YES
)

[2026-01-15 17:00:33] [30 MB] [export_table_data] Elementor escape check
    DATA: Array
(
    [post_id] => 163
    [original_len] => 28254
    [escaped_len] => 32795
    [original_first] => [{"id":"f9c36ab","elType":"container","settings":{"boxed_width":{"unit":"px","si
    [escaped_first] => '[{\"id\":\"f9c36ab\",\"elType\":\"container\",\"settings\":{\"boxed_width\":{\"
    [has_newlines] => NO
    [has_backslash] => YES
)

[2026-01-15 17:00:33] [30 MB] [export_table_data] Elementor escape check
    DATA: Array
(
    [post_id] => 164
    [original_len] => 34486
    [escaped_len] => 37684
    [original_first] => [{"id":"f9c36ab","elType":"container","settings":{"boxed_width":{"unit":"px","si
    [escaped_first] => '[{\"id\":\"f9c36ab\",\"elType\":\"container\",\"settings\":{\"boxed_width\":{\"
    [has_newlines] => NO
    [has_backslash] => YES
)

[2026-01-15 17:00:33] [30 MB] [export_table_data] Elementor escape check
    DATA: Array
(
    [post_id] => 165
    [original_len] => 34486
    [escaped_len] => 37684
    [original_first] => [{"id":"f9c36ab","elType":"container","settings":{"boxed_width":{"unit":"px","si
    [escaped_first] => '[{\"id\":\"f9c36ab\",\"elType\":\"container\",\"settings\":{\"boxed_width\":{\"
    [has_newlines] => NO
    [has_backslash] => YES
)

[2026-01-15 17:00:33] [30 MB] [export_table_data] Elementor escape check
    DATA: Array
(
    [post_id] => 166
    [original_len] => 34486
    [escaped_len] => 37684
    [original_first] => [{"id":"f9c36ab","elType":"container","settings":{"boxed_width":{"unit":"px","si
    [escaped_first] => '[{\"id\":\"f9c36ab\",\"elType\":\"container\",\"settings\":{\"boxed_width\":{\"
    [has_newlines] => NO
    [has_backslash] => YES
)

[2026-01-15 17:00:33] [30 MB] [export_table_data] Elementor escape check
    DATA: Array
(
    [post_id] => 167
    [original_len] => 17967
    [escaped_len] => 20359
    [original_first] => [{"id":"f9c36ab","elType":"container","settings":{"boxed_width":{"unit":"px","si
    [escaped_first] => '[{\"id\":\"f9c36ab\",\"elType\":\"container\",\"settings\":{\"boxed_width\":{\"
    [has_newlines] => NO
    [has_backslash] => YES
)

[2026-01-15 17:00:33] [30 MB] [export_table_data] Elementor escape check
    DATA: Array
(
    [post_id] => 168
    [original_len] => 34486
    [escaped_len] => 37684
    [original_first] => [{"id":"f9c36ab","elType":"container","settings":{"boxed_width":{"unit":"px","si
    [escaped_first] => '[{\"id\":\"f9c36ab\",\"elType\":\"container\",\"settings\":{\"boxed_width\":{\"
    [has_newlines] => NO
    [has_backslash] => YES
)

[2026-01-15 17:00:33] [30 MB] [export_table_data] Elementor escape check
    DATA: Array
(
    [post_id] => 169
    [original_len] => 34486
    [escaped_len] => 37684
    [original_first] => [{"id":"f9c36ab","elType":"container","settings":{"boxed_width":{"unit":"px","si
    [escaped_first] => '[{\"id\":\"f9c36ab\",\"elType\":\"container\",\"settings\":{\"boxed_width\":{\"
    [has_newlines] => NO
    [has_backslash] => YES
)

[2026-01-15 17:00:33] [30 MB] [export_table_data] Elementor escape check
    DATA: Array
(
    [post_id] => 170
    [original_len] => 34486
    [escaped_len] => 37684
    [original_first] => [{"id":"f9c36ab","elType":"container","settings":{"boxed_width":{"unit":"px","si
    [escaped_first] => '[{\"id\":\"f9c36ab\",\"elType\":\"container\",\"settings\":{\"boxed_width\":{\"
    [has_newlines] => NO
    [has_backslash] => YES
)

[2026-01-15 17:00:33] [30 MB] [export_table_data] Elementor escape check
    DATA: Array
(
    [post_id] => 171
    [original_len] => 17050
    [escaped_len] => 19501
    [original_first] => [{"id":"f9c36ab","elType":"container","settings":{"boxed_width":{"unit":"px","si
    [escaped_first] => '[{\"id\":\"f9c36ab\",\"elType\":\"container\",\"settings\":{\"boxed_width\":{\"
    [has_newlines] => NO
    [has_backslash] => YES
)

[2026-01-15 17:00:33] [32 MB] [export_table_data] Elementor escape check
    DATA: Array
(
    [post_id] => 175
    [original_len] => 24675
    [escaped_len] => 37203
    [original_first] => [{"id":"1a24872a","elType":"container","settings":{"layout":"full_width","flex_g
    [escaped_first] => '[{\"id\":\"1a24872a\",\"elType\":\"container\",\"settings\":{\"layout\":\"full_
    [has_newlines] => NO
    [has_backslash] => YES
)

[2026-01-15 17:00:33] [32 MB] [export_table_data] Elementor escape check
    DATA: Array
(
    [post_id] => 173
    [original_len] => 15617
    [escaped_len] => 20388
    [original_first] => [{"id":"2c35d47","elType":"container","settings":{"layout":"full_width","flex_ga
    [escaped_first] => '[{\"id\":\"2c35d47\",\"elType\":\"container\",\"settings\":{\"layout\":\"full_w
    [has_newlines] => NO
    [has_backslash] => YES
)

[2026-01-15 17:00:33] [32 MB] [export_table_data] Elementor escape check
    DATA: Array
(
    [post_id] => 182
    [original_len] => 17222
    [escaped_len] => 24580
    [original_first] => [{"id":"2c35d47","elType":"container","settings":{"layout":"full_width","flex_ga
    [escaped_first] => '[{\"id\":\"2c35d47\",\"elType\":\"container\",\"settings\":{\"layout\":\"full_w
    [has_newlines] => NO
    [has_backslash] => YES
)

[2026-01-15 17:00:33] [32 MB] [export_table_data] Elementor escape check
    DATA: Array
(
    [post_id] => 183
    [original_len] => 56233
    [escaped_len] => 63980
    [original_first] => [{"id":"f9c36ab","elType":"container","settings":{"boxed_width":{"unit":"px","si
    [escaped_first] => '[{\"id\":\"f9c36ab\",\"elType\":\"container\",\"settings\":{\"boxed_width\":{\"
    [has_newlines] => NO
    [has_backslash] => YES
)

[2026-01-15 17:00:33] [32 MB] [export_table_data] Elementor escape check
    DATA: Array
(
    [post_id] => 184
    [original_len] => 20334
    [escaped_len] => 22882
    [original_first] => [{"id":"f9c36ab","elType":"container","settings":{"boxed_width":{"unit":"px","si
    [escaped_first] => '[{\"id\":\"f9c36ab\",\"elType\":\"container\",\"settings\":{\"boxed_width\":{\"
    [has_newlines] => NO
    [has_backslash] => YES
)

[2026-01-15 17:00:33] [32 MB] [export_table_data] Elementor escape check
    DATA: Array
(
    [post_id] => 185
    [original_len] => 20334
    [escaped_len] => 22882
    [original_first] => [{"id":"f9c36ab","elType":"container","settings":{"boxed_width":{"unit":"px","si
    [escaped_first] => '[{\"id\":\"f9c36ab\",\"elType\":\"container\",\"settings\":{\"boxed_width\":{\"
    [has_newlines] => NO
    [has_backslash] => YES
)

[2026-01-15 17:00:33] [32 MB] [export_table_data] Elementor escape check
    DATA: Array
(
    [post_id] => 186
    [original_len] => 20334
    [escaped_len] => 22882
    [original_first] => [{"id":"f9c36ab","elType":"container","settings":{"boxed_width":{"unit":"px","si
    [escaped_first] => '[{\"id\":\"f9c36ab\",\"elType\":\"container\",\"settings\":{\"boxed_width\":{\"
    [has_newlines] => NO
    [has_backslash] => YES
)

[2026-01-15 17:00:33] [32 MB] [export_table_data] Elementor escape check
    DATA: Array
(
    [post_id] => 187
    [original_len] => 29308
    [escaped_len] => 32464
    [original_first] => [{"id":"f9c36ab","elType":"container","settings":{"boxed_width":{"unit":"px","si
    [escaped_first] => '[{\"id\":\"f9c36ab\",\"elType\":\"container\",\"settings\":{\"boxed_width\":{\"
    [has_newlines] => NO
    [has_backslash] => YES
)

[2026-01-15 17:00:33] [30 MB] [export_table_data] Elementor escape check
    DATA: Array
(
    [post_id] => 196
    [original_len] => 11921
    [escaped_len] => 16286
    [original_first] => [{"id":"1bd79c1e","elType":"container","settings":{"layout":"full_width","flex_g
    [escaped_first] => '[{\"id\":\"1bd79c1e\",\"elType\":\"container\",\"settings\":{\"layout\":\"full_
    [has_newlines] => NO
    [has_backslash] => YES
)

[2026-01-15 17:00:33] [30 MB] [export_table_data] Elementor escape check
    DATA: Array
(
    [post_id] => 197
    [original_len] => 11947
    [escaped_len] => 16313
    [original_first] => [{"id":"1bd79c1e","elType":"container","settings":{"layout":"full_width","flex_g
    [escaped_first] => '[{\"id\":\"1bd79c1e\",\"elType\":\"container\",\"settings\":{\"layout\":\"full_
    [has_newlines] => NO
    [has_backslash] => YES
)

[2026-01-15 17:00:33] [30 MB] [export_table_data] Elementor escape check
    DATA: Array
(
    [post_id] => 198
    [original_len] => 11954
    [escaped_len] => 16320
    [original_first] => [{"id":"1bd79c1e","elType":"container","settings":{"layout":"full_width","flex_g
    [escaped_first] => '[{\"id\":\"1bd79c1e\",\"elType\":\"container\",\"settings\":{\"layout\":\"full_
    [has_newlines] => NO
    [has_backslash] => YES
)

[2026-01-15 17:00:33] [30 MB] [export_table_data] Elementor escape check
    DATA: Array
(
    [post_id] => 199
    [original_len] => 11947
    [escaped_len] => 16313
    [original_first] => [{"id":"1bd79c1e","elType":"container","settings":{"layout":"full_width","flex_g
    [escaped_first] => '[{\"id\":\"1bd79c1e\",\"elType\":\"container\",\"settings\":{\"layout\":\"full_
    [has_newlines] => NO
    [has_backslash] => YES
)

[2026-01-15 17:00:33] [30 MB] [export_table_data] Elementor escape check
    DATA: Array
(
    [post_id] => 205
    [original_len] => 16805
    [escaped_len] => 28188
    [original_first] => [{"id":"7624a61a","elType":"container","settings":{"layout":"full_width","flex_g
    [escaped_first] => '[{\"id\":\"7624a61a\",\"elType\":\"container\",\"settings\":{\"layout\":\"full_
    [has_newlines] => NO
    [has_backslash] => YES
)

[2026-01-15 17:00:33] [30 MB] [export_table_data] Elementor escape check
    DATA: Array
(
    [post_id] => 206
    [original_len] => 13892
    [escaped_len] => 24862
    [original_first] => [{"id":"7624a61a","elType":"container","settings":{"layout":"full_width","flex_g
    [escaped_first] => '[{\"id\":\"7624a61a\",\"elType\":\"container\",\"settings\":{\"layout\":\"full_
    [has_newlines] => NO
    [has_backslash] => YES
)

[2026-01-15 17:00:33] [30 MB] [export_table_data] Elementor escape check
    DATA: Array
(
    [post_id] => 207
    [original_len] => 12100
    [escaped_len] => 16481
    [original_first] => [{"id":"1bd79c1e","elType":"container","settings":{"layout":"full_width","flex_g
    [escaped_first] => '[{\"id\":\"1bd79c1e\",\"elType\":\"container\",\"settings\":{\"layout\":\"full_
    [has_newlines] => NO
    [has_backslash] => YES
)

[2026-01-15 17:00:33] [30 MB] [export_table_data] Elementor escape check
    DATA: Array
(
    [post_id] => 211
    [original_len] => 67846
    [escaped_len] => 93635
    [original_first] => [{"id":"1281a45","elType":"container","settings":{"layout":"full_width","flex_ga
    [escaped_first] => '[{\"id\":\"1281a45\",\"elType\":\"container\",\"settings\":{\"layout\":\"full_w
    [has_newlines] => NO
    [has_backslash] => YES
)

[2026-01-15 17:00:33] [30 MB] [export_table_data] Elementor escape check
    DATA: Array
(
    [post_id] => 212
    [original_len] => 67846
    [escaped_len] => 93635
    [original_first] => [{"id":"1281a45","elType":"container","settings":{"layout":"full_width","flex_ga
    [escaped_first] => '[{\"id\":\"1281a45\",\"elType\":\"container\",\"settings\":{\"layout\":\"full_w
    [has_newlines] => NO
    [has_backslash] => YES
)

[2026-01-15 17:00:33] [30 MB] [export_table_data] Elementor escape check
    DATA: Array
(
    [post_id] => 213
    [original_len] => 69691
    [escaped_len] => 95981
    [original_first] => [{"id":"1281a45","elType":"container","settings":{"layout":"full_width","flex_ga
    [escaped_first] => '[{\"id\":\"1281a45\",\"elType\":\"container\",\"settings\":{\"layout\":\"full_w
    [has_newlines] => NO
    [has_backslash] => YES
)

[2026-01-15 17:00:33] [30 MB] [export_table_data] Elementor escape check
    DATA: Array
(
    [post_id] => 215
    [original_len] => 12282
    [escaped_len] => 23022
    [original_first] => [{"id":"7624a61a","elType":"container","settings":{"layout":"full_width","flex_g
    [escaped_first] => '[{\"id\":\"7624a61a\",\"elType\":\"container\",\"settings\":{\"layout\":\"full_
    [has_newlines] => NO
    [has_backslash] => YES
)

[2026-01-15 17:00:33] [30 MB] [export_table_data] Elementor escape check
    DATA: Array
(
    [post_id] => 216
    [original_len] => 12295
    [escaped_len] => 23037
    [original_first] => [{"id":"7624a61a","elType":"container","settings":{"layout":"full_width","flex_g
    [escaped_first] => '[{\"id\":\"7624a61a\",\"elType\":\"container\",\"settings\":{\"layout\":\"full_
    [has_newlines] => NO
    [has_backslash] => YES
)

[2026-01-15 17:00:33] [30 MB] [export_table_data] Elementor escape check
    DATA: Array
(
    [post_id] => 218
    [original_len] => 69691
    [escaped_len] => 95981
    [original_first] => [{"id":"1281a45","elType":"container","settings":{"layout":"full_width","flex_ga
    [escaped_first] => '[{\"id\":\"1281a45\",\"elType\":\"container\",\"settings\":{\"layout\":\"full_w
    [has_newlines] => NO
    [has_backslash] => YES
)

[2026-01-15 17:00:33] [30 MB] [export_table_data] Elementor escape check
    DATA: Array
(
    [post_id] => 219
    [original_len] => 69691
    [escaped_len] => 95981
    [original_first] => [{"id":"1281a45","elType":"container","settings":{"layout":"full_width","flex_ga
    [escaped_first] => '[{\"id\":\"1281a45\",\"elType\":\"container\",\"settings\":{\"layout\":\"full_w
    [has_newlines] => NO
    [has_backslash] => YES
)

[2026-01-15 17:00:33] [30 MB] [export_table_data] Elementor escape check
    DATA: Array
(
    [post_id] => 220
    [original_len] => 65143
    [escaped_len] => 88867
    [original_first] => [{"id":"1281a45","elType":"container","settings":{"layout":"full_width","flex_ga
    [escaped_first] => '[{\"id\":\"1281a45\",\"elType\":\"container\",\"settings\":{\"layout\":\"full_w
    [has_newlines] => NO
    [has_backslash] => YES
)

[2026-01-15 17:00:33] [30 MB] [export_table_data] Elementor escape check
    DATA: Array
(
    [post_id] => 222
    [original_len] => 13319
    [escaped_len] => 28994
    [original_first] => [{"id":"1bd79c1e","elType":"container","settings":{"layout":"full_width","flex_g
    [escaped_first] => '[{\"id\":\"1bd79c1e\",\"elType\":\"container\",\"settings\":{\"layout\":\"full_
    [has_newlines] => NO
    [has_backslash] => YES
)

[2026-01-15 17:00:33] [30 MB] [export_table_data] Elementor escape check
    DATA: Array
(
    [post_id] => 223
    [original_len] => 13405
    [escaped_len] => 29098
    [original_first] => [{"id":"1bd79c1e","elType":"container","settings":{"layout":"full_width","flex_g
    [escaped_first] => '[{\"id\":\"1bd79c1e\",\"elType\":\"container\",\"settings\":{\"layout\":\"full_
    [has_newlines] => NO
    [has_backslash] => YES
)

[2026-01-15 17:00:33] [32 MB] [export_table_data] Elementor escape check
    DATA: Array
(
    [post_id] => 224
    [original_len] => 65143
    [escaped_len] => 88867
    [original_first] => [{"id":"1281a45","elType":"container","settings":{"layout":"full_width","flex_ga
    [escaped_first] => '[{\"id\":\"1281a45\",\"elType\":\"container\",\"settings\":{\"layout\":\"full_w
    [has_newlines] => NO
    [has_backslash] => YES
)

[2026-01-15 17:00:33] [32 MB] [export_table_data] Elementor escape check
    DATA: Array
(
    [post_id] => 225
    [original_len] => 65143
    [escaped_len] => 88867
    [original_first] => [{"id":"1281a45","elType":"container","settings":{"layout":"full_width","flex_ga
    [escaped_first] => '[{\"id\":\"1281a45\",\"elType\":\"container\",\"settings\":{\"layout\":\"full_w
    [has_newlines] => NO
    [has_backslash] => YES
)

[2026-01-15 17:00:33] [32 MB] [export_table_data] Elementor escape check
    DATA: Array
(
    [post_id] => 226
    [original_len] => 64877
    [escaped_len] => 88561
    [original_first] => [{"id":"1281a45","elType":"container","settings":{"layout":"full_width","flex_ga
    [escaped_first] => '[{\"id\":\"1281a45\",\"elType\":\"container\",\"settings\":{\"layout\":\"full_w
    [has_newlines] => NO
    [has_backslash] => YES
)

[2026-01-15 17:00:33] [32 MB] [export_table_data] Elementor escape check
    DATA: Array
(
    [post_id] => 230
    [original_len] => 27507
    [escaped_len] => 30913
    [original_first] => [{"id":"f9c36ab","elType":"container","settings":{"boxed_width":{"unit":"px","si
    [escaped_first] => '[{\"id\":\"f9c36ab\",\"elType\":\"container\",\"settings\":{\"boxed_width\":{\"
    [has_newlines] => NO
    [has_backslash] => YES
)

[2026-01-15 17:00:33] [32 MB] [export_table_data] Elementor escape check
    DATA: Array
(
    [post_id] => 231
    [original_len] => 27507
    [escaped_len] => 30913
    [original_first] => [{"id":"f9c36ab","elType":"container","settings":{"boxed_width":{"unit":"px","si
    [escaped_first] => '[{\"id\":\"f9c36ab\",\"elType\":\"container\",\"settings\":{\"boxed_width\":{\"
    [has_newlines] => NO
    [has_backslash] => YES
)

[2026-01-15 17:00:33] [32 MB] [export_table_data] Elementor escape check
    DATA: Array
(
    [post_id] => 232
    [original_len] => 42981
    [escaped_len] => 49136
    [original_first] => [{"id":"f9c36ab","elType":"container","settings":{"boxed_width":{"unit":"px","si
    [escaped_first] => '[{\"id\":\"f9c36ab\",\"elType\":\"container\",\"settings\":{\"boxed_width\":{\"
    [has_newlines] => NO
    [has_backslash] => YES
)

[2026-01-15 17:00:33] [32 MB] [export_table_data] Elementor escape check
    DATA: Array
(
    [post_id] => 248
    [original_len] => 1958
    [escaped_len] => 2374
    [original_first] => [{"id":"7f400b9","elType":"container","settings":{"flex_direction":"row","flex_g
    [escaped_first] => '[{\"id\":\"7f400b9\",\"elType\":\"container\",\"settings\":{\"flex_direction\":
    [has_newlines] => NO
    [has_backslash] => YES
)

[2026-01-15 17:00:33] [32 MB] [export_table_data] Elementor escape check
    DATA: Array
(
    [post_id] => 249
    [original_len] => 1958
    [escaped_len] => 2374
    [original_first] => [{"id":"7f400b9","elType":"container","settings":{"flex_direction":"row","flex_g
    [escaped_first] => '[{\"id\":\"7f400b9\",\"elType\":\"container\",\"settings\":{\"flex_direction\":
    [has_newlines] => NO
    [has_backslash] => YES
)

[2026-01-15 17:00:33] [32 MB] [export_table_data] Elementor escape check
    DATA: Array
(
    [post_id] => 250
    [original_len] => 4950
    [escaped_len] => 6301
    [original_first] => [{"id":"7f400b9","elType":"container","settings":{"flex_direction":"row","flex_g
    [escaped_first] => '[{\"id\":\"7f400b9\",\"elType\":\"container\",\"settings\":{\"flex_direction\":
    [has_newlines] => NO
    [has_backslash] => YES
)

[2026-01-15 17:00:33] [32 MB] [export_table_data] Elementor escape check
    DATA: Array
(
    [post_id] => 253
    [original_len] => 35558
    [escaped_len] => 39002
    [original_first] => [{"id":"f9c36ab","elType":"container","settings":{"boxed_width":{"unit":"px","si
    [escaped_first] => '[{\"id\":\"f9c36ab\",\"elType\":\"container\",\"settings\":{\"boxed_width\":{\"
    [has_newlines] => NO
    [has_backslash] => YES
)

[2026-01-15 17:00:33] [32 MB] [export_table_data] Elementor escape check
    DATA: Array
(
    [post_id] => 254
    [original_len] => 35558
    [escaped_len] => 39002
    [original_first] => [{"id":"f9c36ab","elType":"container","settings":{"boxed_width":{"unit":"px","si
    [escaped_first] => '[{\"id\":\"f9c36ab\",\"elType\":\"container\",\"settings\":{\"boxed_width\":{\"
    [has_newlines] => NO
    [has_backslash] => YES
)

[2026-01-15 17:00:33] [32 MB] [export_table_data] Elementor escape check
    DATA: Array
(
    [post_id] => 255
    [original_len] => 70328
    [escaped_len] => 80150
    [original_first] => [{"id":"f9c36ab","elType":"container","settings":{"boxed_width":{"unit":"px","si
    [escaped_first] => '[{\"id\":\"f9c36ab\",\"elType\":\"container\",\"settings\":{\"boxed_width\":{\"
    [has_newlines] => NO
    [has_backslash] => YES
)

[2026-01-15 17:00:33] [32 MB] [export_table_data] Elementor escape check
    DATA: Array
(
    [post_id] => 256
    [original_len] => 70328
    [escaped_len] => 80150
    [original_first] => [{"id":"f9c36ab","elType":"container","settings":{"boxed_width":{"unit":"px","si
    [escaped_first] => '[{\"id\":\"f9c36ab\",\"elType\":\"container\",\"settings\":{\"boxed_width\":{\"
    [has_newlines] => NO
    [has_backslash] => YES
)

[2026-01-15 17:00:33] [32 MB] [export_table_data] Elementor escape check
    DATA: Array
(
    [post_id] => 257
    [original_len] => 70328
    [escaped_len] => 80150
    [original_first] => [{"id":"f9c36ab","elType":"container","settings":{"boxed_width":{"unit":"px","si
    [escaped_first] => '[{\"id\":\"f9c36ab\",\"elType\":\"container\",\"settings\":{\"boxed_width\":{\"
    [has_newlines] => NO
    [has_backslash] => YES
)

[2026-01-15 17:00:33] [32 MB] [export_table_data] Elementor escape check
    DATA: Array
(
    [post_id] => 258
    [original_len] => 70385
    [escaped_len] => 80214
    [original_first] => [{"id":"f9c36ab","elType":"container","settings":{"boxed_width":{"unit":"px","si
    [escaped_first] => '[{\"id\":\"f9c36ab\",\"elType\":\"container\",\"settings\":{\"boxed_width\":{\"
    [has_newlines] => NO
    [has_backslash] => YES
)

[2026-01-15 17:00:33] [32 MB] [export_table_data] Elementor escape check
    DATA: Array
(
    [post_id] => 259
    [original_len] => 42981
    [escaped_len] => 49136
    [original_first] => [{"id":"f9c36ab","elType":"container","settings":{"boxed_width":{"unit":"px","si
    [escaped_first] => '[{\"id\":\"f9c36ab\",\"elType\":\"container\",\"settings\":{\"boxed_width\":{\"
    [has_newlines] => NO
    [has_backslash] => YES
)

[2026-01-15 17:00:33] [32 MB] [export_table_data] Elementor escape check
    DATA: Array
(
    [post_id] => 260
    [original_len] => 42981
    [escaped_len] => 49136
    [original_first] => [{"id":"f9c36ab","elType":"container","settings":{"boxed_width":{"unit":"px","si
    [escaped_first] => '[{\"id\":\"f9c36ab\",\"elType\":\"container\",\"settings\":{\"boxed_width\":{\"
    [has_newlines] => NO
    [has_backslash] => YES
)

[2026-01-15 17:00:33] [32 MB] [export_table_data] Elementor escape check
    DATA: Array
(
    [post_id] => 261
    [original_len] => 43038
    [escaped_len] => 49200
    [original_first] => [{"id":"f9c36ab","elType":"container","settings":{"boxed_width":{"unit":"px","si
    [escaped_first] => '[{\"id\":\"f9c36ab\",\"elType\":\"container\",\"settings\":{\"boxed_width\":{\"
    [has_newlines] => NO
    [has_backslash] => YES
)

[2026-01-15 17:00:33] [32 MB] [export_table_data] Elementor escape check
    DATA: Array
(
    [post_id] => 264
    [original_len] => 34486
    [escaped_len] => 37684
    [original_first] => [{"id":"f9c36ab","elType":"container","settings":{"boxed_width":{"unit":"px","si
    [escaped_first] => '[{\"id\":\"f9c36ab\",\"elType\":\"container\",\"settings\":{\"boxed_width\":{\"
    [has_newlines] => NO
    [has_backslash] => YES
)

[2026-01-15 17:00:33] [32 MB] [export_table_data] Elementor escape check
    DATA: Array
(
    [post_id] => 265
    [original_len] => 34486
    [escaped_len] => 37684
    [original_first] => [{"id":"f9c36ab","elType":"container","settings":{"boxed_width":{"unit":"px","si
    [escaped_first] => '[{\"id\":\"f9c36ab\",\"elType\":\"container\",\"settings\":{\"boxed_width\":{\"
    [has_newlines] => NO
    [has_backslash] => YES
)

[2026-01-15 17:00:33] [32 MB] [export_table_data] Elementor escape check
    DATA: Array
(
    [post_id] => 266
    [original_len] => 115024
    [escaped_len] => 128262
    [original_first] => [{"id":"f9c36ab","elType":"container","settings":{"boxed_width":{"unit":"px","si
    [escaped_first] => '[{\"id\":\"f9c36ab\",\"elType\":\"container\",\"settings\":{\"boxed_width\":{\"
    [has_newlines] => NO
    [has_backslash] => YES
)

[2026-01-15 17:00:33] [32 MB] [export_table_data] Elementor escape check
    DATA: Array
(
    [post_id] => 267
    [original_len] => 115024
    [escaped_len] => 128262
    [original_first] => [{"id":"f9c36ab","elType":"container","settings":{"boxed_width":{"unit":"px","si
    [escaped_first] => '[{\"id\":\"f9c36ab\",\"elType\":\"container\",\"settings\":{\"boxed_width\":{\"
    [has_newlines] => NO
    [has_backslash] => YES
)

[2026-01-15 17:00:33] [32 MB] [export_table_data] Elementor escape check
    DATA: Array
(
    [post_id] => 268
    [original_len] => 115024
    [escaped_len] => 128262
    [original_first] => [{"id":"f9c36ab","elType":"container","settings":{"boxed_width":{"unit":"px","si
    [escaped_first] => '[{\"id\":\"f9c36ab\",\"elType\":\"container\",\"settings\":{\"boxed_width\":{\"
    [has_newlines] => NO
    [has_backslash] => YES
)

[2026-01-15 17:00:33] [32 MB] [export_table_data] Elementor escape check
    DATA: Array
(
    [post_id] => 269
    [original_len] => 112856
    [escaped_len] => 125953
    [original_first] => [{"id":"f9c36ab","elType":"container","settings":{"boxed_width":{"unit":"px","si
    [escaped_first] => '[{\"id\":\"f9c36ab\",\"elType\":\"container\",\"settings\":{\"boxed_width\":{\"
    [has_newlines] => NO
    [has_backslash] => YES
)

[2026-01-15 17:00:33] [32 MB] [export_table_data] Elementor escape check
    DATA: Array
(
    [post_id] => 271
    [original_len] => 25061
    [escaped_len] => 27956
    [original_first] => [{"id":"f9c36ab","elType":"container","settings":{"boxed_width":{"unit":"px","si
    [escaped_first] => '[{\"id\":\"f9c36ab\",\"elType\":\"container\",\"settings\":{\"boxed_width\":{\"
    [has_newlines] => NO
    [has_backslash] => YES
)

[2026-01-15 17:00:33] [32 MB] [export_table_data] Elementor escape check
    DATA: Array
(
    [post_id] => 272
    [original_len] => 25061
    [escaped_len] => 27956
    [original_first] => [{"id":"f9c36ab","elType":"container","settings":{"boxed_width":{"unit":"px","si
    [escaped_first] => '[{\"id\":\"f9c36ab\",\"elType\":\"container\",\"settings\":{\"boxed_width\":{\"
    [has_newlines] => NO
    [has_backslash] => YES
)

[2026-01-15 17:00:33] [32 MB] [export_table_data] Elementor escape check
    DATA: Array
(
    [post_id] => 273
    [original_len] => 48183
    [escaped_len] => 55301
    [original_first] => [{"id":"f9c36ab","elType":"container","settings":{"boxed_width":{"unit":"px","si
    [escaped_first] => '[{\"id\":\"f9c36ab\",\"elType\":\"container\",\"settings\":{\"boxed_width\":{\"
    [has_newlines] => NO
    [has_backslash] => YES
)

[2026-01-15 17:00:33] [32 MB] [export_table_data] Elementor escape check
    DATA: Array
(
    [post_id] => 275
    [original_len] => 36190
    [escaped_len] => 39349
    [original_first] => [{"id":"f9c36ab","elType":"container","settings":{"boxed_width":{"unit":"px","si
    [escaped_first] => '[{\"id\":\"f9c36ab\",\"elType\":\"container\",\"settings\":{\"boxed_width\":{\"
    [has_newlines] => NO
    [has_backslash] => YES
)

[2026-01-15 17:00:33] [32 MB] [export_table_data] Elementor escape check
    DATA: Array
(
    [post_id] => 276
    [original_len] => 36190
    [escaped_len] => 39349
    [original_first] => [{"id":"f9c36ab","elType":"container","settings":{"boxed_width":{"unit":"px","si
    [escaped_first] => '[{\"id\":\"f9c36ab\",\"elType\":\"container\",\"settings\":{\"boxed_width\":{\"
    [has_newlines] => NO
    [has_backslash] => YES
)

[2026-01-15 17:00:33] [32 MB] [export_table_data] Elementor escape check
    DATA: Array
(
    [post_id] => 277
    [original_len] => 101908
    [escaped_len] => 115534
    [original_first] => [{"id":"f9c36ab","elType":"container","settings":{"boxed_width":{"unit":"px","si
    [escaped_first] => '[{\"id\":\"f9c36ab\",\"elType\":\"container\",\"settings\":{\"boxed_width\":{\"
    [has_newlines] => NO
    [has_backslash] => YES
)

[2026-01-15 17:00:33] [32 MB] [export_table_data] Elementor escape check
    DATA: Array
(
    [post_id] => 279
    [original_len] => 32288
    [escaped_len] => 35425
    [original_first] => [{"id":"f9c36ab","elType":"container","settings":{"boxed_width":{"unit":"px","si
    [escaped_first] => '[{\"id\":\"f9c36ab\",\"elType\":\"container\",\"settings\":{\"boxed_width\":{\"
    [has_newlines] => NO
    [has_backslash] => YES
)

[2026-01-15 17:00:33] [32 MB] [export_table_data] Elementor escape check
    DATA: Array
(
    [post_id] => 280
    [original_len] => 32288
    [escaped_len] => 35425
    [original_first] => [{"id":"f9c36ab","elType":"container","settings":{"boxed_width":{"unit":"px","si
    [escaped_first] => '[{\"id\":\"f9c36ab\",\"elType\":\"container\",\"settings\":{\"boxed_width\":{\"
    [has_newlines] => NO
    [has_backslash] => YES
)

[2026-01-15 17:00:33] [32 MB] [export_table_data] Elementor escape check
    DATA: Array
(
    [post_id] => 281
    [original_len] => 79347
    [escaped_len] => 90659
    [original_first] => [{"id":"f9c36ab","elType":"container","settings":{"boxed_width":{"unit":"px","si
    [escaped_first] => '[{\"id\":\"f9c36ab\",\"elType\":\"container\",\"settings\":{\"boxed_width\":{\"
    [has_newlines] => NO
    [has_backslash] => YES
)

[2026-01-15 17:00:33] [32 MB] [export_table_data] Elementor escape check
    DATA: Array
(
    [post_id] => 282
    [original_len] => 18791
    [escaped_len] => 21496
    [original_first] => [{"id":"f9c36ab","elType":"container","settings":{"boxed_width":{"unit":"px","si
    [escaped_first] => '[{\"id\":\"f9c36ab\",\"elType\":\"container\",\"settings\":{\"boxed_width\":{\"
    [has_newlines] => NO
    [has_backslash] => YES
)

[2026-01-15 17:00:33] [32 MB] [export_table_data] Elementor escape check
    DATA: Array
(
    [post_id] => 283
    [original_len] => 18791
    [escaped_len] => 21496
    [original_first] => [{"id":"f9c36ab","elType":"container","settings":{"boxed_width":{"unit":"px","si
    [escaped_first] => '[{\"id\":\"f9c36ab\",\"elType\":\"container\",\"settings\":{\"boxed_width\":{\"
    [has_newlines] => NO
    [has_backslash] => YES
)

[2026-01-15 17:00:33] [32 MB] [export_table_data] Elementor escape check
    DATA: Array
(
    [post_id] => 284
    [original_len] => 24485
    [escaped_len] => 28265
    [original_first] => [{"id":"f9c36ab","elType":"container","settings":{"boxed_width":{"unit":"px","si
    [escaped_first] => '[{\"id\":\"f9c36ab\",\"elType\":\"container\",\"settings\":{\"boxed_width\":{\"
    [has_newlines] => NO
    [has_backslash] => YES
)

[2026-01-15 17:00:33] [32 MB] [export_table_data] Elementor escape check
    DATA: Array
(
    [post_id] => 286
    [original_len] => 27053
    [escaped_len] => 30323
    [original_first] => [{"id":"f9c36ab","elType":"container","settings":{"boxed_width":{"unit":"px","si
    [escaped_first] => '[{\"id\":\"f9c36ab\",\"elType\":\"container\",\"settings\":{\"boxed_width\":{\"
    [has_newlines] => NO
    [has_backslash] => YES
)

[2026-01-15 17:00:33] [32 MB] [export_table_data] Elementor escape check
    DATA: Array
(
    [post_id] => 287
    [original_len] => 27053
    [escaped_len] => 30323
    [original_first] => [{"id":"f9c36ab","elType":"container","settings":{"boxed_width":{"unit":"px","si
    [escaped_first] => '[{\"id\":\"f9c36ab\",\"elType\":\"container\",\"settings\":{\"boxed_width\":{\"
    [has_newlines] => NO
    [has_backslash] => YES
)

[2026-01-15 17:00:33] [32 MB] [export_table_data] Elementor escape check
    DATA: Array
(
    [post_id] => 288
    [original_len] => 39880
    [escaped_len] => 45431
    [original_first] => [{"id":"f9c36ab","elType":"container","settings":{"boxed_width":{"unit":"px","si
    [escaped_first] => '[{\"id\":\"f9c36ab\",\"elType\":\"container\",\"settings\":{\"boxed_width\":{\"
    [has_newlines] => NO
    [has_backslash] => YES
)

[2026-01-15 17:00:33] [32 MB] [export_table_data] Elementor escape check
    DATA: Array
(
    [post_id] => 291
    [original_len] => 19718
    [escaped_len] => 22468
    [original_first] => [{"id":"f9c36ab","elType":"container","settings":{"boxed_width":{"unit":"px","si
    [escaped_first] => '[{\"id\":\"f9c36ab\",\"elType\":\"container\",\"settings\":{\"boxed_width\":{\"
    [has_newlines] => NO
    [has_backslash] => YES
)

[2026-01-15 17:00:33] [32 MB] [export_table_data] Elementor escape check
    DATA: Array
(
    [post_id] => 292
    [original_len] => 19718
    [escaped_len] => 22468
    [original_first] => [{"id":"f9c36ab","elType":"container","settings":{"boxed_width":{"unit":"px","si
    [escaped_first] => '[{\"id\":\"f9c36ab\",\"elType\":\"container\",\"settings\":{\"boxed_width\":{\"
    [has_newlines] => NO
    [has_backslash] => YES
)

[2026-01-15 17:00:33] [32 MB] [export_table_data] Elementor escape check
    DATA: Array
(
    [post_id] => 293
    [original_len] => 36576
    [escaped_len] => 42317
    [original_first] => [{"id":"f9c36ab","elType":"container","settings":{"boxed_width":{"unit":"px","si
    [escaped_first] => '[{\"id\":\"f9c36ab\",\"elType\":\"container\",\"settings\":{\"boxed_width\":{\"
    [has_newlines] => NO
    [has_backslash] => YES
)

[2026-01-15 17:00:33] [32 MB] [export_table_data] Elementor escape check
    DATA: Array
(
    [post_id] => 295
    [original_len] => 18839
    [escaped_len] => 21501
    [original_first] => [{"id":"f9c36ab","elType":"container","settings":{"boxed_width":{"unit":"px","si
    [escaped_first] => '[{\"id\":\"f9c36ab\",\"elType\":\"container\",\"settings\":{\"boxed_width\":{\"
    [has_newlines] => NO
    [has_backslash] => YES
)

[2026-01-15 17:00:33] [32 MB] [export_table_data] Elementor escape check
    DATA: Array
(
    [post_id] => 296
    [original_len] => 18839
    [escaped_len] => 21501
    [original_first] => [{"id":"f9c36ab","elType":"container","settings":{"boxed_width":{"unit":"px","si
    [escaped_first] => '[{\"id\":\"f9c36ab\",\"elType\":\"container\",\"settings\":{\"boxed_width\":{\"
    [has_newlines] => NO
    [has_backslash] => YES
)

[2026-01-15 17:00:33] [32 MB] [export_table_data] Elementor escape check
    DATA: Array
(
    [post_id] => 297
    [original_len] => 32646
    [escaped_len] => 37703
    [original_first] => [{"id":"f9c36ab","elType":"container","settings":{"boxed_width":{"unit":"px","si
    [escaped_first] => '[{\"id\":\"f9c36ab\",\"elType\":\"container\",\"settings\":{\"boxed_width\":{\"
    [has_newlines] => NO
    [has_backslash] => YES
)

[2026-01-15 17:00:33] [32 MB] [export_table_data] Elementor escape check
    DATA: Array
(
    [post_id] => 299
    [original_len] => 20334
    [escaped_len] => 22882
    [original_first] => [{"id":"f9c36ab","elType":"container","settings":{"boxed_width":{"unit":"px","si
    [escaped_first] => '[{\"id\":\"f9c36ab\",\"elType\":\"container\",\"settings\":{\"boxed_width\":{\"
    [has_newlines] => NO
    [has_backslash] => YES
)

[2026-01-15 17:00:33] [32 MB] [export_table_data] Elementor escape check
    DATA: Array
(
    [post_id] => 300
    [original_len] => 20334
    [escaped_len] => 22882
    [original_first] => [{"id":"f9c36ab","elType":"container","settings":{"boxed_width":{"unit":"px","si
    [escaped_first] => '[{\"id\":\"f9c36ab\",\"elType\":\"container\",\"settings\":{\"boxed_width\":{\"
    [has_newlines] => NO
    [has_backslash] => YES
)

[2026-01-15 17:00:33] [32 MB] [export_table_data] Elementor escape check
    DATA: Array
(
    [post_id] => 301
    [original_len] => 39044
    [escaped_len] => 44998
    [original_first] => [{"id":"f9c36ab","elType":"container","settings":{"boxed_width":{"unit":"px","si
    [escaped_first] => '[{\"id\":\"f9c36ab\",\"elType\":\"container\",\"settings\":{\"boxed_width\":{\"
    [has_newlines] => NO
    [has_backslash] => YES
)

[2026-01-15 17:00:33] [32 MB] [export_table_data] Elementor escape check
    DATA: Array
(
    [post_id] => 303
    [original_len] => 16409
    [escaped_len] => 19029
    [original_first] => [{"id":"f9c36ab","elType":"container","settings":{"boxed_width":{"unit":"px","si
    [escaped_first] => '[{\"id\":\"f9c36ab\",\"elType\":\"container\",\"settings\":{\"boxed_width\":{\"
    [has_newlines] => NO
    [has_backslash] => YES
)

[2026-01-15 17:00:33] [32 MB] [export_table_data] Elementor escape check
    DATA: Array
(
    [post_id] => 304
    [original_len] => 16409
    [escaped_len] => 19029
    [original_first] => [{"id":"f9c36ab","elType":"container","settings":{"boxed_width":{"unit":"px","si
    [escaped_first] => '[{\"id\":\"f9c36ab\",\"elType\":\"container\",\"settings\":{\"boxed_width\":{\"
    [has_newlines] => NO
    [has_backslash] => YES
)

[2026-01-15 17:00:33] [32 MB] [export_table_data] Elementor escape check
    DATA: Array
(
    [post_id] => 305
    [original_len] => 32199
    [escaped_len] => 37456
    [original_first] => [{"id":"f9c36ab","elType":"container","settings":{"boxed_width":{"unit":"px","si
    [escaped_first] => '[{\"id\":\"f9c36ab\",\"elType\":\"container\",\"settings\":{\"boxed_width\":{\"
    [has_newlines] => NO
    [has_backslash] => YES
)

[2026-01-15 17:00:33] [32 MB] [export_table_data] Elementor escape check
    DATA: Array
(
    [post_id] => 307
    [original_len] => 17967
    [escaped_len] => 20359
    [original_first] => [{"id":"f9c36ab","elType":"container","settings":{"boxed_width":{"unit":"px","si
    [escaped_first] => '[{\"id\":\"f9c36ab\",\"elType\":\"container\",\"settings\":{\"boxed_width\":{\"
    [has_newlines] => NO
    [has_backslash] => YES
)

[2026-01-15 17:00:33] [32 MB] [export_table_data] Elementor escape check
    DATA: Array
(
    [post_id] => 308
    [original_len] => 17967
    [escaped_len] => 20359
    [original_first] => [{"id":"f9c36ab","elType":"container","settings":{"boxed_width":{"unit":"px","si
    [escaped_first] => '[{\"id\":\"f9c36ab\",\"elType\":\"container\",\"settings\":{\"boxed_width\":{\"
    [has_newlines] => NO
    [has_backslash] => YES
)

[2026-01-15 17:00:33] [32 MB] [export_table_data] Elementor escape check
    DATA: Array
(
    [post_id] => 309
    [original_len] => 37652
    [escaped_len] => 43420
    [original_first] => [{"id":"f9c36ab","elType":"container","settings":{"boxed_width":{"unit":"px","si
    [escaped_first] => '[{\"id\":\"f9c36ab\",\"elType\":\"container\",\"settings\":{\"boxed_width\":{\"
    [has_newlines] => NO
    [has_backslash] => YES
)

[2026-01-15 17:00:33] [32 MB] [export_table_data] Elementor escape check
    DATA: Array
(
    [post_id] => 311
    [original_len] => 17050
    [escaped_len] => 19501
    [original_first] => [{"id":"f9c36ab","elType":"container","settings":{"boxed_width":{"unit":"px","si
    [escaped_first] => '[{\"id\":\"f9c36ab\",\"elType\":\"container\",\"settings\":{\"boxed_width\":{\"
    [has_newlines] => NO
    [has_backslash] => YES
)

[2026-01-15 17:00:33] [32 MB] [export_table_data] Elementor escape check
    DATA: Array
(
    [post_id] => 312
    [original_len] => 17050
    [escaped_len] => 19501
    [original_first] => [{"id":"f9c36ab","elType":"container","settings":{"boxed_width":{"unit":"px","si
    [escaped_first] => '[{\"id\":\"f9c36ab\",\"elType\":\"container\",\"settings\":{\"boxed_width\":{\"
    [has_newlines] => NO
    [has_backslash] => YES
)

[2026-01-15 17:00:33] [32 MB] [export_table_data] Elementor escape check
    DATA: Array
(
    [post_id] => 313
    [original_len] => 28422
    [escaped_len] => 32976
    [original_first] => [{"id":"f9c36ab","elType":"container","settings":{"boxed_width":{"unit":"px","si
    [escaped_first] => '[{\"id\":\"f9c36ab\",\"elType\":\"container\",\"settings\":{\"boxed_width\":{\"
    [has_newlines] => NO
    [has_backslash] => YES
)

[2026-01-15 17:00:33] [32 MB] [export_table_data] Elementor escape check
    DATA: Array
(
    [post_id] => 314
    [original_len] => 28422
    [escaped_len] => 32976
    [original_first] => [{"id":"f9c36ab","elType":"container","settings":{"boxed_width":{"unit":"px","si
    [escaped_first] => '[{\"id\":\"f9c36ab\",\"elType\":\"container\",\"settings\":{\"boxed_width\":{\"
    [has_newlines] => NO
    [has_backslash] => YES
)

[2026-01-15 17:00:33] [32 MB] [export_table_data] Elementor escape check
    DATA: Array
(
    [post_id] => 315
    [original_len] => 28422
    [escaped_len] => 32976
    [original_first] => [{"id":"f9c36ab","elType":"container","settings":{"boxed_width":{"unit":"px","si
    [escaped_first] => '[{\"id\":\"f9c36ab\",\"elType\":\"container\",\"settings\":{\"boxed_width\":{\"
    [has_newlines] => NO
    [has_backslash] => YES
)

[2026-01-15 17:00:33] [32 MB] [export_table_data] Elementor escape check
    DATA: Array
(
    [post_id] => 316
    [original_len] => 28193
    [escaped_len] => 32727
    [original_first] => [{"id":"f9c36ab","elType":"container","settings":{"boxed_width":{"unit":"px","si
    [escaped_first] => '[{\"id\":\"f9c36ab\",\"elType\":\"container\",\"settings\":{\"boxed_width\":{\"
    [has_newlines] => NO
    [has_backslash] => YES
)

[2026-01-15 17:00:33] [32 MB] [export_table_data] Elementor escape check
    DATA: Array
(
    [post_id] => 317
    [original_len] => 28193
    [escaped_len] => 32727
    [original_first] => [{"id":"f9c36ab","elType":"container","settings":{"boxed_width":{"unit":"px","si
    [escaped_first] => '[{\"id\":\"f9c36ab\",\"elType\":\"container\",\"settings\":{\"boxed_width\":{\"
    [has_newlines] => NO
    [has_backslash] => YES
)

[2026-01-15 17:00:33] [32 MB] [export_table_data] Elementor escape check
    DATA: Array
(
    [post_id] => 318
    [original_len] => 28193
    [escaped_len] => 32727
    [original_first] => [{"id":"f9c36ab","elType":"container","settings":{"boxed_width":{"unit":"px","si
    [escaped_first] => '[{\"id\":\"f9c36ab\",\"elType\":\"container\",\"settings\":{\"boxed_width\":{\"
    [has_newlines] => NO
    [has_backslash] => YES
)

[2026-01-15 17:00:33] [32 MB] [export_table_data] Elementor escape check
    DATA: Array
(
    [post_id] => 319
    [original_len] => 28250
    [escaped_len] => 32791
    [original_first] => [{"id":"f9c36ab","elType":"container","settings":{"boxed_width":{"unit":"px","si
    [escaped_first] => '[{\"id\":\"f9c36ab\",\"elType\":\"container\",\"settings\":{\"boxed_width\":{\"
    [has_newlines] => NO
    [has_backslash] => YES
)

[2026-01-15 17:00:33] [32 MB] [export_table_data] Elementor escape check
    DATA: Array
(
    [post_id] => 321
    [original_len] => 64877
    [escaped_len] => 88561
    [original_first] => [{"id":"1281a45","elType":"container","settings":{"layout":"full_width","flex_ga
    [escaped_first] => '[{\"id\":\"1281a45\",\"elType\":\"container\",\"settings\":{\"layout\":\"full_w
    [has_newlines] => NO
    [has_backslash] => YES
)

[2026-01-15 17:00:33] [32 MB] [export_table_data] Elementor escape check
    DATA: Array
(
    [post_id] => 322
    [original_len] => 64877
    [escaped_len] => 88561
    [original_first] => [{"id":"1281a45","elType":"container","settings":{"layout":"full_width","flex_ga
    [escaped_first] => '[{\"id\":\"1281a45\",\"elType\":\"container\",\"settings\":{\"layout\":\"full_w
    [has_newlines] => NO
    [has_backslash] => YES
)

[2026-01-15 17:00:33] [32 MB] [export_table_data] Elementor escape check
    DATA: Array
(
    [post_id] => 323
    [original_len] => 80371
    [escaped_len] => 108297
    [original_first] => [{"id":"1281a45","elType":"container","settings":{"layout":"full_width","flex_ga
    [escaped_first] => '[{\"id\":\"1281a45\",\"elType\":\"container\",\"settings\":{\"layout\":\"full_w
    [has_newlines] => NO
    [has_backslash] => YES
)

[2026-01-15 17:00:33] [32 MB] [export_table_data] Elementor escape check
    DATA: Array
(
    [post_id] => 324
    [original_len] => 80371
    [escaped_len] => 108297
    [original_first] => [{"id":"1281a45","elType":"container","settings":{"layout":"full_width","flex_ga
    [escaped_first] => '[{\"id\":\"1281a45\",\"elType\":\"container\",\"settings\":{\"layout\":\"full_w
    [has_newlines] => NO
    [has_backslash] => YES
)

[2026-01-15 17:00:33] [32 MB] [export_table_data] Elementor escape check
    DATA: Array
(
    [post_id] => 325
    [original_len] => 80371
    [escaped_len] => 108297
    [original_first] => [{"id":"1281a45","elType":"container","settings":{"layout":"full_width","flex_ga
    [escaped_first] => '[{\"id\":\"1281a45\",\"elType\":\"container\",\"settings\":{\"layout\":\"full_w
    [has_newlines] => NO
    [has_backslash] => YES
)

[2026-01-15 17:00:33] [32 MB] [export_table_data] Elementor escape check
    DATA: Array
(
    [post_id] => 326
    [original_len] => 80371
    [escaped_len] => 108297
    [original_first] => [{"id":"1281a45","elType":"container","settings":{"layout":"full_width","flex_ga
    [escaped_first] => '[{\"id\":\"1281a45\",\"elType\":\"container\",\"settings\":{\"layout\":\"full_w
    [has_newlines] => NO
    [has_backslash] => YES
)

[2026-01-15 17:00:33] [32 MB] [export_table_data] Elementor escape check
    DATA: Array
(
    [post_id] => 327
    [original_len] => 80371
    [escaped_len] => 108297
    [original_first] => [{"id":"1281a45","elType":"container","settings":{"layout":"full_width","flex_ga
    [escaped_first] => '[{\"id\":\"1281a45\",\"elType\":\"container\",\"settings\":{\"layout\":\"full_w
    [has_newlines] => NO
    [has_backslash] => YES
)

[2026-01-15 17:00:33] [32 MB] [export_table_data] Elementor escape check
    DATA: Array
(
    [post_id] => 328
    [original_len] => 80371
    [escaped_len] => 108297
    [original_first] => [{"id":"1281a45","elType":"container","settings":{"layout":"full_width","flex_ga
    [escaped_first] => '[{\"id\":\"1281a45\",\"elType\":\"container\",\"settings\":{\"layout\":\"full_w
    [has_newlines] => NO
    [has_backslash] => YES
)

[2026-01-15 17:00:33] [32 MB] [export_table_data] Elementor escape check
    DATA: Array
(
    [post_id] => 329
    [original_len] => 82770
    [escaped_len] => 111170
    [original_first] => [{"id":"1281a45","elType":"container","settings":{"layout":"full_width","flex_ga
    [escaped_first] => '[{\"id\":\"1281a45\",\"elType\":\"container\",\"settings\":{\"layout\":\"full_w
    [has_newlines] => NO
    [has_backslash] => YES
)

[2026-01-15 17:00:33] [32 MB] [export_table_data] Elementor escape check
    DATA: Array
(
    [post_id] => 330
    [original_len] => 82770
    [escaped_len] => 111170
    [original_first] => [{"id":"1281a45","elType":"container","settings":{"layout":"full_width","flex_ga
    [escaped_first] => '[{\"id\":\"1281a45\",\"elType\":\"container\",\"settings\":{\"layout\":\"full_w
    [has_newlines] => NO
    [has_backslash] => YES
)

[2026-01-15 17:00:33] [32 MB] [export_table_data] Elementor escape check
    DATA: Array
(
    [post_id] => 331
    [original_len] => 82770
    [escaped_len] => 111170
    [original_first] => [{"id":"1281a45","elType":"container","settings":{"layout":"full_width","flex_ga
    [escaped_first] => '[{\"id\":\"1281a45\",\"elType\":\"container\",\"settings\":{\"layout\":\"full_w
    [has_newlines] => NO
    [has_backslash] => YES
)

[2026-01-15 17:00:33] [32 MB] [export_table_data] Elementor escape check
    DATA: Array
(
    [post_id] => 332
    [original_len] => 82776
    [escaped_len] => 111177
    [original_first] => [{"id":"1281a45","elType":"container","settings":{"layout":"full_width","flex_ga
    [escaped_first] => '[{\"id\":\"1281a45\",\"elType\":\"container\",\"settings\":{\"layout\":\"full_w
    [has_newlines] => NO
    [has_backslash] => YES
)

[2026-01-15 17:00:33] [32 MB] [export_table_data] Elementor escape check
    DATA: Array
(
    [post_id] => 333
    [original_len] => 82776
    [escaped_len] => 111177
    [original_first] => [{"id":"1281a45","elType":"container","settings":{"layout":"full_width","flex_ga
    [escaped_first] => '[{\"id\":\"1281a45\",\"elType\":\"container\",\"settings\":{\"layout\":\"full_w
    [has_newlines] => NO
    [has_backslash] => YES
)

[2026-01-15 17:00:33] [32 MB] [export_table_data] Elementor escape check
    DATA: Array
(
    [post_id] => 334
    [original_len] => 82776
    [escaped_len] => 111177
    [original_first] => [{"id":"1281a45","elType":"container","settings":{"layout":"full_width","flex_ga
    [escaped_first] => '[{\"id\":\"1281a45\",\"elType\":\"container\",\"settings\":{\"layout\":\"full_w
    [has_newlines] => NO
    [has_backslash] => YES
)

[2026-01-15 17:00:33] [32 MB] [export_table_data] Elementor escape check
    DATA: Array
(
    [post_id] => 335
    [original_len] => 82680
    [escaped_len] => 111066
    [original_first] => [{"id":"1281a45","elType":"container","settings":{"layout":"full_width","flex_ga
    [escaped_first] => '[{\"id\":\"1281a45\",\"elType\":\"container\",\"settings\":{\"layout\":\"full_w
    [has_newlines] => NO
    [has_backslash] => YES
)

[2026-01-15 17:00:33] [32 MB] [export_table_data] Elementor escape check
    DATA: Array
(
    [post_id] => 336
    [original_len] => 82680
    [escaped_len] => 111066
    [original_first] => [{"id":"1281a45","elType":"container","settings":{"layout":"full_width","flex_ga
    [escaped_first] => '[{\"id\":\"1281a45\",\"elType\":\"container\",\"settings\":{\"layout\":\"full_w
    [has_newlines] => NO
    [has_backslash] => YES
)

[2026-01-15 17:00:33] [32 MB] [export_table_data] Elementor escape check
    DATA: Array
(
    [post_id] => 337
    [original_len] => 82680
    [escaped_len] => 111066
    [original_first] => [{"id":"1281a45","elType":"container","settings":{"layout":"full_width","flex_ga
    [escaped_first] => '[{\"id\":\"1281a45\",\"elType\":\"container\",\"settings\":{\"layout\":\"full_w
    [has_newlines] => NO
    [has_backslash] => YES
)

[2026-01-15 17:00:34] [42 MB] [export_table_data] Elementor escape check
    DATA: Array
(
    [post_id] => 338
    [original_len] => 82676
    [escaped_len] => 111058
    [original_first] => [{"id":"1281a45","elType":"container","settings":{"layout":"full_width","flex_ga
    [escaped_first] => '[{\"id\":\"1281a45\",\"elType\":\"container\",\"settings\":{\"layout\":\"full_w
    [has_newlines] => NO
    [has_backslash] => YES
)

[2026-01-15 17:00:34] [42 MB] [export_table_data] Elementor escape check
    DATA: Array
(
    [post_id] => 339
    [original_len] => 82676
    [escaped_len] => 111058
    [original_first] => [{"id":"1281a45","elType":"container","settings":{"layout":"full_width","flex_ga
    [escaped_first] => '[{\"id\":\"1281a45\",\"elType\":\"container\",\"settings\":{\"layout\":\"full_w
    [has_newlines] => NO
    [has_backslash] => YES
)

[2026-01-15 17:00:34] [42 MB] [export_table_data] Elementor escape check
    DATA: Array
(
    [post_id] => 340
    [original_len] => 82676
    [escaped_len] => 111058
    [original_first] => [{"id":"1281a45","elType":"container","settings":{"layout":"full_width","flex_ga
    [escaped_first] => '[{\"id\":\"1281a45\",\"elType\":\"container\",\"settings\":{\"layout\":\"full_w
    [has_newlines] => NO
    [has_backslash] => YES
)

[2026-01-15 17:00:34] [42 MB] [export_table_data] Elementor escape check
    DATA: Array
(
    [post_id] => 341
    [original_len] => 82670
    [escaped_len] => 111047
    [original_first] => [{"id":"1281a45","elType":"container","settings":{"layout":"full_width","flex_ga
    [escaped_first] => '[{\"id\":\"1281a45\",\"elType\":\"container\",\"settings\":{\"layout\":\"full_w
    [has_newlines] => NO
    [has_backslash] => YES
)

[2026-01-15 17:00:34] [42 MB] [export_table_data] Elementor escape check
    DATA: Array
(
    [post_id] => 342
    [original_len] => 82670
    [escaped_len] => 111047
    [original_first] => [{"id":"1281a45","elType":"container","settings":{"layout":"full_width","flex_ga
    [escaped_first] => '[{\"id\":\"1281a45\",\"elType\":\"container\",\"settings\":{\"layout\":\"full_w
    [has_newlines] => NO
    [has_backslash] => YES
)

[2026-01-15 17:00:34] [42 MB] [export_table_data] Elementor escape check
    DATA: Array
(
    [post_id] => 343
    [original_len] => 82670
    [escaped_len] => 111047
    [original_first] => [{"id":"1281a45","elType":"container","settings":{"layout":"full_width","flex_ga
    [escaped_first] => '[{\"id\":\"1281a45\",\"elType\":\"container\",\"settings\":{\"layout\":\"full_w
    [has_newlines] => NO
    [has_backslash] => YES
)

[2026-01-15 17:00:34] [42 MB] [export_table_data] Elementor escape check
    DATA: Array
(
    [post_id] => 344
    [original_len] => 83375
    [escaped_len] => 111892
    [original_first] => [{"id":"1281a45","elType":"container","settings":{"layout":"full_width","flex_ga
    [escaped_first] => '[{\"id\":\"1281a45\",\"elType\":\"container\",\"settings\":{\"layout\":\"full_w
    [has_newlines] => NO
    [has_backslash] => YES
)

[2026-01-15 17:00:34] [42 MB] [export_table_data] Elementor escape check
    DATA: Array
(
    [post_id] => 345
    [original_len] => 83375
    [escaped_len] => 111892
    [original_first] => [{"id":"1281a45","elType":"container","settings":{"layout":"full_width","flex_ga
    [escaped_first] => '[{\"id\":\"1281a45\",\"elType\":\"container\",\"settings\":{\"layout\":\"full_w
    [has_newlines] => NO
    [has_backslash] => YES
)

[2026-01-15 17:00:34] [42 MB] [export_table_data] Elementor escape check
    DATA: Array
(
    [post_id] => 346
    [original_len] => 83375
    [escaped_len] => 111892
    [original_first] => [{"id":"1281a45","elType":"container","settings":{"layout":"full_width","flex_ga
    [escaped_first] => '[{\"id\":\"1281a45\",\"elType\":\"container\",\"settings\":{\"layout\":\"full_w
    [has_newlines] => NO
    [has_backslash] => YES
)

[2026-01-15 17:00:34] [42 MB] [export_table_data] Elementor escape check
    DATA: Array
(
    [post_id] => 347
    [original_len] => 83382
    [escaped_len] => 111900
    [original_first] => [{"id":"1281a45","elType":"container","settings":{"layout":"full_width","flex_ga
    [escaped_first] => '[{\"id\":\"1281a45\",\"elType\":\"container\",\"settings\":{\"layout\":\"full_w
    [has_newlines] => NO
    [has_backslash] => YES
)

[2026-01-15 17:00:34] [42 MB] [export_table_data] Elementor escape check
    DATA: Array
(
    [post_id] => 348
    [original_len] => 83382
    [escaped_len] => 111900
    [original_first] => [{"id":"1281a45","elType":"container","settings":{"layout":"full_width","flex_ga
    [escaped_first] => '[{\"id\":\"1281a45\",\"elType\":\"container\",\"settings\":{\"layout\":\"full_w
    [has_newlines] => NO
    [has_backslash] => YES
)

[2026-01-15 17:00:34] [42 MB] [export_table_data] Elementor escape check
    DATA: Array
(
    [post_id] => 349
    [original_len] => 83382
    [escaped_len] => 111900
    [original_first] => [{"id":"1281a45","elType":"container","settings":{"layout":"full_width","flex_ga
    [escaped_first] => '[{\"id\":\"1281a45\",\"elType\":\"container\",\"settings\":{\"layout\":\"full_w
    [has_newlines] => NO
    [has_backslash] => YES
)

[2026-01-15 17:00:34] [42 MB] [export_table_data] Elementor escape check
    DATA: Array
(
    [post_id] => 350
    [original_len] => 84455
    [escaped_len] => 113400
    [original_first] => [{"id":"1281a45","elType":"container","settings":{"layout":"full_width","flex_ga
    [escaped_first] => '[{\"id\":\"1281a45\",\"elType\":\"container\",\"settings\":{\"layout\":\"full_w
    [has_newlines] => NO
    [has_backslash] => YES
)

[2026-01-15 17:00:34] [42 MB] [export_table_data] Elementor escape check
    DATA: Array
(
    [post_id] => 351
    [original_len] => 12620
    [escaped_len] => 23410
    [original_first] => [{"id":"7624a61a","elType":"container","settings":{"layout":"full_width","flex_g
    [escaped_first] => '[{\"id\":\"7624a61a\",\"elType\":\"container\",\"settings\":{\"layout\":\"full_
    [has_newlines] => NO
    [has_backslash] => YES
)

[2026-01-15 17:00:34] [44 MB] [export_table_data] Elementor escape check
    DATA: Array
(
    [post_id] => 353
    [original_len] => 28071
    [escaped_len] => 31528
    [original_first] => [{"id":"684b5e7","elType":"container","settings":{"boxed_width":{"unit":"px","si
    [escaped_first] => '[{\"id\":\"684b5e7\",\"elType\":\"container\",\"settings\":{\"boxed_width\":{\"
    [has_newlines] => NO
    [has_backslash] => YES
)

[2026-01-15 17:00:34] [44 MB] [export_table_data] Elementor escape check
    DATA: Array
(
    [post_id] => 354
    [original_len] => 28071
    [escaped_len] => 31528
    [original_first] => [{"id":"684b5e7","elType":"container","settings":{"boxed_width":{"unit":"px","si
    [escaped_first] => '[{\"id\":\"684b5e7\",\"elType\":\"container\",\"settings\":{\"boxed_width\":{\"
    [has_newlines] => NO
    [has_backslash] => YES
)

[2026-01-15 17:00:34] [44 MB] [export_table_data] Elementor escape check
    DATA: Array
(
    [post_id] => 355
    [original_len] => 60780
    [escaped_len] => 71047
    [original_first] => [{"id":"684b5e7","elType":"container","settings":{"boxed_width":{"unit":"px","si
    [escaped_first] => '[{\"id\":\"684b5e7\",\"elType\":\"container\",\"settings\":{\"boxed_width\":{\"
    [has_newlines] => NO
    [has_backslash] => YES
)

[2026-01-15 17:00:34] [44 MB] [export_table_data] Elementor escape check
    DATA: Array
(
    [post_id] => 357
    [original_len] => 29308
    [escaped_len] => 32464
    [original_first] => [{"id":"f9c36ab","elType":"container","settings":{"boxed_width":{"unit":"px","si
    [escaped_first] => '[{\"id\":\"f9c36ab\",\"elType\":\"container\",\"settings\":{\"boxed_width\":{\"
    [has_newlines] => NO
    [has_backslash] => YES
)

[2026-01-15 17:00:34] [44 MB] [export_table_data] Elementor escape check
    DATA: Array
(
    [post_id] => 358
    [original_len] => 29308
    [escaped_len] => 32464
    [original_first] => [{"id":"f9c36ab","elType":"container","settings":{"boxed_width":{"unit":"px","si
    [escaped_first] => '[{\"id\":\"f9c36ab\",\"elType\":\"container\",\"settings\":{\"boxed_width\":{\"
    [has_newlines] => NO
    [has_backslash] => YES
)

[2026-01-15 17:00:34] [44 MB] [export_table_data] Elementor escape check
    DATA: Array
(
    [post_id] => 359
    [original_len] => 56229
    [escaped_len] => 63976
    [original_first] => [{"id":"f9c36ab","elType":"container","settings":{"boxed_width":{"unit":"px","si
    [escaped_first] => '[{\"id\":\"f9c36ab\",\"elType\":\"container\",\"settings\":{\"boxed_width\":{\"
    [has_newlines] => NO
    [has_backslash] => YES
)

[2026-01-15 17:00:34] [44 MB] [export_table_data] Elementor escape check
    DATA: Array
(
    [post_id] => 370
    [original_len] => 4021
    [escaped_len] => 4533
    [original_first] => [{"id":"9a619c6","elType":"container","settings":{"flex_direction":"row","backgr
    [escaped_first] => '[{\"id\":\"9a619c6\",\"elType\":\"container\",\"settings\":{\"flex_direction\":
    [has_newlines] => NO
    [has_backslash] => YES
)

[2026-01-15 17:00:34] [44 MB] [export_table_data] Elementor escape check
    DATA: Array
(
    [post_id] => 371
    [original_len] => 4021
    [escaped_len] => 4533
    [original_first] => [{"id":"9a619c6","elType":"container","settings":{"flex_direction":"row","backgr
    [escaped_first] => '[{\"id\":\"9a619c6\",\"elType\":\"container\",\"settings\":{\"flex_direction\":
    [has_newlines] => NO
    [has_backslash] => YES
)

[2026-01-15 17:00:34] [44 MB] [export_table_data] Elementor escape check
    DATA: Array
(
    [post_id] => 372
    [original_len] => 11671
    [escaped_len] => 13511
    [original_first] => [{"id":"9a619c6","elType":"container","settings":{"flex_direction":"row","backgr
    [escaped_first] => '[{\"id\":\"9a619c6\",\"elType\":\"container\",\"settings\":{\"flex_direction\":
    [has_newlines] => NO
    [has_backslash] => YES
)

[2026-01-15 17:00:34] [44 MB] [export_table_data] Elementor escape check
    DATA: Array
(
    [post_id] => 375
    [original_len] => 17222
    [escaped_len] => 24580
    [original_first] => [{"id":"2c35d47","elType":"container","settings":{"layout":"full_width","flex_ga
    [escaped_first] => '[{\"id\":\"2c35d47\",\"elType\":\"container\",\"settings\":{\"layout\":\"full_w
    [has_newlines] => NO
    [has_backslash] => YES
)

[2026-01-15 17:00:34] [44 MB] [export_table_data] Elementor escape check
    DATA: Array
(
    [post_id] => 376
    [original_len] => 17222
    [escaped_len] => 24580
    [original_first] => [{"id":"2c35d47","elType":"container","settings":{"layout":"full_width","flex_ga
    [escaped_first] => '[{\"id\":\"2c35d47\",\"elType\":\"container\",\"settings\":{\"layout\":\"full_w
    [has_newlines] => NO
    [has_backslash] => YES
)

[2026-01-15 17:00:34] [42 MB] [export_table_data] Elementor escape check
    DATA: Array
(
    [post_id] => 377
    [original_len] => 15613
    [escaped_len] => 20384
    [original_first] => [{"id":"2c35d47","elType":"container","settings":{"layout":"full_width","flex_ga
    [escaped_first] => '[{\"id\":\"2c35d47\",\"elType\":\"container\",\"settings\":{\"layout\":\"full_w
    [has_newlines] => NO
    [has_backslash] => YES
)

[2026-01-15 17:00:34] [42 MB] [export_table_data] Elementor escape check
    DATA: Array
(
    [post_id] => 15
    [original_len] => 2756
    [escaped_len] => 2935
    [original_first] => [{"id":"a66da7e","elType":"container","settings":[],"elements":[{"id":"1987cfc3"
    [escaped_first] => '[{\"id\":\"a66da7e\",\"elType\":\"container\",\"settings\":[],\"elements\":[{\"
    [has_newlines] => NO
    [has_backslash] => YES
)

[2026-01-15 17:00:34] [42 MB] [export_table_data] Elementor escape check
    DATA: Array
(
    [post_id] => 381
    [original_len] => 2756
    [escaped_len] => 2935
    [original_first] => [{"id":"a66da7e","elType":"container","settings":[],"elements":[{"id":"1987cfc3"
    [escaped_first] => '[{\"id\":\"a66da7e\",\"elType\":\"container\",\"settings\":[],\"elements\":[{\"
    [has_newlines] => NO
    [has_backslash] => YES
)

[2026-01-15 17:00:34] [42 MB] [export_table_data] Elementor escape check
    DATA: Array
(
    [post_id] => 3
    [original_len] => 14145
    [escaped_len] => 16409
    [original_first] => [{"id":"3e17a92","elType":"container","settings":[],"elements":[{"id":"10ab90d1"
    [escaped_first] => '[{\"id\":\"3e17a92\",\"elType\":\"container\",\"settings\":[],\"elements\":[{\"
    [has_newlines] => NO
    [has_backslash] => YES
)

[2026-01-15 17:00:34] [42 MB] [export_table_data] Elementor escape check
    DATA: Array
(
    [post_id] => 384
    [original_len] => 14145
    [escaped_len] => 16409
    [original_first] => [{"id":"3e17a92","elType":"container","settings":[],"elements":[{"id":"10ab90d1"
    [escaped_first] => '[{\"id\":\"3e17a92\",\"elType\":\"container\",\"settings\":[],\"elements\":[{\"
    [has_newlines] => NO
    [has_backslash] => YES
)

[2026-01-15 17:00:34] [42 MB] [export_table_data] Elementor escape check
    DATA: Array
(
    [post_id] => 385
    [original_len] => 15475
    [escaped_len] => 36842
    [original_first] => [{"id":"7624a61a","elType":"container","settings":{"layout":"full_width","flex_g
    [escaped_first] => '[{\"id\":\"7624a61a\",\"elType\":\"container\",\"settings\":{\"layout\":\"full_
    [has_newlines] => NO
    [has_backslash] => YES
)

[2026-01-15 17:00:34] [42 MB] [export_table_data] Elementor escape check
    DATA: Array
(
    [post_id] => 387
    [original_len] => 16202
    [escaped_len] => 48777
    [original_first] => [{"id":"7624a61a","elType":"container","settings":{"layout":"full_width","flex_g
    [escaped_first] => '[{\"id\":\"7624a61a\",\"elType\":\"container\",\"settings\":{\"layout\":\"full_
    [has_newlines] => NO
    [has_backslash] => YES
)

[2026-01-15 17:00:34] [42 MB] [export_table_data] Elementor escape check
    DATA: Array
(
    [post_id] => 398
    [original_len] => 84455
    [escaped_len] => 113400
    [original_first] => [{"id":"1281a45","elType":"container","settings":{"layout":"full_width","flex_ga
    [escaped_first] => '[{\"id\":\"1281a45\",\"elType\":\"container\",\"settings\":{\"layout\":\"full_w
    [has_newlines] => NO
    [has_backslash] => YES
)

[2026-01-15 17:00:34] [42 MB] [export_table_data] Elementor escape check
    DATA: Array
(
    [post_id] => 399
    [original_len] => 84455
    [escaped_len] => 113400
    [original_first] => [{"id":"1281a45","elType":"container","settings":{"layout":"full_width","flex_ga
    [escaped_first] => '[{\"id\":\"1281a45\",\"elType\":\"container\",\"settings\":{\"layout\":\"full_w
    [has_newlines] => NO
    [has_backslash] => YES
)

[2026-01-15 17:00:34] [42 MB] [export_table_data] Elementor escape check
    DATA: Array
(
    [post_id] => 400
    [original_len] => 86819
    [escaped_len] => 116859
    [original_first] => [{"id":"1281a45","elType":"container","settings":{"layout":"full_width","flex_ga
    [escaped_first] => '[{\"id\":\"1281a45\",\"elType\":\"container\",\"settings\":{\"layout\":\"full_w
    [has_newlines] => NO
    [has_backslash] => YES
)

[2026-01-15 17:00:34] [42 MB] [export_table_data] Elementor escape check
    DATA: Array
(
    [post_id] => 404
    [original_len] => 86819
    [escaped_len] => 116859
    [original_first] => [{"id":"1281a45","elType":"container","settings":{"layout":"full_width","flex_ga
    [escaped_first] => '[{\"id\":\"1281a45\",\"elType\":\"container\",\"settings\":{\"layout\":\"full_w
    [has_newlines] => NO
    [has_backslash] => YES
)

[2026-01-15 17:00:34] [42 MB] [export_table_data] Elementor escape check
    DATA: Array
(
    [post_id] => 405
    [original_len] => 86819
    [escaped_len] => 116859
    [original_first] => [{"id":"1281a45","elType":"container","settings":{"layout":"full_width","flex_ga
    [escaped_first] => '[{\"id\":\"1281a45\",\"elType\":\"container\",\"settings\":{\"layout\":\"full_w
    [has_newlines] => NO
    [has_backslash] => YES
)

[2026-01-15 17:00:34] [42 MB] [export_table_data] Elementor escape check
    DATA: Array
(
    [post_id] => 406
    [original_len] => 87086
    [escaped_len] => 117175
    [original_first] => [{"id":"1281a45","elType":"container","settings":{"layout":"full_width","flex_ga
    [escaped_first] => '[{\"id\":\"1281a45\",\"elType\":\"container\",\"settings\":{\"layout\":\"full_w
    [has_newlines] => NO
    [has_backslash] => YES
)

[2026-01-15 17:00:34] [42 MB] [export_table_data] Elementor escape check
    DATA: Array
(
    [post_id] => 407
    [original_len] => 87086
    [escaped_len] => 117175
    [original_first] => [{"id":"1281a45","elType":"container","settings":{"layout":"full_width","flex_ga
    [escaped_first] => '[{\"id\":\"1281a45\",\"elType\":\"container\",\"settings\":{\"layout\":\"full_w
    [has_newlines] => NO
    [has_backslash] => YES
)

[2026-01-15 17:00:34] [42 MB] [export_table_data] Elementor escape check
    DATA: Array
(
    [post_id] => 408
    [original_len] => 87086
    [escaped_len] => 117175
    [original_first] => [{"id":"1281a45","elType":"container","settings":{"layout":"full_width","flex_ga
    [escaped_first] => '[{\"id\":\"1281a45\",\"elType\":\"container\",\"settings\":{\"layout\":\"full_w
    [has_newlines] => NO
    [has_backslash] => YES
)

[2026-01-15 17:00:34] [42 MB] [export_table_data] Elementor escape check
    DATA: Array
(
    [post_id] => 409
    [original_len] => 87086
    [escaped_len] => 117175
    [original_first] => [{"id":"1281a45","elType":"container","settings":{"layout":"full_width","flex_ga
    [escaped_first] => '[{\"id\":\"1281a45\",\"elType\":\"container\",\"settings\":{\"layout\":\"full_w
    [has_newlines] => NO
    [has_backslash] => YES
)

[2026-01-15 17:00:34] [42 MB] [export_table_data] Elementor escape check
    DATA: Array
(
    [post_id] => 410
    [original_len] => 87086
    [escaped_len] => 117175
    [original_first] => [{"id":"1281a45","elType":"container","settings":{"layout":"full_width","flex_ga
    [escaped_first] => '[{\"id\":\"1281a45\",\"elType\":\"container\",\"settings\":{\"layout\":\"full_w
    [has_newlines] => NO
    [has_backslash] => YES
)

[2026-01-15 17:00:34] [42 MB] [export_table_data] Elementor escape check
    DATA: Array
(
    [post_id] => 411
    [original_len] => 87086
    [escaped_len] => 117175
    [original_first] => [{"id":"1281a45","elType":"container","settings":{"layout":"full_width","flex_ga
    [escaped_first] => '[{\"id\":\"1281a45\",\"elType\":\"container\",\"settings\":{\"layout\":\"full_w
    [has_newlines] => NO
    [has_backslash] => YES
)

[2026-01-15 17:00:34] [42 MB] [export_table_data] Elementor escape check
    DATA: Array
(
    [post_id] => 412
    [original_len] => 87485
    [escaped_len] => 117644
    [original_first] => [{"id":"1281a45","elType":"container","settings":{"layout":"full_width","flex_ga
    [escaped_first] => '[{\"id\":\"1281a45\",\"elType\":\"container\",\"settings\":{\"layout\":\"full_w
    [has_newlines] => NO
    [has_backslash] => YES
)

[2026-01-15 17:00:34] [42 MB] [export_table_data] Elementor escape check
    DATA: Array
(
    [post_id] => 414
    [original_len] => 87485
    [escaped_len] => 117644
    [original_first] => [{"id":"1281a45","elType":"container","settings":{"layout":"full_width","flex_ga
    [escaped_first] => '[{\"id\":\"1281a45\",\"elType\":\"container\",\"settings\":{\"layout\":\"full_w
    [has_newlines] => NO
    [has_backslash] => YES
)

[2026-01-15 17:00:34] [42 MB] [export_table_data] Elementor escape check
    DATA: Array
(
    [post_id] => 415
    [original_len] => 87485
    [escaped_len] => 117644
    [original_first] => [{"id":"1281a45","elType":"container","settings":{"layout":"full_width","flex_ga
    [escaped_first] => '[{\"id\":\"1281a45\",\"elType\":\"container\",\"settings\":{\"layout\":\"full_w
    [has_newlines] => NO
    [has_backslash] => YES
)

[2026-01-15 17:00:34] [44 MB] [export_table_data] Elementor escape check
    DATA: Array
(
    [post_id] => 416
    [original_len] => 88172
    [escaped_len] => 118641
    [original_first] => [{"id":"1281a45","elType":"container","settings":{"layout":"full_width","flex_ga
    [escaped_first] => '[{\"id\":\"1281a45\",\"elType\":\"container\",\"settings\":{\"layout\":\"full_w
    [has_newlines] => NO
    [has_backslash] => YES
)

[2026-01-15 17:00:34] [44 MB] [export_table_data] Elementor escape check
    DATA: Array
(
    [post_id] => 421
    [original_len] => 88172
    [escaped_len] => 118641
    [original_first] => [{"id":"1281a45","elType":"container","settings":{"layout":"full_width","flex_ga
    [escaped_first] => '[{\"id\":\"1281a45\",\"elType\":\"container\",\"settings\":{\"layout\":\"full_w
    [has_newlines] => NO
    [has_backslash] => YES
)

[2026-01-15 17:00:34] [44 MB] [export_table_data] Elementor escape check
    DATA: Array
(
    [post_id] => 422
    [original_len] => 88172
    [escaped_len] => 118641
    [original_first] => [{"id":"1281a45","elType":"container","settings":{"layout":"full_width","flex_ga
    [escaped_first] => '[{\"id\":\"1281a45\",\"elType\":\"container\",\"settings\":{\"layout\":\"full_w
    [has_newlines] => NO
    [has_backslash] => YES
)

[2026-01-15 17:00:34] [44 MB] [export_table_data] Elementor escape check
    DATA: Array
(
    [post_id] => 423
    [original_len] => 88379
    [escaped_len] => 118883
    [original_first] => [{"id":"1281a45","elType":"container","settings":{"layout":"full_width","flex_ga
    [escaped_first] => '[{\"id\":\"1281a45\",\"elType\":\"container\",\"settings\":{\"layout\":\"full_w
    [has_newlines] => NO
    [has_backslash] => YES
)

[2026-01-15 17:00:34] [44 MB] [export_table_data] Elementor escape check
    DATA: Array
(
    [post_id] => 425
    [original_len] => 88379
    [escaped_len] => 118883
    [original_first] => [{"id":"1281a45","elType":"container","settings":{"layout":"full_width","flex_ga
    [escaped_first] => '[{\"id\":\"1281a45\",\"elType\":\"container\",\"settings\":{\"layout\":\"full_w
    [has_newlines] => NO
    [has_backslash] => YES
)

[2026-01-15 17:00:34] [44 MB] [export_table_data] Elementor escape check
    DATA: Array
(
    [post_id] => 426
    [original_len] => 88379
    [escaped_len] => 118883
    [original_first] => [{"id":"1281a45","elType":"container","settings":{"layout":"full_width","flex_ga
    [escaped_first] => '[{\"id\":\"1281a45\",\"elType\":\"container\",\"settings\":{\"layout\":\"full_w
    [has_newlines] => NO
    [has_backslash] => YES
)

[2026-01-15 17:00:34] [44 MB] [export_table_data] Elementor escape check
    DATA: Array
(
    [post_id] => 427
    [original_len] => 88663
    [escaped_len] => 119184
    [original_first] => [{"id":"1281a45","elType":"container","settings":{"layout":"full_width","flex_ga
    [escaped_first] => '[{\"id\":\"1281a45\",\"elType\":\"container\",\"settings\":{\"layout\":\"full_w
    [has_newlines] => NO
    [has_backslash] => YES
)

[2026-01-15 17:00:34] [44 MB] [export_table_data] Elementor escape check
    DATA: Array
(
    [post_id] => 428
    [original_len] => 88663
    [escaped_len] => 119184
    [original_first] => [{"id":"1281a45","elType":"container","settings":{"layout":"full_width","flex_ga
    [escaped_first] => '[{\"id\":\"1281a45\",\"elType\":\"container\",\"settings\":{\"layout\":\"full_w
    [has_newlines] => NO
    [has_backslash] => YES
)

[2026-01-15 17:00:34] [44 MB] [export_table_data] Elementor escape check
    DATA: Array
(
    [post_id] => 429
    [original_len] => 88663
    [escaped_len] => 119184
    [original_first] => [{"id":"1281a45","elType":"container","settings":{"layout":"full_width","flex_ga
    [escaped_first] => '[{\"id\":\"1281a45\",\"elType\":\"container\",\"settings\":{\"layout\":\"full_w
    [has_newlines] => NO
    [has_backslash] => YES
)

[2026-01-15 17:00:34] [44 MB] [export_table_data] Elementor escape check
    DATA: Array
(
    [post_id] => 430
    [original_len] => 88615
    [escaped_len] => 119132
    [original_first] => [{"id":"1281a45","elType":"container","settings":{"layout":"full_width","flex_ga
    [escaped_first] => '[{\"id\":\"1281a45\",\"elType\":\"container\",\"settings\":{\"layout\":\"full_w
    [has_newlines] => NO
    [has_backslash] => YES
)

[2026-01-15 17:00:34] [44 MB] [export_table_data] Elementor escape check
    DATA: Array
(
    [post_id] => 431
    [original_len] => 88615
    [escaped_len] => 119132
    [original_first] => [{"id":"1281a45","elType":"container","settings":{"layout":"full_width","flex_ga
    [escaped_first] => '[{\"id\":\"1281a45\",\"elType\":\"container\",\"settings\":{\"layout\":\"full_w
    [has_newlines] => NO
    [has_backslash] => YES
)

[2026-01-15 17:00:34] [44 MB] [export_table_data] Elementor escape check
    DATA: Array
(
    [post_id] => 432
    [original_len] => 88615
    [escaped_len] => 119132
    [original_first] => [{"id":"1281a45","elType":"container","settings":{"layout":"full_width","flex_ga
    [escaped_first] => '[{\"id\":\"1281a45\",\"elType\":\"container\",\"settings\":{\"layout\":\"full_w
    [has_newlines] => NO
    [has_backslash] => YES
)

[2026-01-15 17:00:34] [44 MB] [export_table_data] Elementor escape check
    DATA: Array
(
    [post_id] => 433
    [original_len] => 88619
    [escaped_len] => 119136
    [original_first] => [{"id":"1281a45","elType":"container","settings":{"layout":"full_width","flex_ga
    [escaped_first] => '[{\"id\":\"1281a45\",\"elType\":\"container\",\"settings\":{\"layout\":\"full_w
    [has_newlines] => NO
    [has_backslash] => YES
)

[2026-01-15 17:00:34] [44 MB] [export_table_data] Elementor escape check
    DATA: Array
(
    [post_id] => 434
    [original_len] => 88619
    [escaped_len] => 119136
    [original_first] => [{"id":"1281a45","elType":"container","settings":{"layout":"full_width","flex_ga
    [escaped_first] => '[{\"id\":\"1281a45\",\"elType\":\"container\",\"settings\":{\"layout\":\"full_w
    [has_newlines] => NO
    [has_backslash] => YES
)

[2026-01-15 17:00:34] [44 MB] [export_table_data] Elementor escape check
    DATA: Array
(
    [post_id] => 435
    [original_len] => 88619
    [escaped_len] => 119136
    [original_first] => [{"id":"1281a45","elType":"container","settings":{"layout":"full_width","flex_ga
    [escaped_first] => '[{\"id\":\"1281a45\",\"elType\":\"container\",\"settings\":{\"layout\":\"full_w
    [has_newlines] => NO
    [has_backslash] => YES
)

[2026-01-15 17:00:34] [44 MB] [export_table_data] Elementor escape check
    DATA: Array
(
    [post_id] => 436
    [original_len] => 88595
    [escaped_len] => 119108
    [original_first] => [{"id":"1281a45","elType":"container","settings":{"layout":"full_width","flex_ga
    [escaped_first] => '[{\"id\":\"1281a45\",\"elType\":\"container\",\"settings\":{\"layout\":\"full_w
    [has_newlines] => NO
    [has_backslash] => YES
)

[2026-01-15 17:00:34] [44 MB] [export_table_data] Elementor escape check
    DATA: Array
(
    [post_id] => 437
    [original_len] => 88595
    [escaped_len] => 119108
    [original_first] => [{"id":"1281a45","elType":"container","settings":{"layout":"full_width","flex_ga
    [escaped_first] => '[{\"id\":\"1281a45\",\"elType\":\"container\",\"settings\":{\"layout\":\"full_w
    [has_newlines] => NO
    [has_backslash] => YES
)

[2026-01-15 17:00:34] [44 MB] [export_table_data] Elementor escape check
    DATA: Array
(
    [post_id] => 438
    [original_len] => 88595
    [escaped_len] => 119108
    [original_first] => [{"id":"1281a45","elType":"container","settings":{"layout":"full_width","flex_ga
    [escaped_first] => '[{\"id\":\"1281a45\",\"elType\":\"container\",\"settings\":{\"layout\":\"full_w
    [has_newlines] => NO
    [has_backslash] => YES
)

[2026-01-15 17:00:34] [44 MB] [export_table_data] Elementor escape check
    DATA: Array
(
    [post_id] => 439
    [original_len] => 88619
    [escaped_len] => 119136
    [original_first] => [{"id":"1281a45","elType":"container","settings":{"layout":"full_width","flex_ga
    [escaped_first] => '[{\"id\":\"1281a45\",\"elType\":\"container\",\"settings\":{\"layout\":\"full_w
    [has_newlines] => NO
    [has_backslash] => YES
)

[2026-01-15 17:00:34] [44 MB] [export_table_data] Elementor escape check
    DATA: Array
(
    [post_id] => 440
    [original_len] => 88619
    [escaped_len] => 119136
    [original_first] => [{"id":"1281a45","elType":"container","settings":{"layout":"full_width","flex_ga
    [escaped_first] => '[{\"id\":\"1281a45\",\"elType\":\"container\",\"settings\":{\"layout\":\"full_w
    [has_newlines] => NO
    [has_backslash] => YES
)

[2026-01-15 17:00:34] [44 MB] [export_table_data] Elementor escape check
    DATA: Array
(
    [post_id] => 441
    [original_len] => 88619
    [escaped_len] => 119136
    [original_first] => [{"id":"1281a45","elType":"container","settings":{"layout":"full_width","flex_ga
    [escaped_first] => '[{\"id\":\"1281a45\",\"elType\":\"container\",\"settings\":{\"layout\":\"full_w
    [has_newlines] => NO
    [has_backslash] => YES
)

[2026-01-15 17:00:34] [44 MB] [export_table_data] Elementor escape check
    DATA: Array
(
    [post_id] => 442
    [original_len] => 88619
    [escaped_len] => 119136
    [original_first] => [{"id":"1281a45","elType":"container","settings":{"layout":"full_width","flex_ga
    [escaped_first] => '[{\"id\":\"1281a45\",\"elType\":\"container\",\"settings\":{\"layout\":\"full_w
    [has_newlines] => NO
    [has_backslash] => YES
)

[2026-01-15 17:00:34] [44 MB] [export_table_data] Elementor escape check
    DATA: Array
(
    [post_id] => 445
    [original_len] => 88619
    [escaped_len] => 119136
    [original_first] => [{"id":"1281a45","elType":"container","settings":{"layout":"full_width","flex_ga
    [escaped_first] => '[{\"id\":\"1281a45\",\"elType\":\"container\",\"settings\":{\"layout\":\"full_w
    [has_newlines] => NO
    [has_backslash] => YES
)

[2026-01-15 17:00:34] [44 MB] [export_table_data] Elementor escape check
    DATA: Array
(
    [post_id] => 446
    [original_len] => 88619
    [escaped_len] => 119136
    [original_first] => [{"id":"1281a45","elType":"container","settings":{"layout":"full_width","flex_ga
    [escaped_first] => '[{\"id\":\"1281a45\",\"elType\":\"container\",\"settings\":{\"layout\":\"full_w
    [has_newlines] => NO
    [has_backslash] => YES
)

[2026-01-15 17:00:34] [44 MB] [export_table_data] Elementor escape check
    DATA: Array
(
    [post_id] => 447
    [original_len] => 88105
    [escaped_len] => 118491
    [original_first] => [{"id":"1281a45","elType":"container","settings":{"layout":"full_width","flex_ga
    [escaped_first] => '[{\"id\":\"1281a45\",\"elType\":\"container\",\"settings\":{\"layout\":\"full_w
    [has_newlines] => NO
    [has_backslash] => YES
)

[2026-01-15 17:00:34] [44 MB] [export_table_data] Elementor escape check
    DATA: Array
(
    [post_id] => 448
    [original_len] => 88105
    [escaped_len] => 118491
    [original_first] => [{"id":"1281a45","elType":"container","settings":{"layout":"full_width","flex_ga
    [escaped_first] => '[{\"id\":\"1281a45\",\"elType\":\"container\",\"settings\":{\"layout\":\"full_w
    [has_newlines] => NO
    [has_backslash] => YES
)

[2026-01-15 17:00:34] [44 MB] [export_table_data] Elementor escape check
    DATA: Array
(
    [post_id] => 449
    [original_len] => 88105
    [escaped_len] => 118491
    [original_first] => [{"id":"1281a45","elType":"container","settings":{"layout":"full_width","flex_ga
    [escaped_first] => '[{\"id\":\"1281a45\",\"elType\":\"container\",\"settings\":{\"layout\":\"full_w
    [has_newlines] => NO
    [has_backslash] => YES
)

[2026-01-15 17:00:34] [44 MB] [export_table_data] Elementor escape check
    DATA: Array
(
    [post_id] => 450
    [original_len] => 88170
    [escaped_len] => 118566
    [original_first] => [{"id":"1281a45","elType":"container","settings":{"layout":"full_width","flex_ga
    [escaped_first] => '[{\"id\":\"1281a45\",\"elType\":\"container\",\"settings\":{\"layout\":\"full_w
    [has_newlines] => NO
    [has_backslash] => YES
)

[2026-01-15 17:00:34] [44 MB] [export_table_data] Elementor escape check
    DATA: Array
(
    [post_id] => 451
    [original_len] => 88170
    [escaped_len] => 118566
    [original_first] => [{"id":"1281a45","elType":"container","settings":{"layout":"full_width","flex_ga
    [escaped_first] => '[{\"id\":\"1281a45\",\"elType\":\"container\",\"settings\":{\"layout\":\"full_w
    [has_newlines] => NO
    [has_backslash] => YES
)

[2026-01-15 17:00:34] [44 MB] [export_table_data] Elementor escape check
    DATA: Array
(
    [post_id] => 452
    [original_len] => 88170
    [escaped_len] => 118566
    [original_first] => [{"id":"1281a45","elType":"container","settings":{"layout":"full_width","flex_ga
    [escaped_first] => '[{\"id\":\"1281a45\",\"elType\":\"container\",\"settings\":{\"layout\":\"full_w
    [has_newlines] => NO
    [has_backslash] => YES
)

[2026-01-15 17:00:34] [44 MB] [export_table_data] Elementor escape check
    DATA: Array
(
    [post_id] => 453
    [original_len] => 88789
    [escaped_len] => 121815
    [original_first] => [{"id":"1281a45","elType":"container","settings":{"layout":"full_width","flex_ga
    [escaped_first] => '[{\"id\":\"1281a45\",\"elType\":\"container\",\"settings\":{\"layout\":\"full_w
    [has_newlines] => NO
    [has_backslash] => YES
)

[2026-01-15 17:00:34] [44 MB] [export_table_data] Elementor escape check
    DATA: Array
(
    [post_id] => 455
    [original_len] => 88789
    [escaped_len] => 121815
    [original_first] => [{"id":"1281a45","elType":"container","settings":{"layout":"full_width","flex_ga
    [escaped_first] => '[{\"id\":\"1281a45\",\"elType\":\"container\",\"settings\":{\"layout\":\"full_w
    [has_newlines] => NO
    [has_backslash] => YES
)

[2026-01-15 17:00:34] [44 MB] [export_table_data] Elementor escape check
    DATA: Array
(
    [post_id] => 456
    [original_len] => 88789
    [escaped_len] => 121815
    [original_first] => [{"id":"1281a45","elType":"container","settings":{"layout":"full_width","flex_ga
    [escaped_first] => '[{\"id\":\"1281a45\",\"elType\":\"container\",\"settings\":{\"layout\":\"full_w
    [has_newlines] => NO
    [has_backslash] => YES
)

[2026-01-15 17:00:34] [44 MB] [export_table_data] Elementor escape check
    DATA: Array
(
    [post_id] => 457
    [original_len] => 88789
    [escaped_len] => 121815
    [original_first] => [{"id":"1281a45","elType":"container","settings":{"layout":"full_width","flex_ga
    [escaped_first] => '[{\"id\":\"1281a45\",\"elType\":\"container\",\"settings\":{\"layout\":\"full_w
    [has_newlines] => NO
    [has_backslash] => YES
)

[2026-01-15 17:00:34] [44 MB] [export_table_data] Elementor escape check
    DATA: Array
(
    [post_id] => 459
    [original_len] => 88789
    [escaped_len] => 121815
    [original_first] => [{"id":"1281a45","elType":"container","settings":{"layout":"full_width","flex_ga
    [escaped_first] => '[{\"id\":\"1281a45\",\"elType\":\"container\",\"settings\":{\"layout\":\"full_w
    [has_newlines] => NO
    [has_backslash] => YES
)

[2026-01-15 17:00:34] [44 MB] [export_table_data] Elementor escape check
    DATA: Array
(
    [post_id] => 460
    [original_len] => 88789
    [escaped_len] => 121815
    [original_first] => [{"id":"1281a45","elType":"container","settings":{"layout":"full_width","flex_ga
    [escaped_first] => '[{\"id\":\"1281a45\",\"elType\":\"container\",\"settings\":{\"layout\":\"full_w
    [has_newlines] => NO
    [has_backslash] => YES
)

[2026-01-15 17:00:34] [44 MB] [export_table_data] Elementor escape check
    DATA: Array
(
    [post_id] => 461
    [original_len] => 67686
    [escaped_len] => 97503
    [original_first] => [{"id":"1281a45","elType":"container","settings":{"layout":"full_width","flex_ga
    [escaped_first] => '[{\"id\":\"1281a45\",\"elType\":\"container\",\"settings\":{\"layout\":\"full_w
    [has_newlines] => NO
    [has_backslash] => YES
)

[2026-01-15 17:00:34] [44 MB] [export_table_data] Elementor escape check
    DATA: Array
(
    [post_id] => 462
    [original_len] => 13339
    [escaped_len] => 29020
    [original_first] => [{"id":"1bd79c1e","elType":"container","settings":{"layout":"full_width","flex_g
    [escaped_first] => '[{\"id\":\"1bd79c1e\",\"elType\":\"container\",\"settings\":{\"layout\":\"full_
    [has_newlines] => NO
    [has_backslash] => YES
)

[2026-01-15 17:00:34] [44 MB] [export_table_data] Elementor escape check
    DATA: Array
(
    [post_id] => 463
    [original_len] => 13732
    [escaped_len] => 31147
    [original_first] => [{"id":"1bd79c1e","elType":"container","settings":{"layout":"full_width","flex_g
    [escaped_first] => '[{\"id\":\"1bd79c1e\",\"elType\":\"container\",\"settings\":{\"layout\":\"full_
    [has_newlines] => NO
    [has_backslash] => YES
)

[2026-01-15 17:00:34] [44 MB] [export_table_data] Elementor escape check
    DATA: Array
(
    [post_id] => 464
    [original_len] => 16070
    [escaped_len] => 48624
    [original_first] => [{"id":"7624a61a","elType":"container","settings":{"layout":"full_width","flex_g
    [escaped_first] => '[{\"id\":\"7624a61a\",\"elType\":\"container\",\"settings\":{\"layout\":\"full_
    [has_newlines] => NO
    [has_backslash] => YES
)

[2026-01-15 17:00:34] [44 MB] [export_table_data] Elementor escape check
    DATA: Array
(
    [post_id] => 465
    [original_len] => 67686
    [escaped_len] => 97503
    [original_first] => [{"id":"1281a45","elType":"container","settings":{"layout":"full_width","flex_ga
    [escaped_first] => '[{\"id\":\"1281a45\",\"elType\":\"container\",\"settings\":{\"layout\":\"full_w
    [has_newlines] => NO
    [has_backslash] => YES
)

[2026-01-15 17:00:34] [44 MB] [export_table_data] Elementor escape check
    DATA: Array
(
    [post_id] => 466
    [original_len] => 67686
    [escaped_len] => 97503
    [original_first] => [{"id":"1281a45","elType":"container","settings":{"layout":"full_width","flex_ga
    [escaped_first] => '[{\"id\":\"1281a45\",\"elType\":\"container\",\"settings\":{\"layout\":\"full_w
    [has_newlines] => NO
    [has_backslash] => YES
)

[2026-01-15 17:00:34] [44 MB] [export_table_data] Elementor escape check
    DATA: Array
(
    [post_id] => 467
    [original_len] => 67175
    [escaped_len] => 96866
    [original_first] => [{"id":"1281a45","elType":"container","settings":{"layout":"full_width","flex_ga
    [escaped_first] => '[{\"id\":\"1281a45\",\"elType\":\"container\",\"settings\":{\"layout\":\"full_w
    [has_newlines] => NO
    [has_backslash] => YES
)

[2026-01-15 17:00:34] [44 MB] [export_table_data] Elementor escape check
    DATA: Array
(
    [post_id] => 468
    [original_len] => 67175
    [escaped_len] => 96866
    [original_first] => [{"id":"1281a45","elType":"container","settings":{"layout":"full_width","flex_ga
    [escaped_first] => '[{\"id\":\"1281a45\",\"elType\":\"container\",\"settings\":{\"layout\":\"full_w
    [has_newlines] => NO
    [has_backslash] => YES
)

[2026-01-15 17:00:34] [44 MB] [export_table_data] Elementor escape check
    DATA: Array
(
    [post_id] => 469
    [original_len] => 67175
    [escaped_len] => 96866
    [original_first] => [{"id":"1281a45","elType":"container","settings":{"layout":"full_width","flex_ga
    [escaped_first] => '[{\"id\":\"1281a45\",\"elType\":\"container\",\"settings\":{\"layout\":\"full_w
    [has_newlines] => NO
    [has_backslash] => YES
)

[2026-01-15 17:00:34] [44 MB] [export_table_data] Elementor escape check
    DATA: Array
(
    [post_id] => 470
    [original_len] => 67175
    [escaped_len] => 96866
    [original_first] => [{"id":"1281a45","elType":"container","settings":{"layout":"full_width","flex_ga
    [escaped_first] => '[{\"id\":\"1281a45\",\"elType\":\"container\",\"settings\":{\"layout\":\"full_w
    [has_newlines] => NO
    [has_backslash] => YES
)

[2026-01-15 17:00:34] [44 MB] [export_table_data] Elementor escape check
    DATA: Array
(
    [post_id] => 471
    [original_len] => 13783
    [escaped_len] => 31208
    [original_first] => [{"id":"1bd79c1e","elType":"container","settings":{"layout":"full_width","flex_g
    [escaped_first] => '[{\"id\":\"1bd79c1e\",\"elType\":\"container\",\"settings\":{\"layout\":\"full_
    [has_newlines] => NO
    [has_backslash] => YES
)

[2026-01-15 17:00:34] [44 MB] [export_table_data] Elementor escape check
    DATA: Array
(
    [post_id] => 472
    [original_len] => 13789
    [escaped_len] => 31218
    [original_first] => [{"id":"1bd79c1e","elType":"container","settings":{"layout":"full_width","flex_g
    [escaped_first] => '[{\"id\":\"1bd79c1e\",\"elType\":\"container\",\"settings\":{\"layout\":\"full_
    [has_newlines] => NO
    [has_backslash] => YES
)

[2026-01-15 17:00:34] [44 MB] [export_table_data] Elementor escape check
    DATA: Array
(
    [post_id] => 473
    [original_len] => 13785
    [escaped_len] => 31214
    [original_first] => [{"id":"1bd79c1e","elType":"container","settings":{"layout":"full_width","flex_g
    [escaped_first] => '[{\"id\":\"1bd79c1e\",\"elType\":\"container\",\"settings\":{\"layout\":\"full_
    [has_newlines] => NO
    [has_backslash] => YES
)

[2026-01-15 17:00:34] [44 MB] [export_table_data] Elementor escape check
    DATA: Array
(
    [post_id] => 474
    [original_len] => 13827
    [escaped_len] => 31260
    [original_first] => [{"id":"1bd79c1e","elType":"container","settings":{"layout":"full_width","flex_g
    [escaped_first] => '[{\"id\":\"1bd79c1e\",\"elType\":\"container\",\"settings\":{\"layout\":\"full_
    [has_newlines] => NO
    [has_backslash] => YES
)

[2026-01-15 17:00:34] [44 MB] [export_table_data] Elementor escape check
    DATA: Array
(
    [post_id] => 475
    [original_len] => 13873
    [escaped_len] => 31381
    [original_first] => [{"id":"1bd79c1e","elType":"container","settings":{"layout":"full_width","flex_g
    [escaped_first] => '[{\"id\":\"1bd79c1e\",\"elType\":\"container\",\"settings\":{\"layout\":\"full_
    [has_newlines] => NO
    [has_backslash] => YES
)

[2026-01-15 17:00:34] [44 MB] [export_table_data] Elementor escape check
    DATA: Array
(
    [post_id] => 476
    [original_len] => 13854
    [escaped_len] => 31356
    [original_first] => [{"id":"1bd79c1e","elType":"container","settings":{"layout":"full_width","flex_g
    [escaped_first] => '[{\"id\":\"1bd79c1e\",\"elType\":\"container\",\"settings\":{\"layout\":\"full_
    [has_newlines] => NO
    [has_backslash] => YES
)

[2026-01-15 17:00:34] [44 MB] [export_table_data] Elementor escape check
    DATA: Array
(
    [post_id] => 477
    [original_len] => 13874
    [escaped_len] => 31447
    [original_first] => [{"id":"1bd79c1e","elType":"container","settings":{"layout":"full_width","flex_g
    [escaped_first] => '[{\"id\":\"1bd79c1e\",\"elType\":\"container\",\"settings\":{\"layout\":\"full_
    [has_newlines] => NO
    [has_backslash] => YES
)

[2026-01-15 17:00:34] [42 MB] [export_table_data] Elementor escape check
    DATA: Array
(
    [post_id] => 478
    [original_len] => 13413
    [escaped_len] => 31519
    [original_first] => [{"id":"1bd79c1e","elType":"container","settings":{"layout":"full_width","flex_g
    [escaped_first] => '[{\"id\":\"1bd79c1e\",\"elType\":\"container\",\"settings\":{\"layout\":\"full_
    [has_newlines] => NO
    [has_backslash] => YES
)

[2026-01-15 17:00:34] [42 MB] [export_table_data] Elementor escape check
    DATA: Array
(
    [post_id] => 479
    [original_len] => 13509
    [escaped_len] => 31639
    [original_first] => [{"id":"1bd79c1e","elType":"container","settings":{"layout":"full_width","flex_g
    [escaped_first] => '[{\"id\":\"1bd79c1e\",\"elType\":\"container\",\"settings\":{\"layout\":\"full_
    [has_newlines] => NO
    [has_backslash] => YES
)

[2026-01-15 17:00:34] [42 MB] [export_table_data] Elementor escape check
    DATA: Array
(
    [post_id] => 494
    [original_len] => 11671
    [escaped_len] => 13511
    [original_first] => [{"id":"9a619c6","elType":"container","settings":{"flex_direction":"row","backgr
    [escaped_first] => '[{\"id\":\"9a619c6\",\"elType\":\"container\",\"settings\":{\"flex_direction\":
    [has_newlines] => NO
    [has_backslash] => YES
)

[2026-01-15 17:00:34] [42 MB] [export_table_data] Elementor escape check
    DATA: Array
(
    [post_id] => 495
    [original_len] => 11671
    [escaped_len] => 13511
    [original_first] => [{"id":"9a619c6","elType":"container","settings":{"flex_direction":"row","backgr
    [escaped_first] => '[{\"id\":\"9a619c6\",\"elType\":\"container\",\"settings\":{\"flex_direction\":
    [has_newlines] => NO
    [has_backslash] => YES
)

[2026-01-15 17:00:34] [42 MB] [export_table_data] Elementor escape check
    DATA: Array
(
    [post_id] => 496
    [original_len] => 13767
    [escaped_len] => 15862
    [original_first] => [{"id":"9a619c6","elType":"container","settings":{"flex_direction":"row","backgr
    [escaped_first] => '[{\"id\":\"9a619c6\",\"elType\":\"container\",\"settings\":{\"flex_direction\":
    [has_newlines] => NO
    [has_backslash] => YES
)

[2026-01-15 17:00:34] [42 MB] [export_table_data] Elementor escape check
    DATA: Array
(
    [post_id] => 497
    [original_len] => 37652
    [escaped_len] => 43420
    [original_first] => [{"id":"f9c36ab","elType":"container","settings":{"boxed_width":{"unit":"px","si
    [escaped_first] => '[{\"id\":\"f9c36ab\",\"elType\":\"container\",\"settings\":{\"boxed_width\":{\"
    [has_newlines] => NO
    [has_backslash] => YES
)

[2026-01-15 17:00:34] [42 MB] [export_table_data] Elementor escape check
    DATA: Array
(
    [post_id] => 498
    [original_len] => 37652
    [escaped_len] => 43420
    [original_first] => [{"id":"f9c36ab","elType":"container","settings":{"boxed_width":{"unit":"px","si
    [escaped_first] => '[{\"id\":\"f9c36ab\",\"elType\":\"container\",\"settings\":{\"boxed_width\":{\"
    [has_newlines] => NO
    [has_backslash] => YES
)

[2026-01-15 17:00:34] [42 MB] [export_table_data] Elementor escape check
    DATA: Array
(
    [post_id] => 499
    [original_len] => 37231
    [escaped_len] => 42968
    [original_first] => [{"id":"f9c36ab","elType":"container","settings":{"boxed_width":{"unit":"px","si
    [escaped_first] => '[{\"id\":\"f9c36ab\",\"elType\":\"container\",\"settings\":{\"boxed_width\":{\"
    [has_newlines] => NO
    [has_backslash] => YES
)

[2026-01-15 17:00:34] [42 MB] [export_table_data] Elementor escape check
    DATA: Array
(
    [post_id] => 500
    [original_len] => 43038
    [escaped_len] => 49200
    [original_first] => [{"id":"f9c36ab","elType":"container","settings":{"boxed_width":{"unit":"px","si
    [escaped_first] => '[{\"id\":\"f9c36ab\",\"elType\":\"container\",\"settings\":{\"boxed_width\":{\"
    [has_newlines] => NO
    [has_backslash] => YES
)

[2026-01-15 17:00:34] [42 MB] [export_table_data] Elementor escape check
    DATA: Array
(
    [post_id] => 501
    [original_len] => 43038
    [escaped_len] => 49200
    [original_first] => [{"id":"f9c36ab","elType":"container","settings":{"boxed_width":{"unit":"px","si
    [escaped_first] => '[{\"id\":\"f9c36ab\",\"elType\":\"container\",\"settings\":{\"boxed_width\":{\"
    [has_newlines] => NO
    [has_backslash] => YES
)

[2026-01-15 17:00:34] [42 MB] [export_table_data] Elementor escape check
    DATA: Array
(
    [post_id] => 502
    [original_len] => 41010
    [escaped_len] => 46835
    [original_first] => [{"id":"f9c36ab","elType":"container","settings":{"boxed_width":{"unit":"px","si
    [escaped_first] => '[{\"id\":\"f9c36ab\",\"elType\":\"container\",\"settings\":{\"boxed_width\":{\"
    [has_newlines] => NO
    [has_backslash] => YES
)

[2026-01-15 17:00:34] [42 MB] [export_table_data] Elementor escape check
    DATA: Array
(
    [post_id] => 504
    [original_len] => 15613
    [escaped_len] => 20384
    [original_first] => [{"id":"2c35d47","elType":"container","settings":{"layout":"full_width","flex_ga
    [escaped_first] => '[{\"id\":\"2c35d47\",\"elType\":\"container\",\"settings\":{\"layout\":\"full_w
    [has_newlines] => NO
    [has_backslash] => YES
)

[2026-01-15 17:00:34] [42 MB] [export_table_data] Elementor escape check
    DATA: Array
(
    [post_id] => 505
    [original_len] => 15613
    [escaped_len] => 20384
    [original_first] => [{"id":"2c35d47","elType":"container","settings":{"layout":"full_width","flex_ga
    [escaped_first] => '[{\"id\":\"2c35d47\",\"elType\":\"container\",\"settings\":{\"layout\":\"full_w
    [has_newlines] => NO
    [has_backslash] => YES
)

[2026-01-15 17:00:34] [42 MB] [export_table_data] Elementor escape check
    DATA: Array
(
    [post_id] => 506
    [original_len] => 15617
    [escaped_len] => 20388
    [original_first] => [{"id":"2c35d47","elType":"container","settings":{"layout":"full_width","flex_ga
    [escaped_first] => '[{\"id\":\"2c35d47\",\"elType\":\"container\",\"settings\":{\"layout\":\"full_w
    [has_newlines] => NO
    [has_backslash] => YES
)

[2026-01-15 17:00:34] [42 MB] [export_table_data] Elementor escape check
    DATA: Array
(
    [post_id] => 507
    [original_len] => 41010
    [escaped_len] => 46835
    [original_first] => [{"id":"f9c36ab","elType":"container","settings":{"boxed_width":{"unit":"px","si
    [escaped_first] => '[{\"id\":\"f9c36ab\",\"elType\":\"container\",\"settings\":{\"boxed_width\":{\"
    [has_newlines] => NO
    [has_backslash] => YES
)

[2026-01-15 17:00:34] [42 MB] [export_table_data] Elementor escape check
    DATA: Array
(
    [post_id] => 508
    [original_len] => 41010
    [escaped_len] => 46835
    [original_first] => [{"id":"f9c36ab","elType":"container","settings":{"boxed_width":{"unit":"px","si
    [escaped_first] => '[{\"id\":\"f9c36ab\",\"elType\":\"container\",\"settings\":{\"boxed_width\":{\"
    [has_newlines] => NO
    [has_backslash] => YES
)

[2026-01-15 17:00:34] [42 MB] [export_table_data] Elementor escape check
    DATA: Array
(
    [post_id] => 509
    [original_len] => 41014
    [escaped_len] => 46839
    [original_first] => [{"id":"f9c36ab","elType":"container","settings":{"boxed_width":{"unit":"px","si
    [escaped_first] => '[{\"id\":\"f9c36ab\",\"elType\":\"container\",\"settings\":{\"boxed_width\":{\"
    [has_newlines] => NO
    [has_backslash] => YES
)

[2026-01-15 17:00:34] [42 MB] [export_table_data] Elementor escape check
    DATA: Array
(
    [post_id] => 510
    [original_len] => 70385
    [escaped_len] => 80214
    [original_first] => [{"id":"f9c36ab","elType":"container","settings":{"boxed_width":{"unit":"px","si
    [escaped_first] => '[{\"id\":\"f9c36ab\",\"elType\":\"container\",\"settings\":{\"boxed_width\":{\"
    [has_newlines] => NO
    [has_backslash] => YES
)

[2026-01-15 17:00:34] [42 MB] [export_table_data] Elementor escape check
    DATA: Array
(
    [post_id] => 511
    [original_len] => 70385
    [escaped_len] => 80214
    [original_first] => [{"id":"f9c36ab","elType":"container","settings":{"boxed_width":{"unit":"px","si
    [escaped_first] => '[{\"id\":\"f9c36ab\",\"elType\":\"container\",\"settings\":{\"boxed_width\":{\"
    [has_newlines] => NO
    [has_backslash] => YES
)

[2026-01-15 17:00:34] [42 MB] [export_table_data] Elementor escape check
    DATA: Array
(
    [post_id] => 512
    [original_len] => 70389
    [escaped_len] => 80218
    [original_first] => [{"id":"f9c36ab","elType":"container","settings":{"boxed_width":{"unit":"px","si
    [escaped_first] => '[{\"id\":\"f9c36ab\",\"elType\":\"container\",\"settings\":{\"boxed_width\":{\"
    [has_newlines] => NO
    [has_backslash] => YES
)

[2026-01-15 17:00:34] [42 MB] [export_table_data] Elementor escape check
    DATA: Array
(
    [post_id] => 513
    [original_len] => 112856
    [escaped_len] => 125953
    [original_first] => [{"id":"f9c36ab","elType":"container","settings":{"boxed_width":{"unit":"px","si
    [escaped_first] => '[{\"id\":\"f9c36ab\",\"elType\":\"container\",\"settings\":{\"boxed_width\":{\"
    [has_newlines] => NO
    [has_backslash] => YES
)

[2026-01-15 17:00:35] [32 MB] [export_table_data] Elementor escape check
    DATA: Array
(
    [post_id] => 514
    [original_len] => 112856
    [escaped_len] => 125953
    [original_first] => [{"id":"f9c36ab","elType":"container","settings":{"boxed_width":{"unit":"px","si
    [escaped_first] => '[{\"id\":\"f9c36ab\",\"elType\":\"container\",\"settings\":{\"boxed_width\":{\"
    [has_newlines] => NO
    [has_backslash] => YES
)

[2026-01-15 17:00:35] [32 MB] [export_table_data] Elementor escape check
    DATA: Array
(
    [post_id] => 515
    [original_len] => 112860
    [escaped_len] => 125957
    [original_first] => [{"id":"f9c36ab","elType":"container","settings":{"boxed_width":{"unit":"px","si
    [escaped_first] => '[{\"id\":\"f9c36ab\",\"elType\":\"container\",\"settings\":{\"boxed_width\":{\"
    [has_newlines] => NO
    [has_backslash] => YES
)

[2026-01-15 17:00:35] [32 MB] [export_table_data] Elementor escape check
    DATA: Array
(
    [post_id] => 516
    [original_len] => 48183
    [escaped_len] => 55301
    [original_first] => [{"id":"f9c36ab","elType":"container","settings":{"boxed_width":{"unit":"px","si
    [escaped_first] => '[{\"id\":\"f9c36ab\",\"elType\":\"container\",\"settings\":{\"boxed_width\":{\"
    [has_newlines] => NO
    [has_backslash] => YES
)

[2026-01-15 17:00:35] [32 MB] [export_table_data] Elementor escape check
    DATA: Array
(
    [post_id] => 517
    [original_len] => 48183
    [escaped_len] => 55301
    [original_first] => [{"id":"f9c36ab","elType":"container","settings":{"boxed_width":{"unit":"px","si
    [escaped_first] => '[{\"id\":\"f9c36ab\",\"elType\":\"container\",\"settings\":{\"boxed_width\":{\"
    [has_newlines] => NO
    [has_backslash] => YES
)

[2026-01-15 17:00:35] [32 MB] [export_table_data] Elementor escape check
    DATA: Array
(
    [post_id] => 518
    [original_len] => 48187
    [escaped_len] => 55305
    [original_first] => [{"id":"f9c36ab","elType":"container","settings":{"boxed_width":{"unit":"px","si
    [escaped_first] => '[{\"id\":\"f9c36ab\",\"elType\":\"container\",\"settings\":{\"boxed_width\":{\"
    [has_newlines] => NO
    [has_backslash] => YES
)

[2026-01-15 17:00:35] [32 MB] [export_table_data] Elementor escape check
    DATA: Array
(
    [post_id] => 519
    [original_len] => 101908
    [escaped_len] => 115534
    [original_first] => [{"id":"f9c36ab","elType":"container","settings":{"boxed_width":{"unit":"px","si
    [escaped_first] => '[{\"id\":\"f9c36ab\",\"elType\":\"container\",\"settings\":{\"boxed_width\":{\"
    [has_newlines] => NO
    [has_backslash] => YES
)

[2026-01-15 17:00:35] [32 MB] [export_table_data] Elementor escape check
    DATA: Array
(
    [post_id] => 520
    [original_len] => 101908
    [escaped_len] => 115534
    [original_first] => [{"id":"f9c36ab","elType":"container","settings":{"boxed_width":{"unit":"px","si
    [escaped_first] => '[{\"id\":\"f9c36ab\",\"elType\":\"container\",\"settings\":{\"boxed_width\":{\"
    [has_newlines] => NO
    [has_backslash] => YES
)

[2026-01-15 17:00:35] [32 MB] [export_table_data] Elementor escape check
    DATA: Array
(
    [post_id] => 521
    [original_len] => 101912
    [escaped_len] => 115538
    [original_first] => [{"id":"f9c36ab","elType":"container","settings":{"boxed_width":{"unit":"px","si
    [escaped_first] => '[{\"id\":\"f9c36ab\",\"elType\":\"container\",\"settings\":{\"boxed_width\":{\"
    [has_newlines] => NO
    [has_backslash] => YES
)

[2026-01-15 17:00:35] [32 MB] [export_table_data] Elementor escape check
    DATA: Array
(
    [post_id] => 522
    [original_len] => 79347
    [escaped_len] => 90659
    [original_first] => [{"id":"f9c36ab","elType":"container","settings":{"boxed_width":{"unit":"px","si
    [escaped_first] => '[{\"id\":\"f9c36ab\",\"elType\":\"container\",\"settings\":{\"boxed_width\":{\"
    [has_newlines] => NO
    [has_backslash] => YES
)

[2026-01-15 17:00:35] [32 MB] [export_table_data] Elementor escape check
    DATA: Array
(
    [post_id] => 523
    [original_len] => 79347
    [escaped_len] => 90659
    [original_first] => [{"id":"f9c36ab","elType":"container","settings":{"boxed_width":{"unit":"px","si
    [escaped_first] => '[{\"id\":\"f9c36ab\",\"elType\":\"container\",\"settings\":{\"boxed_width\":{\"
    [has_newlines] => NO
    [has_backslash] => YES
)

[2026-01-15 17:00:35] [32 MB] [export_table_data] Elementor escape check
    DATA: Array
(
    [post_id] => 524
    [original_len] => 79351
    [escaped_len] => 90663
    [original_first] => [{"id":"f9c36ab","elType":"container","settings":{"boxed_width":{"unit":"px","si
    [escaped_first] => '[{\"id\":\"f9c36ab\",\"elType\":\"container\",\"settings\":{\"boxed_width\":{\"
    [has_newlines] => NO
    [has_backslash] => YES
)

[2026-01-15 17:00:35] [32 MB] [export_table_data] Elementor escape check
    DATA: Array
(
    [post_id] => 525
    [original_len] => 24485
    [escaped_len] => 28265
    [original_first] => [{"id":"f9c36ab","elType":"container","settings":{"boxed_width":{"unit":"px","si
    [escaped_first] => '[{\"id\":\"f9c36ab\",\"elType\":\"container\",\"settings\":{\"boxed_width\":{\"
    [has_newlines] => NO
    [has_backslash] => YES
)

[2026-01-15 17:00:35] [32 MB] [export_table_data] Elementor escape check
    DATA: Array
(
    [post_id] => 526
    [original_len] => 24485
    [escaped_len] => 28265
    [original_first] => [{"id":"f9c36ab","elType":"container","settings":{"boxed_width":{"unit":"px","si
    [escaped_first] => '[{\"id\":\"f9c36ab\",\"elType\":\"container\",\"settings\":{\"boxed_width\":{\"
    [has_newlines] => NO
    [has_backslash] => YES
)

[2026-01-15 17:00:35] [30 MB] [export_table_data] Elementor escape check
    DATA: Array
(
    [post_id] => 527
    [original_len] => 24489
    [escaped_len] => 28269
    [original_first] => [{"id":"f9c36ab","elType":"container","settings":{"boxed_width":{"unit":"px","si
    [escaped_first] => '[{\"id\":\"f9c36ab\",\"elType\":\"container\",\"settings\":{\"boxed_width\":{\"
    [has_newlines] => NO
    [has_backslash] => YES
)

[2026-01-15 17:00:35] [30 MB] [export_table_data] Elementor escape check
    DATA: Array
(
    [post_id] => 528
    [original_len] => 39880
    [escaped_len] => 45431
    [original_first] => [{"id":"f9c36ab","elType":"container","settings":{"boxed_width":{"unit":"px","si
    [escaped_first] => '[{\"id\":\"f9c36ab\",\"elType\":\"container\",\"settings\":{\"boxed_width\":{\"
    [has_newlines] => NO
    [has_backslash] => YES
)

[2026-01-15 17:00:35] [30 MB] [export_table_data] Elementor escape check
    DATA: Array
(
    [post_id] => 529
    [original_len] => 39880
    [escaped_len] => 45431
    [original_first] => [{"id":"f9c36ab","elType":"container","settings":{"boxed_width":{"unit":"px","si
    [escaped_first] => '[{\"id\":\"f9c36ab\",\"elType\":\"container\",\"settings\":{\"boxed_width\":{\"
    [has_newlines] => NO
    [has_backslash] => YES
)

[2026-01-15 17:00:35] [30 MB] [export_table_data] Elementor escape check
    DATA: Array
(
    [post_id] => 530
    [original_len] => 39884
    [escaped_len] => 45435
    [original_first] => [{"id":"f9c36ab","elType":"container","settings":{"boxed_width":{"unit":"px","si
    [escaped_first] => '[{\"id\":\"f9c36ab\",\"elType\":\"container\",\"settings\":{\"boxed_width\":{\"
    [has_newlines] => NO
    [has_backslash] => YES
)

[2026-01-15 17:00:35] [30 MB] [export_table_data] Elementor escape check
    DATA: Array
(
    [post_id] => 531
    [original_len] => 36576
    [escaped_len] => 42317
    [original_first] => [{"id":"f9c36ab","elType":"container","settings":{"boxed_width":{"unit":"px","si
    [escaped_first] => '[{\"id\":\"f9c36ab\",\"elType\":\"container\",\"settings\":{\"boxed_width\":{\"
    [has_newlines] => NO
    [has_backslash] => YES
)

[2026-01-15 17:00:35] [30 MB] [export_table_data] Elementor escape check
    DATA: Array
(
    [post_id] => 532
    [original_len] => 36576
    [escaped_len] => 42317
    [original_first] => [{"id":"f9c36ab","elType":"container","settings":{"boxed_width":{"unit":"px","si
    [escaped_first] => '[{\"id\":\"f9c36ab\",\"elType\":\"container\",\"settings\":{\"boxed_width\":{\"
    [has_newlines] => NO
    [has_backslash] => YES
)

[2026-01-15 17:00:35] [30 MB] [export_table_data] Elementor escape check
    DATA: Array
(
    [post_id] => 533
    [original_len] => 36580
    [escaped_len] => 42321
    [original_first] => [{"id":"f9c36ab","elType":"container","settings":{"boxed_width":{"unit":"px","si
    [escaped_first] => '[{\"id\":\"f9c36ab\",\"elType\":\"container\",\"settings\":{\"boxed_width\":{\"
    [has_newlines] => NO
    [has_backslash] => YES
)

[2026-01-15 17:00:35] [30 MB] [export_table_data] Elementor escape check
    DATA: Array
(
    [post_id] => 534
    [original_len] => 32646
    [escaped_len] => 37703
    [original_first] => [{"id":"f9c36ab","elType":"container","settings":{"boxed_width":{"unit":"px","si
    [escaped_first] => '[{\"id\":\"f9c36ab\",\"elType\":\"container\",\"settings\":{\"boxed_width\":{\"
    [has_newlines] => NO
    [has_backslash] => YES
)

[2026-01-15 17:00:35] [30 MB] [export_table_data] Elementor escape check
    DATA: Array
(
    [post_id] => 535
    [original_len] => 32646
    [escaped_len] => 37703
    [original_first] => [{"id":"f9c36ab","elType":"container","settings":{"boxed_width":{"unit":"px","si
    [escaped_first] => '[{\"id\":\"f9c36ab\",\"elType\":\"container\",\"settings\":{\"boxed_width\":{\"
    [has_newlines] => NO
    [has_backslash] => YES
)

[2026-01-15 17:00:35] [30 MB] [export_table_data] Elementor escape check
    DATA: Array
(
    [post_id] => 536
    [original_len] => 32650
    [escaped_len] => 37707
    [original_first] => [{"id":"f9c36ab","elType":"container","settings":{"boxed_width":{"unit":"px","si
    [escaped_first] => '[{\"id\":\"f9c36ab\",\"elType\":\"container\",\"settings\":{\"boxed_width\":{\"
    [has_newlines] => NO
    [has_backslash] => YES
)

[2026-01-15 17:00:35] [30 MB] [export_table_data] Elementor escape check
    DATA: Array
(
    [post_id] => 537
    [original_len] => 39044
    [escaped_len] => 44998
    [original_first] => [{"id":"f9c36ab","elType":"container","settings":{"boxed_width":{"unit":"px","si
    [escaped_first] => '[{\"id\":\"f9c36ab\",\"elType\":\"container\",\"settings\":{\"boxed_width\":{\"
    [has_newlines] => NO
    [has_backslash] => YES
)

[2026-01-15 17:00:35] [30 MB] [export_table_data] Elementor escape check
    DATA: Array
(
    [post_id] => 538
    [original_len] => 39044
    [escaped_len] => 44998
    [original_first] => [{"id":"f9c36ab","elType":"container","settings":{"boxed_width":{"unit":"px","si
    [escaped_first] => '[{\"id\":\"f9c36ab\",\"elType\":\"container\",\"settings\":{\"boxed_width\":{\"
    [has_newlines] => NO
    [has_backslash] => YES
)

[2026-01-15 17:00:35] [30 MB] [export_table_data] Elementor escape check
    DATA: Array
(
    [post_id] => 539
    [original_len] => 39048
    [escaped_len] => 45002
    [original_first] => [{"id":"f9c36ab","elType":"container","settings":{"boxed_width":{"unit":"px","si
    [escaped_first] => '[{\"id\":\"f9c36ab\",\"elType\":\"container\",\"settings\":{\"boxed_width\":{\"
    [has_newlines] => NO
    [has_backslash] => YES
)

[2026-01-15 17:00:35] [30 MB] [export_table_data] Elementor escape check
    DATA: Array
(
    [post_id] => 540
    [original_len] => 32199
    [escaped_len] => 37456
    [original_first] => [{"id":"f9c36ab","elType":"container","settings":{"boxed_width":{"unit":"px","si
    [escaped_first] => '[{\"id\":\"f9c36ab\",\"elType\":\"container\",\"settings\":{\"boxed_width\":{\"
    [has_newlines] => NO
    [has_backslash] => YES
)

[2026-01-15 17:00:35] [30 MB] [export_table_data] Elementor escape check
    DATA: Array
(
    [post_id] => 541
    [original_len] => 32199
    [escaped_len] => 37456
    [original_first] => [{"id":"f9c36ab","elType":"container","settings":{"boxed_width":{"unit":"px","si
    [escaped_first] => '[{\"id\":\"f9c36ab\",\"elType\":\"container\",\"settings\":{\"boxed_width\":{\"
    [has_newlines] => NO
    [has_backslash] => YES
)

[2026-01-15 17:00:35] [30 MB] [export_table_data] Elementor escape check
    DATA: Array
(
    [post_id] => 542
    [original_len] => 32203
    [escaped_len] => 37460
    [original_first] => [{"id":"f9c36ab","elType":"container","settings":{"boxed_width":{"unit":"px","si
    [escaped_first] => '[{\"id\":\"f9c36ab\",\"elType\":\"container\",\"settings\":{\"boxed_width\":{\"
    [has_newlines] => NO
    [has_backslash] => YES
)

[2026-01-15 17:00:35] [30 MB] [export_table_data] Elementor escape check
    DATA: Array
(
    [post_id] => 543
    [original_len] => 37231
    [escaped_len] => 42968
    [original_first] => [{"id":"f9c36ab","elType":"container","settings":{"boxed_width":{"unit":"px","si
    [escaped_first] => '[{\"id\":\"f9c36ab\",\"elType\":\"container\",\"settings\":{\"boxed_width\":{\"
    [has_newlines] => NO
    [has_backslash] => YES
)

[2026-01-15 17:00:35] [30 MB] [export_table_data] Elementor escape check
    DATA: Array
(
    [post_id] => 544
    [original_len] => 37231
    [escaped_len] => 42968
    [original_first] => [{"id":"f9c36ab","elType":"container","settings":{"boxed_width":{"unit":"px","si
    [escaped_first] => '[{\"id\":\"f9c36ab\",\"elType\":\"container\",\"settings\":{\"boxed_width\":{\"
    [has_newlines] => NO
    [has_backslash] => YES
)

[2026-01-15 17:00:35] [30 MB] [export_table_data] Elementor escape check
    DATA: Array
(
    [post_id] => 545
    [original_len] => 37235
    [escaped_len] => 42972
    [original_first] => [{"id":"f9c36ab","elType":"container","settings":{"boxed_width":{"unit":"px","si
    [escaped_first] => '[{\"id\":\"f9c36ab\",\"elType\":\"container\",\"settings\":{\"boxed_width\":{\"
    [has_newlines] => NO
    [has_backslash] => YES
)

[2026-01-15 17:00:35] [30 MB] [export_table_data] Elementor escape check
    DATA: Array
(
    [post_id] => 546
    [original_len] => 28250
    [escaped_len] => 32791
    [original_first] => [{"id":"f9c36ab","elType":"container","settings":{"boxed_width":{"unit":"px","si
    [escaped_first] => '[{\"id\":\"f9c36ab\",\"elType\":\"container\",\"settings\":{\"boxed_width\":{\"
    [has_newlines] => NO
    [has_backslash] => YES
)

[2026-01-15 17:00:35] [30 MB] [export_table_data] Elementor escape check
    DATA: Array
(
    [post_id] => 547
    [original_len] => 28250
    [escaped_len] => 32791
    [original_first] => [{"id":"f9c36ab","elType":"container","settings":{"boxed_width":{"unit":"px","si
    [escaped_first] => '[{\"id\":\"f9c36ab\",\"elType\":\"container\",\"settings\":{\"boxed_width\":{\"
    [has_newlines] => NO
    [has_backslash] => YES
)

[2026-01-15 17:00:35] [30 MB] [export_table_data] Elementor escape check
    DATA: Array
(
    [post_id] => 548
    [original_len] => 28254
    [escaped_len] => 32795
    [original_first] => [{"id":"f9c36ab","elType":"container","settings":{"boxed_width":{"unit":"px","si
    [escaped_first] => '[{\"id\":\"f9c36ab\",\"elType\":\"container\",\"settings\":{\"boxed_width\":{\"
    [has_newlines] => NO
    [has_backslash] => YES
)

[2026-01-15 17:00:35] [30 MB] [export_table_data] Elementor escape check
    DATA: Array
(
    [post_id] => 549
    [original_len] => 60780
    [escaped_len] => 71047
    [original_first] => [{"id":"684b5e7","elType":"container","settings":{"boxed_width":{"unit":"px","si
    [escaped_first] => '[{\"id\":\"684b5e7\",\"elType\":\"container\",\"settings\":{\"boxed_width\":{\"
    [has_newlines] => NO
    [has_backslash] => YES
)

[2026-01-15 17:00:35] [30 MB] [export_table_data] Elementor escape check
    DATA: Array
(
    [post_id] => 550
    [original_len] => 60780
    [escaped_len] => 71047
    [original_first] => [{"id":"684b5e7","elType":"container","settings":{"boxed_width":{"unit":"px","si
    [escaped_first] => '[{\"id\":\"684b5e7\",\"elType\":\"container\",\"settings\":{\"boxed_width\":{\"
    [has_newlines] => NO
    [has_backslash] => YES
)

[2026-01-15 17:00:35] [30 MB] [export_table_data] Elementor escape check
    DATA: Array
(
    [post_id] => 551
    [original_len] => 60784
    [escaped_len] => 71051
    [original_first] => [{"id":"684b5e7","elType":"container","settings":{"boxed_width":{"unit":"px","si
    [escaped_first] => '[{\"id\":\"684b5e7\",\"elType\":\"container\",\"settings\":{\"boxed_width\":{\"
    [has_newlines] => NO
    [has_backslash] => YES
)

[2026-01-15 17:00:35] [30 MB] [export_table_data] Elementor escape check
    DATA: Array
(
    [post_id] => 552
    [original_len] => 56229
    [escaped_len] => 63976
    [original_first] => [{"id":"f9c36ab","elType":"container","settings":{"boxed_width":{"unit":"px","si
    [escaped_first] => '[{\"id\":\"f9c36ab\",\"elType\":\"container\",\"settings\":{\"boxed_width\":{\"
    [has_newlines] => NO
    [has_backslash] => YES
)

[2026-01-15 17:00:35] [30 MB] [export_table_data] Elementor escape check
    DATA: Array
(
    [post_id] => 553
    [original_len] => 56229
    [escaped_len] => 63976
    [original_first] => [{"id":"f9c36ab","elType":"container","settings":{"boxed_width":{"unit":"px","si
    [escaped_first] => '[{\"id\":\"f9c36ab\",\"elType\":\"container\",\"settings\":{\"boxed_width\":{\"
    [has_newlines] => NO
    [has_backslash] => YES
)

[2026-01-15 17:00:35] [30 MB] [export_table_data] Elementor escape check
    DATA: Array
(
    [post_id] => 554
    [original_len] => 56233
    [escaped_len] => 63980
    [original_first] => [{"id":"f9c36ab","elType":"container","settings":{"boxed_width":{"unit":"px","si
    [escaped_first] => '[{\"id\":\"f9c36ab\",\"elType\":\"container\",\"settings\":{\"boxed_width\":{\"
    [has_newlines] => NO
    [has_backslash] => YES
)

[2026-01-15 17:00:35] [30 MB] [export_table_data] Elementor escape check
    DATA: Array
(
    [post_id] => 557
    [original_len] => 67175
    [escaped_len] => 96866
    [original_first] => [{"id":"1281a45","elType":"container","settings":{"layout":"full_width","flex_ga
    [escaped_first] => '[{\"id\":\"1281a45\",\"elType\":\"container\",\"settings\":{\"layout\":\"full_w
    [has_newlines] => NO
    [has_backslash] => YES
)

[2026-01-15 17:00:35] [30 MB] [export_table_data] Elementor escape check
    DATA: Array
(
    [post_id] => 558
    [original_len] => 67175
    [escaped_len] => 96866
    [original_first] => [{"id":"1281a45","elType":"container","settings":{"layout":"full_width","flex_ga
    [escaped_first] => '[{\"id\":\"1281a45\",\"elType\":\"container\",\"settings\":{\"layout\":\"full_w
    [has_newlines] => NO
    [has_backslash] => YES
)

[2026-01-15 17:00:35] [30 MB] [export_table_data] Elementor escape check
    DATA: Array
(
    [post_id] => 559
    [original_len] => 67267
    [escaped_len] => 96970
    [original_first] => [{"id":"1281a45","elType":"container","settings":{"layout":"full_width","flex_ga
    [escaped_first] => '[{\"id\":\"1281a45\",\"elType\":\"container\",\"settings\":{\"layout\":\"full_w
    [has_newlines] => NO
    [has_backslash] => YES
)

[2026-01-15 17:00:35] [30 MB] [export_table_data] Elementor escape check
    DATA: Array
(
    [post_id] => 563
    [original_len] => 21696
    [escaped_len] => 56923
    [original_first] => [{"id":"7624a61a","elType":"container","settings":{"layout":"full_width","flex_g
    [escaped_first] => '[{\"id\":\"7624a61a\",\"elType\":\"container\",\"settings\":{\"layout\":\"full_
    [has_newlines] => NO
    [has_backslash] => YES
)

[2026-01-15 17:00:35] [30 MB] [export_table_data] Elementor escape check
    DATA: Array
(
    [post_id] => 566
    [original_len] => 67267
    [escaped_len] => 96970
    [original_first] => [{"id":"1281a45","elType":"container","settings":{"layout":"full_width","flex_ga
    [escaped_first] => '[{\"id\":\"1281a45\",\"elType\":\"container\",\"settings\":{\"layout\":\"full_w
    [has_newlines] => NO
    [has_backslash] => YES
)

[2026-01-15 17:00:35] [30 MB] [export_table_data] Elementor escape check
    DATA: Array
(
    [post_id] => 567
    [original_len] => 67267
    [escaped_len] => 96970
    [original_first] => [{"id":"1281a45","elType":"container","settings":{"layout":"full_width","flex_ga
    [escaped_first] => '[{\"id\":\"1281a45\",\"elType\":\"container\",\"settings\":{\"layout\":\"full_w
    [has_newlines] => NO
    [has_backslash] => YES
)

[2026-01-15 17:00:35] [30 MB] [export_table_data] Elementor escape check
    DATA: Array
(
    [post_id] => 569
    [original_len] => 12671
    [escaped_len] => 18145
    [original_first] => [{"id":"08520fc","elType":"container","settings":{"content_width":"full","margin
    [escaped_first] => '[{\"id\":\"08520fc\",\"elType\":\"container\",\"settings\":{\"content_width\":\
    [has_newlines] => NO
    [has_backslash] => YES
)

[2026-01-15 17:00:35] [30 MB] [export_table_data] Elementor escape check
    DATA: Array
(
    [post_id] => 570
    [original_len] => 13693
    [escaped_len] => 31847
    [original_first] => [{"id":"1bd79c1e","elType":"container","settings":{"layout":"full_width","flex_g
    [escaped_first] => '[{\"id\":\"1bd79c1e\",\"elType\":\"container\",\"settings\":{\"layout\":\"full_
    [has_newlines] => NO
    [has_backslash] => YES
)

[2026-01-15 17:00:39] [30 MB] [chunked_processor] get_job called
    DATA: Array
(
    [job_id] => 17e76a58-a82c-4b0c-a0cb-ff02c714db1a
)

[2026-01-15 17:00:40] [30 MB] [chunked_processor] Transient lookup result
    DATA: Array
(
    [option_name] => speed_backups_job_17e76a58-a82c-4b0c-a0cb-ff02c714db1a
    [found] => YES
)

[2026-01-15 17:00:40] [30 MB] [chunked_processor] Job retrieved successfully
    DATA: Array
(
    [status] => running
    [type] => backup
)

[2026-01-15 17:00:40] [30 MB] [chunked_processor] save_job called
    DATA: Array
(
    [job_id] => 17e76a58-a82c-4b0c-a0cb-ff02c714db1a
    [status] => running
)

[2026-01-15 17:00:40] [30 MB] [chunked_processor] Transient save result
    DATA: Array
(
    [option_name] => speed_backups_job_17e76a58-a82c-4b0c-a0cb-ff02c714db1a
    [success] => YES
)

[2026-01-15 17:00:40] [30 MB] [chunked_processor] Option save result
    DATA: Array
(
    [option_name] => speed_backups_job_17e76a58-a82c-4b0c-a0cb-ff02c714db1a
    [success] => YES
)

[2026-01-15 17:00:40] [30 MB] [chunked_processor] Save verification (direct DB)
    DATA: Array
(
    [verified] => YES
)

[2026-01-15 17:00:40] [30 MB] [chunked_processor] get_job called
    DATA: Array
(
    [job_id] => 17e76a58-a82c-4b0c-a0cb-ff02c714db1a
)

[2026-01-15 17:00:40] [30 MB] [chunked_processor] Transient lookup result
    DATA: Array
(
    [option_name] => speed_backups_job_17e76a58-a82c-4b0c-a0cb-ff02c714db1a
    [found] => YES
)

[2026-01-15 17:00:40] [30 MB] [chunked_processor] Job retrieved successfully
    DATA: Array
(
    [status] => running
    [type] => backup
)

[2026-01-15 17:00:40] [30 MB] [chunked_processor] save_job called
    DATA: Array
(
    [job_id] => 17e76a58-a82c-4b0c-a0cb-ff02c714db1a
    [status] => running
)

[2026-01-15 17:00:40] [30 MB] [chunked_processor] Transient save result
    DATA: Array
(
    [option_name] => speed_backups_job_17e76a58-a82c-4b0c-a0cb-ff02c714db1a
    [success] => YES
)

[2026-01-15 17:00:40] [30 MB] [chunked_processor] Option save result
    DATA: Array
(
    [option_name] => speed_backups_job_17e76a58-a82c-4b0c-a0cb-ff02c714db1a
    [success] => YES
)

[2026-01-15 17:00:40] [30 MB] [chunked_processor] Save verification (direct DB)
    DATA: Array
(
    [verified] => YES
)

[2026-01-15 17:00:40] [30 MB] [chunked_processor] get_job called
    DATA: Array
(
    [job_id] => 17e76a58-a82c-4b0c-a0cb-ff02c714db1a
)

[2026-01-15 17:00:40] [30 MB] [chunked_processor] Transient lookup result
    DATA: Array
(
    [option_name] => speed_backups_job_17e76a58-a82c-4b0c-a0cb-ff02c714db1a
    [found] => YES
)

[2026-01-15 17:00:40] [30 MB] [chunked_processor] Job retrieved successfully
    DATA: Array
(
    [status] => running
    [type] => backup
)

[2026-01-15 17:00:40] [30 MB] [chunked_processor] get_job called
    DATA: Array
(
    [job_id] => 17e76a58-a82c-4b0c-a0cb-ff02c714db1a
)

[2026-01-15 17:00:40] [30 MB] [chunked_processor] Transient lookup result
    DATA: Array
(
    [option_name] => speed_backups_job_17e76a58-a82c-4b0c-a0cb-ff02c714db1a
    [found] => YES
)

[2026-01-15 17:00:40] [30 MB] [chunked_processor] Job retrieved successfully
    DATA: Array
(
    [status] => running
    [type] => backup
)

[2026-01-15 17:00:40] [14 MB] [ERROR_HANDLER] PHP error handlers registered
[2026-01-15 17:00:41] [14 MB] [chunked_processor] get_job called
    DATA: Array
(
    [job_id] => 17e76a58-a82c-4b0c-a0cb-ff02c714db1a
)

[2026-01-15 17:00:41] [14 MB] [chunked_processor] Transient lookup result
    DATA: Array
(
    [option_name] => speed_backups_job_17e76a58-a82c-4b0c-a0cb-ff02c714db1a
    [found] => YES
)

[2026-01-15 17:00:41] [14 MB] [chunked_processor] Job retrieved successfully
    DATA: Array
(
    [status] => running
    [type] => backup
)

[2026-01-15 17:00:41] [14 MB] [chunked_processor] get_job called
    DATA: Array
(
    [job_id] => 17e76a58-a82c-4b0c-a0cb-ff02c714db1a
)

[2026-01-15 17:00:41] [14 MB] [chunked_processor] Transient lookup result
    DATA: Array
(
    [option_name] => speed_backups_job_17e76a58-a82c-4b0c-a0cb-ff02c714db1a
    [found] => YES
)

[2026-01-15 17:00:41] [14 MB] [chunked_processor] Job retrieved successfully
    DATA: Array
(
    [status] => running
    [type] => backup
)

[2026-01-15 17:00:41] [20 MB] [chunked_processor] get_job called
    DATA: Array
(
    [job_id] => 17e76a58-a82c-4b0c-a0cb-ff02c714db1a
)

[2026-01-15 17:00:41] [20 MB] [chunked_processor] Transient lookup result
    DATA: Array
(
    [option_name] => speed_backups_job_17e76a58-a82c-4b0c-a0cb-ff02c714db1a
    [found] => YES
)

[2026-01-15 17:00:41] [20 MB] [chunked_processor] Job retrieved successfully
    DATA: Array
(
    [status] => running
    [type] => backup
)

[2026-01-15 17:00:41] [20 MB] [chunked_processor] save_job called
    DATA: Array
(
    [job_id] => 17e76a58-a82c-4b0c-a0cb-ff02c714db1a
    [status] => running
)

[2026-01-15 17:00:41] [20 MB] [chunked_processor] Transient save result
    DATA: Array
(
    [option_name] => speed_backups_job_17e76a58-a82c-4b0c-a0cb-ff02c714db1a
    [success] => YES
)

[2026-01-15 17:00:41] [20 MB] [chunked_processor] Option save result
    DATA: Array
(
    [option_name] => speed_backups_job_17e76a58-a82c-4b0c-a0cb-ff02c714db1a
    [success] => YES
)

[2026-01-15 17:00:41] [20 MB] [chunked_processor] Save verification (direct DB)
    DATA: Array
(
    [verified] => YES
)

[2026-01-15 17:00:45] [20 MB] [chunked_processor] get_job called
    DATA: Array
(
    [job_id] => 17e76a58-a82c-4b0c-a0cb-ff02c714db1a
)

[2026-01-15 17:00:45] [20 MB] [chunked_processor] Transient lookup result
    DATA: Array
(
    [option_name] => speed_backups_job_17e76a58-a82c-4b0c-a0cb-ff02c714db1a
    [found] => YES
)

[2026-01-15 17:00:45] [20 MB] [chunked_processor] Job retrieved successfully
    DATA: Array
(
    [status] => running
    [type] => backup
)

[2026-01-15 17:00:45] [20 MB] [chunked_processor] save_job called
    DATA: Array
(
    [job_id] => 17e76a58-a82c-4b0c-a0cb-ff02c714db1a
    [status] => running
)

[2026-01-15 17:00:45] [20 MB] [chunked_processor] Transient save result
    DATA: Array
(
    [option_name] => speed_backups_job_17e76a58-a82c-4b0c-a0cb-ff02c714db1a
    [success] => YES
)

[2026-01-15 17:00:45] [20 MB] [chunked_processor] Option save result
    DATA: Array
(
    [option_name] => speed_backups_job_17e76a58-a82c-4b0c-a0cb-ff02c714db1a
    [success] => YES
)

[2026-01-15 17:00:45] [20 MB] [chunked_processor] Save verification (direct DB)
    DATA: Array
(
    [verified] => YES
)

[2026-01-15 17:00:45] [20 MB] [chunked_processor] get_job called
    DATA: Array
(
    [job_id] => 17e76a58-a82c-4b0c-a0cb-ff02c714db1a
)

[2026-01-15 17:00:45] [20 MB] [chunked_processor] Transient lookup result
    DATA: Array
(
    [option_name] => speed_backups_job_17e76a58-a82c-4b0c-a0cb-ff02c714db1a
    [found] => YES
)

[2026-01-15 17:00:45] [20 MB] [chunked_processor] Job retrieved successfully
    DATA: Array
(
    [status] => running
    [type] => backup
)

[2026-01-15 17:00:45] [20 MB] [chunked_processor] get_job called
    DATA: Array
(
    [job_id] => 17e76a58-a82c-4b0c-a0cb-ff02c714db1a
)

[2026-01-15 17:00:45] [20 MB] [chunked_processor] Transient lookup result
    DATA: Array
(
    [option_name] => speed_backups_job_17e76a58-a82c-4b0c-a0cb-ff02c714db1a
    [found] => YES
)

[2026-01-15 17:00:45] [20 MB] [chunked_processor] Job retrieved successfully
    DATA: Array
(
    [status] => running
    [type] => backup
)

[2026-01-15 17:00:45] [18 MB] [ERROR_HANDLER] PHP error handlers registered
[2026-01-15 17:00:46] [18 MB] [chunked_processor] get_job called
    DATA: Array
(
    [job_id] => 17e76a58-a82c-4b0c-a0cb-ff02c714db1a
)

[2026-01-15 17:00:46] [18 MB] [chunked_processor] Transient lookup result
    DATA: Array
(
    [option_name] => speed_backups_job_17e76a58-a82c-4b0c-a0cb-ff02c714db1a
    [found] => YES
)

[2026-01-15 17:00:46] [18 MB] [chunked_processor] Job retrieved successfully
    DATA: Array
(
    [status] => running
    [type] => backup
)

[2026-01-15 17:00:46] [18 MB] [chunked_processor] get_job called
    DATA: Array
(
    [job_id] => 17e76a58-a82c-4b0c-a0cb-ff02c714db1a
)

[2026-01-15 17:00:46] [18 MB] [chunked_processor] Transient lookup result
    DATA: Array
(
    [option_name] => speed_backups_job_17e76a58-a82c-4b0c-a0cb-ff02c714db1a
    [found] => YES
)

[2026-01-15 17:00:46] [18 MB] [chunked_processor] Job retrieved successfully
    DATA: Array
(
    [status] => running
    [type] => backup
)

[2026-01-15 17:00:46] [20 MB] [chunked_processor] get_job called
    DATA: Array
(
    [job_id] => 17e76a58-a82c-4b0c-a0cb-ff02c714db1a
)

[2026-01-15 17:00:46] [20 MB] [chunked_processor] Transient lookup result
    DATA: Array
(
    [option_name] => speed_backups_job_17e76a58-a82c-4b0c-a0cb-ff02c714db1a
    [found] => YES
)

[2026-01-15 17:00:46] [20 MB] [chunked_processor] Job retrieved successfully
    DATA: Array
(
    [status] => running
    [type] => backup
)

[2026-01-15 17:00:46] [20 MB] [chunked_processor] save_job called
    DATA: Array
(
    [job_id] => 17e76a58-a82c-4b0c-a0cb-ff02c714db1a
    [status] => running
)

[2026-01-15 17:00:46] [20 MB] [chunked_processor] Transient save result
    DATA: Array
(
    [option_name] => speed_backups_job_17e76a58-a82c-4b0c-a0cb-ff02c714db1a
    [success] => YES
)

[2026-01-15 17:00:46] [20 MB] [chunked_processor] Option save result
    DATA: Array
(
    [option_name] => speed_backups_job_17e76a58-a82c-4b0c-a0cb-ff02c714db1a
    [success] => YES
)

[2026-01-15 17:00:46] [20 MB] [chunked_processor] Save verification (direct DB)
    DATA: Array
(
    [verified] => YES
)

[2026-01-15 17:00:46] [30 MB] [ERROR_HANDLER] PHP error handlers registered
[2026-01-15 17:00:47] [20 MB] [chunked_processor] get_job called
    DATA: Array
(
    [job_id] => 17e76a58-a82c-4b0c-a0cb-ff02c714db1a
)

[2026-01-15 17:00:47] [20 MB] [chunked_processor] Transient lookup result
    DATA: Array
(
    [option_name] => speed_backups_job_17e76a58-a82c-4b0c-a0cb-ff02c714db1a
    [found] => YES
)

[2026-01-15 17:00:47] [20 MB] [chunked_processor] Job retrieved successfully
    DATA: Array
(
    [status] => running
    [type] => backup
)

[2026-01-15 17:00:47] [20 MB] [chunked_processor] save_job called
    DATA: Array
(
    [job_id] => 17e76a58-a82c-4b0c-a0cb-ff02c714db1a
    [status] => running
)

[2026-01-15 17:00:47] [20 MB] [chunked_processor] Transient save result
    DATA: Array
(
    [option_name] => speed_backups_job_17e76a58-a82c-4b0c-a0cb-ff02c714db1a
    [success] => YES
)

[2026-01-15 17:00:47] [20 MB] [chunked_processor] Option save result
    DATA: Array
(
    [option_name] => speed_backups_job_17e76a58-a82c-4b0c-a0cb-ff02c714db1a
    [success] => YES
)

[2026-01-15 17:00:47] [20 MB] [chunked_processor] Save verification (direct DB)
    DATA: Array
(
    [verified] => YES
)

[2026-01-15 17:00:47] [20 MB] [chunked_processor] get_job called
    DATA: Array
(
    [job_id] => 17e76a58-a82c-4b0c-a0cb-ff02c714db1a
)

[2026-01-15 17:00:47] [20 MB] [chunked_processor] Transient lookup result
    DATA: Array
(
    [option_name] => speed_backups_job_17e76a58-a82c-4b0c-a0cb-ff02c714db1a
    [found] => YES
)

[2026-01-15 17:00:47] [20 MB] [chunked_processor] Job retrieved successfully
    DATA: Array
(
    [status] => running
    [type] => backup
)

[2026-01-15 17:00:47] [20 MB] [chunked_processor] get_job called
    DATA: Array
(
    [job_id] => 17e76a58-a82c-4b0c-a0cb-ff02c714db1a
)

[2026-01-15 17:00:47] [20 MB] [chunked_processor] Transient lookup result
    DATA: Array
(
    [option_name] => speed_backups_job_17e76a58-a82c-4b0c-a0cb-ff02c714db1a
    [found] => YES
)

[2026-01-15 17:00:47] [20 MB] [chunked_processor] Job retrieved successfully
    DATA: Array
(
    [status] => running
    [type] => backup
)

[2026-01-15 17:00:47] [20 MB] [ERROR_HANDLER] PHP error handlers registered
[2026-01-15 17:00:47] [20 MB] [chunked_processor] get_job called
    DATA: Array
(
    [job_id] => 17e76a58-a82c-4b0c-a0cb-ff02c714db1a
)

[2026-01-15 17:00:47] [20 MB] [chunked_processor] Transient lookup result
    DATA: Array
(
    [option_name] => speed_backups_job_17e76a58-a82c-4b0c-a0cb-ff02c714db1a
    [found] => YES
)

[2026-01-15 17:00:47] [20 MB] [chunked_processor] Job retrieved successfully
    DATA: Array
(
    [status] => running
    [type] => backup
)

[2026-01-15 17:00:47] [20 MB] [chunked_processor] get_job called
    DATA: Array
(
    [job_id] => 17e76a58-a82c-4b0c-a0cb-ff02c714db1a
)

[2026-01-15 17:00:47] [20 MB] [chunked_processor] Transient lookup result
    DATA: Array
(
    [option_name] => speed_backups_job_17e76a58-a82c-4b0c-a0cb-ff02c714db1a
    [found] => YES
)

[2026-01-15 17:00:47] [20 MB] [chunked_processor] Job retrieved successfully
    DATA: Array
(
    [status] => running
    [type] => backup
)

[2026-01-15 17:00:47] [20 MB] [chunked_processor] get_job called
    DATA: Array
(
    [job_id] => 17e76a58-a82c-4b0c-a0cb-ff02c714db1a
)

[2026-01-15 17:00:47] [20 MB] [chunked_processor] Transient lookup result
    DATA: Array
(
    [option_name] => speed_backups_job_17e76a58-a82c-4b0c-a0cb-ff02c714db1a
    [found] => YES
)

[2026-01-15 17:00:47] [20 MB] [chunked_processor] Job retrieved successfully
    DATA: Array
(
    [status] => running
    [type] => backup
)

[2026-01-15 17:00:47] [20 MB] [chunked_processor] save_job called
    DATA: Array
(
    [job_id] => 17e76a58-a82c-4b0c-a0cb-ff02c714db1a
    [status] => running
)

[2026-01-15 17:00:47] [20 MB] [chunked_processor] Transient save result
    DATA: Array
(
    [option_name] => speed_backups_job_17e76a58-a82c-4b0c-a0cb-ff02c714db1a
    [success] => YES
)

[2026-01-15 17:00:47] [20 MB] [chunked_processor] Option save result
    DATA: Array
(
    [option_name] => speed_backups_job_17e76a58-a82c-4b0c-a0cb-ff02c714db1a
    [success] => YES
)

[2026-01-15 17:00:47] [20 MB] [chunked_processor] Save verification (direct DB)
    DATA: Array
(
    [verified] => YES
)

[2026-01-15 17:00:50] [24 MB] [chunked_processor] get_job called
    DATA: Array
(
    [job_id] => 17e76a58-a82c-4b0c-a0cb-ff02c714db1a
)

[2026-01-15 17:00:51] [24 MB] [chunked_processor] Transient lookup result
    DATA: Array
(
    [option_name] => speed_backups_job_17e76a58-a82c-4b0c-a0cb-ff02c714db1a
    [found] => YES
)

[2026-01-15 17:00:51] [24 MB] [chunked_processor] Job retrieved successfully
    DATA: Array
(
    [status] => running
    [type] => backup
)

[2026-01-15 17:00:51] [24 MB] [chunked_processor] save_job called
    DATA: Array
(
    [job_id] => 17e76a58-a82c-4b0c-a0cb-ff02c714db1a
    [status] => running
)

[2026-01-15 17:00:51] [24 MB] [chunked_processor] Transient save result
    DATA: Array
(
    [option_name] => speed_backups_job_17e76a58-a82c-4b0c-a0cb-ff02c714db1a
    [success] => YES
)

[2026-01-15 17:00:51] [24 MB] [chunked_processor] Option save result
    DATA: Array
(
    [option_name] => speed_backups_job_17e76a58-a82c-4b0c-a0cb-ff02c714db1a
    [success] => YES
)

[2026-01-15 17:00:51] [24 MB] [chunked_processor] Save verification (direct DB)
    DATA: Array
(
    [verified] => YES
)

[2026-01-15 17:00:51] [24 MB] [chunked_processor] get_job called
    DATA: Array
(
    [job_id] => 17e76a58-a82c-4b0c-a0cb-ff02c714db1a
)

[2026-01-15 17:00:51] [24 MB] [chunked_processor] Transient lookup result
    DATA: Array
(
    [option_name] => speed_backups_job_17e76a58-a82c-4b0c-a0cb-ff02c714db1a
    [found] => YES
)

[2026-01-15 17:00:51] [24 MB] [chunked_processor] Job retrieved successfully
    DATA: Array
(
    [status] => running
    [type] => backup
)

[2026-01-15 17:00:51] [24 MB] [chunked_processor] get_job called
    DATA: Array
(
    [job_id] => 17e76a58-a82c-4b0c-a0cb-ff02c714db1a
)

[2026-01-15 17:00:51] [24 MB] [chunked_processor] Transient lookup result
    DATA: Array
(
    [option_name] => speed_backups_job_17e76a58-a82c-4b0c-a0cb-ff02c714db1a
    [found] => YES
)

[2026-01-15 17:00:51] [24 MB] [chunked_processor] Job retrieved successfully
    DATA: Array
(
    [status] => running
    [type] => backup
)

[2026-01-15 17:00:51] [20 MB] [ERROR_HANDLER] PHP error handlers registered
[2026-01-15 17:00:51] [20 MB] [chunked_processor] get_job called
    DATA: Array
(
    [job_id] => 17e76a58-a82c-4b0c-a0cb-ff02c714db1a
)

[2026-01-15 17:00:51] [20 MB] [chunked_processor] Transient lookup result
    DATA: Array
(
    [option_name] => speed_backups_job_17e76a58-a82c-4b0c-a0cb-ff02c714db1a
    [found] => YES
)

[2026-01-15 17:00:51] [20 MB] [chunked_processor] Job retrieved successfully
    DATA: Array
(
    [status] => running
    [type] => backup
)

[2026-01-15 17:00:51] [20 MB] [chunked_processor] get_job called
    DATA: Array
(
    [job_id] => 17e76a58-a82c-4b0c-a0cb-ff02c714db1a
)

[2026-01-15 17:00:51] [20 MB] [chunked_processor] Transient lookup result
    DATA: Array
(
    [option_name] => speed_backups_job_17e76a58-a82c-4b0c-a0cb-ff02c714db1a
    [found] => YES
)

[2026-01-15 17:00:51] [20 MB] [chunked_processor] Job retrieved successfully
    DATA: Array
(
    [status] => running
    [type] => backup
)

[2026-01-15 17:00:51] [20 MB] [chunked_processor] get_job called
    DATA: Array
(
    [job_id] => 17e76a58-a82c-4b0c-a0cb-ff02c714db1a
)

[2026-01-15 17:00:51] [20 MB] [chunked_processor] Transient lookup result
    DATA: Array
(
    [option_name] => speed_backups_job_17e76a58-a82c-4b0c-a0cb-ff02c714db1a
    [found] => YES
)

[2026-01-15 17:00:51] [20 MB] [chunked_processor] Job retrieved successfully
    DATA: Array
(
    [status] => running
    [type] => backup
)

[2026-01-15 17:00:51] [20 MB] [chunked_processor] save_job called
    DATA: Array
(
    [job_id] => 17e76a58-a82c-4b0c-a0cb-ff02c714db1a
    [status] => running
)

[2026-01-15 17:00:51] [20 MB] [chunked_processor] Transient save result
    DATA: Array
(
    [option_name] => speed_backups_job_17e76a58-a82c-4b0c-a0cb-ff02c714db1a
    [success] => YES
)

[2026-01-15 17:00:51] [20 MB] [chunked_processor] Option save result
    DATA: Array
(
    [option_name] => speed_backups_job_17e76a58-a82c-4b0c-a0cb-ff02c714db1a
    [success] => YES
)

[2026-01-15 17:00:51] [20 MB] [chunked_processor] Save verification (direct DB)
    DATA: Array
(
    [verified] => YES
)

[2026-01-15 17:00:54] [24 MB] [chunked_processor] get_job called
    DATA: Array
(
    [job_id] => 17e76a58-a82c-4b0c-a0cb-ff02c714db1a
)

[2026-01-15 17:00:54] [24 MB] [chunked_processor] Transient lookup result
    DATA: Array
(
    [option_name] => speed_backups_job_17e76a58-a82c-4b0c-a0cb-ff02c714db1a
    [found] => YES
)

[2026-01-15 17:00:54] [24 MB] [chunked_processor] Job retrieved successfully
    DATA: Array
(
    [status] => running
    [type] => backup
)

[2026-01-15 17:00:54] [24 MB] [chunked_processor] save_job called
    DATA: Array
(
    [job_id] => 17e76a58-a82c-4b0c-a0cb-ff02c714db1a
    [status] => running
)

[2026-01-15 17:00:54] [24 MB] [chunked_processor] Transient save result
    DATA: Array
(
    [option_name] => speed_backups_job_17e76a58-a82c-4b0c-a0cb-ff02c714db1a
    [success] => YES
)

[2026-01-15 17:00:54] [24 MB] [chunked_processor] Option save result
    DATA: Array
(
    [option_name] => speed_backups_job_17e76a58-a82c-4b0c-a0cb-ff02c714db1a
    [success] => YES
)

[2026-01-15 17:00:54] [24 MB] [chunked_processor] Save verification (direct DB)
    DATA: Array
(
    [verified] => YES
)

[2026-01-15 17:00:54] [24 MB] [chunked_processor] get_job called
    DATA: Array
(
    [job_id] => 17e76a58-a82c-4b0c-a0cb-ff02c714db1a
)

[2026-01-15 17:00:54] [24 MB] [chunked_processor] Transient lookup result
    DATA: Array
(
    [option_name] => speed_backups_job_17e76a58-a82c-4b0c-a0cb-ff02c714db1a
    [found] => YES
)

[2026-01-15 17:00:54] [24 MB] [chunked_processor] Job retrieved successfully
    DATA: Array
(
    [status] => running
    [type] => backup
)

[2026-01-15 17:00:54] [24 MB] [chunked_processor] get_job called
    DATA: Array
(
    [job_id] => 17e76a58-a82c-4b0c-a0cb-ff02c714db1a
)

[2026-01-15 17:00:54] [24 MB] [chunked_processor] Transient lookup result
    DATA: Array
(
    [option_name] => speed_backups_job_17e76a58-a82c-4b0c-a0cb-ff02c714db1a
    [found] => YES
)

[2026-01-15 17:00:54] [24 MB] [chunked_processor] Job retrieved successfully
    DATA: Array
(
    [status] => running
    [type] => backup
)

[2026-01-15 17:00:55] [24 MB] [ERROR_HANDLER] PHP error handlers registered
[2026-01-15 17:00:55] [24 MB] [chunked_processor] get_job called
    DATA: Array
(
    [job_id] => 17e76a58-a82c-4b0c-a0cb-ff02c714db1a
)

[2026-01-15 17:00:55] [24 MB] [chunked_processor] Transient lookup result
    DATA: Array
(
    [option_name] => speed_backups_job_17e76a58-a82c-4b0c-a0cb-ff02c714db1a
    [found] => YES
)

[2026-01-15 17:00:55] [24 MB] [chunked_processor] Job retrieved successfully
    DATA: Array
(
    [status] => running
    [type] => backup
)

[2026-01-15 17:00:55] [24 MB] [chunked_processor] get_job called
    DATA: Array
(
    [job_id] => 17e76a58-a82c-4b0c-a0cb-ff02c714db1a
)

[2026-01-15 17:00:55] [24 MB] [chunked_processor] Transient lookup result
    DATA: Array
(
    [option_name] => speed_backups_job_17e76a58-a82c-4b0c-a0cb-ff02c714db1a
    [found] => YES
)

[2026-01-15 17:00:55] [24 MB] [chunked_processor] Job retrieved successfully
    DATA: Array
(
    [status] => running
    [type] => backup
)

[2026-01-15 17:00:55] [24 MB] [chunked_processor] get_job called
    DATA: Array
(
    [job_id] => 17e76a58-a82c-4b0c-a0cb-ff02c714db1a
)

[2026-01-15 17:00:55] [24 MB] [chunked_processor] Transient lookup result
    DATA: Array
(
    [option_name] => speed_backups_job_17e76a58-a82c-4b0c-a0cb-ff02c714db1a
    [found] => YES
)

[2026-01-15 17:00:55] [24 MB] [chunked_processor] Job retrieved successfully
    DATA: Array
(
    [status] => running
    [type] => backup
)

[2026-01-15 17:00:55] [24 MB] [chunked_processor] save_job called
    DATA: Array
(
    [job_id] => 17e76a58-a82c-4b0c-a0cb-ff02c714db1a
    [status] => running
)

[2026-01-15 17:00:55] [24 MB] [chunked_processor] Transient save result
    DATA: Array
(
    [option_name] => speed_backups_job_17e76a58-a82c-4b0c-a0cb-ff02c714db1a
    [success] => YES
)

[2026-01-15 17:00:55] [24 MB] [chunked_processor] Option save result
    DATA: Array
(
    [option_name] => speed_backups_job_17e76a58-a82c-4b0c-a0cb-ff02c714db1a
    [success] => YES
)

[2026-01-15 17:00:55] [24 MB] [chunked_processor] Save verification (direct DB)
    DATA: Array
(
    [verified] => YES
)

[2026-01-15 17:00:57] [24 MB] [chunked_processor] get_job called
    DATA: Array
(
    [job_id] => 17e76a58-a82c-4b0c-a0cb-ff02c714db1a
)

[2026-01-15 17:00:57] [24 MB] [chunked_processor] Transient lookup result
    DATA: Array
(
    [option_name] => speed_backups_job_17e76a58-a82c-4b0c-a0cb-ff02c714db1a
    [found] => YES
)

[2026-01-15 17:00:57] [24 MB] [chunked_processor] Job retrieved successfully
    DATA: Array
(
    [status] => running
    [type] => backup
)

[2026-01-15 17:00:57] [24 MB] [chunked_processor] save_job called
    DATA: Array
(
    [job_id] => 17e76a58-a82c-4b0c-a0cb-ff02c714db1a
    [status] => running
)

[2026-01-15 17:00:57] [24 MB] [chunked_processor] Transient save result
    DATA: Array
(
    [option_name] => speed_backups_job_17e76a58-a82c-4b0c-a0cb-ff02c714db1a
    [success] => YES
)

[2026-01-15 17:00:57] [24 MB] [chunked_processor] Option save result
    DATA: Array
(
    [option_name] => speed_backups_job_17e76a58-a82c-4b0c-a0cb-ff02c714db1a
    [success] => YES
)

[2026-01-15 17:00:57] [24 MB] [chunked_processor] Save verification (direct DB)
    DATA: Array
(
    [verified] => YES
)

[2026-01-15 17:00:57] [24 MB] [chunked_processor] get_job called
    DATA: Array
(
    [job_id] => 17e76a58-a82c-4b0c-a0cb-ff02c714db1a
)

[2026-01-15 17:00:57] [24 MB] [chunked_processor] Transient lookup result
    DATA: Array
(
    [option_name] => speed_backups_job_17e76a58-a82c-4b0c-a0cb-ff02c714db1a
    [found] => YES
)

[2026-01-15 17:00:57] [24 MB] [chunked_processor] Job retrieved successfully
    DATA: Array
(
    [status] => running
    [type] => backup
)

[2026-01-15 17:00:57] [24 MB] [chunked_processor] get_job called
    DATA: Array
(
    [job_id] => 17e76a58-a82c-4b0c-a0cb-ff02c714db1a
)

[2026-01-15 17:00:57] [24 MB] [chunked_processor] Transient lookup result
    DATA: Array
(
    [option_name] => speed_backups_job_17e76a58-a82c-4b0c-a0cb-ff02c714db1a
    [found] => YES
)

[2026-01-15 17:00:57] [24 MB] [chunked_processor] Job retrieved successfully
    DATA: Array
(
    [status] => running
    [type] => backup
)

[2026-01-15 17:00:58] [24 MB] [ERROR_HANDLER] PHP error handlers registered
[2026-01-15 17:00:58] [24 MB] [chunked_processor] get_job called
    DATA: Array
(
    [job_id] => 17e76a58-a82c-4b0c-a0cb-ff02c714db1a
)

[2026-01-15 17:00:58] [24 MB] [chunked_processor] Transient lookup result
    DATA: Array
(
    [option_name] => speed_backups_job_17e76a58-a82c-4b0c-a0cb-ff02c714db1a
    [found] => YES
)

[2026-01-15 17:00:58] [24 MB] [chunked_processor] Job retrieved successfully
    DATA: Array
(
    [status] => running
    [type] => backup
)

[2026-01-15 17:00:58] [24 MB] [chunked_processor] get_job called
    DATA: Array
(
    [job_id] => 17e76a58-a82c-4b0c-a0cb-ff02c714db1a
)

[2026-01-15 17:00:58] [24 MB] [chunked_processor] Transient lookup result
    DATA: Array
(
    [option_name] => speed_backups_job_17e76a58-a82c-4b0c-a0cb-ff02c714db1a
    [found] => YES
)

[2026-01-15 17:00:58] [24 MB] [chunked_processor] Job retrieved successfully
    DATA: Array
(
    [status] => running
    [type] => backup
)

[2026-01-15 17:00:58] [24 MB] [chunked_processor] get_job called
    DATA: Array
(
    [job_id] => 17e76a58-a82c-4b0c-a0cb-ff02c714db1a
)

[2026-01-15 17:00:58] [24 MB] [chunked_processor] Transient lookup result
    DATA: Array
(
    [option_name] => speed_backups_job_17e76a58-a82c-4b0c-a0cb-ff02c714db1a
    [found] => YES
)

[2026-01-15 17:00:58] [24 MB] [chunked_processor] Job retrieved successfully
    DATA: Array
(
    [status] => running
    [type] => backup
)

[2026-01-15 17:00:58] [24 MB] [chunked_processor] save_job called
    DATA: Array
(
    [job_id] => 17e76a58-a82c-4b0c-a0cb-ff02c714db1a
    [status] => running
)

[2026-01-15 17:00:58] [24 MB] [chunked_processor] Transient save result
    DATA: Array
(
    [option_name] => speed_backups_job_17e76a58-a82c-4b0c-a0cb-ff02c714db1a
    [success] => YES
)

[2026-01-15 17:00:58] [24 MB] [chunked_processor] Option save result
    DATA: Array
(
    [option_name] => speed_backups_job_17e76a58-a82c-4b0c-a0cb-ff02c714db1a
    [success] => YES
)

[2026-01-15 17:00:58] [24 MB] [chunked_processor] Save verification (direct DB)
    DATA: Array
(
    [verified] => YES
)

[2026-01-15 17:00:58] [24 MB] [chunked_processor] get_job called
    DATA: Array
(
    [job_id] => 17e76a58-a82c-4b0c-a0cb-ff02c714db1a
)

[2026-01-15 17:00:58] [24 MB] [chunked_processor] Transient lookup result
    DATA: Array
(
    [option_name] => speed_backups_job_17e76a58-a82c-4b0c-a0cb-ff02c714db1a
    [found] => YES
)

[2026-01-15 17:00:58] [24 MB] [chunked_processor] Job retrieved successfully
    DATA: Array
(
    [status] => running
    [type] => backup
)

[2026-01-15 17:00:58] [24 MB] [chunked_processor] save_job called
    DATA: Array
(
    [job_id] => 17e76a58-a82c-4b0c-a0cb-ff02c714db1a
    [status] => running
)

[2026-01-15 17:00:58] [24 MB] [chunked_processor] Transient save result
    DATA: Array
(
    [option_name] => speed_backups_job_17e76a58-a82c-4b0c-a0cb-ff02c714db1a
    [success] => YES
)

[2026-01-15 17:00:58] [24 MB] [chunked_processor] Option save result
    DATA: Array
(
    [option_name] => speed_backups_job_17e76a58-a82c-4b0c-a0cb-ff02c714db1a
    [success] => YES
)

[2026-01-15 17:00:58] [24 MB] [chunked_processor] Save verification (direct DB)
    DATA: Array
(
    [verified] => YES
)

[2026-01-15 17:00:58] [24 MB] [chunked_processor] get_job called
    DATA: Array
(
    [job_id] => 17e76a58-a82c-4b0c-a0cb-ff02c714db1a
)

[2026-01-15 17:00:58] [24 MB] [chunked_processor] Transient lookup result
    DATA: Array
(
    [option_name] => speed_backups_job_17e76a58-a82c-4b0c-a0cb-ff02c714db1a
    [found] => YES
)

[2026-01-15 17:00:58] [24 MB] [chunked_processor] Job retrieved successfully
    DATA: Array
(
    [status] => running
    [type] => backup
)

[2026-01-15 17:00:58] [24 MB] [chunked_processor] get_job called
    DATA: Array
(
    [job_id] => 17e76a58-a82c-4b0c-a0cb-ff02c714db1a
)

[2026-01-15 17:00:58] [24 MB] [chunked_processor] Transient lookup result
    DATA: Array
(
    [option_name] => speed_backups_job_17e76a58-a82c-4b0c-a0cb-ff02c714db1a
    [found] => YES
)

[2026-01-15 17:00:58] [24 MB] [chunked_processor] Job retrieved successfully
    DATA: Array
(
    [status] => running
    [type] => backup
)

[2026-01-15 17:00:59] [22 MB] [ERROR_HANDLER] PHP error handlers registered
[2026-01-15 17:00:59] [22 MB] [chunked_processor] get_job called
    DATA: Array
(
    [job_id] => 17e76a58-a82c-4b0c-a0cb-ff02c714db1a
)

[2026-01-15 17:00:59] [22 MB] [chunked_processor] Transient lookup result
    DATA: Array
(
    [option_name] => speed_backups_job_17e76a58-a82c-4b0c-a0cb-ff02c714db1a
    [found] => YES
)

[2026-01-15 17:00:59] [22 MB] [chunked_processor] Job retrieved successfully
    DATA: Array
(
    [status] => running
    [type] => backup
)

[2026-01-15 17:00:59] [22 MB] [chunked_processor] get_job called
    DATA: Array
(
    [job_id] => 17e76a58-a82c-4b0c-a0cb-ff02c714db1a
)

[2026-01-15 17:00:59] [22 MB] [chunked_processor] Transient lookup result
    DATA: Array
(
    [option_name] => speed_backups_job_17e76a58-a82c-4b0c-a0cb-ff02c714db1a
    [found] => YES
)

[2026-01-15 17:00:59] [22 MB] [chunked_processor] Job retrieved successfully
    DATA: Array
(
    [status] => running
    [type] => backup
)

[2026-01-15 17:00:59] [22 MB] [chunked_processor] get_job called
    DATA: Array
(
    [job_id] => 17e76a58-a82c-4b0c-a0cb-ff02c714db1a
)

[2026-01-15 17:00:59] [22 MB] [chunked_processor] Transient lookup result
    DATA: Array
(
    [option_name] => speed_backups_job_17e76a58-a82c-4b0c-a0cb-ff02c714db1a
    [found] => YES
)

[2026-01-15 17:00:59] [22 MB] [chunked_processor] Job retrieved successfully
    DATA: Array
(
    [status] => running
    [type] => backup
)

[2026-01-15 17:00:59] [22 MB] [chunked_processor] save_job called
    DATA: Array
(
    [job_id] => 17e76a58-a82c-4b0c-a0cb-ff02c714db1a
    [status] => running
)

[2026-01-15 17:00:59] [22 MB] [chunked_processor] Transient save result
    DATA: Array
(
    [option_name] => speed_backups_job_17e76a58-a82c-4b0c-a0cb-ff02c714db1a
    [success] => YES
)

[2026-01-15 17:00:59] [22 MB] [chunked_processor] Option save result
    DATA: Array
(
    [option_name] => speed_backups_job_17e76a58-a82c-4b0c-a0cb-ff02c714db1a
    [success] => YES
)

[2026-01-15 17:00:59] [22 MB] [chunked_processor] Save verification (direct DB)
    DATA: Array
(
    [verified] => YES
)

[2026-01-15 17:01:02] [24 MB] [chunked_processor] get_job called
    DATA: Array
(
    [job_id] => 17e76a58-a82c-4b0c-a0cb-ff02c714db1a
)

[2026-01-15 17:01:02] [24 MB] [chunked_processor] Transient lookup result
    DATA: Array
(
    [option_name] => speed_backups_job_17e76a58-a82c-4b0c-a0cb-ff02c714db1a
    [found] => YES
)

[2026-01-15 17:01:02] [24 MB] [chunked_processor] Job retrieved successfully
    DATA: Array
(
    [status] => running
    [type] => backup
)

[2026-01-15 17:01:02] [24 MB] [chunked_processor] save_job called
    DATA: Array
(
    [job_id] => 17e76a58-a82c-4b0c-a0cb-ff02c714db1a
    [status] => running
)

[2026-01-15 17:01:02] [24 MB] [chunked_processor] Transient save result
    DATA: Array
(
    [option_name] => speed_backups_job_17e76a58-a82c-4b0c-a0cb-ff02c714db1a
    [success] => YES
)

[2026-01-15 17:01:02] [24 MB] [chunked_processor] Option save result
    DATA: Array
(
    [option_name] => speed_backups_job_17e76a58-a82c-4b0c-a0cb-ff02c714db1a
    [success] => YES
)

[2026-01-15 17:01:02] [24 MB] [chunked_processor] Save verification (direct DB)
    DATA: Array
(
    [verified] => YES
)

[2026-01-15 17:01:02] [24 MB] [chunked_processor] get_job called
    DATA: Array
(
    [job_id] => 17e76a58-a82c-4b0c-a0cb-ff02c714db1a
)

[2026-01-15 17:01:02] [24 MB] [chunked_processor] Transient lookup result
    DATA: Array
(
    [option_name] => speed_backups_job_17e76a58-a82c-4b0c-a0cb-ff02c714db1a
    [found] => YES
)

[2026-01-15 17:01:02] [24 MB] [chunked_processor] Job retrieved successfully
    DATA: Array
(
    [status] => running
    [type] => backup
)

[2026-01-15 17:01:02] [24 MB] [chunked_processor] get_job called
    DATA: Array
(
    [job_id] => 17e76a58-a82c-4b0c-a0cb-ff02c714db1a
)

[2026-01-15 17:01:02] [24 MB] [chunked_processor] Transient lookup result
    DATA: Array
(
    [option_name] => speed_backups_job_17e76a58-a82c-4b0c-a0cb-ff02c714db1a
    [found] => YES
)

[2026-01-15 17:01:02] [24 MB] [chunked_processor] Job retrieved successfully
    DATA: Array
(
    [status] => running
    [type] => backup
)

[2026-01-15 17:01:03] [22 MB] [ERROR_HANDLER] PHP error handlers registered
[2026-01-15 17:01:03] [22 MB] [chunked_processor] get_job called
    DATA: Array
(
    [job_id] => 17e76a58-a82c-4b0c-a0cb-ff02c714db1a
)

[2026-01-15 17:01:03] [22 MB] [chunked_processor] Transient lookup result
    DATA: Array
(
    [option_name] => speed_backups_job_17e76a58-a82c-4b0c-a0cb-ff02c714db1a
    [found] => YES
)

[2026-01-15 17:01:03] [22 MB] [chunked_processor] Job retrieved successfully
    DATA: Array
(
    [status] => running
    [type] => backup
)

[2026-01-15 17:01:03] [22 MB] [chunked_processor] get_job called
    DATA: Array
(
    [job_id] => 17e76a58-a82c-4b0c-a0cb-ff02c714db1a
)

[2026-01-15 17:01:03] [22 MB] [chunked_processor] Transient lookup result
    DATA: Array
(
    [option_name] => speed_backups_job_17e76a58-a82c-4b0c-a0cb-ff02c714db1a
    [found] => YES
)

[2026-01-15 17:01:03] [22 MB] [chunked_processor] Job retrieved successfully
    DATA: Array
(
    [status] => running
    [type] => backup
)

[2026-01-15 17:01:03] [22 MB] [chunked_processor] get_job called
    DATA: Array
(
    [job_id] => 17e76a58-a82c-4b0c-a0cb-ff02c714db1a
)

[2026-01-15 17:01:03] [22 MB] [chunked_processor] Transient lookup result
    DATA: Array
(
    [option_name] => speed_backups_job_17e76a58-a82c-4b0c-a0cb-ff02c714db1a
    [found] => YES
)

[2026-01-15 17:01:03] [22 MB] [chunked_processor] Job retrieved successfully
    DATA: Array
(
    [status] => running
    [type] => backup
)

[2026-01-15 17:01:03] [22 MB] [chunked_processor] save_job called
    DATA: Array
(
    [job_id] => 17e76a58-a82c-4b0c-a0cb-ff02c714db1a
    [status] => running
)

[2026-01-15 17:01:03] [22 MB] [chunked_processor] Transient save result
    DATA: Array
(
    [option_name] => speed_backups_job_17e76a58-a82c-4b0c-a0cb-ff02c714db1a
    [success] => YES
)

[2026-01-15 17:01:03] [22 MB] [chunked_processor] Option save result
    DATA: Array
(
    [option_name] => speed_backups_job_17e76a58-a82c-4b0c-a0cb-ff02c714db1a
    [success] => YES
)

[2026-01-15 17:01:03] [22 MB] [chunked_processor] Save verification (direct DB)
    DATA: Array
(
    [verified] => YES
)

[2026-01-15 17:01:03] [22 MB] [ERROR_HANDLER] PHP error handlers registered
[2026-01-15 17:01:06] [24 MB] [chunked_processor] get_job called
    DATA: Array
(
    [job_id] => 17e76a58-a82c-4b0c-a0cb-ff02c714db1a
)

[2026-01-15 17:01:06] [24 MB] [chunked_processor] Transient lookup result
    DATA: Array
(
    [option_name] => speed_backups_job_17e76a58-a82c-4b0c-a0cb-ff02c714db1a
    [found] => YES
)

[2026-01-15 17:01:06] [24 MB] [chunked_processor] Job retrieved successfully
    DATA: Array
(
    [status] => running
    [type] => backup
)

[2026-01-15 17:01:06] [24 MB] [chunked_processor] save_job called
    DATA: Array
(
    [job_id] => 17e76a58-a82c-4b0c-a0cb-ff02c714db1a
    [status] => running
)

[2026-01-15 17:01:06] [24 MB] [chunked_processor] Transient save result
    DATA: Array
(
    [option_name] => speed_backups_job_17e76a58-a82c-4b0c-a0cb-ff02c714db1a
    [success] => YES
)

[2026-01-15 17:01:06] [24 MB] [chunked_processor] Option save result
    DATA: Array
(
    [option_name] => speed_backups_job_17e76a58-a82c-4b0c-a0cb-ff02c714db1a
    [success] => YES
)

[2026-01-15 17:01:06] [24 MB] [chunked_processor] Save verification (direct DB)
    DATA: Array
(
    [verified] => YES
)

[2026-01-15 17:01:06] [24 MB] [chunked_processor] get_job called
    DATA: Array
(
    [job_id] => 17e76a58-a82c-4b0c-a0cb-ff02c714db1a
)

[2026-01-15 17:01:06] [24 MB] [chunked_processor] Transient lookup result
    DATA: Array
(
    [option_name] => speed_backups_job_17e76a58-a82c-4b0c-a0cb-ff02c714db1a
    [found] => YES
)

[2026-01-15 17:01:06] [24 MB] [chunked_processor] Job retrieved successfully
    DATA: Array
(
    [status] => running
    [type] => backup
)

[2026-01-15 17:01:06] [24 MB] [chunked_processor] get_job called
    DATA: Array
(
    [job_id] => 17e76a58-a82c-4b0c-a0cb-ff02c714db1a
)

[2026-01-15 17:01:06] [24 MB] [chunked_processor] Transient lookup result
    DATA: Array
(
    [option_name] => speed_backups_job_17e76a58-a82c-4b0c-a0cb-ff02c714db1a
    [found] => YES
)

[2026-01-15 17:01:06] [24 MB] [chunked_processor] Job retrieved successfully
    DATA: Array
(
    [status] => running
    [type] => backup
)

[2026-01-15 17:01:06] [24 MB] [ERROR_HANDLER] PHP error handlers registered
[2026-01-15 17:01:06] [24 MB] [chunked_processor] get_job called
    DATA: Array
(
    [job_id] => 17e76a58-a82c-4b0c-a0cb-ff02c714db1a
)

[2026-01-15 17:01:06] [24 MB] [chunked_processor] Transient lookup result
    DATA: Array
(
    [option_name] => speed_backups_job_17e76a58-a82c-4b0c-a0cb-ff02c714db1a
    [found] => YES
)

[2026-01-15 17:01:06] [24 MB] [chunked_processor] Job retrieved successfully
    DATA: Array
(
    [status] => running
    [type] => backup
)

[2026-01-15 17:01:06] [24 MB] [chunked_processor] get_job called
    DATA: Array
(
    [job_id] => 17e76a58-a82c-4b0c-a0cb-ff02c714db1a
)

[2026-01-15 17:01:06] [24 MB] [chunked_processor] Transient lookup result
    DATA: Array
(
    [option_name] => speed_backups_job_17e76a58-a82c-4b0c-a0cb-ff02c714db1a
    [found] => YES
)

[2026-01-15 17:01:06] [24 MB] [chunked_processor] Job retrieved successfully
    DATA: Array
(
    [status] => running
    [type] => backup
)

[2026-01-15 17:01:07] [24 MB] [chunked_processor] get_job called
    DATA: Array
(
    [job_id] => 17e76a58-a82c-4b0c-a0cb-ff02c714db1a
)

[2026-01-15 17:01:07] [24 MB] [chunked_processor] Transient lookup result
    DATA: Array
(
    [option_name] => speed_backups_job_17e76a58-a82c-4b0c-a0cb-ff02c714db1a
    [found] => YES
)

[2026-01-15 17:01:07] [24 MB] [chunked_processor] Job retrieved successfully
    DATA: Array
(
    [status] => running
    [type] => backup
)

[2026-01-15 17:01:07] [24 MB] [chunked_processor] save_job called
    DATA: Array
(
    [job_id] => 17e76a58-a82c-4b0c-a0cb-ff02c714db1a
    [status] => running
)

[2026-01-15 17:01:07] [24 MB] [chunked_processor] Transient save result
    DATA: Array
(
    [option_name] => speed_backups_job_17e76a58-a82c-4b0c-a0cb-ff02c714db1a
    [success] => YES
)

[2026-01-15 17:01:07] [24 MB] [chunked_processor] Option save result
    DATA: Array
(
    [option_name] => speed_backups_job_17e76a58-a82c-4b0c-a0cb-ff02c714db1a
    [success] => YES
)

[2026-01-15 17:01:07] [24 MB] [chunked_processor] Save verification (direct DB)
    DATA: Array
(
    [verified] => YES
)

[2026-01-15 17:01:11] [24 MB] [chunked_processor] get_job called
    DATA: Array
(
    [job_id] => 17e76a58-a82c-4b0c-a0cb-ff02c714db1a
)

[2026-01-15 17:01:11] [24 MB] [chunked_processor] Transient lookup result
    DATA: Array
(
    [option_name] => speed_backups_job_17e76a58-a82c-4b0c-a0cb-ff02c714db1a
    [found] => YES
)

[2026-01-15 17:01:11] [24 MB] [chunked_processor] Job retrieved successfully
    DATA: Array
(
    [status] => running
    [type] => backup
)

[2026-01-15 17:01:11] [24 MB] [chunked_processor] save_job called
    DATA: Array
(
    [job_id] => 17e76a58-a82c-4b0c-a0cb-ff02c714db1a
    [status] => running
)

[2026-01-15 17:01:11] [24 MB] [chunked_processor] Transient save result
    DATA: Array
(
    [option_name] => speed_backups_job_17e76a58-a82c-4b0c-a0cb-ff02c714db1a
    [success] => YES
)

[2026-01-15 17:01:11] [24 MB] [chunked_processor] Option save result
    DATA: Array
(
    [option_name] => speed_backups_job_17e76a58-a82c-4b0c-a0cb-ff02c714db1a
    [success] => YES
)

[2026-01-15 17:01:11] [24 MB] [chunked_processor] Save verification (direct DB)
    DATA: Array
(
    [verified] => YES
)

[2026-01-15 17:01:11] [24 MB] [chunked_processor] get_job called
    DATA: Array
(
    [job_id] => 17e76a58-a82c-4b0c-a0cb-ff02c714db1a
)

[2026-01-15 17:01:11] [24 MB] [chunked_processor] Transient lookup result
    DATA: Array
(
    [option_name] => speed_backups_job_17e76a58-a82c-4b0c-a0cb-ff02c714db1a
    [found] => YES
)

[2026-01-15 17:01:11] [24 MB] [chunked_processor] Job retrieved successfully
    DATA: Array
(
    [status] => running
    [type] => backup
)

[2026-01-15 17:01:11] [24 MB] [chunked_processor] get_job called
    DATA: Array
(
    [job_id] => 17e76a58-a82c-4b0c-a0cb-ff02c714db1a
)

[2026-01-15 17:01:11] [24 MB] [chunked_processor] Transient lookup result
    DATA: Array
(
    [option_name] => speed_backups_job_17e76a58-a82c-4b0c-a0cb-ff02c714db1a
    [found] => YES
)

[2026-01-15 17:01:11] [24 MB] [chunked_processor] Job retrieved successfully
    DATA: Array
(
    [status] => running
    [type] => backup
)

[2026-01-15 17:01:11] [34 MB] [ERROR_HANDLER] PHP error handlers registered
[2026-01-15 17:01:11] [34 MB] [chunked_processor] get_job called
    DATA: Array
(
    [job_id] => 17e76a58-a82c-4b0c-a0cb-ff02c714db1a
)

[2026-01-15 17:01:11] [34 MB] [chunked_processor] Transient lookup result
    DATA: Array
(
    [option_name] => speed_backups_job_17e76a58-a82c-4b0c-a0cb-ff02c714db1a
    [found] => YES
)

[2026-01-15 17:01:11] [34 MB] [chunked_processor] Job retrieved successfully
    DATA: Array
(
    [status] => running
    [type] => backup
)

[2026-01-15 17:01:11] [34 MB] [chunked_processor] get_job called
    DATA: Array
(
    [job_id] => 17e76a58-a82c-4b0c-a0cb-ff02c714db1a
)

[2026-01-15 17:01:11] [34 MB] [chunked_processor] Transient lookup result
    DATA: Array
(
    [option_name] => speed_backups_job_17e76a58-a82c-4b0c-a0cb-ff02c714db1a
    [found] => YES
)

[2026-01-15 17:01:11] [34 MB] [chunked_processor] Job retrieved successfully
    DATA: Array
(
    [status] => running
    [type] => backup
)

[2026-01-15 17:01:11] [34 MB] [chunked_processor] get_job called
    DATA: Array
(
    [job_id] => 17e76a58-a82c-4b0c-a0cb-ff02c714db1a
)

[2026-01-15 17:01:11] [34 MB] [chunked_processor] Transient lookup result
    DATA: Array
(
    [option_name] => speed_backups_job_17e76a58-a82c-4b0c-a0cb-ff02c714db1a
    [found] => YES
)

[2026-01-15 17:01:11] [34 MB] [chunked_processor] Job retrieved successfully
    DATA: Array
(
    [status] => running
    [type] => backup
)

[2026-01-15 17:01:11] [34 MB] [chunked_processor] save_job called
    DATA: Array
(
    [job_id] => 17e76a58-a82c-4b0c-a0cb-ff02c714db1a
    [status] => running
)

[2026-01-15 17:01:11] [34 MB] [chunked_processor] Transient save result
    DATA: Array
(
    [option_name] => speed_backups_job_17e76a58-a82c-4b0c-a0cb-ff02c714db1a
    [success] => YES
)

[2026-01-15 17:01:11] [34 MB] [chunked_processor] Option save result
    DATA: Array
(
    [option_name] => speed_backups_job_17e76a58-a82c-4b0c-a0cb-ff02c714db1a
    [success] => YES
)

[2026-01-15 17:01:11] [34 MB] [chunked_processor] Save verification (direct DB)
    DATA: Array
(
    [verified] => YES
)

[2026-01-15 17:01:14] [34 MB] [chunked_processor] get_job called
    DATA: Array
(
    [job_id] => 17e76a58-a82c-4b0c-a0cb-ff02c714db1a
)

[2026-01-15 17:01:14] [34 MB] [chunked_processor] Transient lookup result
    DATA: Array
(
    [option_name] => speed_backups_job_17e76a58-a82c-4b0c-a0cb-ff02c714db1a
    [found] => YES
)

[2026-01-15 17:01:14] [34 MB] [chunked_processor] Job retrieved successfully
    DATA: Array
(
    [status] => running
    [type] => backup
)

[2026-01-15 17:01:14] [34 MB] [chunked_processor] save_job called
    DATA: Array
(
    [job_id] => 17e76a58-a82c-4b0c-a0cb-ff02c714db1a
    [status] => running
)

[2026-01-15 17:01:14] [34 MB] [chunked_processor] Transient save result
    DATA: Array
(
    [option_name] => speed_backups_job_17e76a58-a82c-4b0c-a0cb-ff02c714db1a
    [success] => YES
)

[2026-01-15 17:01:14] [34 MB] [chunked_processor] Option save result
    DATA: Array
(
    [option_name] => speed_backups_job_17e76a58-a82c-4b0c-a0cb-ff02c714db1a
    [success] => YES
)

[2026-01-15 17:01:14] [34 MB] [chunked_processor] Save verification (direct DB)
    DATA: Array
(
    [verified] => YES
)

[2026-01-15 17:01:14] [34 MB] [chunked_processor] get_job called
    DATA: Array
(
    [job_id] => 17e76a58-a82c-4b0c-a0cb-ff02c714db1a
)

[2026-01-15 17:01:14] [34 MB] [chunked_processor] Transient lookup result
    DATA: Array
(
    [option_name] => speed_backups_job_17e76a58-a82c-4b0c-a0cb-ff02c714db1a
    [found] => YES
)

[2026-01-15 17:01:14] [34 MB] [chunked_processor] Job retrieved successfully
    DATA: Array
(
    [status] => running
    [type] => backup
)

[2026-01-15 17:01:14] [34 MB] [chunked_processor] get_job called
    DATA: Array
(
    [job_id] => 17e76a58-a82c-4b0c-a0cb-ff02c714db1a
)

[2026-01-15 17:01:14] [34 MB] [chunked_processor] Transient lookup result
    DATA: Array
(
    [option_name] => speed_backups_job_17e76a58-a82c-4b0c-a0cb-ff02c714db1a
    [found] => YES
)

[2026-01-15 17:01:14] [34 MB] [chunked_processor] Job retrieved successfully
    DATA: Array
(
    [status] => running
    [type] => backup
)

[2026-01-15 17:01:15] [22 MB] [ERROR_HANDLER] PHP error handlers registered
[2026-01-15 17:01:15] [22 MB] [chunked_processor] get_job called
    DATA: Array
(
    [job_id] => 17e76a58-a82c-4b0c-a0cb-ff02c714db1a
)

[2026-01-15 17:01:15] [22 MB] [chunked_processor] Transient lookup result
    DATA: Array
(
    [option_name] => speed_backups_job_17e76a58-a82c-4b0c-a0cb-ff02c714db1a
    [found] => YES
)

[2026-01-15 17:01:15] [22 MB] [chunked_processor] Job retrieved successfully
    DATA: Array
(
    [status] => running
    [type] => backup
)

[2026-01-15 17:01:15] [22 MB] [chunked_processor] get_job called
    DATA: Array
(
    [job_id] => 17e76a58-a82c-4b0c-a0cb-ff02c714db1a
)

[2026-01-15 17:01:15] [22 MB] [chunked_processor] Transient lookup result
    DATA: Array
(
    [option_name] => speed_backups_job_17e76a58-a82c-4b0c-a0cb-ff02c714db1a
    [found] => YES
)

[2026-01-15 17:01:15] [22 MB] [chunked_processor] Job retrieved successfully
    DATA: Array
(
    [status] => running
    [type] => backup
)

[2026-01-15 17:01:15] [22 MB] [chunked_processor] get_job called
    DATA: Array
(
    [job_id] => 17e76a58-a82c-4b0c-a0cb-ff02c714db1a
)

[2026-01-15 17:01:15] [22 MB] [chunked_processor] Transient lookup result
    DATA: Array
(
    [option_name] => speed_backups_job_17e76a58-a82c-4b0c-a0cb-ff02c714db1a
    [found] => YES
)

[2026-01-15 17:01:15] [22 MB] [chunked_processor] Job retrieved successfully
    DATA: Array
(
    [status] => running
    [type] => backup
)

[2026-01-15 17:01:15] [22 MB] [chunked_processor] save_job called
    DATA: Array
(
    [job_id] => 17e76a58-a82c-4b0c-a0cb-ff02c714db1a
    [status] => running
)

[2026-01-15 17:01:15] [22 MB] [chunked_processor] Transient save result
    DATA: Array
(
    [option_name] => speed_backups_job_17e76a58-a82c-4b0c-a0cb-ff02c714db1a
    [success] => YES
)

[2026-01-15 17:01:15] [22 MB] [chunked_processor] Option save result
    DATA: Array
(
    [option_name] => speed_backups_job_17e76a58-a82c-4b0c-a0cb-ff02c714db1a
    [success] => YES
)

[2026-01-15 17:01:15] [22 MB] [chunked_processor] Save verification (direct DB)
    DATA: Array
(
    [verified] => YES
)

[2026-01-15 17:01:16] [22 MB] [chunked_processor] get_job called
    DATA: Array
(
    [job_id] => 17e76a58-a82c-4b0c-a0cb-ff02c714db1a
)

[2026-01-15 17:01:16] [22 MB] [chunked_processor] Transient lookup result
    DATA: Array
(
    [option_name] => speed_backups_job_17e76a58-a82c-4b0c-a0cb-ff02c714db1a
    [found] => YES
)

[2026-01-15 17:01:16] [22 MB] [chunked_processor] Job retrieved successfully
    DATA: Array
(
    [status] => running
    [type] => backup
)

[2026-01-15 17:01:16] [22 MB] [chunked_processor] save_job called
    DATA: Array
(
    [job_id] => 17e76a58-a82c-4b0c-a0cb-ff02c714db1a
    [status] => running
)

[2026-01-15 17:01:16] [22 MB] [chunked_processor] Transient save result
    DATA: Array
(
    [option_name] => speed_backups_job_17e76a58-a82c-4b0c-a0cb-ff02c714db1a
    [success] => YES
)

[2026-01-15 17:01:16] [22 MB] [chunked_processor] Option save result
    DATA: Array
(
    [option_name] => speed_backups_job_17e76a58-a82c-4b0c-a0cb-ff02c714db1a
    [success] => YES
)

[2026-01-15 17:01:16] [22 MB] [chunked_processor] Save verification (direct DB)
    DATA: Array
(
    [verified] => YES
)

[2026-01-15 17:01:16] [22 MB] [chunked_processor] get_job called
    DATA: Array
(
    [job_id] => 17e76a58-a82c-4b0c-a0cb-ff02c714db1a
)

[2026-01-15 17:01:16] [22 MB] [chunked_processor] Transient lookup result
    DATA: Array
(
    [option_name] => speed_backups_job_17e76a58-a82c-4b0c-a0cb-ff02c714db1a
    [found] => YES
)

[2026-01-15 17:01:16] [22 MB] [chunked_processor] Job retrieved successfully
    DATA: Array
(
    [status] => running
    [type] => backup
)

[2026-01-15 17:01:16] [22 MB] [chunked_processor] get_job called
    DATA: Array
(
    [job_id] => 17e76a58-a82c-4b0c-a0cb-ff02c714db1a
)

[2026-01-15 17:01:16] [22 MB] [chunked_processor] Transient lookup result
    DATA: Array
(
    [option_name] => speed_backups_job_17e76a58-a82c-4b0c-a0cb-ff02c714db1a
    [found] => YES
)

[2026-01-15 17:01:16] [22 MB] [chunked_processor] Job retrieved successfully
    DATA: Array
(
    [status] => running
    [type] => backup
)

[2026-01-15 17:01:17] [24 MB] [ERROR_HANDLER] PHP error handlers registered
[2026-01-15 17:01:17] [24 MB] [chunked_processor] get_job called
    DATA: Array
(
    [job_id] => 17e76a58-a82c-4b0c-a0cb-ff02c714db1a
)

[2026-01-15 17:01:17] [24 MB] [chunked_processor] Transient lookup result
    DATA: Array
(
    [option_name] => speed_backups_job_17e76a58-a82c-4b0c-a0cb-ff02c714db1a
    [found] => YES
)

[2026-01-15 17:01:17] [24 MB] [chunked_processor] Job retrieved successfully
    DATA: Array
(
    [status] => running
    [type] => backup
)

[2026-01-15 17:01:17] [24 MB] [chunked_processor] get_job called
    DATA: Array
(
    [job_id] => 17e76a58-a82c-4b0c-a0cb-ff02c714db1a
)

[2026-01-15 17:01:17] [24 MB] [chunked_processor] Transient lookup result
    DATA: Array
(
    [option_name] => speed_backups_job_17e76a58-a82c-4b0c-a0cb-ff02c714db1a
    [found] => YES
)

[2026-01-15 17:01:17] [24 MB] [chunked_processor] Job retrieved successfully
    DATA: Array
(
    [status] => running
    [type] => backup
)

[2026-01-15 17:01:17] [24 MB] [chunked_processor] get_job called
    DATA: Array
(
    [job_id] => 17e76a58-a82c-4b0c-a0cb-ff02c714db1a
)

[2026-01-15 17:01:17] [24 MB] [chunked_processor] Transient lookup result
    DATA: Array
(
    [option_name] => speed_backups_job_17e76a58-a82c-4b0c-a0cb-ff02c714db1a
    [found] => YES
)

[2026-01-15 17:01:17] [24 MB] [chunked_processor] Job retrieved successfully
    DATA: Array
(
    [status] => running
    [type] => backup
)

[2026-01-15 17:01:17] [24 MB] [chunked_processor] save_job called
    DATA: Array
(
    [job_id] => 17e76a58-a82c-4b0c-a0cb-ff02c714db1a
    [status] => running
)

[2026-01-15 17:01:17] [24 MB] [chunked_processor] Transient save result
    DATA: Array
(
    [option_name] => speed_backups_job_17e76a58-a82c-4b0c-a0cb-ff02c714db1a
    [success] => YES
)

[2026-01-15 17:01:17] [24 MB] [chunked_processor] Option save result
    DATA: Array
(
    [option_name] => speed_backups_job_17e76a58-a82c-4b0c-a0cb-ff02c714db1a
    [success] => YES
)

[2026-01-15 17:01:17] [24 MB] [chunked_processor] Save verification (direct DB)
    DATA: Array
(
    [verified] => YES
)

[2026-01-15 17:01:17] [26 MB] [chunked_processor] get_job called
    DATA: Array
(
    [job_id] => 17e76a58-a82c-4b0c-a0cb-ff02c714db1a
)

[2026-01-15 17:01:17] [26 MB] [chunked_processor] Transient lookup result
    DATA: Array
(
    [option_name] => speed_backups_job_17e76a58-a82c-4b0c-a0cb-ff02c714db1a
    [found] => YES
)

[2026-01-15 17:01:17] [26 MB] [chunked_processor] Job retrieved successfully
    DATA: Array
(
    [status] => running
    [type] => backup
)

[2026-01-15 17:01:17] [26 MB] [chunked_processor] save_job called
    DATA: Array
(
    [job_id] => 17e76a58-a82c-4b0c-a0cb-ff02c714db1a
    [status] => running
)

[2026-01-15 17:01:17] [26 MB] [chunked_processor] Transient save result
    DATA: Array
(
    [option_name] => speed_backups_job_17e76a58-a82c-4b0c-a0cb-ff02c714db1a
    [success] => YES
)

[2026-01-15 17:01:17] [26 MB] [chunked_processor] Option save result
    DATA: Array
(
    [option_name] => speed_backups_job_17e76a58-a82c-4b0c-a0cb-ff02c714db1a
    [success] => YES
)

[2026-01-15 17:01:17] [26 MB] [chunked_processor] Save verification (direct DB)
    DATA: Array
(
    [verified] => YES
)

[2026-01-15 17:01:17] [26 MB] [chunked_processor] get_job called
    DATA: Array
(
    [job_id] => 17e76a58-a82c-4b0c-a0cb-ff02c714db1a
)

[2026-01-15 17:01:17] [26 MB] [chunked_processor] Transient lookup result
    DATA: Array
(
    [option_name] => speed_backups_job_17e76a58-a82c-4b0c-a0cb-ff02c714db1a
    [found] => YES
)

[2026-01-15 17:01:17] [26 MB] [chunked_processor] Job retrieved successfully
    DATA: Array
(
    [status] => running
    [type] => backup
)

[2026-01-15 17:01:17] [26 MB] [chunked_processor] get_job called
    DATA: Array
(
    [job_id] => 17e76a58-a82c-4b0c-a0cb-ff02c714db1a
)

[2026-01-15 17:01:17] [26 MB] [chunked_processor] Transient lookup result
    DATA: Array
(
    [option_name] => speed_backups_job_17e76a58-a82c-4b0c-a0cb-ff02c714db1a
    [found] => YES
)

[2026-01-15 17:01:17] [26 MB] [chunked_processor] Job retrieved successfully
    DATA: Array
(
    [status] => running
    [type] => backup
)

[2026-01-15 17:01:17] [28 MB] [ERROR_HANDLER] PHP error handlers registered
[2026-01-15 17:01:18] [28 MB] [chunked_processor] get_job called
    DATA: Array
(
    [job_id] => 17e76a58-a82c-4b0c-a0cb-ff02c714db1a
)

[2026-01-15 17:01:18] [28 MB] [chunked_processor] Transient lookup result
    DATA: Array
(
    [option_name] => speed_backups_job_17e76a58-a82c-4b0c-a0cb-ff02c714db1a
    [found] => YES
)

[2026-01-15 17:01:18] [28 MB] [chunked_processor] Job retrieved successfully
    DATA: Array
(
    [status] => running
    [type] => backup
)

[2026-01-15 17:01:18] [28 MB] [chunked_processor] get_job called
    DATA: Array
(
    [job_id] => 17e76a58-a82c-4b0c-a0cb-ff02c714db1a
)

[2026-01-15 17:01:18] [28 MB] [chunked_processor] Transient lookup result
    DATA: Array
(
    [option_name] => speed_backups_job_17e76a58-a82c-4b0c-a0cb-ff02c714db1a
    [found] => YES
)

[2026-01-15 17:01:18] [28 MB] [chunked_processor] Job retrieved successfully
    DATA: Array
(
    [status] => running
    [type] => backup
)

[2026-01-15 17:01:18] [28 MB] [chunked_processor] get_job called
    DATA: Array
(
    [job_id] => 17e76a58-a82c-4b0c-a0cb-ff02c714db1a
)

[2026-01-15 17:01:18] [28 MB] [chunked_processor] Transient lookup result
    DATA: Array
(
    [option_name] => speed_backups_job_17e76a58-a82c-4b0c-a0cb-ff02c714db1a
    [found] => YES
)

[2026-01-15 17:01:18] [28 MB] [chunked_processor] Job retrieved successfully
    DATA: Array
(
    [status] => running
    [type] => backup
)

[2026-01-15 17:01:18] [28 MB] [chunked_processor] save_job called
    DATA: Array
(
    [job_id] => 17e76a58-a82c-4b0c-a0cb-ff02c714db1a
    [status] => running
)

[2026-01-15 17:01:18] [28 MB] [chunked_processor] Transient save result
    DATA: Array
(
    [option_name] => speed_backups_job_17e76a58-a82c-4b0c-a0cb-ff02c714db1a
    [success] => YES
)

[2026-01-15 17:01:18] [28 MB] [chunked_processor] Option save result
    DATA: Array
(
    [option_name] => speed_backups_job_17e76a58-a82c-4b0c-a0cb-ff02c714db1a
    [success] => YES
)

[2026-01-15 17:01:18] [28 MB] [chunked_processor] Save verification (direct DB)
    DATA: Array
(
    [verified] => YES
)

[2026-01-15 17:01:18] [28 MB] [chunked_processor] get_job called
    DATA: Array
(
    [job_id] => 17e76a58-a82c-4b0c-a0cb-ff02c714db1a
)

[2026-01-15 17:01:18] [28 MB] [chunked_processor] Transient lookup result
    DATA: Array
(
    [option_name] => speed_backups_job_17e76a58-a82c-4b0c-a0cb-ff02c714db1a
    [found] => YES
)

[2026-01-15 17:01:18] [28 MB] [chunked_processor] Job retrieved successfully
    DATA: Array
(
    [status] => running
    [type] => backup
)

[2026-01-15 17:01:18] [28 MB] [chunked_processor] save_job called
    DATA: Array
(
    [job_id] => 17e76a58-a82c-4b0c-a0cb-ff02c714db1a
    [status] => running
)

[2026-01-15 17:01:18] [28 MB] [chunked_processor] Transient save result
    DATA: Array
(
    [option_name] => speed_backups_job_17e76a58-a82c-4b0c-a0cb-ff02c714db1a
    [success] => YES
)

[2026-01-15 17:01:18] [28 MB] [chunked_processor] Option save result
    DATA: Array
(
    [option_name] => speed_backups_job_17e76a58-a82c-4b0c-a0cb-ff02c714db1a
    [success] => YES
)

[2026-01-15 17:01:18] [28 MB] [chunked_processor] Save verification (direct DB)
    DATA: Array
(
    [verified] => YES
)

[2026-01-15 17:01:18] [28 MB] [chunked_processor] get_job called
    DATA: Array
(
    [job_id] => 17e76a58-a82c-4b0c-a0cb-ff02c714db1a
)

[2026-01-15 17:01:18] [28 MB] [chunked_processor] Transient lookup result
    DATA: Array
(
    [option_name] => speed_backups_job_17e76a58-a82c-4b0c-a0cb-ff02c714db1a
    [found] => YES
)

[2026-01-15 17:01:18] [28 MB] [chunked_processor] Job retrieved successfully
    DATA: Array
(
    [status] => running
    [type] => backup
)

[2026-01-15 17:01:18] [28 MB] [chunked_processor] get_job called
    DATA: Array
(
    [job_id] => 17e76a58-a82c-4b0c-a0cb-ff02c714db1a
)

[2026-01-15 17:01:18] [28 MB] [chunked_processor] Transient lookup result
    DATA: Array
(
    [option_name] => speed_backups_job_17e76a58-a82c-4b0c-a0cb-ff02c714db1a
    [found] => YES
)

[2026-01-15 17:01:18] [28 MB] [chunked_processor] Job retrieved successfully
    DATA: Array
(
    [status] => running
    [type] => backup
)

[2026-01-15 17:01:18] [22 MB] [ERROR_HANDLER] PHP error handlers registered
[2026-01-15 17:01:18] [22 MB] [chunked_processor] get_job called
    DATA: Array
(
    [job_id] => 17e76a58-a82c-4b0c-a0cb-ff02c714db1a
)

[2026-01-15 17:01:18] [22 MB] [chunked_processor] Transient lookup result
    DATA: Array
(
    [option_name] => speed_backups_job_17e76a58-a82c-4b0c-a0cb-ff02c714db1a
    [found] => YES
)

[2026-01-15 17:01:18] [22 MB] [chunked_processor] Job retrieved successfully
    DATA: Array
(
    [status] => running
    [type] => backup
)

[2026-01-15 17:01:18] [22 MB] [chunked_processor] get_job called
    DATA: Array
(
    [job_id] => 17e76a58-a82c-4b0c-a0cb-ff02c714db1a
)

[2026-01-15 17:01:18] [22 MB] [chunked_processor] Transient lookup result
    DATA: Array
(
    [option_name] => speed_backups_job_17e76a58-a82c-4b0c-a0cb-ff02c714db1a
    [found] => YES
)

[2026-01-15 17:01:18] [22 MB] [chunked_processor] Job retrieved successfully
    DATA: Array
(
    [status] => running
    [type] => backup
)

[2026-01-15 17:01:18] [22 MB] [chunked_processor] get_job called
    DATA: Array
(
    [job_id] => 17e76a58-a82c-4b0c-a0cb-ff02c714db1a
)

[2026-01-15 17:01:18] [22 MB] [chunked_processor] Transient lookup result
    DATA: Array
(
    [option_name] => speed_backups_job_17e76a58-a82c-4b0c-a0cb-ff02c714db1a
    [found] => YES
)

[2026-01-15 17:01:18] [22 MB] [chunked_processor] Job retrieved successfully
    DATA: Array
(
    [status] => running
    [type] => backup
)

[2026-01-15 17:01:18] [22 MB] [chunked_processor] save_job called
    DATA: Array
(
    [job_id] => 17e76a58-a82c-4b0c-a0cb-ff02c714db1a
    [status] => running
)

[2026-01-15 17:01:18] [22 MB] [chunked_processor] Transient save result
    DATA: Array
(
    [option_name] => speed_backups_job_17e76a58-a82c-4b0c-a0cb-ff02c714db1a
    [success] => YES
)

[2026-01-15 17:01:18] [22 MB] [chunked_processor] Option save result
    DATA: Array
(
    [option_name] => speed_backups_job_17e76a58-a82c-4b0c-a0cb-ff02c714db1a
    [success] => YES
)

[2026-01-15 17:01:18] [22 MB] [chunked_processor] Save verification (direct DB)
    DATA: Array
(
    [verified] => YES
)

[2026-01-15 17:01:19] [22 MB] [chunked_processor] get_job called
    DATA: Array
(
    [job_id] => 17e76a58-a82c-4b0c-a0cb-ff02c714db1a
)

[2026-01-15 17:01:19] [22 MB] [chunked_processor] Transient lookup result
    DATA: Array
(
    [option_name] => speed_backups_job_17e76a58-a82c-4b0c-a0cb-ff02c714db1a
    [found] => YES
)

[2026-01-15 17:01:19] [22 MB] [chunked_processor] Job retrieved successfully
    DATA: Array
(
    [status] => running
    [type] => backup
)

[2026-01-15 17:01:19] [22 MB] [chunked_processor] save_job called
    DATA: Array
(
    [job_id] => 17e76a58-a82c-4b0c-a0cb-ff02c714db1a
    [status] => running
)

[2026-01-15 17:01:19] [22 MB] [chunked_processor] Transient save result
    DATA: Array
(
    [option_name] => speed_backups_job_17e76a58-a82c-4b0c-a0cb-ff02c714db1a
    [success] => YES
)

[2026-01-15 17:01:19] [22 MB] [chunked_processor] Option save result
    DATA: Array
(
    [option_name] => speed_backups_job_17e76a58-a82c-4b0c-a0cb-ff02c714db1a
    [success] => YES
)

[2026-01-15 17:01:19] [22 MB] [chunked_processor] Save verification (direct DB)
    DATA: Array
(
    [verified] => YES
)

[2026-01-15 17:01:19] [22 MB] [chunked_processor] get_job called
    DATA: Array
(
    [job_id] => 17e76a58-a82c-4b0c-a0cb-ff02c714db1a
)

[2026-01-15 17:01:19] [22 MB] [chunked_processor] Transient lookup result
    DATA: Array
(
    [option_name] => speed_backups_job_17e76a58-a82c-4b0c-a0cb-ff02c714db1a
    [found] => YES
)

[2026-01-15 17:01:19] [22 MB] [chunked_processor] Job retrieved successfully
    DATA: Array
(
    [status] => running
    [type] => backup
)

[2026-01-15 17:01:19] [22 MB] [chunked_processor] get_job called
    DATA: Array
(
    [job_id] => 17e76a58-a82c-4b0c-a0cb-ff02c714db1a
)

[2026-01-15 17:01:19] [22 MB] [chunked_processor] Transient lookup result
    DATA: Array
(
    [option_name] => speed_backups_job_17e76a58-a82c-4b0c-a0cb-ff02c714db1a
    [found] => YES
)

[2026-01-15 17:01:19] [22 MB] [chunked_processor] Job retrieved successfully
    DATA: Array
(
    [status] => running
    [type] => backup
)

[2026-01-15 17:01:19] [26 MB] [ERROR_HANDLER] PHP error handlers registered
[2026-01-15 17:01:19] [24 MB] [ERROR_HANDLER] PHP error handlers registered
[2026-01-15 17:01:19] [26 MB] [chunked_processor] get_job called
    DATA: Array
(
    [job_id] => 17e76a58-a82c-4b0c-a0cb-ff02c714db1a
)

[2026-01-15 17:01:19] [26 MB] [chunked_processor] Transient lookup result
    DATA: Array
(
    [option_name] => speed_backups_job_17e76a58-a82c-4b0c-a0cb-ff02c714db1a
    [found] => YES
)

[2026-01-15 17:01:19] [26 MB] [chunked_processor] Job retrieved successfully
    DATA: Array
(
    [status] => running
    [type] => backup
)

[2026-01-15 17:01:19] [26 MB] [chunked_processor] get_job called
    DATA: Array
(
    [job_id] => 17e76a58-a82c-4b0c-a0cb-ff02c714db1a
)

[2026-01-15 17:01:19] [26 MB] [chunked_processor] Transient lookup result
    DATA: Array
(
    [option_name] => speed_backups_job_17e76a58-a82c-4b0c-a0cb-ff02c714db1a
    [found] => YES
)

[2026-01-15 17:01:19] [26 MB] [chunked_processor] Job retrieved successfully
    DATA: Array
(
    [status] => running
    [type] => backup
)

[2026-01-15 17:01:19] [26 MB] [chunked_processor] get_job called
    DATA: Array
(
    [job_id] => 17e76a58-a82c-4b0c-a0cb-ff02c714db1a
)

[2026-01-15 17:01:19] [26 MB] [chunked_processor] Transient lookup result
    DATA: Array
(
    [option_name] => speed_backups_job_17e76a58-a82c-4b0c-a0cb-ff02c714db1a
    [found] => YES
)

[2026-01-15 17:01:19] [26 MB] [chunked_processor] Job retrieved successfully
    DATA: Array
(
    [status] => running
    [type] => backup
)

[2026-01-15 17:01:19] [26 MB] [chunked_processor] save_job called
    DATA: Array
(
    [job_id] => 17e76a58-a82c-4b0c-a0cb-ff02c714db1a
    [status] => running
)

[2026-01-15 17:01:19] [26 MB] [chunked_processor] Transient save result
    DATA: Array
(
    [option_name] => speed_backups_job_17e76a58-a82c-4b0c-a0cb-ff02c714db1a
    [success] => YES
)

[2026-01-15 17:01:19] [26 MB] [chunked_processor] Option save result
    DATA: Array
(
    [option_name] => speed_backups_job_17e76a58-a82c-4b0c-a0cb-ff02c714db1a
    [success] => YES
)

[2026-01-15 17:01:19] [26 MB] [chunked_processor] Save verification (direct DB)
    DATA: Array
(
    [verified] => YES
)

[2026-01-15 17:01:21] [26 MB] [chunked_processor] get_job called
    DATA: Array
(
    [job_id] => 17e76a58-a82c-4b0c-a0cb-ff02c714db1a
)

[2026-01-15 17:01:21] [26 MB] [chunked_processor] Transient lookup result
    DATA: Array
(
    [option_name] => speed_backups_job_17e76a58-a82c-4b0c-a0cb-ff02c714db1a
    [found] => YES
)

[2026-01-15 17:01:21] [26 MB] [chunked_processor] Job retrieved successfully
    DATA: Array
(
    [status] => running
    [type] => backup
)

[2026-01-15 17:01:21] [26 MB] [chunked_processor] save_job called
    DATA: Array
(
    [job_id] => 17e76a58-a82c-4b0c-a0cb-ff02c714db1a
    [status] => running
)

[2026-01-15 17:01:21] [26 MB] [chunked_processor] Transient save result
    DATA: Array
(
    [option_name] => speed_backups_job_17e76a58-a82c-4b0c-a0cb-ff02c714db1a
    [success] => YES
)

[2026-01-15 17:01:21] [26 MB] [chunked_processor] Option save result
    DATA: Array
(
    [option_name] => speed_backups_job_17e76a58-a82c-4b0c-a0cb-ff02c714db1a
    [success] => YES
)

[2026-01-15 17:01:21] [26 MB] [chunked_processor] Save verification (direct DB)
    DATA: Array
(
    [verified] => YES
)

[2026-01-15 17:01:21] [26 MB] [chunked_processor] get_job called
    DATA: Array
(
    [job_id] => 17e76a58-a82c-4b0c-a0cb-ff02c714db1a
)

[2026-01-15 17:01:21] [26 MB] [chunked_processor] Transient lookup result
    DATA: Array
(
    [option_name] => speed_backups_job_17e76a58-a82c-4b0c-a0cb-ff02c714db1a
    [found] => YES
)

[2026-01-15 17:01:21] [26 MB] [chunked_processor] Job retrieved successfully
    DATA: Array
(
    [status] => running
    [type] => backup
)

[2026-01-15 17:01:21] [26 MB] [chunked_processor] get_job called
    DATA: Array
(
    [job_id] => 17e76a58-a82c-4b0c-a0cb-ff02c714db1a
)

[2026-01-15 17:01:21] [26 MB] [chunked_processor] Transient lookup result
    DATA: Array
(
    [option_name] => speed_backups_job_17e76a58-a82c-4b0c-a0cb-ff02c714db1a
    [found] => YES
)

[2026-01-15 17:01:21] [26 MB] [chunked_processor] Job retrieved successfully
    DATA: Array
(
    [status] => running
    [type] => backup
)

[2026-01-15 17:01:22] [22 MB] [ERROR_HANDLER] PHP error handlers registered
[2026-01-15 17:01:22] [22 MB] [chunked_processor] get_job called
    DATA: Array
(
    [job_id] => 17e76a58-a82c-4b0c-a0cb-ff02c714db1a
)

[2026-01-15 17:01:22] [22 MB] [chunked_processor] Transient lookup result
    DATA: Array
(
    [option_name] => speed_backups_job_17e76a58-a82c-4b0c-a0cb-ff02c714db1a
    [found] => YES
)

[2026-01-15 17:01:22] [22 MB] [chunked_processor] Job retrieved successfully
    DATA: Array
(
    [status] => running
    [type] => backup
)

[2026-01-15 17:01:22] [22 MB] [chunked_processor] get_job called
    DATA: Array
(
    [job_id] => 17e76a58-a82c-4b0c-a0cb-ff02c714db1a
)

[2026-01-15 17:01:22] [22 MB] [chunked_processor] Transient lookup result
    DATA: Array
(
    [option_name] => speed_backups_job_17e76a58-a82c-4b0c-a0cb-ff02c714db1a
    [found] => YES
)

[2026-01-15 17:01:22] [22 MB] [chunked_processor] Job retrieved successfully
    DATA: Array
(
    [status] => running
    [type] => backup
)

[2026-01-15 17:01:22] [22 MB] [chunked_processor] get_job called
    DATA: Array
(
    [job_id] => 17e76a58-a82c-4b0c-a0cb-ff02c714db1a
)

[2026-01-15 17:01:22] [22 MB] [chunked_processor] Transient lookup result
    DATA: Array
(
    [option_name] => speed_backups_job_17e76a58-a82c-4b0c-a0cb-ff02c714db1a
    [found] => YES
)

[2026-01-15 17:01:22] [22 MB] [chunked_processor] Job retrieved successfully
    DATA: Array
(
    [status] => running
    [type] => backup
)

[2026-01-15 17:01:22] [22 MB] [chunked_processor] save_job called
    DATA: Array
(
    [job_id] => 17e76a58-a82c-4b0c-a0cb-ff02c714db1a
    [status] => running
)

[2026-01-15 17:01:22] [22 MB] [chunked_processor] Transient save result
    DATA: Array
(
    [option_name] => speed_backups_job_17e76a58-a82c-4b0c-a0cb-ff02c714db1a
    [success] => YES
)

[2026-01-15 17:01:22] [22 MB] [chunked_processor] Option save result
    DATA: Array
(
    [option_name] => speed_backups_job_17e76a58-a82c-4b0c-a0cb-ff02c714db1a
    [success] => YES
)

[2026-01-15 17:01:22] [22 MB] [chunked_processor] Save verification (direct DB)
    DATA: Array
(
    [verified] => YES
)

[2026-01-15 17:01:27] [24 MB] [chunked_processor] get_job called
    DATA: Array
(
    [job_id] => 17e76a58-a82c-4b0c-a0cb-ff02c714db1a
)

[2026-01-15 17:01:27] [24 MB] [chunked_processor] Transient lookup result
    DATA: Array
(
    [option_name] => speed_backups_job_17e76a58-a82c-4b0c-a0cb-ff02c714db1a
    [found] => YES
)

[2026-01-15 17:01:27] [24 MB] [chunked_processor] Job retrieved successfully
    DATA: Array
(
    [status] => running
    [type] => backup
)

[2026-01-15 17:01:27] [24 MB] [chunked_processor] save_job called
    DATA: Array
(
    [job_id] => 17e76a58-a82c-4b0c-a0cb-ff02c714db1a
    [status] => running
)

[2026-01-15 17:01:27] [24 MB] [chunked_processor] Transient save result
    DATA: Array
(
    [option_name] => speed_backups_job_17e76a58-a82c-4b0c-a0cb-ff02c714db1a
    [success] => YES
)

[2026-01-15 17:01:27] [24 MB] [chunked_processor] Option save result
    DATA: Array
(
    [option_name] => speed_backups_job_17e76a58-a82c-4b0c-a0cb-ff02c714db1a
    [success] => YES
)

[2026-01-15 17:01:27] [24 MB] [chunked_processor] Save verification (direct DB)
    DATA: Array
(
    [verified] => YES
)

[2026-01-15 17:01:27] [24 MB] [chunked_processor] get_job called
    DATA: Array
(
    [job_id] => 17e76a58-a82c-4b0c-a0cb-ff02c714db1a
)

[2026-01-15 17:01:27] [24 MB] [chunked_processor] Transient lookup result
    DATA: Array
(
    [option_name] => speed_backups_job_17e76a58-a82c-4b0c-a0cb-ff02c714db1a
    [found] => YES
)

[2026-01-15 17:01:27] [24 MB] [chunked_processor] Job retrieved successfully
    DATA: Array
(
    [status] => running
    [type] => backup
)

[2026-01-15 17:01:27] [24 MB] [chunked_processor] get_job called
    DATA: Array
(
    [job_id] => 17e76a58-a82c-4b0c-a0cb-ff02c714db1a
)

[2026-01-15 17:01:27] [24 MB] [chunked_processor] Transient lookup result
    DATA: Array
(
    [option_name] => speed_backups_job_17e76a58-a82c-4b0c-a0cb-ff02c714db1a
    [found] => YES
)

[2026-01-15 17:01:27] [24 MB] [chunked_processor] Job retrieved successfully
    DATA: Array
(
    [status] => running
    [type] => backup
)

[2026-01-15 17:01:27] [30 MB] [ERROR_HANDLER] PHP error handlers registered
[2026-01-15 17:01:28] [24 MB] [ERROR_HANDLER] PHP error handlers registered
[2026-01-15 17:01:28] [30 MB] [chunked_processor] get_job called
    DATA: Array
(
    [job_id] => 17e76a58-a82c-4b0c-a0cb-ff02c714db1a
)

[2026-01-15 17:01:28] [30 MB] [chunked_processor] Transient lookup result
    DATA: Array
(
    [option_name] => speed_backups_job_17e76a58-a82c-4b0c-a0cb-ff02c714db1a
    [found] => YES
)

[2026-01-15 17:01:28] [30 MB] [chunked_processor] Job retrieved successfully
    DATA: Array
(
    [status] => running
    [type] => backup
)

[2026-01-15 17:01:28] [30 MB] [chunked_processor] get_job called
    DATA: Array
(
    [job_id] => 17e76a58-a82c-4b0c-a0cb-ff02c714db1a
)

[2026-01-15 17:01:28] [30 MB] [chunked_processor] Transient lookup result
    DATA: Array
(
    [option_name] => speed_backups_job_17e76a58-a82c-4b0c-a0cb-ff02c714db1a
    [found] => YES
)

[2026-01-15 17:01:28] [30 MB] [chunked_processor] Job retrieved successfully
    DATA: Array
(
    [status] => running
    [type] => backup
)

[2026-01-15 17:01:28] [30 MB] [chunked_processor] get_job called
    DATA: Array
(
    [job_id] => 17e76a58-a82c-4b0c-a0cb-ff02c714db1a
)

[2026-01-15 17:01:28] [30 MB] [chunked_processor] Transient lookup result
    DATA: Array
(
    [option_name] => speed_backups_job_17e76a58-a82c-4b0c-a0cb-ff02c714db1a
    [found] => YES
)

[2026-01-15 17:01:28] [30 MB] [chunked_processor] Job retrieved successfully
    DATA: Array
(
    [status] => running
    [type] => backup
)

[2026-01-15 17:01:28] [30 MB] [chunked_processor] save_job called
    DATA: Array
(
    [job_id] => 17e76a58-a82c-4b0c-a0cb-ff02c714db1a
    [status] => running
)

[2026-01-15 17:01:28] [30 MB] [chunked_processor] Transient save result
    DATA: Array
(
    [option_name] => speed_backups_job_17e76a58-a82c-4b0c-a0cb-ff02c714db1a
    [success] => YES
)

[2026-01-15 17:01:28] [30 MB] [chunked_processor] Option save result
    DATA: Array
(
    [option_name] => speed_backups_job_17e76a58-a82c-4b0c-a0cb-ff02c714db1a
    [success] => YES
)

[2026-01-15 17:01:28] [30 MB] [chunked_processor] Save verification (direct DB)
    DATA: Array
(
    [verified] => YES
)

[2026-01-15 17:01:28] [24 MB] [ERROR_HANDLER] PHP error handlers registered
[2026-01-15 17:01:30] [30 MB] [chunked_processor] get_job called
    DATA: Array
(
    [job_id] => 17e76a58-a82c-4b0c-a0cb-ff02c714db1a
)

[2026-01-15 17:01:30] [30 MB] [chunked_processor] Transient lookup result
    DATA: Array
(
    [option_name] => speed_backups_job_17e76a58-a82c-4b0c-a0cb-ff02c714db1a
    [found] => YES
)

[2026-01-15 17:01:30] [30 MB] [chunked_processor] Job retrieved successfully
    DATA: Array
(
    [status] => running
    [type] => backup
)

[2026-01-15 17:01:30] [30 MB] [chunked_processor] save_job called
    DATA: Array
(
    [job_id] => 17e76a58-a82c-4b0c-a0cb-ff02c714db1a
    [status] => running
)

[2026-01-15 17:01:31] [30 MB] [chunked_processor] Transient save result
    DATA: Array
(
    [option_name] => speed_backups_job_17e76a58-a82c-4b0c-a0cb-ff02c714db1a
    [success] => YES
)

[2026-01-15 17:01:31] [30 MB] [chunked_processor] Option save result
    DATA: Array
(
    [option_name] => speed_backups_job_17e76a58-a82c-4b0c-a0cb-ff02c714db1a
    [success] => YES
)

[2026-01-15 17:01:31] [30 MB] [chunked_processor] Save verification (direct DB)
    DATA: Array
(
    [verified] => YES
)

[2026-01-15 17:01:31] [30 MB] [chunked_processor] get_job called
    DATA: Array
(
    [job_id] => 17e76a58-a82c-4b0c-a0cb-ff02c714db1a
)

[2026-01-15 17:01:31] [30 MB] [chunked_processor] Transient lookup result
    DATA: Array
(
    [option_name] => speed_backups_job_17e76a58-a82c-4b0c-a0cb-ff02c714db1a
    [found] => YES
)

[2026-01-15 17:01:31] [30 MB] [chunked_processor] Job retrieved successfully
    DATA: Array
(
    [status] => running
    [type] => backup
)

[2026-01-15 17:01:31] [30 MB] [chunked_processor] get_job called
    DATA: Array
(
    [job_id] => 17e76a58-a82c-4b0c-a0cb-ff02c714db1a
)

[2026-01-15 17:01:31] [30 MB] [chunked_processor] Transient lookup result
    DATA: Array
(
    [option_name] => speed_backups_job_17e76a58-a82c-4b0c-a0cb-ff02c714db1a
    [found] => YES
)

[2026-01-15 17:01:31] [30 MB] [chunked_processor] Job retrieved successfully
    DATA: Array
(
    [status] => running
    [type] => backup
)

[2026-01-15 17:01:31] [18 MB] [ERROR_HANDLER] PHP error handlers registered
[2026-01-15 17:01:31] [18 MB] [ERROR_HANDLER] PHP error handlers registered
[2026-01-15 17:01:31] [18 MB] [chunked_processor] get_job called
    DATA: Array
(
    [job_id] => 17e76a58-a82c-4b0c-a0cb-ff02c714db1a
)

[2026-01-15 17:01:31] [18 MB] [chunked_processor] Transient lookup result
    DATA: Array
(
    [option_name] => speed_backups_job_17e76a58-a82c-4b0c-a0cb-ff02c714db1a
    [found] => YES
)

[2026-01-15 17:01:31] [18 MB] [chunked_processor] Job retrieved successfully
    DATA: Array
(
    [status] => running
    [type] => backup
)

[2026-01-15 17:01:31] [18 MB] [chunked_processor] get_job called
    DATA: Array
(
    [job_id] => 17e76a58-a82c-4b0c-a0cb-ff02c714db1a
)

[2026-01-15 17:01:31] [18 MB] [chunked_processor] Transient lookup result
    DATA: Array
(
    [option_name] => speed_backups_job_17e76a58-a82c-4b0c-a0cb-ff02c714db1a
    [found] => YES
)

[2026-01-15 17:01:31] [18 MB] [chunked_processor] Job retrieved successfully
    DATA: Array
(
    [status] => running
    [type] => backup
)

[2026-01-15 17:01:31] [20 MB] [chunked_processor] get_job called
    DATA: Array
(
    [job_id] => 17e76a58-a82c-4b0c-a0cb-ff02c714db1a
)

[2026-01-15 17:01:31] [20 MB] [chunked_processor] Transient lookup result
    DATA: Array
(
    [option_name] => speed_backups_job_17e76a58-a82c-4b0c-a0cb-ff02c714db1a
    [found] => YES
)

[2026-01-15 17:01:31] [20 MB] [chunked_processor] Job retrieved successfully
    DATA: Array
(
    [status] => running
    [type] => backup
)

[2026-01-15 17:01:31] [20 MB] [chunked_processor] save_job called
    DATA: Array
(
    [job_id] => 17e76a58-a82c-4b0c-a0cb-ff02c714db1a
    [status] => running
)

[2026-01-15 17:01:31] [20 MB] [chunked_processor] Transient save result
    DATA: Array
(
    [option_name] => speed_backups_job_17e76a58-a82c-4b0c-a0cb-ff02c714db1a
    [success] => YES
)

[2026-01-15 17:01:31] [20 MB] [chunked_processor] Option save result
    DATA: Array
(
    [option_name] => speed_backups_job_17e76a58-a82c-4b0c-a0cb-ff02c714db1a
    [success] => YES
)

[2026-01-15 17:01:31] [20 MB] [chunked_processor] Save verification (direct DB)
    DATA: Array
(
    [verified] => YES
)

[2026-01-15 17:01:32] [22 MB] [chunked_processor] get_job called
    DATA: Array
(
    [job_id] => 17e76a58-a82c-4b0c-a0cb-ff02c714db1a
)

[2026-01-15 17:01:32] [22 MB] [chunked_processor] Transient lookup result
    DATA: Array
(
    [option_name] => speed_backups_job_17e76a58-a82c-4b0c-a0cb-ff02c714db1a
    [found] => YES
)

[2026-01-15 17:01:32] [22 MB] [chunked_processor] Job retrieved successfully
    DATA: Array
(
    [status] => running
    [type] => backup
)

[2026-01-15 17:01:32] [22 MB] [chunked_processor] save_job called
    DATA: Array
(
    [job_id] => 17e76a58-a82c-4b0c-a0cb-ff02c714db1a
    [status] => running
)

[2026-01-15 17:01:32] [22 MB] [chunked_processor] Transient save result
    DATA: Array
(
    [option_name] => speed_backups_job_17e76a58-a82c-4b0c-a0cb-ff02c714db1a
    [success] => YES
)

[2026-01-15 17:01:32] [22 MB] [chunked_processor] Option save result
    DATA: Array
(
    [option_name] => speed_backups_job_17e76a58-a82c-4b0c-a0cb-ff02c714db1a
    [success] => YES
)

[2026-01-15 17:01:32] [22 MB] [chunked_processor] Save verification (direct DB)
    DATA: Array
(
    [verified] => YES
)

[2026-01-15 17:01:32] [22 MB] [chunked_processor] get_job called
    DATA: Array
(
    [job_id] => 17e76a58-a82c-4b0c-a0cb-ff02c714db1a
)

[2026-01-15 17:01:32] [22 MB] [chunked_processor] Transient lookup result
    DATA: Array
(
    [option_name] => speed_backups_job_17e76a58-a82c-4b0c-a0cb-ff02c714db1a
    [found] => YES
)

[2026-01-15 17:01:32] [22 MB] [chunked_processor] Job retrieved successfully
    DATA: Array
(
    [status] => running
    [type] => backup
)

[2026-01-15 17:01:32] [22 MB] [chunked_processor] get_job called
    DATA: Array
(
    [job_id] => 17e76a58-a82c-4b0c-a0cb-ff02c714db1a
)

[2026-01-15 17:01:32] [22 MB] [chunked_processor] Transient lookup result
    DATA: Array
(
    [option_name] => speed_backups_job_17e76a58-a82c-4b0c-a0cb-ff02c714db1a
    [found] => YES
)

[2026-01-15 17:01:32] [22 MB] [chunked_processor] Job retrieved successfully
    DATA: Array
(
    [status] => running
    [type] => backup
)

[2026-01-15 17:01:33] [26 MB] [ERROR_HANDLER] PHP error handlers registered
[2026-01-15 17:01:33] [26 MB] [chunked_processor] get_job called
    DATA: Array
(
    [job_id] => 17e76a58-a82c-4b0c-a0cb-ff02c714db1a
)

[2026-01-15 17:01:33] [26 MB] [chunked_processor] Transient lookup result
    DATA: Array
(
    [option_name] => speed_backups_job_17e76a58-a82c-4b0c-a0cb-ff02c714db1a
    [found] => YES
)

[2026-01-15 17:01:33] [26 MB] [chunked_processor] Job retrieved successfully
    DATA: Array
(
    [status] => running
    [type] => backup
)

[2026-01-15 17:01:33] [26 MB] [chunked_processor] get_job called
    DATA: Array
(
    [job_id] => 17e76a58-a82c-4b0c-a0cb-ff02c714db1a
)

[2026-01-15 17:01:33] [26 MB] [chunked_processor] Transient lookup result
    DATA: Array
(
    [option_name] => speed_backups_job_17e76a58-a82c-4b0c-a0cb-ff02c714db1a
    [found] => YES
)

[2026-01-15 17:01:33] [26 MB] [chunked_processor] Job retrieved successfully
    DATA: Array
(
    [status] => running
    [type] => backup
)

[2026-01-15 17:01:33] [26 MB] [chunked_processor] get_job called
    DATA: Array
(
    [job_id] => 17e76a58-a82c-4b0c-a0cb-ff02c714db1a
)

[2026-01-15 17:01:33] [26 MB] [chunked_processor] Transient lookup result
    DATA: Array
(
    [option_name] => speed_backups_job_17e76a58-a82c-4b0c-a0cb-ff02c714db1a
    [found] => YES
)

[2026-01-15 17:01:33] [26 MB] [chunked_processor] Job retrieved successfully
    DATA: Array
(
    [status] => running
    [type] => backup
)

[2026-01-15 17:01:33] [26 MB] [chunked_processor] save_job called
    DATA: Array
(
    [job_id] => 17e76a58-a82c-4b0c-a0cb-ff02c714db1a
    [status] => running
)

[2026-01-15 17:01:33] [26 MB] [chunked_processor] Transient save result
    DATA: Array
(
    [option_name] => speed_backups_job_17e76a58-a82c-4b0c-a0cb-ff02c714db1a
    [success] => YES
)

[2026-01-15 17:01:33] [26 MB] [chunked_processor] Option save result
    DATA: Array
(
    [option_name] => speed_backups_job_17e76a58-a82c-4b0c-a0cb-ff02c714db1a
    [success] => YES
)

[2026-01-15 17:01:33] [26 MB] [chunked_processor] Save verification (direct DB)
    DATA: Array
(
    [verified] => YES
)

[2026-01-15 17:01:33] [26 MB] [chunked_processor] get_job called
    DATA: Array
(
    [job_id] => 17e76a58-a82c-4b0c-a0cb-ff02c714db1a
)

[2026-01-15 17:01:33] [26 MB] [chunked_processor] Transient lookup result
    DATA: Array
(
    [option_name] => speed_backups_job_17e76a58-a82c-4b0c-a0cb-ff02c714db1a
    [found] => YES
)

[2026-01-15 17:01:33] [26 MB] [chunked_processor] Job retrieved successfully
    DATA: Array
(
    [status] => running
    [type] => backup
)

[2026-01-15 17:01:33] [26 MB] [chunked_processor] save_job called
    DATA: Array
(
    [job_id] => 17e76a58-a82c-4b0c-a0cb-ff02c714db1a
    [status] => running
)

[2026-01-15 17:01:33] [26 MB] [chunked_processor] Transient save result
    DATA: Array
(
    [option_name] => speed_backups_job_17e76a58-a82c-4b0c-a0cb-ff02c714db1a
    [success] => YES
)

[2026-01-15 17:01:33] [26 MB] [chunked_processor] Option save result
    DATA: Array
(
    [option_name] => speed_backups_job_17e76a58-a82c-4b0c-a0cb-ff02c714db1a
    [success] => YES
)

[2026-01-15 17:01:33] [26 MB] [chunked_processor] Save verification (direct DB)
    DATA: Array
(
    [verified] => YES
)

[2026-01-15 17:01:33] [26 MB] [chunked_processor] get_job called
    DATA: Array
(
    [job_id] => 17e76a58-a82c-4b0c-a0cb-ff02c714db1a
)

[2026-01-15 17:01:33] [26 MB] [chunked_processor] Transient lookup result
    DATA: Array
(
    [option_name] => speed_backups_job_17e76a58-a82c-4b0c-a0cb-ff02c714db1a
    [found] => YES
)

[2026-01-15 17:01:33] [26 MB] [chunked_processor] Job retrieved successfully
    DATA: Array
(
    [status] => running
    [type] => backup
)

[2026-01-15 17:01:33] [26 MB] [chunked_processor] get_job called
    DATA: Array
(
    [job_id] => 17e76a58-a82c-4b0c-a0cb-ff02c714db1a
)

[2026-01-15 17:01:33] [26 MB] [chunked_processor] Transient lookup result
    DATA: Array
(
    [option_name] => speed_backups_job_17e76a58-a82c-4b0c-a0cb-ff02c714db1a
    [found] => YES
)

[2026-01-15 17:01:33] [26 MB] [chunked_processor] Job retrieved successfully
    DATA: Array
(
    [status] => running
    [type] => backup
)

[2026-01-15 17:01:34] [14 MB] [ERROR_HANDLER] PHP error handlers registered
[2026-01-15 17:01:34] [14 MB] [chunked_processor] get_job called
    DATA: Array
(
    [job_id] => 17e76a58-a82c-4b0c-a0cb-ff02c714db1a
)

[2026-01-15 17:01:34] [14 MB] [chunked_processor] Transient lookup result
    DATA: Array
(
    [option_name] => speed_backups_job_17e76a58-a82c-4b0c-a0cb-ff02c714db1a
    [found] => YES
)

[2026-01-15 17:01:34] [14 MB] [chunked_processor] Job retrieved successfully
    DATA: Array
(
    [status] => running
    [type] => backup
)

[2026-01-15 17:01:34] [14 MB] [chunked_processor] get_job called
    DATA: Array
(
    [job_id] => 17e76a58-a82c-4b0c-a0cb-ff02c714db1a
)

[2026-01-15 17:01:34] [14 MB] [chunked_processor] Transient lookup result
    DATA: Array
(
    [option_name] => speed_backups_job_17e76a58-a82c-4b0c-a0cb-ff02c714db1a
    [found] => YES
)

[2026-01-15 17:01:34] [14 MB] [chunked_processor] Job retrieved successfully
    DATA: Array
(
    [status] => running
    [type] => backup
)

[2026-01-15 17:01:34] [20 MB] [chunked_processor] get_job called
    DATA: Array
(
    [job_id] => 17e76a58-a82c-4b0c-a0cb-ff02c714db1a
)

[2026-01-15 17:01:34] [20 MB] [chunked_processor] Transient lookup result
    DATA: Array
(
    [option_name] => speed_backups_job_17e76a58-a82c-4b0c-a0cb-ff02c714db1a
    [found] => YES
)

[2026-01-15 17:01:34] [20 MB] [chunked_processor] Job retrieved successfully
    DATA: Array
(
    [status] => running
    [type] => backup
)

[2026-01-15 17:01:34] [20 MB] [chunked_processor] save_job called
    DATA: Array
(
    [job_id] => 17e76a58-a82c-4b0c-a0cb-ff02c714db1a
    [status] => running
)

[2026-01-15 17:01:34] [20 MB] [chunked_processor] Transient save result
    DATA: Array
(
    [option_name] => speed_backups_job_17e76a58-a82c-4b0c-a0cb-ff02c714db1a
    [success] => YES
)

[2026-01-15 17:01:34] [20 MB] [chunked_processor] Option save result
    DATA: Array
(
    [option_name] => speed_backups_job_17e76a58-a82c-4b0c-a0cb-ff02c714db1a
    [success] => YES
)

[2026-01-15 17:01:34] [20 MB] [chunked_processor] Save verification (direct DB)
    DATA: Array
(
    [verified] => YES
)

[2026-01-15 17:01:34] [22 MB] [chunked_processor] get_job called
    DATA: Array
(
    [job_id] => 17e76a58-a82c-4b0c-a0cb-ff02c714db1a
)

[2026-01-15 17:01:34] [22 MB] [chunked_processor] Transient lookup result
    DATA: Array
(
    [option_name] => speed_backups_job_17e76a58-a82c-4b0c-a0cb-ff02c714db1a
    [found] => YES
)

[2026-01-15 17:01:34] [22 MB] [chunked_processor] Job retrieved successfully
    DATA: Array
(
    [status] => running
    [type] => backup
)

[2026-01-15 17:01:34] [22 MB] [chunked_processor] save_job called
    DATA: Array
(
    [job_id] => 17e76a58-a82c-4b0c-a0cb-ff02c714db1a
    [status] => running
)

[2026-01-15 17:01:34] [22 MB] [chunked_processor] Transient save result
    DATA: Array
(
    [option_name] => speed_backups_job_17e76a58-a82c-4b0c-a0cb-ff02c714db1a
    [success] => YES
)

[2026-01-15 17:01:34] [22 MB] [chunked_processor] Option save result
    DATA: Array
(
    [option_name] => speed_backups_job_17e76a58-a82c-4b0c-a0cb-ff02c714db1a
    [success] => YES
)

[2026-01-15 17:01:34] [22 MB] [chunked_processor] Save verification (direct DB)
    DATA: Array
(
    [verified] => YES
)

[2026-01-15 17:01:34] [22 MB] [chunked_processor] get_job called
    DATA: Array
(
    [job_id] => 17e76a58-a82c-4b0c-a0cb-ff02c714db1a
)

[2026-01-15 17:01:34] [22 MB] [chunked_processor] Transient lookup result
    DATA: Array
(
    [option_name] => speed_backups_job_17e76a58-a82c-4b0c-a0cb-ff02c714db1a
    [found] => YES
)

[2026-01-15 17:01:34] [22 MB] [chunked_processor] Job retrieved successfully
    DATA: Array
(
    [status] => running
    [type] => backup
)

[2026-01-15 17:01:34] [22 MB] [chunked_processor] get_job called
    DATA: Array
(
    [job_id] => 17e76a58-a82c-4b0c-a0cb-ff02c714db1a
)

[2026-01-15 17:01:34] [22 MB] [chunked_processor] Transient lookup result
    DATA: Array
(
    [option_name] => speed_backups_job_17e76a58-a82c-4b0c-a0cb-ff02c714db1a
    [found] => YES
)

[2026-01-15 17:01:34] [22 MB] [chunked_processor] Job retrieved successfully
    DATA: Array
(
    [status] => running
    [type] => backup
)

[2026-01-15 17:01:34] [20 MB] [ERROR_HANDLER] PHP error handlers registered
[2026-01-15 17:01:34] [20 MB] [chunked_processor] get_job called
    DATA: Array
(
    [job_id] => 17e76a58-a82c-4b0c-a0cb-ff02c714db1a
)

[2026-01-15 17:01:34] [20 MB] [chunked_processor] Transient lookup result
    DATA: Array
(
    [option_name] => speed_backups_job_17e76a58-a82c-4b0c-a0cb-ff02c714db1a
    [found] => YES
)

[2026-01-15 17:01:34] [20 MB] [chunked_processor] Job retrieved successfully
    DATA: Array
(
    [status] => running
    [type] => backup
)

[2026-01-15 17:01:34] [20 MB] [chunked_processor] get_job called
    DATA: Array
(
    [job_id] => 17e76a58-a82c-4b0c-a0cb-ff02c714db1a
)

[2026-01-15 17:01:34] [20 MB] [chunked_processor] Transient lookup result
    DATA: Array
(
    [option_name] => speed_backups_job_17e76a58-a82c-4b0c-a0cb-ff02c714db1a
    [found] => YES
)

[2026-01-15 17:01:34] [20 MB] [chunked_processor] Job retrieved successfully
    DATA: Array
(
    [status] => running
    [type] => backup
)

[2026-01-15 17:01:34] [20 MB] [chunked_processor] get_job called
    DATA: Array
(
    [job_id] => 17e76a58-a82c-4b0c-a0cb-ff02c714db1a
)

[2026-01-15 17:01:34] [20 MB] [chunked_processor] Transient lookup result
    DATA: Array
(
    [option_name] => speed_backups_job_17e76a58-a82c-4b0c-a0cb-ff02c714db1a
    [found] => YES
)

[2026-01-15 17:01:34] [20 MB] [chunked_processor] Job retrieved successfully
    DATA: Array
(
    [status] => running
    [type] => backup
)

[2026-01-15 17:01:34] [20 MB] [chunked_processor] save_job called
    DATA: Array
(
    [job_id] => 17e76a58-a82c-4b0c-a0cb-ff02c714db1a
    [status] => running
)

[2026-01-15 17:01:34] [20 MB] [chunked_processor] Transient save result
    DATA: Array
(
    [option_name] => speed_backups_job_17e76a58-a82c-4b0c-a0cb-ff02c714db1a
    [success] => YES
)

[2026-01-15 17:01:34] [20 MB] [chunked_processor] Option save result
    DATA: Array
(
    [option_name] => speed_backups_job_17e76a58-a82c-4b0c-a0cb-ff02c714db1a
    [success] => YES
)

[2026-01-15 17:01:34] [20 MB] [chunked_processor] Save verification (direct DB)
    DATA: Array
(
    [verified] => YES
)

[2026-01-15 17:01:35] [22 MB] [chunked_processor] get_job called
    DATA: Array
(
    [job_id] => 17e76a58-a82c-4b0c-a0cb-ff02c714db1a
)

[2026-01-15 17:01:35] [22 MB] [chunked_processor] Transient lookup result
    DATA: Array
(
    [option_name] => speed_backups_job_17e76a58-a82c-4b0c-a0cb-ff02c714db1a
    [found] => YES
)

[2026-01-15 17:01:35] [22 MB] [chunked_processor] Job retrieved successfully
    DATA: Array
(
    [status] => running
    [type] => backup
)

[2026-01-15 17:01:35] [22 MB] [chunked_processor] save_job called
    DATA: Array
(
    [job_id] => 17e76a58-a82c-4b0c-a0cb-ff02c714db1a
    [status] => running
)

[2026-01-15 17:01:35] [22 MB] [chunked_processor] Transient save result
    DATA: Array
(
    [option_name] => speed_backups_job_17e76a58-a82c-4b0c-a0cb-ff02c714db1a
    [success] => YES
)

[2026-01-15 17:01:35] [22 MB] [chunked_processor] Option save result
    DATA: Array
(
    [option_name] => speed_backups_job_17e76a58-a82c-4b0c-a0cb-ff02c714db1a
    [success] => YES
)

[2026-01-15 17:01:35] [22 MB] [chunked_processor] Save verification (direct DB)
    DATA: Array
(
    [verified] => YES
)

[2026-01-15 17:01:35] [22 MB] [chunked_processor] get_job called
    DATA: Array
(
    [job_id] => 17e76a58-a82c-4b0c-a0cb-ff02c714db1a
)

[2026-01-15 17:01:35] [22 MB] [chunked_processor] Transient lookup result
    DATA: Array
(
    [option_name] => speed_backups_job_17e76a58-a82c-4b0c-a0cb-ff02c714db1a
    [found] => YES
)

[2026-01-15 17:01:35] [22 MB] [chunked_processor] Job retrieved successfully
    DATA: Array
(
    [status] => running
    [type] => backup
)

[2026-01-15 17:01:35] [22 MB] [chunked_processor] get_job called
    DATA: Array
(
    [job_id] => 17e76a58-a82c-4b0c-a0cb-ff02c714db1a
)

[2026-01-15 17:01:35] [22 MB] [chunked_processor] Transient lookup result
    DATA: Array
(
    [option_name] => speed_backups_job_17e76a58-a82c-4b0c-a0cb-ff02c714db1a
    [found] => YES
)

[2026-01-15 17:01:35] [22 MB] [chunked_processor] Job retrieved successfully
    DATA: Array
(
    [status] => running
    [type] => backup
)

[2026-01-15 17:01:35] [18 MB] [ERROR_HANDLER] PHP error handlers registered
[2026-01-15 17:01:35] [24 MB] [ERROR_HANDLER] PHP error handlers registered
[2026-01-15 17:01:35] [24 MB] [chunked_processor] get_job called
    DATA: Array
(
    [job_id] => 17e76a58-a82c-4b0c-a0cb-ff02c714db1a
)

[2026-01-15 17:01:35] [24 MB] [chunked_processor] Transient lookup result
    DATA: Array
(
    [option_name] => speed_backups_job_17e76a58-a82c-4b0c-a0cb-ff02c714db1a
    [found] => YES
)

[2026-01-15 17:01:35] [24 MB] [chunked_processor] Job retrieved successfully
    DATA: Array
(
    [status] => running
    [type] => backup
)

[2026-01-15 17:01:35] [24 MB] [chunked_processor] get_job called
    DATA: Array
(
    [job_id] => 17e76a58-a82c-4b0c-a0cb-ff02c714db1a
)

[2026-01-15 17:01:35] [24 MB] [chunked_processor] Transient lookup result
    DATA: Array
(
    [option_name] => speed_backups_job_17e76a58-a82c-4b0c-a0cb-ff02c714db1a
    [found] => YES
)

[2026-01-15 17:01:35] [24 MB] [chunked_processor] Job retrieved successfully
    DATA: Array
(
    [status] => running
    [type] => backup
)

[2026-01-15 17:01:35] [24 MB] [chunked_processor] get_job called
    DATA: Array
(
    [job_id] => 17e76a58-a82c-4b0c-a0cb-ff02c714db1a
)

[2026-01-15 17:01:35] [24 MB] [chunked_processor] Transient lookup result
    DATA: Array
(
    [option_name] => speed_backups_job_17e76a58-a82c-4b0c-a0cb-ff02c714db1a
    [found] => YES
)

[2026-01-15 17:01:35] [24 MB] [chunked_processor] Job retrieved successfully
    DATA: Array
(
    [status] => running
    [type] => backup
)

[2026-01-15 17:01:35] [24 MB] [chunked_processor] save_job called
    DATA: Array
(
    [job_id] => 17e76a58-a82c-4b0c-a0cb-ff02c714db1a
    [status] => running
)

[2026-01-15 17:01:35] [24 MB] [chunked_processor] Transient save result
    DATA: Array
(
    [option_name] => speed_backups_job_17e76a58-a82c-4b0c-a0cb-ff02c714db1a
    [success] => YES
)

[2026-01-15 17:01:35] [24 MB] [chunked_processor] Option save result
    DATA: Array
(
    [option_name] => speed_backups_job_17e76a58-a82c-4b0c-a0cb-ff02c714db1a
    [success] => YES
)

[2026-01-15 17:01:35] [24 MB] [chunked_processor] Save verification (direct DB)
    DATA: Array
(
    [verified] => YES
)

[2026-01-15 17:01:36] [24 MB] [chunked_processor] get_job called
    DATA: Array
(
    [job_id] => 17e76a58-a82c-4b0c-a0cb-ff02c714db1a
)

[2026-01-15 17:01:36] [24 MB] [chunked_processor] Transient lookup result
    DATA: Array
(
    [option_name] => speed_backups_job_17e76a58-a82c-4b0c-a0cb-ff02c714db1a
    [found] => YES
)

[2026-01-15 17:01:36] [24 MB] [chunked_processor] Job retrieved successfully
    DATA: Array
(
    [status] => running
    [type] => backup
)

[2026-01-15 17:01:36] [24 MB] [chunked_processor] save_job called
    DATA: Array
(
    [job_id] => 17e76a58-a82c-4b0c-a0cb-ff02c714db1a
    [status] => running
)

[2026-01-15 17:01:36] [24 MB] [chunked_processor] Transient save result
    DATA: Array
(
    [option_name] => speed_backups_job_17e76a58-a82c-4b0c-a0cb-ff02c714db1a
    [success] => YES
)

[2026-01-15 17:01:36] [24 MB] [chunked_processor] Option save result
    DATA: Array
(
    [option_name] => speed_backups_job_17e76a58-a82c-4b0c-a0cb-ff02c714db1a
    [success] => YES
)

[2026-01-15 17:01:36] [24 MB] [chunked_processor] Save verification (direct DB)
    DATA: Array
(
    [verified] => YES
)

[2026-01-15 17:01:36] [24 MB] [chunked_processor] get_job called
    DATA: Array
(
    [job_id] => 17e76a58-a82c-4b0c-a0cb-ff02c714db1a
)

[2026-01-15 17:01:36] [24 MB] [chunked_processor] Transient lookup result
    DATA: Array
(
    [option_name] => speed_backups_job_17e76a58-a82c-4b0c-a0cb-ff02c714db1a
    [found] => YES
)

[2026-01-15 17:01:36] [24 MB] [chunked_processor] Job retrieved successfully
    DATA: Array
(
    [status] => running
    [type] => backup
)

[2026-01-15 17:01:36] [24 MB] [chunked_processor] get_job called
    DATA: Array
(
    [job_id] => 17e76a58-a82c-4b0c-a0cb-ff02c714db1a
)

[2026-01-15 17:01:36] [24 MB] [chunked_processor] Transient lookup result
    DATA: Array
(
    [option_name] => speed_backups_job_17e76a58-a82c-4b0c-a0cb-ff02c714db1a
    [found] => YES
)

[2026-01-15 17:01:36] [24 MB] [chunked_processor] Job retrieved successfully
    DATA: Array
(
    [status] => running
    [type] => backup
)

[2026-01-15 17:01:36] [20 MB] [ERROR_HANDLER] PHP error handlers registered
[2026-01-15 17:01:36] [20 MB] [chunked_processor] get_job called
    DATA: Array
(
    [job_id] => 17e76a58-a82c-4b0c-a0cb-ff02c714db1a
)

[2026-01-15 17:01:36] [20 MB] [chunked_processor] Transient lookup result
    DATA: Array
(
    [option_name] => speed_backups_job_17e76a58-a82c-4b0c-a0cb-ff02c714db1a
    [found] => YES
)

[2026-01-15 17:01:36] [20 MB] [chunked_processor] Job retrieved successfully
    DATA: Array
(
    [status] => running
    [type] => backup
)

[2026-01-15 17:01:36] [20 MB] [chunked_processor] get_job called
    DATA: Array
(
    [job_id] => 17e76a58-a82c-4b0c-a0cb-ff02c714db1a
)

[2026-01-15 17:01:36] [20 MB] [chunked_processor] Transient lookup result
    DATA: Array
(
    [option_name] => speed_backups_job_17e76a58-a82c-4b0c-a0cb-ff02c714db1a
    [found] => YES
)

[2026-01-15 17:01:36] [20 MB] [chunked_processor] Job retrieved successfully
    DATA: Array
(
    [status] => running
    [type] => backup
)

[2026-01-15 17:01:36] [20 MB] [chunked_processor] get_job called
    DATA: Array
(
    [job_id] => 17e76a58-a82c-4b0c-a0cb-ff02c714db1a
)

[2026-01-15 17:01:36] [20 MB] [chunked_processor] Transient lookup result
    DATA: Array
(
    [option_name] => speed_backups_job_17e76a58-a82c-4b0c-a0cb-ff02c714db1a
    [found] => YES
)

[2026-01-15 17:01:36] [20 MB] [chunked_processor] Job retrieved successfully
    DATA: Array
(
    [status] => running
    [type] => backup
)

[2026-01-15 17:01:36] [20 MB] [chunked_processor] save_job called
    DATA: Array
(
    [job_id] => 17e76a58-a82c-4b0c-a0cb-ff02c714db1a
    [status] => running
)

[2026-01-15 17:01:36] [20 MB] [chunked_processor] Transient save result
    DATA: Array
(
    [option_name] => speed_backups_job_17e76a58-a82c-4b0c-a0cb-ff02c714db1a
    [success] => YES
)

[2026-01-15 17:01:36] [20 MB] [chunked_processor] Option save result
    DATA: Array
(
    [option_name] => speed_backups_job_17e76a58-a82c-4b0c-a0cb-ff02c714db1a
    [success] => YES
)

[2026-01-15 17:01:36] [20 MB] [chunked_processor] Save verification (direct DB)
    DATA: Array
(
    [verified] => YES
)

[2026-01-15 17:01:36] [22 MB] [ERROR_HANDLER] PHP error handlers registered
[2026-01-15 17:01:36] [22 MB] [chunked_processor] get_job called
    DATA: Array
(
    [job_id] => 17e76a58-a82c-4b0c-a0cb-ff02c714db1a
)

[2026-01-15 17:01:36] [22 MB] [chunked_processor] Transient lookup result
    DATA: Array
(
    [option_name] => speed_backups_job_17e76a58-a82c-4b0c-a0cb-ff02c714db1a
    [found] => YES
)

[2026-01-15 17:01:36] [22 MB] [chunked_processor] Job retrieved successfully
    DATA: Array
(
    [status] => running
    [type] => backup
)

[2026-01-15 17:01:36] [22 MB] [chunked_processor] save_job called
    DATA: Array
(
    [job_id] => 17e76a58-a82c-4b0c-a0cb-ff02c714db1a
    [status] => running
)

[2026-01-15 17:01:36] [22 MB] [chunked_processor] Transient save result
    DATA: Array
(
    [option_name] => speed_backups_job_17e76a58-a82c-4b0c-a0cb-ff02c714db1a
    [success] => YES
)

[2026-01-15 17:01:36] [22 MB] [chunked_processor] Option save result
    DATA: Array
(
    [option_name] => speed_backups_job_17e76a58-a82c-4b0c-a0cb-ff02c714db1a
    [success] => YES
)

[2026-01-15 17:01:36] [22 MB] [chunked_processor] Save verification (direct DB)
    DATA: Array
(
    [verified] => YES
)

[2026-01-15 17:01:36] [22 MB] [chunked_processor] get_job called
    DATA: Array
(
    [job_id] => 17e76a58-a82c-4b0c-a0cb-ff02c714db1a
)

[2026-01-15 17:01:36] [22 MB] [chunked_processor] Transient lookup result
    DATA: Array
(
    [option_name] => speed_backups_job_17e76a58-a82c-4b0c-a0cb-ff02c714db1a
    [found] => YES
)

[2026-01-15 17:01:36] [22 MB] [chunked_processor] Job retrieved successfully
    DATA: Array
(
    [status] => running
    [type] => backup
)

[2026-01-15 17:01:36] [22 MB] [chunked_processor] get_job called
    DATA: Array
(
    [job_id] => 17e76a58-a82c-4b0c-a0cb-ff02c714db1a
)

[2026-01-15 17:01:36] [22 MB] [chunked_processor] Transient lookup result
    DATA: Array
(
    [option_name] => speed_backups_job_17e76a58-a82c-4b0c-a0cb-ff02c714db1a
    [found] => YES
)

[2026-01-15 17:01:36] [22 MB] [chunked_processor] Job retrieved successfully
    DATA: Array
(
    [status] => running
    [type] => backup
)

[2026-01-15 17:01:37] [30 MB] [ERROR_HANDLER] PHP error handlers registered
[2026-01-15 17:01:37] [30 MB] [chunked_processor] get_job called
    DATA: Array
(
    [job_id] => 17e76a58-a82c-4b0c-a0cb-ff02c714db1a
)

[2026-01-15 17:01:37] [30 MB] [chunked_processor] Transient lookup result
    DATA: Array
(
    [option_name] => speed_backups_job_17e76a58-a82c-4b0c-a0cb-ff02c714db1a
    [found] => YES
)

[2026-01-15 17:01:37] [30 MB] [chunked_processor] Job retrieved successfully
    DATA: Array
(
    [status] => running
    [type] => backup
)

[2026-01-15 17:01:37] [30 MB] [chunked_processor] get_job called
    DATA: Array
(
    [job_id] => 17e76a58-a82c-4b0c-a0cb-ff02c714db1a
)

[2026-01-15 17:01:37] [30 MB] [chunked_processor] Transient lookup result
    DATA: Array
(
    [option_name] => speed_backups_job_17e76a58-a82c-4b0c-a0cb-ff02c714db1a
    [found] => YES
)

[2026-01-15 17:01:37] [30 MB] [chunked_processor] Job retrieved successfully
    DATA: Array
(
    [status] => running
    [type] => backup
)

[2026-01-15 17:01:37] [30 MB] [chunked_processor] get_job called
    DATA: Array
(
    [job_id] => 17e76a58-a82c-4b0c-a0cb-ff02c714db1a
)

[2026-01-15 17:01:37] [30 MB] [chunked_processor] Transient lookup result
    DATA: Array
(
    [option_name] => speed_backups_job_17e76a58-a82c-4b0c-a0cb-ff02c714db1a
    [found] => YES
)

[2026-01-15 17:01:37] [30 MB] [chunked_processor] Job retrieved successfully
    DATA: Array
(
    [status] => running
    [type] => backup
)

[2026-01-15 17:01:37] [30 MB] [chunked_processor] save_job called
    DATA: Array
(
    [job_id] => 17e76a58-a82c-4b0c-a0cb-ff02c714db1a
    [status] => running
)

[2026-01-15 17:01:37] [30 MB] [chunked_processor] Transient save result
    DATA: Array
(
    [option_name] => speed_backups_job_17e76a58-a82c-4b0c-a0cb-ff02c714db1a
    [success] => YES
)

[2026-01-15 17:01:37] [30 MB] [chunked_processor] Option save result
    DATA: Array
(
    [option_name] => speed_backups_job_17e76a58-a82c-4b0c-a0cb-ff02c714db1a
    [success] => YES
)

[2026-01-15 17:01:37] [30 MB] [chunked_processor] Save verification (direct DB)
    DATA: Array
(
    [verified] => YES
)

[2026-01-15 17:01:37] [30 MB] [chunked_processor] get_job called
    DATA: Array
(
    [job_id] => 17e76a58-a82c-4b0c-a0cb-ff02c714db1a
)

[2026-01-15 17:01:37] [30 MB] [chunked_processor] Transient lookup result
    DATA: Array
(
    [option_name] => speed_backups_job_17e76a58-a82c-4b0c-a0cb-ff02c714db1a
    [found] => YES
)

[2026-01-15 17:01:37] [30 MB] [chunked_processor] Job retrieved successfully
    DATA: Array
(
    [status] => running
    [type] => backup
)

[2026-01-15 17:01:37] [30 MB] [chunked_processor] save_job called
    DATA: Array
(
    [job_id] => 17e76a58-a82c-4b0c-a0cb-ff02c714db1a
    [status] => running
)

[2026-01-15 17:01:37] [30 MB] [chunked_processor] Transient save result
    DATA: Array
(
    [option_name] => speed_backups_job_17e76a58-a82c-4b0c-a0cb-ff02c714db1a
    [success] => YES
)

[2026-01-15 17:01:37] [30 MB] [chunked_processor] Option save result
    DATA: Array
(
    [option_name] => speed_backups_job_17e76a58-a82c-4b0c-a0cb-ff02c714db1a
    [success] => YES
)

[2026-01-15 17:01:37] [30 MB] [chunked_processor] Save verification (direct DB)
    DATA: Array
(
    [verified] => YES
)

[2026-01-15 17:01:37] [30 MB] [chunked_processor] get_job called
    DATA: Array
(
    [job_id] => 17e76a58-a82c-4b0c-a0cb-ff02c714db1a
)

[2026-01-15 17:01:37] [30 MB] [chunked_processor] Transient lookup result
    DATA: Array
(
    [option_name] => speed_backups_job_17e76a58-a82c-4b0c-a0cb-ff02c714db1a
    [found] => YES
)

[2026-01-15 17:01:37] [30 MB] [chunked_processor] Job retrieved successfully
    DATA: Array
(
    [status] => running
    [type] => backup
)

[2026-01-15 17:01:37] [30 MB] [chunked_processor] get_job called
    DATA: Array
(
    [job_id] => 17e76a58-a82c-4b0c-a0cb-ff02c714db1a
)

[2026-01-15 17:01:37] [30 MB] [chunked_processor] Transient lookup result
    DATA: Array
(
    [option_name] => speed_backups_job_17e76a58-a82c-4b0c-a0cb-ff02c714db1a
    [found] => YES
)

[2026-01-15 17:01:37] [30 MB] [chunked_processor] Job retrieved successfully
    DATA: Array
(
    [status] => running
    [type] => backup
)

[2026-01-15 17:01:37] [16 MB] [ERROR_HANDLER] PHP error handlers registered
[2026-01-15 17:01:38] [16 MB] [chunked_processor] get_job called
    DATA: Array
(
    [job_id] => 17e76a58-a82c-4b0c-a0cb-ff02c714db1a
)

[2026-01-15 17:01:38] [16 MB] [chunked_processor] Transient lookup result
    DATA: Array
(
    [option_name] => speed_backups_job_17e76a58-a82c-4b0c-a0cb-ff02c714db1a
    [found] => YES
)

[2026-01-15 17:01:38] [16 MB] [chunked_processor] Job retrieved successfully
    DATA: Array
(
    [status] => running
    [type] => backup
)

[2026-01-15 17:01:38] [16 MB] [chunked_processor] get_job called
    DATA: Array
(
    [job_id] => 17e76a58-a82c-4b0c-a0cb-ff02c714db1a
)

[2026-01-15 17:01:38] [16 MB] [chunked_processor] Transient lookup result
    DATA: Array
(
    [option_name] => speed_backups_job_17e76a58-a82c-4b0c-a0cb-ff02c714db1a
    [found] => YES
)

[2026-01-15 17:01:38] [16 MB] [chunked_processor] Job retrieved successfully
    DATA: Array
(
    [status] => running
    [type] => backup
)

[2026-01-15 17:01:38] [20 MB] [chunked_processor] get_job called
    DATA: Array
(
    [job_id] => 17e76a58-a82c-4b0c-a0cb-ff02c714db1a
)

[2026-01-15 17:01:38] [20 MB] [chunked_processor] Transient lookup result
    DATA: Array
(
    [option_name] => speed_backups_job_17e76a58-a82c-4b0c-a0cb-ff02c714db1a
    [found] => YES
)

[2026-01-15 17:01:38] [20 MB] [chunked_processor] Job retrieved successfully
    DATA: Array
(
    [status] => running
    [type] => backup
)

[2026-01-15 17:01:38] [20 MB] [chunked_processor] save_job called
    DATA: Array
(
    [job_id] => 17e76a58-a82c-4b0c-a0cb-ff02c714db1a
    [status] => running
)

[2026-01-15 17:01:38] [20 MB] [chunked_processor] Transient save result
    DATA: Array
(
    [option_name] => speed_backups_job_17e76a58-a82c-4b0c-a0cb-ff02c714db1a
    [success] => YES
)

[2026-01-15 17:01:38] [20 MB] [chunked_processor] Option save result
    DATA: Array
(
    [option_name] => speed_backups_job_17e76a58-a82c-4b0c-a0cb-ff02c714db1a
    [success] => YES
)

[2026-01-15 17:01:38] [20 MB] [chunked_processor] Save verification (direct DB)
    DATA: Array
(
    [verified] => YES
)

[2026-01-15 17:01:38] [22 MB] [chunked_processor] get_job called
    DATA: Array
(
    [job_id] => 17e76a58-a82c-4b0c-a0cb-ff02c714db1a
)

[2026-01-15 17:01:38] [22 MB] [chunked_processor] Transient lookup result
    DATA: Array
(
    [option_name] => speed_backups_job_17e76a58-a82c-4b0c-a0cb-ff02c714db1a
    [found] => YES
)

[2026-01-15 17:01:38] [22 MB] [chunked_processor] Job retrieved successfully
    DATA: Array
(
    [status] => running
    [type] => backup
)

[2026-01-15 17:01:38] [22 MB] [chunked_processor] save_job called
    DATA: Array
(
    [job_id] => 17e76a58-a82c-4b0c-a0cb-ff02c714db1a
    [status] => running
)

[2026-01-15 17:01:38] [22 MB] [chunked_processor] Transient save result
    DATA: Array
(
    [option_name] => speed_backups_job_17e76a58-a82c-4b0c-a0cb-ff02c714db1a
    [success] => YES
)

[2026-01-15 17:01:38] [22 MB] [chunked_processor] Option save result
    DATA: Array
(
    [option_name] => speed_backups_job_17e76a58-a82c-4b0c-a0cb-ff02c714db1a
    [success] => YES
)

[2026-01-15 17:01:38] [22 MB] [chunked_processor] Save verification (direct DB)
    DATA: Array
(
    [verified] => YES
)

[2026-01-15 17:01:38] [22 MB] [chunked_processor] get_job called
    DATA: Array
(
    [job_id] => 17e76a58-a82c-4b0c-a0cb-ff02c714db1a
)

[2026-01-15 17:01:38] [22 MB] [chunked_processor] Transient lookup result
    DATA: Array
(
    [option_name] => speed_backups_job_17e76a58-a82c-4b0c-a0cb-ff02c714db1a
    [found] => YES
)

[2026-01-15 17:01:38] [22 MB] [chunked_processor] Job retrieved successfully
    DATA: Array
(
    [status] => running
    [type] => backup
)

[2026-01-15 17:01:38] [22 MB] [chunked_processor] get_job called
    DATA: Array
(
    [job_id] => 17e76a58-a82c-4b0c-a0cb-ff02c714db1a
)

[2026-01-15 17:01:38] [22 MB] [chunked_processor] Transient lookup result
    DATA: Array
(
    [option_name] => speed_backups_job_17e76a58-a82c-4b0c-a0cb-ff02c714db1a
    [found] => YES
)

[2026-01-15 17:01:38] [22 MB] [chunked_processor] Job retrieved successfully
    DATA: Array
(
    [status] => running
    [type] => backup
)

[2026-01-15 17:01:38] [20 MB] [ERROR_HANDLER] PHP error handlers registered
[2026-01-15 17:01:39] [20 MB] [chunked_processor] get_job called
    DATA: Array
(
    [job_id] => 17e76a58-a82c-4b0c-a0cb-ff02c714db1a
)

[2026-01-15 17:01:39] [20 MB] [chunked_processor] Transient lookup result
    DATA: Array
(
    [option_name] => speed_backups_job_17e76a58-a82c-4b0c-a0cb-ff02c714db1a
    [found] => YES
)

[2026-01-15 17:01:39] [20 MB] [chunked_processor] Job retrieved successfully
    DATA: Array
(
    [status] => running
    [type] => backup
)

[2026-01-15 17:01:39] [20 MB] [chunked_processor] get_job called
    DATA: Array
(
    [job_id] => 17e76a58-a82c-4b0c-a0cb-ff02c714db1a
)

[2026-01-15 17:01:39] [20 MB] [chunked_processor] Transient lookup result
    DATA: Array
(
    [option_name] => speed_backups_job_17e76a58-a82c-4b0c-a0cb-ff02c714db1a
    [found] => YES
)

[2026-01-15 17:01:39] [20 MB] [chunked_processor] Job retrieved successfully
    DATA: Array
(
    [status] => running
    [type] => backup
)

[2026-01-15 17:01:39] [20 MB] [chunked_processor] get_job called
    DATA: Array
(
    [job_id] => 17e76a58-a82c-4b0c-a0cb-ff02c714db1a
)

[2026-01-15 17:01:39] [20 MB] [chunked_processor] Transient lookup result
    DATA: Array
(
    [option_name] => speed_backups_job_17e76a58-a82c-4b0c-a0cb-ff02c714db1a
    [found] => YES
)

[2026-01-15 17:01:39] [20 MB] [chunked_processor] Job retrieved successfully
    DATA: Array
(
    [status] => running
    [type] => backup
)

[2026-01-15 17:01:39] [20 MB] [chunked_processor] save_job called
    DATA: Array
(
    [job_id] => 17e76a58-a82c-4b0c-a0cb-ff02c714db1a
    [status] => running
)

[2026-01-15 17:01:39] [20 MB] [chunked_processor] Transient save result
    DATA: Array
(
    [option_name] => speed_backups_job_17e76a58-a82c-4b0c-a0cb-ff02c714db1a
    [success] => YES
)

[2026-01-15 17:01:39] [20 MB] [chunked_processor] Option save result
    DATA: Array
(
    [option_name] => speed_backups_job_17e76a58-a82c-4b0c-a0cb-ff02c714db1a
    [success] => YES
)

[2026-01-15 17:01:39] [20 MB] [chunked_processor] Save verification (direct DB)
    DATA: Array
(
    [verified] => YES
)

[2026-01-15 17:01:50] [22 MB] [chunked_processor] get_job called
    DATA: Array
(
    [job_id] => 17e76a58-a82c-4b0c-a0cb-ff02c714db1a
)

[2026-01-15 17:01:50] [22 MB] [chunked_processor] Transient lookup result
    DATA: Array
(
    [option_name] => speed_backups_job_17e76a58-a82c-4b0c-a0cb-ff02c714db1a
    [found] => YES
)

[2026-01-15 17:01:50] [22 MB] [chunked_processor] Job retrieved successfully
    DATA: Array
(
    [status] => running
    [type] => backup
)

[2026-01-15 17:01:50] [22 MB] [chunked_processor] save_job called
    DATA: Array
(
    [job_id] => 17e76a58-a82c-4b0c-a0cb-ff02c714db1a
    [status] => running
)

[2026-01-15 17:01:51] [22 MB] [chunked_processor] Transient save result
    DATA: Array
(
    [option_name] => speed_backups_job_17e76a58-a82c-4b0c-a0cb-ff02c714db1a
    [success] => YES
)

[2026-01-15 17:01:51] [22 MB] [chunked_processor] Option save result
    DATA: Array
(
    [option_name] => speed_backups_job_17e76a58-a82c-4b0c-a0cb-ff02c714db1a
    [success] => YES
)

[2026-01-15 17:01:51] [22 MB] [chunked_processor] Save verification (direct DB)
    DATA: Array
(
    [verified] => YES
)

[2026-01-15 17:01:51] [22 MB] [chunked_processor] get_job called
    DATA: Array
(
    [job_id] => 17e76a58-a82c-4b0c-a0cb-ff02c714db1a
)

[2026-01-15 17:01:51] [22 MB] [chunked_processor] Transient lookup result
    DATA: Array
(
    [option_name] => speed_backups_job_17e76a58-a82c-4b0c-a0cb-ff02c714db1a
    [found] => YES
)

[2026-01-15 17:01:51] [22 MB] [chunked_processor] Job retrieved successfully
    DATA: Array
(
    [status] => running
    [type] => backup
)

[2026-01-15 17:01:51] [22 MB] [chunked_processor] get_job called
    DATA: Array
(
    [job_id] => 17e76a58-a82c-4b0c-a0cb-ff02c714db1a
)

[2026-01-15 17:01:51] [22 MB] [chunked_processor] Transient lookup result
    DATA: Array
(
    [option_name] => speed_backups_job_17e76a58-a82c-4b0c-a0cb-ff02c714db1a
    [found] => YES
)

[2026-01-15 17:01:51] [22 MB] [chunked_processor] Job retrieved successfully
    DATA: Array
(
    [status] => running
    [type] => backup
)

[2026-01-15 17:01:51] [26 MB] [ERROR_HANDLER] PHP error handlers registered
[2026-01-15 17:01:51] [22 MB] [ERROR_HANDLER] PHP error handlers registered
[2026-01-15 17:01:51] [20 MB] [ERROR_HANDLER] PHP error handlers registered
[2026-01-15 17:01:51] [20 MB] [chunked_processor] get_job called
    DATA: Array
(
    [job_id] => 17e76a58-a82c-4b0c-a0cb-ff02c714db1a
)

[2026-01-15 17:01:51] [20 MB] [chunked_processor] Transient lookup result
    DATA: Array
(
    [option_name] => speed_backups_job_17e76a58-a82c-4b0c-a0cb-ff02c714db1a
    [found] => YES
)

[2026-01-15 17:01:51] [20 MB] [chunked_processor] Job retrieved successfully
    DATA: Array
(
    [status] => running
    [type] => backup
)

[2026-01-15 17:01:51] [20 MB] [chunked_processor] get_job called
    DATA: Array
(
    [job_id] => 17e76a58-a82c-4b0c-a0cb-ff02c714db1a
)

[2026-01-15 17:01:51] [20 MB] [chunked_processor] Transient lookup result
    DATA: Array
(
    [option_name] => speed_backups_job_17e76a58-a82c-4b0c-a0cb-ff02c714db1a
    [found] => YES
)

[2026-01-15 17:01:51] [20 MB] [chunked_processor] Job retrieved successfully
    DATA: Array
(
    [status] => running
    [type] => backup
)

[2026-01-15 17:01:51] [20 MB] [chunked_processor] get_job called
    DATA: Array
(
    [job_id] => 17e76a58-a82c-4b0c-a0cb-ff02c714db1a
)

[2026-01-15 17:01:51] [20 MB] [chunked_processor] Transient lookup result
    DATA: Array
(
    [option_name] => speed_backups_job_17e76a58-a82c-4b0c-a0cb-ff02c714db1a
    [found] => YES
)

[2026-01-15 17:01:51] [20 MB] [chunked_processor] Job retrieved successfully
    DATA: Array
(
    [status] => running
    [type] => backup
)

[2026-01-15 17:01:51] [20 MB] [chunked_processor] save_job called
    DATA: Array
(
    [job_id] => 17e76a58-a82c-4b0c-a0cb-ff02c714db1a
    [status] => running
)

[2026-01-15 17:01:51] [20 MB] [chunked_processor] Transient save result
    DATA: Array
(
    [option_name] => speed_backups_job_17e76a58-a82c-4b0c-a0cb-ff02c714db1a
    [success] => YES
)

[2026-01-15 17:01:51] [20 MB] [chunked_processor] Option save result
    DATA: Array
(
    [option_name] => speed_backups_job_17e76a58-a82c-4b0c-a0cb-ff02c714db1a
    [success] => YES
)

[2026-01-15 17:01:51] [20 MB] [chunked_processor] Save verification (direct DB)
    DATA: Array
(
    [verified] => YES
)

[2026-01-15 17:01:52] [18 MB] [ERROR_HANDLER] PHP error handlers registered
[2026-01-15 17:01:53] [22 MB] [chunked_processor] get_job called
    DATA: Array
(
    [job_id] => 17e76a58-a82c-4b0c-a0cb-ff02c714db1a
)

[2026-01-15 17:01:53] [22 MB] [chunked_processor] Transient lookup result
    DATA: Array
(
    [option_name] => speed_backups_job_17e76a58-a82c-4b0c-a0cb-ff02c714db1a
    [found] => YES
)

[2026-01-15 17:01:53] [22 MB] [chunked_processor] Job retrieved successfully
    DATA: Array
(
    [status] => running
    [type] => backup
)

[2026-01-15 17:01:53] [22 MB] [chunked_processor] save_job called
    DATA: Array
(
    [job_id] => 17e76a58-a82c-4b0c-a0cb-ff02c714db1a
    [status] => running
)

[2026-01-15 17:01:53] [22 MB] [chunked_processor] Transient save result
    DATA: Array
(
    [option_name] => speed_backups_job_17e76a58-a82c-4b0c-a0cb-ff02c714db1a
    [success] => YES
)

[2026-01-15 17:01:53] [22 MB] [chunked_processor] Option save result
    DATA: Array
(
    [option_name] => speed_backups_job_17e76a58-a82c-4b0c-a0cb-ff02c714db1a
    [success] => YES
)

[2026-01-15 17:01:53] [22 MB] [chunked_processor] Save verification (direct DB)
    DATA: Array
(
    [verified] => YES
)

[2026-01-15 17:01:53] [22 MB] [chunked_processor] get_job called
    DATA: Array
(
    [job_id] => 17e76a58-a82c-4b0c-a0cb-ff02c714db1a
)

[2026-01-15 17:01:53] [22 MB] [chunked_processor] Transient lookup result
    DATA: Array
(
    [option_name] => speed_backups_job_17e76a58-a82c-4b0c-a0cb-ff02c714db1a
    [found] => YES
)

[2026-01-15 17:01:53] [22 MB] [chunked_processor] Job retrieved successfully
    DATA: Array
(
    [status] => running
    [type] => backup
)

[2026-01-15 17:01:53] [22 MB] [chunked_processor] get_job called
    DATA: Array
(
    [job_id] => 17e76a58-a82c-4b0c-a0cb-ff02c714db1a
)

[2026-01-15 17:01:53] [22 MB] [chunked_processor] Transient lookup result
    DATA: Array
(
    [option_name] => speed_backups_job_17e76a58-a82c-4b0c-a0cb-ff02c714db1a
    [found] => YES
)

[2026-01-15 17:01:53] [22 MB] [chunked_processor] Job retrieved successfully
    DATA: Array
(
    [status] => running
    [type] => backup
)

[2026-01-15 17:01:53] [26 MB] [ERROR_HANDLER] PHP error handlers registered
[2026-01-15 17:01:54] [26 MB] [chunked_processor] get_job called
    DATA: Array
(
    [job_id] => 17e76a58-a82c-4b0c-a0cb-ff02c714db1a
)

[2026-01-15 17:01:54] [26 MB] [chunked_processor] Transient lookup result
    DATA: Array
(
    [option_name] => speed_backups_job_17e76a58-a82c-4b0c-a0cb-ff02c714db1a
    [found] => YES
)

[2026-01-15 17:01:54] [26 MB] [chunked_processor] Job retrieved successfully
    DATA: Array
(
    [status] => running
    [type] => backup
)

[2026-01-15 17:01:54] [26 MB] [chunked_processor] get_job called
    DATA: Array
(
    [job_id] => 17e76a58-a82c-4b0c-a0cb-ff02c714db1a
)

[2026-01-15 17:01:54] [26 MB] [chunked_processor] Transient lookup result
    DATA: Array
(
    [option_name] => speed_backups_job_17e76a58-a82c-4b0c-a0cb-ff02c714db1a
    [found] => YES
)

[2026-01-15 17:01:54] [26 MB] [chunked_processor] Job retrieved successfully
    DATA: Array
(
    [status] => running
    [type] => backup
)

[2026-01-15 17:01:54] [26 MB] [chunked_processor] get_job called
    DATA: Array
(
    [job_id] => 17e76a58-a82c-4b0c-a0cb-ff02c714db1a
)

[2026-01-15 17:01:54] [26 MB] [chunked_processor] Transient lookup result
    DATA: Array
(
    [option_name] => speed_backups_job_17e76a58-a82c-4b0c-a0cb-ff02c714db1a
    [found] => YES
)

[2026-01-15 17:01:54] [26 MB] [chunked_processor] Job retrieved successfully
    DATA: Array
(
    [status] => running
    [type] => backup
)

[2026-01-15 17:01:54] [26 MB] [chunked_processor] save_job called
    DATA: Array
(
    [job_id] => 17e76a58-a82c-4b0c-a0cb-ff02c714db1a
    [status] => running
)

[2026-01-15 17:01:54] [26 MB] [chunked_processor] Transient save result
    DATA: Array
(
    [option_name] => speed_backups_job_17e76a58-a82c-4b0c-a0cb-ff02c714db1a
    [success] => YES
)

[2026-01-15 17:01:54] [26 MB] [chunked_processor] Option save result
    DATA: Array
(
    [option_name] => speed_backups_job_17e76a58-a82c-4b0c-a0cb-ff02c714db1a
    [success] => YES
)

[2026-01-15 17:01:54] [26 MB] [chunked_processor] Save verification (direct DB)
    DATA: Array
(
    [verified] => YES
)

[2026-01-15 17:01:54] [26 MB] [chunked_processor] get_job called
    DATA: Array
(
    [job_id] => 17e76a58-a82c-4b0c-a0cb-ff02c714db1a
)

[2026-01-15 17:01:54] [26 MB] [chunked_processor] Transient lookup result
    DATA: Array
(
    [option_name] => speed_backups_job_17e76a58-a82c-4b0c-a0cb-ff02c714db1a
    [found] => YES
)

[2026-01-15 17:01:54] [26 MB] [chunked_processor] Job retrieved successfully
    DATA: Array
(
    [status] => running
    [type] => backup
)

[2026-01-15 17:01:54] [26 MB] [chunked_processor] save_job called
    DATA: Array
(
    [job_id] => 17e76a58-a82c-4b0c-a0cb-ff02c714db1a
    [status] => running
)

[2026-01-15 17:01:54] [26 MB] [chunked_processor] Transient save result
    DATA: Array
(
    [option_name] => speed_backups_job_17e76a58-a82c-4b0c-a0cb-ff02c714db1a
    [success] => YES
)

[2026-01-15 17:01:54] [26 MB] [chunked_processor] Option save result
    DATA: Array
(
    [option_name] => speed_backups_job_17e76a58-a82c-4b0c-a0cb-ff02c714db1a
    [success] => YES
)

[2026-01-15 17:01:54] [26 MB] [chunked_processor] Save verification (direct DB)
    DATA: Array
(
    [verified] => YES
)

[2026-01-15 17:01:54] [26 MB] [chunked_processor] get_job called
    DATA: Array
(
    [job_id] => 17e76a58-a82c-4b0c-a0cb-ff02c714db1a
)

[2026-01-15 17:01:54] [26 MB] [chunked_processor] Transient lookup result
    DATA: Array
(
    [option_name] => speed_backups_job_17e76a58-a82c-4b0c-a0cb-ff02c714db1a
    [found] => YES
)

[2026-01-15 17:01:54] [26 MB] [chunked_processor] Job retrieved successfully
    DATA: Array
(
    [status] => running
    [type] => backup
)

[2026-01-15 17:01:54] [26 MB] [chunked_processor] get_job called
    DATA: Array
(
    [job_id] => 17e76a58-a82c-4b0c-a0cb-ff02c714db1a
)

[2026-01-15 17:01:54] [26 MB] [chunked_processor] Transient lookup result
    DATA: Array
(
    [option_name] => speed_backups_job_17e76a58-a82c-4b0c-a0cb-ff02c714db1a
    [found] => YES
)

[2026-01-15 17:01:54] [26 MB] [chunked_processor] Job retrieved successfully
    DATA: Array
(
    [status] => running
    [type] => backup
)

[2026-01-15 17:01:55] [14 MB] [ERROR_HANDLER] PHP error handlers registered
[2026-01-15 17:01:55] [14 MB] [chunked_processor] get_job called
    DATA: Array
(
    [job_id] => 17e76a58-a82c-4b0c-a0cb-ff02c714db1a
)

[2026-01-15 17:01:55] [14 MB] [chunked_processor] Transient lookup result
    DATA: Array
(
    [option_name] => speed_backups_job_17e76a58-a82c-4b0c-a0cb-ff02c714db1a
    [found] => YES
)

[2026-01-15 17:01:55] [14 MB] [chunked_processor] Job retrieved successfully
    DATA: Array
(
    [status] => running
    [type] => backup
)

[2026-01-15 17:01:55] [14 MB] [chunked_processor] get_job called
    DATA: Array
(
    [job_id] => 17e76a58-a82c-4b0c-a0cb-ff02c714db1a
)

[2026-01-15 17:01:55] [14 MB] [chunked_processor] Transient lookup result
    DATA: Array
(
    [option_name] => speed_backups_job_17e76a58-a82c-4b0c-a0cb-ff02c714db1a
    [found] => YES
)

[2026-01-15 17:01:55] [14 MB] [chunked_processor] Job retrieved successfully
    DATA: Array
(
    [status] => running
    [type] => backup
)

[2026-01-15 17:01:55] [20 MB] [chunked_processor] get_job called
    DATA: Array
(
    [job_id] => 17e76a58-a82c-4b0c-a0cb-ff02c714db1a
)

[2026-01-15 17:01:55] [20 MB] [chunked_processor] Transient lookup result
    DATA: Array
(
    [option_name] => speed_backups_job_17e76a58-a82c-4b0c-a0cb-ff02c714db1a
    [found] => YES
)

[2026-01-15 17:01:55] [20 MB] [chunked_processor] Job retrieved successfully
    DATA: Array
(
    [status] => running
    [type] => backup
)

[2026-01-15 17:01:55] [20 MB] [chunked_processor] save_job called
    DATA: Array
(
    [job_id] => 17e76a58-a82c-4b0c-a0cb-ff02c714db1a
    [status] => running
)

[2026-01-15 17:01:55] [20 MB] [chunked_processor] Transient save result
    DATA: Array
(
    [option_name] => speed_backups_job_17e76a58-a82c-4b0c-a0cb-ff02c714db1a
    [success] => YES
)

[2026-01-15 17:01:55] [20 MB] [chunked_processor] Option save result
    DATA: Array
(
    [option_name] => speed_backups_job_17e76a58-a82c-4b0c-a0cb-ff02c714db1a
    [success] => YES
)

[2026-01-15 17:01:55] [20 MB] [chunked_processor] Save verification (direct DB)
    DATA: Array
(
    [verified] => YES
)

[2026-01-15 17:01:56] [22 MB] [chunked_processor] get_job called
    DATA: Array
(
    [job_id] => 17e76a58-a82c-4b0c-a0cb-ff02c714db1a
)

[2026-01-15 17:01:56] [22 MB] [chunked_processor] Transient lookup result
    DATA: Array
(
    [option_name] => speed_backups_job_17e76a58-a82c-4b0c-a0cb-ff02c714db1a
    [found] => YES
)

[2026-01-15 17:01:56] [22 MB] [chunked_processor] Job retrieved successfully
    DATA: Array
(
    [status] => running
    [type] => backup
)

[2026-01-15 17:01:56] [22 MB] [chunked_processor] save_job called
    DATA: Array
(
    [job_id] => 17e76a58-a82c-4b0c-a0cb-ff02c714db1a
    [status] => running
)

[2026-01-15 17:01:56] [22 MB] [chunked_processor] Transient save result
    DATA: Array
(
    [option_name] => speed_backups_job_17e76a58-a82c-4b0c-a0cb-ff02c714db1a
    [success] => YES
)

[2026-01-15 17:01:56] [22 MB] [chunked_processor] Option save result
    DATA: Array
(
    [option_name] => speed_backups_job_17e76a58-a82c-4b0c-a0cb-ff02c714db1a
    [success] => YES
)

[2026-01-15 17:01:56] [22 MB] [chunked_processor] Save verification (direct DB)
    DATA: Array
(
    [verified] => YES
)

[2026-01-15 17:01:56] [22 MB] [chunked_processor] get_job called
    DATA: Array
(
    [job_id] => 17e76a58-a82c-4b0c-a0cb-ff02c714db1a
)

[2026-01-15 17:01:56] [22 MB] [chunked_processor] Transient lookup result
    DATA: Array
(
    [option_name] => speed_backups_job_17e76a58-a82c-4b0c-a0cb-ff02c714db1a
    [found] => YES
)

[2026-01-15 17:01:56] [22 MB] [chunked_processor] Job retrieved successfully
    DATA: Array
(
    [status] => running
    [type] => backup
)

[2026-01-15 17:01:56] [22 MB] [chunked_processor] get_job called
    DATA: Array
(
    [job_id] => 17e76a58-a82c-4b0c-a0cb-ff02c714db1a
)

[2026-01-15 17:01:56] [22 MB] [chunked_processor] Transient lookup result
    DATA: Array
(
    [option_name] => speed_backups_job_17e76a58-a82c-4b0c-a0cb-ff02c714db1a
    [found] => YES
)

[2026-01-15 17:01:56] [22 MB] [chunked_processor] Job retrieved successfully
    DATA: Array
(
    [status] => running
    [type] => backup
)

[2026-01-15 17:01:57] [20 MB] [ERROR_HANDLER] PHP error handlers registered
[2026-01-15 17:01:57] [20 MB] [chunked_processor] get_job called
    DATA: Array
(
    [job_id] => 17e76a58-a82c-4b0c-a0cb-ff02c714db1a
)

[2026-01-15 17:01:57] [20 MB] [chunked_processor] Transient lookup result
    DATA: Array
(
    [option_name] => speed_backups_job_17e76a58-a82c-4b0c-a0cb-ff02c714db1a
    [found] => YES
)

[2026-01-15 17:01:57] [20 MB] [chunked_processor] Job retrieved successfully
    DATA: Array
(
    [status] => running
    [type] => backup
)

[2026-01-15 17:01:57] [20 MB] [chunked_processor] get_job called
    DATA: Array
(
    [job_id] => 17e76a58-a82c-4b0c-a0cb-ff02c714db1a
)

[2026-01-15 17:01:57] [20 MB] [chunked_processor] Transient lookup result
    DATA: Array
(
    [option_name] => speed_backups_job_17e76a58-a82c-4b0c-a0cb-ff02c714db1a
    [found] => YES
)

[2026-01-15 17:01:57] [20 MB] [chunked_processor] Job retrieved successfully
    DATA: Array
(
    [status] => running
    [type] => backup
)

[2026-01-15 17:01:57] [20 MB] [chunked_processor] get_job called
    DATA: Array
(
    [job_id] => 17e76a58-a82c-4b0c-a0cb-ff02c714db1a
)

[2026-01-15 17:01:57] [20 MB] [chunked_processor] Transient lookup result
    DATA: Array
(
    [option_name] => speed_backups_job_17e76a58-a82c-4b0c-a0cb-ff02c714db1a
    [found] => YES
)

[2026-01-15 17:01:57] [20 MB] [chunked_processor] Job retrieved successfully
    DATA: Array
(
    [status] => running
    [type] => backup
)

[2026-01-15 17:01:57] [20 MB] [chunked_processor] save_job called
    DATA: Array
(
    [job_id] => 17e76a58-a82c-4b0c-a0cb-ff02c714db1a
    [status] => running
)

[2026-01-15 17:01:57] [20 MB] [chunked_processor] Transient save result
    DATA: Array
(
    [option_name] => speed_backups_job_17e76a58-a82c-4b0c-a0cb-ff02c714db1a
    [success] => YES
)

[2026-01-15 17:01:57] [20 MB] [chunked_processor] Option save result
    DATA: Array
(
    [option_name] => speed_backups_job_17e76a58-a82c-4b0c-a0cb-ff02c714db1a
    [success] => YES
)

[2026-01-15 17:01:57] [20 MB] [chunked_processor] Save verification (direct DB)
    DATA: Array
(
    [verified] => YES
)

[2026-01-15 17:02:02] [22 MB] [chunked_processor] get_job called
    DATA: Array
(
    [job_id] => 17e76a58-a82c-4b0c-a0cb-ff02c714db1a
)

[2026-01-15 17:02:02] [22 MB] [chunked_processor] Transient lookup result
    DATA: Array
(
    [option_name] => speed_backups_job_17e76a58-a82c-4b0c-a0cb-ff02c714db1a
    [found] => YES
)

[2026-01-15 17:02:02] [22 MB] [chunked_processor] Job retrieved successfully
    DATA: Array
(
    [status] => running
    [type] => backup
)

[2026-01-15 17:02:02] [22 MB] [chunked_processor] save_job called
    DATA: Array
(
    [job_id] => 17e76a58-a82c-4b0c-a0cb-ff02c714db1a
    [status] => running
)

[2026-01-15 17:02:02] [22 MB] [chunked_processor] Transient save result
    DATA: Array
(
    [option_name] => speed_backups_job_17e76a58-a82c-4b0c-a0cb-ff02c714db1a
    [success] => YES
)

[2026-01-15 17:02:02] [22 MB] [chunked_processor] Option save result
    DATA: Array
(
    [option_name] => speed_backups_job_17e76a58-a82c-4b0c-a0cb-ff02c714db1a
    [success] => YES
)

[2026-01-15 17:02:02] [22 MB] [chunked_processor] Save verification (direct DB)
    DATA: Array
(
    [verified] => YES
)

[2026-01-15 17:02:02] [22 MB] [chunked_processor] get_job called
    DATA: Array
(
    [job_id] => 17e76a58-a82c-4b0c-a0cb-ff02c714db1a
)

[2026-01-15 17:02:02] [22 MB] [chunked_processor] Transient lookup result
    DATA: Array
(
    [option_name] => speed_backups_job_17e76a58-a82c-4b0c-a0cb-ff02c714db1a
    [found] => YES
)

[2026-01-15 17:02:02] [22 MB] [chunked_processor] Job retrieved successfully
    DATA: Array
(
    [status] => running
    [type] => backup
)

[2026-01-15 17:02:02] [22 MB] [chunked_processor] get_job called
    DATA: Array
(
    [job_id] => 17e76a58-a82c-4b0c-a0cb-ff02c714db1a
)

[2026-01-15 17:02:02] [22 MB] [chunked_processor] Transient lookup result
    DATA: Array
(
    [option_name] => speed_backups_job_17e76a58-a82c-4b0c-a0cb-ff02c714db1a
    [found] => YES
)

[2026-01-15 17:02:02] [22 MB] [chunked_processor] Job retrieved successfully
    DATA: Array
(
    [status] => running
    [type] => backup
)

[2026-01-15 17:02:02] [24 MB] [ERROR_HANDLER] PHP error handlers registered
[2026-01-15 17:02:02] [24 MB] [chunked_processor] get_job called
    DATA: Array
(
    [job_id] => 17e76a58-a82c-4b0c-a0cb-ff02c714db1a
)

[2026-01-15 17:02:02] [24 MB] [chunked_processor] Transient lookup result
    DATA: Array
(
    [option_name] => speed_backups_job_17e76a58-a82c-4b0c-a0cb-ff02c714db1a
    [found] => YES
)

[2026-01-15 17:02:02] [24 MB] [chunked_processor] Job retrieved successfully
    DATA: Array
(
    [status] => running
    [type] => backup
)

[2026-01-15 17:02:02] [24 MB] [chunked_processor] get_job called
    DATA: Array
(
    [job_id] => 17e76a58-a82c-4b0c-a0cb-ff02c714db1a
)

[2026-01-15 17:02:02] [24 MB] [chunked_processor] Transient lookup result
    DATA: Array
(
    [option_name] => speed_backups_job_17e76a58-a82c-4b0c-a0cb-ff02c714db1a
    [found] => YES
)

[2026-01-15 17:02:02] [24 MB] [chunked_processor] Job retrieved successfully
    DATA: Array
(
    [status] => running
    [type] => backup
)

[2026-01-15 17:02:02] [24 MB] [chunked_processor] get_job called
    DATA: Array
(
    [job_id] => 17e76a58-a82c-4b0c-a0cb-ff02c714db1a
)

[2026-01-15 17:02:02] [24 MB] [chunked_processor] Transient lookup result
    DATA: Array
(
    [option_name] => speed_backups_job_17e76a58-a82c-4b0c-a0cb-ff02c714db1a
    [found] => YES
)

[2026-01-15 17:02:02] [24 MB] [chunked_processor] Job retrieved successfully
    DATA: Array
(
    [status] => running
    [type] => backup
)

[2026-01-15 17:02:02] [24 MB] [chunked_processor] save_job called
    DATA: Array
(
    [job_id] => 17e76a58-a82c-4b0c-a0cb-ff02c714db1a
    [status] => running
)

[2026-01-15 17:02:02] [24 MB] [chunked_processor] Transient save result
    DATA: Array
(
    [option_name] => speed_backups_job_17e76a58-a82c-4b0c-a0cb-ff02c714db1a
    [success] => YES
)

[2026-01-15 17:02:02] [24 MB] [chunked_processor] Option save result
    DATA: Array
(
    [option_name] => speed_backups_job_17e76a58-a82c-4b0c-a0cb-ff02c714db1a
    [success] => YES
)

[2026-01-15 17:02:02] [24 MB] [chunked_processor] Save verification (direct DB)
    DATA: Array
(
    [verified] => YES
)

[2026-01-15 17:02:04] [24 MB] [chunked_processor] get_job called
    DATA: Array
(
    [job_id] => 17e76a58-a82c-4b0c-a0cb-ff02c714db1a
)

[2026-01-15 17:02:04] [24 MB] [chunked_processor] Transient lookup result
    DATA: Array
(
    [option_name] => speed_backups_job_17e76a58-a82c-4b0c-a0cb-ff02c714db1a
    [found] => YES
)

[2026-01-15 17:02:04] [24 MB] [chunked_processor] Job retrieved successfully
    DATA: Array
(
    [status] => running
    [type] => backup
)

[2026-01-15 17:02:04] [24 MB] [chunked_processor] save_job called
    DATA: Array
(
    [job_id] => 17e76a58-a82c-4b0c-a0cb-ff02c714db1a
    [status] => running
)

[2026-01-15 17:02:04] [24 MB] [chunked_processor] Transient save result
    DATA: Array
(
    [option_name] => speed_backups_job_17e76a58-a82c-4b0c-a0cb-ff02c714db1a
    [success] => YES
)

[2026-01-15 17:02:04] [24 MB] [chunked_processor] Option save result
    DATA: Array
(
    [option_name] => speed_backups_job_17e76a58-a82c-4b0c-a0cb-ff02c714db1a
    [success] => YES
)

[2026-01-15 17:02:04] [24 MB] [chunked_processor] Save verification (direct DB)
    DATA: Array
(
    [verified] => YES
)

[2026-01-15 17:02:04] [24 MB] [chunked_processor] get_job called
    DATA: Array
(
    [job_id] => 17e76a58-a82c-4b0c-a0cb-ff02c714db1a
)

[2026-01-15 17:02:04] [24 MB] [chunked_processor] Transient lookup result
    DATA: Array
(
    [option_name] => speed_backups_job_17e76a58-a82c-4b0c-a0cb-ff02c714db1a
    [found] => YES
)

[2026-01-15 17:02:04] [24 MB] [chunked_processor] Job retrieved successfully
    DATA: Array
(
    [status] => running
    [type] => backup
)

[2026-01-15 17:02:04] [24 MB] [chunked_processor] get_job called
    DATA: Array
(
    [job_id] => 17e76a58-a82c-4b0c-a0cb-ff02c714db1a
)

[2026-01-15 17:02:04] [24 MB] [chunked_processor] Transient lookup result
    DATA: Array
(
    [option_name] => speed_backups_job_17e76a58-a82c-4b0c-a0cb-ff02c714db1a
    [found] => YES
)

[2026-01-15 17:02:04] [24 MB] [chunked_processor] Job retrieved successfully
    DATA: Array
(
    [status] => running
    [type] => backup
)

[2026-01-15 17:02:04] [18 MB] [ERROR_HANDLER] PHP error handlers registered
[2026-01-15 17:02:04] [18 MB] [chunked_processor] get_job called
    DATA: Array
(
    [job_id] => 17e76a58-a82c-4b0c-a0cb-ff02c714db1a
)

[2026-01-15 17:02:04] [18 MB] [chunked_processor] Transient lookup result
    DATA: Array
(
    [option_name] => speed_backups_job_17e76a58-a82c-4b0c-a0cb-ff02c714db1a
    [found] => YES
)

[2026-01-15 17:02:04] [18 MB] [chunked_processor] Job retrieved successfully
    DATA: Array
(
    [status] => running
    [type] => backup
)

[2026-01-15 17:02:04] [18 MB] [chunked_processor] get_job called
    DATA: Array
(
    [job_id] => 17e76a58-a82c-4b0c-a0cb-ff02c714db1a
)

[2026-01-15 17:02:04] [18 MB] [chunked_processor] Transient lookup result
    DATA: Array
(
    [option_name] => speed_backups_job_17e76a58-a82c-4b0c-a0cb-ff02c714db1a
    [found] => YES
)

[2026-01-15 17:02:04] [18 MB] [chunked_processor] Job retrieved successfully
    DATA: Array
(
    [status] => running
    [type] => backup
)

[2026-01-15 17:02:04] [20 MB] [chunked_processor] get_job called
    DATA: Array
(
    [job_id] => 17e76a58-a82c-4b0c-a0cb-ff02c714db1a
)

[2026-01-15 17:02:04] [20 MB] [chunked_processor] Transient lookup result
    DATA: Array
(
    [option_name] => speed_backups_job_17e76a58-a82c-4b0c-a0cb-ff02c714db1a
    [found] => YES
)

[2026-01-15 17:02:04] [20 MB] [chunked_processor] Job retrieved successfully
    DATA: Array
(
    [status] => running
    [type] => backup
)

[2026-01-15 17:02:04] [20 MB] [chunked_processor] save_job called
    DATA: Array
(
    [job_id] => 17e76a58-a82c-4b0c-a0cb-ff02c714db1a
    [status] => running
)

[2026-01-15 17:02:04] [20 MB] [chunked_processor] Transient save result
    DATA: Array
(
    [option_name] => speed_backups_job_17e76a58-a82c-4b0c-a0cb-ff02c714db1a
    [success] => YES
)

[2026-01-15 17:02:04] [20 MB] [chunked_processor] Option save result
    DATA: Array
(
    [option_name] => speed_backups_job_17e76a58-a82c-4b0c-a0cb-ff02c714db1a
    [success] => YES
)

[2026-01-15 17:02:04] [20 MB] [chunked_processor] Save verification (direct DB)
    DATA: Array
(
    [verified] => YES
)

[2026-01-15 17:02:05] [22 MB] [chunked_processor] get_job called
    DATA: Array
(
    [job_id] => 17e76a58-a82c-4b0c-a0cb-ff02c714db1a
)

[2026-01-15 17:02:05] [22 MB] [chunked_processor] Transient lookup result
    DATA: Array
(
    [option_name] => speed_backups_job_17e76a58-a82c-4b0c-a0cb-ff02c714db1a
    [found] => YES
)

[2026-01-15 17:02:05] [22 MB] [chunked_processor] Job retrieved successfully
    DATA: Array
(
    [status] => running
    [type] => backup
)

[2026-01-15 17:02:05] [22 MB] [chunked_processor] save_job called
    DATA: Array
(
    [job_id] => 17e76a58-a82c-4b0c-a0cb-ff02c714db1a
    [status] => running
)

[2026-01-15 17:02:05] [22 MB] [chunked_processor] Transient save result
    DATA: Array
(
    [option_name] => speed_backups_job_17e76a58-a82c-4b0c-a0cb-ff02c714db1a
    [success] => YES
)

[2026-01-15 17:02:05] [22 MB] [chunked_processor] Option save result
    DATA: Array
(
    [option_name] => speed_backups_job_17e76a58-a82c-4b0c-a0cb-ff02c714db1a
    [success] => YES
)

[2026-01-15 17:02:05] [22 MB] [chunked_processor] Save verification (direct DB)
    DATA: Array
(
    [verified] => YES
)

[2026-01-15 17:02:05] [22 MB] [chunked_processor] get_job called
    DATA: Array
(
    [job_id] => 17e76a58-a82c-4b0c-a0cb-ff02c714db1a
)

[2026-01-15 17:02:05] [22 MB] [chunked_processor] Transient lookup result
    DATA: Array
(
    [option_name] => speed_backups_job_17e76a58-a82c-4b0c-a0cb-ff02c714db1a
    [found] => YES
)

[2026-01-15 17:02:05] [22 MB] [chunked_processor] Job retrieved successfully
    DATA: Array
(
    [status] => running
    [type] => backup
)

[2026-01-15 17:02:05] [22 MB] [chunked_processor] get_job called
    DATA: Array
(
    [job_id] => 17e76a58-a82c-4b0c-a0cb-ff02c714db1a
)

[2026-01-15 17:02:05] [22 MB] [chunked_processor] Transient lookup result
    DATA: Array
(
    [option_name] => speed_backups_job_17e76a58-a82c-4b0c-a0cb-ff02c714db1a
    [found] => YES
)

[2026-01-15 17:02:05] [22 MB] [chunked_processor] Job retrieved successfully
    DATA: Array
(
    [status] => running
    [type] => backup
)

[2026-01-15 17:02:05] [20 MB] [ERROR_HANDLER] PHP error handlers registered
[2026-01-15 17:02:05] [20 MB] [chunked_processor] get_job called
    DATA: Array
(
    [job_id] => 17e76a58-a82c-4b0c-a0cb-ff02c714db1a
)

[2026-01-15 17:02:05] [20 MB] [chunked_processor] Transient lookup result
    DATA: Array
(
    [option_name] => speed_backups_job_17e76a58-a82c-4b0c-a0cb-ff02c714db1a
    [found] => YES
)

[2026-01-15 17:02:05] [20 MB] [chunked_processor] Job retrieved successfully
    DATA: Array
(
    [status] => running
    [type] => backup
)

[2026-01-15 17:02:05] [20 MB] [chunked_processor] get_job called
    DATA: Array
(
    [job_id] => 17e76a58-a82c-4b0c-a0cb-ff02c714db1a
)

[2026-01-15 17:02:05] [20 MB] [chunked_processor] Transient lookup result
    DATA: Array
(
    [option_name] => speed_backups_job_17e76a58-a82c-4b0c-a0cb-ff02c714db1a
    [found] => YES
)

[2026-01-15 17:02:05] [20 MB] [chunked_processor] Job retrieved successfully
    DATA: Array
(
    [status] => running
    [type] => backup
)

[2026-01-15 17:02:05] [20 MB] [chunked_processor] get_job called
    DATA: Array
(
    [job_id] => 17e76a58-a82c-4b0c-a0cb-ff02c714db1a
)

[2026-01-15 17:02:05] [20 MB] [chunked_processor] Transient lookup result
    DATA: Array
(
    [option_name] => speed_backups_job_17e76a58-a82c-4b0c-a0cb-ff02c714db1a
    [found] => YES
)

[2026-01-15 17:02:05] [20 MB] [chunked_processor] Job retrieved successfully
    DATA: Array
(
    [status] => running
    [type] => backup
)

[2026-01-15 17:02:05] [20 MB] [chunked_processor] save_job called
    DATA: Array
(
    [job_id] => 17e76a58-a82c-4b0c-a0cb-ff02c714db1a
    [status] => running
)

[2026-01-15 17:02:05] [20 MB] [chunked_processor] Transient save result
    DATA: Array
(
    [option_name] => speed_backups_job_17e76a58-a82c-4b0c-a0cb-ff02c714db1a
    [success] => YES
)

[2026-01-15 17:02:05] [20 MB] [chunked_processor] Option save result
    DATA: Array
(
    [option_name] => speed_backups_job_17e76a58-a82c-4b0c-a0cb-ff02c714db1a
    [success] => YES
)

[2026-01-15 17:02:05] [20 MB] [chunked_processor] Save verification (direct DB)
    DATA: Array
(
    [verified] => YES
)

[2026-01-15 17:02:06] [22 MB] [chunked_processor] get_job called
    DATA: Array
(
    [job_id] => 17e76a58-a82c-4b0c-a0cb-ff02c714db1a
)

[2026-01-15 17:02:06] [22 MB] [chunked_processor] Transient lookup result
    DATA: Array
(
    [option_name] => speed_backups_job_17e76a58-a82c-4b0c-a0cb-ff02c714db1a
    [found] => YES
)

[2026-01-15 17:02:06] [22 MB] [chunked_processor] Job retrieved successfully
    DATA: Array
(
    [status] => running
    [type] => backup
)

[2026-01-15 17:02:06] [22 MB] [chunked_processor] save_job called
    DATA: Array
(
    [job_id] => 17e76a58-a82c-4b0c-a0cb-ff02c714db1a
    [status] => running
)

[2026-01-15 17:02:06] [22 MB] [chunked_processor] Transient save result
    DATA: Array
(
    [option_name] => speed_backups_job_17e76a58-a82c-4b0c-a0cb-ff02c714db1a
    [success] => YES
)

[2026-01-15 17:02:06] [22 MB] [chunked_processor] Option save result
    DATA: Array
(
    [option_name] => speed_backups_job_17e76a58-a82c-4b0c-a0cb-ff02c714db1a
    [success] => YES
)

[2026-01-15 17:02:06] [22 MB] [chunked_processor] Save verification (direct DB)
    DATA: Array
(
    [verified] => YES
)

[2026-01-15 17:02:06] [22 MB] [chunked_processor] get_job called
    DATA: Array
(
    [job_id] => 17e76a58-a82c-4b0c-a0cb-ff02c714db1a
)

[2026-01-15 17:02:06] [22 MB] [chunked_processor] Transient lookup result
    DATA: Array
(
    [option_name] => speed_backups_job_17e76a58-a82c-4b0c-a0cb-ff02c714db1a
    [found] => YES
)

[2026-01-15 17:02:06] [22 MB] [chunked_processor] Job retrieved successfully
    DATA: Array
(
    [status] => running
    [type] => backup
)

[2026-01-15 17:02:06] [22 MB] [chunked_processor] get_job called
    DATA: Array
(
    [job_id] => 17e76a58-a82c-4b0c-a0cb-ff02c714db1a
)

[2026-01-15 17:02:06] [22 MB] [chunked_processor] Transient lookup result
    DATA: Array
(
    [option_name] => speed_backups_job_17e76a58-a82c-4b0c-a0cb-ff02c714db1a
    [found] => YES
)

[2026-01-15 17:02:06] [22 MB] [chunked_processor] Job retrieved successfully
    DATA: Array
(
    [status] => running
    [type] => backup
)

[2026-01-15 17:02:06] [22 MB] [ERROR_HANDLER] PHP error handlers registered
[2026-01-15 17:02:06] [22 MB] [chunked_processor] get_job called
    DATA: Array
(
    [job_id] => 17e76a58-a82c-4b0c-a0cb-ff02c714db1a
)

[2026-01-15 17:02:06] [22 MB] [chunked_processor] Transient lookup result
    DATA: Array
(
    [option_name] => speed_backups_job_17e76a58-a82c-4b0c-a0cb-ff02c714db1a
    [found] => YES
)

[2026-01-15 17:02:06] [22 MB] [chunked_processor] Job retrieved successfully
    DATA: Array
(
    [status] => running
    [type] => backup
)

[2026-01-15 17:02:06] [22 MB] [chunked_processor] get_job called
    DATA: Array
(
    [job_id] => 17e76a58-a82c-4b0c-a0cb-ff02c714db1a
)

[2026-01-15 17:02:06] [22 MB] [chunked_processor] Transient lookup result
    DATA: Array
(
    [option_name] => speed_backups_job_17e76a58-a82c-4b0c-a0cb-ff02c714db1a
    [found] => YES
)

[2026-01-15 17:02:06] [22 MB] [chunked_processor] Job retrieved successfully
    DATA: Array
(
    [status] => running
    [type] => backup
)

[2026-01-15 17:02:06] [22 MB] [chunked_processor] get_job called
    DATA: Array
(
    [job_id] => 17e76a58-a82c-4b0c-a0cb-ff02c714db1a
)

[2026-01-15 17:02:06] [22 MB] [chunked_processor] Transient lookup result
    DATA: Array
(
    [option_name] => speed_backups_job_17e76a58-a82c-4b0c-a0cb-ff02c714db1a
    [found] => YES
)

[2026-01-15 17:02:06] [22 MB] [chunked_processor] Job retrieved successfully
    DATA: Array
(
    [status] => running
    [type] => backup
)

[2026-01-15 17:02:06] [22 MB] [chunked_processor] save_job called
    DATA: Array
(
    [job_id] => 17e76a58-a82c-4b0c-a0cb-ff02c714db1a
    [status] => running
)

[2026-01-15 17:02:06] [22 MB] [chunked_processor] Transient save result
    DATA: Array
(
    [option_name] => speed_backups_job_17e76a58-a82c-4b0c-a0cb-ff02c714db1a
    [success] => YES
)

[2026-01-15 17:02:06] [22 MB] [chunked_processor] Option save result
    DATA: Array
(
    [option_name] => speed_backups_job_17e76a58-a82c-4b0c-a0cb-ff02c714db1a
    [success] => YES
)

[2026-01-15 17:02:06] [22 MB] [chunked_processor] Save verification (direct DB)
    DATA: Array
(
    [verified] => YES
)

[2026-01-15 17:02:07] [22 MB] [chunked_processor] get_job called
    DATA: Array
(
    [job_id] => 17e76a58-a82c-4b0c-a0cb-ff02c714db1a
)

[2026-01-15 17:02:07] [22 MB] [chunked_processor] Transient lookup result
    DATA: Array
(
    [option_name] => speed_backups_job_17e76a58-a82c-4b0c-a0cb-ff02c714db1a
    [found] => YES
)

[2026-01-15 17:02:07] [22 MB] [chunked_processor] Job retrieved successfully
    DATA: Array
(
    [status] => running
    [type] => backup
)

[2026-01-15 17:02:07] [22 MB] [chunked_processor] save_job called
    DATA: Array
(
    [job_id] => 17e76a58-a82c-4b0c-a0cb-ff02c714db1a
    [status] => running
)

[2026-01-15 17:02:07] [22 MB] [chunked_processor] Transient save result
    DATA: Array
(
    [option_name] => speed_backups_job_17e76a58-a82c-4b0c-a0cb-ff02c714db1a
    [success] => YES
)

[2026-01-15 17:02:07] [22 MB] [chunked_processor] Option save result
    DATA: Array
(
    [option_name] => speed_backups_job_17e76a58-a82c-4b0c-a0cb-ff02c714db1a
    [success] => YES
)

[2026-01-15 17:02:07] [22 MB] [chunked_processor] Save verification (direct DB)
    DATA: Array
(
    [verified] => YES
)

[2026-01-15 17:02:07] [22 MB] [chunked_processor] get_job called
    DATA: Array
(
    [job_id] => 17e76a58-a82c-4b0c-a0cb-ff02c714db1a
)

[2026-01-15 17:02:07] [22 MB] [chunked_processor] Transient lookup result
    DATA: Array
(
    [option_name] => speed_backups_job_17e76a58-a82c-4b0c-a0cb-ff02c714db1a
    [found] => YES
)

[2026-01-15 17:02:07] [22 MB] [chunked_processor] Job retrieved successfully
    DATA: Array
(
    [status] => running
    [type] => backup
)

[2026-01-15 17:02:07] [22 MB] [chunked_processor] get_job called
    DATA: Array
(
    [job_id] => 17e76a58-a82c-4b0c-a0cb-ff02c714db1a
)

[2026-01-15 17:02:07] [22 MB] [chunked_processor] Transient lookup result
    DATA: Array
(
    [option_name] => speed_backups_job_17e76a58-a82c-4b0c-a0cb-ff02c714db1a
    [found] => YES
)

[2026-01-15 17:02:07] [22 MB] [chunked_processor] Job retrieved successfully
    DATA: Array
(
    [status] => running
    [type] => backup
)

[2026-01-15 17:02:07] [22 MB] [ERROR_HANDLER] PHP error handlers registered
[2026-01-15 17:02:07] [20 MB] [ERROR_HANDLER] PHP error handlers registered
[2026-01-15 17:02:07] [20 MB] [chunked_processor] get_job called
    DATA: Array
(
    [job_id] => 17e76a58-a82c-4b0c-a0cb-ff02c714db1a
)

[2026-01-15 17:02:07] [20 MB] [chunked_processor] Transient lookup result
    DATA: Array
(
    [option_name] => speed_backups_job_17e76a58-a82c-4b0c-a0cb-ff02c714db1a
    [found] => YES
)

[2026-01-15 17:02:07] [20 MB] [chunked_processor] Job retrieved successfully
    DATA: Array
(
    [status] => running
    [type] => backup
)

[2026-01-15 17:02:07] [20 MB] [chunked_processor] get_job called
    DATA: Array
(
    [job_id] => 17e76a58-a82c-4b0c-a0cb-ff02c714db1a
)

[2026-01-15 17:02:07] [20 MB] [chunked_processor] Transient lookup result
    DATA: Array
(
    [option_name] => speed_backups_job_17e76a58-a82c-4b0c-a0cb-ff02c714db1a
    [found] => YES
)

[2026-01-15 17:02:07] [20 MB] [chunked_processor] Job retrieved successfully
    DATA: Array
(
    [status] => running
    [type] => backup
)

[2026-01-15 17:02:07] [20 MB] [chunked_processor] get_job called
    DATA: Array
(
    [job_id] => 17e76a58-a82c-4b0c-a0cb-ff02c714db1a
)

[2026-01-15 17:02:07] [20 MB] [chunked_processor] Transient lookup result
    DATA: Array
(
    [option_name] => speed_backups_job_17e76a58-a82c-4b0c-a0cb-ff02c714db1a
    [found] => YES
)

[2026-01-15 17:02:07] [20 MB] [chunked_processor] Job retrieved successfully
    DATA: Array
(
    [status] => running
    [type] => backup
)

[2026-01-15 17:02:07] [20 MB] [chunked_processor] save_job called
    DATA: Array
(
    [job_id] => 17e76a58-a82c-4b0c-a0cb-ff02c714db1a
    [status] => running
)

[2026-01-15 17:02:07] [20 MB] [chunked_processor] Transient save result
    DATA: Array
(
    [option_name] => speed_backups_job_17e76a58-a82c-4b0c-a0cb-ff02c714db1a
    [success] => YES
)

[2026-01-15 17:02:07] [20 MB] [chunked_processor] Option save result
    DATA: Array
(
    [option_name] => speed_backups_job_17e76a58-a82c-4b0c-a0cb-ff02c714db1a
    [success] => YES
)

[2026-01-15 17:02:07] [20 MB] [chunked_processor] Save verification (direct DB)
    DATA: Array
(
    [verified] => YES
)

[2026-01-15 17:02:08] [22 MB] [chunked_processor] get_job called
    DATA: Array
(
    [job_id] => 17e76a58-a82c-4b0c-a0cb-ff02c714db1a
)

[2026-01-15 17:02:08] [22 MB] [chunked_processor] Transient lookup result
    DATA: Array
(
    [option_name] => speed_backups_job_17e76a58-a82c-4b0c-a0cb-ff02c714db1a
    [found] => YES
)

[2026-01-15 17:02:08] [22 MB] [chunked_processor] Job retrieved successfully
    DATA: Array
(
    [status] => running
    [type] => backup
)

[2026-01-15 17:02:08] [22 MB] [chunked_processor] save_job called
    DATA: Array
(
    [job_id] => 17e76a58-a82c-4b0c-a0cb-ff02c714db1a
    [status] => running
)

[2026-01-15 17:02:08] [22 MB] [chunked_processor] Transient save result
    DATA: Array
(
    [option_name] => speed_backups_job_17e76a58-a82c-4b0c-a0cb-ff02c714db1a
    [success] => YES
)

[2026-01-15 17:02:08] [22 MB] [chunked_processor] Option save result
    DATA: Array
(
    [option_name] => speed_backups_job_17e76a58-a82c-4b0c-a0cb-ff02c714db1a
    [success] => YES
)

[2026-01-15 17:02:08] [22 MB] [chunked_processor] Save verification (direct DB)
    DATA: Array
(
    [verified] => YES
)

[2026-01-15 17:02:08] [22 MB] [chunked_processor] get_job called
    DATA: Array
(
    [job_id] => 17e76a58-a82c-4b0c-a0cb-ff02c714db1a
)

[2026-01-15 17:02:08] [22 MB] [chunked_processor] Transient lookup result
    DATA: Array
(
    [option_name] => speed_backups_job_17e76a58-a82c-4b0c-a0cb-ff02c714db1a
    [found] => YES
)

[2026-01-15 17:02:08] [22 MB] [chunked_processor] Job retrieved successfully
    DATA: Array
(
    [status] => running
    [type] => backup
)

[2026-01-15 17:02:08] [22 MB] [chunked_processor] get_job called
    DATA: Array
(
    [job_id] => 17e76a58-a82c-4b0c-a0cb-ff02c714db1a
)

[2026-01-15 17:02:08] [22 MB] [chunked_processor] Transient lookup result
    DATA: Array
(
    [option_name] => speed_backups_job_17e76a58-a82c-4b0c-a0cb-ff02c714db1a
    [found] => YES
)

[2026-01-15 17:02:08] [22 MB] [chunked_processor] Job retrieved successfully
    DATA: Array
(
    [status] => running
    [type] => backup
)

[2026-01-15 17:02:08] [22 MB] [ERROR_HANDLER] PHP error handlers registered
[2026-01-15 17:02:08] [22 MB] [chunked_processor] get_job called
    DATA: Array
(
    [job_id] => 17e76a58-a82c-4b0c-a0cb-ff02c714db1a
)

[2026-01-15 17:02:08] [22 MB] [chunked_processor] Transient lookup result
    DATA: Array
(
    [option_name] => speed_backups_job_17e76a58-a82c-4b0c-a0cb-ff02c714db1a
    [found] => YES
)

[2026-01-15 17:02:08] [22 MB] [chunked_processor] Job retrieved successfully
    DATA: Array
(
    [status] => running
    [type] => backup
)

[2026-01-15 17:02:08] [22 MB] [chunked_processor] get_job called
    DATA: Array
(
    [job_id] => 17e76a58-a82c-4b0c-a0cb-ff02c714db1a
)

[2026-01-15 17:02:08] [22 MB] [chunked_processor] Transient lookup result
    DATA: Array
(
    [option_name] => speed_backups_job_17e76a58-a82c-4b0c-a0cb-ff02c714db1a
    [found] => YES
)

[2026-01-15 17:02:08] [22 MB] [chunked_processor] Job retrieved successfully
    DATA: Array
(
    [status] => running
    [type] => backup
)

[2026-01-15 17:02:08] [22 MB] [chunked_processor] get_job called
    DATA: Array
(
    [job_id] => 17e76a58-a82c-4b0c-a0cb-ff02c714db1a
)

[2026-01-15 17:02:08] [22 MB] [chunked_processor] Transient lookup result
    DATA: Array
(
    [option_name] => speed_backups_job_17e76a58-a82c-4b0c-a0cb-ff02c714db1a
    [found] => YES
)

[2026-01-15 17:02:08] [22 MB] [chunked_processor] Job retrieved successfully
    DATA: Array
(
    [status] => running
    [type] => backup
)

[2026-01-15 17:02:08] [22 MB] [chunked_processor] save_job called
    DATA: Array
(
    [job_id] => 17e76a58-a82c-4b0c-a0cb-ff02c714db1a
    [status] => running
)

[2026-01-15 17:02:08] [22 MB] [chunked_processor] Transient save result
    DATA: Array
(
    [option_name] => speed_backups_job_17e76a58-a82c-4b0c-a0cb-ff02c714db1a
    [success] => YES
)

[2026-01-15 17:02:08] [22 MB] [chunked_processor] Option save result
    DATA: Array
(
    [option_name] => speed_backups_job_17e76a58-a82c-4b0c-a0cb-ff02c714db1a
    [success] => YES
)

[2026-01-15 17:02:08] [22 MB] [chunked_processor] Save verification (direct DB)
    DATA: Array
(
    [verified] => YES
)

[2026-01-15 17:02:09] [22 MB] [chunked_processor] get_job called
    DATA: Array
(
    [job_id] => 17e76a58-a82c-4b0c-a0cb-ff02c714db1a
)

[2026-01-15 17:02:09] [22 MB] [chunked_processor] Transient lookup result
    DATA: Array
(
    [option_name] => speed_backups_job_17e76a58-a82c-4b0c-a0cb-ff02c714db1a
    [found] => YES
)

[2026-01-15 17:02:09] [22 MB] [chunked_processor] Job retrieved successfully
    DATA: Array
(
    [status] => running
    [type] => backup
)

[2026-01-15 17:02:09] [22 MB] [chunked_processor] save_job called
    DATA: Array
(
    [job_id] => 17e76a58-a82c-4b0c-a0cb-ff02c714db1a
    [status] => running
)

[2026-01-15 17:02:09] [22 MB] [chunked_processor] Transient save result
    DATA: Array
(
    [option_name] => speed_backups_job_17e76a58-a82c-4b0c-a0cb-ff02c714db1a
    [success] => YES
)

[2026-01-15 17:02:09] [22 MB] [chunked_processor] Option save result
    DATA: Array
(
    [option_name] => speed_backups_job_17e76a58-a82c-4b0c-a0cb-ff02c714db1a
    [success] => YES
)

[2026-01-15 17:02:09] [22 MB] [chunked_processor] Save verification (direct DB)
    DATA: Array
(
    [verified] => YES
)

[2026-01-15 17:02:09] [22 MB] [chunked_processor] get_job called
    DATA: Array
(
    [job_id] => 17e76a58-a82c-4b0c-a0cb-ff02c714db1a
)

[2026-01-15 17:02:09] [22 MB] [chunked_processor] Transient lookup result
    DATA: Array
(
    [option_name] => speed_backups_job_17e76a58-a82c-4b0c-a0cb-ff02c714db1a
    [found] => YES
)

[2026-01-15 17:02:09] [22 MB] [chunked_processor] Job retrieved successfully
    DATA: Array
(
    [status] => running
    [type] => backup
)

[2026-01-15 17:02:09] [22 MB] [chunked_processor] get_job called
    DATA: Array
(
    [job_id] => 17e76a58-a82c-4b0c-a0cb-ff02c714db1a
)

[2026-01-15 17:02:09] [22 MB] [chunked_processor] Transient lookup result
    DATA: Array
(
    [option_name] => speed_backups_job_17e76a58-a82c-4b0c-a0cb-ff02c714db1a
    [found] => YES
)

[2026-01-15 17:02:09] [22 MB] [chunked_processor] Job retrieved successfully
    DATA: Array
(
    [status] => running
    [type] => backup
)

[2026-01-15 17:02:09] [20 MB] [ERROR_HANDLER] PHP error handlers registered
[2026-01-15 17:02:09] [20 MB] [chunked_processor] get_job called
    DATA: Array
(
    [job_id] => 17e76a58-a82c-4b0c-a0cb-ff02c714db1a
)

[2026-01-15 17:02:09] [20 MB] [chunked_processor] Transient lookup result
    DATA: Array
(
    [option_name] => speed_backups_job_17e76a58-a82c-4b0c-a0cb-ff02c714db1a
    [found] => YES
)

[2026-01-15 17:02:09] [20 MB] [chunked_processor] Job retrieved successfully
    DATA: Array
(
    [status] => running
    [type] => backup
)

[2026-01-15 17:02:09] [20 MB] [chunked_processor] get_job called
    DATA: Array
(
    [job_id] => 17e76a58-a82c-4b0c-a0cb-ff02c714db1a
)

[2026-01-15 17:02:09] [20 MB] [chunked_processor] Transient lookup result
    DATA: Array
(
    [option_name] => speed_backups_job_17e76a58-a82c-4b0c-a0cb-ff02c714db1a
    [found] => YES
)

[2026-01-15 17:02:09] [20 MB] [chunked_processor] Job retrieved successfully
    DATA: Array
(
    [status] => running
    [type] => backup
)

[2026-01-15 17:02:09] [20 MB] [chunked_processor] get_job called
    DATA: Array
(
    [job_id] => 17e76a58-a82c-4b0c-a0cb-ff02c714db1a
)

[2026-01-15 17:02:09] [20 MB] [chunked_processor] Transient lookup result
    DATA: Array
(
    [option_name] => speed_backups_job_17e76a58-a82c-4b0c-a0cb-ff02c714db1a
    [found] => YES
)

[2026-01-15 17:02:09] [20 MB] [chunked_processor] Job retrieved successfully
    DATA: Array
(
    [status] => running
    [type] => backup
)

[2026-01-15 17:02:09] [20 MB] [chunked_processor] save_job called
    DATA: Array
(
    [job_id] => 17e76a58-a82c-4b0c-a0cb-ff02c714db1a
    [status] => running
)

[2026-01-15 17:02:09] [20 MB] [chunked_processor] Transient save result
    DATA: Array
(
    [option_name] => speed_backups_job_17e76a58-a82c-4b0c-a0cb-ff02c714db1a
    [success] => YES
)

[2026-01-15 17:02:09] [20 MB] [chunked_processor] Option save result
    DATA: Array
(
    [option_name] => speed_backups_job_17e76a58-a82c-4b0c-a0cb-ff02c714db1a
    [success] => YES
)

[2026-01-15 17:02:09] [20 MB] [chunked_processor] Save verification (direct DB)
    DATA: Array
(
    [verified] => YES
)

[2026-01-15 17:02:09] [22 MB] [chunked_processor] get_job called
    DATA: Array
(
    [job_id] => 17e76a58-a82c-4b0c-a0cb-ff02c714db1a
)

[2026-01-15 17:02:09] [22 MB] [chunked_processor] Transient lookup result
    DATA: Array
(
    [option_name] => speed_backups_job_17e76a58-a82c-4b0c-a0cb-ff02c714db1a
    [found] => YES
)

[2026-01-15 17:02:09] [22 MB] [chunked_processor] Job retrieved successfully
    DATA: Array
(
    [status] => running
    [type] => backup
)

[2026-01-15 17:02:09] [22 MB] [chunked_processor] save_job called
    DATA: Array
(
    [job_id] => 17e76a58-a82c-4b0c-a0cb-ff02c714db1a
    [status] => running
)

[2026-01-15 17:02:09] [22 MB] [chunked_processor] Transient save result
    DATA: Array
(
    [option_name] => speed_backups_job_17e76a58-a82c-4b0c-a0cb-ff02c714db1a
    [success] => YES
)

[2026-01-15 17:02:09] [22 MB] [chunked_processor] Option save result
    DATA: Array
(
    [option_name] => speed_backups_job_17e76a58-a82c-4b0c-a0cb-ff02c714db1a
    [success] => YES
)

[2026-01-15 17:02:09] [22 MB] [chunked_processor] Save verification (direct DB)
    DATA: Array
(
    [verified] => YES
)

[2026-01-15 17:02:09] [22 MB] [chunked_processor] get_job called
    DATA: Array
(
    [job_id] => 17e76a58-a82c-4b0c-a0cb-ff02c714db1a
)

[2026-01-15 17:02:09] [22 MB] [chunked_processor] Transient lookup result
    DATA: Array
(
    [option_name] => speed_backups_job_17e76a58-a82c-4b0c-a0cb-ff02c714db1a
    [found] => YES
)

[2026-01-15 17:02:09] [22 MB] [chunked_processor] Job retrieved successfully
    DATA: Array
(
    [status] => running
    [type] => backup
)

[2026-01-15 17:02:09] [22 MB] [chunked_processor] get_job called
    DATA: Array
(
    [job_id] => 17e76a58-a82c-4b0c-a0cb-ff02c714db1a
)

[2026-01-15 17:02:09] [22 MB] [chunked_processor] Transient lookup result
    DATA: Array
(
    [option_name] => speed_backups_job_17e76a58-a82c-4b0c-a0cb-ff02c714db1a
    [found] => YES
)

[2026-01-15 17:02:09] [22 MB] [chunked_processor] Job retrieved successfully
    DATA: Array
(
    [status] => running
    [type] => backup
)

[2026-01-15 17:02:10] [28 MB] [ERROR_HANDLER] PHP error handlers registered
[2026-01-15 17:02:10] [28 MB] [chunked_processor] get_job called
    DATA: Array
(
    [job_id] => 17e76a58-a82c-4b0c-a0cb-ff02c714db1a
)

[2026-01-15 17:02:10] [28 MB] [chunked_processor] Transient lookup result
    DATA: Array
(
    [option_name] => speed_backups_job_17e76a58-a82c-4b0c-a0cb-ff02c714db1a
    [found] => YES
)

[2026-01-15 17:02:10] [28 MB] [chunked_processor] Job retrieved successfully
    DATA: Array
(
    [status] => running
    [type] => backup
)

[2026-01-15 17:02:10] [28 MB] [chunked_processor] get_job called
    DATA: Array
(
    [job_id] => 17e76a58-a82c-4b0c-a0cb-ff02c714db1a
)

[2026-01-15 17:02:10] [28 MB] [chunked_processor] Transient lookup result
    DATA: Array
(
    [option_name] => speed_backups_job_17e76a58-a82c-4b0c-a0cb-ff02c714db1a
    [found] => YES
)

[2026-01-15 17:02:10] [28 MB] [chunked_processor] Job retrieved successfully
    DATA: Array
(
    [status] => running
    [type] => backup
)

[2026-01-15 17:02:10] [28 MB] [chunked_processor] get_job called
    DATA: Array
(
    [job_id] => 17e76a58-a82c-4b0c-a0cb-ff02c714db1a
)

[2026-01-15 17:02:10] [28 MB] [chunked_processor] Transient lookup result
    DATA: Array
(
    [option_name] => speed_backups_job_17e76a58-a82c-4b0c-a0cb-ff02c714db1a
    [found] => YES
)

[2026-01-15 17:02:10] [28 MB] [chunked_processor] Job retrieved successfully
    DATA: Array
(
    [status] => running
    [type] => backup
)

[2026-01-15 17:02:10] [28 MB] [chunked_processor] save_job called
    DATA: Array
(
    [job_id] => 17e76a58-a82c-4b0c-a0cb-ff02c714db1a
    [status] => running
)

[2026-01-15 17:02:10] [28 MB] [chunked_processor] Transient save result
    DATA: Array
(
    [option_name] => speed_backups_job_17e76a58-a82c-4b0c-a0cb-ff02c714db1a
    [success] => YES
)

[2026-01-15 17:02:10] [28 MB] [chunked_processor] Option save result
    DATA: Array
(
    [option_name] => speed_backups_job_17e76a58-a82c-4b0c-a0cb-ff02c714db1a
    [success] => YES
)

[2026-01-15 17:02:10] [28 MB] [chunked_processor] Save verification (direct DB)
    DATA: Array
(
    [verified] => YES
)

[2026-01-15 17:02:13] [28 MB] [chunked_processor] get_job called
    DATA: Array
(
    [job_id] => 17e76a58-a82c-4b0c-a0cb-ff02c714db1a
)

[2026-01-15 17:02:13] [28 MB] [chunked_processor] Transient lookup result
    DATA: Array
(
    [option_name] => speed_backups_job_17e76a58-a82c-4b0c-a0cb-ff02c714db1a
    [found] => YES
)

[2026-01-15 17:02:13] [28 MB] [chunked_processor] Job retrieved successfully
    DATA: Array
(
    [status] => running
    [type] => backup
)

[2026-01-15 17:02:13] [28 MB] [chunked_processor] save_job called
    DATA: Array
(
    [job_id] => 17e76a58-a82c-4b0c-a0cb-ff02c714db1a
    [status] => running
)

[2026-01-15 17:02:13] [28 MB] [chunked_processor] Transient save result
    DATA: Array
(
    [option_name] => speed_backups_job_17e76a58-a82c-4b0c-a0cb-ff02c714db1a
    [success] => YES
)

[2026-01-15 17:02:13] [28 MB] [chunked_processor] Option save result
    DATA: Array
(
    [option_name] => speed_backups_job_17e76a58-a82c-4b0c-a0cb-ff02c714db1a
    [success] => YES
)

[2026-01-15 17:02:13] [28 MB] [chunked_processor] Save verification (direct DB)
    DATA: Array
(
    [verified] => YES
)

[2026-01-15 17:02:13] [28 MB] [chunked_processor] get_job called
    DATA: Array
(
    [job_id] => 17e76a58-a82c-4b0c-a0cb-ff02c714db1a
)

[2026-01-15 17:02:13] [28 MB] [chunked_processor] Transient lookup result
    DATA: Array
(
    [option_name] => speed_backups_job_17e76a58-a82c-4b0c-a0cb-ff02c714db1a
    [found] => YES
)

[2026-01-15 17:02:13] [28 MB] [chunked_processor] Job retrieved successfully
    DATA: Array
(
    [status] => running
    [type] => backup
)

[2026-01-15 17:02:13] [28 MB] [chunked_processor] get_job called
    DATA: Array
(
    [job_id] => 17e76a58-a82c-4b0c-a0cb-ff02c714db1a
)

[2026-01-15 17:02:13] [28 MB] [chunked_processor] Transient lookup result
    DATA: Array
(
    [option_name] => speed_backups_job_17e76a58-a82c-4b0c-a0cb-ff02c714db1a
    [found] => YES
)

[2026-01-15 17:02:13] [28 MB] [chunked_processor] Job retrieved successfully
    DATA: Array
(
    [status] => running
    [type] => backup
)

[2026-01-15 17:02:13] [22 MB] [ERROR_HANDLER] PHP error handlers registered
[2026-01-15 17:02:13] [22 MB] [chunked_processor] get_job called
    DATA: Array
(
    [job_id] => 17e76a58-a82c-4b0c-a0cb-ff02c714db1a
)

[2026-01-15 17:02:13] [22 MB] [chunked_processor] Transient lookup result
    DATA: Array
(
    [option_name] => speed_backups_job_17e76a58-a82c-4b0c-a0cb-ff02c714db1a
    [found] => YES
)

[2026-01-15 17:02:13] [22 MB] [chunked_processor] Job retrieved successfully
    DATA: Array
(
    [status] => running
    [type] => backup
)

[2026-01-15 17:02:13] [22 MB] [chunked_processor] get_job called
    DATA: Array
(
    [job_id] => 17e76a58-a82c-4b0c-a0cb-ff02c714db1a
)

[2026-01-15 17:02:13] [22 MB] [chunked_processor] Transient lookup result
    DATA: Array
(
    [option_name] => speed_backups_job_17e76a58-a82c-4b0c-a0cb-ff02c714db1a
    [found] => YES
)

[2026-01-15 17:02:13] [22 MB] [chunked_processor] Job retrieved successfully
    DATA: Array
(
    [status] => running
    [type] => backup
)

[2026-01-15 17:02:13] [22 MB] [chunked_processor] get_job called
    DATA: Array
(
    [job_id] => 17e76a58-a82c-4b0c-a0cb-ff02c714db1a
)

[2026-01-15 17:02:13] [22 MB] [chunked_processor] Transient lookup result
    DATA: Array
(
    [option_name] => speed_backups_job_17e76a58-a82c-4b0c-a0cb-ff02c714db1a
    [found] => YES
)

[2026-01-15 17:02:13] [22 MB] [chunked_processor] Job retrieved successfully
    DATA: Array
(
    [status] => running
    [type] => backup
)

[2026-01-15 17:02:13] [22 MB] [chunked_processor] save_job called
    DATA: Array
(
    [job_id] => 17e76a58-a82c-4b0c-a0cb-ff02c714db1a
    [status] => running
)

[2026-01-15 17:02:13] [22 MB] [chunked_processor] Transient save result
    DATA: Array
(
    [option_name] => speed_backups_job_17e76a58-a82c-4b0c-a0cb-ff02c714db1a
    [success] => YES
)

[2026-01-15 17:02:13] [22 MB] [chunked_processor] Option save result
    DATA: Array
(
    [option_name] => speed_backups_job_17e76a58-a82c-4b0c-a0cb-ff02c714db1a
    [success] => YES
)

[2026-01-15 17:02:13] [22 MB] [chunked_processor] Save verification (direct DB)
    DATA: Array
(
    [verified] => YES
)

[2026-01-15 17:02:13] [22 MB] [chunked_processor] get_job called
    DATA: Array
(
    [job_id] => 17e76a58-a82c-4b0c-a0cb-ff02c714db1a
)

[2026-01-15 17:02:13] [22 MB] [chunked_processor] Transient lookup result
    DATA: Array
(
    [option_name] => speed_backups_job_17e76a58-a82c-4b0c-a0cb-ff02c714db1a
    [found] => YES
)

[2026-01-15 17:02:13] [22 MB] [chunked_processor] Job retrieved successfully
    DATA: Array
(
    [status] => running
    [type] => backup
)

[2026-01-15 17:02:13] [22 MB] [chunked_processor] save_job called
    DATA: Array
(
    [job_id] => 17e76a58-a82c-4b0c-a0cb-ff02c714db1a
    [status] => running
)

[2026-01-15 17:02:13] [22 MB] [chunked_processor] Transient save result
    DATA: Array
(
    [option_name] => speed_backups_job_17e76a58-a82c-4b0c-a0cb-ff02c714db1a
    [success] => YES
)

[2026-01-15 17:02:13] [22 MB] [chunked_processor] Option save result
    DATA: Array
(
    [option_name] => speed_backups_job_17e76a58-a82c-4b0c-a0cb-ff02c714db1a
    [success] => YES
)

[2026-01-15 17:02:13] [22 MB] [chunked_processor] Save verification (direct DB)
    DATA: Array
(
    [verified] => YES
)

[2026-01-15 17:02:13] [22 MB] [chunked_processor] get_job called
    DATA: Array
(
    [job_id] => 17e76a58-a82c-4b0c-a0cb-ff02c714db1a
)

[2026-01-15 17:02:13] [22 MB] [chunked_processor] Transient lookup result
    DATA: Array
(
    [option_name] => speed_backups_job_17e76a58-a82c-4b0c-a0cb-ff02c714db1a
    [found] => YES
)

[2026-01-15 17:02:13] [22 MB] [chunked_processor] Job retrieved successfully
    DATA: Array
(
    [status] => running
    [type] => backup
)

[2026-01-15 17:02:13] [22 MB] [chunked_processor] get_job called
    DATA: Array
(
    [job_id] => 17e76a58-a82c-4b0c-a0cb-ff02c714db1a
)

[2026-01-15 17:02:13] [22 MB] [chunked_processor] Transient lookup result
    DATA: Array
(
    [option_name] => speed_backups_job_17e76a58-a82c-4b0c-a0cb-ff02c714db1a
    [found] => YES
)

[2026-01-15 17:02:13] [22 MB] [chunked_processor] Job retrieved successfully
    DATA: Array
(
    [status] => running
    [type] => backup
)

[2026-01-15 17:02:14] [20 MB] [ERROR_HANDLER] PHP error handlers registered
[2026-01-15 17:02:14] [20 MB] [chunked_processor] get_job called
    DATA: Array
(
    [job_id] => 17e76a58-a82c-4b0c-a0cb-ff02c714db1a
)

[2026-01-15 17:02:14] [20 MB] [chunked_processor] Transient lookup result
    DATA: Array
(
    [option_name] => speed_backups_job_17e76a58-a82c-4b0c-a0cb-ff02c714db1a
    [found] => YES
)

[2026-01-15 17:02:14] [20 MB] [chunked_processor] Job retrieved successfully
    DATA: Array
(
    [status] => running
    [type] => backup
)

[2026-01-15 17:02:14] [20 MB] [chunked_processor] get_job called
    DATA: Array
(
    [job_id] => 17e76a58-a82c-4b0c-a0cb-ff02c714db1a
)

[2026-01-15 17:02:14] [20 MB] [chunked_processor] Transient lookup result
    DATA: Array
(
    [option_name] => speed_backups_job_17e76a58-a82c-4b0c-a0cb-ff02c714db1a
    [found] => YES
)

[2026-01-15 17:02:14] [20 MB] [chunked_processor] Job retrieved successfully
    DATA: Array
(
    [status] => running
    [type] => backup
)

[2026-01-15 17:02:14] [20 MB] [chunked_processor] get_job called
    DATA: Array
(
    [job_id] => 17e76a58-a82c-4b0c-a0cb-ff02c714db1a
)

[2026-01-15 17:02:14] [20 MB] [chunked_processor] Transient lookup result
    DATA: Array
(
    [option_name] => speed_backups_job_17e76a58-a82c-4b0c-a0cb-ff02c714db1a
    [found] => YES
)

[2026-01-15 17:02:14] [20 MB] [chunked_processor] Job retrieved successfully
    DATA: Array
(
    [status] => running
    [type] => backup
)

[2026-01-15 17:02:14] [20 MB] [chunked_processor] save_job called
    DATA: Array
(
    [job_id] => 17e76a58-a82c-4b0c-a0cb-ff02c714db1a
    [status] => running
)

[2026-01-15 17:02:14] [20 MB] [chunked_processor] Transient save result
    DATA: Array
(
    [option_name] => speed_backups_job_17e76a58-a82c-4b0c-a0cb-ff02c714db1a
    [success] => YES
)

[2026-01-15 17:02:14] [20 MB] [chunked_processor] Option save result
    DATA: Array
(
    [option_name] => speed_backups_job_17e76a58-a82c-4b0c-a0cb-ff02c714db1a
    [success] => YES
)

[2026-01-15 17:02:14] [20 MB] [chunked_processor] Save verification (direct DB)
    DATA: Array
(
    [verified] => YES
)

[2026-01-15 17:02:14] [22 MB] [chunked_processor] get_job called
    DATA: Array
(
    [job_id] => 17e76a58-a82c-4b0c-a0cb-ff02c714db1a
)

[2026-01-15 17:02:14] [22 MB] [chunked_processor] Transient lookup result
    DATA: Array
(
    [option_name] => speed_backups_job_17e76a58-a82c-4b0c-a0cb-ff02c714db1a
    [found] => YES
)

[2026-01-15 17:02:14] [22 MB] [chunked_processor] Job retrieved successfully
    DATA: Array
(
    [status] => running
    [type] => backup
)

[2026-01-15 17:02:14] [22 MB] [chunked_processor] save_job called
    DATA: Array
(
    [job_id] => 17e76a58-a82c-4b0c-a0cb-ff02c714db1a
    [status] => running
)

[2026-01-15 17:02:14] [22 MB] [chunked_processor] Transient save result
    DATA: Array
(
    [option_name] => speed_backups_job_17e76a58-a82c-4b0c-a0cb-ff02c714db1a
    [success] => YES
)

[2026-01-15 17:02:14] [22 MB] [chunked_processor] Option save result
    DATA: Array
(
    [option_name] => speed_backups_job_17e76a58-a82c-4b0c-a0cb-ff02c714db1a
    [success] => YES
)

[2026-01-15 17:02:14] [22 MB] [chunked_processor] Save verification (direct DB)
    DATA: Array
(
    [verified] => YES
)

[2026-01-15 17:02:14] [22 MB] [chunked_processor] get_job called
    DATA: Array
(
    [job_id] => 17e76a58-a82c-4b0c-a0cb-ff02c714db1a
)

[2026-01-15 17:02:14] [22 MB] [chunked_processor] Transient lookup result
    DATA: Array
(
    [option_name] => speed_backups_job_17e76a58-a82c-4b0c-a0cb-ff02c714db1a
    [found] => YES
)

[2026-01-15 17:02:14] [22 MB] [chunked_processor] Job retrieved successfully
    DATA: Array
(
    [status] => running
    [type] => backup
)

[2026-01-15 17:02:14] [22 MB] [chunked_processor] get_job called
    DATA: Array
(
    [job_id] => 17e76a58-a82c-4b0c-a0cb-ff02c714db1a
)

[2026-01-15 17:02:14] [22 MB] [chunked_processor] Transient lookup result
    DATA: Array
(
    [option_name] => speed_backups_job_17e76a58-a82c-4b0c-a0cb-ff02c714db1a
    [found] => YES
)

[2026-01-15 17:02:14] [22 MB] [chunked_processor] Job retrieved successfully
    DATA: Array
(
    [status] => running
    [type] => backup
)

[2026-01-15 17:02:15] [24 MB] [ERROR_HANDLER] PHP error handlers registered
[2026-01-15 17:02:15] [24 MB] [chunked_processor] get_job called
    DATA: Array
(
    [job_id] => 17e76a58-a82c-4b0c-a0cb-ff02c714db1a
)

[2026-01-15 17:02:15] [24 MB] [chunked_processor] Transient lookup result
    DATA: Array
(
    [option_name] => speed_backups_job_17e76a58-a82c-4b0c-a0cb-ff02c714db1a
    [found] => YES
)

[2026-01-15 17:02:15] [24 MB] [chunked_processor] Job retrieved successfully
    DATA: Array
(
    [status] => running
    [type] => backup
)

[2026-01-15 17:02:15] [24 MB] [chunked_processor] get_job called
    DATA: Array
(
    [job_id] => 17e76a58-a82c-4b0c-a0cb-ff02c714db1a
)

[2026-01-15 17:02:15] [24 MB] [chunked_processor] Transient lookup result
    DATA: Array
(
    [option_name] => speed_backups_job_17e76a58-a82c-4b0c-a0cb-ff02c714db1a
    [found] => YES
)

[2026-01-15 17:02:15] [24 MB] [chunked_processor] Job retrieved successfully
    DATA: Array
(
    [status] => running
    [type] => backup
)

[2026-01-15 17:02:15] [24 MB] [chunked_processor] get_job called
    DATA: Array
(
    [job_id] => 17e76a58-a82c-4b0c-a0cb-ff02c714db1a
)

[2026-01-15 17:02:15] [24 MB] [chunked_processor] Transient lookup result
    DATA: Array
(
    [option_name] => speed_backups_job_17e76a58-a82c-4b0c-a0cb-ff02c714db1a
    [found] => YES
)

[2026-01-15 17:02:15] [24 MB] [chunked_processor] Job retrieved successfully
    DATA: Array
(
    [status] => running
    [type] => backup
)

[2026-01-15 17:02:15] [24 MB] [chunked_processor] save_job called
    DATA: Array
(
    [job_id] => 17e76a58-a82c-4b0c-a0cb-ff02c714db1a
    [status] => running
)

[2026-01-15 17:02:15] [24 MB] [chunked_processor] Transient save result
    DATA: Array
(
    [option_name] => speed_backups_job_17e76a58-a82c-4b0c-a0cb-ff02c714db1a
    [success] => YES
)

[2026-01-15 17:02:15] [24 MB] [chunked_processor] Option save result
    DATA: Array
(
    [option_name] => speed_backups_job_17e76a58-a82c-4b0c-a0cb-ff02c714db1a
    [success] => YES
)

[2026-01-15 17:02:15] [24 MB] [chunked_processor] Save verification (direct DB)
    DATA: Array
(
    [verified] => YES
)

[2026-01-15 17:02:15] [24 MB] [chunked_processor] get_job called
    DATA: Array
(
    [job_id] => 17e76a58-a82c-4b0c-a0cb-ff02c714db1a
)

[2026-01-15 17:02:15] [24 MB] [chunked_processor] Transient lookup result
    DATA: Array
(
    [option_name] => speed_backups_job_17e76a58-a82c-4b0c-a0cb-ff02c714db1a
    [found] => YES
)

[2026-01-15 17:02:15] [24 MB] [chunked_processor] Job retrieved successfully
    DATA: Array
(
    [status] => running
    [type] => backup
)

[2026-01-15 17:02:15] [24 MB] [chunked_processor] save_job called
    DATA: Array
(
    [job_id] => 17e76a58-a82c-4b0c-a0cb-ff02c714db1a
    [status] => running
)

[2026-01-15 17:02:15] [24 MB] [chunked_processor] Transient save result
    DATA: Array
(
    [option_name] => speed_backups_job_17e76a58-a82c-4b0c-a0cb-ff02c714db1a
    [success] => YES
)

[2026-01-15 17:02:15] [24 MB] [chunked_processor] Option save result
    DATA: Array
(
    [option_name] => speed_backups_job_17e76a58-a82c-4b0c-a0cb-ff02c714db1a
    [success] => YES
)

[2026-01-15 17:02:15] [24 MB] [chunked_processor] Save verification (direct DB)
    DATA: Array
(
    [verified] => YES
)

[2026-01-15 17:02:15] [24 MB] [chunked_processor] get_job called
    DATA: Array
(
    [job_id] => 17e76a58-a82c-4b0c-a0cb-ff02c714db1a
)

[2026-01-15 17:02:15] [24 MB] [chunked_processor] Transient lookup result
    DATA: Array
(
    [option_name] => speed_backups_job_17e76a58-a82c-4b0c-a0cb-ff02c714db1a
    [found] => YES
)

[2026-01-15 17:02:15] [24 MB] [chunked_processor] Job retrieved successfully
    DATA: Array
(
    [status] => running
    [type] => backup
)

[2026-01-15 17:02:15] [24 MB] [chunked_processor] get_job called
    DATA: Array
(
    [job_id] => 17e76a58-a82c-4b0c-a0cb-ff02c714db1a
)

[2026-01-15 17:02:15] [24 MB] [chunked_processor] Transient lookup result
    DATA: Array
(
    [option_name] => speed_backups_job_17e76a58-a82c-4b0c-a0cb-ff02c714db1a
    [found] => YES
)

[2026-01-15 17:02:15] [24 MB] [chunked_processor] Job retrieved successfully
    DATA: Array
(
    [status] => running
    [type] => backup
)

[2026-01-15 17:02:16] [22 MB] [ERROR_HANDLER] PHP error handlers registered
[2026-01-15 17:02:16] [22 MB] [chunked_processor] get_job called
    DATA: Array
(
    [job_id] => 17e76a58-a82c-4b0c-a0cb-ff02c714db1a
)

[2026-01-15 17:02:16] [22 MB] [chunked_processor] Transient lookup result
    DATA: Array
(
    [option_name] => speed_backups_job_17e76a58-a82c-4b0c-a0cb-ff02c714db1a
    [found] => YES
)

[2026-01-15 17:02:16] [22 MB] [chunked_processor] Job retrieved successfully
    DATA: Array
(
    [status] => running
    [type] => backup
)

[2026-01-15 17:02:16] [22 MB] [chunked_processor] get_job called
    DATA: Array
(
    [job_id] => 17e76a58-a82c-4b0c-a0cb-ff02c714db1a
)

[2026-01-15 17:02:16] [22 MB] [chunked_processor] Transient lookup result
    DATA: Array
(
    [option_name] => speed_backups_job_17e76a58-a82c-4b0c-a0cb-ff02c714db1a
    [found] => YES
)

[2026-01-15 17:02:16] [22 MB] [chunked_processor] Job retrieved successfully
    DATA: Array
(
    [status] => running
    [type] => backup
)

[2026-01-15 17:02:16] [22 MB] [chunked_processor] get_job called
    DATA: Array
(
    [job_id] => 17e76a58-a82c-4b0c-a0cb-ff02c714db1a
)

[2026-01-15 17:02:16] [22 MB] [chunked_processor] Transient lookup result
    DATA: Array
(
    [option_name] => speed_backups_job_17e76a58-a82c-4b0c-a0cb-ff02c714db1a
    [found] => YES
)

[2026-01-15 17:02:16] [22 MB] [chunked_processor] Job retrieved successfully
    DATA: Array
(
    [status] => running
    [type] => backup
)

[2026-01-15 17:02:16] [22 MB] [chunked_processor] save_job called
    DATA: Array
(
    [job_id] => 17e76a58-a82c-4b0c-a0cb-ff02c714db1a
    [status] => running
)

[2026-01-15 17:02:16] [22 MB] [chunked_processor] Transient save result
    DATA: Array
(
    [option_name] => speed_backups_job_17e76a58-a82c-4b0c-a0cb-ff02c714db1a
    [success] => YES
)

[2026-01-15 17:02:16] [22 MB] [chunked_processor] Option save result
    DATA: Array
(
    [option_name] => speed_backups_job_17e76a58-a82c-4b0c-a0cb-ff02c714db1a
    [success] => YES
)

[2026-01-15 17:02:16] [22 MB] [chunked_processor] Save verification (direct DB)
    DATA: Array
(
    [verified] => YES
)

[2026-01-15 17:02:16] [22 MB] [chunked_processor] get_job called
    DATA: Array
(
    [job_id] => 17e76a58-a82c-4b0c-a0cb-ff02c714db1a
)

[2026-01-15 17:02:16] [22 MB] [chunked_processor] Transient lookup result
    DATA: Array
(
    [option_name] => speed_backups_job_17e76a58-a82c-4b0c-a0cb-ff02c714db1a
    [found] => YES
)

[2026-01-15 17:02:16] [22 MB] [chunked_processor] Job retrieved successfully
    DATA: Array
(
    [status] => running
    [type] => backup
)

[2026-01-15 17:02:16] [22 MB] [chunked_processor] save_job called
    DATA: Array
(
    [job_id] => 17e76a58-a82c-4b0c-a0cb-ff02c714db1a
    [status] => running
)

[2026-01-15 17:02:16] [22 MB] [chunked_processor] Transient save result
    DATA: Array
(
    [option_name] => speed_backups_job_17e76a58-a82c-4b0c-a0cb-ff02c714db1a
    [success] => YES
)

[2026-01-15 17:02:16] [22 MB] [chunked_processor] Option save result
    DATA: Array
(
    [option_name] => speed_backups_job_17e76a58-a82c-4b0c-a0cb-ff02c714db1a
    [success] => YES
)

[2026-01-15 17:02:16] [22 MB] [chunked_processor] Save verification (direct DB)
    DATA: Array
(
    [verified] => YES
)

[2026-01-15 17:02:16] [22 MB] [chunked_processor] get_job called
    DATA: Array
(
    [job_id] => 17e76a58-a82c-4b0c-a0cb-ff02c714db1a
)

[2026-01-15 17:02:16] [22 MB] [chunked_processor] Transient lookup result
    DATA: Array
(
    [option_name] => speed_backups_job_17e76a58-a82c-4b0c-a0cb-ff02c714db1a
    [found] => YES
)

[2026-01-15 17:02:16] [22 MB] [chunked_processor] Job retrieved successfully
    DATA: Array
(
    [status] => running
    [type] => backup
)

[2026-01-15 17:02:16] [22 MB] [chunked_processor] get_job called
    DATA: Array
(
    [job_id] => 17e76a58-a82c-4b0c-a0cb-ff02c714db1a
)

[2026-01-15 17:02:16] [22 MB] [chunked_processor] Transient lookup result
    DATA: Array
(
    [option_name] => speed_backups_job_17e76a58-a82c-4b0c-a0cb-ff02c714db1a
    [found] => YES
)

[2026-01-15 17:02:16] [22 MB] [chunked_processor] Job retrieved successfully
    DATA: Array
(
    [status] => running
    [type] => backup
)

[2026-01-15 17:02:17] [20 MB] [ERROR_HANDLER] PHP error handlers registered
[2026-01-15 17:02:17] [20 MB] [chunked_processor] get_job called
    DATA: Array
(
    [job_id] => 17e76a58-a82c-4b0c-a0cb-ff02c714db1a
)

[2026-01-15 17:02:17] [20 MB] [chunked_processor] Transient lookup result
    DATA: Array
(
    [option_name] => speed_backups_job_17e76a58-a82c-4b0c-a0cb-ff02c714db1a
    [found] => YES
)

[2026-01-15 17:02:17] [20 MB] [chunked_processor] Job retrieved successfully
    DATA: Array
(
    [status] => running
    [type] => backup
)

[2026-01-15 17:02:17] [20 MB] [chunked_processor] get_job called
    DATA: Array
(
    [job_id] => 17e76a58-a82c-4b0c-a0cb-ff02c714db1a
)

[2026-01-15 17:02:17] [20 MB] [chunked_processor] Transient lookup result
    DATA: Array
(
    [option_name] => speed_backups_job_17e76a58-a82c-4b0c-a0cb-ff02c714db1a
    [found] => YES
)

[2026-01-15 17:02:17] [20 MB] [chunked_processor] Job retrieved successfully
    DATA: Array
(
    [status] => running
    [type] => backup
)

[2026-01-15 17:02:17] [20 MB] [chunked_processor] get_job called
    DATA: Array
(
    [job_id] => 17e76a58-a82c-4b0c-a0cb-ff02c714db1a
)

[2026-01-15 17:02:17] [20 MB] [chunked_processor] Transient lookup result
    DATA: Array
(
    [option_name] => speed_backups_job_17e76a58-a82c-4b0c-a0cb-ff02c714db1a
    [found] => YES
)

[2026-01-15 17:02:17] [20 MB] [chunked_processor] Job retrieved successfully
    DATA: Array
(
    [status] => running
    [type] => backup
)

[2026-01-15 17:02:17] [20 MB] [chunked_processor] save_job called
    DATA: Array
(
    [job_id] => 17e76a58-a82c-4b0c-a0cb-ff02c714db1a
    [status] => running
)

[2026-01-15 17:02:17] [20 MB] [chunked_processor] Transient save result
    DATA: Array
(
    [option_name] => speed_backups_job_17e76a58-a82c-4b0c-a0cb-ff02c714db1a
    [success] => YES
)

[2026-01-15 17:02:17] [20 MB] [chunked_processor] Option save result
    DATA: Array
(
    [option_name] => speed_backups_job_17e76a58-a82c-4b0c-a0cb-ff02c714db1a
    [success] => YES
)

[2026-01-15 17:02:17] [20 MB] [chunked_processor] Save verification (direct DB)
    DATA: Array
(
    [verified] => YES
)

[2026-01-15 17:02:18] [22 MB] [chunked_processor] get_job called
    DATA: Array
(
    [job_id] => 17e76a58-a82c-4b0c-a0cb-ff02c714db1a
)

[2026-01-15 17:02:18] [22 MB] [chunked_processor] Transient lookup result
    DATA: Array
(
    [option_name] => speed_backups_job_17e76a58-a82c-4b0c-a0cb-ff02c714db1a
    [found] => YES
)

[2026-01-15 17:02:18] [22 MB] [chunked_processor] Job retrieved successfully
    DATA: Array
(
    [status] => running
    [type] => backup
)

[2026-01-15 17:02:18] [22 MB] [chunked_processor] save_job called
    DATA: Array
(
    [job_id] => 17e76a58-a82c-4b0c-a0cb-ff02c714db1a
    [status] => running
)

[2026-01-15 17:02:18] [22 MB] [chunked_processor] Transient save result
    DATA: Array
(
    [option_name] => speed_backups_job_17e76a58-a82c-4b0c-a0cb-ff02c714db1a
    [success] => YES
)

[2026-01-15 17:02:18] [22 MB] [chunked_processor] Option save result
    DATA: Array
(
    [option_name] => speed_backups_job_17e76a58-a82c-4b0c-a0cb-ff02c714db1a
    [success] => YES
)

[2026-01-15 17:02:18] [22 MB] [chunked_processor] Save verification (direct DB)
    DATA: Array
(
    [verified] => YES
)

[2026-01-15 17:02:18] [22 MB] [chunked_processor] get_job called
    DATA: Array
(
    [job_id] => 17e76a58-a82c-4b0c-a0cb-ff02c714db1a
)

[2026-01-15 17:02:18] [22 MB] [chunked_processor] Transient lookup result
    DATA: Array
(
    [option_name] => speed_backups_job_17e76a58-a82c-4b0c-a0cb-ff02c714db1a
    [found] => YES
)

[2026-01-15 17:02:18] [22 MB] [chunked_processor] Job retrieved successfully
    DATA: Array
(
    [status] => running
    [type] => backup
)

[2026-01-15 17:02:18] [22 MB] [chunked_processor] get_job called
    DATA: Array
(
    [job_id] => 17e76a58-a82c-4b0c-a0cb-ff02c714db1a
)

[2026-01-15 17:02:18] [22 MB] [chunked_processor] Transient lookup result
    DATA: Array
(
    [option_name] => speed_backups_job_17e76a58-a82c-4b0c-a0cb-ff02c714db1a
    [found] => YES
)

[2026-01-15 17:02:18] [22 MB] [chunked_processor] Job retrieved successfully
    DATA: Array
(
    [status] => running
    [type] => backup
)

[2026-01-15 17:02:18] [22 MB] [ERROR_HANDLER] PHP error handlers registered
[2026-01-15 17:02:18] [22 MB] [chunked_processor] get_job called
    DATA: Array
(
    [job_id] => 17e76a58-a82c-4b0c-a0cb-ff02c714db1a
)

[2026-01-15 17:02:18] [22 MB] [chunked_processor] Transient lookup result
    DATA: Array
(
    [option_name] => speed_backups_job_17e76a58-a82c-4b0c-a0cb-ff02c714db1a
    [found] => YES
)

[2026-01-15 17:02:18] [22 MB] [chunked_processor] Job retrieved successfully
    DATA: Array
(
    [status] => running
    [type] => backup
)

[2026-01-15 17:02:18] [22 MB] [chunked_processor] get_job called
    DATA: Array
(
    [job_id] => 17e76a58-a82c-4b0c-a0cb-ff02c714db1a
)

[2026-01-15 17:02:18] [22 MB] [chunked_processor] Transient lookup result
    DATA: Array
(
    [option_name] => speed_backups_job_17e76a58-a82c-4b0c-a0cb-ff02c714db1a
    [found] => YES
)

[2026-01-15 17:02:18] [22 MB] [chunked_processor] Job retrieved successfully
    DATA: Array
(
    [status] => running
    [type] => backup
)

[2026-01-15 17:02:19] [22 MB] [chunked_processor] get_job called
    DATA: Array
(
    [job_id] => 17e76a58-a82c-4b0c-a0cb-ff02c714db1a
)

[2026-01-15 17:02:19] [22 MB] [chunked_processor] Transient lookup result
    DATA: Array
(
    [option_name] => speed_backups_job_17e76a58-a82c-4b0c-a0cb-ff02c714db1a
    [found] => YES
)

[2026-01-15 17:02:19] [22 MB] [chunked_processor] Job retrieved successfully
    DATA: Array
(
    [status] => running
    [type] => backup
)

[2026-01-15 17:02:19] [22 MB] [chunked_processor] save_job called
    DATA: Array
(
    [job_id] => 17e76a58-a82c-4b0c-a0cb-ff02c714db1a
    [status] => running
)

[2026-01-15 17:02:19] [22 MB] [chunked_processor] Transient save result
    DATA: Array
(
    [option_name] => speed_backups_job_17e76a58-a82c-4b0c-a0cb-ff02c714db1a
    [success] => YES
)

[2026-01-15 17:02:19] [22 MB] [chunked_processor] Option save result
    DATA: Array
(
    [option_name] => speed_backups_job_17e76a58-a82c-4b0c-a0cb-ff02c714db1a
    [success] => YES
)

[2026-01-15 17:02:19] [22 MB] [chunked_processor] Save verification (direct DB)
    DATA: Array
(
    [verified] => YES
)

[2026-01-15 17:02:19] [22 MB] [chunked_processor] get_job called
    DATA: Array
(
    [job_id] => 17e76a58-a82c-4b0c-a0cb-ff02c714db1a
)

[2026-01-15 17:02:19] [22 MB] [chunked_processor] Transient lookup result
    DATA: Array
(
    [option_name] => speed_backups_job_17e76a58-a82c-4b0c-a0cb-ff02c714db1a
    [found] => YES
)

[2026-01-15 17:02:19] [22 MB] [chunked_processor] Job retrieved successfully
    DATA: Array
(
    [status] => running
    [type] => backup
)

[2026-01-15 17:02:19] [22 MB] [chunked_processor] save_job called
    DATA: Array
(
    [job_id] => 17e76a58-a82c-4b0c-a0cb-ff02c714db1a
    [status] => running
)

[2026-01-15 17:02:19] [22 MB] [chunked_processor] Transient save result
    DATA: Array
(
    [option_name] => speed_backups_job_17e76a58-a82c-4b0c-a0cb-ff02c714db1a
    [success] => YES
)

[2026-01-15 17:02:20] [22 MB] [chunked_processor] Option save result
    DATA: Array
(
    [option_name] => speed_backups_job_17e76a58-a82c-4b0c-a0cb-ff02c714db1a
    [success] => YES
)

[2026-01-15 17:02:20] [22 MB] [chunked_processor] Save verification (direct DB)
    DATA: Array
(
    [verified] => YES
)

[2026-01-15 17:02:20] [22 MB] [chunked_processor] get_job called
    DATA: Array
(
    [job_id] => 17e76a58-a82c-4b0c-a0cb-ff02c714db1a
)

[2026-01-15 17:02:20] [22 MB] [chunked_processor] Transient lookup result
    DATA: Array
(
    [option_name] => speed_backups_job_17e76a58-a82c-4b0c-a0cb-ff02c714db1a
    [found] => YES
)

[2026-01-15 17:02:20] [22 MB] [chunked_processor] Job retrieved successfully
    DATA: Array
(
    [status] => running
    [type] => backup
)

[2026-01-15 17:02:20] [22 MB] [chunked_processor] get_job called
    DATA: Array
(
    [job_id] => 17e76a58-a82c-4b0c-a0cb-ff02c714db1a
)

[2026-01-15 17:02:20] [22 MB] [chunked_processor] Transient lookup result
    DATA: Array
(
    [option_name] => speed_backups_job_17e76a58-a82c-4b0c-a0cb-ff02c714db1a
    [found] => YES
)

[2026-01-15 17:02:20] [22 MB] [chunked_processor] Job retrieved successfully
    DATA: Array
(
    [status] => running
    [type] => backup
)

[2026-01-15 17:02:20] [22 MB] [ERROR_HANDLER] PHP error handlers registered
[2026-01-15 17:02:20] [22 MB] [chunked_processor] get_job called
    DATA: Array
(
    [job_id] => 17e76a58-a82c-4b0c-a0cb-ff02c714db1a
)

[2026-01-15 17:02:20] [22 MB] [chunked_processor] Transient lookup result
    DATA: Array
(
    [option_name] => speed_backups_job_17e76a58-a82c-4b0c-a0cb-ff02c714db1a
    [found] => YES
)

[2026-01-15 17:02:20] [22 MB] [chunked_processor] Job retrieved successfully
    DATA: Array
(
    [status] => running
    [type] => backup
)

[2026-01-15 17:02:20] [22 MB] [chunked_processor] get_job called
    DATA: Array
(
    [job_id] => 17e76a58-a82c-4b0c-a0cb-ff02c714db1a
)

[2026-01-15 17:02:20] [22 MB] [chunked_processor] Transient lookup result
    DATA: Array
(
    [option_name] => speed_backups_job_17e76a58-a82c-4b0c-a0cb-ff02c714db1a
    [found] => YES
)

[2026-01-15 17:02:20] [22 MB] [chunked_processor] Job retrieved successfully
    DATA: Array
(
    [status] => running
    [type] => backup
)

[2026-01-15 17:02:20] [22 MB] [chunked_processor] get_job called
    DATA: Array
(
    [job_id] => 17e76a58-a82c-4b0c-a0cb-ff02c714db1a
)

[2026-01-15 17:02:20] [22 MB] [chunked_processor] Transient lookup result
    DATA: Array
(
    [option_name] => speed_backups_job_17e76a58-a82c-4b0c-a0cb-ff02c714db1a
    [found] => YES
)

[2026-01-15 17:02:20] [22 MB] [chunked_processor] Job retrieved successfully
    DATA: Array
(
    [status] => running
    [type] => backup
)

[2026-01-15 17:02:20] [22 MB] [chunked_processor] save_job called
    DATA: Array
(
    [job_id] => 17e76a58-a82c-4b0c-a0cb-ff02c714db1a
    [status] => running
)

[2026-01-15 17:02:20] [22 MB] [chunked_processor] Transient save result
    DATA: Array
(
    [option_name] => speed_backups_job_17e76a58-a82c-4b0c-a0cb-ff02c714db1a
    [success] => YES
)

[2026-01-15 17:02:20] [22 MB] [chunked_processor] Option save result
    DATA: Array
(
    [option_name] => speed_backups_job_17e76a58-a82c-4b0c-a0cb-ff02c714db1a
    [success] => YES
)

[2026-01-15 17:02:20] [22 MB] [chunked_processor] Save verification (direct DB)
    DATA: Array
(
    [verified] => YES
)

[2026-01-15 17:02:21] [22 MB] [chunked_processor] get_job called
    DATA: Array
(
    [job_id] => 17e76a58-a82c-4b0c-a0cb-ff02c714db1a
)

[2026-01-15 17:02:21] [22 MB] [chunked_processor] Transient lookup result
    DATA: Array
(
    [option_name] => speed_backups_job_17e76a58-a82c-4b0c-a0cb-ff02c714db1a
    [found] => YES
)

[2026-01-15 17:02:21] [22 MB] [chunked_processor] Job retrieved successfully
    DATA: Array
(
    [status] => running
    [type] => backup
)

[2026-01-15 17:02:21] [22 MB] [chunked_processor] save_job called
    DATA: Array
(
    [job_id] => 17e76a58-a82c-4b0c-a0cb-ff02c714db1a
    [status] => running
)

[2026-01-15 17:02:21] [22 MB] [chunked_processor] Transient save result
    DATA: Array
(
    [option_name] => speed_backups_job_17e76a58-a82c-4b0c-a0cb-ff02c714db1a
    [success] => YES
)

[2026-01-15 17:02:21] [22 MB] [chunked_processor] Option save result
    DATA: Array
(
    [option_name] => speed_backups_job_17e76a58-a82c-4b0c-a0cb-ff02c714db1a
    [success] => YES
)

[2026-01-15 17:02:21] [22 MB] [chunked_processor] Save verification (direct DB)
    DATA: Array
(
    [verified] => YES
)

[2026-01-15 17:02:21] [22 MB] [chunked_processor] get_job called
    DATA: Array
(
    [job_id] => 17e76a58-a82c-4b0c-a0cb-ff02c714db1a
)

[2026-01-15 17:02:21] [22 MB] [chunked_processor] Transient lookup result
    DATA: Array
(
    [option_name] => speed_backups_job_17e76a58-a82c-4b0c-a0cb-ff02c714db1a
    [found] => YES
)

[2026-01-15 17:02:21] [22 MB] [chunked_processor] Job retrieved successfully
    DATA: Array
(
    [status] => running
    [type] => backup
)

[2026-01-15 17:02:21] [22 MB] [chunked_processor] get_job called
    DATA: Array
(
    [job_id] => 17e76a58-a82c-4b0c-a0cb-ff02c714db1a
)

[2026-01-15 17:02:21] [22 MB] [chunked_processor] Transient lookup result
    DATA: Array
(
    [option_name] => speed_backups_job_17e76a58-a82c-4b0c-a0cb-ff02c714db1a
    [found] => YES
)

[2026-01-15 17:02:21] [22 MB] [chunked_processor] Job retrieved successfully
    DATA: Array
(
    [status] => running
    [type] => backup
)

[2026-01-15 17:02:21] [22 MB] [ERROR_HANDLER] PHP error handlers registered
[2026-01-15 17:02:21] [22 MB] [chunked_processor] get_job called
    DATA: Array
(
    [job_id] => 17e76a58-a82c-4b0c-a0cb-ff02c714db1a
)

[2026-01-15 17:02:21] [22 MB] [chunked_processor] Transient lookup result
    DATA: Array
(
    [option_name] => speed_backups_job_17e76a58-a82c-4b0c-a0cb-ff02c714db1a
    [found] => YES
)

[2026-01-15 17:02:21] [22 MB] [chunked_processor] Job retrieved successfully
    DATA: Array
(
    [status] => running
    [type] => backup
)

[2026-01-15 17:02:21] [22 MB] [chunked_processor] get_job called
    DATA: Array
(
    [job_id] => 17e76a58-a82c-4b0c-a0cb-ff02c714db1a
)

[2026-01-15 17:02:21] [22 MB] [chunked_processor] Transient lookup result
    DATA: Array
(
    [option_name] => speed_backups_job_17e76a58-a82c-4b0c-a0cb-ff02c714db1a
    [found] => YES
)

[2026-01-15 17:02:21] [22 MB] [chunked_processor] Job retrieved successfully
    DATA: Array
(
    [status] => running
    [type] => backup
)

[2026-01-15 17:02:21] [22 MB] [chunked_processor] get_job called
    DATA: Array
(
    [job_id] => 17e76a58-a82c-4b0c-a0cb-ff02c714db1a
)

[2026-01-15 17:02:21] [22 MB] [chunked_processor] Transient lookup result
    DATA: Array
(
    [option_name] => speed_backups_job_17e76a58-a82c-4b0c-a0cb-ff02c714db1a
    [found] => YES
)

[2026-01-15 17:02:21] [22 MB] [chunked_processor] Job retrieved successfully
    DATA: Array
(
    [status] => running
    [type] => backup
)

[2026-01-15 17:02:21] [22 MB] [chunked_processor] save_job called
    DATA: Array
(
    [job_id] => 17e76a58-a82c-4b0c-a0cb-ff02c714db1a
    [status] => running
)

[2026-01-15 17:02:21] [22 MB] [chunked_processor] Transient save result
    DATA: Array
(
    [option_name] => speed_backups_job_17e76a58-a82c-4b0c-a0cb-ff02c714db1a
    [success] => YES
)

[2026-01-15 17:02:21] [22 MB] [chunked_processor] Option save result
    DATA: Array
(
    [option_name] => speed_backups_job_17e76a58-a82c-4b0c-a0cb-ff02c714db1a
    [success] => YES
)

[2026-01-15 17:02:21] [22 MB] [chunked_processor] Save verification (direct DB)
    DATA: Array
(
    [verified] => YES
)

[2026-01-15 17:02:22] [22 MB] [chunked_processor] get_job called
    DATA: Array
(
    [job_id] => 17e76a58-a82c-4b0c-a0cb-ff02c714db1a
)

[2026-01-15 17:02:22] [22 MB] [chunked_processor] Transient lookup result
    DATA: Array
(
    [option_name] => speed_backups_job_17e76a58-a82c-4b0c-a0cb-ff02c714db1a
    [found] => YES
)

[2026-01-15 17:02:22] [22 MB] [chunked_processor] Job retrieved successfully
    DATA: Array
(
    [status] => running
    [type] => backup
)

[2026-01-15 17:02:22] [22 MB] [chunked_processor] save_job called
    DATA: Array
(
    [job_id] => 17e76a58-a82c-4b0c-a0cb-ff02c714db1a
    [status] => running
)

[2026-01-15 17:02:22] [22 MB] [chunked_processor] Transient save result
    DATA: Array
(
    [option_name] => speed_backups_job_17e76a58-a82c-4b0c-a0cb-ff02c714db1a
    [success] => YES
)

[2026-01-15 17:02:22] [22 MB] [chunked_processor] Option save result
    DATA: Array
(
    [option_name] => speed_backups_job_17e76a58-a82c-4b0c-a0cb-ff02c714db1a
    [success] => YES
)

[2026-01-15 17:02:22] [22 MB] [chunked_processor] Save verification (direct DB)
    DATA: Array
(
    [verified] => YES
)

[2026-01-15 17:02:22] [22 MB] [chunked_processor] get_job called
    DATA: Array
(
    [job_id] => 17e76a58-a82c-4b0c-a0cb-ff02c714db1a
)

[2026-01-15 17:02:22] [22 MB] [chunked_processor] Transient lookup result
    DATA: Array
(
    [option_name] => speed_backups_job_17e76a58-a82c-4b0c-a0cb-ff02c714db1a
    [found] => YES
)

[2026-01-15 17:02:22] [22 MB] [chunked_processor] Job retrieved successfully
    DATA: Array
(
    [status] => running
    [type] => backup
)

[2026-01-15 17:02:22] [22 MB] [chunked_processor] get_job called
    DATA: Array
(
    [job_id] => 17e76a58-a82c-4b0c-a0cb-ff02c714db1a
)

[2026-01-15 17:02:22] [22 MB] [chunked_processor] Transient lookup result
    DATA: Array
(
    [option_name] => speed_backups_job_17e76a58-a82c-4b0c-a0cb-ff02c714db1a
    [found] => YES
)

[2026-01-15 17:02:22] [22 MB] [chunked_processor] Job retrieved successfully
    DATA: Array
(
    [status] => running
    [type] => backup
)

[2026-01-15 17:02:22] [22 MB] [ERROR_HANDLER] PHP error handlers registered
[2026-01-15 17:02:22] [22 MB] [chunked_processor] get_job called
    DATA: Array
(
    [job_id] => 17e76a58-a82c-4b0c-a0cb-ff02c714db1a
)

[2026-01-15 17:02:22] [22 MB] [chunked_processor] Transient lookup result
    DATA: Array
(
    [option_name] => speed_backups_job_17e76a58-a82c-4b0c-a0cb-ff02c714db1a
    [found] => YES
)

[2026-01-15 17:02:22] [22 MB] [chunked_processor] Job retrieved successfully
    DATA: Array
(
    [status] => running
    [type] => backup
)

[2026-01-15 17:02:22] [22 MB] [chunked_processor] get_job called
    DATA: Array
(
    [job_id] => 17e76a58-a82c-4b0c-a0cb-ff02c714db1a
)

[2026-01-15 17:02:22] [22 MB] [chunked_processor] Transient lookup result
    DATA: Array
(
    [option_name] => speed_backups_job_17e76a58-a82c-4b0c-a0cb-ff02c714db1a
    [found] => YES
)

[2026-01-15 17:02:22] [22 MB] [chunked_processor] Job retrieved successfully
    DATA: Array
(
    [status] => running
    [type] => backup
)

[2026-01-15 17:02:22] [22 MB] [chunked_processor] get_job called
    DATA: Array
(
    [job_id] => 17e76a58-a82c-4b0c-a0cb-ff02c714db1a
)

[2026-01-15 17:02:22] [22 MB] [chunked_processor] Transient lookup result
    DATA: Array
(
    [option_name] => speed_backups_job_17e76a58-a82c-4b0c-a0cb-ff02c714db1a
    [found] => YES
)

[2026-01-15 17:02:22] [22 MB] [chunked_processor] Job retrieved successfully
    DATA: Array
(
    [status] => running
    [type] => backup
)

[2026-01-15 17:02:22] [22 MB] [chunked_processor] save_job called
    DATA: Array
(
    [job_id] => 17e76a58-a82c-4b0c-a0cb-ff02c714db1a
    [status] => running
)

[2026-01-15 17:02:22] [22 MB] [chunked_processor] Transient save result
    DATA: Array
(
    [option_name] => speed_backups_job_17e76a58-a82c-4b0c-a0cb-ff02c714db1a
    [success] => YES
)

[2026-01-15 17:02:22] [22 MB] [chunked_processor] Option save result
    DATA: Array
(
    [option_name] => speed_backups_job_17e76a58-a82c-4b0c-a0cb-ff02c714db1a
    [success] => YES
)

[2026-01-15 17:02:22] [22 MB] [chunked_processor] Save verification (direct DB)
    DATA: Array
(
    [verified] => YES
)

[2026-01-15 17:02:23] [22 MB] [chunked_processor] get_job called
    DATA: Array
(
    [job_id] => 17e76a58-a82c-4b0c-a0cb-ff02c714db1a
)

[2026-01-15 17:02:23] [22 MB] [chunked_processor] Transient lookup result
    DATA: Array
(
    [option_name] => speed_backups_job_17e76a58-a82c-4b0c-a0cb-ff02c714db1a
    [found] => YES
)

[2026-01-15 17:02:23] [22 MB] [chunked_processor] Job retrieved successfully
    DATA: Array
(
    [status] => running
    [type] => backup
)

[2026-01-15 17:02:23] [22 MB] [chunked_processor] save_job called
    DATA: Array
(
    [job_id] => 17e76a58-a82c-4b0c-a0cb-ff02c714db1a
    [status] => running
)

[2026-01-15 17:02:23] [22 MB] [chunked_processor] Transient save result
    DATA: Array
(
    [option_name] => speed_backups_job_17e76a58-a82c-4b0c-a0cb-ff02c714db1a
    [success] => YES
)

[2026-01-15 17:02:23] [22 MB] [chunked_processor] Option save result
    DATA: Array
(
    [option_name] => speed_backups_job_17e76a58-a82c-4b0c-a0cb-ff02c714db1a
    [success] => YES
)

[2026-01-15 17:02:23] [22 MB] [chunked_processor] Save verification (direct DB)
    DATA: Array
(
    [verified] => YES
)

[2026-01-15 17:02:23] [22 MB] [chunked_processor] get_job called
    DATA: Array
(
    [job_id] => 17e76a58-a82c-4b0c-a0cb-ff02c714db1a
)

[2026-01-15 17:02:23] [22 MB] [chunked_processor] Transient lookup result
    DATA: Array
(
    [option_name] => speed_backups_job_17e76a58-a82c-4b0c-a0cb-ff02c714db1a
    [found] => YES
)

[2026-01-15 17:02:23] [22 MB] [chunked_processor] Job retrieved successfully
    DATA: Array
(
    [status] => running
    [type] => backup
)

[2026-01-15 17:02:23] [22 MB] [chunked_processor] get_job called
    DATA: Array
(
    [job_id] => 17e76a58-a82c-4b0c-a0cb-ff02c714db1a
)

[2026-01-15 17:02:23] [22 MB] [chunked_processor] Transient lookup result
    DATA: Array
(
    [option_name] => speed_backups_job_17e76a58-a82c-4b0c-a0cb-ff02c714db1a
    [found] => YES
)

[2026-01-15 17:02:23] [22 MB] [chunked_processor] Job retrieved successfully
    DATA: Array
(
    [status] => running
    [type] => backup
)

[2026-01-15 17:02:24] [22 MB] [ERROR_HANDLER] PHP error handlers registered
[2026-01-15 17:02:24] [22 MB] [chunked_processor] get_job called
    DATA: Array
(
    [job_id] => 17e76a58-a82c-4b0c-a0cb-ff02c714db1a
)

[2026-01-15 17:02:24] [22 MB] [chunked_processor] Transient lookup result
    DATA: Array
(
    [option_name] => speed_backups_job_17e76a58-a82c-4b0c-a0cb-ff02c714db1a
    [found] => YES
)

[2026-01-15 17:02:24] [22 MB] [chunked_processor] Job retrieved successfully
    DATA: Array
(
    [status] => running
    [type] => backup
)

[2026-01-15 17:02:24] [22 MB] [chunked_processor] get_job called
    DATA: Array
(
    [job_id] => 17e76a58-a82c-4b0c-a0cb-ff02c714db1a
)

[2026-01-15 17:02:24] [22 MB] [chunked_processor] Transient lookup result
    DATA: Array
(
    [option_name] => speed_backups_job_17e76a58-a82c-4b0c-a0cb-ff02c714db1a
    [found] => YES
)

[2026-01-15 17:02:24] [22 MB] [chunked_processor] Job retrieved successfully
    DATA: Array
(
    [status] => running
    [type] => backup
)

[2026-01-15 17:02:24] [22 MB] [chunked_processor] get_job called
    DATA: Array
(
    [job_id] => 17e76a58-a82c-4b0c-a0cb-ff02c714db1a
)

[2026-01-15 17:02:24] [22 MB] [chunked_processor] Transient lookup result
    DATA: Array
(
    [option_name] => speed_backups_job_17e76a58-a82c-4b0c-a0cb-ff02c714db1a
    [found] => YES
)

[2026-01-15 17:02:24] [22 MB] [chunked_processor] Job retrieved successfully
    DATA: Array
(
    [status] => running
    [type] => backup
)

[2026-01-15 17:02:24] [22 MB] [chunked_processor] save_job called
    DATA: Array
(
    [job_id] => 17e76a58-a82c-4b0c-a0cb-ff02c714db1a
    [status] => running
)

[2026-01-15 17:02:24] [22 MB] [chunked_processor] Transient save result
    DATA: Array
(
    [option_name] => speed_backups_job_17e76a58-a82c-4b0c-a0cb-ff02c714db1a
    [success] => YES
)

[2026-01-15 17:02:24] [22 MB] [chunked_processor] Option save result
    DATA: Array
(
    [option_name] => speed_backups_job_17e76a58-a82c-4b0c-a0cb-ff02c714db1a
    [success] => YES
)

[2026-01-15 17:02:24] [22 MB] [chunked_processor] Save verification (direct DB)
    DATA: Array
(
    [verified] => YES
)

[2026-01-15 17:02:24] [22 MB] [ERROR_HANDLER] PHP error handlers registered
[2026-01-15 17:02:25] [24 MB] [chunked_processor] get_job called
    DATA: Array
(
    [job_id] => 17e76a58-a82c-4b0c-a0cb-ff02c714db1a
)

[2026-01-15 17:02:25] [24 MB] [chunked_processor] Transient lookup result
    DATA: Array
(
    [option_name] => speed_backups_job_17e76a58-a82c-4b0c-a0cb-ff02c714db1a
    [found] => YES
)

[2026-01-15 17:02:25] [24 MB] [chunked_processor] Job retrieved successfully
    DATA: Array
(
    [status] => running
    [type] => backup
)

[2026-01-15 17:02:25] [24 MB] [chunked_processor] save_job called
    DATA: Array
(
    [job_id] => 17e76a58-a82c-4b0c-a0cb-ff02c714db1a
    [status] => running
)

[2026-01-15 17:02:25] [24 MB] [chunked_processor] Transient save result
    DATA: Array
(
    [option_name] => speed_backups_job_17e76a58-a82c-4b0c-a0cb-ff02c714db1a
    [success] => YES
)

[2026-01-15 17:02:25] [24 MB] [chunked_processor] Option save result
    DATA: Array
(
    [option_name] => speed_backups_job_17e76a58-a82c-4b0c-a0cb-ff02c714db1a
    [success] => YES
)

[2026-01-15 17:02:25] [24 MB] [chunked_processor] Save verification (direct DB)
    DATA: Array
(
    [verified] => YES
)

[2026-01-15 17:02:25] [24 MB] [chunked_processor] get_job called
    DATA: Array
(
    [job_id] => 17e76a58-a82c-4b0c-a0cb-ff02c714db1a
)

[2026-01-15 17:02:25] [24 MB] [chunked_processor] Transient lookup result
    DATA: Array
(
    [option_name] => speed_backups_job_17e76a58-a82c-4b0c-a0cb-ff02c714db1a
    [found] => YES
)

[2026-01-15 17:02:25] [24 MB] [chunked_processor] Job retrieved successfully
    DATA: Array
(
    [status] => running
    [type] => backup
)

[2026-01-15 17:02:25] [24 MB] [chunked_processor] get_job called
    DATA: Array
(
    [job_id] => 17e76a58-a82c-4b0c-a0cb-ff02c714db1a
)

[2026-01-15 17:02:25] [24 MB] [chunked_processor] Transient lookup result
    DATA: Array
(
    [option_name] => speed_backups_job_17e76a58-a82c-4b0c-a0cb-ff02c714db1a
    [found] => YES
)

[2026-01-15 17:02:25] [24 MB] [chunked_processor] Job retrieved successfully
    DATA: Array
(
    [status] => running
    [type] => backup
)

[2026-01-15 17:02:25] [22 MB] [ERROR_HANDLER] PHP error handlers registered
[2026-01-15 17:02:25] [22 MB] [chunked_processor] get_job called
    DATA: Array
(
    [job_id] => 17e76a58-a82c-4b0c-a0cb-ff02c714db1a
)

[2026-01-15 17:02:25] [22 MB] [chunked_processor] Transient lookup result
    DATA: Array
(
    [option_name] => speed_backups_job_17e76a58-a82c-4b0c-a0cb-ff02c714db1a
    [found] => YES
)

[2026-01-15 17:02:25] [22 MB] [chunked_processor] Job retrieved successfully
    DATA: Array
(
    [status] => running
    [type] => backup
)

[2026-01-15 17:02:25] [22 MB] [chunked_processor] get_job called
    DATA: Array
(
    [job_id] => 17e76a58-a82c-4b0c-a0cb-ff02c714db1a
)

[2026-01-15 17:02:25] [22 MB] [chunked_processor] Transient lookup result
    DATA: Array
(
    [option_name] => speed_backups_job_17e76a58-a82c-4b0c-a0cb-ff02c714db1a
    [found] => YES
)

[2026-01-15 17:02:25] [22 MB] [chunked_processor] Job retrieved successfully
    DATA: Array
(
    [status] => running
    [type] => backup
)

[2026-01-15 17:02:25] [22 MB] [chunked_processor] get_job called
    DATA: Array
(
    [job_id] => 17e76a58-a82c-4b0c-a0cb-ff02c714db1a
)

[2026-01-15 17:02:25] [22 MB] [chunked_processor] Transient lookup result
    DATA: Array
(
    [option_name] => speed_backups_job_17e76a58-a82c-4b0c-a0cb-ff02c714db1a
    [found] => YES
)

[2026-01-15 17:02:25] [22 MB] [chunked_processor] Job retrieved successfully
    DATA: Array
(
    [status] => running
    [type] => backup
)

[2026-01-15 17:02:25] [22 MB] [chunked_processor] save_job called
    DATA: Array
(
    [job_id] => 17e76a58-a82c-4b0c-a0cb-ff02c714db1a
    [status] => running
)

[2026-01-15 17:02:25] [22 MB] [chunked_processor] Transient save result
    DATA: Array
(
    [option_name] => speed_backups_job_17e76a58-a82c-4b0c-a0cb-ff02c714db1a
    [success] => YES
)

[2026-01-15 17:02:25] [22 MB] [chunked_processor] Option save result
    DATA: Array
(
    [option_name] => speed_backups_job_17e76a58-a82c-4b0c-a0cb-ff02c714db1a
    [success] => YES
)

[2026-01-15 17:02:25] [22 MB] [chunked_processor] Save verification (direct DB)
    DATA: Array
(
    [verified] => YES
)

[2026-01-15 17:02:26] [22 MB] [chunked_processor] get_job called
    DATA: Array
(
    [job_id] => 17e76a58-a82c-4b0c-a0cb-ff02c714db1a
)

[2026-01-15 17:02:26] [22 MB] [chunked_processor] Transient lookup result
    DATA: Array
(
    [option_name] => speed_backups_job_17e76a58-a82c-4b0c-a0cb-ff02c714db1a
    [found] => YES
)

[2026-01-15 17:02:26] [22 MB] [chunked_processor] Job retrieved successfully
    DATA: Array
(
    [status] => running
    [type] => backup
)

[2026-01-15 17:02:26] [22 MB] [chunked_processor] save_job called
    DATA: Array
(
    [job_id] => 17e76a58-a82c-4b0c-a0cb-ff02c714db1a
    [status] => running
)

[2026-01-15 17:02:26] [22 MB] [chunked_processor] Transient save result
    DATA: Array
(
    [option_name] => speed_backups_job_17e76a58-a82c-4b0c-a0cb-ff02c714db1a
    [success] => YES
)

[2026-01-15 17:02:26] [22 MB] [chunked_processor] Option save result
    DATA: Array
(
    [option_name] => speed_backups_job_17e76a58-a82c-4b0c-a0cb-ff02c714db1a
    [success] => YES
)

[2026-01-15 17:02:26] [22 MB] [chunked_processor] Save verification (direct DB)
    DATA: Array
(
    [verified] => YES
)

[2026-01-15 17:02:26] [22 MB] [chunked_processor] get_job called
    DATA: Array
(
    [job_id] => 17e76a58-a82c-4b0c-a0cb-ff02c714db1a
)

[2026-01-15 17:02:26] [22 MB] [chunked_processor] Transient lookup result
    DATA: Array
(
    [option_name] => speed_backups_job_17e76a58-a82c-4b0c-a0cb-ff02c714db1a
    [found] => YES
)

[2026-01-15 17:02:26] [22 MB] [chunked_processor] Job retrieved successfully
    DATA: Array
(
    [status] => running
    [type] => backup
)

[2026-01-15 17:02:26] [22 MB] [chunked_processor] get_job called
    DATA: Array
(
    [job_id] => 17e76a58-a82c-4b0c-a0cb-ff02c714db1a
)

[2026-01-15 17:02:26] [22 MB] [chunked_processor] Transient lookup result
    DATA: Array
(
    [option_name] => speed_backups_job_17e76a58-a82c-4b0c-a0cb-ff02c714db1a
    [found] => YES
)

[2026-01-15 17:02:26] [22 MB] [chunked_processor] Job retrieved successfully
    DATA: Array
(
    [status] => running
    [type] => backup
)

[2026-01-15 17:02:26] [24 MB] [ERROR_HANDLER] PHP error handlers registered
[2026-01-15 17:02:26] [24 MB] [chunked_processor] get_job called
    DATA: Array
(
    [job_id] => 17e76a58-a82c-4b0c-a0cb-ff02c714db1a
)

[2026-01-15 17:02:26] [24 MB] [chunked_processor] Transient lookup result
    DATA: Array
(
    [option_name] => speed_backups_job_17e76a58-a82c-4b0c-a0cb-ff02c714db1a
    [found] => YES
)

[2026-01-15 17:02:26] [24 MB] [chunked_processor] Job retrieved successfully
    DATA: Array
(
    [status] => running
    [type] => backup
)

[2026-01-15 17:02:26] [24 MB] [chunked_processor] get_job called
    DATA: Array
(
    [job_id] => 17e76a58-a82c-4b0c-a0cb-ff02c714db1a
)

[2026-01-15 17:02:26] [24 MB] [chunked_processor] Transient lookup result
    DATA: Array
(
    [option_name] => speed_backups_job_17e76a58-a82c-4b0c-a0cb-ff02c714db1a
    [found] => YES
)

[2026-01-15 17:02:26] [24 MB] [chunked_processor] Job retrieved successfully
    DATA: Array
(
    [status] => running
    [type] => backup
)

[2026-01-15 17:02:26] [24 MB] [chunked_processor] get_job called
    DATA: Array
(
    [job_id] => 17e76a58-a82c-4b0c-a0cb-ff02c714db1a
)

[2026-01-15 17:02:26] [24 MB] [chunked_processor] Transient lookup result
    DATA: Array
(
    [option_name] => speed_backups_job_17e76a58-a82c-4b0c-a0cb-ff02c714db1a
    [found] => YES
)

[2026-01-15 17:02:26] [24 MB] [chunked_processor] Job retrieved successfully
    DATA: Array
(
    [status] => running
    [type] => backup
)

[2026-01-15 17:02:26] [24 MB] [chunked_processor] save_job called
    DATA: Array
(
    [job_id] => 17e76a58-a82c-4b0c-a0cb-ff02c714db1a
    [status] => running
)

[2026-01-15 17:02:26] [24 MB] [chunked_processor] Transient save result
    DATA: Array
(
    [option_name] => speed_backups_job_17e76a58-a82c-4b0c-a0cb-ff02c714db1a
    [success] => YES
)

[2026-01-15 17:02:26] [24 MB] [chunked_processor] Option save result
    DATA: Array
(
    [option_name] => speed_backups_job_17e76a58-a82c-4b0c-a0cb-ff02c714db1a
    [success] => YES
)

[2026-01-15 17:02:26] [24 MB] [chunked_processor] Save verification (direct DB)
    DATA: Array
(
    [verified] => YES
)

[2026-01-15 17:02:27] [24 MB] [chunked_processor] get_job called
    DATA: Array
(
    [job_id] => 17e76a58-a82c-4b0c-a0cb-ff02c714db1a
)

[2026-01-15 17:02:27] [24 MB] [chunked_processor] Transient lookup result
    DATA: Array
(
    [option_name] => speed_backups_job_17e76a58-a82c-4b0c-a0cb-ff02c714db1a
    [found] => YES
)

[2026-01-15 17:02:27] [24 MB] [chunked_processor] Job retrieved successfully
    DATA: Array
(
    [status] => running
    [type] => backup
)

[2026-01-15 17:02:27] [24 MB] [chunked_processor] save_job called
    DATA: Array
(
    [job_id] => 17e76a58-a82c-4b0c-a0cb-ff02c714db1a
    [status] => running
)

[2026-01-15 17:02:27] [24 MB] [chunked_processor] Transient save result
    DATA: Array
(
    [option_name] => speed_backups_job_17e76a58-a82c-4b0c-a0cb-ff02c714db1a
    [success] => YES
)

[2026-01-15 17:02:27] [24 MB] [chunked_processor] Option save result
    DATA: Array
(
    [option_name] => speed_backups_job_17e76a58-a82c-4b0c-a0cb-ff02c714db1a
    [success] => YES
)

[2026-01-15 17:02:27] [24 MB] [chunked_processor] Save verification (direct DB)
    DATA: Array
(
    [verified] => YES
)

[2026-01-15 17:02:27] [24 MB] [chunked_processor] get_job called
    DATA: Array
(
    [job_id] => 17e76a58-a82c-4b0c-a0cb-ff02c714db1a
)

[2026-01-15 17:02:27] [24 MB] [chunked_processor] Transient lookup result
    DATA: Array
(
    [option_name] => speed_backups_job_17e76a58-a82c-4b0c-a0cb-ff02c714db1a
    [found] => YES
)

[2026-01-15 17:02:27] [24 MB] [chunked_processor] Job retrieved successfully
    DATA: Array
(
    [status] => running
    [type] => backup
)

[2026-01-15 17:02:27] [24 MB] [chunked_processor] get_job called
    DATA: Array
(
    [job_id] => 17e76a58-a82c-4b0c-a0cb-ff02c714db1a
)

[2026-01-15 17:02:27] [24 MB] [chunked_processor] Transient lookup result
    DATA: Array
(
    [option_name] => speed_backups_job_17e76a58-a82c-4b0c-a0cb-ff02c714db1a
    [found] => YES
)

[2026-01-15 17:02:27] [24 MB] [chunked_processor] Job retrieved successfully
    DATA: Array
(
    [status] => running
    [type] => backup
)

[2026-01-15 17:02:27] [26 MB] [ERROR_HANDLER] PHP error handlers registered
[2026-01-15 17:02:27] [26 MB] [chunked_processor] get_job called
    DATA: Array
(
    [job_id] => 17e76a58-a82c-4b0c-a0cb-ff02c714db1a
)

[2026-01-15 17:02:27] [26 MB] [chunked_processor] Transient lookup result
    DATA: Array
(
    [option_name] => speed_backups_job_17e76a58-a82c-4b0c-a0cb-ff02c714db1a
    [found] => YES
)

[2026-01-15 17:02:27] [26 MB] [chunked_processor] Job retrieved successfully
    DATA: Array
(
    [status] => running
    [type] => backup
)

[2026-01-15 17:02:27] [26 MB] [chunked_processor] get_job called
    DATA: Array
(
    [job_id] => 17e76a58-a82c-4b0c-a0cb-ff02c714db1a
)

[2026-01-15 17:02:27] [26 MB] [chunked_processor] Transient lookup result
    DATA: Array
(
    [option_name] => speed_backups_job_17e76a58-a82c-4b0c-a0cb-ff02c714db1a
    [found] => YES
)

[2026-01-15 17:02:27] [26 MB] [chunked_processor] Job retrieved successfully
    DATA: Array
(
    [status] => running
    [type] => backup
)

[2026-01-15 17:02:27] [26 MB] [chunked_processor] get_job called
    DATA: Array
(
    [job_id] => 17e76a58-a82c-4b0c-a0cb-ff02c714db1a
)

[2026-01-15 17:02:27] [26 MB] [chunked_processor] Transient lookup result
    DATA: Array
(
    [option_name] => speed_backups_job_17e76a58-a82c-4b0c-a0cb-ff02c714db1a
    [found] => YES
)

[2026-01-15 17:02:27] [26 MB] [chunked_processor] Job retrieved successfully
    DATA: Array
(
    [status] => running
    [type] => backup
)

[2026-01-15 17:02:27] [26 MB] [chunked_processor] save_job called
    DATA: Array
(
    [job_id] => 17e76a58-a82c-4b0c-a0cb-ff02c714db1a
    [status] => running
)

[2026-01-15 17:02:27] [26 MB] [chunked_processor] Transient save result
    DATA: Array
(
    [option_name] => speed_backups_job_17e76a58-a82c-4b0c-a0cb-ff02c714db1a
    [success] => YES
)

[2026-01-15 17:02:27] [26 MB] [chunked_processor] Option save result
    DATA: Array
(
    [option_name] => speed_backups_job_17e76a58-a82c-4b0c-a0cb-ff02c714db1a
    [success] => YES
)

[2026-01-15 17:02:27] [26 MB] [chunked_processor] Save verification (direct DB)
    DATA: Array
(
    [verified] => YES
)

[2026-01-15 17:02:28] [22 MB] [ERROR_HANDLER] PHP error handlers registered
[2026-01-15 17:02:28] [26 MB] [chunked_processor] get_job called
    DATA: Array
(
    [job_id] => 17e76a58-a82c-4b0c-a0cb-ff02c714db1a
)

[2026-01-15 17:02:28] [26 MB] [chunked_processor] Transient lookup result
    DATA: Array
(
    [option_name] => speed_backups_job_17e76a58-a82c-4b0c-a0cb-ff02c714db1a
    [found] => YES
)

[2026-01-15 17:02:28] [26 MB] [chunked_processor] Job retrieved successfully
    DATA: Array
(
    [status] => running
    [type] => backup
)

[2026-01-15 17:02:28] [26 MB] [chunked_processor] save_job called
    DATA: Array
(
    [job_id] => 17e76a58-a82c-4b0c-a0cb-ff02c714db1a
    [status] => running
)

[2026-01-15 17:02:28] [26 MB] [chunked_processor] Transient save result
    DATA: Array
(
    [option_name] => speed_backups_job_17e76a58-a82c-4b0c-a0cb-ff02c714db1a
    [success] => YES
)

[2026-01-15 17:02:28] [26 MB] [chunked_processor] Option save result
    DATA: Array
(
    [option_name] => speed_backups_job_17e76a58-a82c-4b0c-a0cb-ff02c714db1a
    [success] => YES
)

[2026-01-15 17:02:28] [26 MB] [chunked_processor] Save verification (direct DB)
    DATA: Array
(
    [verified] => YES
)

[2026-01-15 17:02:28] [26 MB] [chunked_processor] get_job called
    DATA: Array
(
    [job_id] => 17e76a58-a82c-4b0c-a0cb-ff02c714db1a
)

[2026-01-15 17:02:28] [26 MB] [chunked_processor] Transient lookup result
    DATA: Array
(
    [option_name] => speed_backups_job_17e76a58-a82c-4b0c-a0cb-ff02c714db1a
    [found] => YES
)

[2026-01-15 17:02:28] [26 MB] [chunked_processor] Job retrieved successfully
    DATA: Array
(
    [status] => running
    [type] => backup
)

[2026-01-15 17:02:28] [26 MB] [chunked_processor] get_job called
    DATA: Array
(
    [job_id] => 17e76a58-a82c-4b0c-a0cb-ff02c714db1a
)

[2026-01-15 17:02:28] [26 MB] [chunked_processor] Transient lookup result
    DATA: Array
(
    [option_name] => speed_backups_job_17e76a58-a82c-4b0c-a0cb-ff02c714db1a
    [found] => YES
)

[2026-01-15 17:02:28] [26 MB] [chunked_processor] Job retrieved successfully
    DATA: Array
(
    [status] => running
    [type] => backup
)

[2026-01-15 17:02:28] [22 MB] [ERROR_HANDLER] PHP error handlers registered
[2026-01-15 17:02:28] [22 MB] [chunked_processor] get_job called
    DATA: Array
(
    [job_id] => 17e76a58-a82c-4b0c-a0cb-ff02c714db1a
)

[2026-01-15 17:02:28] [22 MB] [chunked_processor] Transient lookup result
    DATA: Array
(
    [option_name] => speed_backups_job_17e76a58-a82c-4b0c-a0cb-ff02c714db1a
    [found] => YES
)

[2026-01-15 17:02:28] [22 MB] [chunked_processor] Job retrieved successfully
    DATA: Array
(
    [status] => running
    [type] => backup
)

[2026-01-15 17:02:28] [22 MB] [chunked_processor] get_job called
    DATA: Array
(
    [job_id] => 17e76a58-a82c-4b0c-a0cb-ff02c714db1a
)

[2026-01-15 17:02:28] [22 MB] [chunked_processor] Transient lookup result
    DATA: Array
(
    [option_name] => speed_backups_job_17e76a58-a82c-4b0c-a0cb-ff02c714db1a
    [found] => YES
)

[2026-01-15 17:02:28] [22 MB] [chunked_processor] Job retrieved successfully
    DATA: Array
(
    [status] => running
    [type] => backup
)

[2026-01-15 17:02:28] [22 MB] [chunked_processor] get_job called
    DATA: Array
(
    [job_id] => 17e76a58-a82c-4b0c-a0cb-ff02c714db1a
)

[2026-01-15 17:02:28] [22 MB] [chunked_processor] Transient lookup result
    DATA: Array
(
    [option_name] => speed_backups_job_17e76a58-a82c-4b0c-a0cb-ff02c714db1a
    [found] => YES
)

[2026-01-15 17:02:28] [22 MB] [chunked_processor] Job retrieved successfully
    DATA: Array
(
    [status] => running
    [type] => backup
)

[2026-01-15 17:02:28] [22 MB] [chunked_processor] save_job called
    DATA: Array
(
    [job_id] => 17e76a58-a82c-4b0c-a0cb-ff02c714db1a
    [status] => running
)

[2026-01-15 17:02:28] [22 MB] [chunked_processor] Transient save result
    DATA: Array
(
    [option_name] => speed_backups_job_17e76a58-a82c-4b0c-a0cb-ff02c714db1a
    [success] => YES
)

[2026-01-15 17:02:28] [22 MB] [chunked_processor] Option save result
    DATA: Array
(
    [option_name] => speed_backups_job_17e76a58-a82c-4b0c-a0cb-ff02c714db1a
    [success] => YES
)

[2026-01-15 17:02:28] [22 MB] [chunked_processor] Save verification (direct DB)
    DATA: Array
(
    [verified] => YES
)

[2026-01-15 17:02:29] [22 MB] [chunked_processor] get_job called
    DATA: Array
(
    [job_id] => 17e76a58-a82c-4b0c-a0cb-ff02c714db1a
)

[2026-01-15 17:02:29] [22 MB] [chunked_processor] Transient lookup result
    DATA: Array
(
    [option_name] => speed_backups_job_17e76a58-a82c-4b0c-a0cb-ff02c714db1a
    [found] => YES
)

[2026-01-15 17:02:29] [22 MB] [chunked_processor] Job retrieved successfully
    DATA: Array
(
    [status] => running
    [type] => backup
)

[2026-01-15 17:02:29] [22 MB] [chunked_processor] save_job called
    DATA: Array
(
    [job_id] => 17e76a58-a82c-4b0c-a0cb-ff02c714db1a
    [status] => running
)

[2026-01-15 17:02:29] [22 MB] [chunked_processor] Transient save result
    DATA: Array
(
    [option_name] => speed_backups_job_17e76a58-a82c-4b0c-a0cb-ff02c714db1a
    [success] => YES
)

[2026-01-15 17:02:29] [22 MB] [chunked_processor] Option save result
    DATA: Array
(
    [option_name] => speed_backups_job_17e76a58-a82c-4b0c-a0cb-ff02c714db1a
    [success] => YES
)

[2026-01-15 17:02:29] [22 MB] [chunked_processor] Save verification (direct DB)
    DATA: Array
(
    [verified] => YES
)

[2026-01-15 17:02:29] [22 MB] [chunked_processor] get_job called
    DATA: Array
(
    [job_id] => 17e76a58-a82c-4b0c-a0cb-ff02c714db1a
)

[2026-01-15 17:02:29] [22 MB] [chunked_processor] Transient lookup result
    DATA: Array
(
    [option_name] => speed_backups_job_17e76a58-a82c-4b0c-a0cb-ff02c714db1a
    [found] => YES
)

[2026-01-15 17:02:29] [22 MB] [chunked_processor] Job retrieved successfully
    DATA: Array
(
    [status] => running
    [type] => backup
)

[2026-01-15 17:02:29] [22 MB] [chunked_processor] get_job called
    DATA: Array
(
    [job_id] => 17e76a58-a82c-4b0c-a0cb-ff02c714db1a
)

[2026-01-15 17:02:29] [22 MB] [chunked_processor] Transient lookup result
    DATA: Array
(
    [option_name] => speed_backups_job_17e76a58-a82c-4b0c-a0cb-ff02c714db1a
    [found] => YES
)

[2026-01-15 17:02:29] [22 MB] [chunked_processor] Job retrieved successfully
    DATA: Array
(
    [status] => running
    [type] => backup
)

[2026-01-15 17:02:29] [24 MB] [ERROR_HANDLER] PHP error handlers registered
[2026-01-15 17:02:29] [24 MB] [chunked_processor] get_job called
    DATA: Array
(
    [job_id] => 17e76a58-a82c-4b0c-a0cb-ff02c714db1a
)

[2026-01-15 17:02:29] [24 MB] [chunked_processor] Transient lookup result
    DATA: Array
(
    [option_name] => speed_backups_job_17e76a58-a82c-4b0c-a0cb-ff02c714db1a
    [found] => YES
)

[2026-01-15 17:02:29] [24 MB] [chunked_processor] Job retrieved successfully
    DATA: Array
(
    [status] => running
    [type] => backup
)

[2026-01-15 17:02:29] [24 MB] [chunked_processor] get_job called
    DATA: Array
(
    [job_id] => 17e76a58-a82c-4b0c-a0cb-ff02c714db1a
)

[2026-01-15 17:02:29] [24 MB] [chunked_processor] Transient lookup result
    DATA: Array
(
    [option_name] => speed_backups_job_17e76a58-a82c-4b0c-a0cb-ff02c714db1a
    [found] => YES
)

[2026-01-15 17:02:29] [24 MB] [chunked_processor] Job retrieved successfully
    DATA: Array
(
    [status] => running
    [type] => backup
)

[2026-01-15 17:02:29] [24 MB] [chunked_processor] get_job called
    DATA: Array
(
    [job_id] => 17e76a58-a82c-4b0c-a0cb-ff02c714db1a
)

[2026-01-15 17:02:29] [24 MB] [chunked_processor] Transient lookup result
    DATA: Array
(
    [option_name] => speed_backups_job_17e76a58-a82c-4b0c-a0cb-ff02c714db1a
    [found] => YES
)

[2026-01-15 17:02:29] [24 MB] [chunked_processor] Job retrieved successfully
    DATA: Array
(
    [status] => running
    [type] => backup
)

[2026-01-15 17:02:29] [24 MB] [chunked_processor] save_job called
    DATA: Array
(
    [job_id] => 17e76a58-a82c-4b0c-a0cb-ff02c714db1a
    [status] => running
)

[2026-01-15 17:02:29] [24 MB] [chunked_processor] Transient save result
    DATA: Array
(
    [option_name] => speed_backups_job_17e76a58-a82c-4b0c-a0cb-ff02c714db1a
    [success] => YES
)

[2026-01-15 17:02:29] [24 MB] [chunked_processor] Option save result
    DATA: Array
(
    [option_name] => speed_backups_job_17e76a58-a82c-4b0c-a0cb-ff02c714db1a
    [success] => YES
)

[2026-01-15 17:02:29] [24 MB] [chunked_processor] Save verification (direct DB)
    DATA: Array
(
    [verified] => YES
)

[2026-01-15 17:02:29] [24 MB] [chunked_processor] get_job called
    DATA: Array
(
    [job_id] => 17e76a58-a82c-4b0c-a0cb-ff02c714db1a
)

[2026-01-15 17:02:29] [24 MB] [chunked_processor] Transient lookup result
    DATA: Array
(
    [option_name] => speed_backups_job_17e76a58-a82c-4b0c-a0cb-ff02c714db1a
    [found] => YES
)

[2026-01-15 17:02:29] [24 MB] [chunked_processor] Job retrieved successfully
    DATA: Array
(
    [status] => running
    [type] => backup
)

[2026-01-15 17:02:29] [24 MB] [chunked_processor] save_job called
    DATA: Array
(
    [job_id] => 17e76a58-a82c-4b0c-a0cb-ff02c714db1a
    [status] => running
)

[2026-01-15 17:02:29] [24 MB] [chunked_processor] Transient save result
    DATA: Array
(
    [option_name] => speed_backups_job_17e76a58-a82c-4b0c-a0cb-ff02c714db1a
    [success] => YES
)

[2026-01-15 17:02:29] [24 MB] [chunked_processor] Option save result
    DATA: Array
(
    [option_name] => speed_backups_job_17e76a58-a82c-4b0c-a0cb-ff02c714db1a
    [success] => YES
)

[2026-01-15 17:02:29] [24 MB] [chunked_processor] Save verification (direct DB)
    DATA: Array
(
    [verified] => YES
)

[2026-01-15 17:02:29] [24 MB] [chunked_processor] get_job called
    DATA: Array
(
    [job_id] => 17e76a58-a82c-4b0c-a0cb-ff02c714db1a
)

[2026-01-15 17:02:29] [24 MB] [chunked_processor] Transient lookup result
    DATA: Array
(
    [option_name] => speed_backups_job_17e76a58-a82c-4b0c-a0cb-ff02c714db1a
    [found] => YES
)

[2026-01-15 17:02:29] [24 MB] [chunked_processor] Job retrieved successfully
    DATA: Array
(
    [status] => running
    [type] => backup
)

[2026-01-15 17:02:29] [24 MB] [chunked_processor] get_job called
    DATA: Array
(
    [job_id] => 17e76a58-a82c-4b0c-a0cb-ff02c714db1a
)

[2026-01-15 17:02:29] [24 MB] [chunked_processor] Transient lookup result
    DATA: Array
(
    [option_name] => speed_backups_job_17e76a58-a82c-4b0c-a0cb-ff02c714db1a
    [found] => YES
)

[2026-01-15 17:02:29] [24 MB] [chunked_processor] Job retrieved successfully
    DATA: Array
(
    [status] => running
    [type] => backup
)

[2026-01-15 17:02:30] [18 MB] [ERROR_HANDLER] PHP error handlers registered
[2026-01-15 17:02:30] [18 MB] [chunked_processor] get_job called
    DATA: Array
(
    [job_id] => 17e76a58-a82c-4b0c-a0cb-ff02c714db1a
)

[2026-01-15 17:02:30] [18 MB] [chunked_processor] Transient lookup result
    DATA: Array
(
    [option_name] => speed_backups_job_17e76a58-a82c-4b0c-a0cb-ff02c714db1a
    [found] => YES
)

[2026-01-15 17:02:30] [18 MB] [chunked_processor] Job retrieved successfully
    DATA: Array
(
    [status] => running
    [type] => backup
)

[2026-01-15 17:02:30] [18 MB] [chunked_processor] get_job called
    DATA: Array
(
    [job_id] => 17e76a58-a82c-4b0c-a0cb-ff02c714db1a
)

[2026-01-15 17:02:30] [18 MB] [chunked_processor] Transient lookup result
    DATA: Array
(
    [option_name] => speed_backups_job_17e76a58-a82c-4b0c-a0cb-ff02c714db1a
    [found] => YES
)

[2026-01-15 17:02:30] [18 MB] [chunked_processor] Job retrieved successfully
    DATA: Array
(
    [status] => running
    [type] => backup
)

[2026-01-15 17:02:30] [20 MB] [chunked_processor] get_job called
    DATA: Array
(
    [job_id] => 17e76a58-a82c-4b0c-a0cb-ff02c714db1a
)

[2026-01-15 17:02:30] [20 MB] [chunked_processor] Transient lookup result
    DATA: Array
(
    [option_name] => speed_backups_job_17e76a58-a82c-4b0c-a0cb-ff02c714db1a
    [found] => YES
)

[2026-01-15 17:02:30] [20 MB] [chunked_processor] Job retrieved successfully
    DATA: Array
(
    [status] => running
    [type] => backup
)

[2026-01-15 17:02:30] [20 MB] [chunked_processor] save_job called
    DATA: Array
(
    [job_id] => 17e76a58-a82c-4b0c-a0cb-ff02c714db1a
    [status] => running
)

[2026-01-15 17:02:30] [20 MB] [chunked_processor] Transient save result
    DATA: Array
(
    [option_name] => speed_backups_job_17e76a58-a82c-4b0c-a0cb-ff02c714db1a
    [success] => YES
)

[2026-01-15 17:02:30] [20 MB] [chunked_processor] Option save result
    DATA: Array
(
    [option_name] => speed_backups_job_17e76a58-a82c-4b0c-a0cb-ff02c714db1a
    [success] => YES
)

[2026-01-15 17:02:30] [20 MB] [chunked_processor] Save verification (direct DB)
    DATA: Array
(
    [verified] => YES
)

[2026-01-15 17:02:30] [22 MB] [chunked_processor] get_job called
    DATA: Array
(
    [job_id] => 17e76a58-a82c-4b0c-a0cb-ff02c714db1a
)

[2026-01-15 17:02:30] [22 MB] [chunked_processor] Transient lookup result
    DATA: Array
(
    [option_name] => speed_backups_job_17e76a58-a82c-4b0c-a0cb-ff02c714db1a
    [found] => YES
)

[2026-01-15 17:02:30] [22 MB] [chunked_processor] Job retrieved successfully
    DATA: Array
(
    [status] => running
    [type] => backup
)

[2026-01-15 17:02:30] [22 MB] [chunked_processor] save_job called
    DATA: Array
(
    [job_id] => 17e76a58-a82c-4b0c-a0cb-ff02c714db1a
    [status] => running
)

[2026-01-15 17:02:30] [22 MB] [chunked_processor] Transient save result
    DATA: Array
(
    [option_name] => speed_backups_job_17e76a58-a82c-4b0c-a0cb-ff02c714db1a
    [success] => YES
)

[2026-01-15 17:02:30] [22 MB] [chunked_processor] Option save result
    DATA: Array
(
    [option_name] => speed_backups_job_17e76a58-a82c-4b0c-a0cb-ff02c714db1a
    [success] => YES
)

[2026-01-15 17:02:30] [22 MB] [chunked_processor] Save verification (direct DB)
    DATA: Array
(
    [verified] => YES
)

[2026-01-15 17:02:30] [22 MB] [chunked_processor] get_job called
    DATA: Array
(
    [job_id] => 17e76a58-a82c-4b0c-a0cb-ff02c714db1a
)

[2026-01-15 17:02:30] [22 MB] [chunked_processor] Transient lookup result
    DATA: Array
(
    [option_name] => speed_backups_job_17e76a58-a82c-4b0c-a0cb-ff02c714db1a
    [found] => YES
)

[2026-01-15 17:02:30] [22 MB] [chunked_processor] Job retrieved successfully
    DATA: Array
(
    [status] => running
    [type] => backup
)

[2026-01-15 17:02:30] [22 MB] [chunked_processor] get_job called
    DATA: Array
(
    [job_id] => 17e76a58-a82c-4b0c-a0cb-ff02c714db1a
)

[2026-01-15 17:02:30] [22 MB] [chunked_processor] Transient lookup result
    DATA: Array
(
    [option_name] => speed_backups_job_17e76a58-a82c-4b0c-a0cb-ff02c714db1a
    [found] => YES
)

[2026-01-15 17:02:30] [22 MB] [chunked_processor] Job retrieved successfully
    DATA: Array
(
    [status] => running
    [type] => backup
)

[2026-01-15 17:02:30] [22 MB] [ERROR_HANDLER] PHP error handlers registered
[2026-01-15 17:02:30] [22 MB] [chunked_processor] get_job called
    DATA: Array
(
    [job_id] => 17e76a58-a82c-4b0c-a0cb-ff02c714db1a
)

[2026-01-15 17:02:30] [22 MB] [chunked_processor] Transient lookup result
    DATA: Array
(
    [option_name] => speed_backups_job_17e76a58-a82c-4b0c-a0cb-ff02c714db1a
    [found] => YES
)

[2026-01-15 17:02:30] [22 MB] [chunked_processor] Job retrieved successfully
    DATA: Array
(
    [status] => running
    [type] => backup
)

[2026-01-15 17:02:30] [22 MB] [chunked_processor] get_job called
    DATA: Array
(
    [job_id] => 17e76a58-a82c-4b0c-a0cb-ff02c714db1a
)

[2026-01-15 17:02:30] [22 MB] [chunked_processor] Transient lookup result
    DATA: Array
(
    [option_name] => speed_backups_job_17e76a58-a82c-4b0c-a0cb-ff02c714db1a
    [found] => YES
)

[2026-01-15 17:02:30] [22 MB] [chunked_processor] Job retrieved successfully
    DATA: Array
(
    [status] => running
    [type] => backup
)

[2026-01-15 17:02:31] [22 MB] [chunked_processor] get_job called
    DATA: Array
(
    [job_id] => 17e76a58-a82c-4b0c-a0cb-ff02c714db1a
)

[2026-01-15 17:02:31] [22 MB] [chunked_processor] Transient lookup result
    DATA: Array
(
    [option_name] => speed_backups_job_17e76a58-a82c-4b0c-a0cb-ff02c714db1a
    [found] => YES
)

[2026-01-15 17:02:31] [22 MB] [chunked_processor] Job retrieved successfully
    DATA: Array
(
    [status] => running
    [type] => backup
)

[2026-01-15 17:02:31] [22 MB] [chunked_processor] save_job called
    DATA: Array
(
    [job_id] => 17e76a58-a82c-4b0c-a0cb-ff02c714db1a
    [status] => running
)

[2026-01-15 17:02:31] [22 MB] [chunked_processor] Transient save result
    DATA: Array
(
    [option_name] => speed_backups_job_17e76a58-a82c-4b0c-a0cb-ff02c714db1a
    [success] => YES
)

[2026-01-15 17:02:31] [22 MB] [chunked_processor] Option save result
    DATA: Array
(
    [option_name] => speed_backups_job_17e76a58-a82c-4b0c-a0cb-ff02c714db1a
    [success] => YES
)

[2026-01-15 17:02:31] [22 MB] [chunked_processor] Save verification (direct DB)
    DATA: Array
(
    [verified] => YES
)

[2026-01-15 17:02:31] [22 MB] [chunked_processor] get_job called
    DATA: Array
(
    [job_id] => 17e76a58-a82c-4b0c-a0cb-ff02c714db1a
)

[2026-01-15 17:02:31] [22 MB] [chunked_processor] Transient lookup result
    DATA: Array
(
    [option_name] => speed_backups_job_17e76a58-a82c-4b0c-a0cb-ff02c714db1a
    [found] => YES
)

[2026-01-15 17:02:31] [22 MB] [chunked_processor] Job retrieved successfully
    DATA: Array
(
    [status] => running
    [type] => backup
)

[2026-01-15 17:02:31] [22 MB] [chunked_processor] save_job called
    DATA: Array
(
    [job_id] => 17e76a58-a82c-4b0c-a0cb-ff02c714db1a
    [status] => running
)

[2026-01-15 17:02:31] [22 MB] [chunked_processor] Transient save result
    DATA: Array
(
    [option_name] => speed_backups_job_17e76a58-a82c-4b0c-a0cb-ff02c714db1a
    [success] => YES
)

[2026-01-15 17:02:31] [22 MB] [chunked_processor] Option save result
    DATA: Array
(
    [option_name] => speed_backups_job_17e76a58-a82c-4b0c-a0cb-ff02c714db1a
    [success] => YES
)

[2026-01-15 17:02:31] [22 MB] [chunked_processor] Save verification (direct DB)
    DATA: Array
(
    [verified] => YES
)

[2026-01-15 17:02:31] [22 MB] [chunked_processor] get_job called
    DATA: Array
(
    [job_id] => 17e76a58-a82c-4b0c-a0cb-ff02c714db1a
)

[2026-01-15 17:02:31] [22 MB] [chunked_processor] Transient lookup result
    DATA: Array
(
    [option_name] => speed_backups_job_17e76a58-a82c-4b0c-a0cb-ff02c714db1a
    [found] => YES
)

[2026-01-15 17:02:31] [22 MB] [chunked_processor] Job retrieved successfully
    DATA: Array
(
    [status] => running
    [type] => backup
)

[2026-01-15 17:02:31] [22 MB] [chunked_processor] get_job called
    DATA: Array
(
    [job_id] => 17e76a58-a82c-4b0c-a0cb-ff02c714db1a
)

[2026-01-15 17:02:31] [22 MB] [chunked_processor] Transient lookup result
    DATA: Array
(
    [option_name] => speed_backups_job_17e76a58-a82c-4b0c-a0cb-ff02c714db1a
    [found] => YES
)

[2026-01-15 17:02:31] [22 MB] [chunked_processor] Job retrieved successfully
    DATA: Array
(
    [status] => running
    [type] => backup
)

[2026-01-15 17:02:31] [22 MB] [ERROR_HANDLER] PHP error handlers registered
[2026-01-15 17:02:31] [22 MB] [chunked_processor] get_job called
    DATA: Array
(
    [job_id] => 17e76a58-a82c-4b0c-a0cb-ff02c714db1a
)

[2026-01-15 17:02:31] [22 MB] [chunked_processor] Transient lookup result
    DATA: Array
(
    [option_name] => speed_backups_job_17e76a58-a82c-4b0c-a0cb-ff02c714db1a
    [found] => YES
)

[2026-01-15 17:02:31] [22 MB] [chunked_processor] Job retrieved successfully
    DATA: Array
(
    [status] => running
    [type] => backup
)

[2026-01-15 17:02:31] [22 MB] [chunked_processor] get_job called
    DATA: Array
(
    [job_id] => 17e76a58-a82c-4b0c-a0cb-ff02c714db1a
)

[2026-01-15 17:02:31] [22 MB] [chunked_processor] Transient lookup result
    DATA: Array
(
    [option_name] => speed_backups_job_17e76a58-a82c-4b0c-a0cb-ff02c714db1a
    [found] => YES
)

[2026-01-15 17:02:31] [22 MB] [chunked_processor] Job retrieved successfully
    DATA: Array
(
    [status] => running
    [type] => backup
)

[2026-01-15 17:02:32] [22 MB] [chunked_processor] get_job called
    DATA: Array
(
    [job_id] => 17e76a58-a82c-4b0c-a0cb-ff02c714db1a
)

[2026-01-15 17:02:32] [22 MB] [chunked_processor] Transient lookup result
    DATA: Array
(
    [option_name] => speed_backups_job_17e76a58-a82c-4b0c-a0cb-ff02c714db1a
    [found] => YES
)

[2026-01-15 17:02:32] [22 MB] [chunked_processor] Job retrieved successfully
    DATA: Array
(
    [status] => running
    [type] => backup
)

[2026-01-15 17:02:32] [22 MB] [chunked_processor] save_job called
    DATA: Array
(
    [job_id] => 17e76a58-a82c-4b0c-a0cb-ff02c714db1a
    [status] => running
)

[2026-01-15 17:02:32] [22 MB] [chunked_processor] Transient save result
    DATA: Array
(
    [option_name] => speed_backups_job_17e76a58-a82c-4b0c-a0cb-ff02c714db1a
    [success] => YES
)

[2026-01-15 17:02:32] [22 MB] [chunked_processor] Option save result
    DATA: Array
(
    [option_name] => speed_backups_job_17e76a58-a82c-4b0c-a0cb-ff02c714db1a
    [success] => YES
)

[2026-01-15 17:02:32] [22 MB] [chunked_processor] Save verification (direct DB)
    DATA: Array
(
    [verified] => YES
)

[2026-01-15 17:02:33] [24 MB] [chunked_processor] get_job called
    DATA: Array
(
    [job_id] => 17e76a58-a82c-4b0c-a0cb-ff02c714db1a
)

[2026-01-15 17:02:33] [24 MB] [chunked_processor] Transient lookup result
    DATA: Array
(
    [option_name] => speed_backups_job_17e76a58-a82c-4b0c-a0cb-ff02c714db1a
    [found] => YES
)

[2026-01-15 17:02:33] [24 MB] [chunked_processor] Job retrieved successfully
    DATA: Array
(
    [status] => running
    [type] => backup
)

[2026-01-15 17:02:33] [24 MB] [chunked_processor] save_job called
    DATA: Array
(
    [job_id] => 17e76a58-a82c-4b0c-a0cb-ff02c714db1a
    [status] => running
)

[2026-01-15 17:02:33] [24 MB] [chunked_processor] Transient save result
    DATA: Array
(
    [option_name] => speed_backups_job_17e76a58-a82c-4b0c-a0cb-ff02c714db1a
    [success] => YES
)

[2026-01-15 17:02:33] [24 MB] [chunked_processor] Option save result
    DATA: Array
(
    [option_name] => speed_backups_job_17e76a58-a82c-4b0c-a0cb-ff02c714db1a
    [success] => YES
)

[2026-01-15 17:02:33] [24 MB] [chunked_processor] Save verification (direct DB)
    DATA: Array
(
    [verified] => YES
)

[2026-01-15 17:02:33] [24 MB] [chunked_processor] get_job called
    DATA: Array
(
    [job_id] => 17e76a58-a82c-4b0c-a0cb-ff02c714db1a
)

[2026-01-15 17:02:33] [24 MB] [chunked_processor] Transient lookup result
    DATA: Array
(
    [option_name] => speed_backups_job_17e76a58-a82c-4b0c-a0cb-ff02c714db1a
    [found] => YES
)

[2026-01-15 17:02:33] [24 MB] [chunked_processor] Job retrieved successfully
    DATA: Array
(
    [status] => running
    [type] => backup
)

[2026-01-15 17:02:33] [24 MB] [chunked_processor] get_job called
    DATA: Array
(
    [job_id] => 17e76a58-a82c-4b0c-a0cb-ff02c714db1a
)

[2026-01-15 17:02:33] [24 MB] [chunked_processor] Transient lookup result
    DATA: Array
(
    [option_name] => speed_backups_job_17e76a58-a82c-4b0c-a0cb-ff02c714db1a
    [found] => YES
)

[2026-01-15 17:02:33] [24 MB] [chunked_processor] Job retrieved successfully
    DATA: Array
(
    [status] => running
    [type] => backup
)

[2026-01-15 17:02:33] [20 MB] [ERROR_HANDLER] PHP error handlers registered
[2026-01-15 17:02:33] [20 MB] [chunked_processor] get_job called
    DATA: Array
(
    [job_id] => 17e76a58-a82c-4b0c-a0cb-ff02c714db1a
)

[2026-01-15 17:02:33] [20 MB] [chunked_processor] Transient lookup result
    DATA: Array
(
    [option_name] => speed_backups_job_17e76a58-a82c-4b0c-a0cb-ff02c714db1a
    [found] => YES
)

[2026-01-15 17:02:33] [20 MB] [chunked_processor] Job retrieved successfully
    DATA: Array
(
    [status] => running
    [type] => backup
)

[2026-01-15 17:02:33] [20 MB] [chunked_processor] get_job called
    DATA: Array
(
    [job_id] => 17e76a58-a82c-4b0c-a0cb-ff02c714db1a
)

[2026-01-15 17:02:33] [20 MB] [chunked_processor] Transient lookup result
    DATA: Array
(
    [option_name] => speed_backups_job_17e76a58-a82c-4b0c-a0cb-ff02c714db1a
    [found] => YES
)

[2026-01-15 17:02:33] [20 MB] [chunked_processor] Job retrieved successfully
    DATA: Array
(
    [status] => running
    [type] => backup
)

[2026-01-15 17:02:33] [20 MB] [chunked_processor] get_job called
    DATA: Array
(
    [job_id] => 17e76a58-a82c-4b0c-a0cb-ff02c714db1a
)

[2026-01-15 17:02:33] [20 MB] [chunked_processor] Transient lookup result
    DATA: Array
(
    [option_name] => speed_backups_job_17e76a58-a82c-4b0c-a0cb-ff02c714db1a
    [found] => YES
)

[2026-01-15 17:02:33] [20 MB] [chunked_processor] Job retrieved successfully
    DATA: Array
(
    [status] => running
    [type] => backup
)

[2026-01-15 17:02:33] [20 MB] [chunked_processor] save_job called
    DATA: Array
(
    [job_id] => 17e76a58-a82c-4b0c-a0cb-ff02c714db1a
    [status] => running
)

[2026-01-15 17:02:33] [20 MB] [chunked_processor] Transient save result
    DATA: Array
(
    [option_name] => speed_backups_job_17e76a58-a82c-4b0c-a0cb-ff02c714db1a
    [success] => YES
)

[2026-01-15 17:02:33] [20 MB] [chunked_processor] Option save result
    DATA: Array
(
    [option_name] => speed_backups_job_17e76a58-a82c-4b0c-a0cb-ff02c714db1a
    [success] => YES
)

[2026-01-15 17:02:33] [20 MB] [chunked_processor] Save verification (direct DB)
    DATA: Array
(
    [verified] => YES
)

[2026-01-15 17:02:34] [22 MB] [chunked_processor] get_job called
    DATA: Array
(
    [job_id] => 17e76a58-a82c-4b0c-a0cb-ff02c714db1a
)

[2026-01-15 17:02:34] [22 MB] [chunked_processor] Transient lookup result
    DATA: Array
(
    [option_name] => speed_backups_job_17e76a58-a82c-4b0c-a0cb-ff02c714db1a
    [found] => YES
)

[2026-01-15 17:02:34] [22 MB] [chunked_processor] Job retrieved successfully
    DATA: Array
(
    [status] => running
    [type] => backup
)

[2026-01-15 17:02:34] [22 MB] [chunked_processor] save_job called
    DATA: Array
(
    [job_id] => 17e76a58-a82c-4b0c-a0cb-ff02c714db1a
    [status] => running
)

[2026-01-15 17:02:34] [22 MB] [chunked_processor] Transient save result
    DATA: Array
(
    [option_name] => speed_backups_job_17e76a58-a82c-4b0c-a0cb-ff02c714db1a
    [success] => YES
)

[2026-01-15 17:02:34] [22 MB] [chunked_processor] Option save result
    DATA: Array
(
    [option_name] => speed_backups_job_17e76a58-a82c-4b0c-a0cb-ff02c714db1a
    [success] => YES
)

[2026-01-15 17:02:34] [22 MB] [chunked_processor] Save verification (direct DB)
    DATA: Array
(
    [verified] => YES
)

[2026-01-15 17:02:34] [22 MB] [chunked_processor] get_job called
    DATA: Array
(
    [job_id] => 17e76a58-a82c-4b0c-a0cb-ff02c714db1a
)

[2026-01-15 17:02:34] [22 MB] [chunked_processor] Transient lookup result
    DATA: Array
(
    [option_name] => speed_backups_job_17e76a58-a82c-4b0c-a0cb-ff02c714db1a
    [found] => YES
)

[2026-01-15 17:02:34] [22 MB] [chunked_processor] Job retrieved successfully
    DATA: Array
(
    [status] => running
    [type] => backup
)

[2026-01-15 17:02:34] [22 MB] [chunked_processor] get_job called
    DATA: Array
(
    [job_id] => 17e76a58-a82c-4b0c-a0cb-ff02c714db1a
)

[2026-01-15 17:02:34] [22 MB] [chunked_processor] Transient lookup result
    DATA: Array
(
    [option_name] => speed_backups_job_17e76a58-a82c-4b0c-a0cb-ff02c714db1a
    [found] => YES
)

[2026-01-15 17:02:34] [22 MB] [chunked_processor] Job retrieved successfully
    DATA: Array
(
    [status] => running
    [type] => backup
)

[2026-01-15 17:02:34] [20 MB] [ERROR_HANDLER] PHP error handlers registered
[2026-01-15 17:02:34] [20 MB] [chunked_processor] get_job called
    DATA: Array
(
    [job_id] => 17e76a58-a82c-4b0c-a0cb-ff02c714db1a
)

[2026-01-15 17:02:34] [20 MB] [chunked_processor] Transient lookup result
    DATA: Array
(
    [option_name] => speed_backups_job_17e76a58-a82c-4b0c-a0cb-ff02c714db1a
    [found] => YES
)

[2026-01-15 17:02:34] [20 MB] [chunked_processor] Job retrieved successfully
    DATA: Array
(
    [status] => running
    [type] => backup
)

[2026-01-15 17:02:34] [20 MB] [chunked_processor] get_job called
    DATA: Array
(
    [job_id] => 17e76a58-a82c-4b0c-a0cb-ff02c714db1a
)

[2026-01-15 17:02:34] [20 MB] [chunked_processor] Transient lookup result
    DATA: Array
(
    [option_name] => speed_backups_job_17e76a58-a82c-4b0c-a0cb-ff02c714db1a
    [found] => YES
)

[2026-01-15 17:02:34] [20 MB] [chunked_processor] Job retrieved successfully
    DATA: Array
(
    [status] => running
    [type] => backup
)

[2026-01-15 17:02:34] [20 MB] [chunked_processor] get_job called
    DATA: Array
(
    [job_id] => 17e76a58-a82c-4b0c-a0cb-ff02c714db1a
)

[2026-01-15 17:02:34] [20 MB] [chunked_processor] Transient lookup result
    DATA: Array
(
    [option_name] => speed_backups_job_17e76a58-a82c-4b0c-a0cb-ff02c714db1a
    [found] => YES
)

[2026-01-15 17:02:34] [20 MB] [chunked_processor] Job retrieved successfully
    DATA: Array
(
    [status] => running
    [type] => backup
)

[2026-01-15 17:02:34] [20 MB] [chunked_processor] save_job called
    DATA: Array
(
    [job_id] => 17e76a58-a82c-4b0c-a0cb-ff02c714db1a
    [status] => running
)

[2026-01-15 17:02:34] [20 MB] [chunked_processor] Transient save result
    DATA: Array
(
    [option_name] => speed_backups_job_17e76a58-a82c-4b0c-a0cb-ff02c714db1a
    [success] => YES
)

[2026-01-15 17:02:34] [20 MB] [chunked_processor] Option save result
    DATA: Array
(
    [option_name] => speed_backups_job_17e76a58-a82c-4b0c-a0cb-ff02c714db1a
    [success] => YES
)

[2026-01-15 17:02:34] [20 MB] [chunked_processor] Save verification (direct DB)
    DATA: Array
(
    [verified] => YES
)

[2026-01-15 17:02:35] [22 MB] [chunked_processor] get_job called
    DATA: Array
(
    [job_id] => 17e76a58-a82c-4b0c-a0cb-ff02c714db1a
)

[2026-01-15 17:02:35] [22 MB] [chunked_processor] Transient lookup result
    DATA: Array
(
    [option_name] => speed_backups_job_17e76a58-a82c-4b0c-a0cb-ff02c714db1a
    [found] => YES
)

[2026-01-15 17:02:35] [22 MB] [chunked_processor] Job retrieved successfully
    DATA: Array
(
    [status] => running
    [type] => backup
)

[2026-01-15 17:02:35] [22 MB] [chunked_processor] save_job called
    DATA: Array
(
    [job_id] => 17e76a58-a82c-4b0c-a0cb-ff02c714db1a
    [status] => running
)

[2026-01-15 17:02:35] [22 MB] [chunked_processor] Transient save result
    DATA: Array
(
    [option_name] => speed_backups_job_17e76a58-a82c-4b0c-a0cb-ff02c714db1a
    [success] => YES
)

[2026-01-15 17:02:35] [22 MB] [chunked_processor] Option save result
    DATA: Array
(
    [option_name] => speed_backups_job_17e76a58-a82c-4b0c-a0cb-ff02c714db1a
    [success] => YES
)

[2026-01-15 17:02:35] [22 MB] [chunked_processor] Save verification (direct DB)
    DATA: Array
(
    [verified] => YES
)

[2026-01-15 17:02:35] [22 MB] [chunked_processor] get_job called
    DATA: Array
(
    [job_id] => 17e76a58-a82c-4b0c-a0cb-ff02c714db1a
)

[2026-01-15 17:02:35] [22 MB] [chunked_processor] Transient lookup result
    DATA: Array
(
    [option_name] => speed_backups_job_17e76a58-a82c-4b0c-a0cb-ff02c714db1a
    [found] => YES
)

[2026-01-15 17:02:35] [22 MB] [chunked_processor] Job retrieved successfully
    DATA: Array
(
    [status] => running
    [type] => backup
)

[2026-01-15 17:02:35] [22 MB] [chunked_processor] get_job called
    DATA: Array
(
    [job_id] => 17e76a58-a82c-4b0c-a0cb-ff02c714db1a
)

[2026-01-15 17:02:35] [22 MB] [chunked_processor] Transient lookup result
    DATA: Array
(
    [option_name] => speed_backups_job_17e76a58-a82c-4b0c-a0cb-ff02c714db1a
    [found] => YES
)

[2026-01-15 17:02:35] [22 MB] [chunked_processor] Job retrieved successfully
    DATA: Array
(
    [status] => running
    [type] => backup
)

[2026-01-15 17:02:35] [22 MB] [ERROR_HANDLER] PHP error handlers registered
[2026-01-15 17:02:35] [22 MB] [chunked_processor] get_job called
    DATA: Array
(
    [job_id] => 17e76a58-a82c-4b0c-a0cb-ff02c714db1a
)

[2026-01-15 17:02:35] [22 MB] [chunked_processor] Transient lookup result
    DATA: Array
(
    [option_name] => speed_backups_job_17e76a58-a82c-4b0c-a0cb-ff02c714db1a
    [found] => YES
)

[2026-01-15 17:02:35] [22 MB] [chunked_processor] Job retrieved successfully
    DATA: Array
(
    [status] => running
    [type] => backup
)

[2026-01-15 17:02:35] [22 MB] [chunked_processor] get_job called
    DATA: Array
(
    [job_id] => 17e76a58-a82c-4b0c-a0cb-ff02c714db1a
)

[2026-01-15 17:02:35] [22 MB] [chunked_processor] Transient lookup result
    DATA: Array
(
    [option_name] => speed_backups_job_17e76a58-a82c-4b0c-a0cb-ff02c714db1a
    [found] => YES
)

[2026-01-15 17:02:35] [22 MB] [chunked_processor] Job retrieved successfully
    DATA: Array
(
    [status] => running
    [type] => backup
)

[2026-01-15 17:02:35] [22 MB] [chunked_processor] get_job called
    DATA: Array
(
    [job_id] => 17e76a58-a82c-4b0c-a0cb-ff02c714db1a
)

[2026-01-15 17:02:35] [22 MB] [chunked_processor] Transient lookup result
    DATA: Array
(
    [option_name] => speed_backups_job_17e76a58-a82c-4b0c-a0cb-ff02c714db1a
    [found] => YES
)

[2026-01-15 17:02:35] [22 MB] [chunked_processor] Job retrieved successfully
    DATA: Array
(
    [status] => running
    [type] => backup
)

[2026-01-15 17:02:35] [22 MB] [chunked_processor] save_job called
    DATA: Array
(
    [job_id] => 17e76a58-a82c-4b0c-a0cb-ff02c714db1a
    [status] => running
)

[2026-01-15 17:02:35] [22 MB] [chunked_processor] Transient save result
    DATA: Array
(
    [option_name] => speed_backups_job_17e76a58-a82c-4b0c-a0cb-ff02c714db1a
    [success] => YES
)

[2026-01-15 17:02:35] [22 MB] [chunked_processor] Option save result
    DATA: Array
(
    [option_name] => speed_backups_job_17e76a58-a82c-4b0c-a0cb-ff02c714db1a
    [success] => YES
)

[2026-01-15 17:02:35] [22 MB] [chunked_processor] Save verification (direct DB)
    DATA: Array
(
    [verified] => YES
)

[2026-01-15 17:02:36] [24 MB] [chunked_processor] get_job called
    DATA: Array
(
    [job_id] => 17e76a58-a82c-4b0c-a0cb-ff02c714db1a
)

[2026-01-15 17:02:36] [24 MB] [chunked_processor] Transient lookup result
    DATA: Array
(
    [option_name] => speed_backups_job_17e76a58-a82c-4b0c-a0cb-ff02c714db1a
    [found] => YES
)

[2026-01-15 17:02:36] [24 MB] [chunked_processor] Job retrieved successfully
    DATA: Array
(
    [status] => running
    [type] => backup
)

[2026-01-15 17:02:36] [24 MB] [chunked_processor] save_job called
    DATA: Array
(
    [job_id] => 17e76a58-a82c-4b0c-a0cb-ff02c714db1a
    [status] => running
)

[2026-01-15 17:02:36] [24 MB] [chunked_processor] Transient save result
    DATA: Array
(
    [option_name] => speed_backups_job_17e76a58-a82c-4b0c-a0cb-ff02c714db1a
    [success] => YES
)

[2026-01-15 17:02:36] [24 MB] [chunked_processor] Option save result
    DATA: Array
(
    [option_name] => speed_backups_job_17e76a58-a82c-4b0c-a0cb-ff02c714db1a
    [success] => YES
)

[2026-01-15 17:02:36] [24 MB] [chunked_processor] Save verification (direct DB)
    DATA: Array
(
    [verified] => YES
)

[2026-01-15 17:02:36] [24 MB] [chunked_processor] get_job called
    DATA: Array
(
    [job_id] => 17e76a58-a82c-4b0c-a0cb-ff02c714db1a
)

[2026-01-15 17:02:36] [24 MB] [chunked_processor] Transient lookup result
    DATA: Array
(
    [option_name] => speed_backups_job_17e76a58-a82c-4b0c-a0cb-ff02c714db1a
    [found] => YES
)

[2026-01-15 17:02:36] [24 MB] [chunked_processor] Job retrieved successfully
    DATA: Array
(
    [status] => running
    [type] => backup
)

[2026-01-15 17:02:36] [24 MB] [chunked_processor] get_job called
    DATA: Array
(
    [job_id] => 17e76a58-a82c-4b0c-a0cb-ff02c714db1a
)

[2026-01-15 17:02:36] [24 MB] [chunked_processor] Transient lookup result
    DATA: Array
(
    [option_name] => speed_backups_job_17e76a58-a82c-4b0c-a0cb-ff02c714db1a
    [found] => YES
)

[2026-01-15 17:02:36] [24 MB] [chunked_processor] Job retrieved successfully
    DATA: Array
(
    [status] => running
    [type] => backup
)

[2026-01-15 17:02:36] [22 MB] [ERROR_HANDLER] PHP error handlers registered
[2026-01-15 17:02:36] [22 MB] [chunked_processor] get_job called
    DATA: Array
(
    [job_id] => 17e76a58-a82c-4b0c-a0cb-ff02c714db1a
)

[2026-01-15 17:02:36] [22 MB] [chunked_processor] Transient lookup result
    DATA: Array
(
    [option_name] => speed_backups_job_17e76a58-a82c-4b0c-a0cb-ff02c714db1a
    [found] => YES
)

[2026-01-15 17:02:36] [22 MB] [chunked_processor] Job retrieved successfully
    DATA: Array
(
    [status] => running
    [type] => backup
)

[2026-01-15 17:02:36] [22 MB] [chunked_processor] get_job called
    DATA: Array
(
    [job_id] => 17e76a58-a82c-4b0c-a0cb-ff02c714db1a
)

[2026-01-15 17:02:36] [22 MB] [chunked_processor] Transient lookup result
    DATA: Array
(
    [option_name] => speed_backups_job_17e76a58-a82c-4b0c-a0cb-ff02c714db1a
    [found] => YES
)

[2026-01-15 17:02:36] [22 MB] [chunked_processor] Job retrieved successfully
    DATA: Array
(
    [status] => running
    [type] => backup
)

[2026-01-15 17:02:36] [22 MB] [chunked_processor] get_job called
    DATA: Array
(
    [job_id] => 17e76a58-a82c-4b0c-a0cb-ff02c714db1a
)

[2026-01-15 17:02:36] [22 MB] [chunked_processor] Transient lookup result
    DATA: Array
(
    [option_name] => speed_backups_job_17e76a58-a82c-4b0c-a0cb-ff02c714db1a
    [found] => YES
)

[2026-01-15 17:02:36] [22 MB] [chunked_processor] Job retrieved successfully
    DATA: Array
(
    [status] => running
    [type] => backup
)

[2026-01-15 17:02:36] [22 MB] [chunked_processor] save_job called
    DATA: Array
(
    [job_id] => 17e76a58-a82c-4b0c-a0cb-ff02c714db1a
    [status] => running
)

[2026-01-15 17:02:36] [22 MB] [chunked_processor] Transient save result
    DATA: Array
(
    [option_name] => speed_backups_job_17e76a58-a82c-4b0c-a0cb-ff02c714db1a
    [success] => YES
)

[2026-01-15 17:02:36] [22 MB] [chunked_processor] Option save result
    DATA: Array
(
    [option_name] => speed_backups_job_17e76a58-a82c-4b0c-a0cb-ff02c714db1a
    [success] => YES
)

[2026-01-15 17:02:36] [22 MB] [chunked_processor] Save verification (direct DB)
    DATA: Array
(
    [verified] => YES
)

[2026-01-15 17:02:37] [26 MB] [chunked_processor] get_job called
    DATA: Array
(
    [job_id] => 17e76a58-a82c-4b0c-a0cb-ff02c714db1a
)

[2026-01-15 17:02:37] [26 MB] [chunked_processor] Transient lookup result
    DATA: Array
(
    [option_name] => speed_backups_job_17e76a58-a82c-4b0c-a0cb-ff02c714db1a
    [found] => YES
)

[2026-01-15 17:02:37] [26 MB] [chunked_processor] Job retrieved successfully
    DATA: Array
(
    [status] => running
    [type] => backup
)

[2026-01-15 17:02:37] [26 MB] [chunked_processor] save_job called
    DATA: Array
(
    [job_id] => 17e76a58-a82c-4b0c-a0cb-ff02c714db1a
    [status] => running
)

[2026-01-15 17:02:37] [26 MB] [chunked_processor] Transient save result
    DATA: Array
(
    [option_name] => speed_backups_job_17e76a58-a82c-4b0c-a0cb-ff02c714db1a
    [success] => YES
)

[2026-01-15 17:02:37] [26 MB] [chunked_processor] Option save result
    DATA: Array
(
    [option_name] => speed_backups_job_17e76a58-a82c-4b0c-a0cb-ff02c714db1a
    [success] => YES
)

[2026-01-15 17:02:37] [26 MB] [chunked_processor] Save verification (direct DB)
    DATA: Array
(
    [verified] => YES
)

[2026-01-15 17:02:37] [26 MB] [chunked_processor] get_job called
    DATA: Array
(
    [job_id] => 17e76a58-a82c-4b0c-a0cb-ff02c714db1a
)

[2026-01-15 17:02:37] [26 MB] [chunked_processor] Transient lookup result
    DATA: Array
(
    [option_name] => speed_backups_job_17e76a58-a82c-4b0c-a0cb-ff02c714db1a
    [found] => YES
)

[2026-01-15 17:02:37] [26 MB] [chunked_processor] Job retrieved successfully
    DATA: Array
(
    [status] => running
    [type] => backup
)

[2026-01-15 17:02:37] [26 MB] [chunked_processor] get_job called
    DATA: Array
(
    [job_id] => 17e76a58-a82c-4b0c-a0cb-ff02c714db1a
)

[2026-01-15 17:02:37] [26 MB] [chunked_processor] Transient lookup result
    DATA: Array
(
    [option_name] => speed_backups_job_17e76a58-a82c-4b0c-a0cb-ff02c714db1a
    [found] => YES
)

[2026-01-15 17:02:37] [26 MB] [chunked_processor] Job retrieved successfully
    DATA: Array
(
    [status] => running
    [type] => backup
)

[2026-01-15 17:02:38] [22 MB] [ERROR_HANDLER] PHP error handlers registered
[2026-01-15 17:02:38] [22 MB] [chunked_processor] get_job called
    DATA: Array
(
    [job_id] => 17e76a58-a82c-4b0c-a0cb-ff02c714db1a
)

[2026-01-15 17:02:38] [22 MB] [chunked_processor] Transient lookup result
    DATA: Array
(
    [option_name] => speed_backups_job_17e76a58-a82c-4b0c-a0cb-ff02c714db1a
    [found] => YES
)

[2026-01-15 17:02:38] [22 MB] [chunked_processor] Job retrieved successfully
    DATA: Array
(
    [status] => running
    [type] => backup
)

[2026-01-15 17:02:38] [22 MB] [chunked_processor] get_job called
    DATA: Array
(
    [job_id] => 17e76a58-a82c-4b0c-a0cb-ff02c714db1a
)

[2026-01-15 17:02:38] [22 MB] [chunked_processor] Transient lookup result
    DATA: Array
(
    [option_name] => speed_backups_job_17e76a58-a82c-4b0c-a0cb-ff02c714db1a
    [found] => YES
)

[2026-01-15 17:02:38] [22 MB] [chunked_processor] Job retrieved successfully
    DATA: Array
(
    [status] => running
    [type] => backup
)

[2026-01-15 17:02:38] [22 MB] [chunked_processor] get_job called
    DATA: Array
(
    [job_id] => 17e76a58-a82c-4b0c-a0cb-ff02c714db1a
)

[2026-01-15 17:02:38] [22 MB] [chunked_processor] Transient lookup result
    DATA: Array
(
    [option_name] => speed_backups_job_17e76a58-a82c-4b0c-a0cb-ff02c714db1a
    [found] => YES
)

[2026-01-15 17:02:38] [22 MB] [chunked_processor] Job retrieved successfully
    DATA: Array
(
    [status] => running
    [type] => backup
)

[2026-01-15 17:02:38] [22 MB] [chunked_processor] save_job called
    DATA: Array
(
    [job_id] => 17e76a58-a82c-4b0c-a0cb-ff02c714db1a
    [status] => running
)

[2026-01-15 17:02:38] [22 MB] [chunked_processor] Transient save result
    DATA: Array
(
    [option_name] => speed_backups_job_17e76a58-a82c-4b0c-a0cb-ff02c714db1a
    [success] => YES
)

[2026-01-15 17:02:38] [22 MB] [chunked_processor] Option save result
    DATA: Array
(
    [option_name] => speed_backups_job_17e76a58-a82c-4b0c-a0cb-ff02c714db1a
    [success] => YES
)

[2026-01-15 17:02:38] [22 MB] [chunked_processor] Save verification (direct DB)
    DATA: Array
(
    [verified] => YES
)

[2026-01-15 17:02:38] [24 MB] [chunked_processor] get_job called
    DATA: Array
(
    [job_id] => 17e76a58-a82c-4b0c-a0cb-ff02c714db1a
)

[2026-01-15 17:02:38] [24 MB] [chunked_processor] Transient lookup result
    DATA: Array
(
    [option_name] => speed_backups_job_17e76a58-a82c-4b0c-a0cb-ff02c714db1a
    [found] => YES
)

[2026-01-15 17:02:38] [24 MB] [chunked_processor] Job retrieved successfully
    DATA: Array
(
    [status] => running
    [type] => backup
)

[2026-01-15 17:02:38] [24 MB] [chunked_processor] save_job called
    DATA: Array
(
    [job_id] => 17e76a58-a82c-4b0c-a0cb-ff02c714db1a
    [status] => running
)

[2026-01-15 17:02:38] [24 MB] [chunked_processor] Transient save result
    DATA: Array
(
    [option_name] => speed_backups_job_17e76a58-a82c-4b0c-a0cb-ff02c714db1a
    [success] => YES
)

[2026-01-15 17:02:38] [24 MB] [chunked_processor] Option save result
    DATA: Array
(
    [option_name] => speed_backups_job_17e76a58-a82c-4b0c-a0cb-ff02c714db1a
    [success] => YES
)

[2026-01-15 17:02:38] [24 MB] [chunked_processor] Save verification (direct DB)
    DATA: Array
(
    [verified] => YES
)

[2026-01-15 17:02:38] [24 MB] [chunked_processor] get_job called
    DATA: Array
(
    [job_id] => 17e76a58-a82c-4b0c-a0cb-ff02c714db1a
)

[2026-01-15 17:02:38] [24 MB] [chunked_processor] Transient lookup result
    DATA: Array
(
    [option_name] => speed_backups_job_17e76a58-a82c-4b0c-a0cb-ff02c714db1a
    [found] => YES
)

[2026-01-15 17:02:38] [24 MB] [chunked_processor] Job retrieved successfully
    DATA: Array
(
    [status] => running
    [type] => backup
)

[2026-01-15 17:02:38] [24 MB] [chunked_processor] get_job called
    DATA: Array
(
    [job_id] => 17e76a58-a82c-4b0c-a0cb-ff02c714db1a
)

[2026-01-15 17:02:38] [24 MB] [chunked_processor] Transient lookup result
    DATA: Array
(
    [option_name] => speed_backups_job_17e76a58-a82c-4b0c-a0cb-ff02c714db1a
    [found] => YES
)

[2026-01-15 17:02:38] [24 MB] [chunked_processor] Job retrieved successfully
    DATA: Array
(
    [status] => running
    [type] => backup
)

[2026-01-15 17:02:39] [24 MB] [ERROR_HANDLER] PHP error handlers registered
[2026-01-15 17:02:39] [24 MB] [chunked_processor] get_job called
    DATA: Array
(
    [job_id] => 17e76a58-a82c-4b0c-a0cb-ff02c714db1a
)

[2026-01-15 17:02:39] [24 MB] [chunked_processor] Transient lookup result
    DATA: Array
(
    [option_name] => speed_backups_job_17e76a58-a82c-4b0c-a0cb-ff02c714db1a
    [found] => YES
)

[2026-01-15 17:02:39] [24 MB] [chunked_processor] Job retrieved successfully
    DATA: Array
(
    [status] => running
    [type] => backup
)

[2026-01-15 17:02:39] [24 MB] [chunked_processor] get_job called
    DATA: Array
(
    [job_id] => 17e76a58-a82c-4b0c-a0cb-ff02c714db1a
)

[2026-01-15 17:02:39] [24 MB] [chunked_processor] Transient lookup result
    DATA: Array
(
    [option_name] => speed_backups_job_17e76a58-a82c-4b0c-a0cb-ff02c714db1a
    [found] => YES
)

[2026-01-15 17:02:39] [24 MB] [chunked_processor] Job retrieved successfully
    DATA: Array
(
    [status] => running
    [type] => backup
)

[2026-01-15 17:02:39] [24 MB] [chunked_processor] get_job called
    DATA: Array
(
    [job_id] => 17e76a58-a82c-4b0c-a0cb-ff02c714db1a
)

[2026-01-15 17:02:39] [24 MB] [chunked_processor] Transient lookup result
    DATA: Array
(
    [option_name] => speed_backups_job_17e76a58-a82c-4b0c-a0cb-ff02c714db1a
    [found] => YES
)

[2026-01-15 17:02:39] [24 MB] [chunked_processor] Job retrieved successfully
    DATA: Array
(
    [status] => running
    [type] => backup
)

[2026-01-15 17:02:39] [24 MB] [chunked_processor] save_job called
    DATA: Array
(
    [job_id] => 17e76a58-a82c-4b0c-a0cb-ff02c714db1a
    [status] => running
)

[2026-01-15 17:02:39] [24 MB] [chunked_processor] Transient save result
    DATA: Array
(
    [option_name] => speed_backups_job_17e76a58-a82c-4b0c-a0cb-ff02c714db1a
    [success] => YES
)

[2026-01-15 17:02:39] [24 MB] [chunked_processor] Option save result
    DATA: Array
(
    [option_name] => speed_backups_job_17e76a58-a82c-4b0c-a0cb-ff02c714db1a
    [success] => YES
)

[2026-01-15 17:02:39] [24 MB] [chunked_processor] Save verification (direct DB)
    DATA: Array
(
    [verified] => YES
)

[2026-01-15 17:02:39] [24 MB] [chunked_processor] get_job called
    DATA: Array
(
    [job_id] => 17e76a58-a82c-4b0c-a0cb-ff02c714db1a
)

[2026-01-15 17:02:39] [24 MB] [chunked_processor] Transient lookup result
    DATA: Array
(
    [option_name] => speed_backups_job_17e76a58-a82c-4b0c-a0cb-ff02c714db1a
    [found] => YES
)

[2026-01-15 17:02:39] [24 MB] [chunked_processor] Job retrieved successfully
    DATA: Array
(
    [status] => running
    [type] => backup
)

[2026-01-15 17:02:39] [24 MB] [chunked_processor] save_job called
    DATA: Array
(
    [job_id] => 17e76a58-a82c-4b0c-a0cb-ff02c714db1a
    [status] => running
)

[2026-01-15 17:02:39] [24 MB] [chunked_processor] Transient save result
    DATA: Array
(
    [option_name] => speed_backups_job_17e76a58-a82c-4b0c-a0cb-ff02c714db1a
    [success] => YES
)

[2026-01-15 17:02:39] [24 MB] [chunked_processor] Option save result
    DATA: Array
(
    [option_name] => speed_backups_job_17e76a58-a82c-4b0c-a0cb-ff02c714db1a
    [success] => YES
)

[2026-01-15 17:02:39] [24 MB] [chunked_processor] Save verification (direct DB)
    DATA: Array
(
    [verified] => YES
)

[2026-01-15 17:02:39] [24 MB] [chunked_processor] get_job called
    DATA: Array
(
    [job_id] => 17e76a58-a82c-4b0c-a0cb-ff02c714db1a
)

[2026-01-15 17:02:39] [24 MB] [chunked_processor] Transient lookup result
    DATA: Array
(
    [option_name] => speed_backups_job_17e76a58-a82c-4b0c-a0cb-ff02c714db1a
    [found] => YES
)

[2026-01-15 17:02:39] [24 MB] [chunked_processor] Job retrieved successfully
    DATA: Array
(
    [status] => running
    [type] => backup
)

[2026-01-15 17:02:39] [24 MB] [chunked_processor] get_job called
    DATA: Array
(
    [job_id] => 17e76a58-a82c-4b0c-a0cb-ff02c714db1a
)

[2026-01-15 17:02:39] [24 MB] [chunked_processor] Transient lookup result
    DATA: Array
(
    [option_name] => speed_backups_job_17e76a58-a82c-4b0c-a0cb-ff02c714db1a
    [found] => YES
)

[2026-01-15 17:02:39] [24 MB] [chunked_processor] Job retrieved successfully
    DATA: Array
(
    [status] => running
    [type] => backup
)

[2026-01-15 17:02:40] [26 MB] [ERROR_HANDLER] PHP error handlers registered
[2026-01-15 17:02:40] [26 MB] [chunked_processor] get_job called
    DATA: Array
(
    [job_id] => 17e76a58-a82c-4b0c-a0cb-ff02c714db1a
)

[2026-01-15 17:02:40] [26 MB] [chunked_processor] Transient lookup result
    DATA: Array
(
    [option_name] => speed_backups_job_17e76a58-a82c-4b0c-a0cb-ff02c714db1a
    [found] => YES
)

[2026-01-15 17:02:40] [26 MB] [chunked_processor] Job retrieved successfully
    DATA: Array
(
    [status] => running
    [type] => backup
)

[2026-01-15 17:02:40] [26 MB] [chunked_processor] get_job called
    DATA: Array
(
    [job_id] => 17e76a58-a82c-4b0c-a0cb-ff02c714db1a
)

[2026-01-15 17:02:40] [26 MB] [chunked_processor] Transient lookup result
    DATA: Array
(
    [option_name] => speed_backups_job_17e76a58-a82c-4b0c-a0cb-ff02c714db1a
    [found] => YES
)

[2026-01-15 17:02:40] [26 MB] [chunked_processor] Job retrieved successfully
    DATA: Array
(
    [status] => running
    [type] => backup
)

[2026-01-15 17:02:40] [26 MB] [chunked_processor] get_job called
    DATA: Array
(
    [job_id] => 17e76a58-a82c-4b0c-a0cb-ff02c714db1a
)

[2026-01-15 17:02:40] [26 MB] [chunked_processor] Transient lookup result
    DATA: Array
(
    [option_name] => speed_backups_job_17e76a58-a82c-4b0c-a0cb-ff02c714db1a
    [found] => YES
)

[2026-01-15 17:02:40] [26 MB] [chunked_processor] Job retrieved successfully
    DATA: Array
(
    [status] => running
    [type] => backup
)

[2026-01-15 17:02:40] [26 MB] [chunked_processor] save_job called
    DATA: Array
(
    [job_id] => 17e76a58-a82c-4b0c-a0cb-ff02c714db1a
    [status] => running
)

[2026-01-15 17:02:40] [26 MB] [chunked_processor] Transient save result
    DATA: Array
(
    [option_name] => speed_backups_job_17e76a58-a82c-4b0c-a0cb-ff02c714db1a
    [success] => YES
)

[2026-01-15 17:02:40] [26 MB] [chunked_processor] Option save result
    DATA: Array
(
    [option_name] => speed_backups_job_17e76a58-a82c-4b0c-a0cb-ff02c714db1a
    [success] => YES
)

[2026-01-15 17:02:40] [26 MB] [chunked_processor] Save verification (direct DB)
    DATA: Array
(
    [verified] => YES
)

[2026-01-15 17:02:40] [26 MB] [chunked_processor] get_job called
    DATA: Array
(
    [job_id] => 17e76a58-a82c-4b0c-a0cb-ff02c714db1a
)

[2026-01-15 17:02:40] [26 MB] [chunked_processor] Transient lookup result
    DATA: Array
(
    [option_name] => speed_backups_job_17e76a58-a82c-4b0c-a0cb-ff02c714db1a
    [found] => YES
)

[2026-01-15 17:02:40] [26 MB] [chunked_processor] Job retrieved successfully
    DATA: Array
(
    [status] => running
    [type] => backup
)

[2026-01-15 17:02:40] [26 MB] [chunked_processor] save_job called
    DATA: Array
(
    [job_id] => 17e76a58-a82c-4b0c-a0cb-ff02c714db1a
    [status] => running
)

[2026-01-15 17:02:40] [26 MB] [chunked_processor] Transient save result
    DATA: Array
(
    [option_name] => speed_backups_job_17e76a58-a82c-4b0c-a0cb-ff02c714db1a
    [success] => YES
)

[2026-01-15 17:02:40] [26 MB] [chunked_processor] Option save result
    DATA: Array
(
    [option_name] => speed_backups_job_17e76a58-a82c-4b0c-a0cb-ff02c714db1a
    [success] => YES
)

[2026-01-15 17:02:40] [26 MB] [chunked_processor] Save verification (direct DB)
    DATA: Array
(
    [verified] => YES
)

[2026-01-15 17:02:40] [26 MB] [chunked_processor] get_job called
    DATA: Array
(
    [job_id] => 17e76a58-a82c-4b0c-a0cb-ff02c714db1a
)

[2026-01-15 17:02:40] [26 MB] [chunked_processor] Transient lookup result
    DATA: Array
(
    [option_name] => speed_backups_job_17e76a58-a82c-4b0c-a0cb-ff02c714db1a
    [found] => YES
)

[2026-01-15 17:02:40] [26 MB] [chunked_processor] Job retrieved successfully
    DATA: Array
(
    [status] => running
    [type] => backup
)

[2026-01-15 17:02:40] [26 MB] [chunked_processor] get_job called
    DATA: Array
(
    [job_id] => 17e76a58-a82c-4b0c-a0cb-ff02c714db1a
)

[2026-01-15 17:02:40] [26 MB] [chunked_processor] Transient lookup result
    DATA: Array
(
    [option_name] => speed_backups_job_17e76a58-a82c-4b0c-a0cb-ff02c714db1a
    [found] => YES
)

[2026-01-15 17:02:40] [26 MB] [chunked_processor] Job retrieved successfully
    DATA: Array
(
    [status] => running
    [type] => backup
)

[2026-01-15 17:02:40] [24 MB] [ERROR_HANDLER] PHP error handlers registered
[2026-01-15 17:02:40] [24 MB] [chunked_processor] get_job called
    DATA: Array
(
    [job_id] => 17e76a58-a82c-4b0c-a0cb-ff02c714db1a
)

[2026-01-15 17:02:40] [24 MB] [chunked_processor] Transient lookup result
    DATA: Array
(
    [option_name] => speed_backups_job_17e76a58-a82c-4b0c-a0cb-ff02c714db1a
    [found] => YES
)

[2026-01-15 17:02:40] [24 MB] [chunked_processor] Job retrieved successfully
    DATA: Array
(
    [status] => running
    [type] => backup
)

[2026-01-15 17:02:40] [24 MB] [chunked_processor] get_job called
    DATA: Array
(
    [job_id] => 17e76a58-a82c-4b0c-a0cb-ff02c714db1a
)

[2026-01-15 17:02:40] [24 MB] [chunked_processor] Transient lookup result
    DATA: Array
(
    [option_name] => speed_backups_job_17e76a58-a82c-4b0c-a0cb-ff02c714db1a
    [found] => YES
)

[2026-01-15 17:02:40] [24 MB] [chunked_processor] Job retrieved successfully
    DATA: Array
(
    [status] => running
    [type] => backup
)

[2026-01-15 17:02:40] [24 MB] [chunked_processor] get_job called
    DATA: Array
(
    [job_id] => 17e76a58-a82c-4b0c-a0cb-ff02c714db1a
)

[2026-01-15 17:02:40] [24 MB] [chunked_processor] Transient lookup result
    DATA: Array
(
    [option_name] => speed_backups_job_17e76a58-a82c-4b0c-a0cb-ff02c714db1a
    [found] => YES
)

[2026-01-15 17:02:40] [24 MB] [chunked_processor] Job retrieved successfully
    DATA: Array
(
    [status] => running
    [type] => backup
)

[2026-01-15 17:02:40] [24 MB] [chunked_processor] save_job called
    DATA: Array
(
    [job_id] => 17e76a58-a82c-4b0c-a0cb-ff02c714db1a
    [status] => running
)

[2026-01-15 17:02:40] [24 MB] [chunked_processor] Transient save result
    DATA: Array
(
    [option_name] => speed_backups_job_17e76a58-a82c-4b0c-a0cb-ff02c714db1a
    [success] => YES
)

[2026-01-15 17:02:40] [24 MB] [chunked_processor] Option save result
    DATA: Array
(
    [option_name] => speed_backups_job_17e76a58-a82c-4b0c-a0cb-ff02c714db1a
    [success] => YES
)

[2026-01-15 17:02:40] [24 MB] [chunked_processor] Save verification (direct DB)
    DATA: Array
(
    [verified] => YES
)

[2026-01-15 17:02:41] [24 MB] [chunked_processor] get_job called
    DATA: Array
(
    [job_id] => 17e76a58-a82c-4b0c-a0cb-ff02c714db1a
)

[2026-01-15 17:02:41] [24 MB] [chunked_processor] Transient lookup result
    DATA: Array
(
    [option_name] => speed_backups_job_17e76a58-a82c-4b0c-a0cb-ff02c714db1a
    [found] => YES
)

[2026-01-15 17:02:41] [24 MB] [chunked_processor] Job retrieved successfully
    DATA: Array
(
    [status] => running
    [type] => backup
)

[2026-01-15 17:02:41] [24 MB] [chunked_processor] save_job called
    DATA: Array
(
    [job_id] => 17e76a58-a82c-4b0c-a0cb-ff02c714db1a
    [status] => running
)

[2026-01-15 17:02:41] [24 MB] [chunked_processor] Transient save result
    DATA: Array
(
    [option_name] => speed_backups_job_17e76a58-a82c-4b0c-a0cb-ff02c714db1a
    [success] => YES
)

[2026-01-15 17:02:41] [24 MB] [chunked_processor] Option save result
    DATA: Array
(
    [option_name] => speed_backups_job_17e76a58-a82c-4b0c-a0cb-ff02c714db1a
    [success] => YES
)

[2026-01-15 17:02:41] [24 MB] [chunked_processor] Save verification (direct DB)
    DATA: Array
(
    [verified] => YES
)

[2026-01-15 17:02:41] [24 MB] [chunked_processor] get_job called
    DATA: Array
(
    [job_id] => 17e76a58-a82c-4b0c-a0cb-ff02c714db1a
)

[2026-01-15 17:02:41] [24 MB] [chunked_processor] Transient lookup result
    DATA: Array
(
    [option_name] => speed_backups_job_17e76a58-a82c-4b0c-a0cb-ff02c714db1a
    [found] => YES
)

[2026-01-15 17:02:41] [24 MB] [chunked_processor] Job retrieved successfully
    DATA: Array
(
    [status] => running
    [type] => backup
)

[2026-01-15 17:02:41] [24 MB] [chunked_processor] get_job called
    DATA: Array
(
    [job_id] => 17e76a58-a82c-4b0c-a0cb-ff02c714db1a
)

[2026-01-15 17:02:41] [24 MB] [chunked_processor] Transient lookup result
    DATA: Array
(
    [option_name] => speed_backups_job_17e76a58-a82c-4b0c-a0cb-ff02c714db1a
    [found] => YES
)

[2026-01-15 17:02:41] [24 MB] [chunked_processor] Job retrieved successfully
    DATA: Array
(
    [status] => running
    [type] => backup
)

[2026-01-15 17:02:41] [24 MB] [ERROR_HANDLER] PHP error handlers registered
[2026-01-15 17:02:41] [24 MB] [chunked_processor] get_job called
    DATA: Array
(
    [job_id] => 17e76a58-a82c-4b0c-a0cb-ff02c714db1a
)

[2026-01-15 17:02:41] [24 MB] [chunked_processor] Transient lookup result
    DATA: Array
(
    [option_name] => speed_backups_job_17e76a58-a82c-4b0c-a0cb-ff02c714db1a
    [found] => YES
)

[2026-01-15 17:02:41] [24 MB] [chunked_processor] Job retrieved successfully
    DATA: Array
(
    [status] => running
    [type] => backup
)

[2026-01-15 17:02:41] [24 MB] [chunked_processor] get_job called
    DATA: Array
(
    [job_id] => 17e76a58-a82c-4b0c-a0cb-ff02c714db1a
)

[2026-01-15 17:02:41] [24 MB] [chunked_processor] Transient lookup result
    DATA: Array
(
    [option_name] => speed_backups_job_17e76a58-a82c-4b0c-a0cb-ff02c714db1a
    [found] => YES
)

[2026-01-15 17:02:41] [24 MB] [chunked_processor] Job retrieved successfully
    DATA: Array
(
    [status] => running
    [type] => backup
)

[2026-01-15 17:02:41] [24 MB] [chunked_processor] get_job called
    DATA: Array
(
    [job_id] => 17e76a58-a82c-4b0c-a0cb-ff02c714db1a
)

[2026-01-15 17:02:41] [24 MB] [chunked_processor] Transient lookup result
    DATA: Array
(
    [option_name] => speed_backups_job_17e76a58-a82c-4b0c-a0cb-ff02c714db1a
    [found] => YES
)

[2026-01-15 17:02:41] [24 MB] [chunked_processor] Job retrieved successfully
    DATA: Array
(
    [status] => running
    [type] => backup
)

[2026-01-15 17:02:41] [24 MB] [chunked_processor] save_job called
    DATA: Array
(
    [job_id] => 17e76a58-a82c-4b0c-a0cb-ff02c714db1a
    [status] => running
)

[2026-01-15 17:02:41] [24 MB] [chunked_processor] Transient save result
    DATA: Array
(
    [option_name] => speed_backups_job_17e76a58-a82c-4b0c-a0cb-ff02c714db1a
    [success] => YES
)

[2026-01-15 17:02:41] [24 MB] [chunked_processor] Option save result
    DATA: Array
(
    [option_name] => speed_backups_job_17e76a58-a82c-4b0c-a0cb-ff02c714db1a
    [success] => YES
)

[2026-01-15 17:02:41] [24 MB] [chunked_processor] Save verification (direct DB)
    DATA: Array
(
    [verified] => YES
)

[2026-01-15 17:02:42] [24 MB] [chunked_processor] get_job called
    DATA: Array
(
    [job_id] => 17e76a58-a82c-4b0c-a0cb-ff02c714db1a
)

[2026-01-15 17:02:42] [24 MB] [chunked_processor] Transient lookup result
    DATA: Array
(
    [option_name] => speed_backups_job_17e76a58-a82c-4b0c-a0cb-ff02c714db1a
    [found] => YES
)

[2026-01-15 17:02:42] [24 MB] [chunked_processor] Job retrieved successfully
    DATA: Array
(
    [status] => running
    [type] => backup
)

[2026-01-15 17:02:42] [24 MB] [chunked_processor] save_job called
    DATA: Array
(
    [job_id] => 17e76a58-a82c-4b0c-a0cb-ff02c714db1a
    [status] => running
)

[2026-01-15 17:02:42] [24 MB] [chunked_processor] Transient save result
    DATA: Array
(
    [option_name] => speed_backups_job_17e76a58-a82c-4b0c-a0cb-ff02c714db1a
    [success] => YES
)

[2026-01-15 17:02:42] [24 MB] [chunked_processor] Option save result
    DATA: Array
(
    [option_name] => speed_backups_job_17e76a58-a82c-4b0c-a0cb-ff02c714db1a
    [success] => YES
)

[2026-01-15 17:02:42] [24 MB] [chunked_processor] Save verification (direct DB)
    DATA: Array
(
    [verified] => YES
)

[2026-01-15 17:02:42] [24 MB] [chunked_processor] get_job called
    DATA: Array
(
    [job_id] => 17e76a58-a82c-4b0c-a0cb-ff02c714db1a
)

[2026-01-15 17:02:42] [24 MB] [chunked_processor] Transient lookup result
    DATA: Array
(
    [option_name] => speed_backups_job_17e76a58-a82c-4b0c-a0cb-ff02c714db1a
    [found] => YES
)

[2026-01-15 17:02:42] [24 MB] [chunked_processor] Job retrieved successfully
    DATA: Array
(
    [status] => running
    [type] => backup
)

[2026-01-15 17:02:42] [24 MB] [chunked_processor] get_job called
    DATA: Array
(
    [job_id] => 17e76a58-a82c-4b0c-a0cb-ff02c714db1a
)

[2026-01-15 17:02:42] [24 MB] [chunked_processor] Transient lookup result
    DATA: Array
(
    [option_name] => speed_backups_job_17e76a58-a82c-4b0c-a0cb-ff02c714db1a
    [found] => YES
)

[2026-01-15 17:02:42] [24 MB] [chunked_processor] Job retrieved successfully
    DATA: Array
(
    [status] => running
    [type] => backup
)

[2026-01-15 17:02:42] [24 MB] [ERROR_HANDLER] PHP error handlers registered
[2026-01-15 17:02:42] [24 MB] [chunked_processor] get_job called
    DATA: Array
(
    [job_id] => 17e76a58-a82c-4b0c-a0cb-ff02c714db1a
)

[2026-01-15 17:02:42] [24 MB] [chunked_processor] Transient lookup result
    DATA: Array
(
    [option_name] => speed_backups_job_17e76a58-a82c-4b0c-a0cb-ff02c714db1a
    [found] => YES
)

[2026-01-15 17:02:42] [24 MB] [chunked_processor] Job retrieved successfully
    DATA: Array
(
    [status] => running
    [type] => backup
)

[2026-01-15 17:02:42] [24 MB] [chunked_processor] get_job called
    DATA: Array
(
    [job_id] => 17e76a58-a82c-4b0c-a0cb-ff02c714db1a
)

[2026-01-15 17:02:42] [24 MB] [chunked_processor] Transient lookup result
    DATA: Array
(
    [option_name] => speed_backups_job_17e76a58-a82c-4b0c-a0cb-ff02c714db1a
    [found] => YES
)

[2026-01-15 17:02:42] [24 MB] [chunked_processor] Job retrieved successfully
    DATA: Array
(
    [status] => running
    [type] => backup
)

[2026-01-15 17:02:42] [24 MB] [chunked_processor] get_job called
    DATA: Array
(
    [job_id] => 17e76a58-a82c-4b0c-a0cb-ff02c714db1a
)

[2026-01-15 17:02:42] [24 MB] [chunked_processor] Transient lookup result
    DATA: Array
(
    [option_name] => speed_backups_job_17e76a58-a82c-4b0c-a0cb-ff02c714db1a
    [found] => YES
)

[2026-01-15 17:02:42] [24 MB] [chunked_processor] Job retrieved successfully
    DATA: Array
(
    [status] => running
    [type] => backup
)

[2026-01-15 17:02:42] [24 MB] [chunked_processor] save_job called
    DATA: Array
(
    [job_id] => 17e76a58-a82c-4b0c-a0cb-ff02c714db1a
    [status] => running
)

[2026-01-15 17:02:42] [24 MB] [chunked_processor] Transient save result
    DATA: Array
(
    [option_name] => speed_backups_job_17e76a58-a82c-4b0c-a0cb-ff02c714db1a
    [success] => YES
)

[2026-01-15 17:02:42] [24 MB] [chunked_processor] Option save result
    DATA: Array
(
    [option_name] => speed_backups_job_17e76a58-a82c-4b0c-a0cb-ff02c714db1a
    [success] => YES
)

[2026-01-15 17:02:42] [24 MB] [chunked_processor] Save verification (direct DB)
    DATA: Array
(
    [verified] => YES
)

[2026-01-15 17:02:42] [24 MB] [chunked_processor] get_job called
    DATA: Array
(
    [job_id] => 17e76a58-a82c-4b0c-a0cb-ff02c714db1a
)

[2026-01-15 17:02:42] [24 MB] [chunked_processor] Transient lookup result
    DATA: Array
(
    [option_name] => speed_backups_job_17e76a58-a82c-4b0c-a0cb-ff02c714db1a
    [found] => YES
)

[2026-01-15 17:02:42] [24 MB] [chunked_processor] Job retrieved successfully
    DATA: Array
(
    [status] => running
    [type] => backup
)

[2026-01-15 17:02:42] [24 MB] [chunked_processor] save_job called
    DATA: Array
(
    [job_id] => 17e76a58-a82c-4b0c-a0cb-ff02c714db1a
    [status] => running
)

[2026-01-15 17:02:42] [24 MB] [chunked_processor] Transient save result
    DATA: Array
(
    [option_name] => speed_backups_job_17e76a58-a82c-4b0c-a0cb-ff02c714db1a
    [success] => YES
)

[2026-01-15 17:02:42] [24 MB] [chunked_processor] Option save result
    DATA: Array
(
    [option_name] => speed_backups_job_17e76a58-a82c-4b0c-a0cb-ff02c714db1a
    [success] => YES
)

[2026-01-15 17:02:42] [24 MB] [chunked_processor] Save verification (direct DB)
    DATA: Array
(
    [verified] => YES
)

[2026-01-15 17:02:42] [24 MB] [chunked_processor] get_job called
    DATA: Array
(
    [job_id] => 17e76a58-a82c-4b0c-a0cb-ff02c714db1a
)

[2026-01-15 17:02:42] [24 MB] [chunked_processor] Transient lookup result
    DATA: Array
(
    [option_name] => speed_backups_job_17e76a58-a82c-4b0c-a0cb-ff02c714db1a
    [found] => YES
)

[2026-01-15 17:02:42] [24 MB] [chunked_processor] Job retrieved successfully
    DATA: Array
(
    [status] => running
    [type] => backup
)

[2026-01-15 17:02:42] [24 MB] [chunked_processor] get_job called
    DATA: Array
(
    [job_id] => 17e76a58-a82c-4b0c-a0cb-ff02c714db1a
)

[2026-01-15 17:02:42] [24 MB] [chunked_processor] Transient lookup result
    DATA: Array
(
    [option_name] => speed_backups_job_17e76a58-a82c-4b0c-a0cb-ff02c714db1a
    [found] => YES
)

[2026-01-15 17:02:42] [24 MB] [chunked_processor] Job retrieved successfully
    DATA: Array
(
    [status] => running
    [type] => backup
)

[2026-01-15 17:02:43] [22 MB] [ERROR_HANDLER] PHP error handlers registered
[2026-01-15 17:02:43] [22 MB] [chunked_processor] get_job called
    DATA: Array
(
    [job_id] => 17e76a58-a82c-4b0c-a0cb-ff02c714db1a
)

[2026-01-15 17:02:43] [22 MB] [chunked_processor] Transient lookup result
    DATA: Array
(
    [option_name] => speed_backups_job_17e76a58-a82c-4b0c-a0cb-ff02c714db1a
    [found] => YES
)

[2026-01-15 17:02:43] [22 MB] [chunked_processor] Job retrieved successfully
    DATA: Array
(
    [status] => running
    [type] => backup
)

[2026-01-15 17:02:43] [22 MB] [chunked_processor] get_job called
    DATA: Array
(
    [job_id] => 17e76a58-a82c-4b0c-a0cb-ff02c714db1a
)

[2026-01-15 17:02:43] [22 MB] [chunked_processor] Transient lookup result
    DATA: Array
(
    [option_name] => speed_backups_job_17e76a58-a82c-4b0c-a0cb-ff02c714db1a
    [found] => YES
)

[2026-01-15 17:02:43] [22 MB] [chunked_processor] Job retrieved successfully
    DATA: Array
(
    [status] => running
    [type] => backup
)

[2026-01-15 17:02:43] [22 MB] [chunked_processor] get_job called
    DATA: Array
(
    [job_id] => 17e76a58-a82c-4b0c-a0cb-ff02c714db1a
)

[2026-01-15 17:02:43] [22 MB] [chunked_processor] Transient lookup result
    DATA: Array
(
    [option_name] => speed_backups_job_17e76a58-a82c-4b0c-a0cb-ff02c714db1a
    [found] => YES
)

[2026-01-15 17:02:43] [22 MB] [chunked_processor] Job retrieved successfully
    DATA: Array
(
    [status] => running
    [type] => backup
)

[2026-01-15 17:02:43] [22 MB] [chunked_processor] save_job called
    DATA: Array
(
    [job_id] => 17e76a58-a82c-4b0c-a0cb-ff02c714db1a
    [status] => running
)

[2026-01-15 17:02:43] [22 MB] [chunked_processor] Transient save result
    DATA: Array
(
    [option_name] => speed_backups_job_17e76a58-a82c-4b0c-a0cb-ff02c714db1a
    [success] => YES
)

[2026-01-15 17:02:43] [22 MB] [chunked_processor] Option save result
    DATA: Array
(
    [option_name] => speed_backups_job_17e76a58-a82c-4b0c-a0cb-ff02c714db1a
    [success] => YES
)

[2026-01-15 17:02:43] [22 MB] [chunked_processor] Save verification (direct DB)
    DATA: Array
(
    [verified] => YES
)

[2026-01-15 17:02:43] [22 MB] [chunked_processor] get_job called
    DATA: Array
(
    [job_id] => 17e76a58-a82c-4b0c-a0cb-ff02c714db1a
)

[2026-01-15 17:02:43] [22 MB] [chunked_processor] Transient lookup result
    DATA: Array
(
    [option_name] => speed_backups_job_17e76a58-a82c-4b0c-a0cb-ff02c714db1a
    [found] => YES
)

[2026-01-15 17:02:43] [22 MB] [chunked_processor] Job retrieved successfully
    DATA: Array
(
    [status] => running
    [type] => backup
)

[2026-01-15 17:02:43] [22 MB] [chunked_processor] save_job called
    DATA: Array
(
    [job_id] => 17e76a58-a82c-4b0c-a0cb-ff02c714db1a
    [status] => running
)

[2026-01-15 17:02:43] [22 MB] [chunked_processor] Transient save result
    DATA: Array
(
    [option_name] => speed_backups_job_17e76a58-a82c-4b0c-a0cb-ff02c714db1a
    [success] => YES
)

[2026-01-15 17:02:43] [22 MB] [chunked_processor] Option save result
    DATA: Array
(
    [option_name] => speed_backups_job_17e76a58-a82c-4b0c-a0cb-ff02c714db1a
    [success] => YES
)

[2026-01-15 17:02:43] [22 MB] [chunked_processor] Save verification (direct DB)
    DATA: Array
(
    [verified] => YES
)

[2026-01-15 17:02:43] [22 MB] [chunked_processor] get_job called
    DATA: Array
(
    [job_id] => 17e76a58-a82c-4b0c-a0cb-ff02c714db1a
)

[2026-01-15 17:02:43] [22 MB] [chunked_processor] Transient lookup result
    DATA: Array
(
    [option_name] => speed_backups_job_17e76a58-a82c-4b0c-a0cb-ff02c714db1a
    [found] => YES
)

[2026-01-15 17:02:43] [22 MB] [chunked_processor] Job retrieved successfully
    DATA: Array
(
    [status] => running
    [type] => backup
)

[2026-01-15 17:02:43] [22 MB] [chunked_processor] get_job called
    DATA: Array
(
    [job_id] => 17e76a58-a82c-4b0c-a0cb-ff02c714db1a
)

[2026-01-15 17:02:43] [22 MB] [chunked_processor] Transient lookup result
    DATA: Array
(
    [option_name] => speed_backups_job_17e76a58-a82c-4b0c-a0cb-ff02c714db1a
    [found] => YES
)

[2026-01-15 17:02:43] [22 MB] [chunked_processor] Job retrieved successfully
    DATA: Array
(
    [status] => running
    [type] => backup
)

[2026-01-15 17:02:43] [22 MB] [ERROR_HANDLER] PHP error handlers registered
[2026-01-15 17:02:43] [22 MB] [chunked_processor] get_job called
    DATA: Array
(
    [job_id] => 17e76a58-a82c-4b0c-a0cb-ff02c714db1a
)

[2026-01-15 17:02:43] [22 MB] [chunked_processor] Transient lookup result
    DATA: Array
(
    [option_name] => speed_backups_job_17e76a58-a82c-4b0c-a0cb-ff02c714db1a
    [found] => YES
)

[2026-01-15 17:02:43] [22 MB] [chunked_processor] Job retrieved successfully
    DATA: Array
(
    [status] => running
    [type] => backup
)

[2026-01-15 17:02:43] [22 MB] [chunked_processor] get_job called
    DATA: Array
(
    [job_id] => 17e76a58-a82c-4b0c-a0cb-ff02c714db1a
)

[2026-01-15 17:02:43] [22 MB] [chunked_processor] Transient lookup result
    DATA: Array
(
    [option_name] => speed_backups_job_17e76a58-a82c-4b0c-a0cb-ff02c714db1a
    [found] => YES
)

[2026-01-15 17:02:43] [22 MB] [chunked_processor] Job retrieved successfully
    DATA: Array
(
    [status] => running
    [type] => backup
)

[2026-01-15 17:02:43] [22 MB] [chunked_processor] get_job called
    DATA: Array
(
    [job_id] => 17e76a58-a82c-4b0c-a0cb-ff02c714db1a
)

[2026-01-15 17:02:43] [22 MB] [chunked_processor] Transient lookup result
    DATA: Array
(
    [option_name] => speed_backups_job_17e76a58-a82c-4b0c-a0cb-ff02c714db1a
    [found] => YES
)

[2026-01-15 17:02:43] [22 MB] [chunked_processor] Job retrieved successfully
    DATA: Array
(
    [status] => running
    [type] => backup
)

[2026-01-15 17:02:43] [22 MB] [chunked_processor] save_job called
    DATA: Array
(
    [job_id] => 17e76a58-a82c-4b0c-a0cb-ff02c714db1a
    [status] => running
)

[2026-01-15 17:02:43] [22 MB] [chunked_processor] Transient save result
    DATA: Array
(
    [option_name] => speed_backups_job_17e76a58-a82c-4b0c-a0cb-ff02c714db1a
    [success] => YES
)

[2026-01-15 17:02:43] [22 MB] [chunked_processor] Option save result
    DATA: Array
(
    [option_name] => speed_backups_job_17e76a58-a82c-4b0c-a0cb-ff02c714db1a
    [success] => YES
)

[2026-01-15 17:02:43] [22 MB] [chunked_processor] Save verification (direct DB)
    DATA: Array
(
    [verified] => YES
)

[2026-01-15 17:02:44] [22 MB] [chunked_processor] get_job called
    DATA: Array
(
    [job_id] => 17e76a58-a82c-4b0c-a0cb-ff02c714db1a
)

[2026-01-15 17:02:44] [22 MB] [chunked_processor] Transient lookup result
    DATA: Array
(
    [option_name] => speed_backups_job_17e76a58-a82c-4b0c-a0cb-ff02c714db1a
    [found] => YES
)

[2026-01-15 17:02:44] [22 MB] [chunked_processor] Job retrieved successfully
    DATA: Array
(
    [status] => running
    [type] => backup
)

[2026-01-15 17:02:44] [22 MB] [chunked_processor] save_job called
    DATA: Array
(
    [job_id] => 17e76a58-a82c-4b0c-a0cb-ff02c714db1a
    [status] => running
)

[2026-01-15 17:02:44] [22 MB] [chunked_processor] Transient save result
    DATA: Array
(
    [option_name] => speed_backups_job_17e76a58-a82c-4b0c-a0cb-ff02c714db1a
    [success] => YES
)

[2026-01-15 17:02:44] [22 MB] [chunked_processor] Option save result
    DATA: Array
(
    [option_name] => speed_backups_job_17e76a58-a82c-4b0c-a0cb-ff02c714db1a
    [success] => YES
)

[2026-01-15 17:02:44] [22 MB] [chunked_processor] Save verification (direct DB)
    DATA: Array
(
    [verified] => YES
)

[2026-01-15 17:02:44] [22 MB] [chunked_processor] get_job called
    DATA: Array
(
    [job_id] => 17e76a58-a82c-4b0c-a0cb-ff02c714db1a
)

[2026-01-15 17:02:44] [22 MB] [chunked_processor] Transient lookup result
    DATA: Array
(
    [option_name] => speed_backups_job_17e76a58-a82c-4b0c-a0cb-ff02c714db1a
    [found] => YES
)

[2026-01-15 17:02:44] [22 MB] [chunked_processor] Job retrieved successfully
    DATA: Array
(
    [status] => running
    [type] => backup
)

[2026-01-15 17:02:44] [22 MB] [chunked_processor] get_job called
    DATA: Array
(
    [job_id] => 17e76a58-a82c-4b0c-a0cb-ff02c714db1a
)

[2026-01-15 17:02:44] [22 MB] [chunked_processor] Transient lookup result
    DATA: Array
(
    [option_name] => speed_backups_job_17e76a58-a82c-4b0c-a0cb-ff02c714db1a
    [found] => YES
)

[2026-01-15 17:02:44] [22 MB] [chunked_processor] Job retrieved successfully
    DATA: Array
(
    [status] => running
    [type] => backup
)

[2026-01-15 17:02:44] [22 MB] [ERROR_HANDLER] PHP error handlers registered
[2026-01-15 17:02:44] [22 MB] [chunked_processor] get_job called
    DATA: Array
(
    [job_id] => 17e76a58-a82c-4b0c-a0cb-ff02c714db1a
)

[2026-01-15 17:02:44] [22 MB] [chunked_processor] Transient lookup result
    DATA: Array
(
    [option_name] => speed_backups_job_17e76a58-a82c-4b0c-a0cb-ff02c714db1a
    [found] => YES
)

[2026-01-15 17:02:44] [22 MB] [chunked_processor] Job retrieved successfully
    DATA: Array
(
    [status] => running
    [type] => backup
)

[2026-01-15 17:02:44] [22 MB] [chunked_processor] get_job called
    DATA: Array
(
    [job_id] => 17e76a58-a82c-4b0c-a0cb-ff02c714db1a
)

[2026-01-15 17:02:44] [22 MB] [chunked_processor] Transient lookup result
    DATA: Array
(
    [option_name] => speed_backups_job_17e76a58-a82c-4b0c-a0cb-ff02c714db1a
    [found] => YES
)

[2026-01-15 17:02:44] [22 MB] [chunked_processor] Job retrieved successfully
    DATA: Array
(
    [status] => running
    [type] => backup
)

[2026-01-15 17:02:44] [22 MB] [chunked_processor] get_job called
    DATA: Array
(
    [job_id] => 17e76a58-a82c-4b0c-a0cb-ff02c714db1a
)

[2026-01-15 17:02:44] [22 MB] [chunked_processor] Transient lookup result
    DATA: Array
(
    [option_name] => speed_backups_job_17e76a58-a82c-4b0c-a0cb-ff02c714db1a
    [found] => YES
)

[2026-01-15 17:02:44] [22 MB] [chunked_processor] Job retrieved successfully
    DATA: Array
(
    [status] => running
    [type] => backup
)

[2026-01-15 17:02:44] [22 MB] [chunked_processor] save_job called
    DATA: Array
(
    [job_id] => 17e76a58-a82c-4b0c-a0cb-ff02c714db1a
    [status] => running
)

[2026-01-15 17:02:44] [22 MB] [chunked_processor] Transient save result
    DATA: Array
(
    [option_name] => speed_backups_job_17e76a58-a82c-4b0c-a0cb-ff02c714db1a
    [success] => YES
)

[2026-01-15 17:02:44] [22 MB] [chunked_processor] Option save result
    DATA: Array
(
    [option_name] => speed_backups_job_17e76a58-a82c-4b0c-a0cb-ff02c714db1a
    [success] => YES
)

[2026-01-15 17:02:44] [22 MB] [chunked_processor] Save verification (direct DB)
    DATA: Array
(
    [verified] => YES
)

[2026-01-15 17:02:45] [22 MB] [chunked_processor] get_job called
    DATA: Array
(
    [job_id] => 17e76a58-a82c-4b0c-a0cb-ff02c714db1a
)

[2026-01-15 17:02:45] [22 MB] [chunked_processor] Transient lookup result
    DATA: Array
(
    [option_name] => speed_backups_job_17e76a58-a82c-4b0c-a0cb-ff02c714db1a
    [found] => YES
)

[2026-01-15 17:02:45] [22 MB] [chunked_processor] Job retrieved successfully
    DATA: Array
(
    [status] => running
    [type] => backup
)

[2026-01-15 17:02:45] [22 MB] [chunked_processor] save_job called
    DATA: Array
(
    [job_id] => 17e76a58-a82c-4b0c-a0cb-ff02c714db1a
    [status] => running
)

[2026-01-15 17:02:45] [22 MB] [chunked_processor] Transient save result
    DATA: Array
(
    [option_name] => speed_backups_job_17e76a58-a82c-4b0c-a0cb-ff02c714db1a
    [success] => YES
)

[2026-01-15 17:02:45] [22 MB] [chunked_processor] Option save result
    DATA: Array
(
    [option_name] => speed_backups_job_17e76a58-a82c-4b0c-a0cb-ff02c714db1a
    [success] => YES
)

[2026-01-15 17:02:45] [22 MB] [chunked_processor] Save verification (direct DB)
    DATA: Array
(
    [verified] => YES
)

[2026-01-15 17:02:45] [22 MB] [chunked_processor] get_job called
    DATA: Array
(
    [job_id] => 17e76a58-a82c-4b0c-a0cb-ff02c714db1a
)

[2026-01-15 17:02:45] [22 MB] [chunked_processor] Transient lookup result
    DATA: Array
(
    [option_name] => speed_backups_job_17e76a58-a82c-4b0c-a0cb-ff02c714db1a
    [found] => YES
)

[2026-01-15 17:02:45] [22 MB] [chunked_processor] Job retrieved successfully
    DATA: Array
(
    [status] => running
    [type] => backup
)

[2026-01-15 17:02:45] [22 MB] [chunked_processor] get_job called
    DATA: Array
(
    [job_id] => 17e76a58-a82c-4b0c-a0cb-ff02c714db1a
)

[2026-01-15 17:02:45] [22 MB] [chunked_processor] Transient lookup result
    DATA: Array
(
    [option_name] => speed_backups_job_17e76a58-a82c-4b0c-a0cb-ff02c714db1a
    [found] => YES
)

[2026-01-15 17:02:45] [22 MB] [chunked_processor] Job retrieved successfully
    DATA: Array
(
    [status] => running
    [type] => backup
)

[2026-01-15 17:02:45] [22 MB] [ERROR_HANDLER] PHP error handlers registered
[2026-01-15 17:02:45] [22 MB] [chunked_processor] get_job called
    DATA: Array
(
    [job_id] => 17e76a58-a82c-4b0c-a0cb-ff02c714db1a
)

[2026-01-15 17:02:45] [22 MB] [chunked_processor] Transient lookup result
    DATA: Array
(
    [option_name] => speed_backups_job_17e76a58-a82c-4b0c-a0cb-ff02c714db1a
    [found] => YES
)

[2026-01-15 17:02:45] [22 MB] [chunked_processor] Job retrieved successfully
    DATA: Array
(
    [status] => running
    [type] => backup
)

[2026-01-15 17:02:45] [22 MB] [chunked_processor] get_job called
    DATA: Array
(
    [job_id] => 17e76a58-a82c-4b0c-a0cb-ff02c714db1a
)

[2026-01-15 17:02:45] [22 MB] [chunked_processor] Transient lookup result
    DATA: Array
(
    [option_name] => speed_backups_job_17e76a58-a82c-4b0c-a0cb-ff02c714db1a
    [found] => YES
)

[2026-01-15 17:02:45] [22 MB] [chunked_processor] Job retrieved successfully
    DATA: Array
(
    [status] => running
    [type] => backup
)

[2026-01-15 17:02:45] [22 MB] [chunked_processor] get_job called
    DATA: Array
(
    [job_id] => 17e76a58-a82c-4b0c-a0cb-ff02c714db1a
)

[2026-01-15 17:02:45] [22 MB] [chunked_processor] Transient lookup result
    DATA: Array
(
    [option_name] => speed_backups_job_17e76a58-a82c-4b0c-a0cb-ff02c714db1a
    [found] => YES
)

[2026-01-15 17:02:45] [22 MB] [chunked_processor] Job retrieved successfully
    DATA: Array
(
    [status] => running
    [type] => backup
)

[2026-01-15 17:02:45] [22 MB] [chunked_processor] save_job called
    DATA: Array
(
    [job_id] => 17e76a58-a82c-4b0c-a0cb-ff02c714db1a
    [status] => running
)

[2026-01-15 17:02:45] [22 MB] [chunked_processor] Transient save result
    DATA: Array
(
    [option_name] => speed_backups_job_17e76a58-a82c-4b0c-a0cb-ff02c714db1a
    [success] => YES
)

[2026-01-15 17:02:45] [22 MB] [chunked_processor] Option save result
    DATA: Array
(
    [option_name] => speed_backups_job_17e76a58-a82c-4b0c-a0cb-ff02c714db1a
    [success] => YES
)

[2026-01-15 17:02:45] [22 MB] [chunked_processor] Save verification (direct DB)
    DATA: Array
(
    [verified] => YES
)

[2026-01-15 17:02:45] [22 MB] [chunked_processor] get_job called
    DATA: Array
(
    [job_id] => 17e76a58-a82c-4b0c-a0cb-ff02c714db1a
)

[2026-01-15 17:02:45] [22 MB] [chunked_processor] Transient lookup result
    DATA: Array
(
    [option_name] => speed_backups_job_17e76a58-a82c-4b0c-a0cb-ff02c714db1a
    [found] => YES
)

[2026-01-15 17:02:45] [22 MB] [chunked_processor] Job retrieved successfully
    DATA: Array
(
    [status] => running
    [type] => backup
)

[2026-01-15 17:02:45] [22 MB] [chunked_processor] save_job called
    DATA: Array
(
    [job_id] => 17e76a58-a82c-4b0c-a0cb-ff02c714db1a
    [status] => running
)

[2026-01-15 17:02:45] [22 MB] [chunked_processor] Transient save result
    DATA: Array
(
    [option_name] => speed_backups_job_17e76a58-a82c-4b0c-a0cb-ff02c714db1a
    [success] => YES
)

[2026-01-15 17:02:45] [22 MB] [chunked_processor] Option save result
    DATA: Array
(
    [option_name] => speed_backups_job_17e76a58-a82c-4b0c-a0cb-ff02c714db1a
    [success] => YES
)

[2026-01-15 17:02:45] [22 MB] [chunked_processor] Save verification (direct DB)
    DATA: Array
(
    [verified] => YES
)

[2026-01-15 17:02:45] [22 MB] [chunked_processor] get_job called
    DATA: Array
(
    [job_id] => 17e76a58-a82c-4b0c-a0cb-ff02c714db1a
)

[2026-01-15 17:02:45] [22 MB] [chunked_processor] Transient lookup result
    DATA: Array
(
    [option_name] => speed_backups_job_17e76a58-a82c-4b0c-a0cb-ff02c714db1a
    [found] => YES
)

[2026-01-15 17:02:45] [22 MB] [chunked_processor] Job retrieved successfully
    DATA: Array
(
    [status] => running
    [type] => backup
)

[2026-01-15 17:02:45] [22 MB] [chunked_processor] get_job called
    DATA: Array
(
    [job_id] => 17e76a58-a82c-4b0c-a0cb-ff02c714db1a
)

[2026-01-15 17:02:45] [22 MB] [chunked_processor] Transient lookup result
    DATA: Array
(
    [option_name] => speed_backups_job_17e76a58-a82c-4b0c-a0cb-ff02c714db1a
    [found] => YES
)

[2026-01-15 17:02:45] [22 MB] [chunked_processor] Job retrieved successfully
    DATA: Array
(
    [status] => running
    [type] => backup
)

[2026-01-15 17:02:46] [22 MB] [ERROR_HANDLER] PHP error handlers registered
[2026-01-15 17:02:46] [22 MB] [chunked_processor] get_job called
    DATA: Array
(
    [job_id] => 17e76a58-a82c-4b0c-a0cb-ff02c714db1a
)

[2026-01-15 17:02:46] [22 MB] [chunked_processor] Transient lookup result
    DATA: Array
(
    [option_name] => speed_backups_job_17e76a58-a82c-4b0c-a0cb-ff02c714db1a
    [found] => YES
)

[2026-01-15 17:02:46] [22 MB] [chunked_processor] Job retrieved successfully
    DATA: Array
(
    [status] => running
    [type] => backup
)

[2026-01-15 17:02:46] [22 MB] [chunked_processor] get_job called
    DATA: Array
(
    [job_id] => 17e76a58-a82c-4b0c-a0cb-ff02c714db1a
)

[2026-01-15 17:02:46] [22 MB] [chunked_processor] Transient lookup result
    DATA: Array
(
    [option_name] => speed_backups_job_17e76a58-a82c-4b0c-a0cb-ff02c714db1a
    [found] => YES
)

[2026-01-15 17:02:46] [22 MB] [chunked_processor] Job retrieved successfully
    DATA: Array
(
    [status] => running
    [type] => backup
)

[2026-01-15 17:02:46] [22 MB] [chunked_processor] get_job called
    DATA: Array
(
    [job_id] => 17e76a58-a82c-4b0c-a0cb-ff02c714db1a
)

[2026-01-15 17:02:46] [22 MB] [chunked_processor] Transient lookup result
    DATA: Array
(
    [option_name] => speed_backups_job_17e76a58-a82c-4b0c-a0cb-ff02c714db1a
    [found] => YES
)

[2026-01-15 17:02:46] [22 MB] [chunked_processor] Job retrieved successfully
    DATA: Array
(
    [status] => running
    [type] => backup
)

[2026-01-15 17:02:46] [22 MB] [chunked_processor] save_job called
    DATA: Array
(
    [job_id] => 17e76a58-a82c-4b0c-a0cb-ff02c714db1a
    [status] => running
)

[2026-01-15 17:02:46] [22 MB] [chunked_processor] Transient save result
    DATA: Array
(
    [option_name] => speed_backups_job_17e76a58-a82c-4b0c-a0cb-ff02c714db1a
    [success] => YES
)

[2026-01-15 17:02:46] [22 MB] [chunked_processor] Option save result
    DATA: Array
(
    [option_name] => speed_backups_job_17e76a58-a82c-4b0c-a0cb-ff02c714db1a
    [success] => YES
)

[2026-01-15 17:02:46] [22 MB] [chunked_processor] Save verification (direct DB)
    DATA: Array
(
    [verified] => YES
)

[2026-01-15 17:02:46] [22 MB] [chunked_processor] get_job called
    DATA: Array
(
    [job_id] => 17e76a58-a82c-4b0c-a0cb-ff02c714db1a
)

[2026-01-15 17:02:46] [22 MB] [chunked_processor] Transient lookup result
    DATA: Array
(
    [option_name] => speed_backups_job_17e76a58-a82c-4b0c-a0cb-ff02c714db1a
    [found] => YES
)

[2026-01-15 17:02:46] [22 MB] [chunked_processor] Job retrieved successfully
    DATA: Array
(
    [status] => running
    [type] => backup
)

[2026-01-15 17:02:46] [22 MB] [chunked_processor] save_job called
    DATA: Array
(
    [job_id] => 17e76a58-a82c-4b0c-a0cb-ff02c714db1a
    [status] => running
)

[2026-01-15 17:02:46] [22 MB] [chunked_processor] Transient save result
    DATA: Array
(
    [option_name] => speed_backups_job_17e76a58-a82c-4b0c-a0cb-ff02c714db1a
    [success] => YES
)

[2026-01-15 17:02:46] [22 MB] [chunked_processor] Option save result
    DATA: Array
(
    [option_name] => speed_backups_job_17e76a58-a82c-4b0c-a0cb-ff02c714db1a
    [success] => YES
)

[2026-01-15 17:02:46] [22 MB] [chunked_processor] Save verification (direct DB)
    DATA: Array
(
    [verified] => YES
)

[2026-01-15 17:02:46] [22 MB] [chunked_processor] get_job called
    DATA: Array
(
    [job_id] => 17e76a58-a82c-4b0c-a0cb-ff02c714db1a
)

[2026-01-15 17:02:46] [22 MB] [chunked_processor] Transient lookup result
    DATA: Array
(
    [option_name] => speed_backups_job_17e76a58-a82c-4b0c-a0cb-ff02c714db1a
    [found] => YES
)

[2026-01-15 17:02:46] [22 MB] [chunked_processor] Job retrieved successfully
    DATA: Array
(
    [status] => running
    [type] => backup
)

[2026-01-15 17:02:46] [22 MB] [chunked_processor] get_job called
    DATA: Array
(
    [job_id] => 17e76a58-a82c-4b0c-a0cb-ff02c714db1a
)

[2026-01-15 17:02:46] [22 MB] [chunked_processor] Transient lookup result
    DATA: Array
(
    [option_name] => speed_backups_job_17e76a58-a82c-4b0c-a0cb-ff02c714db1a
    [found] => YES
)

[2026-01-15 17:02:46] [22 MB] [chunked_processor] Job retrieved successfully
    DATA: Array
(
    [status] => running
    [type] => backup
)

[2026-01-15 17:02:46] [22 MB] [ERROR_HANDLER] PHP error handlers registered
[2026-01-15 17:02:46] [22 MB] [chunked_processor] get_job called
    DATA: Array
(
    [job_id] => 17e76a58-a82c-4b0c-a0cb-ff02c714db1a
)

[2026-01-15 17:02:46] [22 MB] [chunked_processor] Transient lookup result
    DATA: Array
(
    [option_name] => speed_backups_job_17e76a58-a82c-4b0c-a0cb-ff02c714db1a
    [found] => YES
)

[2026-01-15 17:02:46] [22 MB] [chunked_processor] Job retrieved successfully
    DATA: Array
(
    [status] => running
    [type] => backup
)

[2026-01-15 17:02:46] [22 MB] [chunked_processor] get_job called
    DATA: Array
(
    [job_id] => 17e76a58-a82c-4b0c-a0cb-ff02c714db1a
)

[2026-01-15 17:02:46] [22 MB] [chunked_processor] Transient lookup result
    DATA: Array
(
    [option_name] => speed_backups_job_17e76a58-a82c-4b0c-a0cb-ff02c714db1a
    [found] => YES
)

[2026-01-15 17:02:46] [22 MB] [chunked_processor] Job retrieved successfully
    DATA: Array
(
    [status] => running
    [type] => backup
)

[2026-01-15 17:02:46] [22 MB] [chunked_processor] get_job called
    DATA: Array
(
    [job_id] => 17e76a58-a82c-4b0c-a0cb-ff02c714db1a
)

[2026-01-15 17:02:46] [22 MB] [chunked_processor] Transient lookup result
    DATA: Array
(
    [option_name] => speed_backups_job_17e76a58-a82c-4b0c-a0cb-ff02c714db1a
    [found] => YES
)

[2026-01-15 17:02:46] [22 MB] [chunked_processor] Job retrieved successfully
    DATA: Array
(
    [status] => running
    [type] => backup
)

[2026-01-15 17:02:46] [22 MB] [chunked_processor] save_job called
    DATA: Array
(
    [job_id] => 17e76a58-a82c-4b0c-a0cb-ff02c714db1a
    [status] => running
)

[2026-01-15 17:02:46] [22 MB] [chunked_processor] Transient save result
    DATA: Array
(
    [option_name] => speed_backups_job_17e76a58-a82c-4b0c-a0cb-ff02c714db1a
    [success] => YES
)

[2026-01-15 17:02:46] [22 MB] [chunked_processor] Option save result
    DATA: Array
(
    [option_name] => speed_backups_job_17e76a58-a82c-4b0c-a0cb-ff02c714db1a
    [success] => YES
)

[2026-01-15 17:02:46] [22 MB] [chunked_processor] Save verification (direct DB)
    DATA: Array
(
    [verified] => YES
)

[2026-01-15 17:02:47] [22 MB] [chunked_processor] get_job called
    DATA: Array
(
    [job_id] => 17e76a58-a82c-4b0c-a0cb-ff02c714db1a
)

[2026-01-15 17:02:47] [22 MB] [chunked_processor] Transient lookup result
    DATA: Array
(
    [option_name] => speed_backups_job_17e76a58-a82c-4b0c-a0cb-ff02c714db1a
    [found] => YES
)

[2026-01-15 17:02:47] [22 MB] [chunked_processor] Job retrieved successfully
    DATA: Array
(
    [status] => running
    [type] => backup
)

[2026-01-15 17:02:47] [22 MB] [chunked_processor] save_job called
    DATA: Array
(
    [job_id] => 17e76a58-a82c-4b0c-a0cb-ff02c714db1a
    [status] => running
)

[2026-01-15 17:02:47] [22 MB] [chunked_processor] Transient save result
    DATA: Array
(
    [option_name] => speed_backups_job_17e76a58-a82c-4b0c-a0cb-ff02c714db1a
    [success] => YES
)

[2026-01-15 17:02:47] [22 MB] [chunked_processor] Option save result
    DATA: Array
(
    [option_name] => speed_backups_job_17e76a58-a82c-4b0c-a0cb-ff02c714db1a
    [success] => YES
)

[2026-01-15 17:02:47] [22 MB] [chunked_processor] Save verification (direct DB)
    DATA: Array
(
    [verified] => YES
)

[2026-01-15 17:02:47] [22 MB] [chunked_processor] get_job called
    DATA: Array
(
    [job_id] => 17e76a58-a82c-4b0c-a0cb-ff02c714db1a
)

[2026-01-15 17:02:47] [22 MB] [chunked_processor] Transient lookup result
    DATA: Array
(
    [option_name] => speed_backups_job_17e76a58-a82c-4b0c-a0cb-ff02c714db1a
    [found] => YES
)

[2026-01-15 17:02:47] [22 MB] [chunked_processor] Job retrieved successfully
    DATA: Array
(
    [status] => running
    [type] => backup
)

[2026-01-15 17:02:47] [22 MB] [chunked_processor] get_job called
    DATA: Array
(
    [job_id] => 17e76a58-a82c-4b0c-a0cb-ff02c714db1a
)

[2026-01-15 17:02:47] [22 MB] [chunked_processor] Transient lookup result
    DATA: Array
(
    [option_name] => speed_backups_job_17e76a58-a82c-4b0c-a0cb-ff02c714db1a
    [found] => YES
)

[2026-01-15 17:02:47] [22 MB] [chunked_processor] Job retrieved successfully
    DATA: Array
(
    [status] => running
    [type] => backup
)

[2026-01-15 17:02:47] [22 MB] [ERROR_HANDLER] PHP error handlers registered
[2026-01-15 17:02:47] [22 MB] [chunked_processor] get_job called
    DATA: Array
(
    [job_id] => 17e76a58-a82c-4b0c-a0cb-ff02c714db1a
)

[2026-01-15 17:02:47] [22 MB] [chunked_processor] Transient lookup result
    DATA: Array
(
    [option_name] => speed_backups_job_17e76a58-a82c-4b0c-a0cb-ff02c714db1a
    [found] => YES
)

[2026-01-15 17:02:47] [22 MB] [chunked_processor] Job retrieved successfully
    DATA: Array
(
    [status] => running
    [type] => backup
)

[2026-01-15 17:02:47] [22 MB] [chunked_processor] get_job called
    DATA: Array
(
    [job_id] => 17e76a58-a82c-4b0c-a0cb-ff02c714db1a
)

[2026-01-15 17:02:47] [22 MB] [chunked_processor] Transient lookup result
    DATA: Array
(
    [option_name] => speed_backups_job_17e76a58-a82c-4b0c-a0cb-ff02c714db1a
    [found] => YES
)

[2026-01-15 17:02:47] [22 MB] [chunked_processor] Job retrieved successfully
    DATA: Array
(
    [status] => running
    [type] => backup
)

[2026-01-15 17:02:47] [22 MB] [chunked_processor] get_job called
    DATA: Array
(
    [job_id] => 17e76a58-a82c-4b0c-a0cb-ff02c714db1a
)

[2026-01-15 17:02:47] [22 MB] [chunked_processor] Transient lookup result
    DATA: Array
(
    [option_name] => speed_backups_job_17e76a58-a82c-4b0c-a0cb-ff02c714db1a
    [found] => YES
)

[2026-01-15 17:02:47] [22 MB] [chunked_processor] Job retrieved successfully
    DATA: Array
(
    [status] => running
    [type] => backup
)

[2026-01-15 17:02:47] [22 MB] [chunked_processor] save_job called
    DATA: Array
(
    [job_id] => 17e76a58-a82c-4b0c-a0cb-ff02c714db1a
    [status] => running
)

[2026-01-15 17:02:47] [22 MB] [chunked_processor] Transient save result
    DATA: Array
(
    [option_name] => speed_backups_job_17e76a58-a82c-4b0c-a0cb-ff02c714db1a
    [success] => YES
)

[2026-01-15 17:02:47] [22 MB] [chunked_processor] Option save result
    DATA: Array
(
    [option_name] => speed_backups_job_17e76a58-a82c-4b0c-a0cb-ff02c714db1a
    [success] => YES
)

[2026-01-15 17:02:47] [22 MB] [chunked_processor] Save verification (direct DB)
    DATA: Array
(
    [verified] => YES
)

[2026-01-15 17:02:48] [24 MB] [chunked_processor] get_job called
    DATA: Array
(
    [job_id] => 17e76a58-a82c-4b0c-a0cb-ff02c714db1a
)

[2026-01-15 17:02:48] [24 MB] [chunked_processor] Transient lookup result
    DATA: Array
(
    [option_name] => speed_backups_job_17e76a58-a82c-4b0c-a0cb-ff02c714db1a
    [found] => YES
)

[2026-01-15 17:02:48] [24 MB] [chunked_processor] Job retrieved successfully
    DATA: Array
(
    [status] => running
    [type] => backup
)

[2026-01-15 17:02:48] [24 MB] [chunked_processor] save_job called
    DATA: Array
(
    [job_id] => 17e76a58-a82c-4b0c-a0cb-ff02c714db1a
    [status] => running
)

[2026-01-15 17:02:48] [24 MB] [chunked_processor] Transient save result
    DATA: Array
(
    [option_name] => speed_backups_job_17e76a58-a82c-4b0c-a0cb-ff02c714db1a
    [success] => YES
)

[2026-01-15 17:02:48] [24 MB] [chunked_processor] Option save result
    DATA: Array
(
    [option_name] => speed_backups_job_17e76a58-a82c-4b0c-a0cb-ff02c714db1a
    [success] => YES
)

[2026-01-15 17:02:48] [24 MB] [chunked_processor] Save verification (direct DB)
    DATA: Array
(
    [verified] => YES
)

[2026-01-15 17:02:48] [24 MB] [chunked_processor] get_job called
    DATA: Array
(
    [job_id] => 17e76a58-a82c-4b0c-a0cb-ff02c714db1a
)

[2026-01-15 17:02:48] [24 MB] [chunked_processor] Transient lookup result
    DATA: Array
(
    [option_name] => speed_backups_job_17e76a58-a82c-4b0c-a0cb-ff02c714db1a
    [found] => YES
)

[2026-01-15 17:02:48] [24 MB] [chunked_processor] Job retrieved successfully
    DATA: Array
(
    [status] => running
    [type] => backup
)

[2026-01-15 17:02:48] [24 MB] [chunked_processor] get_job called
    DATA: Array
(
    [job_id] => 17e76a58-a82c-4b0c-a0cb-ff02c714db1a
)

[2026-01-15 17:02:48] [24 MB] [chunked_processor] Transient lookup result
    DATA: Array
(
    [option_name] => speed_backups_job_17e76a58-a82c-4b0c-a0cb-ff02c714db1a
    [found] => YES
)

[2026-01-15 17:02:48] [24 MB] [chunked_processor] Job retrieved successfully
    DATA: Array
(
    [status] => running
    [type] => backup
)

[2026-01-15 17:02:48] [22 MB] [ERROR_HANDLER] PHP error handlers registered
[2026-01-15 17:02:48] [22 MB] [chunked_processor] get_job called
    DATA: Array
(
    [job_id] => 17e76a58-a82c-4b0c-a0cb-ff02c714db1a
)

[2026-01-15 17:02:48] [22 MB] [chunked_processor] Transient lookup result
    DATA: Array
(
    [option_name] => speed_backups_job_17e76a58-a82c-4b0c-a0cb-ff02c714db1a
    [found] => YES
)

[2026-01-15 17:02:48] [22 MB] [chunked_processor] Job retrieved successfully
    DATA: Array
(
    [status] => running
    [type] => backup
)

[2026-01-15 17:02:48] [22 MB] [chunked_processor] get_job called
    DATA: Array
(
    [job_id] => 17e76a58-a82c-4b0c-a0cb-ff02c714db1a
)

[2026-01-15 17:02:48] [22 MB] [chunked_processor] Transient lookup result
    DATA: Array
(
    [option_name] => speed_backups_job_17e76a58-a82c-4b0c-a0cb-ff02c714db1a
    [found] => YES
)

[2026-01-15 17:02:48] [22 MB] [chunked_processor] Job retrieved successfully
    DATA: Array
(
    [status] => running
    [type] => backup
)

[2026-01-15 17:02:48] [22 MB] [chunked_processor] get_job called
    DATA: Array
(
    [job_id] => 17e76a58-a82c-4b0c-a0cb-ff02c714db1a
)

[2026-01-15 17:02:48] [22 MB] [chunked_processor] Transient lookup result
    DATA: Array
(
    [option_name] => speed_backups_job_17e76a58-a82c-4b0c-a0cb-ff02c714db1a
    [found] => YES
)

[2026-01-15 17:02:48] [22 MB] [chunked_processor] Job retrieved successfully
    DATA: Array
(
    [status] => running
    [type] => backup
)

[2026-01-15 17:02:48] [22 MB] [chunked_processor] save_job called
    DATA: Array
(
    [job_id] => 17e76a58-a82c-4b0c-a0cb-ff02c714db1a
    [status] => running
)

[2026-01-15 17:02:48] [22 MB] [chunked_processor] Transient save result
    DATA: Array
(
    [option_name] => speed_backups_job_17e76a58-a82c-4b0c-a0cb-ff02c714db1a
    [success] => YES
)

[2026-01-15 17:02:48] [22 MB] [chunked_processor] Option save result
    DATA: Array
(
    [option_name] => speed_backups_job_17e76a58-a82c-4b0c-a0cb-ff02c714db1a
    [success] => YES
)

[2026-01-15 17:02:48] [22 MB] [chunked_processor] Save verification (direct DB)
    DATA: Array
(
    [verified] => YES
)

[2026-01-15 17:02:48] [22 MB] [chunked_processor] get_job called
    DATA: Array
(
    [job_id] => 17e76a58-a82c-4b0c-a0cb-ff02c714db1a
)

[2026-01-15 17:02:48] [22 MB] [chunked_processor] Transient lookup result
    DATA: Array
(
    [option_name] => speed_backups_job_17e76a58-a82c-4b0c-a0cb-ff02c714db1a
    [found] => YES
)

[2026-01-15 17:02:48] [22 MB] [chunked_processor] Job retrieved successfully
    DATA: Array
(
    [status] => running
    [type] => backup
)

[2026-01-15 17:02:48] [22 MB] [chunked_processor] save_job called
    DATA: Array
(
    [job_id] => 17e76a58-a82c-4b0c-a0cb-ff02c714db1a
    [status] => running
)

[2026-01-15 17:02:49] [22 MB] [chunked_processor] Transient save result
    DATA: Array
(
    [option_name] => speed_backups_job_17e76a58-a82c-4b0c-a0cb-ff02c714db1a
    [success] => YES
)

[2026-01-15 17:02:49] [22 MB] [chunked_processor] Option save result
    DATA: Array
(
    [option_name] => speed_backups_job_17e76a58-a82c-4b0c-a0cb-ff02c714db1a
    [success] => YES
)

[2026-01-15 17:02:49] [22 MB] [chunked_processor] Save verification (direct DB)
    DATA: Array
(
    [verified] => YES
)

[2026-01-15 17:02:49] [22 MB] [chunked_processor] get_job called
    DATA: Array
(
    [job_id] => 17e76a58-a82c-4b0c-a0cb-ff02c714db1a
)

[2026-01-15 17:02:49] [22 MB] [chunked_processor] Transient lookup result
    DATA: Array
(
    [option_name] => speed_backups_job_17e76a58-a82c-4b0c-a0cb-ff02c714db1a
    [found] => YES
)

[2026-01-15 17:02:49] [22 MB] [chunked_processor] Job retrieved successfully
    DATA: Array
(
    [status] => running
    [type] => backup
)

[2026-01-15 17:02:49] [22 MB] [chunked_processor] get_job called
    DATA: Array
(
    [job_id] => 17e76a58-a82c-4b0c-a0cb-ff02c714db1a
)

[2026-01-15 17:02:49] [22 MB] [chunked_processor] Transient lookup result
    DATA: Array
(
    [option_name] => speed_backups_job_17e76a58-a82c-4b0c-a0cb-ff02c714db1a
    [found] => YES
)

[2026-01-15 17:02:49] [22 MB] [chunked_processor] Job retrieved successfully
    DATA: Array
(
    [status] => running
    [type] => backup
)

[2026-01-15 17:02:49] [22 MB] [ERROR_HANDLER] PHP error handlers registered
[2026-01-15 17:02:49] [22 MB] [chunked_processor] get_job called
    DATA: Array
(
    [job_id] => 17e76a58-a82c-4b0c-a0cb-ff02c714db1a
)

[2026-01-15 17:02:49] [22 MB] [chunked_processor] Transient lookup result
    DATA: Array
(
    [option_name] => speed_backups_job_17e76a58-a82c-4b0c-a0cb-ff02c714db1a
    [found] => YES
)

[2026-01-15 17:02:49] [22 MB] [chunked_processor] Job retrieved successfully
    DATA: Array
(
    [status] => running
    [type] => backup
)

[2026-01-15 17:02:49] [22 MB] [chunked_processor] get_job called
    DATA: Array
(
    [job_id] => 17e76a58-a82c-4b0c-a0cb-ff02c714db1a
)

[2026-01-15 17:02:49] [22 MB] [chunked_processor] Transient lookup result
    DATA: Array
(
    [option_name] => speed_backups_job_17e76a58-a82c-4b0c-a0cb-ff02c714db1a
    [found] => YES
)

[2026-01-15 17:02:49] [22 MB] [chunked_processor] Job retrieved successfully
    DATA: Array
(
    [status] => running
    [type] => backup
)

[2026-01-15 17:02:49] [22 MB] [chunked_processor] get_job called
    DATA: Array
(
    [job_id] => 17e76a58-a82c-4b0c-a0cb-ff02c714db1a
)

[2026-01-15 17:02:49] [22 MB] [chunked_processor] Transient lookup result
    DATA: Array
(
    [option_name] => speed_backups_job_17e76a58-a82c-4b0c-a0cb-ff02c714db1a
    [found] => YES
)

[2026-01-15 17:02:49] [22 MB] [chunked_processor] Job retrieved successfully
    DATA: Array
(
    [status] => running
    [type] => backup
)

[2026-01-15 17:02:49] [22 MB] [chunked_processor] save_job called
    DATA: Array
(
    [job_id] => 17e76a58-a82c-4b0c-a0cb-ff02c714db1a
    [status] => running
)

[2026-01-15 17:02:49] [22 MB] [chunked_processor] Transient save result
    DATA: Array
(
    [option_name] => speed_backups_job_17e76a58-a82c-4b0c-a0cb-ff02c714db1a
    [success] => YES
)

[2026-01-15 17:02:49] [22 MB] [chunked_processor] Option save result
    DATA: Array
(
    [option_name] => speed_backups_job_17e76a58-a82c-4b0c-a0cb-ff02c714db1a
    [success] => YES
)

[2026-01-15 17:02:49] [22 MB] [chunked_processor] Save verification (direct DB)
    DATA: Array
(
    [verified] => YES
)

[2026-01-15 17:02:49] [22 MB] [chunked_processor] get_job called
    DATA: Array
(
    [job_id] => 17e76a58-a82c-4b0c-a0cb-ff02c714db1a
)

[2026-01-15 17:02:49] [22 MB] [chunked_processor] Transient lookup result
    DATA: Array
(
    [option_name] => speed_backups_job_17e76a58-a82c-4b0c-a0cb-ff02c714db1a
    [found] => YES
)

[2026-01-15 17:02:49] [22 MB] [chunked_processor] Job retrieved successfully
    DATA: Array
(
    [status] => running
    [type] => backup
)

[2026-01-15 17:02:49] [22 MB] [chunked_processor] save_job called
    DATA: Array
(
    [job_id] => 17e76a58-a82c-4b0c-a0cb-ff02c714db1a
    [status] => running
)

[2026-01-15 17:02:49] [22 MB] [chunked_processor] Transient save result
    DATA: Array
(
    [option_name] => speed_backups_job_17e76a58-a82c-4b0c-a0cb-ff02c714db1a
    [success] => YES
)

[2026-01-15 17:02:49] [22 MB] [chunked_processor] Option save result
    DATA: Array
(
    [option_name] => speed_backups_job_17e76a58-a82c-4b0c-a0cb-ff02c714db1a
    [success] => YES
)

[2026-01-15 17:02:49] [22 MB] [chunked_processor] Save verification (direct DB)
    DATA: Array
(
    [verified] => YES
)

[2026-01-15 17:02:49] [22 MB] [chunked_processor] get_job called
    DATA: Array
(
    [job_id] => 17e76a58-a82c-4b0c-a0cb-ff02c714db1a
)

[2026-01-15 17:02:49] [22 MB] [chunked_processor] Transient lookup result
    DATA: Array
(
    [option_name] => speed_backups_job_17e76a58-a82c-4b0c-a0cb-ff02c714db1a
    [found] => YES
)

[2026-01-15 17:02:49] [22 MB] [chunked_processor] Job retrieved successfully
    DATA: Array
(
    [status] => running
    [type] => backup
)

[2026-01-15 17:02:49] [22 MB] [chunked_processor] get_job called
    DATA: Array
(
    [job_id] => 17e76a58-a82c-4b0c-a0cb-ff02c714db1a
)

[2026-01-15 17:02:49] [22 MB] [chunked_processor] Transient lookup result
    DATA: Array
(
    [option_name] => speed_backups_job_17e76a58-a82c-4b0c-a0cb-ff02c714db1a
    [found] => YES
)

[2026-01-15 17:02:49] [22 MB] [chunked_processor] Job retrieved successfully
    DATA: Array
(
    [status] => running
    [type] => backup
)

[2026-01-15 17:02:50] [22 MB] [ERROR_HANDLER] PHP error handlers registered
[2026-01-15 17:02:50] [22 MB] [chunked_processor] get_job called
    DATA: Array
(
    [job_id] => 17e76a58-a82c-4b0c-a0cb-ff02c714db1a
)

[2026-01-15 17:02:50] [22 MB] [chunked_processor] Transient lookup result
    DATA: Array
(
    [option_name] => speed_backups_job_17e76a58-a82c-4b0c-a0cb-ff02c714db1a
    [found] => YES
)

[2026-01-15 17:02:50] [22 MB] [chunked_processor] Job retrieved successfully
    DATA: Array
(
    [status] => running
    [type] => backup
)

[2026-01-15 17:02:50] [22 MB] [chunked_processor] get_job called
    DATA: Array
(
    [job_id] => 17e76a58-a82c-4b0c-a0cb-ff02c714db1a
)

[2026-01-15 17:02:50] [22 MB] [chunked_processor] Transient lookup result
    DATA: Array
(
    [option_name] => speed_backups_job_17e76a58-a82c-4b0c-a0cb-ff02c714db1a
    [found] => YES
)

[2026-01-15 17:02:50] [22 MB] [chunked_processor] Job retrieved successfully
    DATA: Array
(
    [status] => running
    [type] => backup
)

[2026-01-15 17:02:50] [22 MB] [chunked_processor] get_job called
    DATA: Array
(
    [job_id] => 17e76a58-a82c-4b0c-a0cb-ff02c714db1a
)

[2026-01-15 17:02:50] [22 MB] [chunked_processor] Transient lookup result
    DATA: Array
(
    [option_name] => speed_backups_job_17e76a58-a82c-4b0c-a0cb-ff02c714db1a
    [found] => YES
)

[2026-01-15 17:02:50] [22 MB] [chunked_processor] Job retrieved successfully
    DATA: Array
(
    [status] => running
    [type] => backup
)

[2026-01-15 17:02:50] [22 MB] [chunked_processor] save_job called
    DATA: Array
(
    [job_id] => 17e76a58-a82c-4b0c-a0cb-ff02c714db1a
    [status] => running
)

[2026-01-15 17:02:50] [22 MB] [chunked_processor] Transient save result
    DATA: Array
(
    [option_name] => speed_backups_job_17e76a58-a82c-4b0c-a0cb-ff02c714db1a
    [success] => YES
)

[2026-01-15 17:02:50] [22 MB] [chunked_processor] Option save result
    DATA: Array
(
    [option_name] => speed_backups_job_17e76a58-a82c-4b0c-a0cb-ff02c714db1a
    [success] => YES
)

[2026-01-15 17:02:50] [22 MB] [chunked_processor] Save verification (direct DB)
    DATA: Array
(
    [verified] => YES
)

[2026-01-15 17:02:50] [24 MB] [chunked_processor] get_job called
    DATA: Array
(
    [job_id] => 17e76a58-a82c-4b0c-a0cb-ff02c714db1a
)

[2026-01-15 17:02:50] [24 MB] [chunked_processor] Transient lookup result
    DATA: Array
(
    [option_name] => speed_backups_job_17e76a58-a82c-4b0c-a0cb-ff02c714db1a
    [found] => YES
)

[2026-01-15 17:02:50] [24 MB] [chunked_processor] Job retrieved successfully
    DATA: Array
(
    [status] => running
    [type] => backup
)

[2026-01-15 17:02:50] [24 MB] [chunked_processor] save_job called
    DATA: Array
(
    [job_id] => 17e76a58-a82c-4b0c-a0cb-ff02c714db1a
    [status] => running
)

[2026-01-15 17:02:50] [24 MB] [chunked_processor] Transient save result
    DATA: Array
(
    [option_name] => speed_backups_job_17e76a58-a82c-4b0c-a0cb-ff02c714db1a
    [success] => YES
)

[2026-01-15 17:02:50] [24 MB] [chunked_processor] Option save result
    DATA: Array
(
    [option_name] => speed_backups_job_17e76a58-a82c-4b0c-a0cb-ff02c714db1a
    [success] => YES
)

[2026-01-15 17:02:50] [24 MB] [chunked_processor] Save verification (direct DB)
    DATA: Array
(
    [verified] => YES
)

[2026-01-15 17:02:50] [24 MB] [chunked_processor] get_job called
    DATA: Array
(
    [job_id] => 17e76a58-a82c-4b0c-a0cb-ff02c714db1a
)

[2026-01-15 17:02:50] [24 MB] [chunked_processor] Transient lookup result
    DATA: Array
(
    [option_name] => speed_backups_job_17e76a58-a82c-4b0c-a0cb-ff02c714db1a
    [found] => YES
)

[2026-01-15 17:02:50] [24 MB] [chunked_processor] Job retrieved successfully
    DATA: Array
(
    [status] => running
    [type] => backup
)

[2026-01-15 17:02:50] [24 MB] [chunked_processor] get_job called
    DATA: Array
(
    [job_id] => 17e76a58-a82c-4b0c-a0cb-ff02c714db1a
)

[2026-01-15 17:02:50] [24 MB] [chunked_processor] Transient lookup result
    DATA: Array
(
    [option_name] => speed_backups_job_17e76a58-a82c-4b0c-a0cb-ff02c714db1a
    [found] => YES
)

[2026-01-15 17:02:50] [24 MB] [chunked_processor] Job retrieved successfully
    DATA: Array
(
    [status] => running
    [type] => backup
)

[2026-01-15 17:02:51] [22 MB] [ERROR_HANDLER] PHP error handlers registered
[2026-01-15 17:02:51] [22 MB] [chunked_processor] get_job called
    DATA: Array
(
    [job_id] => 17e76a58-a82c-4b0c-a0cb-ff02c714db1a
)

[2026-01-15 17:02:51] [22 MB] [chunked_processor] Transient lookup result
    DATA: Array
(
    [option_name] => speed_backups_job_17e76a58-a82c-4b0c-a0cb-ff02c714db1a
    [found] => YES
)

[2026-01-15 17:02:51] [22 MB] [chunked_processor] Job retrieved successfully
    DATA: Array
(
    [status] => running
    [type] => backup
)

[2026-01-15 17:02:51] [22 MB] [chunked_processor] get_job called
    DATA: Array
(
    [job_id] => 17e76a58-a82c-4b0c-a0cb-ff02c714db1a
)

[2026-01-15 17:02:51] [22 MB] [chunked_processor] Transient lookup result
    DATA: Array
(
    [option_name] => speed_backups_job_17e76a58-a82c-4b0c-a0cb-ff02c714db1a
    [found] => YES
)

[2026-01-15 17:02:51] [22 MB] [chunked_processor] Job retrieved successfully
    DATA: Array
(
    [status] => running
    [type] => backup
)

[2026-01-15 17:02:51] [22 MB] [chunked_processor] get_job called
    DATA: Array
(
    [job_id] => 17e76a58-a82c-4b0c-a0cb-ff02c714db1a
)

[2026-01-15 17:02:51] [22 MB] [chunked_processor] Transient lookup result
    DATA: Array
(
    [option_name] => speed_backups_job_17e76a58-a82c-4b0c-a0cb-ff02c714db1a
    [found] => YES
)

[2026-01-15 17:02:51] [22 MB] [chunked_processor] Job retrieved successfully
    DATA: Array
(
    [status] => running
    [type] => backup
)

[2026-01-15 17:02:51] [22 MB] [chunked_processor] save_job called
    DATA: Array
(
    [job_id] => 17e76a58-a82c-4b0c-a0cb-ff02c714db1a
    [status] => running
)

[2026-01-15 17:02:51] [22 MB] [chunked_processor] Transient save result
    DATA: Array
(
    [option_name] => speed_backups_job_17e76a58-a82c-4b0c-a0cb-ff02c714db1a
    [success] => YES
)

[2026-01-15 17:02:51] [22 MB] [chunked_processor] Option save result
    DATA: Array
(
    [option_name] => speed_backups_job_17e76a58-a82c-4b0c-a0cb-ff02c714db1a
    [success] => YES
)

[2026-01-15 17:02:51] [22 MB] [chunked_processor] Save verification (direct DB)
    DATA: Array
(
    [verified] => YES
)

[2026-01-15 17:02:51] [22 MB] [chunked_processor] get_job called
    DATA: Array
(
    [job_id] => 17e76a58-a82c-4b0c-a0cb-ff02c714db1a
)

[2026-01-15 17:02:51] [22 MB] [chunked_processor] Transient lookup result
    DATA: Array
(
    [option_name] => speed_backups_job_17e76a58-a82c-4b0c-a0cb-ff02c714db1a
    [found] => YES
)

[2026-01-15 17:02:51] [22 MB] [chunked_processor] Job retrieved successfully
    DATA: Array
(
    [status] => running
    [type] => backup
)

[2026-01-15 17:02:51] [22 MB] [chunked_processor] save_job called
    DATA: Array
(
    [job_id] => 17e76a58-a82c-4b0c-a0cb-ff02c714db1a
    [status] => running
)

[2026-01-15 17:02:51] [22 MB] [chunked_processor] Transient save result
    DATA: Array
(
    [option_name] => speed_backups_job_17e76a58-a82c-4b0c-a0cb-ff02c714db1a
    [success] => YES
)

[2026-01-15 17:02:51] [22 MB] [chunked_processor] Option save result
    DATA: Array
(
    [option_name] => speed_backups_job_17e76a58-a82c-4b0c-a0cb-ff02c714db1a
    [success] => YES
)

[2026-01-15 17:02:51] [22 MB] [chunked_processor] Save verification (direct DB)
    DATA: Array
(
    [verified] => YES
)

[2026-01-15 17:02:51] [22 MB] [chunked_processor] get_job called
    DATA: Array
(
    [job_id] => 17e76a58-a82c-4b0c-a0cb-ff02c714db1a
)

[2026-01-15 17:02:51] [22 MB] [chunked_processor] Transient lookup result
    DATA: Array
(
    [option_name] => speed_backups_job_17e76a58-a82c-4b0c-a0cb-ff02c714db1a
    [found] => YES
)

[2026-01-15 17:02:51] [22 MB] [chunked_processor] Job retrieved successfully
    DATA: Array
(
    [status] => running
    [type] => backup
)

[2026-01-15 17:02:51] [22 MB] [chunked_processor] get_job called
    DATA: Array
(
    [job_id] => 17e76a58-a82c-4b0c-a0cb-ff02c714db1a
)

[2026-01-15 17:02:51] [22 MB] [chunked_processor] Transient lookup result
    DATA: Array
(
    [option_name] => speed_backups_job_17e76a58-a82c-4b0c-a0cb-ff02c714db1a
    [found] => YES
)

[2026-01-15 17:02:51] [22 MB] [chunked_processor] Job retrieved successfully
    DATA: Array
(
    [status] => running
    [type] => backup
)

[2026-01-15 17:02:52] [22 MB] [ERROR_HANDLER] PHP error handlers registered
[2026-01-15 17:02:52] [22 MB] [chunked_processor] get_job called
    DATA: Array
(
    [job_id] => 17e76a58-a82c-4b0c-a0cb-ff02c714db1a
)

[2026-01-15 17:02:52] [22 MB] [chunked_processor] Transient lookup result
    DATA: Array
(
    [option_name] => speed_backups_job_17e76a58-a82c-4b0c-a0cb-ff02c714db1a
    [found] => YES
)

[2026-01-15 17:02:52] [22 MB] [chunked_processor] Job retrieved successfully
    DATA: Array
(
    [status] => running
    [type] => backup
)

[2026-01-15 17:02:52] [22 MB] [chunked_processor] get_job called
    DATA: Array
(
    [job_id] => 17e76a58-a82c-4b0c-a0cb-ff02c714db1a
)

[2026-01-15 17:02:52] [22 MB] [chunked_processor] Transient lookup result
    DATA: Array
(
    [option_name] => speed_backups_job_17e76a58-a82c-4b0c-a0cb-ff02c714db1a
    [found] => YES
)

[2026-01-15 17:02:52] [22 MB] [chunked_processor] Job retrieved successfully
    DATA: Array
(
    [status] => running
    [type] => backup
)

[2026-01-15 17:02:52] [22 MB] [chunked_processor] get_job called
    DATA: Array
(
    [job_id] => 17e76a58-a82c-4b0c-a0cb-ff02c714db1a
)

[2026-01-15 17:02:52] [22 MB] [chunked_processor] Transient lookup result
    DATA: Array
(
    [option_name] => speed_backups_job_17e76a58-a82c-4b0c-a0cb-ff02c714db1a
    [found] => YES
)

[2026-01-15 17:02:52] [22 MB] [chunked_processor] Job retrieved successfully
    DATA: Array
(
    [status] => running
    [type] => backup
)

[2026-01-15 17:02:52] [22 MB] [chunked_processor] save_job called
    DATA: Array
(
    [job_id] => 17e76a58-a82c-4b0c-a0cb-ff02c714db1a
    [status] => running
)

[2026-01-15 17:02:52] [22 MB] [chunked_processor] Transient save result
    DATA: Array
(
    [option_name] => speed_backups_job_17e76a58-a82c-4b0c-a0cb-ff02c714db1a
    [success] => YES
)

[2026-01-15 17:02:52] [22 MB] [chunked_processor] Option save result
    DATA: Array
(
    [option_name] => speed_backups_job_17e76a58-a82c-4b0c-a0cb-ff02c714db1a
    [success] => YES
)

[2026-01-15 17:02:52] [22 MB] [chunked_processor] Save verification (direct DB)
    DATA: Array
(
    [verified] => YES
)

[2026-01-15 17:02:52] [22 MB] [chunked_processor] get_job called
    DATA: Array
(
    [job_id] => 17e76a58-a82c-4b0c-a0cb-ff02c714db1a
)

[2026-01-15 17:02:52] [22 MB] [chunked_processor] Transient lookup result
    DATA: Array
(
    [option_name] => speed_backups_job_17e76a58-a82c-4b0c-a0cb-ff02c714db1a
    [found] => YES
)

[2026-01-15 17:02:52] [22 MB] [chunked_processor] Job retrieved successfully
    DATA: Array
(
    [status] => running
    [type] => backup
)

[2026-01-15 17:02:52] [22 MB] [chunked_processor] save_job called
    DATA: Array
(
    [job_id] => 17e76a58-a82c-4b0c-a0cb-ff02c714db1a
    [status] => running
)

[2026-01-15 17:02:52] [22 MB] [chunked_processor] Transient save result
    DATA: Array
(
    [option_name] => speed_backups_job_17e76a58-a82c-4b0c-a0cb-ff02c714db1a
    [success] => YES
)

[2026-01-15 17:02:52] [22 MB] [chunked_processor] Option save result
    DATA: Array
(
    [option_name] => speed_backups_job_17e76a58-a82c-4b0c-a0cb-ff02c714db1a
    [success] => YES
)

[2026-01-15 17:02:52] [22 MB] [chunked_processor] Save verification (direct DB)
    DATA: Array
(
    [verified] => YES
)

[2026-01-15 17:02:52] [22 MB] [chunked_processor] get_job called
    DATA: Array
(
    [job_id] => 17e76a58-a82c-4b0c-a0cb-ff02c714db1a
)

[2026-01-15 17:02:52] [22 MB] [chunked_processor] Transient lookup result
    DATA: Array
(
    [option_name] => speed_backups_job_17e76a58-a82c-4b0c-a0cb-ff02c714db1a
    [found] => YES
)

[2026-01-15 17:02:52] [22 MB] [chunked_processor] Job retrieved successfully
    DATA: Array
(
    [status] => running
    [type] => backup
)

[2026-01-15 17:02:52] [22 MB] [chunked_processor] save_job called
    DATA: Array
(
    [job_id] => 17e76a58-a82c-4b0c-a0cb-ff02c714db1a
    [status] => running
)

[2026-01-15 17:02:52] [22 MB] [chunked_processor] Transient save result
    DATA: Array
(
    [option_name] => speed_backups_job_17e76a58-a82c-4b0c-a0cb-ff02c714db1a
    [success] => YES
)

[2026-01-15 17:02:52] [22 MB] [chunked_processor] Option save result
    DATA: Array
(
    [option_name] => speed_backups_job_17e76a58-a82c-4b0c-a0cb-ff02c714db1a
    [success] => YES
)

[2026-01-15 17:02:52] [22 MB] [chunked_processor] Save verification (direct DB)
    DATA: Array
(
    [verified] => YES
)

[2026-01-15 17:02:52] [22 MB] [chunked_processor] get_job called
    DATA: Array
(
    [job_id] => 17e76a58-a82c-4b0c-a0cb-ff02c714db1a
)

[2026-01-15 17:02:52] [22 MB] [chunked_processor] Transient lookup result
    DATA: Array
(
    [option_name] => speed_backups_job_17e76a58-a82c-4b0c-a0cb-ff02c714db1a
    [found] => YES
)

[2026-01-15 17:02:52] [22 MB] [chunked_processor] Job retrieved successfully
    DATA: Array
(
    [status] => running
    [type] => backup
)

[2026-01-15 17:02:52] [22 MB] [chunked_processor] save_job called
    DATA: Array
(
    [job_id] => 17e76a58-a82c-4b0c-a0cb-ff02c714db1a
    [status] => running
)

[2026-01-15 17:02:52] [22 MB] [chunked_processor] Transient save result
    DATA: Array
(
    [option_name] => speed_backups_job_17e76a58-a82c-4b0c-a0cb-ff02c714db1a
    [success] => YES
)

[2026-01-15 17:02:52] [22 MB] [chunked_processor] Option save result
    DATA: Array
(
    [option_name] => speed_backups_job_17e76a58-a82c-4b0c-a0cb-ff02c714db1a
    [success] => YES
)

[2026-01-15 17:02:52] [22 MB] [chunked_processor] Save verification (direct DB)
    DATA: Array
(
    [verified] => YES
)

[2026-01-15 17:02:52] [22 MB] [chunked_processor] get_job called
    DATA: Array
(
    [job_id] => 17e76a58-a82c-4b0c-a0cb-ff02c714db1a
)

[2026-01-15 17:02:52] [22 MB] [chunked_processor] Transient lookup result
    DATA: Array
(
    [option_name] => speed_backups_job_17e76a58-a82c-4b0c-a0cb-ff02c714db1a
    [found] => YES
)

[2026-01-15 17:02:52] [22 MB] [chunked_processor] Job retrieved successfully
    DATA: Array
(
    [status] => running
    [type] => backup
)

[2026-01-15 17:02:52] [22 MB] [chunked_processor] get_job called
    DATA: Array
(
    [job_id] => 17e76a58-a82c-4b0c-a0cb-ff02c714db1a
)

[2026-01-15 17:02:52] [22 MB] [chunked_processor] Transient lookup result
    DATA: Array
(
    [option_name] => speed_backups_job_17e76a58-a82c-4b0c-a0cb-ff02c714db1a
    [found] => YES
)

[2026-01-15 17:02:52] [22 MB] [chunked_processor] Job retrieved successfully
    DATA: Array
(
    [status] => running
    [type] => backup
)

[2026-01-15 17:02:52] [22 MB] [ERROR_HANDLER] PHP error handlers registered
[2026-01-15 17:02:52] [22 MB] [chunked_processor] get_job called
    DATA: Array
(
    [job_id] => 17e76a58-a82c-4b0c-a0cb-ff02c714db1a
)

[2026-01-15 17:02:52] [22 MB] [chunked_processor] Transient lookup result
    DATA: Array
(
    [option_name] => speed_backups_job_17e76a58-a82c-4b0c-a0cb-ff02c714db1a
    [found] => YES
)

[2026-01-15 17:02:52] [22 MB] [chunked_processor] Job retrieved successfully
    DATA: Array
(
    [status] => running
    [type] => backup
)

[2026-01-15 17:02:52] [22 MB] [chunked_processor] get_job called
    DATA: Array
(
    [job_id] => 17e76a58-a82c-4b0c-a0cb-ff02c714db1a
)

[2026-01-15 17:02:52] [22 MB] [chunked_processor] Transient lookup result
    DATA: Array
(
    [option_name] => speed_backups_job_17e76a58-a82c-4b0c-a0cb-ff02c714db1a
    [found] => YES
)

[2026-01-15 17:02:52] [22 MB] [chunked_processor] Job retrieved successfully
    DATA: Array
(
    [status] => running
    [type] => backup
)

[2026-01-15 17:02:52] [22 MB] [chunked_processor] get_job called
    DATA: Array
(
    [job_id] => 17e76a58-a82c-4b0c-a0cb-ff02c714db1a
)

[2026-01-15 17:02:52] [22 MB] [chunked_processor] Transient lookup result
    DATA: Array
(
    [option_name] => speed_backups_job_17e76a58-a82c-4b0c-a0cb-ff02c714db1a
    [found] => YES
)

[2026-01-15 17:02:52] [22 MB] [chunked_processor] Job retrieved successfully
    DATA: Array
(
    [status] => running
    [type] => backup
)

[2026-01-15 17:02:52] [22 MB] [chunked_processor] save_job called
    DATA: Array
(
    [job_id] => 17e76a58-a82c-4b0c-a0cb-ff02c714db1a
    [status] => running
)

[2026-01-15 17:02:52] [22 MB] [chunked_processor] Transient save result
    DATA: Array
(
    [option_name] => speed_backups_job_17e76a58-a82c-4b0c-a0cb-ff02c714db1a
    [success] => YES
)

[2026-01-15 17:02:52] [22 MB] [chunked_processor] Option save result
    DATA: Array
(
    [option_name] => speed_backups_job_17e76a58-a82c-4b0c-a0cb-ff02c714db1a
    [success] => YES
)

[2026-01-15 17:02:52] [22 MB] [chunked_processor] Save verification (direct DB)
    DATA: Array
(
    [verified] => YES
)

[2026-01-15 17:02:53] [22 MB] [chunked_processor] get_job called
    DATA: Array
(
    [job_id] => 17e76a58-a82c-4b0c-a0cb-ff02c714db1a
)

[2026-01-15 17:02:53] [22 MB] [chunked_processor] Transient lookup result
    DATA: Array
(
    [option_name] => speed_backups_job_17e76a58-a82c-4b0c-a0cb-ff02c714db1a
    [found] => YES
)

[2026-01-15 17:02:53] [22 MB] [chunked_processor] Job retrieved successfully
    DATA: Array
(
    [status] => running
    [type] => backup
)

[2026-01-15 17:02:53] [22 MB] [chunked_processor] save_job called
    DATA: Array
(
    [job_id] => 17e76a58-a82c-4b0c-a0cb-ff02c714db1a
    [status] => running
)

[2026-01-15 17:02:53] [22 MB] [chunked_processor] Transient save result
    DATA: Array
(
    [option_name] => speed_backups_job_17e76a58-a82c-4b0c-a0cb-ff02c714db1a
    [success] => YES
)

[2026-01-15 17:02:53] [22 MB] [chunked_processor] Option save result
    DATA: Array
(
    [option_name] => speed_backups_job_17e76a58-a82c-4b0c-a0cb-ff02c714db1a
    [success] => YES
)

[2026-01-15 17:02:53] [22 MB] [chunked_processor] Save verification (direct DB)
    DATA: Array
(
    [verified] => YES
)

[2026-01-15 17:02:53] [22 MB] [chunked_processor] get_job called
    DATA: Array
(
    [job_id] => 17e76a58-a82c-4b0c-a0cb-ff02c714db1a
)

[2026-01-15 17:02:53] [22 MB] [chunked_processor] Transient lookup result
    DATA: Array
(
    [option_name] => speed_backups_job_17e76a58-a82c-4b0c-a0cb-ff02c714db1a
    [found] => YES
)

[2026-01-15 17:02:53] [22 MB] [chunked_processor] Job retrieved successfully
    DATA: Array
(
    [status] => running
    [type] => backup
)

[2026-01-15 17:02:53] [22 MB] [chunked_processor] save_job called
    DATA: Array
(
    [job_id] => 17e76a58-a82c-4b0c-a0cb-ff02c714db1a
    [status] => running
)

[2026-01-15 17:02:53] [22 MB] [chunked_processor] Transient save result
    DATA: Array
(
    [option_name] => speed_backups_job_17e76a58-a82c-4b0c-a0cb-ff02c714db1a
    [success] => YES
)

[2026-01-15 17:02:53] [22 MB] [chunked_processor] Option save result
    DATA: Array
(
    [option_name] => speed_backups_job_17e76a58-a82c-4b0c-a0cb-ff02c714db1a
    [success] => YES
)

[2026-01-15 17:02:53] [22 MB] [chunked_processor] Save verification (direct DB)
    DATA: Array
(
    [verified] => YES
)

[2026-01-15 17:02:53] [22 MB] [chunked_processor] get_job called
    DATA: Array
(
    [job_id] => 17e76a58-a82c-4b0c-a0cb-ff02c714db1a
)

[2026-01-15 17:02:53] [22 MB] [chunked_processor] Transient lookup result
    DATA: Array
(
    [option_name] => speed_backups_job_17e76a58-a82c-4b0c-a0cb-ff02c714db1a
    [found] => YES
)

[2026-01-15 17:02:53] [22 MB] [chunked_processor] Job retrieved successfully
    DATA: Array
(
    [status] => running
    [type] => backup
)

[2026-01-15 17:02:53] [22 MB] [chunked_processor] get_job called
    DATA: Array
(
    [job_id] => 17e76a58-a82c-4b0c-a0cb-ff02c714db1a
)

[2026-01-15 17:02:53] [22 MB] [chunked_processor] Transient lookup result
    DATA: Array
(
    [option_name] => speed_backups_job_17e76a58-a82c-4b0c-a0cb-ff02c714db1a
    [found] => YES
)

[2026-01-15 17:02:53] [22 MB] [chunked_processor] Job retrieved successfully
    DATA: Array
(
    [status] => running
    [type] => backup
)

[2026-01-15 17:02:53] [22 MB] [ERROR_HANDLER] PHP error handlers registered
[2026-01-15 17:02:53] [22 MB] [chunked_processor] get_job called
    DATA: Array
(
    [job_id] => 17e76a58-a82c-4b0c-a0cb-ff02c714db1a
)

[2026-01-15 17:02:53] [22 MB] [chunked_processor] Transient lookup result
    DATA: Array
(
    [option_name] => speed_backups_job_17e76a58-a82c-4b0c-a0cb-ff02c714db1a
    [found] => YES
)

[2026-01-15 17:02:53] [22 MB] [chunked_processor] Job retrieved successfully
    DATA: Array
(
    [status] => running
    [type] => backup
)

[2026-01-15 17:02:53] [22 MB] [chunked_processor] get_job called
    DATA: Array
(
    [job_id] => 17e76a58-a82c-4b0c-a0cb-ff02c714db1a
)

[2026-01-15 17:02:53] [22 MB] [chunked_processor] Transient lookup result
    DATA: Array
(
    [option_name] => speed_backups_job_17e76a58-a82c-4b0c-a0cb-ff02c714db1a
    [found] => YES
)

[2026-01-15 17:02:53] [22 MB] [chunked_processor] Job retrieved successfully
    DATA: Array
(
    [status] => running
    [type] => backup
)

[2026-01-15 17:02:53] [22 MB] [chunked_processor] get_job called
    DATA: Array
(
    [job_id] => 17e76a58-a82c-4b0c-a0cb-ff02c714db1a
)

[2026-01-15 17:02:53] [22 MB] [chunked_processor] Transient lookup result
    DATA: Array
(
    [option_name] => speed_backups_job_17e76a58-a82c-4b0c-a0cb-ff02c714db1a
    [found] => YES
)

[2026-01-15 17:02:53] [22 MB] [chunked_processor] Job retrieved successfully
    DATA: Array
(
    [status] => running
    [type] => backup
)

[2026-01-15 17:02:53] [22 MB] [chunked_processor] save_job called
    DATA: Array
(
    [job_id] => 17e76a58-a82c-4b0c-a0cb-ff02c714db1a
    [status] => running
)

[2026-01-15 17:02:53] [22 MB] [chunked_processor] Transient save result
    DATA: Array
(
    [option_name] => speed_backups_job_17e76a58-a82c-4b0c-a0cb-ff02c714db1a
    [success] => YES
)

[2026-01-15 17:02:53] [22 MB] [chunked_processor] Option save result
    DATA: Array
(
    [option_name] => speed_backups_job_17e76a58-a82c-4b0c-a0cb-ff02c714db1a
    [success] => YES
)

[2026-01-15 17:02:53] [22 MB] [chunked_processor] Save verification (direct DB)
    DATA: Array
(
    [verified] => YES
)

[2026-01-15 17:02:55] [22 MB] [chunked_processor] get_job called
    DATA: Array
(
    [job_id] => 17e76a58-a82c-4b0c-a0cb-ff02c714db1a
)

[2026-01-15 17:02:55] [22 MB] [chunked_processor] Transient lookup result
    DATA: Array
(
    [option_name] => speed_backups_job_17e76a58-a82c-4b0c-a0cb-ff02c714db1a
    [found] => YES
)

[2026-01-15 17:02:55] [22 MB] [chunked_processor] Job retrieved successfully
    DATA: Array
(
    [status] => running
    [type] => backup
)

[2026-01-15 17:02:55] [22 MB] [chunked_processor] save_job called
    DATA: Array
(
    [job_id] => 17e76a58-a82c-4b0c-a0cb-ff02c714db1a
    [status] => running
)

[2026-01-15 17:02:55] [22 MB] [chunked_processor] Transient save result
    DATA: Array
(
    [option_name] => speed_backups_job_17e76a58-a82c-4b0c-a0cb-ff02c714db1a
    [success] => YES
)

[2026-01-15 17:02:55] [22 MB] [chunked_processor] Option save result
    DATA: Array
(
    [option_name] => speed_backups_job_17e76a58-a82c-4b0c-a0cb-ff02c714db1a
    [success] => YES
)

[2026-01-15 17:02:55] [22 MB] [chunked_processor] Save verification (direct DB)
    DATA: Array
(
    [verified] => YES
)

[2026-01-15 17:02:55] [22 MB] [chunked_processor] get_job called
    DATA: Array
(
    [job_id] => 17e76a58-a82c-4b0c-a0cb-ff02c714db1a
)

[2026-01-15 17:02:55] [22 MB] [chunked_processor] Transient lookup result
    DATA: Array
(
    [option_name] => speed_backups_job_17e76a58-a82c-4b0c-a0cb-ff02c714db1a
    [found] => YES
)

[2026-01-15 17:02:55] [22 MB] [chunked_processor] Job retrieved successfully
    DATA: Array
(
    [status] => running
    [type] => backup
)

[2026-01-15 17:02:55] [22 MB] [chunked_processor] save_job called
    DATA: Array
(
    [job_id] => 17e76a58-a82c-4b0c-a0cb-ff02c714db1a
    [status] => running
)

[2026-01-15 17:02:55] [22 MB] [chunked_processor] Transient save result
    DATA: Array
(
    [option_name] => speed_backups_job_17e76a58-a82c-4b0c-a0cb-ff02c714db1a
    [success] => YES
)

[2026-01-15 17:02:55] [22 MB] [chunked_processor] Option save result
    DATA: Array
(
    [option_name] => speed_backups_job_17e76a58-a82c-4b0c-a0cb-ff02c714db1a
    [success] => YES
)

[2026-01-15 17:02:55] [22 MB] [chunked_processor] Save verification (direct DB)
    DATA: Array
(
    [verified] => YES
)

[2026-01-15 17:02:55] [22 MB] [chunked_processor] get_job called
    DATA: Array
(
    [job_id] => 17e76a58-a82c-4b0c-a0cb-ff02c714db1a
)

[2026-01-15 17:02:55] [22 MB] [chunked_processor] Transient lookup result
    DATA: Array
(
    [option_name] => speed_backups_job_17e76a58-a82c-4b0c-a0cb-ff02c714db1a
    [found] => YES
)

[2026-01-15 17:02:55] [22 MB] [chunked_processor] Job retrieved successfully
    DATA: Array
(
    [status] => running
    [type] => backup
)

[2026-01-15 17:02:55] [22 MB] [chunked_processor] get_job called
    DATA: Array
(
    [job_id] => 17e76a58-a82c-4b0c-a0cb-ff02c714db1a
)

[2026-01-15 17:02:55] [22 MB] [chunked_processor] Transient lookup result
    DATA: Array
(
    [option_name] => speed_backups_job_17e76a58-a82c-4b0c-a0cb-ff02c714db1a
    [found] => YES
)

[2026-01-15 17:02:55] [22 MB] [chunked_processor] Job retrieved successfully
    DATA: Array
(
    [status] => running
    [type] => backup
)

[2026-01-15 17:02:56] [22 MB] [ERROR_HANDLER] PHP error handlers registered
[2026-01-15 17:02:56] [22 MB] [chunked_processor] get_job called
    DATA: Array
(
    [job_id] => 17e76a58-a82c-4b0c-a0cb-ff02c714db1a
)

[2026-01-15 17:02:56] [22 MB] [chunked_processor] Transient lookup result
    DATA: Array
(
    [option_name] => speed_backups_job_17e76a58-a82c-4b0c-a0cb-ff02c714db1a
    [found] => YES
)

[2026-01-15 17:02:56] [22 MB] [chunked_processor] Job retrieved successfully
    DATA: Array
(
    [status] => running
    [type] => backup
)

[2026-01-15 17:02:56] [22 MB] [chunked_processor] get_job called
    DATA: Array
(
    [job_id] => 17e76a58-a82c-4b0c-a0cb-ff02c714db1a
)

[2026-01-15 17:02:56] [22 MB] [chunked_processor] Transient lookup result
    DATA: Array
(
    [option_name] => speed_backups_job_17e76a58-a82c-4b0c-a0cb-ff02c714db1a
    [found] => YES
)

[2026-01-15 17:02:56] [22 MB] [chunked_processor] Job retrieved successfully
    DATA: Array
(
    [status] => running
    [type] => backup
)

[2026-01-15 17:02:56] [22 MB] [chunked_processor] get_job called
    DATA: Array
(
    [job_id] => 17e76a58-a82c-4b0c-a0cb-ff02c714db1a
)

[2026-01-15 17:02:56] [22 MB] [chunked_processor] Transient lookup result
    DATA: Array
(
    [option_name] => speed_backups_job_17e76a58-a82c-4b0c-a0cb-ff02c714db1a
    [found] => YES
)

[2026-01-15 17:02:56] [22 MB] [chunked_processor] Job retrieved successfully
    DATA: Array
(
    [status] => running
    [type] => backup
)

[2026-01-15 17:02:56] [22 MB] [chunked_processor] save_job called
    DATA: Array
(
    [job_id] => 17e76a58-a82c-4b0c-a0cb-ff02c714db1a
    [status] => running
)

[2026-01-15 17:02:56] [22 MB] [chunked_processor] Transient save result
    DATA: Array
(
    [option_name] => speed_backups_job_17e76a58-a82c-4b0c-a0cb-ff02c714db1a
    [success] => YES
)

[2026-01-15 17:02:56] [22 MB] [chunked_processor] Option save result
    DATA: Array
(
    [option_name] => speed_backups_job_17e76a58-a82c-4b0c-a0cb-ff02c714db1a
    [success] => YES
)

[2026-01-15 17:02:56] [22 MB] [chunked_processor] Save verification (direct DB)
    DATA: Array
(
    [verified] => YES
)

[2026-01-15 17:02:56] [22 MB] [chunked_processor] get_job called
    DATA: Array
(
    [job_id] => 17e76a58-a82c-4b0c-a0cb-ff02c714db1a
)

[2026-01-15 17:02:56] [22 MB] [chunked_processor] Transient lookup result
    DATA: Array
(
    [option_name] => speed_backups_job_17e76a58-a82c-4b0c-a0cb-ff02c714db1a
    [found] => YES
)

[2026-01-15 17:02:56] [22 MB] [chunked_processor] Job retrieved successfully
    DATA: Array
(
    [status] => running
    [type] => backup
)

[2026-01-15 17:02:56] [22 MB] [chunked_processor] save_job called
    DATA: Array
(
    [job_id] => 17e76a58-a82c-4b0c-a0cb-ff02c714db1a
    [status] => completed
)

[2026-01-15 17:02:56] [22 MB] [chunked_processor] Transient save result
    DATA: Array
(
    [option_name] => speed_backups_job_17e76a58-a82c-4b0c-a0cb-ff02c714db1a
    [success] => YES
)

[2026-01-15 17:02:56] [22 MB] [chunked_processor] Option save result
    DATA: Array
(
    [option_name] => speed_backups_job_17e76a58-a82c-4b0c-a0cb-ff02c714db1a
    [success] => YES
)

[2026-01-15 17:02:56] [22 MB] [chunked_processor] Save verification (direct DB)
    DATA: Array
(
    [verified] => YES
)

[2026-01-15 17:02:56] [22 MB] [chunked_processor] get_job called
    DATA: Array
(
    [job_id] => 17e76a58-a82c-4b0c-a0cb-ff02c714db1a
)

[2026-01-15 17:02:56] [22 MB] [chunked_processor] Transient lookup result
    DATA: Array
(
    [option_name] => speed_backups_job_17e76a58-a82c-4b0c-a0cb-ff02c714db1a
    [found] => YES
)

[2026-01-15 17:02:56] [22 MB] [chunked_processor] Job retrieved successfully
    DATA: Array
(
    [status] => completed
    [type] => backup
)

[2026-01-15 17:02:56] [22 MB] [chunked_processor] save_job called
    DATA: Array
(
    [job_id] => 17e76a58-a82c-4b0c-a0cb-ff02c714db1a
    [status] => completed
)

[2026-01-15 17:02:56] [22 MB] [chunked_processor] Transient save result
    DATA: Array
(
    [option_name] => speed_backups_job_17e76a58-a82c-4b0c-a0cb-ff02c714db1a
    [success] => YES
)

[2026-01-15 17:02:56] [22 MB] [chunked_processor] Option save result
    DATA: Array
(
    [option_name] => speed_backups_job_17e76a58-a82c-4b0c-a0cb-ff02c714db1a
    [success] => YES
)

[2026-01-15 17:02:56] [22 MB] [chunked_processor] Save verification (direct DB)
    DATA: Array
(
    [verified] => YES
)

[2026-01-15 17:02:56] [22 MB] [chunked_processor] get_job called
    DATA: Array
(
    [job_id] => 17e76a58-a82c-4b0c-a0cb-ff02c714db1a
)

[2026-01-15 17:02:56] [22 MB] [chunked_processor] Transient lookup result
    DATA: Array
(
    [option_name] => speed_backups_job_17e76a58-a82c-4b0c-a0cb-ff02c714db1a
    [found] => YES
)

[2026-01-15 17:02:56] [22 MB] [chunked_processor] Job retrieved successfully
    DATA: Array
(
    [status] => completed
    [type] => backup
)

[2026-01-15 17:02:56] [18 MB] [ERROR_HANDLER] PHP error handlers registered
[2026-01-15 17:02:56] [18 MB] [ERROR_HANDLER] PHP error handlers registered
[2026-01-15 17:02:58] [18 MB] [ERROR_HANDLER] PHP error handlers registered
[2026-01-15 17:03:38] [16 MB] [ERROR_HANDLER] PHP error handlers registered
[2026-01-15 17:03:43] [16 MB] [ERROR_HANDLER] PHP error handlers registered
[2026-01-15 17:03:43] [16 MB] [SESSION] ============================================================
[2026-01-15 17:03:43] [16 MB] [SESSION] NEW RESTORE SESSION STARTED
[2026-01-15 17:03:43] [16 MB] [SESSION] WordPress: 6.9
[2026-01-15 17:03:43] [16 MB] [SESSION] PHP: 8.2.26
[2026-01-15 17:03:43] [16 MB] [SESSION] Plugin: 1.0.0
[2026-01-15 17:03:43] [16 MB] [SESSION] ============================================================
[2026-01-15 17:03:43] [16 MB] [FUNCTION] >>> ENTER: start_restore
    DATA: Array
(
    [0] => file_path
)

[2026-01-15 17:03:43] [18 MB] [start_restore] Backup validation passed
[2026-01-15 17:03:43] [18 MB] [start_restore] Restore options
    DATA: Array
(
    [restore_database] => YES
    [restore_files] => YES
    [replace_urls] => YES
)

[2026-01-15 17:03:43] [18 MB] [chunked_processor] save_job called
    DATA: Array
(
    [job_id] => 50390c3f-4dd7-4617-bf4c-7be98ed172d4
    [status] => pending
)

[2026-01-15 17:03:43] [18 MB] [chunked_processor] Transient save result
    DATA: Array
(
    [option_name] => speed_backups_job_50390c3f-4dd7-4617-bf4c-7be98ed172d4
    [success] => YES
)

[2026-01-15 17:03:43] [18 MB] [chunked_processor] Option save result
    DATA: Array
(
    [option_name] => speed_backups_job_50390c3f-4dd7-4617-bf4c-7be98ed172d4
    [success] => YES
)

[2026-01-15 17:03:43] [18 MB] [chunked_processor] Save verification (direct DB)
    DATA: Array
(
    [verified] => YES
)

[2026-01-15 17:03:43] [18 MB] [start_restore] Job created
    DATA: Array
(
    [job_id] => 50390c3f-4dd7-4617-bf4c-7be98ed172d4
)

[2026-01-15 17:03:43] [18 MB] [chunked_processor] get_job called
    DATA: Array
(
    [job_id] => 50390c3f-4dd7-4617-bf4c-7be98ed172d4
)

[2026-01-15 17:03:43] [18 MB] [chunked_processor] Transient lookup result
    DATA: Array
(
    [option_name] => speed_backups_job_50390c3f-4dd7-4617-bf4c-7be98ed172d4
    [found] => YES
)

[2026-01-15 17:03:43] [18 MB] [chunked_processor] Job retrieved successfully
    DATA: Array
(
    [status] => pending
    [type] => restore
)

[2026-01-15 17:03:43] [18 MB] [chunked_processor] save_job called
    DATA: Array
(
    [job_id] => 50390c3f-4dd7-4617-bf4c-7be98ed172d4
    [status] => running
)

[2026-01-15 17:03:43] [18 MB] [chunked_processor] Transient save result
    DATA: Array
(
    [option_name] => speed_backups_job_50390c3f-4dd7-4617-bf4c-7be98ed172d4
    [success] => YES
)

[2026-01-15 17:03:43] [18 MB] [chunked_processor] Option save result
    DATA: Array
(
    [option_name] => speed_backups_job_50390c3f-4dd7-4617-bf4c-7be98ed172d4
    [success] => YES
)

[2026-01-15 17:03:43] [18 MB] [chunked_processor] Save verification (direct DB)
    DATA: Array
(
    [verified] => YES
)

[2026-01-15 17:03:43] [18 MB] [chunked_processor] get_job called
    DATA: Array
(
    [job_id] => 50390c3f-4dd7-4617-bf4c-7be98ed172d4
)

[2026-01-15 17:03:43] [18 MB] [chunked_processor] Transient lookup result
    DATA: Array
(
    [option_name] => speed_backups_job_50390c3f-4dd7-4617-bf4c-7be98ed172d4
    [found] => YES
)

[2026-01-15 17:03:43] [18 MB] [chunked_processor] Job retrieved successfully
    DATA: Array
(
    [status] => running
    [type] => restore
)

[2026-01-15 17:03:43] [18 MB] [chunked_processor] save_job called
    DATA: Array
(
    [job_id] => 50390c3f-4dd7-4617-bf4c-7be98ed172d4
    [status] => running
)

[2026-01-15 17:03:43] [18 MB] [chunked_processor] Transient save result
    DATA: Array
(
    [option_name] => speed_backups_job_50390c3f-4dd7-4617-bf4c-7be98ed172d4
    [success] => YES
)

[2026-01-15 17:03:43] [18 MB] [chunked_processor] Option save result
    DATA: Array
(
    [option_name] => speed_backups_job_50390c3f-4dd7-4617-bf4c-7be98ed172d4
    [success] => YES
)

[2026-01-15 17:03:43] [18 MB] [chunked_processor] Save verification (direct DB)
    DATA: Array
(
    [verified] => YES
)

[2026-01-15 17:03:43] [18 MB] [chunked_processor] get_job called
    DATA: Array
(
    [job_id] => 50390c3f-4dd7-4617-bf4c-7be98ed172d4
)

[2026-01-15 17:03:43] [18 MB] [chunked_processor] Transient lookup result
    DATA: Array
(
    [option_name] => speed_backups_job_50390c3f-4dd7-4617-bf4c-7be98ed172d4
    [found] => YES
)

[2026-01-15 17:03:43] [18 MB] [chunked_processor] Job retrieved successfully
    DATA: Array
(
    [status] => running
    [type] => restore
)

[2026-01-15 17:03:43] [18 MB] [start_restore] Job creation verification
    DATA: Array
(
    [job_exists] => YES
)

[2026-01-15 17:03:43] [18 MB] [FUNCTION] <<< EXIT: start_restore
[2026-01-15 17:03:43] [14 MB] [ERROR_HANDLER] PHP error handlers registered
[2026-01-15 17:03:43] [14 MB] [FUNCTION] >>> ENTER: process_chunk
    DATA: Array
(
    [0] => job_id
)

[2026-01-15 17:03:43] [14 MB] [chunked_processor] get_job called
    DATA: Array
(
    [job_id] => 50390c3f-4dd7-4617-bf4c-7be98ed172d4
)

[2026-01-15 17:03:43] [14 MB] [chunked_processor] Transient lookup result
    DATA: Array
(
    [option_name] => speed_backups_job_50390c3f-4dd7-4617-bf4c-7be98ed172d4
    [found] => YES
)

[2026-01-15 17:03:43] [14 MB] [chunked_processor] Job retrieved successfully
    DATA: Array
(
    [status] => running
    [type] => restore
)

[2026-01-15 17:03:43] [14 MB] [JOB_STATE] Job 50390c3f-4dd7-4617-bf4c-7be98ed172d4 state
    DATA: Array
(
    [status] => running
    [type] => restore
    [phase] => validate
    [progress] => 0
)

[2026-01-15 17:03:43] [14 MB] [chunked_processor] get_job called
    DATA: Array
(
    [job_id] => 50390c3f-4dd7-4617-bf4c-7be98ed172d4
)

[2026-01-15 17:03:43] [14 MB] [chunked_processor] Transient lookup result
    DATA: Array
(
    [option_name] => speed_backups_job_50390c3f-4dd7-4617-bf4c-7be98ed172d4
    [found] => YES
)

[2026-01-15 17:03:43] [14 MB] [chunked_processor] Job retrieved successfully
    DATA: Array
(
    [status] => running
    [type] => restore
)

[2026-01-15 17:03:43] [14 MB] [chunked_processor] get_job called
    DATA: Array
(
    [job_id] => 50390c3f-4dd7-4617-bf4c-7be98ed172d4
)

[2026-01-15 17:03:43] [14 MB] [chunked_processor] Transient lookup result
    DATA: Array
(
    [option_name] => speed_backups_job_50390c3f-4dd7-4617-bf4c-7be98ed172d4
    [found] => YES
)

[2026-01-15 17:03:43] [14 MB] [chunked_processor] Job retrieved successfully
    DATA: Array
(
    [status] => running
    [type] => restore
)

[2026-01-15 17:03:43] [14 MB] [chunked_processor] save_job called
    DATA: Array
(
    [job_id] => 50390c3f-4dd7-4617-bf4c-7be98ed172d4
    [status] => running
)

[2026-01-15 17:03:43] [14 MB] [chunked_processor] Transient save result
    DATA: Array
(
    [option_name] => speed_backups_job_50390c3f-4dd7-4617-bf4c-7be98ed172d4
    [success] => YES
)

[2026-01-15 17:03:43] [14 MB] [chunked_processor] Option save result
    DATA: Array
(
    [option_name] => speed_backups_job_50390c3f-4dd7-4617-bf4c-7be98ed172d4
    [success] => YES
)

[2026-01-15 17:03:43] [14 MB] [chunked_processor] Save verification (direct DB)
    DATA: Array
(
    [verified] => YES
)

[2026-01-15 17:03:43] [18 MB] [chunked_processor] get_job called
    DATA: Array
(
    [job_id] => 50390c3f-4dd7-4617-bf4c-7be98ed172d4
)

[2026-01-15 17:03:43] [18 MB] [chunked_processor] Transient lookup result
    DATA: Array
(
    [option_name] => speed_backups_job_50390c3f-4dd7-4617-bf4c-7be98ed172d4
    [found] => YES
)

[2026-01-15 17:03:43] [18 MB] [chunked_processor] Job retrieved successfully
    DATA: Array
(
    [status] => running
    [type] => restore
)

[2026-01-15 17:03:43] [18 MB] [chunked_processor] save_job called
    DATA: Array
(
    [job_id] => 50390c3f-4dd7-4617-bf4c-7be98ed172d4
    [status] => running
)

[2026-01-15 17:03:43] [18 MB] [chunked_processor] Transient save result
    DATA: Array
(
    [option_name] => speed_backups_job_50390c3f-4dd7-4617-bf4c-7be98ed172d4
    [success] => YES
)

[2026-01-15 17:03:43] [18 MB] [chunked_processor] Option save result
    DATA: Array
(
    [option_name] => speed_backups_job_50390c3f-4dd7-4617-bf4c-7be98ed172d4
    [success] => YES
)

[2026-01-15 17:03:43] [18 MB] [chunked_processor] Save verification (direct DB)
    DATA: Array
(
    [verified] => YES
)

[2026-01-15 17:03:43] [18 MB] [chunked_processor] get_job called
    DATA: Array
(
    [job_id] => 50390c3f-4dd7-4617-bf4c-7be98ed172d4
)

[2026-01-15 17:03:43] [18 MB] [chunked_processor] Transient lookup result
    DATA: Array
(
    [option_name] => speed_backups_job_50390c3f-4dd7-4617-bf4c-7be98ed172d4
    [found] => YES
)

[2026-01-15 17:03:43] [18 MB] [chunked_processor] Job retrieved successfully
    DATA: Array
(
    [status] => running
    [type] => restore
)

[2026-01-15 17:03:43] [18 MB] [chunked_processor] save_job called
    DATA: Array
(
    [job_id] => 50390c3f-4dd7-4617-bf4c-7be98ed172d4
    [status] => running
)

[2026-01-15 17:03:43] [18 MB] [chunked_processor] Transient save result
    DATA: Array
(
    [option_name] => speed_backups_job_50390c3f-4dd7-4617-bf4c-7be98ed172d4
    [success] => YES
)

[2026-01-15 17:03:43] [18 MB] [chunked_processor] Option save result
    DATA: Array
(
    [option_name] => speed_backups_job_50390c3f-4dd7-4617-bf4c-7be98ed172d4
    [success] => YES
)

[2026-01-15 17:03:43] [18 MB] [chunked_processor] Save verification (direct DB)
    DATA: Array
(
    [verified] => YES
)

[2026-01-15 17:03:43] [18 MB] [chunked_processor] get_job called
    DATA: Array
(
    [job_id] => 50390c3f-4dd7-4617-bf4c-7be98ed172d4
)

[2026-01-15 17:03:43] [18 MB] [chunked_processor] Transient lookup result
    DATA: Array
(
    [option_name] => speed_backups_job_50390c3f-4dd7-4617-bf4c-7be98ed172d4
    [found] => YES
)

[2026-01-15 17:03:43] [18 MB] [chunked_processor] Job retrieved successfully
    DATA: Array
(
    [status] => running
    [type] => restore
)

[2026-01-15 17:03:43] [18 MB] [chunked_processor] get_job called
    DATA: Array
(
    [job_id] => 50390c3f-4dd7-4617-bf4c-7be98ed172d4
)

[2026-01-15 17:03:43] [18 MB] [chunked_processor] Transient lookup result
    DATA: Array
(
    [option_name] => speed_backups_job_50390c3f-4dd7-4617-bf4c-7be98ed172d4
    [found] => YES
)

[2026-01-15 17:03:43] [18 MB] [chunked_processor] Job retrieved successfully
    DATA: Array
(
    [status] => running
    [type] => restore
)

[2026-01-15 17:03:43] [16 MB] [ERROR_HANDLER] PHP error handlers registered
[2026-01-15 17:03:43] [16 MB] [FUNCTION] >>> ENTER: process_chunk
    DATA: Array
(
    [0] => job_id
)

[2026-01-15 17:03:43] [16 MB] [chunked_processor] get_job called
    DATA: Array
(
    [job_id] => 50390c3f-4dd7-4617-bf4c-7be98ed172d4
)

[2026-01-15 17:03:43] [16 MB] [chunked_processor] Transient lookup result
    DATA: Array
(
    [option_name] => speed_backups_job_50390c3f-4dd7-4617-bf4c-7be98ed172d4
    [found] => YES
)

[2026-01-15 17:03:43] [16 MB] [chunked_processor] Job retrieved successfully
    DATA: Array
(
    [status] => running
    [type] => restore
)

[2026-01-15 17:03:43] [16 MB] [JOB_STATE] Job 50390c3f-4dd7-4617-bf4c-7be98ed172d4 state
    DATA: Array
(
    [status] => running
    [type] => restore
    [phase] => extract
    [progress] => 100
)

[2026-01-15 17:03:43] [16 MB] [chunked_processor] get_job called
    DATA: Array
(
    [job_id] => 50390c3f-4dd7-4617-bf4c-7be98ed172d4
)

[2026-01-15 17:03:43] [16 MB] [chunked_processor] Transient lookup result
    DATA: Array
(
    [option_name] => speed_backups_job_50390c3f-4dd7-4617-bf4c-7be98ed172d4
    [found] => YES
)

[2026-01-15 17:03:43] [16 MB] [chunked_processor] Job retrieved successfully
    DATA: Array
(
    [status] => running
    [type] => restore
)

[2026-01-15 17:03:43] [16 MB] [chunked_processor] get_job called
    DATA: Array
(
    [job_id] => 50390c3f-4dd7-4617-bf4c-7be98ed172d4
)

[2026-01-15 17:03:43] [16 MB] [chunked_processor] Transient lookup result
    DATA: Array
(
    [option_name] => speed_backups_job_50390c3f-4dd7-4617-bf4c-7be98ed172d4
    [found] => YES
)

[2026-01-15 17:03:43] [16 MB] [chunked_processor] Job retrieved successfully
    DATA: Array
(
    [status] => running
    [type] => restore
)

[2026-01-15 17:03:43] [16 MB] [chunked_processor] save_job called
    DATA: Array
(
    [job_id] => 50390c3f-4dd7-4617-bf4c-7be98ed172d4
    [status] => running
)

[2026-01-15 17:03:43] [16 MB] [chunked_processor] Transient save result
    DATA: Array
(
    [option_name] => speed_backups_job_50390c3f-4dd7-4617-bf4c-7be98ed172d4
    [success] => YES
)

[2026-01-15 17:03:43] [16 MB] [chunked_processor] Option save result
    DATA: Array
(
    [option_name] => speed_backups_job_50390c3f-4dd7-4617-bf4c-7be98ed172d4
    [success] => YES
)

[2026-01-15 17:03:43] [16 MB] [chunked_processor] Save verification (direct DB)
    DATA: Array
(
    [verified] => YES
)

[2026-01-15 17:03:44] [18 MB] [chunked_processor] get_job called
    DATA: Array
(
    [job_id] => 50390c3f-4dd7-4617-bf4c-7be98ed172d4
)

[2026-01-15 17:03:44] [18 MB] [chunked_processor] Transient lookup result
    DATA: Array
(
    [option_name] => speed_backups_job_50390c3f-4dd7-4617-bf4c-7be98ed172d4
    [found] => YES
)

[2026-01-15 17:03:44] [18 MB] [chunked_processor] Job retrieved successfully
    DATA: Array
(
    [status] => running
    [type] => restore
)

[2026-01-15 17:03:44] [18 MB] [chunked_processor] save_job called
    DATA: Array
(
    [job_id] => 50390c3f-4dd7-4617-bf4c-7be98ed172d4
    [status] => running
)

[2026-01-15 17:03:44] [18 MB] [chunked_processor] Transient save result
    DATA: Array
(
    [option_name] => speed_backups_job_50390c3f-4dd7-4617-bf4c-7be98ed172d4
    [success] => YES
)

[2026-01-15 17:03:44] [18 MB] [chunked_processor] Option save result
    DATA: Array
(
    [option_name] => speed_backups_job_50390c3f-4dd7-4617-bf4c-7be98ed172d4
    [success] => YES
)

[2026-01-15 17:03:44] [18 MB] [chunked_processor] Save verification (direct DB)
    DATA: Array
(
    [verified] => YES
)

[2026-01-15 17:03:44] [18 MB] [chunked_processor] get_job called
    DATA: Array
(
    [job_id] => 50390c3f-4dd7-4617-bf4c-7be98ed172d4
)

[2026-01-15 17:03:44] [18 MB] [chunked_processor] Transient lookup result
    DATA: Array
(
    [option_name] => speed_backups_job_50390c3f-4dd7-4617-bf4c-7be98ed172d4
    [found] => YES
)

[2026-01-15 17:03:44] [18 MB] [chunked_processor] Job retrieved successfully
    DATA: Array
(
    [status] => running
    [type] => restore
)

[2026-01-15 17:03:44] [18 MB] [chunked_processor] get_job called
    DATA: Array
(
    [job_id] => 50390c3f-4dd7-4617-bf4c-7be98ed172d4
)

[2026-01-15 17:03:44] [18 MB] [chunked_processor] Transient lookup result
    DATA: Array
(
    [option_name] => speed_backups_job_50390c3f-4dd7-4617-bf4c-7be98ed172d4
    [found] => YES
)

[2026-01-15 17:03:44] [18 MB] [chunked_processor] Job retrieved successfully
    DATA: Array
(
    [status] => running
    [type] => restore
)

[2026-01-15 17:03:44] [16 MB] [ERROR_HANDLER] PHP error handlers registered
[2026-01-15 17:03:44] [16 MB] [FUNCTION] >>> ENTER: process_chunk
    DATA: Array
(
    [0] => job_id
)

[2026-01-15 17:03:44] [16 MB] [chunked_processor] get_job called
    DATA: Array
(
    [job_id] => 50390c3f-4dd7-4617-bf4c-7be98ed172d4
)

[2026-01-15 17:03:44] [16 MB] [chunked_processor] Transient lookup result
    DATA: Array
(
    [option_name] => speed_backups_job_50390c3f-4dd7-4617-bf4c-7be98ed172d4
    [found] => YES
)

[2026-01-15 17:03:44] [16 MB] [chunked_processor] Job retrieved successfully
    DATA: Array
(
    [status] => running
    [type] => restore
)

[2026-01-15 17:03:44] [16 MB] [JOB_STATE] Job 50390c3f-4dd7-4617-bf4c-7be98ed172d4 state
    DATA: Array
(
    [status] => running
    [type] => restore
    [phase] => extract
    [progress] => 0
)

[2026-01-15 17:03:44] [16 MB] [chunked_processor] get_job called
    DATA: Array
(
    [job_id] => 50390c3f-4dd7-4617-bf4c-7be98ed172d4
)

[2026-01-15 17:03:44] [16 MB] [chunked_processor] Transient lookup result
    DATA: Array
(
    [option_name] => speed_backups_job_50390c3f-4dd7-4617-bf4c-7be98ed172d4
    [found] => YES
)

[2026-01-15 17:03:44] [16 MB] [chunked_processor] Job retrieved successfully
    DATA: Array
(
    [status] => running
    [type] => restore
)

[2026-01-15 17:03:44] [16 MB] [chunked_processor] get_job called
    DATA: Array
(
    [job_id] => 50390c3f-4dd7-4617-bf4c-7be98ed172d4
)

[2026-01-15 17:03:44] [16 MB] [chunked_processor] Transient lookup result
    DATA: Array
(
    [option_name] => speed_backups_job_50390c3f-4dd7-4617-bf4c-7be98ed172d4
    [found] => YES
)

[2026-01-15 17:03:44] [16 MB] [chunked_processor] Job retrieved successfully
    DATA: Array
(
    [status] => running
    [type] => restore
)

[2026-01-15 17:03:44] [16 MB] [chunked_processor] save_job called
    DATA: Array
(
    [job_id] => 50390c3f-4dd7-4617-bf4c-7be98ed172d4
    [status] => running
)

[2026-01-15 17:03:44] [16 MB] [chunked_processor] Transient save result
    DATA: Array
(
    [option_name] => speed_backups_job_50390c3f-4dd7-4617-bf4c-7be98ed172d4
    [success] => YES
)

[2026-01-15 17:03:44] [16 MB] [chunked_processor] Option save result
    DATA: Array
(
    [option_name] => speed_backups_job_50390c3f-4dd7-4617-bf4c-7be98ed172d4
    [success] => YES
)

[2026-01-15 17:03:44] [16 MB] [chunked_processor] Save verification (direct DB)
    DATA: Array
(
    [verified] => YES
)

[2026-01-15 17:03:44] [16 MB] [chunked_processor] get_job called
    DATA: Array
(
    [job_id] => 50390c3f-4dd7-4617-bf4c-7be98ed172d4
)

[2026-01-15 17:03:44] [16 MB] [chunked_processor] Transient lookup result
    DATA: Array
(
    [option_name] => speed_backups_job_50390c3f-4dd7-4617-bf4c-7be98ed172d4
    [found] => YES
)

[2026-01-15 17:03:44] [16 MB] [chunked_processor] Job retrieved successfully
    DATA: Array
(
    [status] => running
    [type] => restore
)

[2026-01-15 17:03:44] [16 MB] [chunked_processor] save_job called
    DATA: Array
(
    [job_id] => 50390c3f-4dd7-4617-bf4c-7be98ed172d4
    [status] => running
)

[2026-01-15 17:03:44] [16 MB] [chunked_processor] Transient save result
    DATA: Array
(
    [option_name] => speed_backups_job_50390c3f-4dd7-4617-bf4c-7be98ed172d4
    [success] => YES
)

[2026-01-15 17:03:44] [16 MB] [chunked_processor] Option save result
    DATA: Array
(
    [option_name] => speed_backups_job_50390c3f-4dd7-4617-bf4c-7be98ed172d4
    [success] => YES
)

[2026-01-15 17:03:44] [16 MB] [chunked_processor] Save verification (direct DB)
    DATA: Array
(
    [verified] => YES
)

[2026-01-15 17:03:44] [16 MB] [chunked_processor] get_job called
    DATA: Array
(
    [job_id] => 50390c3f-4dd7-4617-bf4c-7be98ed172d4
)

[2026-01-15 17:03:44] [16 MB] [chunked_processor] Transient lookup result
    DATA: Array
(
    [option_name] => speed_backups_job_50390c3f-4dd7-4617-bf4c-7be98ed172d4
    [found] => YES
)

[2026-01-15 17:03:44] [16 MB] [chunked_processor] Job retrieved successfully
    DATA: Array
(
    [status] => running
    [type] => restore
)

[2026-01-15 17:03:44] [16 MB] [chunked_processor] get_job called
    DATA: Array
(
    [job_id] => 50390c3f-4dd7-4617-bf4c-7be98ed172d4
)

[2026-01-15 17:03:44] [16 MB] [chunked_processor] Transient lookup result
    DATA: Array
(
    [option_name] => speed_backups_job_50390c3f-4dd7-4617-bf4c-7be98ed172d4
    [found] => YES
)

[2026-01-15 17:03:44] [16 MB] [chunked_processor] Job retrieved successfully
    DATA: Array
(
    [status] => running
    [type] => restore
)

[2026-01-15 17:03:45] [16 MB] [ERROR_HANDLER] PHP error handlers registered
[2026-01-15 17:03:45] [16 MB] [FUNCTION] >>> ENTER: process_chunk
    DATA: Array
(
    [0] => job_id
)

[2026-01-15 17:03:45] [16 MB] [chunked_processor] get_job called
    DATA: Array
(
    [job_id] => 50390c3f-4dd7-4617-bf4c-7be98ed172d4
)

[2026-01-15 17:03:45] [16 MB] [chunked_processor] Transient lookup result
    DATA: Array
(
    [option_name] => speed_backups_job_50390c3f-4dd7-4617-bf4c-7be98ed172d4
    [found] => YES
)

[2026-01-15 17:03:45] [16 MB] [chunked_processor] Job retrieved successfully
    DATA: Array
(
    [status] => running
    [type] => restore
)

[2026-01-15 17:03:45] [16 MB] [JOB_STATE] Job 50390c3f-4dd7-4617-bf4c-7be98ed172d4 state
    DATA: Array
(
    [status] => running
    [type] => restore
    [phase] => extract
    [progress] => 1.294498381877
)

[2026-01-15 17:03:45] [16 MB] [chunked_processor] get_job called
    DATA: Array
(
    [job_id] => 50390c3f-4dd7-4617-bf4c-7be98ed172d4
)

[2026-01-15 17:03:45] [16 MB] [chunked_processor] Transient lookup result
    DATA: Array
(
    [option_name] => speed_backups_job_50390c3f-4dd7-4617-bf4c-7be98ed172d4
    [found] => YES
)

[2026-01-15 17:03:45] [16 MB] [chunked_processor] Job retrieved successfully
    DATA: Array
(
    [status] => running
    [type] => restore
)

[2026-01-15 17:03:45] [16 MB] [chunked_processor] get_job called
    DATA: Array
(
    [job_id] => 50390c3f-4dd7-4617-bf4c-7be98ed172d4
)

[2026-01-15 17:03:45] [16 MB] [chunked_processor] Transient lookup result
    DATA: Array
(
    [option_name] => speed_backups_job_50390c3f-4dd7-4617-bf4c-7be98ed172d4
    [found] => YES
)

[2026-01-15 17:03:45] [16 MB] [chunked_processor] Job retrieved successfully
    DATA: Array
(
    [status] => running
    [type] => restore
)

[2026-01-15 17:03:45] [16 MB] [chunked_processor] save_job called
    DATA: Array
(
    [job_id] => 50390c3f-4dd7-4617-bf4c-7be98ed172d4
    [status] => running
)

[2026-01-15 17:03:45] [16 MB] [chunked_processor] Transient save result
    DATA: Array
(
    [option_name] => speed_backups_job_50390c3f-4dd7-4617-bf4c-7be98ed172d4
    [success] => YES
)

[2026-01-15 17:03:45] [16 MB] [chunked_processor] Option save result
    DATA: Array
(
    [option_name] => speed_backups_job_50390c3f-4dd7-4617-bf4c-7be98ed172d4
    [success] => YES
)

[2026-01-15 17:03:45] [16 MB] [chunked_processor] Save verification (direct DB)
    DATA: Array
(
    [verified] => YES
)

[2026-01-15 17:03:45] [16 MB] [chunked_processor] get_job called
    DATA: Array
(
    [job_id] => 50390c3f-4dd7-4617-bf4c-7be98ed172d4
)

[2026-01-15 17:03:45] [16 MB] [chunked_processor] Transient lookup result
    DATA: Array
(
    [option_name] => speed_backups_job_50390c3f-4dd7-4617-bf4c-7be98ed172d4
    [found] => YES
)

[2026-01-15 17:03:45] [16 MB] [chunked_processor] Job retrieved successfully
    DATA: Array
(
    [status] => running
    [type] => restore
)

[2026-01-15 17:03:45] [16 MB] [chunked_processor] save_job called
    DATA: Array
(
    [job_id] => 50390c3f-4dd7-4617-bf4c-7be98ed172d4
    [status] => running
)

[2026-01-15 17:03:45] [16 MB] [chunked_processor] Transient save result
    DATA: Array
(
    [option_name] => speed_backups_job_50390c3f-4dd7-4617-bf4c-7be98ed172d4
    [success] => YES
)

[2026-01-15 17:03:45] [16 MB] [chunked_processor] Option save result
    DATA: Array
(
    [option_name] => speed_backups_job_50390c3f-4dd7-4617-bf4c-7be98ed172d4
    [success] => YES
)

[2026-01-15 17:03:45] [16 MB] [chunked_processor] Save verification (direct DB)
    DATA: Array
(
    [verified] => YES
)

[2026-01-15 17:03:45] [16 MB] [chunked_processor] get_job called
    DATA: Array
(
    [job_id] => 50390c3f-4dd7-4617-bf4c-7be98ed172d4
)

[2026-01-15 17:03:45] [16 MB] [chunked_processor] Transient lookup result
    DATA: Array
(
    [option_name] => speed_backups_job_50390c3f-4dd7-4617-bf4c-7be98ed172d4
    [found] => YES
)

[2026-01-15 17:03:45] [16 MB] [chunked_processor] Job retrieved successfully
    DATA: Array
(
    [status] => running
    [type] => restore
)

[2026-01-15 17:03:45] [16 MB] [chunked_processor] get_job called
    DATA: Array
(
    [job_id] => 50390c3f-4dd7-4617-bf4c-7be98ed172d4
)

[2026-01-15 17:03:45] [16 MB] [chunked_processor] Transient lookup result
    DATA: Array
(
    [option_name] => speed_backups_job_50390c3f-4dd7-4617-bf4c-7be98ed172d4
    [found] => YES
)

[2026-01-15 17:03:45] [16 MB] [chunked_processor] Job retrieved successfully
    DATA: Array
(
    [status] => running
    [type] => restore
)

[2026-01-15 17:03:45] [16 MB] [ERROR_HANDLER] PHP error handlers registered
[2026-01-15 17:03:45] [16 MB] [FUNCTION] >>> ENTER: process_chunk
    DATA: Array
(
    [0] => job_id
)

[2026-01-15 17:03:45] [16 MB] [chunked_processor] get_job called
    DATA: Array
(
    [job_id] => 50390c3f-4dd7-4617-bf4c-7be98ed172d4
)

[2026-01-15 17:03:45] [16 MB] [chunked_processor] Transient lookup result
    DATA: Array
(
    [option_name] => speed_backups_job_50390c3f-4dd7-4617-bf4c-7be98ed172d4
    [found] => YES
)

[2026-01-15 17:03:45] [16 MB] [chunked_processor] Job retrieved successfully
    DATA: Array
(
    [status] => running
    [type] => restore
)

[2026-01-15 17:03:45] [16 MB] [JOB_STATE] Job 50390c3f-4dd7-4617-bf4c-7be98ed172d4 state
    DATA: Array
(
    [status] => running
    [type] => restore
    [phase] => extract
    [progress] => 2.588996763754
)

[2026-01-15 17:03:45] [16 MB] [chunked_processor] get_job called
    DATA: Array
(
    [job_id] => 50390c3f-4dd7-4617-bf4c-7be98ed172d4
)

[2026-01-15 17:03:45] [16 MB] [chunked_processor] Transient lookup result
    DATA: Array
(
    [option_name] => speed_backups_job_50390c3f-4dd7-4617-bf4c-7be98ed172d4
    [found] => YES
)

[2026-01-15 17:03:45] [16 MB] [chunked_processor] Job retrieved successfully
    DATA: Array
(
    [status] => running
    [type] => restore
)

[2026-01-15 17:03:45] [16 MB] [chunked_processor] get_job called
    DATA: Array
(
    [job_id] => 50390c3f-4dd7-4617-bf4c-7be98ed172d4
)

[2026-01-15 17:03:45] [16 MB] [chunked_processor] Transient lookup result
    DATA: Array
(
    [option_name] => speed_backups_job_50390c3f-4dd7-4617-bf4c-7be98ed172d4
    [found] => YES
)

[2026-01-15 17:03:45] [16 MB] [chunked_processor] Job retrieved successfully
    DATA: Array
(
    [status] => running
    [type] => restore
)

[2026-01-15 17:03:45] [16 MB] [chunked_processor] save_job called
    DATA: Array
(
    [job_id] => 50390c3f-4dd7-4617-bf4c-7be98ed172d4
    [status] => running
)

[2026-01-15 17:03:45] [16 MB] [chunked_processor] Transient save result
    DATA: Array
(
    [option_name] => speed_backups_job_50390c3f-4dd7-4617-bf4c-7be98ed172d4
    [success] => YES
)

[2026-01-15 17:03:45] [16 MB] [chunked_processor] Option save result
    DATA: Array
(
    [option_name] => speed_backups_job_50390c3f-4dd7-4617-bf4c-7be98ed172d4
    [success] => YES
)

[2026-01-15 17:03:45] [16 MB] [chunked_processor] Save verification (direct DB)
    DATA: Array
(
    [verified] => YES
)

[2026-01-15 17:03:45] [16 MB] [chunked_processor] get_job called
    DATA: Array
(
    [job_id] => 50390c3f-4dd7-4617-bf4c-7be98ed172d4
)

[2026-01-15 17:03:45] [16 MB] [chunked_processor] Transient lookup result
    DATA: Array
(
    [option_name] => speed_backups_job_50390c3f-4dd7-4617-bf4c-7be98ed172d4
    [found] => YES
)

[2026-01-15 17:03:45] [16 MB] [chunked_processor] Job retrieved successfully
    DATA: Array
(
    [status] => running
    [type] => restore
)

[2026-01-15 17:03:45] [16 MB] [chunked_processor] save_job called
    DATA: Array
(
    [job_id] => 50390c3f-4dd7-4617-bf4c-7be98ed172d4
    [status] => running
)

[2026-01-15 17:03:45] [16 MB] [chunked_processor] Transient save result
    DATA: Array
(
    [option_name] => speed_backups_job_50390c3f-4dd7-4617-bf4c-7be98ed172d4
    [success] => YES
)

[2026-01-15 17:03:45] [16 MB] [chunked_processor] Option save result
    DATA: Array
(
    [option_name] => speed_backups_job_50390c3f-4dd7-4617-bf4c-7be98ed172d4
    [success] => YES
)

[2026-01-15 17:03:45] [16 MB] [chunked_processor] Save verification (direct DB)
    DATA: Array
(
    [verified] => YES
)

[2026-01-15 17:03:45] [16 MB] [chunked_processor] get_job called
    DATA: Array
(
    [job_id] => 50390c3f-4dd7-4617-bf4c-7be98ed172d4
)

[2026-01-15 17:03:45] [16 MB] [chunked_processor] Transient lookup result
    DATA: Array
(
    [option_name] => speed_backups_job_50390c3f-4dd7-4617-bf4c-7be98ed172d4
    [found] => YES
)

[2026-01-15 17:03:45] [16 MB] [chunked_processor] Job retrieved successfully
    DATA: Array
(
    [status] => running
    [type] => restore
)

[2026-01-15 17:03:45] [16 MB] [chunked_processor] get_job called
    DATA: Array
(
    [job_id] => 50390c3f-4dd7-4617-bf4c-7be98ed172d4
)

[2026-01-15 17:03:45] [16 MB] [chunked_processor] Transient lookup result
    DATA: Array
(
    [option_name] => speed_backups_job_50390c3f-4dd7-4617-bf4c-7be98ed172d4
    [found] => YES
)

[2026-01-15 17:03:45] [16 MB] [chunked_processor] Job retrieved successfully
    DATA: Array
(
    [status] => running
    [type] => restore
)

[2026-01-15 17:03:46] [16 MB] [ERROR_HANDLER] PHP error handlers registered
[2026-01-15 17:03:46] [16 MB] [FUNCTION] >>> ENTER: process_chunk
    DATA: Array
(
    [0] => job_id
)

[2026-01-15 17:03:46] [16 MB] [chunked_processor] get_job called
    DATA: Array
(
    [job_id] => 50390c3f-4dd7-4617-bf4c-7be98ed172d4
)

[2026-01-15 17:03:46] [16 MB] [chunked_processor] Transient lookup result
    DATA: Array
(
    [option_name] => speed_backups_job_50390c3f-4dd7-4617-bf4c-7be98ed172d4
    [found] => YES
)

[2026-01-15 17:03:46] [16 MB] [chunked_processor] Job retrieved successfully
    DATA: Array
(
    [status] => running
    [type] => restore
)

[2026-01-15 17:03:46] [16 MB] [JOB_STATE] Job 50390c3f-4dd7-4617-bf4c-7be98ed172d4 state
    DATA: Array
(
    [status] => running
    [type] => restore
    [phase] => extract
    [progress] => 3.8834951456311
)

[2026-01-15 17:03:46] [16 MB] [chunked_processor] get_job called
    DATA: Array
(
    [job_id] => 50390c3f-4dd7-4617-bf4c-7be98ed172d4
)

[2026-01-15 17:03:46] [16 MB] [chunked_processor] Transient lookup result
    DATA: Array
(
    [option_name] => speed_backups_job_50390c3f-4dd7-4617-bf4c-7be98ed172d4
    [found] => YES
)

[2026-01-15 17:03:46] [16 MB] [chunked_processor] Job retrieved successfully
    DATA: Array
(
    [status] => running
    [type] => restore
)

[2026-01-15 17:03:46] [16 MB] [chunked_processor] get_job called
    DATA: Array
(
    [job_id] => 50390c3f-4dd7-4617-bf4c-7be98ed172d4
)

[2026-01-15 17:03:46] [16 MB] [chunked_processor] Transient lookup result
    DATA: Array
(
    [option_name] => speed_backups_job_50390c3f-4dd7-4617-bf4c-7be98ed172d4
    [found] => YES
)

[2026-01-15 17:03:46] [16 MB] [chunked_processor] Job retrieved successfully
    DATA: Array
(
    [status] => running
    [type] => restore
)

[2026-01-15 17:03:46] [16 MB] [chunked_processor] save_job called
    DATA: Array
(
    [job_id] => 50390c3f-4dd7-4617-bf4c-7be98ed172d4
    [status] => running
)

[2026-01-15 17:03:46] [16 MB] [chunked_processor] Transient save result
    DATA: Array
(
    [option_name] => speed_backups_job_50390c3f-4dd7-4617-bf4c-7be98ed172d4
    [success] => YES
)

[2026-01-15 17:03:46] [16 MB] [chunked_processor] Option save result
    DATA: Array
(
    [option_name] => speed_backups_job_50390c3f-4dd7-4617-bf4c-7be98ed172d4
    [success] => YES
)

[2026-01-15 17:03:46] [16 MB] [chunked_processor] Save verification (direct DB)
    DATA: Array
(
    [verified] => YES
)

[2026-01-15 17:03:46] [16 MB] [chunked_processor] get_job called
    DATA: Array
(
    [job_id] => 50390c3f-4dd7-4617-bf4c-7be98ed172d4
)

[2026-01-15 17:03:46] [16 MB] [chunked_processor] Transient lookup result
    DATA: Array
(
    [option_name] => speed_backups_job_50390c3f-4dd7-4617-bf4c-7be98ed172d4
    [found] => YES
)

[2026-01-15 17:03:46] [16 MB] [chunked_processor] Job retrieved successfully
    DATA: Array
(
    [status] => running
    [type] => restore
)

[2026-01-15 17:03:46] [16 MB] [chunked_processor] save_job called
    DATA: Array
(
    [job_id] => 50390c3f-4dd7-4617-bf4c-7be98ed172d4
    [status] => running
)

[2026-01-15 17:03:46] [16 MB] [chunked_processor] Transient save result
    DATA: Array
(
    [option_name] => speed_backups_job_50390c3f-4dd7-4617-bf4c-7be98ed172d4
    [success] => YES
)

[2026-01-15 17:03:46] [16 MB] [chunked_processor] Option save result
    DATA: Array
(
    [option_name] => speed_backups_job_50390c3f-4dd7-4617-bf4c-7be98ed172d4
    [success] => YES
)

[2026-01-15 17:03:46] [16 MB] [chunked_processor] Save verification (direct DB)
    DATA: Array
(
    [verified] => YES
)

[2026-01-15 17:03:46] [16 MB] [chunked_processor] get_job called
    DATA: Array
(
    [job_id] => 50390c3f-4dd7-4617-bf4c-7be98ed172d4
)

[2026-01-15 17:03:46] [16 MB] [chunked_processor] Transient lookup result
    DATA: Array
(
    [option_name] => speed_backups_job_50390c3f-4dd7-4617-bf4c-7be98ed172d4
    [found] => YES
)

[2026-01-15 17:03:46] [16 MB] [chunked_processor] Job retrieved successfully
    DATA: Array
(
    [status] => running
    [type] => restore
)

[2026-01-15 17:03:46] [16 MB] [chunked_processor] get_job called
    DATA: Array
(
    [job_id] => 50390c3f-4dd7-4617-bf4c-7be98ed172d4
)

[2026-01-15 17:03:46] [16 MB] [chunked_processor] Transient lookup result
    DATA: Array
(
    [option_name] => speed_backups_job_50390c3f-4dd7-4617-bf4c-7be98ed172d4
    [found] => YES
)

[2026-01-15 17:03:46] [16 MB] [chunked_processor] Job retrieved successfully
    DATA: Array
(
    [status] => running
    [type] => restore
)

[2026-01-15 17:03:46] [14 MB] [ERROR_HANDLER] PHP error handlers registered
[2026-01-15 17:03:46] [14 MB] [FUNCTION] >>> ENTER: process_chunk
    DATA: Array
(
    [0] => job_id
)

[2026-01-15 17:03:46] [14 MB] [chunked_processor] get_job called
    DATA: Array
(
    [job_id] => 50390c3f-4dd7-4617-bf4c-7be98ed172d4
)

[2026-01-15 17:03:46] [14 MB] [chunked_processor] Transient lookup result
    DATA: Array
(
    [option_name] => speed_backups_job_50390c3f-4dd7-4617-bf4c-7be98ed172d4
    [found] => YES
)

[2026-01-15 17:03:46] [14 MB] [chunked_processor] Job retrieved successfully
    DATA: Array
(
    [status] => running
    [type] => restore
)

[2026-01-15 17:03:46] [14 MB] [JOB_STATE] Job 50390c3f-4dd7-4617-bf4c-7be98ed172d4 state
    DATA: Array
(
    [status] => running
    [type] => restore
    [phase] => extract
    [progress] => 5.1779935275081
)

[2026-01-15 17:03:46] [14 MB] [chunked_processor] get_job called
    DATA: Array
(
    [job_id] => 50390c3f-4dd7-4617-bf4c-7be98ed172d4
)

[2026-01-15 17:03:46] [14 MB] [chunked_processor] Transient lookup result
    DATA: Array
(
    [option_name] => speed_backups_job_50390c3f-4dd7-4617-bf4c-7be98ed172d4
    [found] => YES
)

[2026-01-15 17:03:46] [14 MB] [chunked_processor] Job retrieved successfully
    DATA: Array
(
    [status] => running
    [type] => restore
)

[2026-01-15 17:03:46] [14 MB] [chunked_processor] get_job called
    DATA: Array
(
    [job_id] => 50390c3f-4dd7-4617-bf4c-7be98ed172d4
)

[2026-01-15 17:03:46] [14 MB] [chunked_processor] Transient lookup result
    DATA: Array
(
    [option_name] => speed_backups_job_50390c3f-4dd7-4617-bf4c-7be98ed172d4
    [found] => YES
)

[2026-01-15 17:03:46] [14 MB] [chunked_processor] Job retrieved successfully
    DATA: Array
(
    [status] => running
    [type] => restore
)

[2026-01-15 17:03:46] [14 MB] [chunked_processor] save_job called
    DATA: Array
(
    [job_id] => 50390c3f-4dd7-4617-bf4c-7be98ed172d4
    [status] => running
)

[2026-01-15 17:03:46] [14 MB] [chunked_processor] Transient save result
    DATA: Array
(
    [option_name] => speed_backups_job_50390c3f-4dd7-4617-bf4c-7be98ed172d4
    [success] => YES
)

[2026-01-15 17:03:46] [14 MB] [chunked_processor] Option save result
    DATA: Array
(
    [option_name] => speed_backups_job_50390c3f-4dd7-4617-bf4c-7be98ed172d4
    [success] => YES
)

[2026-01-15 17:03:46] [14 MB] [chunked_processor] Save verification (direct DB)
    DATA: Array
(
    [verified] => YES
)

[2026-01-15 17:03:46] [14 MB] [chunked_processor] get_job called
    DATA: Array
(
    [job_id] => 50390c3f-4dd7-4617-bf4c-7be98ed172d4
)

[2026-01-15 17:03:46] [14 MB] [chunked_processor] Transient lookup result
    DATA: Array
(
    [option_name] => speed_backups_job_50390c3f-4dd7-4617-bf4c-7be98ed172d4
    [found] => YES
)

[2026-01-15 17:03:46] [14 MB] [chunked_processor] Job retrieved successfully
    DATA: Array
(
    [status] => running
    [type] => restore
)

[2026-01-15 17:03:46] [14 MB] [chunked_processor] save_job called
    DATA: Array
(
    [job_id] => 50390c3f-4dd7-4617-bf4c-7be98ed172d4
    [status] => running
)

[2026-01-15 17:03:46] [14 MB] [chunked_processor] Transient save result
    DATA: Array
(
    [option_name] => speed_backups_job_50390c3f-4dd7-4617-bf4c-7be98ed172d4
    [success] => YES
)

[2026-01-15 17:03:46] [14 MB] [chunked_processor] Option save result
    DATA: Array
(
    [option_name] => speed_backups_job_50390c3f-4dd7-4617-bf4c-7be98ed172d4
    [success] => YES
)

[2026-01-15 17:03:46] [14 MB] [chunked_processor] Save verification (direct DB)
    DATA: Array
(
    [verified] => YES
)

[2026-01-15 17:03:46] [14 MB] [chunked_processor] get_job called
    DATA: Array
(
    [job_id] => 50390c3f-4dd7-4617-bf4c-7be98ed172d4
)

[2026-01-15 17:03:46] [14 MB] [chunked_processor] Transient lookup result
    DATA: Array
(
    [option_name] => speed_backups_job_50390c3f-4dd7-4617-bf4c-7be98ed172d4
    [found] => YES
)

[2026-01-15 17:03:46] [14 MB] [chunked_processor] Job retrieved successfully
    DATA: Array
(
    [status] => running
    [type] => restore
)

[2026-01-15 17:03:46] [14 MB] [chunked_processor] get_job called
    DATA: Array
(
    [job_id] => 50390c3f-4dd7-4617-bf4c-7be98ed172d4
)

[2026-01-15 17:03:46] [14 MB] [chunked_processor] Transient lookup result
    DATA: Array
(
    [option_name] => speed_backups_job_50390c3f-4dd7-4617-bf4c-7be98ed172d4
    [found] => YES
)

[2026-01-15 17:03:46] [14 MB] [chunked_processor] Job retrieved successfully
    DATA: Array
(
    [status] => running
    [type] => restore
)

[2026-01-15 17:03:46] [16 MB] [ERROR_HANDLER] PHP error handlers registered
[2026-01-15 17:03:46] [16 MB] [FUNCTION] >>> ENTER: process_chunk
    DATA: Array
(
    [0] => job_id
)

[2026-01-15 17:03:46] [16 MB] [chunked_processor] get_job called
    DATA: Array
(
    [job_id] => 50390c3f-4dd7-4617-bf4c-7be98ed172d4
)

[2026-01-15 17:03:46] [16 MB] [chunked_processor] Transient lookup result
    DATA: Array
(
    [option_name] => speed_backups_job_50390c3f-4dd7-4617-bf4c-7be98ed172d4
    [found] => YES
)

[2026-01-15 17:03:46] [16 MB] [chunked_processor] Job retrieved successfully
    DATA: Array
(
    [status] => running
    [type] => restore
)

[2026-01-15 17:03:46] [16 MB] [JOB_STATE] Job 50390c3f-4dd7-4617-bf4c-7be98ed172d4 state
    DATA: Array
(
    [status] => running
    [type] => restore
    [phase] => extract
    [progress] => 6.4724919093851
)

[2026-01-15 17:03:46] [16 MB] [chunked_processor] get_job called
    DATA: Array
(
    [job_id] => 50390c3f-4dd7-4617-bf4c-7be98ed172d4
)

[2026-01-15 17:03:46] [16 MB] [chunked_processor] Transient lookup result
    DATA: Array
(
    [option_name] => speed_backups_job_50390c3f-4dd7-4617-bf4c-7be98ed172d4
    [found] => YES
)

[2026-01-15 17:03:46] [16 MB] [chunked_processor] Job retrieved successfully
    DATA: Array
(
    [status] => running
    [type] => restore
)

[2026-01-15 17:03:46] [16 MB] [chunked_processor] get_job called
    DATA: Array
(
    [job_id] => 50390c3f-4dd7-4617-bf4c-7be98ed172d4
)

[2026-01-15 17:03:46] [16 MB] [chunked_processor] Transient lookup result
    DATA: Array
(
    [option_name] => speed_backups_job_50390c3f-4dd7-4617-bf4c-7be98ed172d4
    [found] => YES
)

[2026-01-15 17:03:46] [16 MB] [chunked_processor] Job retrieved successfully
    DATA: Array
(
    [status] => running
    [type] => restore
)

[2026-01-15 17:03:46] [16 MB] [chunked_processor] save_job called
    DATA: Array
(
    [job_id] => 50390c3f-4dd7-4617-bf4c-7be98ed172d4
    [status] => running
)

[2026-01-15 17:03:46] [16 MB] [chunked_processor] Transient save result
    DATA: Array
(
    [option_name] => speed_backups_job_50390c3f-4dd7-4617-bf4c-7be98ed172d4
    [success] => YES
)

[2026-01-15 17:03:46] [16 MB] [chunked_processor] Option save result
    DATA: Array
(
    [option_name] => speed_backups_job_50390c3f-4dd7-4617-bf4c-7be98ed172d4
    [success] => YES
)

[2026-01-15 17:03:46] [16 MB] [chunked_processor] Save verification (direct DB)
    DATA: Array
(
    [verified] => YES
)

[2026-01-15 17:03:46] [16 MB] [chunked_processor] get_job called
    DATA: Array
(
    [job_id] => 50390c3f-4dd7-4617-bf4c-7be98ed172d4
)

[2026-01-15 17:03:46] [16 MB] [chunked_processor] Transient lookup result
    DATA: Array
(
    [option_name] => speed_backups_job_50390c3f-4dd7-4617-bf4c-7be98ed172d4
    [found] => YES
)

[2026-01-15 17:03:46] [16 MB] [chunked_processor] Job retrieved successfully
    DATA: Array
(
    [status] => running
    [type] => restore
)

[2026-01-15 17:03:46] [16 MB] [chunked_processor] save_job called
    DATA: Array
(
    [job_id] => 50390c3f-4dd7-4617-bf4c-7be98ed172d4
    [status] => running
)

[2026-01-15 17:03:46] [16 MB] [chunked_processor] Transient save result
    DATA: Array
(
    [option_name] => speed_backups_job_50390c3f-4dd7-4617-bf4c-7be98ed172d4
    [success] => YES
)

[2026-01-15 17:03:46] [16 MB] [chunked_processor] Option save result
    DATA: Array
(
    [option_name] => speed_backups_job_50390c3f-4dd7-4617-bf4c-7be98ed172d4
    [success] => YES
)

[2026-01-15 17:03:46] [16 MB] [chunked_processor] Save verification (direct DB)
    DATA: Array
(
    [verified] => YES
)

[2026-01-15 17:03:46] [16 MB] [chunked_processor] get_job called
    DATA: Array
(
    [job_id] => 50390c3f-4dd7-4617-bf4c-7be98ed172d4
)

[2026-01-15 17:03:46] [16 MB] [chunked_processor] Transient lookup result
    DATA: Array
(
    [option_name] => speed_backups_job_50390c3f-4dd7-4617-bf4c-7be98ed172d4
    [found] => YES
)

[2026-01-15 17:03:46] [16 MB] [chunked_processor] Job retrieved successfully
    DATA: Array
(
    [status] => running
    [type] => restore
)

[2026-01-15 17:03:46] [16 MB] [chunked_processor] get_job called
    DATA: Array
(
    [job_id] => 50390c3f-4dd7-4617-bf4c-7be98ed172d4
)

[2026-01-15 17:03:46] [16 MB] [chunked_processor] Transient lookup result
    DATA: Array
(
    [option_name] => speed_backups_job_50390c3f-4dd7-4617-bf4c-7be98ed172d4
    [found] => YES
)

[2026-01-15 17:03:46] [16 MB] [chunked_processor] Job retrieved successfully
    DATA: Array
(
    [status] => running
    [type] => restore
)

[2026-01-15 17:03:47] [14 MB] [ERROR_HANDLER] PHP error handlers registered
[2026-01-15 17:03:47] [14 MB] [FUNCTION] >>> ENTER: process_chunk
    DATA: Array
(
    [0] => job_id
)

[2026-01-15 17:03:47] [14 MB] [chunked_processor] get_job called
    DATA: Array
(
    [job_id] => 50390c3f-4dd7-4617-bf4c-7be98ed172d4
)

[2026-01-15 17:03:47] [14 MB] [chunked_processor] Transient lookup result
    DATA: Array
(
    [option_name] => speed_backups_job_50390c3f-4dd7-4617-bf4c-7be98ed172d4
    [found] => YES
)

[2026-01-15 17:03:47] [14 MB] [chunked_processor] Job retrieved successfully
    DATA: Array
(
    [status] => running
    [type] => restore
)

[2026-01-15 17:03:47] [14 MB] [JOB_STATE] Job 50390c3f-4dd7-4617-bf4c-7be98ed172d4 state
    DATA: Array
(
    [status] => running
    [type] => restore
    [phase] => extract
    [progress] => 7.7669902912621
)

[2026-01-15 17:03:47] [14 MB] [chunked_processor] get_job called
    DATA: Array
(
    [job_id] => 50390c3f-4dd7-4617-bf4c-7be98ed172d4
)

[2026-01-15 17:03:47] [14 MB] [chunked_processor] Transient lookup result
    DATA: Array
(
    [option_name] => speed_backups_job_50390c3f-4dd7-4617-bf4c-7be98ed172d4
    [found] => YES
)

[2026-01-15 17:03:47] [14 MB] [chunked_processor] Job retrieved successfully
    DATA: Array
(
    [status] => running
    [type] => restore
)

[2026-01-15 17:03:47] [14 MB] [chunked_processor] get_job called
    DATA: Array
(
    [job_id] => 50390c3f-4dd7-4617-bf4c-7be98ed172d4
)

[2026-01-15 17:03:47] [14 MB] [chunked_processor] Transient lookup result
    DATA: Array
(
    [option_name] => speed_backups_job_50390c3f-4dd7-4617-bf4c-7be98ed172d4
    [found] => YES
)

[2026-01-15 17:03:47] [14 MB] [chunked_processor] Job retrieved successfully
    DATA: Array
(
    [status] => running
    [type] => restore
)

[2026-01-15 17:03:47] [14 MB] [chunked_processor] save_job called
    DATA: Array
(
    [job_id] => 50390c3f-4dd7-4617-bf4c-7be98ed172d4
    [status] => running
)

[2026-01-15 17:03:47] [14 MB] [chunked_processor] Transient save result
    DATA: Array
(
    [option_name] => speed_backups_job_50390c3f-4dd7-4617-bf4c-7be98ed172d4
    [success] => YES
)

[2026-01-15 17:03:47] [14 MB] [chunked_processor] Option save result
    DATA: Array
(
    [option_name] => speed_backups_job_50390c3f-4dd7-4617-bf4c-7be98ed172d4
    [success] => YES
)

[2026-01-15 17:03:47] [14 MB] [chunked_processor] Save verification (direct DB)
    DATA: Array
(
    [verified] => YES
)

[2026-01-15 17:03:47] [14 MB] [chunked_processor] get_job called
    DATA: Array
(
    [job_id] => 50390c3f-4dd7-4617-bf4c-7be98ed172d4
)

[2026-01-15 17:03:47] [14 MB] [chunked_processor] Transient lookup result
    DATA: Array
(
    [option_name] => speed_backups_job_50390c3f-4dd7-4617-bf4c-7be98ed172d4
    [found] => YES
)

[2026-01-15 17:03:47] [14 MB] [chunked_processor] Job retrieved successfully
    DATA: Array
(
    [status] => running
    [type] => restore
)

[2026-01-15 17:03:47] [14 MB] [chunked_processor] save_job called
    DATA: Array
(
    [job_id] => 50390c3f-4dd7-4617-bf4c-7be98ed172d4
    [status] => running
)

[2026-01-15 17:03:47] [14 MB] [chunked_processor] Transient save result
    DATA: Array
(
    [option_name] => speed_backups_job_50390c3f-4dd7-4617-bf4c-7be98ed172d4
    [success] => YES
)

[2026-01-15 17:03:47] [14 MB] [chunked_processor] Option save result
    DATA: Array
(
    [option_name] => speed_backups_job_50390c3f-4dd7-4617-bf4c-7be98ed172d4
    [success] => YES
)

[2026-01-15 17:03:47] [14 MB] [chunked_processor] Save verification (direct DB)
    DATA: Array
(
    [verified] => YES
)

[2026-01-15 17:03:47] [14 MB] [chunked_processor] get_job called
    DATA: Array
(
    [job_id] => 50390c3f-4dd7-4617-bf4c-7be98ed172d4
)

[2026-01-15 17:03:47] [14 MB] [chunked_processor] Transient lookup result
    DATA: Array
(
    [option_name] => speed_backups_job_50390c3f-4dd7-4617-bf4c-7be98ed172d4
    [found] => YES
)

[2026-01-15 17:03:47] [14 MB] [chunked_processor] Job retrieved successfully
    DATA: Array
(
    [status] => running
    [type] => restore
)

[2026-01-15 17:03:47] [14 MB] [chunked_processor] get_job called
    DATA: Array
(
    [job_id] => 50390c3f-4dd7-4617-bf4c-7be98ed172d4
)

[2026-01-15 17:03:47] [14 MB] [chunked_processor] Transient lookup result
    DATA: Array
(
    [option_name] => speed_backups_job_50390c3f-4dd7-4617-bf4c-7be98ed172d4
    [found] => YES
)

[2026-01-15 17:03:47] [14 MB] [chunked_processor] Job retrieved successfully
    DATA: Array
(
    [status] => running
    [type] => restore
)

[2026-01-15 17:03:47] [14 MB] [ERROR_HANDLER] PHP error handlers registered
[2026-01-15 17:03:47] [14 MB] [FUNCTION] >>> ENTER: process_chunk
    DATA: Array
(
    [0] => job_id
)

[2026-01-15 17:03:47] [14 MB] [chunked_processor] get_job called
    DATA: Array
(
    [job_id] => 50390c3f-4dd7-4617-bf4c-7be98ed172d4
)

[2026-01-15 17:03:47] [14 MB] [chunked_processor] Transient lookup result
    DATA: Array
(
    [option_name] => speed_backups_job_50390c3f-4dd7-4617-bf4c-7be98ed172d4
    [found] => YES
)

[2026-01-15 17:03:47] [14 MB] [chunked_processor] Job retrieved successfully
    DATA: Array
(
    [status] => running
    [type] => restore
)

[2026-01-15 17:03:47] [14 MB] [JOB_STATE] Job 50390c3f-4dd7-4617-bf4c-7be98ed172d4 state
    DATA: Array
(
    [status] => running
    [type] => restore
    [phase] => extract
    [progress] => 9.0614886731392
)

[2026-01-15 17:03:47] [14 MB] [chunked_processor] get_job called
    DATA: Array
(
    [job_id] => 50390c3f-4dd7-4617-bf4c-7be98ed172d4
)

[2026-01-15 17:03:47] [14 MB] [chunked_processor] Transient lookup result
    DATA: Array
(
    [option_name] => speed_backups_job_50390c3f-4dd7-4617-bf4c-7be98ed172d4
    [found] => YES
)

[2026-01-15 17:03:47] [14 MB] [chunked_processor] Job retrieved successfully
    DATA: Array
(
    [status] => running
    [type] => restore
)

[2026-01-15 17:03:47] [14 MB] [chunked_processor] get_job called
    DATA: Array
(
    [job_id] => 50390c3f-4dd7-4617-bf4c-7be98ed172d4
)

[2026-01-15 17:03:47] [14 MB] [chunked_processor] Transient lookup result
    DATA: Array
(
    [option_name] => speed_backups_job_50390c3f-4dd7-4617-bf4c-7be98ed172d4
    [found] => YES
)

[2026-01-15 17:03:47] [14 MB] [chunked_processor] Job retrieved successfully
    DATA: Array
(
    [status] => running
    [type] => restore
)

[2026-01-15 17:03:47] [14 MB] [chunked_processor] save_job called
    DATA: Array
(
    [job_id] => 50390c3f-4dd7-4617-bf4c-7be98ed172d4
    [status] => running
)

[2026-01-15 17:03:47] [14 MB] [chunked_processor] Transient save result
    DATA: Array
(
    [option_name] => speed_backups_job_50390c3f-4dd7-4617-bf4c-7be98ed172d4
    [success] => YES
)

[2026-01-15 17:03:47] [14 MB] [chunked_processor] Option save result
    DATA: Array
(
    [option_name] => speed_backups_job_50390c3f-4dd7-4617-bf4c-7be98ed172d4
    [success] => YES
)

[2026-01-15 17:03:47] [14 MB] [chunked_processor] Save verification (direct DB)
    DATA: Array
(
    [verified] => YES
)

[2026-01-15 17:03:47] [14 MB] [chunked_processor] get_job called
    DATA: Array
(
    [job_id] => 50390c3f-4dd7-4617-bf4c-7be98ed172d4
)

[2026-01-15 17:03:47] [14 MB] [chunked_processor] Transient lookup result
    DATA: Array
(
    [option_name] => speed_backups_job_50390c3f-4dd7-4617-bf4c-7be98ed172d4
    [found] => YES
)

[2026-01-15 17:03:47] [14 MB] [chunked_processor] Job retrieved successfully
    DATA: Array
(
    [status] => running
    [type] => restore
)

[2026-01-15 17:03:47] [14 MB] [chunked_processor] save_job called
    DATA: Array
(
    [job_id] => 50390c3f-4dd7-4617-bf4c-7be98ed172d4
    [status] => running
)

[2026-01-15 17:03:47] [14 MB] [chunked_processor] Transient save result
    DATA: Array
(
    [option_name] => speed_backups_job_50390c3f-4dd7-4617-bf4c-7be98ed172d4
    [success] => YES
)

[2026-01-15 17:03:47] [14 MB] [chunked_processor] Option save result
    DATA: Array
(
    [option_name] => speed_backups_job_50390c3f-4dd7-4617-bf4c-7be98ed172d4
    [success] => YES
)

[2026-01-15 17:03:47] [14 MB] [chunked_processor] Save verification (direct DB)
    DATA: Array
(
    [verified] => YES
)

[2026-01-15 17:03:47] [14 MB] [chunked_processor] get_job called
    DATA: Array
(
    [job_id] => 50390c3f-4dd7-4617-bf4c-7be98ed172d4
)

[2026-01-15 17:03:47] [14 MB] [chunked_processor] Transient lookup result
    DATA: Array
(
    [option_name] => speed_backups_job_50390c3f-4dd7-4617-bf4c-7be98ed172d4
    [found] => YES
)

[2026-01-15 17:03:47] [14 MB] [chunked_processor] Job retrieved successfully
    DATA: Array
(
    [status] => running
    [type] => restore
)

[2026-01-15 17:03:47] [14 MB] [chunked_processor] get_job called
    DATA: Array
(
    [job_id] => 50390c3f-4dd7-4617-bf4c-7be98ed172d4
)

[2026-01-15 17:03:47] [14 MB] [chunked_processor] Transient lookup result
    DATA: Array
(
    [option_name] => speed_backups_job_50390c3f-4dd7-4617-bf4c-7be98ed172d4
    [found] => YES
)

[2026-01-15 17:03:47] [14 MB] [chunked_processor] Job retrieved successfully
    DATA: Array
(
    [status] => running
    [type] => restore
)

[2026-01-15 17:03:48] [16 MB] [ERROR_HANDLER] PHP error handlers registered
[2026-01-15 17:03:48] [16 MB] [FUNCTION] >>> ENTER: process_chunk
    DATA: Array
(
    [0] => job_id
)

[2026-01-15 17:03:48] [16 MB] [chunked_processor] get_job called
    DATA: Array
(
    [job_id] => 50390c3f-4dd7-4617-bf4c-7be98ed172d4
)

[2026-01-15 17:03:48] [16 MB] [chunked_processor] Transient lookup result
    DATA: Array
(
    [option_name] => speed_backups_job_50390c3f-4dd7-4617-bf4c-7be98ed172d4
    [found] => YES
)

[2026-01-15 17:03:48] [16 MB] [chunked_processor] Job retrieved successfully
    DATA: Array
(
    [status] => running
    [type] => restore
)

[2026-01-15 17:03:48] [16 MB] [JOB_STATE] Job 50390c3f-4dd7-4617-bf4c-7be98ed172d4 state
    DATA: Array
(
    [status] => running
    [type] => restore
    [phase] => extract
    [progress] => 10.355987055016
)

[2026-01-15 17:03:48] [16 MB] [chunked_processor] get_job called
    DATA: Array
(
    [job_id] => 50390c3f-4dd7-4617-bf4c-7be98ed172d4
)

[2026-01-15 17:03:48] [16 MB] [chunked_processor] Transient lookup result
    DATA: Array
(
    [option_name] => speed_backups_job_50390c3f-4dd7-4617-bf4c-7be98ed172d4
    [found] => YES
)

[2026-01-15 17:03:48] [16 MB] [chunked_processor] Job retrieved successfully
    DATA: Array
(
    [status] => running
    [type] => restore
)

[2026-01-15 17:03:48] [16 MB] [chunked_processor] get_job called
    DATA: Array
(
    [job_id] => 50390c3f-4dd7-4617-bf4c-7be98ed172d4
)

[2026-01-15 17:03:48] [16 MB] [chunked_processor] Transient lookup result
    DATA: Array
(
    [option_name] => speed_backups_job_50390c3f-4dd7-4617-bf4c-7be98ed172d4
    [found] => YES
)

[2026-01-15 17:03:48] [16 MB] [chunked_processor] Job retrieved successfully
    DATA: Array
(
    [status] => running
    [type] => restore
)

[2026-01-15 17:03:48] [16 MB] [chunked_processor] save_job called
    DATA: Array
(
    [job_id] => 50390c3f-4dd7-4617-bf4c-7be98ed172d4
    [status] => running
)

[2026-01-15 17:03:48] [16 MB] [chunked_processor] Transient save result
    DATA: Array
(
    [option_name] => speed_backups_job_50390c3f-4dd7-4617-bf4c-7be98ed172d4
    [success] => YES
)

[2026-01-15 17:03:48] [16 MB] [chunked_processor] Option save result
    DATA: Array
(
    [option_name] => speed_backups_job_50390c3f-4dd7-4617-bf4c-7be98ed172d4
    [success] => YES
)

[2026-01-15 17:03:48] [16 MB] [chunked_processor] Save verification (direct DB)
    DATA: Array
(
    [verified] => YES
)

[2026-01-15 17:03:48] [16 MB] [chunked_processor] get_job called
    DATA: Array
(
    [job_id] => 50390c3f-4dd7-4617-bf4c-7be98ed172d4
)

[2026-01-15 17:03:48] [16 MB] [chunked_processor] Transient lookup result
    DATA: Array
(
    [option_name] => speed_backups_job_50390c3f-4dd7-4617-bf4c-7be98ed172d4
    [found] => YES
)

[2026-01-15 17:03:48] [16 MB] [chunked_processor] Job retrieved successfully
    DATA: Array
(
    [status] => running
    [type] => restore
)

[2026-01-15 17:03:48] [16 MB] [chunked_processor] save_job called
    DATA: Array
(
    [job_id] => 50390c3f-4dd7-4617-bf4c-7be98ed172d4
    [status] => running
)

[2026-01-15 17:03:48] [16 MB] [chunked_processor] Transient save result
    DATA: Array
(
    [option_name] => speed_backups_job_50390c3f-4dd7-4617-bf4c-7be98ed172d4
    [success] => YES
)

[2026-01-15 17:03:48] [16 MB] [chunked_processor] Option save result
    DATA: Array
(
    [option_name] => speed_backups_job_50390c3f-4dd7-4617-bf4c-7be98ed172d4
    [success] => YES
)

[2026-01-15 17:03:48] [16 MB] [chunked_processor] Save verification (direct DB)
    DATA: Array
(
    [verified] => YES
)

[2026-01-15 17:03:48] [16 MB] [chunked_processor] get_job called
    DATA: Array
(
    [job_id] => 50390c3f-4dd7-4617-bf4c-7be98ed172d4
)

[2026-01-15 17:03:48] [16 MB] [chunked_processor] Transient lookup result
    DATA: Array
(
    [option_name] => speed_backups_job_50390c3f-4dd7-4617-bf4c-7be98ed172d4
    [found] => YES
)

[2026-01-15 17:03:48] [16 MB] [chunked_processor] Job retrieved successfully
    DATA: Array
(
    [status] => running
    [type] => restore
)

[2026-01-15 17:03:48] [16 MB] [chunked_processor] get_job called
    DATA: Array
(
    [job_id] => 50390c3f-4dd7-4617-bf4c-7be98ed172d4
)

[2026-01-15 17:03:48] [16 MB] [chunked_processor] Transient lookup result
    DATA: Array
(
    [option_name] => speed_backups_job_50390c3f-4dd7-4617-bf4c-7be98ed172d4
    [found] => YES
)

[2026-01-15 17:03:48] [16 MB] [chunked_processor] Job retrieved successfully
    DATA: Array
(
    [status] => running
    [type] => restore
)

[2026-01-15 17:03:48] [14 MB] [ERROR_HANDLER] PHP error handlers registered
[2026-01-15 17:03:48] [14 MB] [FUNCTION] >>> ENTER: process_chunk
    DATA: Array
(
    [0] => job_id
)

[2026-01-15 17:03:48] [14 MB] [chunked_processor] get_job called
    DATA: Array
(
    [job_id] => 50390c3f-4dd7-4617-bf4c-7be98ed172d4
)

[2026-01-15 17:03:48] [14 MB] [chunked_processor] Transient lookup result
    DATA: Array
(
    [option_name] => speed_backups_job_50390c3f-4dd7-4617-bf4c-7be98ed172d4
    [found] => YES
)

[2026-01-15 17:03:48] [14 MB] [chunked_processor] Job retrieved successfully
    DATA: Array
(
    [status] => running
    [type] => restore
)

[2026-01-15 17:03:48] [14 MB] [JOB_STATE] Job 50390c3f-4dd7-4617-bf4c-7be98ed172d4 state
    DATA: Array
(
    [status] => running
    [type] => restore
    [phase] => extract
    [progress] => 11.650485436893
)

[2026-01-15 17:03:48] [14 MB] [chunked_processor] get_job called
    DATA: Array
(
    [job_id] => 50390c3f-4dd7-4617-bf4c-7be98ed172d4
)

[2026-01-15 17:03:48] [14 MB] [chunked_processor] Transient lookup result
    DATA: Array
(
    [option_name] => speed_backups_job_50390c3f-4dd7-4617-bf4c-7be98ed172d4
    [found] => YES
)

[2026-01-15 17:03:48] [14 MB] [chunked_processor] Job retrieved successfully
    DATA: Array
(
    [status] => running
    [type] => restore
)

[2026-01-15 17:03:48] [14 MB] [chunked_processor] get_job called
    DATA: Array
(
    [job_id] => 50390c3f-4dd7-4617-bf4c-7be98ed172d4
)

[2026-01-15 17:03:48] [14 MB] [chunked_processor] Transient lookup result
    DATA: Array
(
    [option_name] => speed_backups_job_50390c3f-4dd7-4617-bf4c-7be98ed172d4
    [found] => YES
)

[2026-01-15 17:03:48] [14 MB] [chunked_processor] Job retrieved successfully
    DATA: Array
(
    [status] => running
    [type] => restore
)

[2026-01-15 17:03:48] [14 MB] [chunked_processor] save_job called
    DATA: Array
(
    [job_id] => 50390c3f-4dd7-4617-bf4c-7be98ed172d4
    [status] => running
)

[2026-01-15 17:03:48] [14 MB] [chunked_processor] Transient save result
    DATA: Array
(
    [option_name] => speed_backups_job_50390c3f-4dd7-4617-bf4c-7be98ed172d4
    [success] => YES
)

[2026-01-15 17:03:48] [14 MB] [chunked_processor] Option save result
    DATA: Array
(
    [option_name] => speed_backups_job_50390c3f-4dd7-4617-bf4c-7be98ed172d4
    [success] => YES
)

[2026-01-15 17:03:48] [14 MB] [chunked_processor] Save verification (direct DB)
    DATA: Array
(
    [verified] => YES
)

[2026-01-15 17:03:48] [14 MB] [chunked_processor] get_job called
    DATA: Array
(
    [job_id] => 50390c3f-4dd7-4617-bf4c-7be98ed172d4
)

[2026-01-15 17:03:48] [14 MB] [chunked_processor] Transient lookup result
    DATA: Array
(
    [option_name] => speed_backups_job_50390c3f-4dd7-4617-bf4c-7be98ed172d4
    [found] => YES
)

[2026-01-15 17:03:48] [14 MB] [chunked_processor] Job retrieved successfully
    DATA: Array
(
    [status] => running
    [type] => restore
)

[2026-01-15 17:03:48] [14 MB] [chunked_processor] save_job called
    DATA: Array
(
    [job_id] => 50390c3f-4dd7-4617-bf4c-7be98ed172d4
    [status] => running
)

[2026-01-15 17:03:48] [14 MB] [chunked_processor] Transient save result
    DATA: Array
(
    [option_name] => speed_backups_job_50390c3f-4dd7-4617-bf4c-7be98ed172d4
    [success] => YES
)

[2026-01-15 17:03:48] [14 MB] [chunked_processor] Option save result
    DATA: Array
(
    [option_name] => speed_backups_job_50390c3f-4dd7-4617-bf4c-7be98ed172d4
    [success] => YES
)

[2026-01-15 17:03:48] [14 MB] [chunked_processor] Save verification (direct DB)
    DATA: Array
(
    [verified] => YES
)

[2026-01-15 17:03:48] [14 MB] [chunked_processor] get_job called
    DATA: Array
(
    [job_id] => 50390c3f-4dd7-4617-bf4c-7be98ed172d4
)

[2026-01-15 17:03:48] [14 MB] [chunked_processor] Transient lookup result
    DATA: Array
(
    [option_name] => speed_backups_job_50390c3f-4dd7-4617-bf4c-7be98ed172d4
    [found] => YES
)

[2026-01-15 17:03:48] [14 MB] [chunked_processor] Job retrieved successfully
    DATA: Array
(
    [status] => running
    [type] => restore
)

[2026-01-15 17:03:48] [14 MB] [chunked_processor] get_job called
    DATA: Array
(
    [job_id] => 50390c3f-4dd7-4617-bf4c-7be98ed172d4
)

[2026-01-15 17:03:48] [14 MB] [chunked_processor] Transient lookup result
    DATA: Array
(
    [option_name] => speed_backups_job_50390c3f-4dd7-4617-bf4c-7be98ed172d4
    [found] => YES
)

[2026-01-15 17:03:48] [14 MB] [chunked_processor] Job retrieved successfully
    DATA: Array
(
    [status] => running
    [type] => restore
)

[2026-01-15 17:03:48] [14 MB] [ERROR_HANDLER] PHP error handlers registered
[2026-01-15 17:03:48] [14 MB] [FUNCTION] >>> ENTER: process_chunk
    DATA: Array
(
    [0] => job_id
)

[2026-01-15 17:03:48] [14 MB] [chunked_processor] get_job called
    DATA: Array
(
    [job_id] => 50390c3f-4dd7-4617-bf4c-7be98ed172d4
)

[2026-01-15 17:03:48] [14 MB] [chunked_processor] Transient lookup result
    DATA: Array
(
    [option_name] => speed_backups_job_50390c3f-4dd7-4617-bf4c-7be98ed172d4
    [found] => YES
)

[2026-01-15 17:03:48] [14 MB] [chunked_processor] Job retrieved successfully
    DATA: Array
(
    [status] => running
    [type] => restore
)

[2026-01-15 17:03:48] [14 MB] [JOB_STATE] Job 50390c3f-4dd7-4617-bf4c-7be98ed172d4 state
    DATA: Array
(
    [status] => running
    [type] => restore
    [phase] => extract
    [progress] => 12.94498381877
)

[2026-01-15 17:03:48] [14 MB] [chunked_processor] get_job called
    DATA: Array
(
    [job_id] => 50390c3f-4dd7-4617-bf4c-7be98ed172d4
)

[2026-01-15 17:03:48] [14 MB] [chunked_processor] Transient lookup result
    DATA: Array
(
    [option_name] => speed_backups_job_50390c3f-4dd7-4617-bf4c-7be98ed172d4
    [found] => YES
)

[2026-01-15 17:03:48] [14 MB] [chunked_processor] Job retrieved successfully
    DATA: Array
(
    [status] => running
    [type] => restore
)

[2026-01-15 17:03:48] [14 MB] [chunked_processor] get_job called
    DATA: Array
(
    [job_id] => 50390c3f-4dd7-4617-bf4c-7be98ed172d4
)

[2026-01-15 17:03:48] [14 MB] [chunked_processor] Transient lookup result
    DATA: Array
(
    [option_name] => speed_backups_job_50390c3f-4dd7-4617-bf4c-7be98ed172d4
    [found] => YES
)

[2026-01-15 17:03:48] [14 MB] [chunked_processor] Job retrieved successfully
    DATA: Array
(
    [status] => running
    [type] => restore
)

[2026-01-15 17:03:48] [14 MB] [chunked_processor] save_job called
    DATA: Array
(
    [job_id] => 50390c3f-4dd7-4617-bf4c-7be98ed172d4
    [status] => running
)

[2026-01-15 17:03:48] [14 MB] [chunked_processor] Transient save result
    DATA: Array
(
    [option_name] => speed_backups_job_50390c3f-4dd7-4617-bf4c-7be98ed172d4
    [success] => YES
)

[2026-01-15 17:03:48] [14 MB] [chunked_processor] Option save result
    DATA: Array
(
    [option_name] => speed_backups_job_50390c3f-4dd7-4617-bf4c-7be98ed172d4
    [success] => YES
)

[2026-01-15 17:03:48] [14 MB] [chunked_processor] Save verification (direct DB)
    DATA: Array
(
    [verified] => YES
)

[2026-01-15 17:03:49] [14 MB] [chunked_processor] get_job called
    DATA: Array
(
    [job_id] => 50390c3f-4dd7-4617-bf4c-7be98ed172d4
)

[2026-01-15 17:03:49] [14 MB] [chunked_processor] Transient lookup result
    DATA: Array
(
    [option_name] => speed_backups_job_50390c3f-4dd7-4617-bf4c-7be98ed172d4
    [found] => YES
)

[2026-01-15 17:03:49] [14 MB] [chunked_processor] Job retrieved successfully
    DATA: Array
(
    [status] => running
    [type] => restore
)

[2026-01-15 17:03:49] [14 MB] [chunked_processor] save_job called
    DATA: Array
(
    [job_id] => 50390c3f-4dd7-4617-bf4c-7be98ed172d4
    [status] => running
)

[2026-01-15 17:03:49] [14 MB] [chunked_processor] Transient save result
    DATA: Array
(
    [option_name] => speed_backups_job_50390c3f-4dd7-4617-bf4c-7be98ed172d4
    [success] => YES
)

[2026-01-15 17:03:49] [14 MB] [chunked_processor] Option save result
    DATA: Array
(
    [option_name] => speed_backups_job_50390c3f-4dd7-4617-bf4c-7be98ed172d4
    [success] => YES
)

[2026-01-15 17:03:49] [14 MB] [chunked_processor] Save verification (direct DB)
    DATA: Array
(
    [verified] => YES
)

[2026-01-15 17:03:49] [14 MB] [chunked_processor] get_job called
    DATA: Array
(
    [job_id] => 50390c3f-4dd7-4617-bf4c-7be98ed172d4
)

[2026-01-15 17:03:49] [14 MB] [chunked_processor] Transient lookup result
    DATA: Array
(
    [option_name] => speed_backups_job_50390c3f-4dd7-4617-bf4c-7be98ed172d4
    [found] => YES
)

[2026-01-15 17:03:49] [14 MB] [chunked_processor] Job retrieved successfully
    DATA: Array
(
    [status] => running
    [type] => restore
)

[2026-01-15 17:03:49] [14 MB] [chunked_processor] get_job called
    DATA: Array
(
    [job_id] => 50390c3f-4dd7-4617-bf4c-7be98ed172d4
)

[2026-01-15 17:03:49] [14 MB] [chunked_processor] Transient lookup result
    DATA: Array
(
    [option_name] => speed_backups_job_50390c3f-4dd7-4617-bf4c-7be98ed172d4
    [found] => YES
)

[2026-01-15 17:03:49] [14 MB] [chunked_processor] Job retrieved successfully
    DATA: Array
(
    [status] => running
    [type] => restore
)

[2026-01-15 17:03:49] [14 MB] [ERROR_HANDLER] PHP error handlers registered
[2026-01-15 17:03:49] [14 MB] [FUNCTION] >>> ENTER: process_chunk
    DATA: Array
(
    [0] => job_id
)

[2026-01-15 17:03:49] [14 MB] [chunked_processor] get_job called
    DATA: Array
(
    [job_id] => 50390c3f-4dd7-4617-bf4c-7be98ed172d4
)

[2026-01-15 17:03:49] [14 MB] [chunked_processor] Transient lookup result
    DATA: Array
(
    [option_name] => speed_backups_job_50390c3f-4dd7-4617-bf4c-7be98ed172d4
    [found] => YES
)

[2026-01-15 17:03:49] [14 MB] [chunked_processor] Job retrieved successfully
    DATA: Array
(
    [status] => running
    [type] => restore
)

[2026-01-15 17:03:49] [14 MB] [JOB_STATE] Job 50390c3f-4dd7-4617-bf4c-7be98ed172d4 state
    DATA: Array
(
    [status] => running
    [type] => restore
    [phase] => extract
    [progress] => 14.239482200647
)

[2026-01-15 17:03:49] [14 MB] [chunked_processor] get_job called
    DATA: Array
(
    [job_id] => 50390c3f-4dd7-4617-bf4c-7be98ed172d4
)

[2026-01-15 17:03:49] [14 MB] [chunked_processor] Transient lookup result
    DATA: Array
(
    [option_name] => speed_backups_job_50390c3f-4dd7-4617-bf4c-7be98ed172d4
    [found] => YES
)

[2026-01-15 17:03:49] [14 MB] [chunked_processor] Job retrieved successfully
    DATA: Array
(
    [status] => running
    [type] => restore
)

[2026-01-15 17:03:49] [14 MB] [chunked_processor] get_job called
    DATA: Array
(
    [job_id] => 50390c3f-4dd7-4617-bf4c-7be98ed172d4
)

[2026-01-15 17:03:49] [14 MB] [chunked_processor] Transient lookup result
    DATA: Array
(
    [option_name] => speed_backups_job_50390c3f-4dd7-4617-bf4c-7be98ed172d4
    [found] => YES
)

[2026-01-15 17:03:49] [14 MB] [chunked_processor] Job retrieved successfully
    DATA: Array
(
    [status] => running
    [type] => restore
)

[2026-01-15 17:03:49] [14 MB] [chunked_processor] save_job called
    DATA: Array
(
    [job_id] => 50390c3f-4dd7-4617-bf4c-7be98ed172d4
    [status] => running
)

[2026-01-15 17:03:49] [14 MB] [chunked_processor] Transient save result
    DATA: Array
(
    [option_name] => speed_backups_job_50390c3f-4dd7-4617-bf4c-7be98ed172d4
    [success] => YES
)

[2026-01-15 17:03:49] [14 MB] [chunked_processor] Option save result
    DATA: Array
(
    [option_name] => speed_backups_job_50390c3f-4dd7-4617-bf4c-7be98ed172d4
    [success] => YES
)

[2026-01-15 17:03:49] [14 MB] [chunked_processor] Save verification (direct DB)
    DATA: Array
(
    [verified] => YES
)

[2026-01-15 17:03:49] [14 MB] [chunked_processor] get_job called
    DATA: Array
(
    [job_id] => 50390c3f-4dd7-4617-bf4c-7be98ed172d4
)

[2026-01-15 17:03:49] [14 MB] [chunked_processor] Transient lookup result
    DATA: Array
(
    [option_name] => speed_backups_job_50390c3f-4dd7-4617-bf4c-7be98ed172d4
    [found] => YES
)

[2026-01-15 17:03:49] [14 MB] [chunked_processor] Job retrieved successfully
    DATA: Array
(
    [status] => running
    [type] => restore
)

[2026-01-15 17:03:49] [14 MB] [chunked_processor] save_job called
    DATA: Array
(
    [job_id] => 50390c3f-4dd7-4617-bf4c-7be98ed172d4
    [status] => running
)

[2026-01-15 17:03:49] [14 MB] [chunked_processor] Transient save result
    DATA: Array
(
    [option_name] => speed_backups_job_50390c3f-4dd7-4617-bf4c-7be98ed172d4
    [success] => YES
)

[2026-01-15 17:03:49] [14 MB] [chunked_processor] Option save result
    DATA: Array
(
    [option_name] => speed_backups_job_50390c3f-4dd7-4617-bf4c-7be98ed172d4
    [success] => YES
)

[2026-01-15 17:03:49] [14 MB] [chunked_processor] Save verification (direct DB)
    DATA: Array
(
    [verified] => YES
)

[2026-01-15 17:03:49] [14 MB] [chunked_processor] get_job called
    DATA: Array
(
    [job_id] => 50390c3f-4dd7-4617-bf4c-7be98ed172d4
)

[2026-01-15 17:03:49] [14 MB] [chunked_processor] Transient lookup result
    DATA: Array
(
    [option_name] => speed_backups_job_50390c3f-4dd7-4617-bf4c-7be98ed172d4
    [found] => YES
)

[2026-01-15 17:03:49] [14 MB] [chunked_processor] Job retrieved successfully
    DATA: Array
(
    [status] => running
    [type] => restore
)

[2026-01-15 17:03:49] [14 MB] [chunked_processor] get_job called
    DATA: Array
(
    [job_id] => 50390c3f-4dd7-4617-bf4c-7be98ed172d4
)

[2026-01-15 17:03:49] [14 MB] [chunked_processor] Transient lookup result
    DATA: Array
(
    [option_name] => speed_backups_job_50390c3f-4dd7-4617-bf4c-7be98ed172d4
    [found] => YES
)

[2026-01-15 17:03:49] [14 MB] [chunked_processor] Job retrieved successfully
    DATA: Array
(
    [status] => running
    [type] => restore
)

[2026-01-15 17:03:49] [14 MB] [ERROR_HANDLER] PHP error handlers registered
[2026-01-15 17:03:49] [14 MB] [FUNCTION] >>> ENTER: process_chunk
    DATA: Array
(
    [0] => job_id
)

[2026-01-15 17:03:49] [14 MB] [chunked_processor] get_job called
    DATA: Array
(
    [job_id] => 50390c3f-4dd7-4617-bf4c-7be98ed172d4
)

[2026-01-15 17:03:49] [14 MB] [chunked_processor] Transient lookup result
    DATA: Array
(
    [option_name] => speed_backups_job_50390c3f-4dd7-4617-bf4c-7be98ed172d4
    [found] => YES
)

[2026-01-15 17:03:49] [14 MB] [chunked_processor] Job retrieved successfully
    DATA: Array
(
    [status] => running
    [type] => restore
)

[2026-01-15 17:03:49] [14 MB] [JOB_STATE] Job 50390c3f-4dd7-4617-bf4c-7be98ed172d4 state
    DATA: Array
(
    [status] => running
    [type] => restore
    [phase] => extract
    [progress] => 15.533980582524
)

[2026-01-15 17:03:49] [14 MB] [chunked_processor] get_job called
    DATA: Array
(
    [job_id] => 50390c3f-4dd7-4617-bf4c-7be98ed172d4
)

[2026-01-15 17:03:49] [14 MB] [chunked_processor] Transient lookup result
    DATA: Array
(
    [option_name] => speed_backups_job_50390c3f-4dd7-4617-bf4c-7be98ed172d4
    [found] => YES
)

[2026-01-15 17:03:49] [14 MB] [chunked_processor] Job retrieved successfully
    DATA: Array
(
    [status] => running
    [type] => restore
)

[2026-01-15 17:03:49] [14 MB] [chunked_processor] get_job called
    DATA: Array
(
    [job_id] => 50390c3f-4dd7-4617-bf4c-7be98ed172d4
)

[2026-01-15 17:03:49] [14 MB] [chunked_processor] Transient lookup result
    DATA: Array
(
    [option_name] => speed_backups_job_50390c3f-4dd7-4617-bf4c-7be98ed172d4
    [found] => YES
)

[2026-01-15 17:03:49] [14 MB] [chunked_processor] Job retrieved successfully
    DATA: Array
(
    [status] => running
    [type] => restore
)

[2026-01-15 17:03:49] [14 MB] [chunked_processor] save_job called
    DATA: Array
(
    [job_id] => 50390c3f-4dd7-4617-bf4c-7be98ed172d4
    [status] => running
)

[2026-01-15 17:03:49] [14 MB] [chunked_processor] Transient save result
    DATA: Array
(
    [option_name] => speed_backups_job_50390c3f-4dd7-4617-bf4c-7be98ed172d4
    [success] => YES
)

[2026-01-15 17:03:49] [14 MB] [chunked_processor] Option save result
    DATA: Array
(
    [option_name] => speed_backups_job_50390c3f-4dd7-4617-bf4c-7be98ed172d4
    [success] => YES
)

[2026-01-15 17:03:49] [14 MB] [chunked_processor] Save verification (direct DB)
    DATA: Array
(
    [verified] => YES
)

[2026-01-15 17:03:49] [14 MB] [chunked_processor] get_job called
    DATA: Array
(
    [job_id] => 50390c3f-4dd7-4617-bf4c-7be98ed172d4
)

[2026-01-15 17:03:49] [14 MB] [chunked_processor] Transient lookup result
    DATA: Array
(
    [option_name] => speed_backups_job_50390c3f-4dd7-4617-bf4c-7be98ed172d4
    [found] => YES
)

[2026-01-15 17:03:49] [14 MB] [chunked_processor] Job retrieved successfully
    DATA: Array
(
    [status] => running
    [type] => restore
)

[2026-01-15 17:03:49] [14 MB] [chunked_processor] save_job called
    DATA: Array
(
    [job_id] => 50390c3f-4dd7-4617-bf4c-7be98ed172d4
    [status] => running
)

[2026-01-15 17:03:49] [14 MB] [chunked_processor] Transient save result
    DATA: Array
(
    [option_name] => speed_backups_job_50390c3f-4dd7-4617-bf4c-7be98ed172d4
    [success] => YES
)

[2026-01-15 17:03:49] [14 MB] [chunked_processor] Option save result
    DATA: Array
(
    [option_name] => speed_backups_job_50390c3f-4dd7-4617-bf4c-7be98ed172d4
    [success] => YES
)

[2026-01-15 17:03:49] [14 MB] [chunked_processor] Save verification (direct DB)
    DATA: Array
(
    [verified] => YES
)

[2026-01-15 17:03:49] [14 MB] [chunked_processor] get_job called
    DATA: Array
(
    [job_id] => 50390c3f-4dd7-4617-bf4c-7be98ed172d4
)

[2026-01-15 17:03:49] [14 MB] [chunked_processor] Transient lookup result
    DATA: Array
(
    [option_name] => speed_backups_job_50390c3f-4dd7-4617-bf4c-7be98ed172d4
    [found] => YES
)

[2026-01-15 17:03:49] [14 MB] [chunked_processor] Job retrieved successfully
    DATA: Array
(
    [status] => running
    [type] => restore
)

[2026-01-15 17:03:49] [14 MB] [chunked_processor] get_job called
    DATA: Array
(
    [job_id] => 50390c3f-4dd7-4617-bf4c-7be98ed172d4
)

[2026-01-15 17:03:49] [14 MB] [chunked_processor] Transient lookup result
    DATA: Array
(
    [option_name] => speed_backups_job_50390c3f-4dd7-4617-bf4c-7be98ed172d4
    [found] => YES
)

[2026-01-15 17:03:49] [14 MB] [chunked_processor] Job retrieved successfully
    DATA: Array
(
    [status] => running
    [type] => restore
)

[2026-01-15 17:03:50] [14 MB] [ERROR_HANDLER] PHP error handlers registered
[2026-01-15 17:03:50] [14 MB] [FUNCTION] >>> ENTER: process_chunk
    DATA: Array
(
    [0] => job_id
)

[2026-01-15 17:03:50] [14 MB] [chunked_processor] get_job called
    DATA: Array
(
    [job_id] => 50390c3f-4dd7-4617-bf4c-7be98ed172d4
)

[2026-01-15 17:03:50] [14 MB] [chunked_processor] Transient lookup result
    DATA: Array
(
    [option_name] => speed_backups_job_50390c3f-4dd7-4617-bf4c-7be98ed172d4
    [found] => YES
)

[2026-01-15 17:03:50] [14 MB] [chunked_processor] Job retrieved successfully
    DATA: Array
(
    [status] => running
    [type] => restore
)

[2026-01-15 17:03:50] [14 MB] [JOB_STATE] Job 50390c3f-4dd7-4617-bf4c-7be98ed172d4 state
    DATA: Array
(
    [status] => running
    [type] => restore
    [phase] => extract
    [progress] => 16.828478964401
)

[2026-01-15 17:03:50] [14 MB] [chunked_processor] get_job called
    DATA: Array
(
    [job_id] => 50390c3f-4dd7-4617-bf4c-7be98ed172d4
)

[2026-01-15 17:03:50] [14 MB] [chunked_processor] Transient lookup result
    DATA: Array
(
    [option_name] => speed_backups_job_50390c3f-4dd7-4617-bf4c-7be98ed172d4
    [found] => YES
)

[2026-01-15 17:03:50] [14 MB] [chunked_processor] Job retrieved successfully
    DATA: Array
(
    [status] => running
    [type] => restore
)

[2026-01-15 17:03:50] [14 MB] [chunked_processor] get_job called
    DATA: Array
(
    [job_id] => 50390c3f-4dd7-4617-bf4c-7be98ed172d4
)

[2026-01-15 17:03:50] [14 MB] [chunked_processor] Transient lookup result
    DATA: Array
(
    [option_name] => speed_backups_job_50390c3f-4dd7-4617-bf4c-7be98ed172d4
    [found] => YES
)

[2026-01-15 17:03:50] [14 MB] [chunked_processor] Job retrieved successfully
    DATA: Array
(
    [status] => running
    [type] => restore
)

[2026-01-15 17:03:50] [14 MB] [chunked_processor] save_job called
    DATA: Array
(
    [job_id] => 50390c3f-4dd7-4617-bf4c-7be98ed172d4
    [status] => running
)

[2026-01-15 17:03:50] [14 MB] [chunked_processor] Transient save result
    DATA: Array
(
    [option_name] => speed_backups_job_50390c3f-4dd7-4617-bf4c-7be98ed172d4
    [success] => YES
)

[2026-01-15 17:03:50] [14 MB] [chunked_processor] Option save result
    DATA: Array
(
    [option_name] => speed_backups_job_50390c3f-4dd7-4617-bf4c-7be98ed172d4
    [success] => YES
)

[2026-01-15 17:03:50] [14 MB] [chunked_processor] Save verification (direct DB)
    DATA: Array
(
    [verified] => YES
)

[2026-01-15 17:03:50] [14 MB] [chunked_processor] get_job called
    DATA: Array
(
    [job_id] => 50390c3f-4dd7-4617-bf4c-7be98ed172d4
)

[2026-01-15 17:03:50] [14 MB] [chunked_processor] Transient lookup result
    DATA: Array
(
    [option_name] => speed_backups_job_50390c3f-4dd7-4617-bf4c-7be98ed172d4
    [found] => YES
)

[2026-01-15 17:03:50] [14 MB] [chunked_processor] Job retrieved successfully
    DATA: Array
(
    [status] => running
    [type] => restore
)

[2026-01-15 17:03:50] [14 MB] [chunked_processor] save_job called
    DATA: Array
(
    [job_id] => 50390c3f-4dd7-4617-bf4c-7be98ed172d4
    [status] => running
)

[2026-01-15 17:03:50] [14 MB] [chunked_processor] Transient save result
    DATA: Array
(
    [option_name] => speed_backups_job_50390c3f-4dd7-4617-bf4c-7be98ed172d4
    [success] => YES
)

[2026-01-15 17:03:50] [14 MB] [chunked_processor] Option save result
    DATA: Array
(
    [option_name] => speed_backups_job_50390c3f-4dd7-4617-bf4c-7be98ed172d4
    [success] => YES
)

[2026-01-15 17:03:50] [14 MB] [chunked_processor] Save verification (direct DB)
    DATA: Array
(
    [verified] => YES
)

[2026-01-15 17:03:50] [14 MB] [chunked_processor] get_job called
    DATA: Array
(
    [job_id] => 50390c3f-4dd7-4617-bf4c-7be98ed172d4
)

[2026-01-15 17:03:50] [14 MB] [chunked_processor] Transient lookup result
    DATA: Array
(
    [option_name] => speed_backups_job_50390c3f-4dd7-4617-bf4c-7be98ed172d4
    [found] => YES
)

[2026-01-15 17:03:50] [14 MB] [chunked_processor] Job retrieved successfully
    DATA: Array
(
    [status] => running
    [type] => restore
)

[2026-01-15 17:03:50] [14 MB] [chunked_processor] get_job called
    DATA: Array
(
    [job_id] => 50390c3f-4dd7-4617-bf4c-7be98ed172d4
)

[2026-01-15 17:03:50] [14 MB] [chunked_processor] Transient lookup result
    DATA: Array
(
    [option_name] => speed_backups_job_50390c3f-4dd7-4617-bf4c-7be98ed172d4
    [found] => YES
)

[2026-01-15 17:03:50] [14 MB] [chunked_processor] Job retrieved successfully
    DATA: Array
(
    [status] => running
    [type] => restore
)

[2026-01-15 17:03:50] [14 MB] [ERROR_HANDLER] PHP error handlers registered
[2026-01-15 17:03:50] [14 MB] [FUNCTION] >>> ENTER: process_chunk
    DATA: Array
(
    [0] => job_id
)

[2026-01-15 17:03:50] [14 MB] [chunked_processor] get_job called
    DATA: Array
(
    [job_id] => 50390c3f-4dd7-4617-bf4c-7be98ed172d4
)

[2026-01-15 17:03:50] [14 MB] [chunked_processor] Transient lookup result
    DATA: Array
(
    [option_name] => speed_backups_job_50390c3f-4dd7-4617-bf4c-7be98ed172d4
    [found] => YES
)

[2026-01-15 17:03:50] [14 MB] [chunked_processor] Job retrieved successfully
    DATA: Array
(
    [status] => running
    [type] => restore
)

[2026-01-15 17:03:50] [14 MB] [JOB_STATE] Job 50390c3f-4dd7-4617-bf4c-7be98ed172d4 state
    DATA: Array
(
    [status] => running
    [type] => restore
    [phase] => extract
    [progress] => 18.122977346278
)

[2026-01-15 17:03:50] [14 MB] [chunked_processor] get_job called
    DATA: Array
(
    [job_id] => 50390c3f-4dd7-4617-bf4c-7be98ed172d4
)

[2026-01-15 17:03:50] [14 MB] [chunked_processor] Transient lookup result
    DATA: Array
(
    [option_name] => speed_backups_job_50390c3f-4dd7-4617-bf4c-7be98ed172d4
    [found] => YES
)

[2026-01-15 17:03:50] [14 MB] [chunked_processor] Job retrieved successfully
    DATA: Array
(
    [status] => running
    [type] => restore
)

[2026-01-15 17:03:50] [14 MB] [chunked_processor] get_job called
    DATA: Array
(
    [job_id] => 50390c3f-4dd7-4617-bf4c-7be98ed172d4
)

[2026-01-15 17:03:50] [14 MB] [chunked_processor] Transient lookup result
    DATA: Array
(
    [option_name] => speed_backups_job_50390c3f-4dd7-4617-bf4c-7be98ed172d4
    [found] => YES
)

[2026-01-15 17:03:50] [14 MB] [chunked_processor] Job retrieved successfully
    DATA: Array
(
    [status] => running
    [type] => restore
)

[2026-01-15 17:03:50] [14 MB] [chunked_processor] save_job called
    DATA: Array
(
    [job_id] => 50390c3f-4dd7-4617-bf4c-7be98ed172d4
    [status] => running
)

[2026-01-15 17:03:50] [14 MB] [chunked_processor] Transient save result
    DATA: Array
(
    [option_name] => speed_backups_job_50390c3f-4dd7-4617-bf4c-7be98ed172d4
    [success] => YES
)

[2026-01-15 17:03:50] [14 MB] [chunked_processor] Option save result
    DATA: Array
(
    [option_name] => speed_backups_job_50390c3f-4dd7-4617-bf4c-7be98ed172d4
    [success] => YES
)

[2026-01-15 17:03:50] [14 MB] [chunked_processor] Save verification (direct DB)
    DATA: Array
(
    [verified] => YES
)

[2026-01-15 17:03:50] [14 MB] [chunked_processor] get_job called
    DATA: Array
(
    [job_id] => 50390c3f-4dd7-4617-bf4c-7be98ed172d4
)

[2026-01-15 17:03:50] [14 MB] [chunked_processor] Transient lookup result
    DATA: Array
(
    [option_name] => speed_backups_job_50390c3f-4dd7-4617-bf4c-7be98ed172d4
    [found] => YES
)

[2026-01-15 17:03:50] [14 MB] [chunked_processor] Job retrieved successfully
    DATA: Array
(
    [status] => running
    [type] => restore
)

[2026-01-15 17:03:50] [14 MB] [chunked_processor] save_job called
    DATA: Array
(
    [job_id] => 50390c3f-4dd7-4617-bf4c-7be98ed172d4
    [status] => running
)

[2026-01-15 17:03:50] [14 MB] [chunked_processor] Transient save result
    DATA: Array
(
    [option_name] => speed_backups_job_50390c3f-4dd7-4617-bf4c-7be98ed172d4
    [success] => YES
)

[2026-01-15 17:03:50] [14 MB] [chunked_processor] Option save result
    DATA: Array
(
    [option_name] => speed_backups_job_50390c3f-4dd7-4617-bf4c-7be98ed172d4
    [success] => YES
)

[2026-01-15 17:03:50] [14 MB] [chunked_processor] Save verification (direct DB)
    DATA: Array
(
    [verified] => YES
)

[2026-01-15 17:03:50] [14 MB] [chunked_processor] get_job called
    DATA: Array
(
    [job_id] => 50390c3f-4dd7-4617-bf4c-7be98ed172d4
)

[2026-01-15 17:03:50] [14 MB] [chunked_processor] Transient lookup result
    DATA: Array
(
    [option_name] => speed_backups_job_50390c3f-4dd7-4617-bf4c-7be98ed172d4
    [found] => YES
)

[2026-01-15 17:03:50] [14 MB] [chunked_processor] Job retrieved successfully
    DATA: Array
(
    [status] => running
    [type] => restore
)

[2026-01-15 17:03:50] [14 MB] [chunked_processor] get_job called
    DATA: Array
(
    [job_id] => 50390c3f-4dd7-4617-bf4c-7be98ed172d4
)

[2026-01-15 17:03:50] [14 MB] [chunked_processor] Transient lookup result
    DATA: Array
(
    [option_name] => speed_backups_job_50390c3f-4dd7-4617-bf4c-7be98ed172d4
    [found] => YES
)

[2026-01-15 17:03:50] [14 MB] [chunked_processor] Job retrieved successfully
    DATA: Array
(
    [status] => running
    [type] => restore
)

[2026-01-15 17:03:51] [14 MB] [ERROR_HANDLER] PHP error handlers registered
[2026-01-15 17:03:51] [14 MB] [FUNCTION] >>> ENTER: process_chunk
    DATA: Array
(
    [0] => job_id
)

[2026-01-15 17:03:51] [14 MB] [chunked_processor] get_job called
    DATA: Array
(
    [job_id] => 50390c3f-4dd7-4617-bf4c-7be98ed172d4
)

[2026-01-15 17:03:51] [14 MB] [chunked_processor] Transient lookup result
    DATA: Array
(
    [option_name] => speed_backups_job_50390c3f-4dd7-4617-bf4c-7be98ed172d4
    [found] => YES
)

[2026-01-15 17:03:51] [14 MB] [chunked_processor] Job retrieved successfully
    DATA: Array
(
    [status] => running
    [type] => restore
)

[2026-01-15 17:03:51] [14 MB] [JOB_STATE] Job 50390c3f-4dd7-4617-bf4c-7be98ed172d4 state
    DATA: Array
(
    [status] => running
    [type] => restore
    [phase] => extract
    [progress] => 19.417475728155
)

[2026-01-15 17:03:51] [14 MB] [chunked_processor] get_job called
    DATA: Array
(
    [job_id] => 50390c3f-4dd7-4617-bf4c-7be98ed172d4
)

[2026-01-15 17:03:51] [14 MB] [chunked_processor] Transient lookup result
    DATA: Array
(
    [option_name] => speed_backups_job_50390c3f-4dd7-4617-bf4c-7be98ed172d4
    [found] => YES
)

[2026-01-15 17:03:51] [14 MB] [chunked_processor] Job retrieved successfully
    DATA: Array
(
    [status] => running
    [type] => restore
)

[2026-01-15 17:03:51] [14 MB] [chunked_processor] get_job called
    DATA: Array
(
    [job_id] => 50390c3f-4dd7-4617-bf4c-7be98ed172d4
)

[2026-01-15 17:03:51] [14 MB] [chunked_processor] Transient lookup result
    DATA: Array
(
    [option_name] => speed_backups_job_50390c3f-4dd7-4617-bf4c-7be98ed172d4
    [found] => YES
)

[2026-01-15 17:03:51] [14 MB] [chunked_processor] Job retrieved successfully
    DATA: Array
(
    [status] => running
    [type] => restore
)

[2026-01-15 17:03:51] [14 MB] [chunked_processor] save_job called
    DATA: Array
(
    [job_id] => 50390c3f-4dd7-4617-bf4c-7be98ed172d4
    [status] => running
)

[2026-01-15 17:03:51] [14 MB] [chunked_processor] Transient save result
    DATA: Array
(
    [option_name] => speed_backups_job_50390c3f-4dd7-4617-bf4c-7be98ed172d4
    [success] => YES
)

[2026-01-15 17:03:51] [14 MB] [chunked_processor] Option save result
    DATA: Array
(
    [option_name] => speed_backups_job_50390c3f-4dd7-4617-bf4c-7be98ed172d4
    [success] => YES
)

[2026-01-15 17:03:51] [14 MB] [chunked_processor] Save verification (direct DB)
    DATA: Array
(
    [verified] => YES
)

[2026-01-15 17:03:51] [14 MB] [chunked_processor] get_job called
    DATA: Array
(
    [job_id] => 50390c3f-4dd7-4617-bf4c-7be98ed172d4
)

[2026-01-15 17:03:51] [14 MB] [chunked_processor] Transient lookup result
    DATA: Array
(
    [option_name] => speed_backups_job_50390c3f-4dd7-4617-bf4c-7be98ed172d4
    [found] => YES
)

[2026-01-15 17:03:51] [14 MB] [chunked_processor] Job retrieved successfully
    DATA: Array
(
    [status] => running
    [type] => restore
)

[2026-01-15 17:03:51] [14 MB] [chunked_processor] save_job called
    DATA: Array
(
    [job_id] => 50390c3f-4dd7-4617-bf4c-7be98ed172d4
    [status] => running
)

[2026-01-15 17:03:51] [14 MB] [chunked_processor] Transient save result
    DATA: Array
(
    [option_name] => speed_backups_job_50390c3f-4dd7-4617-bf4c-7be98ed172d4
    [success] => YES
)

[2026-01-15 17:03:51] [14 MB] [chunked_processor] Option save result
    DATA: Array
(
    [option_name] => speed_backups_job_50390c3f-4dd7-4617-bf4c-7be98ed172d4
    [success] => YES
)

[2026-01-15 17:03:51] [14 MB] [chunked_processor] Save verification (direct DB)
    DATA: Array
(
    [verified] => YES
)

[2026-01-15 17:03:51] [14 MB] [chunked_processor] get_job called
    DATA: Array
(
    [job_id] => 50390c3f-4dd7-4617-bf4c-7be98ed172d4
)

[2026-01-15 17:03:51] [14 MB] [chunked_processor] Transient lookup result
    DATA: Array
(
    [option_name] => speed_backups_job_50390c3f-4dd7-4617-bf4c-7be98ed172d4
    [found] => YES
)

[2026-01-15 17:03:51] [14 MB] [chunked_processor] Job retrieved successfully
    DATA: Array
(
    [status] => running
    [type] => restore
)

[2026-01-15 17:03:51] [14 MB] [chunked_processor] get_job called
    DATA: Array
(
    [job_id] => 50390c3f-4dd7-4617-bf4c-7be98ed172d4
)

[2026-01-15 17:03:51] [14 MB] [chunked_processor] Transient lookup result
    DATA: Array
(
    [option_name] => speed_backups_job_50390c3f-4dd7-4617-bf4c-7be98ed172d4
    [found] => YES
)

[2026-01-15 17:03:51] [14 MB] [chunked_processor] Job retrieved successfully
    DATA: Array
(
    [status] => running
    [type] => restore
)

[2026-01-15 17:03:51] [14 MB] [ERROR_HANDLER] PHP error handlers registered
[2026-01-15 17:03:51] [14 MB] [FUNCTION] >>> ENTER: process_chunk
    DATA: Array
(
    [0] => job_id
)

[2026-01-15 17:03:51] [14 MB] [chunked_processor] get_job called
    DATA: Array
(
    [job_id] => 50390c3f-4dd7-4617-bf4c-7be98ed172d4
)

[2026-01-15 17:03:51] [14 MB] [chunked_processor] Transient lookup result
    DATA: Array
(
    [option_name] => speed_backups_job_50390c3f-4dd7-4617-bf4c-7be98ed172d4
    [found] => YES
)

[2026-01-15 17:03:51] [14 MB] [chunked_processor] Job retrieved successfully
    DATA: Array
(
    [status] => running
    [type] => restore
)

[2026-01-15 17:03:51] [14 MB] [JOB_STATE] Job 50390c3f-4dd7-4617-bf4c-7be98ed172d4 state
    DATA: Array
(
    [status] => running
    [type] => restore
    [phase] => extract
    [progress] => 20.711974110032
)

[2026-01-15 17:03:51] [14 MB] [chunked_processor] get_job called
    DATA: Array
(
    [job_id] => 50390c3f-4dd7-4617-bf4c-7be98ed172d4
)

[2026-01-15 17:03:51] [14 MB] [chunked_processor] Transient lookup result
    DATA: Array
(
    [option_name] => speed_backups_job_50390c3f-4dd7-4617-bf4c-7be98ed172d4
    [found] => YES
)

[2026-01-15 17:03:51] [14 MB] [chunked_processor] Job retrieved successfully
    DATA: Array
(
    [status] => running
    [type] => restore
)

[2026-01-15 17:03:51] [14 MB] [chunked_processor] get_job called
    DATA: Array
(
    [job_id] => 50390c3f-4dd7-4617-bf4c-7be98ed172d4
)

[2026-01-15 17:03:51] [14 MB] [chunked_processor] Transient lookup result
    DATA: Array
(
    [option_name] => speed_backups_job_50390c3f-4dd7-4617-bf4c-7be98ed172d4
    [found] => YES
)

[2026-01-15 17:03:51] [14 MB] [chunked_processor] Job retrieved successfully
    DATA: Array
(
    [status] => running
    [type] => restore
)

[2026-01-15 17:03:51] [14 MB] [chunked_processor] save_job called
    DATA: Array
(
    [job_id] => 50390c3f-4dd7-4617-bf4c-7be98ed172d4
    [status] => running
)

[2026-01-15 17:03:51] [14 MB] [chunked_processor] Transient save result
    DATA: Array
(
    [option_name] => speed_backups_job_50390c3f-4dd7-4617-bf4c-7be98ed172d4
    [success] => YES
)

[2026-01-15 17:03:51] [14 MB] [chunked_processor] Option save result
    DATA: Array
(
    [option_name] => speed_backups_job_50390c3f-4dd7-4617-bf4c-7be98ed172d4
    [success] => YES
)

[2026-01-15 17:03:51] [14 MB] [chunked_processor] Save verification (direct DB)
    DATA: Array
(
    [verified] => YES
)

[2026-01-15 17:03:51] [14 MB] [chunked_processor] get_job called
    DATA: Array
(
    [job_id] => 50390c3f-4dd7-4617-bf4c-7be98ed172d4
)

[2026-01-15 17:03:51] [14 MB] [chunked_processor] Transient lookup result
    DATA: Array
(
    [option_name] => speed_backups_job_50390c3f-4dd7-4617-bf4c-7be98ed172d4
    [found] => YES
)

[2026-01-15 17:03:51] [14 MB] [chunked_processor] Job retrieved successfully
    DATA: Array
(
    [status] => running
    [type] => restore
)

[2026-01-15 17:03:51] [14 MB] [chunked_processor] save_job called
    DATA: Array
(
    [job_id] => 50390c3f-4dd7-4617-bf4c-7be98ed172d4
    [status] => running
)

[2026-01-15 17:03:51] [14 MB] [chunked_processor] Transient save result
    DATA: Array
(
    [option_name] => speed_backups_job_50390c3f-4dd7-4617-bf4c-7be98ed172d4
    [success] => YES
)

[2026-01-15 17:03:51] [14 MB] [chunked_processor] Option save result
    DATA: Array
(
    [option_name] => speed_backups_job_50390c3f-4dd7-4617-bf4c-7be98ed172d4
    [success] => YES
)

[2026-01-15 17:03:51] [14 MB] [chunked_processor] Save verification (direct DB)
    DATA: Array
(
    [verified] => YES
)

[2026-01-15 17:03:51] [14 MB] [chunked_processor] get_job called
    DATA: Array
(
    [job_id] => 50390c3f-4dd7-4617-bf4c-7be98ed172d4
)

[2026-01-15 17:03:51] [14 MB] [chunked_processor] Transient lookup result
    DATA: Array
(
    [option_name] => speed_backups_job_50390c3f-4dd7-4617-bf4c-7be98ed172d4
    [found] => YES
)

[2026-01-15 17:03:51] [14 MB] [chunked_processor] Job retrieved successfully
    DATA: Array
(
    [status] => running
    [type] => restore
)

[2026-01-15 17:03:51] [14 MB] [chunked_processor] get_job called
    DATA: Array
(
    [job_id] => 50390c3f-4dd7-4617-bf4c-7be98ed172d4
)

[2026-01-15 17:03:51] [14 MB] [chunked_processor] Transient lookup result
    DATA: Array
(
    [option_name] => speed_backups_job_50390c3f-4dd7-4617-bf4c-7be98ed172d4
    [found] => YES
)

[2026-01-15 17:03:51] [14 MB] [chunked_processor] Job retrieved successfully
    DATA: Array
(
    [status] => running
    [type] => restore
)

[2026-01-15 17:03:52] [14 MB] [ERROR_HANDLER] PHP error handlers registered
[2026-01-15 17:03:52] [14 MB] [FUNCTION] >>> ENTER: process_chunk
    DATA: Array
(
    [0] => job_id
)

[2026-01-15 17:03:52] [14 MB] [chunked_processor] get_job called
    DATA: Array
(
    [job_id] => 50390c3f-4dd7-4617-bf4c-7be98ed172d4
)

[2026-01-15 17:03:52] [14 MB] [chunked_processor] Transient lookup result
    DATA: Array
(
    [option_name] => speed_backups_job_50390c3f-4dd7-4617-bf4c-7be98ed172d4
    [found] => YES
)

[2026-01-15 17:03:52] [14 MB] [chunked_processor] Job retrieved successfully
    DATA: Array
(
    [status] => running
    [type] => restore
)

[2026-01-15 17:03:52] [14 MB] [JOB_STATE] Job 50390c3f-4dd7-4617-bf4c-7be98ed172d4 state
    DATA: Array
(
    [status] => running
    [type] => restore
    [phase] => extract
    [progress] => 22.006472491909
)

[2026-01-15 17:03:52] [14 MB] [chunked_processor] get_job called
    DATA: Array
(
    [job_id] => 50390c3f-4dd7-4617-bf4c-7be98ed172d4
)

[2026-01-15 17:03:52] [14 MB] [chunked_processor] Transient lookup result
    DATA: Array
(
    [option_name] => speed_backups_job_50390c3f-4dd7-4617-bf4c-7be98ed172d4
    [found] => YES
)

[2026-01-15 17:03:52] [14 MB] [chunked_processor] Job retrieved successfully
    DATA: Array
(
    [status] => running
    [type] => restore
)

[2026-01-15 17:03:52] [14 MB] [chunked_processor] get_job called
    DATA: Array
(
    [job_id] => 50390c3f-4dd7-4617-bf4c-7be98ed172d4
)

[2026-01-15 17:03:52] [14 MB] [chunked_processor] Transient lookup result
    DATA: Array
(
    [option_name] => speed_backups_job_50390c3f-4dd7-4617-bf4c-7be98ed172d4
    [found] => YES
)

[2026-01-15 17:03:52] [14 MB] [chunked_processor] Job retrieved successfully
    DATA: Array
(
    [status] => running
    [type] => restore
)

[2026-01-15 17:03:52] [14 MB] [chunked_processor] save_job called
    DATA: Array
(
    [job_id] => 50390c3f-4dd7-4617-bf4c-7be98ed172d4
    [status] => running
)

[2026-01-15 17:03:52] [14 MB] [chunked_processor] Transient save result
    DATA: Array
(
    [option_name] => speed_backups_job_50390c3f-4dd7-4617-bf4c-7be98ed172d4
    [success] => YES
)

[2026-01-15 17:03:52] [14 MB] [chunked_processor] Option save result
    DATA: Array
(
    [option_name] => speed_backups_job_50390c3f-4dd7-4617-bf4c-7be98ed172d4
    [success] => YES
)

[2026-01-15 17:03:52] [14 MB] [chunked_processor] Save verification (direct DB)
    DATA: Array
(
    [verified] => YES
)

[2026-01-15 17:03:52] [14 MB] [chunked_processor] get_job called
    DATA: Array
(
    [job_id] => 50390c3f-4dd7-4617-bf4c-7be98ed172d4
)

[2026-01-15 17:03:52] [14 MB] [chunked_processor] Transient lookup result
    DATA: Array
(
    [option_name] => speed_backups_job_50390c3f-4dd7-4617-bf4c-7be98ed172d4
    [found] => YES
)

[2026-01-15 17:03:52] [14 MB] [chunked_processor] Job retrieved successfully
    DATA: Array
(
    [status] => running
    [type] => restore
)

[2026-01-15 17:03:52] [14 MB] [chunked_processor] save_job called
    DATA: Array
(
    [job_id] => 50390c3f-4dd7-4617-bf4c-7be98ed172d4
    [status] => running
)

[2026-01-15 17:03:52] [14 MB] [chunked_processor] Transient save result
    DATA: Array
(
    [option_name] => speed_backups_job_50390c3f-4dd7-4617-bf4c-7be98ed172d4
    [success] => YES
)

[2026-01-15 17:03:52] [14 MB] [chunked_processor] Option save result
    DATA: Array
(
    [option_name] => speed_backups_job_50390c3f-4dd7-4617-bf4c-7be98ed172d4
    [success] => YES
)

[2026-01-15 17:03:52] [14 MB] [chunked_processor] Save verification (direct DB)
    DATA: Array
(
    [verified] => YES
)

[2026-01-15 17:03:52] [14 MB] [chunked_processor] get_job called
    DATA: Array
(
    [job_id] => 50390c3f-4dd7-4617-bf4c-7be98ed172d4
)

[2026-01-15 17:03:52] [14 MB] [chunked_processor] Transient lookup result
    DATA: Array
(
    [option_name] => speed_backups_job_50390c3f-4dd7-4617-bf4c-7be98ed172d4
    [found] => YES
)

[2026-01-15 17:03:52] [14 MB] [chunked_processor] Job retrieved successfully
    DATA: Array
(
    [status] => running
    [type] => restore
)

[2026-01-15 17:03:52] [14 MB] [chunked_processor] get_job called
    DATA: Array
(
    [job_id] => 50390c3f-4dd7-4617-bf4c-7be98ed172d4
)

[2026-01-15 17:03:52] [14 MB] [chunked_processor] Transient lookup result
    DATA: Array
(
    [option_name] => speed_backups_job_50390c3f-4dd7-4617-bf4c-7be98ed172d4
    [found] => YES
)

[2026-01-15 17:03:52] [14 MB] [chunked_processor] Job retrieved successfully
    DATA: Array
(
    [status] => running
    [type] => restore
)

[2026-01-15 17:03:52] [14 MB] [ERROR_HANDLER] PHP error handlers registered
[2026-01-15 17:03:52] [14 MB] [FUNCTION] >>> ENTER: process_chunk
    DATA: Array
(
    [0] => job_id
)

[2026-01-15 17:03:52] [14 MB] [chunked_processor] get_job called
    DATA: Array
(
    [job_id] => 50390c3f-4dd7-4617-bf4c-7be98ed172d4
)

[2026-01-15 17:03:52] [14 MB] [chunked_processor] Transient lookup result
    DATA: Array
(
    [option_name] => speed_backups_job_50390c3f-4dd7-4617-bf4c-7be98ed172d4
    [found] => YES
)

[2026-01-15 17:03:52] [14 MB] [chunked_processor] Job retrieved successfully
    DATA: Array
(
    [status] => running
    [type] => restore
)

[2026-01-15 17:03:52] [14 MB] [JOB_STATE] Job 50390c3f-4dd7-4617-bf4c-7be98ed172d4 state
    DATA: Array
(
    [status] => running
    [type] => restore
    [phase] => extract
    [progress] => 23.300970873786
)

[2026-01-15 17:03:52] [14 MB] [chunked_processor] get_job called
    DATA: Array
(
    [job_id] => 50390c3f-4dd7-4617-bf4c-7be98ed172d4
)

[2026-01-15 17:03:52] [14 MB] [chunked_processor] Transient lookup result
    DATA: Array
(
    [option_name] => speed_backups_job_50390c3f-4dd7-4617-bf4c-7be98ed172d4
    [found] => YES
)

[2026-01-15 17:03:52] [14 MB] [chunked_processor] Job retrieved successfully
    DATA: Array
(
    [status] => running
    [type] => restore
)

[2026-01-15 17:03:52] [14 MB] [chunked_processor] get_job called
    DATA: Array
(
    [job_id] => 50390c3f-4dd7-4617-bf4c-7be98ed172d4
)

[2026-01-15 17:03:52] [14 MB] [chunked_processor] Transient lookup result
    DATA: Array
(
    [option_name] => speed_backups_job_50390c3f-4dd7-4617-bf4c-7be98ed172d4
    [found] => YES
)

[2026-01-15 17:03:52] [14 MB] [chunked_processor] Job retrieved successfully
    DATA: Array
(
    [status] => running
    [type] => restore
)

[2026-01-15 17:03:52] [14 MB] [chunked_processor] save_job called
    DATA: Array
(
    [job_id] => 50390c3f-4dd7-4617-bf4c-7be98ed172d4
    [status] => running
)

[2026-01-15 17:03:52] [14 MB] [chunked_processor] Transient save result
    DATA: Array
(
    [option_name] => speed_backups_job_50390c3f-4dd7-4617-bf4c-7be98ed172d4
    [success] => YES
)

[2026-01-15 17:03:52] [14 MB] [chunked_processor] Option save result
    DATA: Array
(
    [option_name] => speed_backups_job_50390c3f-4dd7-4617-bf4c-7be98ed172d4
    [success] => YES
)

[2026-01-15 17:03:52] [14 MB] [chunked_processor] Save verification (direct DB)
    DATA: Array
(
    [verified] => YES
)

[2026-01-15 17:03:52] [14 MB] [chunked_processor] get_job called
    DATA: Array
(
    [job_id] => 50390c3f-4dd7-4617-bf4c-7be98ed172d4
)

[2026-01-15 17:03:52] [14 MB] [chunked_processor] Transient lookup result
    DATA: Array
(
    [option_name] => speed_backups_job_50390c3f-4dd7-4617-bf4c-7be98ed172d4
    [found] => YES
)

[2026-01-15 17:03:52] [14 MB] [chunked_processor] Job retrieved successfully
    DATA: Array
(
    [status] => running
    [type] => restore
)

[2026-01-15 17:03:52] [14 MB] [chunked_processor] save_job called
    DATA: Array
(
    [job_id] => 50390c3f-4dd7-4617-bf4c-7be98ed172d4
    [status] => running
)

[2026-01-15 17:03:52] [14 MB] [chunked_processor] Transient save result
    DATA: Array
(
    [option_name] => speed_backups_job_50390c3f-4dd7-4617-bf4c-7be98ed172d4
    [success] => YES
)

[2026-01-15 17:03:52] [14 MB] [chunked_processor] Option save result
    DATA: Array
(
    [option_name] => speed_backups_job_50390c3f-4dd7-4617-bf4c-7be98ed172d4
    [success] => YES
)

[2026-01-15 17:03:52] [14 MB] [chunked_processor] Save verification (direct DB)
    DATA: Array
(
    [verified] => YES
)

[2026-01-15 17:03:52] [14 MB] [chunked_processor] get_job called
    DATA: Array
(
    [job_id] => 50390c3f-4dd7-4617-bf4c-7be98ed172d4
)

[2026-01-15 17:03:52] [14 MB] [chunked_processor] Transient lookup result
    DATA: Array
(
    [option_name] => speed_backups_job_50390c3f-4dd7-4617-bf4c-7be98ed172d4
    [found] => YES
)

[2026-01-15 17:03:52] [14 MB] [chunked_processor] Job retrieved successfully
    DATA: Array
(
    [status] => running
    [type] => restore
)

[2026-01-15 17:03:52] [14 MB] [chunked_processor] get_job called
    DATA: Array
(
    [job_id] => 50390c3f-4dd7-4617-bf4c-7be98ed172d4
)

[2026-01-15 17:03:52] [14 MB] [chunked_processor] Transient lookup result
    DATA: Array
(
    [option_name] => speed_backups_job_50390c3f-4dd7-4617-bf4c-7be98ed172d4
    [found] => YES
)

[2026-01-15 17:03:52] [14 MB] [chunked_processor] Job retrieved successfully
    DATA: Array
(
    [status] => running
    [type] => restore
)

[2026-01-15 17:03:52] [14 MB] [ERROR_HANDLER] PHP error handlers registered
[2026-01-15 17:03:52] [14 MB] [FUNCTION] >>> ENTER: process_chunk
    DATA: Array
(
    [0] => job_id
)

[2026-01-15 17:03:52] [14 MB] [chunked_processor] get_job called
    DATA: Array
(
    [job_id] => 50390c3f-4dd7-4617-bf4c-7be98ed172d4
)

[2026-01-15 17:03:52] [14 MB] [chunked_processor] Transient lookup result
    DATA: Array
(
    [option_name] => speed_backups_job_50390c3f-4dd7-4617-bf4c-7be98ed172d4
    [found] => YES
)

[2026-01-15 17:03:52] [14 MB] [chunked_processor] Job retrieved successfully
    DATA: Array
(
    [status] => running
    [type] => restore
)

[2026-01-15 17:03:52] [14 MB] [JOB_STATE] Job 50390c3f-4dd7-4617-bf4c-7be98ed172d4 state
    DATA: Array
(
    [status] => running
    [type] => restore
    [phase] => extract
    [progress] => 24.595469255663
)

[2026-01-15 17:03:52] [14 MB] [chunked_processor] get_job called
    DATA: Array
(
    [job_id] => 50390c3f-4dd7-4617-bf4c-7be98ed172d4
)

[2026-01-15 17:03:52] [14 MB] [chunked_processor] Transient lookup result
    DATA: Array
(
    [option_name] => speed_backups_job_50390c3f-4dd7-4617-bf4c-7be98ed172d4
    [found] => YES
)

[2026-01-15 17:03:52] [14 MB] [chunked_processor] Job retrieved successfully
    DATA: Array
(
    [status] => running
    [type] => restore
)

[2026-01-15 17:03:52] [14 MB] [chunked_processor] get_job called
    DATA: Array
(
    [job_id] => 50390c3f-4dd7-4617-bf4c-7be98ed172d4
)

[2026-01-15 17:03:52] [14 MB] [chunked_processor] Transient lookup result
    DATA: Array
(
    [option_name] => speed_backups_job_50390c3f-4dd7-4617-bf4c-7be98ed172d4
    [found] => YES
)

[2026-01-15 17:03:52] [14 MB] [chunked_processor] Job retrieved successfully
    DATA: Array
(
    [status] => running
    [type] => restore
)

[2026-01-15 17:03:52] [14 MB] [chunked_processor] save_job called
    DATA: Array
(
    [job_id] => 50390c3f-4dd7-4617-bf4c-7be98ed172d4
    [status] => running
)

[2026-01-15 17:03:52] [14 MB] [chunked_processor] Transient save result
    DATA: Array
(
    [option_name] => speed_backups_job_50390c3f-4dd7-4617-bf4c-7be98ed172d4
    [success] => YES
)

[2026-01-15 17:03:52] [14 MB] [chunked_processor] Option save result
    DATA: Array
(
    [option_name] => speed_backups_job_50390c3f-4dd7-4617-bf4c-7be98ed172d4
    [success] => YES
)

[2026-01-15 17:03:52] [14 MB] [chunked_processor] Save verification (direct DB)
    DATA: Array
(
    [verified] => YES
)

[2026-01-15 17:03:52] [14 MB] [chunked_processor] get_job called
    DATA: Array
(
    [job_id] => 50390c3f-4dd7-4617-bf4c-7be98ed172d4
)

[2026-01-15 17:03:52] [14 MB] [chunked_processor] Transient lookup result
    DATA: Array
(
    [option_name] => speed_backups_job_50390c3f-4dd7-4617-bf4c-7be98ed172d4
    [found] => YES
)

[2026-01-15 17:03:52] [14 MB] [chunked_processor] Job retrieved successfully
    DATA: Array
(
    [status] => running
    [type] => restore
)

[2026-01-15 17:03:52] [14 MB] [chunked_processor] save_job called
    DATA: Array
(
    [job_id] => 50390c3f-4dd7-4617-bf4c-7be98ed172d4
    [status] => running
)

[2026-01-15 17:03:52] [14 MB] [chunked_processor] Transient save result
    DATA: Array
(
    [option_name] => speed_backups_job_50390c3f-4dd7-4617-bf4c-7be98ed172d4
    [success] => YES
)

[2026-01-15 17:03:52] [14 MB] [chunked_processor] Option save result
    DATA: Array
(
    [option_name] => speed_backups_job_50390c3f-4dd7-4617-bf4c-7be98ed172d4
    [success] => YES
)

[2026-01-15 17:03:52] [14 MB] [chunked_processor] Save verification (direct DB)
    DATA: Array
(
    [verified] => YES
)

[2026-01-15 17:03:52] [14 MB] [chunked_processor] get_job called
    DATA: Array
(
    [job_id] => 50390c3f-4dd7-4617-bf4c-7be98ed172d4
)

[2026-01-15 17:03:52] [14 MB] [chunked_processor] Transient lookup result
    DATA: Array
(
    [option_name] => speed_backups_job_50390c3f-4dd7-4617-bf4c-7be98ed172d4
    [found] => YES
)

[2026-01-15 17:03:52] [14 MB] [chunked_processor] Job retrieved successfully
    DATA: Array
(
    [status] => running
    [type] => restore
)

[2026-01-15 17:03:52] [14 MB] [chunked_processor] get_job called
    DATA: Array
(
    [job_id] => 50390c3f-4dd7-4617-bf4c-7be98ed172d4
)

[2026-01-15 17:03:52] [14 MB] [chunked_processor] Transient lookup result
    DATA: Array
(
    [option_name] => speed_backups_job_50390c3f-4dd7-4617-bf4c-7be98ed172d4
    [found] => YES
)

[2026-01-15 17:03:52] [14 MB] [chunked_processor] Job retrieved successfully
    DATA: Array
(
    [status] => running
    [type] => restore
)

[2026-01-15 17:03:53] [14 MB] [ERROR_HANDLER] PHP error handlers registered
[2026-01-15 17:03:53] [14 MB] [FUNCTION] >>> ENTER: process_chunk
    DATA: Array
(
    [0] => job_id
)

[2026-01-15 17:03:53] [14 MB] [chunked_processor] get_job called
    DATA: Array
(
    [job_id] => 50390c3f-4dd7-4617-bf4c-7be98ed172d4
)

[2026-01-15 17:03:53] [14 MB] [chunked_processor] Transient lookup result
    DATA: Array
(
    [option_name] => speed_backups_job_50390c3f-4dd7-4617-bf4c-7be98ed172d4
    [found] => YES
)

[2026-01-15 17:03:53] [14 MB] [chunked_processor] Job retrieved successfully
    DATA: Array
(
    [status] => running
    [type] => restore
)

[2026-01-15 17:03:53] [14 MB] [JOB_STATE] Job 50390c3f-4dd7-4617-bf4c-7be98ed172d4 state
    DATA: Array
(
    [status] => running
    [type] => restore
    [phase] => extract
    [progress] => 25.88996763754
)

[2026-01-15 17:03:53] [14 MB] [chunked_processor] get_job called
    DATA: Array
(
    [job_id] => 50390c3f-4dd7-4617-bf4c-7be98ed172d4
)

[2026-01-15 17:03:53] [14 MB] [chunked_processor] Transient lookup result
    DATA: Array
(
    [option_name] => speed_backups_job_50390c3f-4dd7-4617-bf4c-7be98ed172d4
    [found] => YES
)

[2026-01-15 17:03:53] [14 MB] [chunked_processor] Job retrieved successfully
    DATA: Array
(
    [status] => running
    [type] => restore
)

[2026-01-15 17:03:53] [14 MB] [chunked_processor] get_job called
    DATA: Array
(
    [job_id] => 50390c3f-4dd7-4617-bf4c-7be98ed172d4
)

[2026-01-15 17:03:53] [14 MB] [chunked_processor] Transient lookup result
    DATA: Array
(
    [option_name] => speed_backups_job_50390c3f-4dd7-4617-bf4c-7be98ed172d4
    [found] => YES
)

[2026-01-15 17:03:53] [14 MB] [chunked_processor] Job retrieved successfully
    DATA: Array
(
    [status] => running
    [type] => restore
)

[2026-01-15 17:03:53] [14 MB] [chunked_processor] save_job called
    DATA: Array
(
    [job_id] => 50390c3f-4dd7-4617-bf4c-7be98ed172d4
    [status] => running
)

[2026-01-15 17:03:53] [14 MB] [chunked_processor] Transient save result
    DATA: Array
(
    [option_name] => speed_backups_job_50390c3f-4dd7-4617-bf4c-7be98ed172d4
    [success] => YES
)

[2026-01-15 17:03:53] [14 MB] [chunked_processor] Option save result
    DATA: Array
(
    [option_name] => speed_backups_job_50390c3f-4dd7-4617-bf4c-7be98ed172d4
    [success] => YES
)

[2026-01-15 17:03:53] [14 MB] [chunked_processor] Save verification (direct DB)
    DATA: Array
(
    [verified] => YES
)

[2026-01-15 17:03:53] [14 MB] [chunked_processor] get_job called
    DATA: Array
(
    [job_id] => 50390c3f-4dd7-4617-bf4c-7be98ed172d4
)

[2026-01-15 17:03:53] [14 MB] [chunked_processor] Transient lookup result
    DATA: Array
(
    [option_name] => speed_backups_job_50390c3f-4dd7-4617-bf4c-7be98ed172d4
    [found] => YES
)

[2026-01-15 17:03:53] [14 MB] [chunked_processor] Job retrieved successfully
    DATA: Array
(
    [status] => running
    [type] => restore
)

[2026-01-15 17:03:53] [14 MB] [chunked_processor] save_job called
    DATA: Array
(
    [job_id] => 50390c3f-4dd7-4617-bf4c-7be98ed172d4
    [status] => running
)

[2026-01-15 17:03:53] [14 MB] [chunked_processor] Transient save result
    DATA: Array
(
    [option_name] => speed_backups_job_50390c3f-4dd7-4617-bf4c-7be98ed172d4
    [success] => YES
)

[2026-01-15 17:03:53] [14 MB] [chunked_processor] Option save result
    DATA: Array
(
    [option_name] => speed_backups_job_50390c3f-4dd7-4617-bf4c-7be98ed172d4
    [success] => YES
)

[2026-01-15 17:03:53] [14 MB] [chunked_processor] Save verification (direct DB)
    DATA: Array
(
    [verified] => YES
)

[2026-01-15 17:03:53] [14 MB] [chunked_processor] get_job called
    DATA: Array
(
    [job_id] => 50390c3f-4dd7-4617-bf4c-7be98ed172d4
)

[2026-01-15 17:03:53] [14 MB] [chunked_processor] Transient lookup result
    DATA: Array
(
    [option_name] => speed_backups_job_50390c3f-4dd7-4617-bf4c-7be98ed172d4
    [found] => YES
)

[2026-01-15 17:03:53] [14 MB] [chunked_processor] Job retrieved successfully
    DATA: Array
(
    [status] => running
    [type] => restore
)

[2026-01-15 17:03:53] [14 MB] [chunked_processor] get_job called
    DATA: Array
(
    [job_id] => 50390c3f-4dd7-4617-bf4c-7be98ed172d4
)

[2026-01-15 17:03:53] [14 MB] [chunked_processor] Transient lookup result
    DATA: Array
(
    [option_name] => speed_backups_job_50390c3f-4dd7-4617-bf4c-7be98ed172d4
    [found] => YES
)

[2026-01-15 17:03:53] [14 MB] [chunked_processor] Job retrieved successfully
    DATA: Array
(
    [status] => running
    [type] => restore
)

[2026-01-15 17:03:53] [14 MB] [ERROR_HANDLER] PHP error handlers registered
[2026-01-15 17:03:53] [14 MB] [FUNCTION] >>> ENTER: process_chunk
    DATA: Array
(
    [0] => job_id
)

[2026-01-15 17:03:53] [14 MB] [chunked_processor] get_job called
    DATA: Array
(
    [job_id] => 50390c3f-4dd7-4617-bf4c-7be98ed172d4
)

[2026-01-15 17:03:53] [14 MB] [chunked_processor] Transient lookup result
    DATA: Array
(
    [option_name] => speed_backups_job_50390c3f-4dd7-4617-bf4c-7be98ed172d4
    [found] => YES
)

[2026-01-15 17:03:53] [14 MB] [chunked_processor] Job retrieved successfully
    DATA: Array
(
    [status] => running
    [type] => restore
)

[2026-01-15 17:03:53] [14 MB] [JOB_STATE] Job 50390c3f-4dd7-4617-bf4c-7be98ed172d4 state
    DATA: Array
(
    [status] => running
    [type] => restore
    [phase] => extract
    [progress] => 27.184466019417
)

[2026-01-15 17:03:53] [14 MB] [chunked_processor] get_job called
    DATA: Array
(
    [job_id] => 50390c3f-4dd7-4617-bf4c-7be98ed172d4
)

[2026-01-15 17:03:53] [14 MB] [chunked_processor] Transient lookup result
    DATA: Array
(
    [option_name] => speed_backups_job_50390c3f-4dd7-4617-bf4c-7be98ed172d4
    [found] => YES
)

[2026-01-15 17:03:53] [14 MB] [chunked_processor] Job retrieved successfully
    DATA: Array
(
    [status] => running
    [type] => restore
)

[2026-01-15 17:03:53] [14 MB] [chunked_processor] get_job called
    DATA: Array
(
    [job_id] => 50390c3f-4dd7-4617-bf4c-7be98ed172d4
)

[2026-01-15 17:03:53] [14 MB] [chunked_processor] Transient lookup result
    DATA: Array
(
    [option_name] => speed_backups_job_50390c3f-4dd7-4617-bf4c-7be98ed172d4
    [found] => YES
)

[2026-01-15 17:03:53] [14 MB] [chunked_processor] Job retrieved successfully
    DATA: Array
(
    [status] => running
    [type] => restore
)

[2026-01-15 17:03:53] [14 MB] [chunked_processor] save_job called
    DATA: Array
(
    [job_id] => 50390c3f-4dd7-4617-bf4c-7be98ed172d4
    [status] => running
)

[2026-01-15 17:03:53] [14 MB] [chunked_processor] Transient save result
    DATA: Array
(
    [option_name] => speed_backups_job_50390c3f-4dd7-4617-bf4c-7be98ed172d4
    [success] => YES
)

[2026-01-15 17:03:53] [14 MB] [chunked_processor] Option save result
    DATA: Array
(
    [option_name] => speed_backups_job_50390c3f-4dd7-4617-bf4c-7be98ed172d4
    [success] => YES
)

[2026-01-15 17:03:53] [14 MB] [chunked_processor] Save verification (direct DB)
    DATA: Array
(
    [verified] => YES
)

[2026-01-15 17:03:53] [14 MB] [chunked_processor] get_job called
    DATA: Array
(
    [job_id] => 50390c3f-4dd7-4617-bf4c-7be98ed172d4
)

[2026-01-15 17:03:53] [14 MB] [chunked_processor] Transient lookup result
    DATA: Array
(
    [option_name] => speed_backups_job_50390c3f-4dd7-4617-bf4c-7be98ed172d4
    [found] => YES
)

[2026-01-15 17:03:53] [14 MB] [chunked_processor] Job retrieved successfully
    DATA: Array
(
    [status] => running
    [type] => restore
)

[2026-01-15 17:03:53] [14 MB] [chunked_processor] save_job called
    DATA: Array
(
    [job_id] => 50390c3f-4dd7-4617-bf4c-7be98ed172d4
    [status] => running
)

[2026-01-15 17:03:53] [14 MB] [chunked_processor] Transient save result
    DATA: Array
(
    [option_name] => speed_backups_job_50390c3f-4dd7-4617-bf4c-7be98ed172d4
    [success] => YES
)

[2026-01-15 17:03:53] [14 MB] [chunked_processor] Option save result
    DATA: Array
(
    [option_name] => speed_backups_job_50390c3f-4dd7-4617-bf4c-7be98ed172d4
    [success] => YES
)

[2026-01-15 17:03:53] [14 MB] [chunked_processor] Save verification (direct DB)
    DATA: Array
(
    [verified] => YES
)

[2026-01-15 17:03:53] [14 MB] [chunked_processor] get_job called
    DATA: Array
(
    [job_id] => 50390c3f-4dd7-4617-bf4c-7be98ed172d4
)

[2026-01-15 17:03:53] [14 MB] [chunked_processor] Transient lookup result
    DATA: Array
(
    [option_name] => speed_backups_job_50390c3f-4dd7-4617-bf4c-7be98ed172d4
    [found] => YES
)

[2026-01-15 17:03:53] [14 MB] [chunked_processor] Job retrieved successfully
    DATA: Array
(
    [status] => running
    [type] => restore
)

[2026-01-15 17:03:53] [14 MB] [chunked_processor] get_job called
    DATA: Array
(
    [job_id] => 50390c3f-4dd7-4617-bf4c-7be98ed172d4
)

[2026-01-15 17:03:53] [14 MB] [chunked_processor] Transient lookup result
    DATA: Array
(
    [option_name] => speed_backups_job_50390c3f-4dd7-4617-bf4c-7be98ed172d4
    [found] => YES
)

[2026-01-15 17:03:53] [14 MB] [chunked_processor] Job retrieved successfully
    DATA: Array
(
    [status] => running
    [type] => restore
)

[2026-01-15 17:03:54] [14 MB] [ERROR_HANDLER] PHP error handlers registered
[2026-01-15 17:03:54] [14 MB] [FUNCTION] >>> ENTER: process_chunk
    DATA: Array
(
    [0] => job_id
)

[2026-01-15 17:03:54] [14 MB] [chunked_processor] get_job called
    DATA: Array
(
    [job_id] => 50390c3f-4dd7-4617-bf4c-7be98ed172d4
)

[2026-01-15 17:03:54] [14 MB] [chunked_processor] Transient lookup result
    DATA: Array
(
    [option_name] => speed_backups_job_50390c3f-4dd7-4617-bf4c-7be98ed172d4
    [found] => YES
)

[2026-01-15 17:03:54] [14 MB] [chunked_processor] Job retrieved successfully
    DATA: Array
(
    [status] => running
    [type] => restore
)

[2026-01-15 17:03:54] [14 MB] [JOB_STATE] Job 50390c3f-4dd7-4617-bf4c-7be98ed172d4 state
    DATA: Array
(
    [status] => running
    [type] => restore
    [phase] => extract
    [progress] => 28.478964401294
)

[2026-01-15 17:03:54] [14 MB] [chunked_processor] get_job called
    DATA: Array
(
    [job_id] => 50390c3f-4dd7-4617-bf4c-7be98ed172d4
)

[2026-01-15 17:03:54] [14 MB] [chunked_processor] Transient lookup result
    DATA: Array
(
    [option_name] => speed_backups_job_50390c3f-4dd7-4617-bf4c-7be98ed172d4
    [found] => YES
)

[2026-01-15 17:03:54] [14 MB] [chunked_processor] Job retrieved successfully
    DATA: Array
(
    [status] => running
    [type] => restore
)

[2026-01-15 17:03:54] [14 MB] [chunked_processor] get_job called
    DATA: Array
(
    [job_id] => 50390c3f-4dd7-4617-bf4c-7be98ed172d4
)

[2026-01-15 17:03:54] [14 MB] [chunked_processor] Transient lookup result
    DATA: Array
(
    [option_name] => speed_backups_job_50390c3f-4dd7-4617-bf4c-7be98ed172d4
    [found] => YES
)

[2026-01-15 17:03:54] [14 MB] [chunked_processor] Job retrieved successfully
    DATA: Array
(
    [status] => running
    [type] => restore
)

[2026-01-15 17:03:54] [14 MB] [chunked_processor] save_job called
    DATA: Array
(
    [job_id] => 50390c3f-4dd7-4617-bf4c-7be98ed172d4
    [status] => running
)

[2026-01-15 17:03:54] [14 MB] [chunked_processor] Transient save result
    DATA: Array
(
    [option_name] => speed_backups_job_50390c3f-4dd7-4617-bf4c-7be98ed172d4
    [success] => YES
)

[2026-01-15 17:03:54] [14 MB] [chunked_processor] Option save result
    DATA: Array
(
    [option_name] => speed_backups_job_50390c3f-4dd7-4617-bf4c-7be98ed172d4
    [success] => YES
)

[2026-01-15 17:03:54] [14 MB] [chunked_processor] Save verification (direct DB)
    DATA: Array
(
    [verified] => YES
)

[2026-01-15 17:03:54] [14 MB] [chunked_processor] get_job called
    DATA: Array
(
    [job_id] => 50390c3f-4dd7-4617-bf4c-7be98ed172d4
)

[2026-01-15 17:03:54] [14 MB] [chunked_processor] Transient lookup result
    DATA: Array
(
    [option_name] => speed_backups_job_50390c3f-4dd7-4617-bf4c-7be98ed172d4
    [found] => YES
)

[2026-01-15 17:03:54] [14 MB] [chunked_processor] Job retrieved successfully
    DATA: Array
(
    [status] => running
    [type] => restore
)

[2026-01-15 17:03:54] [14 MB] [chunked_processor] save_job called
    DATA: Array
(
    [job_id] => 50390c3f-4dd7-4617-bf4c-7be98ed172d4
    [status] => running
)

[2026-01-15 17:03:54] [14 MB] [chunked_processor] Transient save result
    DATA: Array
(
    [option_name] => speed_backups_job_50390c3f-4dd7-4617-bf4c-7be98ed172d4
    [success] => YES
)

[2026-01-15 17:03:54] [14 MB] [chunked_processor] Option save result
    DATA: Array
(
    [option_name] => speed_backups_job_50390c3f-4dd7-4617-bf4c-7be98ed172d4
    [success] => YES
)

[2026-01-15 17:03:54] [14 MB] [chunked_processor] Save verification (direct DB)
    DATA: Array
(
    [verified] => YES
)

[2026-01-15 17:03:54] [14 MB] [chunked_processor] get_job called
    DATA: Array
(
    [job_id] => 50390c3f-4dd7-4617-bf4c-7be98ed172d4
)

[2026-01-15 17:03:54] [14 MB] [chunked_processor] Transient lookup result
    DATA: Array
(
    [option_name] => speed_backups_job_50390c3f-4dd7-4617-bf4c-7be98ed172d4
    [found] => YES
)

[2026-01-15 17:03:54] [14 MB] [chunked_processor] Job retrieved successfully
    DATA: Array
(
    [status] => running
    [type] => restore
)

[2026-01-15 17:03:54] [14 MB] [chunked_processor] get_job called
    DATA: Array
(
    [job_id] => 50390c3f-4dd7-4617-bf4c-7be98ed172d4
)

[2026-01-15 17:03:54] [14 MB] [chunked_processor] Transient lookup result
    DATA: Array
(
    [option_name] => speed_backups_job_50390c3f-4dd7-4617-bf4c-7be98ed172d4
    [found] => YES
)

[2026-01-15 17:03:54] [14 MB] [chunked_processor] Job retrieved successfully
    DATA: Array
(
    [status] => running
    [type] => restore
)

[2026-01-15 17:03:54] [14 MB] [ERROR_HANDLER] PHP error handlers registered
[2026-01-15 17:03:54] [14 MB] [FUNCTION] >>> ENTER: process_chunk
    DATA: Array
(
    [0] => job_id
)

[2026-01-15 17:03:54] [14 MB] [chunked_processor] get_job called
    DATA: Array
(
    [job_id] => 50390c3f-4dd7-4617-bf4c-7be98ed172d4
)

[2026-01-15 17:03:54] [14 MB] [chunked_processor] Transient lookup result
    DATA: Array
(
    [option_name] => speed_backups_job_50390c3f-4dd7-4617-bf4c-7be98ed172d4
    [found] => YES
)

[2026-01-15 17:03:54] [14 MB] [chunked_processor] Job retrieved successfully
    DATA: Array
(
    [status] => running
    [type] => restore
)

[2026-01-15 17:03:54] [14 MB] [JOB_STATE] Job 50390c3f-4dd7-4617-bf4c-7be98ed172d4 state
    DATA: Array
(
    [status] => running
    [type] => restore
    [phase] => extract
    [progress] => 29.773462783172
)

[2026-01-15 17:03:54] [14 MB] [chunked_processor] get_job called
    DATA: Array
(
    [job_id] => 50390c3f-4dd7-4617-bf4c-7be98ed172d4
)

[2026-01-15 17:03:54] [14 MB] [chunked_processor] Transient lookup result
    DATA: Array
(
    [option_name] => speed_backups_job_50390c3f-4dd7-4617-bf4c-7be98ed172d4
    [found] => YES
)

[2026-01-15 17:03:54] [14 MB] [chunked_processor] Job retrieved successfully
    DATA: Array
(
    [status] => running
    [type] => restore
)

[2026-01-15 17:03:54] [14 MB] [chunked_processor] get_job called
    DATA: Array
(
    [job_id] => 50390c3f-4dd7-4617-bf4c-7be98ed172d4
)

[2026-01-15 17:03:54] [14 MB] [chunked_processor] Transient lookup result
    DATA: Array
(
    [option_name] => speed_backups_job_50390c3f-4dd7-4617-bf4c-7be98ed172d4
    [found] => YES
)

[2026-01-15 17:03:54] [14 MB] [chunked_processor] Job retrieved successfully
    DATA: Array
(
    [status] => running
    [type] => restore
)

[2026-01-15 17:03:54] [14 MB] [chunked_processor] save_job called
    DATA: Array
(
    [job_id] => 50390c3f-4dd7-4617-bf4c-7be98ed172d4
    [status] => running
)

[2026-01-15 17:03:54] [14 MB] [chunked_processor] Transient save result
    DATA: Array
(
    [option_name] => speed_backups_job_50390c3f-4dd7-4617-bf4c-7be98ed172d4
    [success] => YES
)

[2026-01-15 17:03:54] [14 MB] [chunked_processor] Option save result
    DATA: Array
(
    [option_name] => speed_backups_job_50390c3f-4dd7-4617-bf4c-7be98ed172d4
    [success] => YES
)

[2026-01-15 17:03:54] [14 MB] [chunked_processor] Save verification (direct DB)
    DATA: Array
(
    [verified] => YES
)

[2026-01-15 17:03:54] [14 MB] [chunked_processor] get_job called
    DATA: Array
(
    [job_id] => 50390c3f-4dd7-4617-bf4c-7be98ed172d4
)

[2026-01-15 17:03:54] [14 MB] [chunked_processor] Transient lookup result
    DATA: Array
(
    [option_name] => speed_backups_job_50390c3f-4dd7-4617-bf4c-7be98ed172d4
    [found] => YES
)

[2026-01-15 17:03:54] [14 MB] [chunked_processor] Job retrieved successfully
    DATA: Array
(
    [status] => running
    [type] => restore
)

[2026-01-15 17:03:54] [14 MB] [chunked_processor] save_job called
    DATA: Array
(
    [job_id] => 50390c3f-4dd7-4617-bf4c-7be98ed172d4
    [status] => running
)

[2026-01-15 17:03:54] [14 MB] [chunked_processor] Transient save result
    DATA: Array
(
    [option_name] => speed_backups_job_50390c3f-4dd7-4617-bf4c-7be98ed172d4
    [success] => YES
)

[2026-01-15 17:03:54] [14 MB] [chunked_processor] Option save result
    DATA: Array
(
    [option_name] => speed_backups_job_50390c3f-4dd7-4617-bf4c-7be98ed172d4
    [success] => YES
)

[2026-01-15 17:03:54] [14 MB] [chunked_processor] Save verification (direct DB)
    DATA: Array
(
    [verified] => YES
)

[2026-01-15 17:03:54] [14 MB] [chunked_processor] get_job called
    DATA: Array
(
    [job_id] => 50390c3f-4dd7-4617-bf4c-7be98ed172d4
)

[2026-01-15 17:03:54] [14 MB] [chunked_processor] Transient lookup result
    DATA: Array
(
    [option_name] => speed_backups_job_50390c3f-4dd7-4617-bf4c-7be98ed172d4
    [found] => YES
)

[2026-01-15 17:03:54] [14 MB] [chunked_processor] Job retrieved successfully
    DATA: Array
(
    [status] => running
    [type] => restore
)

[2026-01-15 17:03:54] [14 MB] [chunked_processor] get_job called
    DATA: Array
(
    [job_id] => 50390c3f-4dd7-4617-bf4c-7be98ed172d4
)

[2026-01-15 17:03:54] [14 MB] [chunked_processor] Transient lookup result
    DATA: Array
(
    [option_name] => speed_backups_job_50390c3f-4dd7-4617-bf4c-7be98ed172d4
    [found] => YES
)

[2026-01-15 17:03:54] [14 MB] [chunked_processor] Job retrieved successfully
    DATA: Array
(
    [status] => running
    [type] => restore
)

[2026-01-15 17:03:55] [14 MB] [ERROR_HANDLER] PHP error handlers registered
[2026-01-15 17:03:55] [14 MB] [FUNCTION] >>> ENTER: process_chunk
    DATA: Array
(
    [0] => job_id
)

[2026-01-15 17:03:55] [14 MB] [chunked_processor] get_job called
    DATA: Array
(
    [job_id] => 50390c3f-4dd7-4617-bf4c-7be98ed172d4
)

[2026-01-15 17:03:55] [14 MB] [chunked_processor] Transient lookup result
    DATA: Array
(
    [option_name] => speed_backups_job_50390c3f-4dd7-4617-bf4c-7be98ed172d4
    [found] => YES
)

[2026-01-15 17:03:55] [14 MB] [chunked_processor] Job retrieved successfully
    DATA: Array
(
    [status] => running
    [type] => restore
)

[2026-01-15 17:03:55] [14 MB] [JOB_STATE] Job 50390c3f-4dd7-4617-bf4c-7be98ed172d4 state
    DATA: Array
(
    [status] => running
    [type] => restore
    [phase] => extract
    [progress] => 31.067961165049
)

[2026-01-15 17:03:55] [14 MB] [chunked_processor] get_job called
    DATA: Array
(
    [job_id] => 50390c3f-4dd7-4617-bf4c-7be98ed172d4
)

[2026-01-15 17:03:55] [14 MB] [chunked_processor] Transient lookup result
    DATA: Array
(
    [option_name] => speed_backups_job_50390c3f-4dd7-4617-bf4c-7be98ed172d4
    [found] => YES
)

[2026-01-15 17:03:55] [14 MB] [chunked_processor] Job retrieved successfully
    DATA: Array
(
    [status] => running
    [type] => restore
)

[2026-01-15 17:03:55] [14 MB] [chunked_processor] get_job called
    DATA: Array
(
    [job_id] => 50390c3f-4dd7-4617-bf4c-7be98ed172d4
)

[2026-01-15 17:03:55] [14 MB] [chunked_processor] Transient lookup result
    DATA: Array
(
    [option_name] => speed_backups_job_50390c3f-4dd7-4617-bf4c-7be98ed172d4
    [found] => YES
)

[2026-01-15 17:03:55] [14 MB] [chunked_processor] Job retrieved successfully
    DATA: Array
(
    [status] => running
    [type] => restore
)

[2026-01-15 17:03:55] [14 MB] [chunked_processor] save_job called
    DATA: Array
(
    [job_id] => 50390c3f-4dd7-4617-bf4c-7be98ed172d4
    [status] => running
)

[2026-01-15 17:03:55] [14 MB] [chunked_processor] Transient save result
    DATA: Array
(
    [option_name] => speed_backups_job_50390c3f-4dd7-4617-bf4c-7be98ed172d4
    [success] => YES
)

[2026-01-15 17:03:55] [14 MB] [chunked_processor] Option save result
    DATA: Array
(
    [option_name] => speed_backups_job_50390c3f-4dd7-4617-bf4c-7be98ed172d4
    [success] => YES
)

[2026-01-15 17:03:55] [14 MB] [chunked_processor] Save verification (direct DB)
    DATA: Array
(
    [verified] => YES
)

[2026-01-15 17:03:55] [14 MB] [chunked_processor] get_job called
    DATA: Array
(
    [job_id] => 50390c3f-4dd7-4617-bf4c-7be98ed172d4
)

[2026-01-15 17:03:55] [14 MB] [chunked_processor] Transient lookup result
    DATA: Array
(
    [option_name] => speed_backups_job_50390c3f-4dd7-4617-bf4c-7be98ed172d4
    [found] => YES
)

[2026-01-15 17:03:55] [14 MB] [chunked_processor] Job retrieved successfully
    DATA: Array
(
    [status] => running
    [type] => restore
)

[2026-01-15 17:03:55] [14 MB] [chunked_processor] save_job called
    DATA: Array
(
    [job_id] => 50390c3f-4dd7-4617-bf4c-7be98ed172d4
    [status] => running
)

[2026-01-15 17:03:55] [14 MB] [chunked_processor] Transient save result
    DATA: Array
(
    [option_name] => speed_backups_job_50390c3f-4dd7-4617-bf4c-7be98ed172d4
    [success] => YES
)

[2026-01-15 17:03:55] [14 MB] [chunked_processor] Option save result
    DATA: Array
(
    [option_name] => speed_backups_job_50390c3f-4dd7-4617-bf4c-7be98ed172d4
    [success] => YES
)

[2026-01-15 17:03:55] [14 MB] [chunked_processor] Save verification (direct DB)
    DATA: Array
(
    [verified] => YES
)

[2026-01-15 17:03:55] [14 MB] [chunked_processor] get_job called
    DATA: Array
(
    [job_id] => 50390c3f-4dd7-4617-bf4c-7be98ed172d4
)

[2026-01-15 17:03:55] [14 MB] [chunked_processor] Transient lookup result
    DATA: Array
(
    [option_name] => speed_backups_job_50390c3f-4dd7-4617-bf4c-7be98ed172d4
    [found] => YES
)

[2026-01-15 17:03:55] [14 MB] [chunked_processor] Job retrieved successfully
    DATA: Array
(
    [status] => running
    [type] => restore
)

[2026-01-15 17:03:55] [14 MB] [chunked_processor] get_job called
    DATA: Array
(
    [job_id] => 50390c3f-4dd7-4617-bf4c-7be98ed172d4
)

[2026-01-15 17:03:55] [14 MB] [chunked_processor] Transient lookup result
    DATA: Array
(
    [option_name] => speed_backups_job_50390c3f-4dd7-4617-bf4c-7be98ed172d4
    [found] => YES
)

[2026-01-15 17:03:55] [14 MB] [chunked_processor] Job retrieved successfully
    DATA: Array
(
    [status] => running
    [type] => restore
)

[2026-01-15 17:03:55] [14 MB] [ERROR_HANDLER] PHP error handlers registered
[2026-01-15 17:03:55] [14 MB] [FUNCTION] >>> ENTER: process_chunk
    DATA: Array
(
    [0] => job_id
)

[2026-01-15 17:03:55] [14 MB] [chunked_processor] get_job called
    DATA: Array
(
    [job_id] => 50390c3f-4dd7-4617-bf4c-7be98ed172d4
)

[2026-01-15 17:03:55] [14 MB] [chunked_processor] Transient lookup result
    DATA: Array
(
    [option_name] => speed_backups_job_50390c3f-4dd7-4617-bf4c-7be98ed172d4
    [found] => YES
)

[2026-01-15 17:03:55] [14 MB] [chunked_processor] Job retrieved successfully
    DATA: Array
(
    [status] => running
    [type] => restore
)

[2026-01-15 17:03:55] [14 MB] [JOB_STATE] Job 50390c3f-4dd7-4617-bf4c-7be98ed172d4 state
    DATA: Array
(
    [status] => running
    [type] => restore
    [phase] => extract
    [progress] => 32.362459546926
)

[2026-01-15 17:03:55] [14 MB] [chunked_processor] get_job called
    DATA: Array
(
    [job_id] => 50390c3f-4dd7-4617-bf4c-7be98ed172d4
)

[2026-01-15 17:03:55] [14 MB] [chunked_processor] Transient lookup result
    DATA: Array
(
    [option_name] => speed_backups_job_50390c3f-4dd7-4617-bf4c-7be98ed172d4
    [found] => YES
)

[2026-01-15 17:03:55] [14 MB] [chunked_processor] Job retrieved successfully
    DATA: Array
(
    [status] => running
    [type] => restore
)

[2026-01-15 17:03:55] [14 MB] [chunked_processor] get_job called
    DATA: Array
(
    [job_id] => 50390c3f-4dd7-4617-bf4c-7be98ed172d4
)

[2026-01-15 17:03:55] [14 MB] [chunked_processor] Transient lookup result
    DATA: Array
(
    [option_name] => speed_backups_job_50390c3f-4dd7-4617-bf4c-7be98ed172d4
    [found] => YES
)

[2026-01-15 17:03:55] [14 MB] [chunked_processor] Job retrieved successfully
    DATA: Array
(
    [status] => running
    [type] => restore
)

[2026-01-15 17:03:55] [14 MB] [chunked_processor] save_job called
    DATA: Array
(
    [job_id] => 50390c3f-4dd7-4617-bf4c-7be98ed172d4
    [status] => running
)

[2026-01-15 17:03:55] [14 MB] [chunked_processor] Transient save result
    DATA: Array
(
    [option_name] => speed_backups_job_50390c3f-4dd7-4617-bf4c-7be98ed172d4
    [success] => YES
)

[2026-01-15 17:03:55] [14 MB] [chunked_processor] Option save result
    DATA: Array
(
    [option_name] => speed_backups_job_50390c3f-4dd7-4617-bf4c-7be98ed172d4
    [success] => YES
)

[2026-01-15 17:03:55] [14 MB] [chunked_processor] Save verification (direct DB)
    DATA: Array
(
    [verified] => YES
)

[2026-01-15 17:03:55] [14 MB] [chunked_processor] get_job called
    DATA: Array
(
    [job_id] => 50390c3f-4dd7-4617-bf4c-7be98ed172d4
)

[2026-01-15 17:03:55] [14 MB] [chunked_processor] Transient lookup result
    DATA: Array
(
    [option_name] => speed_backups_job_50390c3f-4dd7-4617-bf4c-7be98ed172d4
    [found] => YES
)

[2026-01-15 17:03:55] [14 MB] [chunked_processor] Job retrieved successfully
    DATA: Array
(
    [status] => running
    [type] => restore
)

[2026-01-15 17:03:55] [14 MB] [chunked_processor] save_job called
    DATA: Array
(
    [job_id] => 50390c3f-4dd7-4617-bf4c-7be98ed172d4
    [status] => running
)

[2026-01-15 17:03:55] [14 MB] [chunked_processor] Transient save result
    DATA: Array
(
    [option_name] => speed_backups_job_50390c3f-4dd7-4617-bf4c-7be98ed172d4
    [success] => YES
)

[2026-01-15 17:03:55] [14 MB] [chunked_processor] Option save result
    DATA: Array
(
    [option_name] => speed_backups_job_50390c3f-4dd7-4617-bf4c-7be98ed172d4
    [success] => YES
)

[2026-01-15 17:03:55] [14 MB] [chunked_processor] Save verification (direct DB)
    DATA: Array
(
    [verified] => YES
)

[2026-01-15 17:03:55] [14 MB] [chunked_processor] get_job called
    DATA: Array
(
    [job_id] => 50390c3f-4dd7-4617-bf4c-7be98ed172d4
)

[2026-01-15 17:03:55] [14 MB] [chunked_processor] Transient lookup result
    DATA: Array
(
    [option_name] => speed_backups_job_50390c3f-4dd7-4617-bf4c-7be98ed172d4
    [found] => YES
)

[2026-01-15 17:03:55] [14 MB] [chunked_processor] Job retrieved successfully
    DATA: Array
(
    [status] => running
    [type] => restore
)

[2026-01-15 17:03:55] [14 MB] [chunked_processor] get_job called
    DATA: Array
(
    [job_id] => 50390c3f-4dd7-4617-bf4c-7be98ed172d4
)

[2026-01-15 17:03:55] [14 MB] [chunked_processor] Transient lookup result
    DATA: Array
(
    [option_name] => speed_backups_job_50390c3f-4dd7-4617-bf4c-7be98ed172d4
    [found] => YES
)

[2026-01-15 17:03:55] [14 MB] [chunked_processor] Job retrieved successfully
    DATA: Array
(
    [status] => running
    [type] => restore
)

[2026-01-15 17:03:55] [14 MB] [ERROR_HANDLER] PHP error handlers registered
[2026-01-15 17:03:56] [14 MB] [FUNCTION] >>> ENTER: process_chunk
    DATA: Array
(
    [0] => job_id
)

[2026-01-15 17:03:56] [14 MB] [chunked_processor] get_job called
    DATA: Array
(
    [job_id] => 50390c3f-4dd7-4617-bf4c-7be98ed172d4
)

[2026-01-15 17:03:56] [14 MB] [chunked_processor] Transient lookup result
    DATA: Array
(
    [option_name] => speed_backups_job_50390c3f-4dd7-4617-bf4c-7be98ed172d4
    [found] => YES
)

[2026-01-15 17:03:56] [14 MB] [chunked_processor] Job retrieved successfully
    DATA: Array
(
    [status] => running
    [type] => restore
)

[2026-01-15 17:03:56] [14 MB] [JOB_STATE] Job 50390c3f-4dd7-4617-bf4c-7be98ed172d4 state
    DATA: Array
(
    [status] => running
    [type] => restore
    [phase] => extract
    [progress] => 33.656957928803
)

[2026-01-15 17:03:56] [14 MB] [chunked_processor] get_job called
    DATA: Array
(
    [job_id] => 50390c3f-4dd7-4617-bf4c-7be98ed172d4
)

[2026-01-15 17:03:56] [14 MB] [chunked_processor] Transient lookup result
    DATA: Array
(
    [option_name] => speed_backups_job_50390c3f-4dd7-4617-bf4c-7be98ed172d4
    [found] => YES
)

[2026-01-15 17:03:56] [14 MB] [chunked_processor] Job retrieved successfully
    DATA: Array
(
    [status] => running
    [type] => restore
)

[2026-01-15 17:03:56] [14 MB] [chunked_processor] get_job called
    DATA: Array
(
    [job_id] => 50390c3f-4dd7-4617-bf4c-7be98ed172d4
)

[2026-01-15 17:03:56] [14 MB] [chunked_processor] Transient lookup result
    DATA: Array
(
    [option_name] => speed_backups_job_50390c3f-4dd7-4617-bf4c-7be98ed172d4
    [found] => YES
)

[2026-01-15 17:03:56] [14 MB] [chunked_processor] Job retrieved successfully
    DATA: Array
(
    [status] => running
    [type] => restore
)

[2026-01-15 17:03:56] [14 MB] [chunked_processor] save_job called
    DATA: Array
(
    [job_id] => 50390c3f-4dd7-4617-bf4c-7be98ed172d4
    [status] => running
)

[2026-01-15 17:03:56] [14 MB] [chunked_processor] Transient save result
    DATA: Array
(
    [option_name] => speed_backups_job_50390c3f-4dd7-4617-bf4c-7be98ed172d4
    [success] => YES
)

[2026-01-15 17:03:56] [14 MB] [chunked_processor] Option save result
    DATA: Array
(
    [option_name] => speed_backups_job_50390c3f-4dd7-4617-bf4c-7be98ed172d4
    [success] => YES
)

[2026-01-15 17:03:56] [14 MB] [chunked_processor] Save verification (direct DB)
    DATA: Array
(
    [verified] => YES
)

[2026-01-15 17:03:56] [14 MB] [chunked_processor] get_job called
    DATA: Array
(
    [job_id] => 50390c3f-4dd7-4617-bf4c-7be98ed172d4
)

[2026-01-15 17:03:56] [14 MB] [chunked_processor] Transient lookup result
    DATA: Array
(
    [option_name] => speed_backups_job_50390c3f-4dd7-4617-bf4c-7be98ed172d4
    [found] => YES
)

[2026-01-15 17:03:56] [14 MB] [chunked_processor] Job retrieved successfully
    DATA: Array
(
    [status] => running
    [type] => restore
)

[2026-01-15 17:03:56] [14 MB] [chunked_processor] save_job called
    DATA: Array
(
    [job_id] => 50390c3f-4dd7-4617-bf4c-7be98ed172d4
    [status] => running
)

[2026-01-15 17:03:56] [14 MB] [chunked_processor] Transient save result
    DATA: Array
(
    [option_name] => speed_backups_job_50390c3f-4dd7-4617-bf4c-7be98ed172d4
    [success] => YES
)

[2026-01-15 17:03:56] [14 MB] [chunked_processor] Option save result
    DATA: Array
(
    [option_name] => speed_backups_job_50390c3f-4dd7-4617-bf4c-7be98ed172d4
    [success] => YES
)

[2026-01-15 17:03:56] [14 MB] [chunked_processor] Save verification (direct DB)
    DATA: Array
(
    [verified] => YES
)

[2026-01-15 17:03:56] [14 MB] [chunked_processor] get_job called
    DATA: Array
(
    [job_id] => 50390c3f-4dd7-4617-bf4c-7be98ed172d4
)

[2026-01-15 17:03:56] [14 MB] [chunked_processor] Transient lookup result
    DATA: Array
(
    [option_name] => speed_backups_job_50390c3f-4dd7-4617-bf4c-7be98ed172d4
    [found] => YES
)

[2026-01-15 17:03:56] [14 MB] [chunked_processor] Job retrieved successfully
    DATA: Array
(
    [status] => running
    [type] => restore
)

[2026-01-15 17:03:56] [14 MB] [chunked_processor] get_job called
    DATA: Array
(
    [job_id] => 50390c3f-4dd7-4617-bf4c-7be98ed172d4
)

[2026-01-15 17:03:56] [14 MB] [chunked_processor] Transient lookup result
    DATA: Array
(
    [option_name] => speed_backups_job_50390c3f-4dd7-4617-bf4c-7be98ed172d4
    [found] => YES
)

[2026-01-15 17:03:56] [14 MB] [chunked_processor] Job retrieved successfully
    DATA: Array
(
    [status] => running
    [type] => restore
)

[2026-01-15 17:03:56] [14 MB] [ERROR_HANDLER] PHP error handlers registered
[2026-01-15 17:03:56] [14 MB] [FUNCTION] >>> ENTER: process_chunk
    DATA: Array
(
    [0] => job_id
)

[2026-01-15 17:03:56] [14 MB] [chunked_processor] get_job called
    DATA: Array
(
    [job_id] => 50390c3f-4dd7-4617-bf4c-7be98ed172d4
)

[2026-01-15 17:03:56] [14 MB] [chunked_processor] Transient lookup result
    DATA: Array
(
    [option_name] => speed_backups_job_50390c3f-4dd7-4617-bf4c-7be98ed172d4
    [found] => YES
)

[2026-01-15 17:03:56] [14 MB] [chunked_processor] Job retrieved successfully
    DATA: Array
(
    [status] => running
    [type] => restore
)

[2026-01-15 17:03:56] [14 MB] [JOB_STATE] Job 50390c3f-4dd7-4617-bf4c-7be98ed172d4 state
    DATA: Array
(
    [status] => running
    [type] => restore
    [phase] => extract
    [progress] => 34.95145631068
)

[2026-01-15 17:03:56] [14 MB] [chunked_processor] get_job called
    DATA: Array
(
    [job_id] => 50390c3f-4dd7-4617-bf4c-7be98ed172d4
)

[2026-01-15 17:03:56] [14 MB] [chunked_processor] Transient lookup result
    DATA: Array
(
    [option_name] => speed_backups_job_50390c3f-4dd7-4617-bf4c-7be98ed172d4
    [found] => YES
)

[2026-01-15 17:03:56] [14 MB] [chunked_processor] Job retrieved successfully
    DATA: Array
(
    [status] => running
    [type] => restore
)

[2026-01-15 17:03:56] [14 MB] [chunked_processor] get_job called
    DATA: Array
(
    [job_id] => 50390c3f-4dd7-4617-bf4c-7be98ed172d4
)

[2026-01-15 17:03:56] [14 MB] [chunked_processor] Transient lookup result
    DATA: Array
(
    [option_name] => speed_backups_job_50390c3f-4dd7-4617-bf4c-7be98ed172d4
    [found] => YES
)

[2026-01-15 17:03:56] [14 MB] [chunked_processor] Job retrieved successfully
    DATA: Array
(
    [status] => running
    [type] => restore
)

[2026-01-15 17:03:56] [14 MB] [chunked_processor] save_job called
    DATA: Array
(
    [job_id] => 50390c3f-4dd7-4617-bf4c-7be98ed172d4
    [status] => running
)

[2026-01-15 17:03:56] [14 MB] [chunked_processor] Transient save result
    DATA: Array
(
    [option_name] => speed_backups_job_50390c3f-4dd7-4617-bf4c-7be98ed172d4
    [success] => YES
)

[2026-01-15 17:03:56] [14 MB] [chunked_processor] Option save result
    DATA: Array
(
    [option_name] => speed_backups_job_50390c3f-4dd7-4617-bf4c-7be98ed172d4
    [success] => YES
)

[2026-01-15 17:03:56] [14 MB] [chunked_processor] Save verification (direct DB)
    DATA: Array
(
    [verified] => YES
)

[2026-01-15 17:03:56] [14 MB] [chunked_processor] get_job called
    DATA: Array
(
    [job_id] => 50390c3f-4dd7-4617-bf4c-7be98ed172d4
)

[2026-01-15 17:03:56] [14 MB] [chunked_processor] Transient lookup result
    DATA: Array
(
    [option_name] => speed_backups_job_50390c3f-4dd7-4617-bf4c-7be98ed172d4
    [found] => YES
)

[2026-01-15 17:03:56] [14 MB] [chunked_processor] Job retrieved successfully
    DATA: Array
(
    [status] => running
    [type] => restore
)

[2026-01-15 17:03:56] [14 MB] [chunked_processor] save_job called
    DATA: Array
(
    [job_id] => 50390c3f-4dd7-4617-bf4c-7be98ed172d4
    [status] => running
)

[2026-01-15 17:03:56] [14 MB] [chunked_processor] Transient save result
    DATA: Array
(
    [option_name] => speed_backups_job_50390c3f-4dd7-4617-bf4c-7be98ed172d4
    [success] => YES
)

[2026-01-15 17:03:56] [14 MB] [chunked_processor] Option save result
    DATA: Array
(
    [option_name] => speed_backups_job_50390c3f-4dd7-4617-bf4c-7be98ed172d4
    [success] => YES
)

[2026-01-15 17:03:56] [14 MB] [chunked_processor] Save verification (direct DB)
    DATA: Array
(
    [verified] => YES
)

[2026-01-15 17:03:56] [14 MB] [chunked_processor] get_job called
    DATA: Array
(
    [job_id] => 50390c3f-4dd7-4617-bf4c-7be98ed172d4
)

[2026-01-15 17:03:56] [14 MB] [chunked_processor] Transient lookup result
    DATA: Array
(
    [option_name] => speed_backups_job_50390c3f-4dd7-4617-bf4c-7be98ed172d4
    [found] => YES
)

[2026-01-15 17:03:56] [14 MB] [chunked_processor] Job retrieved successfully
    DATA: Array
(
    [status] => running
    [type] => restore
)

[2026-01-15 17:03:56] [14 MB] [chunked_processor] get_job called
    DATA: Array
(
    [job_id] => 50390c3f-4dd7-4617-bf4c-7be98ed172d4
)

[2026-01-15 17:03:56] [14 MB] [chunked_processor] Transient lookup result
    DATA: Array
(
    [option_name] => speed_backups_job_50390c3f-4dd7-4617-bf4c-7be98ed172d4
    [found] => YES
)

[2026-01-15 17:03:56] [14 MB] [chunked_processor] Job retrieved successfully
    DATA: Array
(
    [status] => running
    [type] => restore
)

[2026-01-15 17:03:56] [14 MB] [ERROR_HANDLER] PHP error handlers registered
[2026-01-15 17:03:56] [14 MB] [FUNCTION] >>> ENTER: process_chunk
    DATA: Array
(
    [0] => job_id
)

[2026-01-15 17:03:56] [14 MB] [chunked_processor] get_job called
    DATA: Array
(
    [job_id] => 50390c3f-4dd7-4617-bf4c-7be98ed172d4
)

[2026-01-15 17:03:56] [14 MB] [chunked_processor] Transient lookup result
    DATA: Array
(
    [option_name] => speed_backups_job_50390c3f-4dd7-4617-bf4c-7be98ed172d4
    [found] => YES
)

[2026-01-15 17:03:56] [14 MB] [chunked_processor] Job retrieved successfully
    DATA: Array
(
    [status] => running
    [type] => restore
)

[2026-01-15 17:03:56] [14 MB] [JOB_STATE] Job 50390c3f-4dd7-4617-bf4c-7be98ed172d4 state
    DATA: Array
(
    [status] => running
    [type] => restore
    [phase] => extract
    [progress] => 36.245954692557
)

[2026-01-15 17:03:56] [14 MB] [chunked_processor] get_job called
    DATA: Array
(
    [job_id] => 50390c3f-4dd7-4617-bf4c-7be98ed172d4
)

[2026-01-15 17:03:56] [14 MB] [chunked_processor] Transient lookup result
    DATA: Array
(
    [option_name] => speed_backups_job_50390c3f-4dd7-4617-bf4c-7be98ed172d4
    [found] => YES
)

[2026-01-15 17:03:56] [14 MB] [chunked_processor] Job retrieved successfully
    DATA: Array
(
    [status] => running
    [type] => restore
)

[2026-01-15 17:03:56] [14 MB] [chunked_processor] get_job called
    DATA: Array
(
    [job_id] => 50390c3f-4dd7-4617-bf4c-7be98ed172d4
)

[2026-01-15 17:03:56] [14 MB] [chunked_processor] Transient lookup result
    DATA: Array
(
    [option_name] => speed_backups_job_50390c3f-4dd7-4617-bf4c-7be98ed172d4
    [found] => YES
)

[2026-01-15 17:03:56] [14 MB] [chunked_processor] Job retrieved successfully
    DATA: Array
(
    [status] => running
    [type] => restore
)

[2026-01-15 17:03:56] [14 MB] [chunked_processor] save_job called
    DATA: Array
(
    [job_id] => 50390c3f-4dd7-4617-bf4c-7be98ed172d4
    [status] => running
)

[2026-01-15 17:03:56] [14 MB] [chunked_processor] Transient save result
    DATA: Array
(
    [option_name] => speed_backups_job_50390c3f-4dd7-4617-bf4c-7be98ed172d4
    [success] => YES
)

[2026-01-15 17:03:56] [14 MB] [chunked_processor] Option save result
    DATA: Array
(
    [option_name] => speed_backups_job_50390c3f-4dd7-4617-bf4c-7be98ed172d4
    [success] => YES
)

[2026-01-15 17:03:56] [14 MB] [chunked_processor] Save verification (direct DB)
    DATA: Array
(
    [verified] => YES
)

[2026-01-15 17:03:56] [14 MB] [chunked_processor] get_job called
    DATA: Array
(
    [job_id] => 50390c3f-4dd7-4617-bf4c-7be98ed172d4
)

[2026-01-15 17:03:56] [14 MB] [chunked_processor] Transient lookup result
    DATA: Array
(
    [option_name] => speed_backups_job_50390c3f-4dd7-4617-bf4c-7be98ed172d4
    [found] => YES
)

[2026-01-15 17:03:56] [14 MB] [chunked_processor] Job retrieved successfully
    DATA: Array
(
    [status] => running
    [type] => restore
)

[2026-01-15 17:03:56] [14 MB] [chunked_processor] save_job called
    DATA: Array
(
    [job_id] => 50390c3f-4dd7-4617-bf4c-7be98ed172d4
    [status] => running
)

[2026-01-15 17:03:56] [14 MB] [chunked_processor] Transient save result
    DATA: Array
(
    [option_name] => speed_backups_job_50390c3f-4dd7-4617-bf4c-7be98ed172d4
    [success] => YES
)

[2026-01-15 17:03:56] [14 MB] [chunked_processor] Option save result
    DATA: Array
(
    [option_name] => speed_backups_job_50390c3f-4dd7-4617-bf4c-7be98ed172d4
    [success] => YES
)

[2026-01-15 17:03:56] [14 MB] [chunked_processor] Save verification (direct DB)
    DATA: Array
(
    [verified] => YES
)

[2026-01-15 17:03:56] [14 MB] [chunked_processor] get_job called
    DATA: Array
(
    [job_id] => 50390c3f-4dd7-4617-bf4c-7be98ed172d4
)

[2026-01-15 17:03:56] [14 MB] [chunked_processor] Transient lookup result
    DATA: Array
(
    [option_name] => speed_backups_job_50390c3f-4dd7-4617-bf4c-7be98ed172d4
    [found] => YES
)

[2026-01-15 17:03:56] [14 MB] [chunked_processor] Job retrieved successfully
    DATA: Array
(
    [status] => running
    [type] => restore
)

[2026-01-15 17:03:56] [14 MB] [chunked_processor] get_job called
    DATA: Array
(
    [job_id] => 50390c3f-4dd7-4617-bf4c-7be98ed172d4
)

[2026-01-15 17:03:56] [14 MB] [chunked_processor] Transient lookup result
    DATA: Array
(
    [option_name] => speed_backups_job_50390c3f-4dd7-4617-bf4c-7be98ed172d4
    [found] => YES
)

[2026-01-15 17:03:56] [14 MB] [chunked_processor] Job retrieved successfully
    DATA: Array
(
    [status] => running
    [type] => restore
)

[2026-01-15 17:03:57] [14 MB] [ERROR_HANDLER] PHP error handlers registered
[2026-01-15 17:03:57] [14 MB] [FUNCTION] >>> ENTER: process_chunk
    DATA: Array
(
    [0] => job_id
)

[2026-01-15 17:03:57] [14 MB] [chunked_processor] get_job called
    DATA: Array
(
    [job_id] => 50390c3f-4dd7-4617-bf4c-7be98ed172d4
)

[2026-01-15 17:03:57] [14 MB] [chunked_processor] Transient lookup result
    DATA: Array
(
    [option_name] => speed_backups_job_50390c3f-4dd7-4617-bf4c-7be98ed172d4
    [found] => YES
)

[2026-01-15 17:03:57] [14 MB] [chunked_processor] Job retrieved successfully
    DATA: Array
(
    [status] => running
    [type] => restore
)

[2026-01-15 17:03:57] [14 MB] [JOB_STATE] Job 50390c3f-4dd7-4617-bf4c-7be98ed172d4 state
    DATA: Array
(
    [status] => running
    [type] => restore
    [phase] => extract
    [progress] => 37.540453074434
)

[2026-01-15 17:03:57] [14 MB] [chunked_processor] get_job called
    DATA: Array
(
    [job_id] => 50390c3f-4dd7-4617-bf4c-7be98ed172d4
)

[2026-01-15 17:03:57] [14 MB] [chunked_processor] Transient lookup result
    DATA: Array
(
    [option_name] => speed_backups_job_50390c3f-4dd7-4617-bf4c-7be98ed172d4
    [found] => YES
)

[2026-01-15 17:03:57] [14 MB] [chunked_processor] Job retrieved successfully
    DATA: Array
(
    [status] => running
    [type] => restore
)

[2026-01-15 17:03:57] [14 MB] [chunked_processor] get_job called
    DATA: Array
(
    [job_id] => 50390c3f-4dd7-4617-bf4c-7be98ed172d4
)

[2026-01-15 17:03:57] [14 MB] [chunked_processor] Transient lookup result
    DATA: Array
(
    [option_name] => speed_backups_job_50390c3f-4dd7-4617-bf4c-7be98ed172d4
    [found] => YES
)

[2026-01-15 17:03:57] [14 MB] [chunked_processor] Job retrieved successfully
    DATA: Array
(
    [status] => running
    [type] => restore
)

[2026-01-15 17:03:57] [14 MB] [chunked_processor] save_job called
    DATA: Array
(
    [job_id] => 50390c3f-4dd7-4617-bf4c-7be98ed172d4
    [status] => running
)

[2026-01-15 17:03:57] [14 MB] [chunked_processor] Transient save result
    DATA: Array
(
    [option_name] => speed_backups_job_50390c3f-4dd7-4617-bf4c-7be98ed172d4
    [success] => YES
)

[2026-01-15 17:03:57] [14 MB] [chunked_processor] Option save result
    DATA: Array
(
    [option_name] => speed_backups_job_50390c3f-4dd7-4617-bf4c-7be98ed172d4
    [success] => YES
)

[2026-01-15 17:03:57] [14 MB] [chunked_processor] Save verification (direct DB)
    DATA: Array
(
    [verified] => YES
)

[2026-01-15 17:03:57] [14 MB] [chunked_processor] get_job called
    DATA: Array
(
    [job_id] => 50390c3f-4dd7-4617-bf4c-7be98ed172d4
)

[2026-01-15 17:03:57] [14 MB] [chunked_processor] Transient lookup result
    DATA: Array
(
    [option_name] => speed_backups_job_50390c3f-4dd7-4617-bf4c-7be98ed172d4
    [found] => YES
)

[2026-01-15 17:03:57] [14 MB] [chunked_processor] Job retrieved successfully
    DATA: Array
(
    [status] => running
    [type] => restore
)

[2026-01-15 17:03:57] [14 MB] [chunked_processor] save_job called
    DATA: Array
(
    [job_id] => 50390c3f-4dd7-4617-bf4c-7be98ed172d4
    [status] => running
)

[2026-01-15 17:03:57] [14 MB] [chunked_processor] Transient save result
    DATA: Array
(
    [option_name] => speed_backups_job_50390c3f-4dd7-4617-bf4c-7be98ed172d4
    [success] => YES
)

[2026-01-15 17:03:57] [14 MB] [chunked_processor] Option save result
    DATA: Array
(
    [option_name] => speed_backups_job_50390c3f-4dd7-4617-bf4c-7be98ed172d4
    [success] => YES
)

[2026-01-15 17:03:57] [14 MB] [chunked_processor] Save verification (direct DB)
    DATA: Array
(
    [verified] => YES
)

[2026-01-15 17:03:57] [14 MB] [chunked_processor] get_job called
    DATA: Array
(
    [job_id] => 50390c3f-4dd7-4617-bf4c-7be98ed172d4
)

[2026-01-15 17:03:57] [14 MB] [chunked_processor] Transient lookup result
    DATA: Array
(
    [option_name] => speed_backups_job_50390c3f-4dd7-4617-bf4c-7be98ed172d4
    [found] => YES
)

[2026-01-15 17:03:57] [14 MB] [chunked_processor] Job retrieved successfully
    DATA: Array
(
    [status] => running
    [type] => restore
)

[2026-01-15 17:03:57] [14 MB] [chunked_processor] get_job called
    DATA: Array
(
    [job_id] => 50390c3f-4dd7-4617-bf4c-7be98ed172d4
)

[2026-01-15 17:03:57] [14 MB] [chunked_processor] Transient lookup result
    DATA: Array
(
    [option_name] => speed_backups_job_50390c3f-4dd7-4617-bf4c-7be98ed172d4
    [found] => YES
)

[2026-01-15 17:03:57] [14 MB] [chunked_processor] Job retrieved successfully
    DATA: Array
(
    [status] => running
    [type] => restore
)

[2026-01-15 17:03:57] [14 MB] [ERROR_HANDLER] PHP error handlers registered
[2026-01-15 17:03:57] [14 MB] [FUNCTION] >>> ENTER: process_chunk
    DATA: Array
(
    [0] => job_id
)

[2026-01-15 17:03:57] [14 MB] [chunked_processor] get_job called
    DATA: Array
(
    [job_id] => 50390c3f-4dd7-4617-bf4c-7be98ed172d4
)

[2026-01-15 17:03:57] [14 MB] [chunked_processor] Transient lookup result
    DATA: Array
(
    [option_name] => speed_backups_job_50390c3f-4dd7-4617-bf4c-7be98ed172d4
    [found] => YES
)

[2026-01-15 17:03:57] [14 MB] [chunked_processor] Job retrieved successfully
    DATA: Array
(
    [status] => running
    [type] => restore
)

[2026-01-15 17:03:57] [14 MB] [JOB_STATE] Job 50390c3f-4dd7-4617-bf4c-7be98ed172d4 state
    DATA: Array
(
    [status] => running
    [type] => restore
    [phase] => extract
    [progress] => 38.834951456311
)

[2026-01-15 17:03:57] [14 MB] [chunked_processor] get_job called
    DATA: Array
(
    [job_id] => 50390c3f-4dd7-4617-bf4c-7be98ed172d4
)

[2026-01-15 17:03:57] [14 MB] [chunked_processor] Transient lookup result
    DATA: Array
(
    [option_name] => speed_backups_job_50390c3f-4dd7-4617-bf4c-7be98ed172d4
    [found] => YES
)

[2026-01-15 17:03:57] [14 MB] [chunked_processor] Job retrieved successfully
    DATA: Array
(
    [status] => running
    [type] => restore
)

[2026-01-15 17:03:57] [14 MB] [chunked_processor] get_job called
    DATA: Array
(
    [job_id] => 50390c3f-4dd7-4617-bf4c-7be98ed172d4
)

[2026-01-15 17:03:57] [14 MB] [chunked_processor] Transient lookup result
    DATA: Array
(
    [option_name] => speed_backups_job_50390c3f-4dd7-4617-bf4c-7be98ed172d4
    [found] => YES
)

[2026-01-15 17:03:57] [14 MB] [chunked_processor] Job retrieved successfully
    DATA: Array
(
    [status] => running
    [type] => restore
)

[2026-01-15 17:03:57] [14 MB] [chunked_processor] save_job called
    DATA: Array
(
    [job_id] => 50390c3f-4dd7-4617-bf4c-7be98ed172d4
    [status] => running
)

[2026-01-15 17:03:57] [14 MB] [chunked_processor] Transient save result
    DATA: Array
(
    [option_name] => speed_backups_job_50390c3f-4dd7-4617-bf4c-7be98ed172d4
    [success] => YES
)

[2026-01-15 17:03:57] [14 MB] [chunked_processor] Option save result
    DATA: Array
(
    [option_name] => speed_backups_job_50390c3f-4dd7-4617-bf4c-7be98ed172d4
    [success] => YES
)

[2026-01-15 17:03:57] [14 MB] [chunked_processor] Save verification (direct DB)
    DATA: Array
(
    [verified] => YES
)

[2026-01-15 17:03:57] [14 MB] [chunked_processor] get_job called
    DATA: Array
(
    [job_id] => 50390c3f-4dd7-4617-bf4c-7be98ed172d4
)

[2026-01-15 17:03:57] [14 MB] [chunked_processor] Transient lookup result
    DATA: Array
(
    [option_name] => speed_backups_job_50390c3f-4dd7-4617-bf4c-7be98ed172d4
    [found] => YES
)

[2026-01-15 17:03:57] [14 MB] [chunked_processor] Job retrieved successfully
    DATA: Array
(
    [status] => running
    [type] => restore
)

[2026-01-15 17:03:57] [14 MB] [chunked_processor] save_job called
    DATA: Array
(
    [job_id] => 50390c3f-4dd7-4617-bf4c-7be98ed172d4
    [status] => running
)

[2026-01-15 17:03:57] [14 MB] [chunked_processor] Transient save result
    DATA: Array
(
    [option_name] => speed_backups_job_50390c3f-4dd7-4617-bf4c-7be98ed172d4
    [success] => YES
)

[2026-01-15 17:03:57] [14 MB] [chunked_processor] Option save result
    DATA: Array
(
    [option_name] => speed_backups_job_50390c3f-4dd7-4617-bf4c-7be98ed172d4
    [success] => YES
)

[2026-01-15 17:03:57] [14 MB] [chunked_processor] Save verification (direct DB)
    DATA: Array
(
    [verified] => YES
)

[2026-01-15 17:03:57] [14 MB] [chunked_processor] get_job called
    DATA: Array
(
    [job_id] => 50390c3f-4dd7-4617-bf4c-7be98ed172d4
)

[2026-01-15 17:03:57] [14 MB] [chunked_processor] Transient lookup result
    DATA: Array
(
    [option_name] => speed_backups_job_50390c3f-4dd7-4617-bf4c-7be98ed172d4
    [found] => YES
)

[2026-01-15 17:03:57] [14 MB] [chunked_processor] Job retrieved successfully
    DATA: Array
(
    [status] => running
    [type] => restore
)

[2026-01-15 17:03:57] [14 MB] [chunked_processor] get_job called
    DATA: Array
(
    [job_id] => 50390c3f-4dd7-4617-bf4c-7be98ed172d4
)

[2026-01-15 17:03:57] [14 MB] [chunked_processor] Transient lookup result
    DATA: Array
(
    [option_name] => speed_backups_job_50390c3f-4dd7-4617-bf4c-7be98ed172d4
    [found] => YES
)

[2026-01-15 17:03:57] [14 MB] [chunked_processor] Job retrieved successfully
    DATA: Array
(
    [status] => running
    [type] => restore
)

[2026-01-15 17:03:58] [14 MB] [ERROR_HANDLER] PHP error handlers registered
[2026-01-15 17:03:58] [14 MB] [FUNCTION] >>> ENTER: process_chunk
    DATA: Array
(
    [0] => job_id
)

[2026-01-15 17:03:58] [14 MB] [chunked_processor] get_job called
    DATA: Array
(
    [job_id] => 50390c3f-4dd7-4617-bf4c-7be98ed172d4
)

[2026-01-15 17:03:58] [14 MB] [chunked_processor] Transient lookup result
    DATA: Array
(
    [option_name] => speed_backups_job_50390c3f-4dd7-4617-bf4c-7be98ed172d4
    [found] => YES
)

[2026-01-15 17:03:58] [14 MB] [chunked_processor] Job retrieved successfully
    DATA: Array
(
    [status] => running
    [type] => restore
)

[2026-01-15 17:03:58] [14 MB] [JOB_STATE] Job 50390c3f-4dd7-4617-bf4c-7be98ed172d4 state
    DATA: Array
(
    [status] => running
    [type] => restore
    [phase] => extract
    [progress] => 40.129449838188
)

[2026-01-15 17:03:58] [14 MB] [chunked_processor] get_job called
    DATA: Array
(
    [job_id] => 50390c3f-4dd7-4617-bf4c-7be98ed172d4
)

[2026-01-15 17:03:58] [14 MB] [chunked_processor] Transient lookup result
    DATA: Array
(
    [option_name] => speed_backups_job_50390c3f-4dd7-4617-bf4c-7be98ed172d4
    [found] => YES
)

[2026-01-15 17:03:58] [14 MB] [chunked_processor] Job retrieved successfully
    DATA: Array
(
    [status] => running
    [type] => restore
)

[2026-01-15 17:03:58] [14 MB] [chunked_processor] get_job called
    DATA: Array
(
    [job_id] => 50390c3f-4dd7-4617-bf4c-7be98ed172d4
)

[2026-01-15 17:03:58] [14 MB] [chunked_processor] Transient lookup result
    DATA: Array
(
    [option_name] => speed_backups_job_50390c3f-4dd7-4617-bf4c-7be98ed172d4
    [found] => YES
)

[2026-01-15 17:03:58] [14 MB] [chunked_processor] Job retrieved successfully
    DATA: Array
(
    [status] => running
    [type] => restore
)

[2026-01-15 17:03:58] [14 MB] [chunked_processor] save_job called
    DATA: Array
(
    [job_id] => 50390c3f-4dd7-4617-bf4c-7be98ed172d4
    [status] => running
)

[2026-01-15 17:03:58] [14 MB] [chunked_processor] Transient save result
    DATA: Array
(
    [option_name] => speed_backups_job_50390c3f-4dd7-4617-bf4c-7be98ed172d4
    [success] => YES
)

[2026-01-15 17:03:58] [14 MB] [chunked_processor] Option save result
    DATA: Array
(
    [option_name] => speed_backups_job_50390c3f-4dd7-4617-bf4c-7be98ed172d4
    [success] => YES
)

[2026-01-15 17:03:58] [14 MB] [chunked_processor] Save verification (direct DB)
    DATA: Array
(
    [verified] => YES
)

[2026-01-15 17:03:58] [14 MB] [chunked_processor] get_job called
    DATA: Array
(
    [job_id] => 50390c3f-4dd7-4617-bf4c-7be98ed172d4
)

[2026-01-15 17:03:58] [14 MB] [chunked_processor] Transient lookup result
    DATA: Array
(
    [option_name] => speed_backups_job_50390c3f-4dd7-4617-bf4c-7be98ed172d4
    [found] => YES
)

[2026-01-15 17:03:58] [14 MB] [chunked_processor] Job retrieved successfully
    DATA: Array
(
    [status] => running
    [type] => restore
)

[2026-01-15 17:03:58] [14 MB] [chunked_processor] save_job called
    DATA: Array
(
    [job_id] => 50390c3f-4dd7-4617-bf4c-7be98ed172d4
    [status] => running
)

[2026-01-15 17:03:58] [14 MB] [chunked_processor] Transient save result
    DATA: Array
(
    [option_name] => speed_backups_job_50390c3f-4dd7-4617-bf4c-7be98ed172d4
    [success] => YES
)

[2026-01-15 17:03:58] [14 MB] [chunked_processor] Option save result
    DATA: Array
(
    [option_name] => speed_backups_job_50390c3f-4dd7-4617-bf4c-7be98ed172d4
    [success] => YES
)

[2026-01-15 17:03:58] [14 MB] [chunked_processor] Save verification (direct DB)
    DATA: Array
(
    [verified] => YES
)

[2026-01-15 17:03:58] [14 MB] [chunked_processor] get_job called
    DATA: Array
(
    [job_id] => 50390c3f-4dd7-4617-bf4c-7be98ed172d4
)

[2026-01-15 17:03:58] [14 MB] [chunked_processor] Transient lookup result
    DATA: Array
(
    [option_name] => speed_backups_job_50390c3f-4dd7-4617-bf4c-7be98ed172d4
    [found] => YES
)

[2026-01-15 17:03:58] [14 MB] [chunked_processor] Job retrieved successfully
    DATA: Array
(
    [status] => running
    [type] => restore
)

[2026-01-15 17:03:58] [14 MB] [chunked_processor] get_job called
    DATA: Array
(
    [job_id] => 50390c3f-4dd7-4617-bf4c-7be98ed172d4
)

[2026-01-15 17:03:58] [14 MB] [chunked_processor] Transient lookup result
    DATA: Array
(
    [option_name] => speed_backups_job_50390c3f-4dd7-4617-bf4c-7be98ed172d4
    [found] => YES
)

[2026-01-15 17:03:58] [14 MB] [chunked_processor] Job retrieved successfully
    DATA: Array
(
    [status] => running
    [type] => restore
)

[2026-01-15 17:03:58] [14 MB] [ERROR_HANDLER] PHP error handlers registered
[2026-01-15 17:03:58] [14 MB] [FUNCTION] >>> ENTER: process_chunk
    DATA: Array
(
    [0] => job_id
)

[2026-01-15 17:03:58] [14 MB] [chunked_processor] get_job called
    DATA: Array
(
    [job_id] => 50390c3f-4dd7-4617-bf4c-7be98ed172d4
)

[2026-01-15 17:03:58] [14 MB] [chunked_processor] Transient lookup result
    DATA: Array
(
    [option_name] => speed_backups_job_50390c3f-4dd7-4617-bf4c-7be98ed172d4
    [found] => YES
)

[2026-01-15 17:03:58] [14 MB] [chunked_processor] Job retrieved successfully
    DATA: Array
(
    [status] => running
    [type] => restore
)

[2026-01-15 17:03:58] [14 MB] [JOB_STATE] Job 50390c3f-4dd7-4617-bf4c-7be98ed172d4 state
    DATA: Array
(
    [status] => running
    [type] => restore
    [phase] => extract
    [progress] => 41.423948220065
)

[2026-01-15 17:03:58] [14 MB] [chunked_processor] get_job called
    DATA: Array
(
    [job_id] => 50390c3f-4dd7-4617-bf4c-7be98ed172d4
)

[2026-01-15 17:03:58] [14 MB] [chunked_processor] Transient lookup result
    DATA: Array
(
    [option_name] => speed_backups_job_50390c3f-4dd7-4617-bf4c-7be98ed172d4
    [found] => YES
)

[2026-01-15 17:03:58] [14 MB] [chunked_processor] Job retrieved successfully
    DATA: Array
(
    [status] => running
    [type] => restore
)

[2026-01-15 17:03:58] [14 MB] [chunked_processor] get_job called
    DATA: Array
(
    [job_id] => 50390c3f-4dd7-4617-bf4c-7be98ed172d4
)

[2026-01-15 17:03:58] [14 MB] [chunked_processor] Transient lookup result
    DATA: Array
(
    [option_name] => speed_backups_job_50390c3f-4dd7-4617-bf4c-7be98ed172d4
    [found] => YES
)

[2026-01-15 17:03:58] [14 MB] [chunked_processor] Job retrieved successfully
    DATA: Array
(
    [status] => running
    [type] => restore
)

[2026-01-15 17:03:58] [14 MB] [chunked_processor] save_job called
    DATA: Array
(
    [job_id] => 50390c3f-4dd7-4617-bf4c-7be98ed172d4
    [status] => running
)

[2026-01-15 17:03:58] [14 MB] [chunked_processor] Transient save result
    DATA: Array
(
    [option_name] => speed_backups_job_50390c3f-4dd7-4617-bf4c-7be98ed172d4
    [success] => YES
)

[2026-01-15 17:03:58] [14 MB] [chunked_processor] Option save result
    DATA: Array
(
    [option_name] => speed_backups_job_50390c3f-4dd7-4617-bf4c-7be98ed172d4
    [success] => YES
)

[2026-01-15 17:03:58] [14 MB] [chunked_processor] Save verification (direct DB)
    DATA: Array
(
    [verified] => YES
)

[2026-01-15 17:03:58] [14 MB] [chunked_processor] get_job called
    DATA: Array
(
    [job_id] => 50390c3f-4dd7-4617-bf4c-7be98ed172d4
)

[2026-01-15 17:03:58] [14 MB] [chunked_processor] Transient lookup result
    DATA: Array
(
    [option_name] => speed_backups_job_50390c3f-4dd7-4617-bf4c-7be98ed172d4
    [found] => YES
)

[2026-01-15 17:03:58] [14 MB] [chunked_processor] Job retrieved successfully
    DATA: Array
(
    [status] => running
    [type] => restore
)

[2026-01-15 17:03:58] [14 MB] [chunked_processor] save_job called
    DATA: Array
(
    [job_id] => 50390c3f-4dd7-4617-bf4c-7be98ed172d4
    [status] => running
)

[2026-01-15 17:03:58] [14 MB] [chunked_processor] Transient save result
    DATA: Array
(
    [option_name] => speed_backups_job_50390c3f-4dd7-4617-bf4c-7be98ed172d4
    [success] => YES
)

[2026-01-15 17:03:58] [14 MB] [chunked_processor] Option save result
    DATA: Array
(
    [option_name] => speed_backups_job_50390c3f-4dd7-4617-bf4c-7be98ed172d4
    [success] => YES
)

[2026-01-15 17:03:58] [14 MB] [chunked_processor] Save verification (direct DB)
    DATA: Array
(
    [verified] => YES
)

[2026-01-15 17:03:58] [14 MB] [chunked_processor] get_job called
    DATA: Array
(
    [job_id] => 50390c3f-4dd7-4617-bf4c-7be98ed172d4
)

[2026-01-15 17:03:58] [14 MB] [chunked_processor] Transient lookup result
    DATA: Array
(
    [option_name] => speed_backups_job_50390c3f-4dd7-4617-bf4c-7be98ed172d4
    [found] => YES
)

[2026-01-15 17:03:58] [14 MB] [chunked_processor] Job retrieved successfully
    DATA: Array
(
    [status] => running
    [type] => restore
)

[2026-01-15 17:03:58] [14 MB] [chunked_processor] get_job called
    DATA: Array
(
    [job_id] => 50390c3f-4dd7-4617-bf4c-7be98ed172d4
)

[2026-01-15 17:03:58] [14 MB] [chunked_processor] Transient lookup result
    DATA: Array
(
    [option_name] => speed_backups_job_50390c3f-4dd7-4617-bf4c-7be98ed172d4
    [found] => YES
)

[2026-01-15 17:03:58] [14 MB] [chunked_processor] Job retrieved successfully
    DATA: Array
(
    [status] => running
    [type] => restore
)

[2026-01-15 17:03:58] [14 MB] [ERROR_HANDLER] PHP error handlers registered
[2026-01-15 17:03:58] [14 MB] [ERROR_HANDLER] PHP error handlers registered
[2026-01-15 17:03:58] [14 MB] [FUNCTION] >>> ENTER: process_chunk
    DATA: Array
(
    [0] => job_id
)

[2026-01-15 17:03:58] [14 MB] [chunked_processor] get_job called
    DATA: Array
(
    [job_id] => 50390c3f-4dd7-4617-bf4c-7be98ed172d4
)

[2026-01-15 17:03:58] [14 MB] [chunked_processor] Transient lookup result
    DATA: Array
(
    [option_name] => speed_backups_job_50390c3f-4dd7-4617-bf4c-7be98ed172d4
    [found] => YES
)

[2026-01-15 17:03:58] [14 MB] [chunked_processor] Job retrieved successfully
    DATA: Array
(
    [status] => running
    [type] => restore
)

[2026-01-15 17:03:58] [14 MB] [JOB_STATE] Job 50390c3f-4dd7-4617-bf4c-7be98ed172d4 state
    DATA: Array
(
    [status] => running
    [type] => restore
    [phase] => extract
    [progress] => 42.718446601942
)

[2026-01-15 17:03:58] [14 MB] [chunked_processor] get_job called
    DATA: Array
(
    [job_id] => 50390c3f-4dd7-4617-bf4c-7be98ed172d4
)

[2026-01-15 17:03:58] [14 MB] [chunked_processor] Transient lookup result
    DATA: Array
(
    [option_name] => speed_backups_job_50390c3f-4dd7-4617-bf4c-7be98ed172d4
    [found] => YES
)

[2026-01-15 17:03:58] [14 MB] [chunked_processor] Job retrieved successfully
    DATA: Array
(
    [status] => running
    [type] => restore
)

[2026-01-15 17:03:58] [14 MB] [chunked_processor] get_job called
    DATA: Array
(
    [job_id] => 50390c3f-4dd7-4617-bf4c-7be98ed172d4
)

[2026-01-15 17:03:58] [14 MB] [chunked_processor] Transient lookup result
    DATA: Array
(
    [option_name] => speed_backups_job_50390c3f-4dd7-4617-bf4c-7be98ed172d4
    [found] => YES
)

[2026-01-15 17:03:58] [14 MB] [chunked_processor] Job retrieved successfully
    DATA: Array
(
    [status] => running
    [type] => restore
)

[2026-01-15 17:03:58] [14 MB] [chunked_processor] save_job called
    DATA: Array
(
    [job_id] => 50390c3f-4dd7-4617-bf4c-7be98ed172d4
    [status] => running
)

[2026-01-15 17:03:58] [14 MB] [chunked_processor] Transient save result
    DATA: Array
(
    [option_name] => speed_backups_job_50390c3f-4dd7-4617-bf4c-7be98ed172d4
    [success] => YES
)

[2026-01-15 17:03:58] [14 MB] [chunked_processor] Option save result
    DATA: Array
(
    [option_name] => speed_backups_job_50390c3f-4dd7-4617-bf4c-7be98ed172d4
    [success] => YES
)

[2026-01-15 17:03:58] [14 MB] [chunked_processor] Save verification (direct DB)
    DATA: Array
(
    [verified] => YES
)

[2026-01-15 17:03:58] [14 MB] [chunked_processor] get_job called
    DATA: Array
(
    [job_id] => 50390c3f-4dd7-4617-bf4c-7be98ed172d4
)

[2026-01-15 17:03:58] [14 MB] [chunked_processor] Transient lookup result
    DATA: Array
(
    [option_name] => speed_backups_job_50390c3f-4dd7-4617-bf4c-7be98ed172d4
    [found] => YES
)

[2026-01-15 17:03:58] [14 MB] [chunked_processor] Job retrieved successfully
    DATA: Array
(
    [status] => running
    [type] => restore
)

[2026-01-15 17:03:58] [14 MB] [chunked_processor] save_job called
    DATA: Array
(
    [job_id] => 50390c3f-4dd7-4617-bf4c-7be98ed172d4
    [status] => running
)

[2026-01-15 17:03:59] [14 MB] [chunked_processor] Transient save result
    DATA: Array
(
    [option_name] => speed_backups_job_50390c3f-4dd7-4617-bf4c-7be98ed172d4
    [success] => YES
)

[2026-01-15 17:03:59] [14 MB] [chunked_processor] Option save result
    DATA: Array
(
    [option_name] => speed_backups_job_50390c3f-4dd7-4617-bf4c-7be98ed172d4
    [success] => YES
)

[2026-01-15 17:03:59] [14 MB] [chunked_processor] Save verification (direct DB)
    DATA: Array
(
    [verified] => YES
)

[2026-01-15 17:03:59] [14 MB] [chunked_processor] get_job called
    DATA: Array
(
    [job_id] => 50390c3f-4dd7-4617-bf4c-7be98ed172d4
)

[2026-01-15 17:03:59] [14 MB] [chunked_processor] Transient lookup result
    DATA: Array
(
    [option_name] => speed_backups_job_50390c3f-4dd7-4617-bf4c-7be98ed172d4
    [found] => YES
)

[2026-01-15 17:03:59] [14 MB] [chunked_processor] Job retrieved successfully
    DATA: Array
(
    [status] => running
    [type] => restore
)

[2026-01-15 17:03:59] [14 MB] [chunked_processor] get_job called
    DATA: Array
(
    [job_id] => 50390c3f-4dd7-4617-bf4c-7be98ed172d4
)

[2026-01-15 17:03:59] [14 MB] [chunked_processor] Transient lookup result
    DATA: Array
(
    [option_name] => speed_backups_job_50390c3f-4dd7-4617-bf4c-7be98ed172d4
    [found] => YES
)

[2026-01-15 17:03:59] [14 MB] [chunked_processor] Job retrieved successfully
    DATA: Array
(
    [status] => running
    [type] => restore
)

[2026-01-15 17:03:59] [14 MB] [ERROR_HANDLER] PHP error handlers registered
[2026-01-15 17:03:59] [14 MB] [FUNCTION] >>> ENTER: process_chunk
    DATA: Array
(
    [0] => job_id
)

[2026-01-15 17:03:59] [14 MB] [chunked_processor] get_job called
    DATA: Array
(
    [job_id] => 50390c3f-4dd7-4617-bf4c-7be98ed172d4
)

[2026-01-15 17:03:59] [14 MB] [chunked_processor] Transient lookup result
    DATA: Array
(
    [option_name] => speed_backups_job_50390c3f-4dd7-4617-bf4c-7be98ed172d4
    [found] => YES
)

[2026-01-15 17:03:59] [14 MB] [chunked_processor] Job retrieved successfully
    DATA: Array
(
    [status] => running
    [type] => restore
)

[2026-01-15 17:03:59] [14 MB] [JOB_STATE] Job 50390c3f-4dd7-4617-bf4c-7be98ed172d4 state
    DATA: Array
(
    [status] => running
    [type] => restore
    [phase] => extract
    [progress] => 44.012944983819
)

[2026-01-15 17:03:59] [14 MB] [chunked_processor] get_job called
    DATA: Array
(
    [job_id] => 50390c3f-4dd7-4617-bf4c-7be98ed172d4
)

[2026-01-15 17:03:59] [14 MB] [chunked_processor] Transient lookup result
    DATA: Array
(
    [option_name] => speed_backups_job_50390c3f-4dd7-4617-bf4c-7be98ed172d4
    [found] => YES
)

[2026-01-15 17:03:59] [14 MB] [chunked_processor] Job retrieved successfully
    DATA: Array
(
    [status] => running
    [type] => restore
)

[2026-01-15 17:03:59] [14 MB] [chunked_processor] get_job called
    DATA: Array
(
    [job_id] => 50390c3f-4dd7-4617-bf4c-7be98ed172d4
)

[2026-01-15 17:03:59] [14 MB] [chunked_processor] Transient lookup result
    DATA: Array
(
    [option_name] => speed_backups_job_50390c3f-4dd7-4617-bf4c-7be98ed172d4
    [found] => YES
)

[2026-01-15 17:03:59] [14 MB] [chunked_processor] Job retrieved successfully
    DATA: Array
(
    [status] => running
    [type] => restore
)

[2026-01-15 17:03:59] [14 MB] [chunked_processor] save_job called
    DATA: Array
(
    [job_id] => 50390c3f-4dd7-4617-bf4c-7be98ed172d4
    [status] => running
)

[2026-01-15 17:03:59] [14 MB] [chunked_processor] Transient save result
    DATA: Array
(
    [option_name] => speed_backups_job_50390c3f-4dd7-4617-bf4c-7be98ed172d4
    [success] => YES
)

[2026-01-15 17:03:59] [14 MB] [chunked_processor] Option save result
    DATA: Array
(
    [option_name] => speed_backups_job_50390c3f-4dd7-4617-bf4c-7be98ed172d4
    [success] => YES
)

[2026-01-15 17:03:59] [14 MB] [chunked_processor] Save verification (direct DB)
    DATA: Array
(
    [verified] => YES
)

[2026-01-15 17:03:59] [14 MB] [chunked_processor] get_job called
    DATA: Array
(
    [job_id] => 50390c3f-4dd7-4617-bf4c-7be98ed172d4
)

[2026-01-15 17:03:59] [14 MB] [chunked_processor] Transient lookup result
    DATA: Array
(
    [option_name] => speed_backups_job_50390c3f-4dd7-4617-bf4c-7be98ed172d4
    [found] => YES
)

[2026-01-15 17:03:59] [14 MB] [chunked_processor] Job retrieved successfully
    DATA: Array
(
    [status] => running
    [type] => restore
)

[2026-01-15 17:03:59] [14 MB] [chunked_processor] save_job called
    DATA: Array
(
    [job_id] => 50390c3f-4dd7-4617-bf4c-7be98ed172d4
    [status] => running
)

[2026-01-15 17:03:59] [14 MB] [chunked_processor] Transient save result
    DATA: Array
(
    [option_name] => speed_backups_job_50390c3f-4dd7-4617-bf4c-7be98ed172d4
    [success] => YES
)

[2026-01-15 17:03:59] [14 MB] [chunked_processor] Option save result
    DATA: Array
(
    [option_name] => speed_backups_job_50390c3f-4dd7-4617-bf4c-7be98ed172d4
    [success] => YES
)

[2026-01-15 17:03:59] [14 MB] [chunked_processor] Save verification (direct DB)
    DATA: Array
(
    [verified] => YES
)

[2026-01-15 17:03:59] [14 MB] [chunked_processor] get_job called
    DATA: Array
(
    [job_id] => 50390c3f-4dd7-4617-bf4c-7be98ed172d4
)

[2026-01-15 17:03:59] [14 MB] [chunked_processor] Transient lookup result
    DATA: Array
(
    [option_name] => speed_backups_job_50390c3f-4dd7-4617-bf4c-7be98ed172d4
    [found] => YES
)

[2026-01-15 17:03:59] [14 MB] [chunked_processor] Job retrieved successfully
    DATA: Array
(
    [status] => running
    [type] => restore
)

[2026-01-15 17:03:59] [14 MB] [chunked_processor] get_job called
    DATA: Array
(
    [job_id] => 50390c3f-4dd7-4617-bf4c-7be98ed172d4
)

[2026-01-15 17:03:59] [14 MB] [chunked_processor] Transient lookup result
    DATA: Array
(
    [option_name] => speed_backups_job_50390c3f-4dd7-4617-bf4c-7be98ed172d4
    [found] => YES
)

[2026-01-15 17:03:59] [14 MB] [chunked_processor] Job retrieved successfully
    DATA: Array
(
    [status] => running
    [type] => restore
)

[2026-01-15 17:03:59] [14 MB] [ERROR_HANDLER] PHP error handlers registered
[2026-01-15 17:03:59] [14 MB] [FUNCTION] >>> ENTER: process_chunk
    DATA: Array
(
    [0] => job_id
)

[2026-01-15 17:03:59] [14 MB] [chunked_processor] get_job called
    DATA: Array
(
    [job_id] => 50390c3f-4dd7-4617-bf4c-7be98ed172d4
)

[2026-01-15 17:03:59] [14 MB] [chunked_processor] Transient lookup result
    DATA: Array
(
    [option_name] => speed_backups_job_50390c3f-4dd7-4617-bf4c-7be98ed172d4
    [found] => YES
)

[2026-01-15 17:03:59] [14 MB] [chunked_processor] Job retrieved successfully
    DATA: Array
(
    [status] => running
    [type] => restore
)

[2026-01-15 17:03:59] [14 MB] [JOB_STATE] Job 50390c3f-4dd7-4617-bf4c-7be98ed172d4 state
    DATA: Array
(
    [status] => running
    [type] => restore
    [phase] => extract
    [progress] => 45.307443365696
)

[2026-01-15 17:03:59] [14 MB] [chunked_processor] get_job called
    DATA: Array
(
    [job_id] => 50390c3f-4dd7-4617-bf4c-7be98ed172d4
)

[2026-01-15 17:03:59] [14 MB] [chunked_processor] Transient lookup result
    DATA: Array
(
    [option_name] => speed_backups_job_50390c3f-4dd7-4617-bf4c-7be98ed172d4
    [found] => YES
)

[2026-01-15 17:03:59] [14 MB] [chunked_processor] Job retrieved successfully
    DATA: Array
(
    [status] => running
    [type] => restore
)

[2026-01-15 17:03:59] [14 MB] [chunked_processor] get_job called
    DATA: Array
(
    [job_id] => 50390c3f-4dd7-4617-bf4c-7be98ed172d4
)

[2026-01-15 17:03:59] [14 MB] [chunked_processor] Transient lookup result
    DATA: Array
(
    [option_name] => speed_backups_job_50390c3f-4dd7-4617-bf4c-7be98ed172d4
    [found] => YES
)

[2026-01-15 17:03:59] [14 MB] [chunked_processor] Job retrieved successfully
    DATA: Array
(
    [status] => running
    [type] => restore
)

[2026-01-15 17:03:59] [14 MB] [chunked_processor] save_job called
    DATA: Array
(
    [job_id] => 50390c3f-4dd7-4617-bf4c-7be98ed172d4
    [status] => running
)

[2026-01-15 17:03:59] [14 MB] [chunked_processor] Transient save result
    DATA: Array
(
    [option_name] => speed_backups_job_50390c3f-4dd7-4617-bf4c-7be98ed172d4
    [success] => YES
)

[2026-01-15 17:03:59] [14 MB] [chunked_processor] Option save result
    DATA: Array
(
    [option_name] => speed_backups_job_50390c3f-4dd7-4617-bf4c-7be98ed172d4
    [success] => YES
)

[2026-01-15 17:03:59] [14 MB] [chunked_processor] Save verification (direct DB)
    DATA: Array
(
    [verified] => YES
)

[2026-01-15 17:03:59] [14 MB] [chunked_processor] get_job called
    DATA: Array
(
    [job_id] => 50390c3f-4dd7-4617-bf4c-7be98ed172d4
)

[2026-01-15 17:03:59] [14 MB] [chunked_processor] Transient lookup result
    DATA: Array
(
    [option_name] => speed_backups_job_50390c3f-4dd7-4617-bf4c-7be98ed172d4
    [found] => YES
)

[2026-01-15 17:03:59] [14 MB] [chunked_processor] Job retrieved successfully
    DATA: Array
(
    [status] => running
    [type] => restore
)

[2026-01-15 17:03:59] [14 MB] [chunked_processor] save_job called
    DATA: Array
(
    [job_id] => 50390c3f-4dd7-4617-bf4c-7be98ed172d4
    [status] => running
)

[2026-01-15 17:03:59] [14 MB] [chunked_processor] Transient save result
    DATA: Array
(
    [option_name] => speed_backups_job_50390c3f-4dd7-4617-bf4c-7be98ed172d4
    [success] => YES
)

[2026-01-15 17:03:59] [14 MB] [chunked_processor] Option save result
    DATA: Array
(
    [option_name] => speed_backups_job_50390c3f-4dd7-4617-bf4c-7be98ed172d4
    [success] => YES
)

[2026-01-15 17:03:59] [14 MB] [chunked_processor] Save verification (direct DB)
    DATA: Array
(
    [verified] => YES
)

[2026-01-15 17:03:59] [14 MB] [chunked_processor] get_job called
    DATA: Array
(
    [job_id] => 50390c3f-4dd7-4617-bf4c-7be98ed172d4
)

[2026-01-15 17:03:59] [14 MB] [chunked_processor] Transient lookup result
    DATA: Array
(
    [option_name] => speed_backups_job_50390c3f-4dd7-4617-bf4c-7be98ed172d4
    [found] => YES
)

[2026-01-15 17:03:59] [14 MB] [chunked_processor] Job retrieved successfully
    DATA: Array
(
    [status] => running
    [type] => restore
)

[2026-01-15 17:03:59] [14 MB] [chunked_processor] get_job called
    DATA: Array
(
    [job_id] => 50390c3f-4dd7-4617-bf4c-7be98ed172d4
)

[2026-01-15 17:03:59] [14 MB] [chunked_processor] Transient lookup result
    DATA: Array
(
    [option_name] => speed_backups_job_50390c3f-4dd7-4617-bf4c-7be98ed172d4
    [found] => YES
)

[2026-01-15 17:03:59] [14 MB] [chunked_processor] Job retrieved successfully
    DATA: Array
(
    [status] => running
    [type] => restore
)

[2026-01-15 17:04:00] [14 MB] [ERROR_HANDLER] PHP error handlers registered
[2026-01-15 17:04:00] [14 MB] [FUNCTION] >>> ENTER: process_chunk
    DATA: Array
(
    [0] => job_id
)

[2026-01-15 17:04:00] [14 MB] [chunked_processor] get_job called
    DATA: Array
(
    [job_id] => 50390c3f-4dd7-4617-bf4c-7be98ed172d4
)

[2026-01-15 17:04:00] [14 MB] [chunked_processor] Transient lookup result
    DATA: Array
(
    [option_name] => speed_backups_job_50390c3f-4dd7-4617-bf4c-7be98ed172d4
    [found] => YES
)

[2026-01-15 17:04:00] [14 MB] [chunked_processor] Job retrieved successfully
    DATA: Array
(
    [status] => running
    [type] => restore
)

[2026-01-15 17:04:00] [14 MB] [JOB_STATE] Job 50390c3f-4dd7-4617-bf4c-7be98ed172d4 state
    DATA: Array
(
    [status] => running
    [type] => restore
    [phase] => extract
    [progress] => 46.601941747573
)

[2026-01-15 17:04:00] [14 MB] [chunked_processor] get_job called
    DATA: Array
(
    [job_id] => 50390c3f-4dd7-4617-bf4c-7be98ed172d4
)

[2026-01-15 17:04:00] [14 MB] [chunked_processor] Transient lookup result
    DATA: Array
(
    [option_name] => speed_backups_job_50390c3f-4dd7-4617-bf4c-7be98ed172d4
    [found] => YES
)

[2026-01-15 17:04:00] [14 MB] [chunked_processor] Job retrieved successfully
    DATA: Array
(
    [status] => running
    [type] => restore
)

[2026-01-15 17:04:00] [14 MB] [chunked_processor] get_job called
    DATA: Array
(
    [job_id] => 50390c3f-4dd7-4617-bf4c-7be98ed172d4
)

[2026-01-15 17:04:00] [14 MB] [chunked_processor] Transient lookup result
    DATA: Array
(
    [option_name] => speed_backups_job_50390c3f-4dd7-4617-bf4c-7be98ed172d4
    [found] => YES
)

[2026-01-15 17:04:00] [14 MB] [chunked_processor] Job retrieved successfully
    DATA: Array
(
    [status] => running
    [type] => restore
)

[2026-01-15 17:04:00] [14 MB] [chunked_processor] save_job called
    DATA: Array
(
    [job_id] => 50390c3f-4dd7-4617-bf4c-7be98ed172d4
    [status] => running
)

[2026-01-15 17:04:00] [14 MB] [chunked_processor] Transient save result
    DATA: Array
(
    [option_name] => speed_backups_job_50390c3f-4dd7-4617-bf4c-7be98ed172d4
    [success] => YES
)

[2026-01-15 17:04:00] [14 MB] [chunked_processor] Option save result
    DATA: Array
(
    [option_name] => speed_backups_job_50390c3f-4dd7-4617-bf4c-7be98ed172d4
    [success] => YES
)

[2026-01-15 17:04:00] [14 MB] [chunked_processor] Save verification (direct DB)
    DATA: Array
(
    [verified] => YES
)

[2026-01-15 17:04:00] [14 MB] [chunked_processor] get_job called
    DATA: Array
(
    [job_id] => 50390c3f-4dd7-4617-bf4c-7be98ed172d4
)

[2026-01-15 17:04:00] [14 MB] [chunked_processor] Transient lookup result
    DATA: Array
(
    [option_name] => speed_backups_job_50390c3f-4dd7-4617-bf4c-7be98ed172d4
    [found] => YES
)

[2026-01-15 17:04:00] [14 MB] [chunked_processor] Job retrieved successfully
    DATA: Array
(
    [status] => running
    [type] => restore
)

[2026-01-15 17:04:00] [14 MB] [chunked_processor] save_job called
    DATA: Array
(
    [job_id] => 50390c3f-4dd7-4617-bf4c-7be98ed172d4
    [status] => running
)

[2026-01-15 17:04:00] [14 MB] [chunked_processor] Transient save result
    DATA: Array
(
    [option_name] => speed_backups_job_50390c3f-4dd7-4617-bf4c-7be98ed172d4
    [success] => YES
)

[2026-01-15 17:04:00] [14 MB] [chunked_processor] Option save result
    DATA: Array
(
    [option_name] => speed_backups_job_50390c3f-4dd7-4617-bf4c-7be98ed172d4
    [success] => YES
)

[2026-01-15 17:04:00] [14 MB] [chunked_processor] Save verification (direct DB)
    DATA: Array
(
    [verified] => YES
)

[2026-01-15 17:04:00] [14 MB] [chunked_processor] get_job called
    DATA: Array
(
    [job_id] => 50390c3f-4dd7-4617-bf4c-7be98ed172d4
)

[2026-01-15 17:04:00] [14 MB] [chunked_processor] Transient lookup result
    DATA: Array
(
    [option_name] => speed_backups_job_50390c3f-4dd7-4617-bf4c-7be98ed172d4
    [found] => YES
)

[2026-01-15 17:04:00] [14 MB] [chunked_processor] Job retrieved successfully
    DATA: Array
(
    [status] => running
    [type] => restore
)

[2026-01-15 17:04:00] [14 MB] [chunked_processor] get_job called
    DATA: Array
(
    [job_id] => 50390c3f-4dd7-4617-bf4c-7be98ed172d4
)

[2026-01-15 17:04:00] [14 MB] [chunked_processor] Transient lookup result
    DATA: Array
(
    [option_name] => speed_backups_job_50390c3f-4dd7-4617-bf4c-7be98ed172d4
    [found] => YES
)

[2026-01-15 17:04:00] [14 MB] [chunked_processor] Job retrieved successfully
    DATA: Array
(
    [status] => running
    [type] => restore
)

[2026-01-15 17:04:00] [14 MB] [ERROR_HANDLER] PHP error handlers registered
[2026-01-15 17:04:00] [14 MB] [FUNCTION] >>> ENTER: process_chunk
    DATA: Array
(
    [0] => job_id
)

[2026-01-15 17:04:00] [14 MB] [chunked_processor] get_job called
    DATA: Array
(
    [job_id] => 50390c3f-4dd7-4617-bf4c-7be98ed172d4
)

[2026-01-15 17:04:00] [14 MB] [chunked_processor] Transient lookup result
    DATA: Array
(
    [option_name] => speed_backups_job_50390c3f-4dd7-4617-bf4c-7be98ed172d4
    [found] => YES
)

[2026-01-15 17:04:00] [14 MB] [chunked_processor] Job retrieved successfully
    DATA: Array
(
    [status] => running
    [type] => restore
)

[2026-01-15 17:04:00] [14 MB] [JOB_STATE] Job 50390c3f-4dd7-4617-bf4c-7be98ed172d4 state
    DATA: Array
(
    [status] => running
    [type] => restore
    [phase] => extract
    [progress] => 47.89644012945
)

[2026-01-15 17:04:00] [14 MB] [chunked_processor] get_job called
    DATA: Array
(
    [job_id] => 50390c3f-4dd7-4617-bf4c-7be98ed172d4
)

[2026-01-15 17:04:00] [14 MB] [chunked_processor] Transient lookup result
    DATA: Array
(
    [option_name] => speed_backups_job_50390c3f-4dd7-4617-bf4c-7be98ed172d4
    [found] => YES
)

[2026-01-15 17:04:00] [14 MB] [chunked_processor] Job retrieved successfully
    DATA: Array
(
    [status] => running
    [type] => restore
)

[2026-01-15 17:04:00] [14 MB] [chunked_processor] get_job called
    DATA: Array
(
    [job_id] => 50390c3f-4dd7-4617-bf4c-7be98ed172d4
)

[2026-01-15 17:04:00] [14 MB] [chunked_processor] Transient lookup result
    DATA: Array
(
    [option_name] => speed_backups_job_50390c3f-4dd7-4617-bf4c-7be98ed172d4
    [found] => YES
)

[2026-01-15 17:04:00] [14 MB] [chunked_processor] Job retrieved successfully
    DATA: Array
(
    [status] => running
    [type] => restore
)

[2026-01-15 17:04:00] [14 MB] [chunked_processor] save_job called
    DATA: Array
(
    [job_id] => 50390c3f-4dd7-4617-bf4c-7be98ed172d4
    [status] => running
)

[2026-01-15 17:04:00] [14 MB] [chunked_processor] Transient save result
    DATA: Array
(
    [option_name] => speed_backups_job_50390c3f-4dd7-4617-bf4c-7be98ed172d4
    [success] => YES
)

[2026-01-15 17:04:00] [14 MB] [chunked_processor] Option save result
    DATA: Array
(
    [option_name] => speed_backups_job_50390c3f-4dd7-4617-bf4c-7be98ed172d4
    [success] => YES
)

[2026-01-15 17:04:00] [14 MB] [chunked_processor] Save verification (direct DB)
    DATA: Array
(
    [verified] => YES
)

[2026-01-15 17:04:00] [14 MB] [chunked_processor] get_job called
    DATA: Array
(
    [job_id] => 50390c3f-4dd7-4617-bf4c-7be98ed172d4
)

[2026-01-15 17:04:00] [14 MB] [chunked_processor] Transient lookup result
    DATA: Array
(
    [option_name] => speed_backups_job_50390c3f-4dd7-4617-bf4c-7be98ed172d4
    [found] => YES
)

[2026-01-15 17:04:00] [14 MB] [chunked_processor] Job retrieved successfully
    DATA: Array
(
    [status] => running
    [type] => restore
)

[2026-01-15 17:04:00] [14 MB] [chunked_processor] save_job called
    DATA: Array
(
    [job_id] => 50390c3f-4dd7-4617-bf4c-7be98ed172d4
    [status] => running
)

[2026-01-15 17:04:00] [14 MB] [chunked_processor] Transient save result
    DATA: Array
(
    [option_name] => speed_backups_job_50390c3f-4dd7-4617-bf4c-7be98ed172d4
    [success] => YES
)

[2026-01-15 17:04:00] [14 MB] [chunked_processor] Option save result
    DATA: Array
(
    [option_name] => speed_backups_job_50390c3f-4dd7-4617-bf4c-7be98ed172d4
    [success] => YES
)

[2026-01-15 17:04:00] [14 MB] [chunked_processor] Save verification (direct DB)
    DATA: Array
(
    [verified] => YES
)

[2026-01-15 17:04:00] [14 MB] [chunked_processor] get_job called
    DATA: Array
(
    [job_id] => 50390c3f-4dd7-4617-bf4c-7be98ed172d4
)

[2026-01-15 17:04:00] [14 MB] [chunked_processor] Transient lookup result
    DATA: Array
(
    [option_name] => speed_backups_job_50390c3f-4dd7-4617-bf4c-7be98ed172d4
    [found] => YES
)

[2026-01-15 17:04:00] [14 MB] [chunked_processor] Job retrieved successfully
    DATA: Array
(
    [status] => running
    [type] => restore
)

[2026-01-15 17:04:00] [14 MB] [chunked_processor] get_job called
    DATA: Array
(
    [job_id] => 50390c3f-4dd7-4617-bf4c-7be98ed172d4
)

[2026-01-15 17:04:00] [14 MB] [chunked_processor] Transient lookup result
    DATA: Array
(
    [option_name] => speed_backups_job_50390c3f-4dd7-4617-bf4c-7be98ed172d4
    [found] => YES
)

[2026-01-15 17:04:00] [14 MB] [chunked_processor] Job retrieved successfully
    DATA: Array
(
    [status] => running
    [type] => restore
)

[2026-01-15 17:04:01] [14 MB] [ERROR_HANDLER] PHP error handlers registered
[2026-01-15 17:04:01] [14 MB] [FUNCTION] >>> ENTER: process_chunk
    DATA: Array
(
    [0] => job_id
)

[2026-01-15 17:04:01] [14 MB] [chunked_processor] get_job called
    DATA: Array
(
    [job_id] => 50390c3f-4dd7-4617-bf4c-7be98ed172d4
)

[2026-01-15 17:04:01] [14 MB] [chunked_processor] Transient lookup result
    DATA: Array
(
    [option_name] => speed_backups_job_50390c3f-4dd7-4617-bf4c-7be98ed172d4
    [found] => YES
)

[2026-01-15 17:04:01] [14 MB] [chunked_processor] Job retrieved successfully
    DATA: Array
(
    [status] => running
    [type] => restore
)

[2026-01-15 17:04:01] [14 MB] [JOB_STATE] Job 50390c3f-4dd7-4617-bf4c-7be98ed172d4 state
    DATA: Array
(
    [status] => running
    [type] => restore
    [phase] => extract
    [progress] => 49.190938511327
)

[2026-01-15 17:04:01] [14 MB] [chunked_processor] get_job called
    DATA: Array
(
    [job_id] => 50390c3f-4dd7-4617-bf4c-7be98ed172d4
)

[2026-01-15 17:04:01] [14 MB] [chunked_processor] Transient lookup result
    DATA: Array
(
    [option_name] => speed_backups_job_50390c3f-4dd7-4617-bf4c-7be98ed172d4
    [found] => YES
)

[2026-01-15 17:04:01] [14 MB] [chunked_processor] Job retrieved successfully
    DATA: Array
(
    [status] => running
    [type] => restore
)

[2026-01-15 17:04:01] [14 MB] [chunked_processor] get_job called
    DATA: Array
(
    [job_id] => 50390c3f-4dd7-4617-bf4c-7be98ed172d4
)

[2026-01-15 17:04:01] [14 MB] [chunked_processor] Transient lookup result
    DATA: Array
(
    [option_name] => speed_backups_job_50390c3f-4dd7-4617-bf4c-7be98ed172d4
    [found] => YES
)

[2026-01-15 17:04:01] [14 MB] [chunked_processor] Job retrieved successfully
    DATA: Array
(
    [status] => running
    [type] => restore
)

[2026-01-15 17:04:01] [14 MB] [chunked_processor] save_job called
    DATA: Array
(
    [job_id] => 50390c3f-4dd7-4617-bf4c-7be98ed172d4
    [status] => running
)

[2026-01-15 17:04:01] [14 MB] [chunked_processor] Transient save result
    DATA: Array
(
    [option_name] => speed_backups_job_50390c3f-4dd7-4617-bf4c-7be98ed172d4
    [success] => YES
)

[2026-01-15 17:04:01] [14 MB] [chunked_processor] Option save result
    DATA: Array
(
    [option_name] => speed_backups_job_50390c3f-4dd7-4617-bf4c-7be98ed172d4
    [success] => YES
)

[2026-01-15 17:04:01] [14 MB] [chunked_processor] Save verification (direct DB)
    DATA: Array
(
    [verified] => YES
)

[2026-01-15 17:04:01] [14 MB] [chunked_processor] get_job called
    DATA: Array
(
    [job_id] => 50390c3f-4dd7-4617-bf4c-7be98ed172d4
)

[2026-01-15 17:04:01] [14 MB] [chunked_processor] Transient lookup result
    DATA: Array
(
    [option_name] => speed_backups_job_50390c3f-4dd7-4617-bf4c-7be98ed172d4
    [found] => YES
)

[2026-01-15 17:04:01] [14 MB] [chunked_processor] Job retrieved successfully
    DATA: Array
(
    [status] => running
    [type] => restore
)

[2026-01-15 17:04:01] [14 MB] [chunked_processor] save_job called
    DATA: Array
(
    [job_id] => 50390c3f-4dd7-4617-bf4c-7be98ed172d4
    [status] => running
)

[2026-01-15 17:04:01] [14 MB] [chunked_processor] Transient save result
    DATA: Array
(
    [option_name] => speed_backups_job_50390c3f-4dd7-4617-bf4c-7be98ed172d4
    [success] => YES
)

[2026-01-15 17:04:01] [14 MB] [chunked_processor] Option save result
    DATA: Array
(
    [option_name] => speed_backups_job_50390c3f-4dd7-4617-bf4c-7be98ed172d4
    [success] => YES
)

[2026-01-15 17:04:01] [14 MB] [chunked_processor] Save verification (direct DB)
    DATA: Array
(
    [verified] => YES
)

[2026-01-15 17:04:01] [14 MB] [chunked_processor] get_job called
    DATA: Array
(
    [job_id] => 50390c3f-4dd7-4617-bf4c-7be98ed172d4
)

[2026-01-15 17:04:01] [14 MB] [chunked_processor] Transient lookup result
    DATA: Array
(
    [option_name] => speed_backups_job_50390c3f-4dd7-4617-bf4c-7be98ed172d4
    [found] => YES
)

[2026-01-15 17:04:01] [14 MB] [chunked_processor] Job retrieved successfully
    DATA: Array
(
    [status] => running
    [type] => restore
)

[2026-01-15 17:04:01] [14 MB] [chunked_processor] get_job called
    DATA: Array
(
    [job_id] => 50390c3f-4dd7-4617-bf4c-7be98ed172d4
)

[2026-01-15 17:04:01] [14 MB] [chunked_processor] Transient lookup result
    DATA: Array
(
    [option_name] => speed_backups_job_50390c3f-4dd7-4617-bf4c-7be98ed172d4
    [found] => YES
)

[2026-01-15 17:04:01] [14 MB] [chunked_processor] Job retrieved successfully
    DATA: Array
(
    [status] => running
    [type] => restore
)

[2026-01-15 17:04:01] [14 MB] [ERROR_HANDLER] PHP error handlers registered
[2026-01-15 17:04:01] [14 MB] [FUNCTION] >>> ENTER: process_chunk
    DATA: Array
(
    [0] => job_id
)

[2026-01-15 17:04:01] [14 MB] [chunked_processor] get_job called
    DATA: Array
(
    [job_id] => 50390c3f-4dd7-4617-bf4c-7be98ed172d4
)

[2026-01-15 17:04:01] [14 MB] [chunked_processor] Transient lookup result
    DATA: Array
(
    [option_name] => speed_backups_job_50390c3f-4dd7-4617-bf4c-7be98ed172d4
    [found] => YES
)

[2026-01-15 17:04:01] [14 MB] [chunked_processor] Job retrieved successfully
    DATA: Array
(
    [status] => running
    [type] => restore
)

[2026-01-15 17:04:01] [14 MB] [JOB_STATE] Job 50390c3f-4dd7-4617-bf4c-7be98ed172d4 state
    DATA: Array
(
    [status] => running
    [type] => restore
    [phase] => extract
    [progress] => 50.485436893204
)

[2026-01-15 17:04:01] [14 MB] [chunked_processor] get_job called
    DATA: Array
(
    [job_id] => 50390c3f-4dd7-4617-bf4c-7be98ed172d4
)

[2026-01-15 17:04:01] [14 MB] [chunked_processor] Transient lookup result
    DATA: Array
(
    [option_name] => speed_backups_job_50390c3f-4dd7-4617-bf4c-7be98ed172d4
    [found] => YES
)

[2026-01-15 17:04:01] [14 MB] [chunked_processor] Job retrieved successfully
    DATA: Array
(
    [status] => running
    [type] => restore
)

[2026-01-15 17:04:01] [14 MB] [chunked_processor] get_job called
    DATA: Array
(
    [job_id] => 50390c3f-4dd7-4617-bf4c-7be98ed172d4
)

[2026-01-15 17:04:01] [14 MB] [chunked_processor] Transient lookup result
    DATA: Array
(
    [option_name] => speed_backups_job_50390c3f-4dd7-4617-bf4c-7be98ed172d4
    [found] => YES
)

[2026-01-15 17:04:01] [14 MB] [chunked_processor] Job retrieved successfully
    DATA: Array
(
    [status] => running
    [type] => restore
)

[2026-01-15 17:04:01] [14 MB] [chunked_processor] save_job called
    DATA: Array
(
    [job_id] => 50390c3f-4dd7-4617-bf4c-7be98ed172d4
    [status] => running
)

[2026-01-15 17:04:01] [14 MB] [chunked_processor] Transient save result
    DATA: Array
(
    [option_name] => speed_backups_job_50390c3f-4dd7-4617-bf4c-7be98ed172d4
    [success] => YES
)

[2026-01-15 17:04:01] [14 MB] [chunked_processor] Option save result
    DATA: Array
(
    [option_name] => speed_backups_job_50390c3f-4dd7-4617-bf4c-7be98ed172d4
    [success] => YES
)

[2026-01-15 17:04:01] [14 MB] [chunked_processor] Save verification (direct DB)
    DATA: Array
(
    [verified] => YES
)

[2026-01-15 17:04:01] [14 MB] [chunked_processor] get_job called
    DATA: Array
(
    [job_id] => 50390c3f-4dd7-4617-bf4c-7be98ed172d4
)

[2026-01-15 17:04:01] [14 MB] [chunked_processor] Transient lookup result
    DATA: Array
(
    [option_name] => speed_backups_job_50390c3f-4dd7-4617-bf4c-7be98ed172d4
    [found] => YES
)

[2026-01-15 17:04:01] [14 MB] [chunked_processor] Job retrieved successfully
    DATA: Array
(
    [status] => running
    [type] => restore
)

[2026-01-15 17:04:01] [14 MB] [chunked_processor] save_job called
    DATA: Array
(
    [job_id] => 50390c3f-4dd7-4617-bf4c-7be98ed172d4
    [status] => running
)

[2026-01-15 17:04:01] [14 MB] [chunked_processor] Transient save result
    DATA: Array
(
    [option_name] => speed_backups_job_50390c3f-4dd7-4617-bf4c-7be98ed172d4
    [success] => YES
)

[2026-01-15 17:04:01] [14 MB] [chunked_processor] Option save result
    DATA: Array
(
    [option_name] => speed_backups_job_50390c3f-4dd7-4617-bf4c-7be98ed172d4
    [success] => YES
)

[2026-01-15 17:04:01] [14 MB] [chunked_processor] Save verification (direct DB)
    DATA: Array
(
    [verified] => YES
)

[2026-01-15 17:04:01] [14 MB] [chunked_processor] get_job called
    DATA: Array
(
    [job_id] => 50390c3f-4dd7-4617-bf4c-7be98ed172d4
)

[2026-01-15 17:04:01] [14 MB] [chunked_processor] Transient lookup result
    DATA: Array
(
    [option_name] => speed_backups_job_50390c3f-4dd7-4617-bf4c-7be98ed172d4
    [found] => YES
)

[2026-01-15 17:04:01] [14 MB] [chunked_processor] Job retrieved successfully
    DATA: Array
(
    [status] => running
    [type] => restore
)

[2026-01-15 17:04:01] [14 MB] [chunked_processor] get_job called
    DATA: Array
(
    [job_id] => 50390c3f-4dd7-4617-bf4c-7be98ed172d4
)

[2026-01-15 17:04:01] [14 MB] [chunked_processor] Transient lookup result
    DATA: Array
(
    [option_name] => speed_backups_job_50390c3f-4dd7-4617-bf4c-7be98ed172d4
    [found] => YES
)

[2026-01-15 17:04:01] [14 MB] [chunked_processor] Job retrieved successfully
    DATA: Array
(
    [status] => running
    [type] => restore
)

[2026-01-15 17:04:02] [14 MB] [ERROR_HANDLER] PHP error handlers registered
[2026-01-15 17:04:02] [14 MB] [FUNCTION] >>> ENTER: process_chunk
    DATA: Array
(
    [0] => job_id
)

[2026-01-15 17:04:02] [14 MB] [chunked_processor] get_job called
    DATA: Array
(
    [job_id] => 50390c3f-4dd7-4617-bf4c-7be98ed172d4
)

[2026-01-15 17:04:02] [14 MB] [chunked_processor] Transient lookup result
    DATA: Array
(
    [option_name] => speed_backups_job_50390c3f-4dd7-4617-bf4c-7be98ed172d4
    [found] => YES
)

[2026-01-15 17:04:02] [14 MB] [chunked_processor] Job retrieved successfully
    DATA: Array
(
    [status] => running
    [type] => restore
)

[2026-01-15 17:04:02] [14 MB] [JOB_STATE] Job 50390c3f-4dd7-4617-bf4c-7be98ed172d4 state
    DATA: Array
(
    [status] => running
    [type] => restore
    [phase] => extract
    [progress] => 51.779935275081
)

[2026-01-15 17:04:02] [14 MB] [chunked_processor] get_job called
    DATA: Array
(
    [job_id] => 50390c3f-4dd7-4617-bf4c-7be98ed172d4
)

[2026-01-15 17:04:02] [14 MB] [chunked_processor] Transient lookup result
    DATA: Array
(
    [option_name] => speed_backups_job_50390c3f-4dd7-4617-bf4c-7be98ed172d4
    [found] => YES
)

[2026-01-15 17:04:02] [14 MB] [chunked_processor] Job retrieved successfully
    DATA: Array
(
    [status] => running
    [type] => restore
)

[2026-01-15 17:04:02] [14 MB] [chunked_processor] get_job called
    DATA: Array
(
    [job_id] => 50390c3f-4dd7-4617-bf4c-7be98ed172d4
)

[2026-01-15 17:04:02] [14 MB] [chunked_processor] Transient lookup result
    DATA: Array
(
    [option_name] => speed_backups_job_50390c3f-4dd7-4617-bf4c-7be98ed172d4
    [found] => YES
)

[2026-01-15 17:04:02] [14 MB] [chunked_processor] Job retrieved successfully
    DATA: Array
(
    [status] => running
    [type] => restore
)

[2026-01-15 17:04:02] [14 MB] [chunked_processor] save_job called
    DATA: Array
(
    [job_id] => 50390c3f-4dd7-4617-bf4c-7be98ed172d4
    [status] => running
)

[2026-01-15 17:04:02] [14 MB] [chunked_processor] Transient save result
    DATA: Array
(
    [option_name] => speed_backups_job_50390c3f-4dd7-4617-bf4c-7be98ed172d4
    [success] => YES
)

[2026-01-15 17:04:02] [14 MB] [chunked_processor] Option save result
    DATA: Array
(
    [option_name] => speed_backups_job_50390c3f-4dd7-4617-bf4c-7be98ed172d4
    [success] => YES
)

[2026-01-15 17:04:02] [14 MB] [chunked_processor] Save verification (direct DB)
    DATA: Array
(
    [verified] => YES
)

[2026-01-15 17:04:02] [14 MB] [chunked_processor] get_job called
    DATA: Array
(
    [job_id] => 50390c3f-4dd7-4617-bf4c-7be98ed172d4
)

[2026-01-15 17:04:02] [14 MB] [chunked_processor] Transient lookup result
    DATA: Array
(
    [option_name] => speed_backups_job_50390c3f-4dd7-4617-bf4c-7be98ed172d4
    [found] => YES
)

[2026-01-15 17:04:02] [14 MB] [chunked_processor] Job retrieved successfully
    DATA: Array
(
    [status] => running
    [type] => restore
)

[2026-01-15 17:04:02] [14 MB] [chunked_processor] save_job called
    DATA: Array
(
    [job_id] => 50390c3f-4dd7-4617-bf4c-7be98ed172d4
    [status] => running
)

[2026-01-15 17:04:02] [14 MB] [chunked_processor] Transient save result
    DATA: Array
(
    [option_name] => speed_backups_job_50390c3f-4dd7-4617-bf4c-7be98ed172d4
    [success] => YES
)

[2026-01-15 17:04:02] [14 MB] [chunked_processor] Option save result
    DATA: Array
(
    [option_name] => speed_backups_job_50390c3f-4dd7-4617-bf4c-7be98ed172d4
    [success] => YES
)

[2026-01-15 17:04:02] [14 MB] [chunked_processor] Save verification (direct DB)
    DATA: Array
(
    [verified] => YES
)

[2026-01-15 17:04:02] [14 MB] [chunked_processor] get_job called
    DATA: Array
(
    [job_id] => 50390c3f-4dd7-4617-bf4c-7be98ed172d4
)

[2026-01-15 17:04:02] [14 MB] [chunked_processor] Transient lookup result
    DATA: Array
(
    [option_name] => speed_backups_job_50390c3f-4dd7-4617-bf4c-7be98ed172d4
    [found] => YES
)

[2026-01-15 17:04:02] [14 MB] [chunked_processor] Job retrieved successfully
    DATA: Array
(
    [status] => running
    [type] => restore
)

[2026-01-15 17:04:02] [14 MB] [chunked_processor] get_job called
    DATA: Array
(
    [job_id] => 50390c3f-4dd7-4617-bf4c-7be98ed172d4
)

[2026-01-15 17:04:02] [14 MB] [chunked_processor] Transient lookup result
    DATA: Array
(
    [option_name] => speed_backups_job_50390c3f-4dd7-4617-bf4c-7be98ed172d4
    [found] => YES
)

[2026-01-15 17:04:02] [14 MB] [chunked_processor] Job retrieved successfully
    DATA: Array
(
    [status] => running
    [type] => restore
)

[2026-01-15 17:04:02] [14 MB] [ERROR_HANDLER] PHP error handlers registered
[2026-01-15 17:04:02] [14 MB] [FUNCTION] >>> ENTER: process_chunk
    DATA: Array
(
    [0] => job_id
)

[2026-01-15 17:04:02] [14 MB] [chunked_processor] get_job called
    DATA: Array
(
    [job_id] => 50390c3f-4dd7-4617-bf4c-7be98ed172d4
)

[2026-01-15 17:04:02] [14 MB] [chunked_processor] Transient lookup result
    DATA: Array
(
    [option_name] => speed_backups_job_50390c3f-4dd7-4617-bf4c-7be98ed172d4
    [found] => YES
)

[2026-01-15 17:04:02] [14 MB] [chunked_processor] Job retrieved successfully
    DATA: Array
(
    [status] => running
    [type] => restore
)

[2026-01-15 17:04:02] [14 MB] [JOB_STATE] Job 50390c3f-4dd7-4617-bf4c-7be98ed172d4 state
    DATA: Array
(
    [status] => running
    [type] => restore
    [phase] => extract
    [progress] => 53.074433656958
)

[2026-01-15 17:04:02] [14 MB] [chunked_processor] get_job called
    DATA: Array
(
    [job_id] => 50390c3f-4dd7-4617-bf4c-7be98ed172d4
)

[2026-01-15 17:04:02] [14 MB] [chunked_processor] Transient lookup result
    DATA: Array
(
    [option_name] => speed_backups_job_50390c3f-4dd7-4617-bf4c-7be98ed172d4
    [found] => YES
)

[2026-01-15 17:04:02] [14 MB] [chunked_processor] Job retrieved successfully
    DATA: Array
(
    [status] => running
    [type] => restore
)

[2026-01-15 17:04:02] [14 MB] [chunked_processor] get_job called
    DATA: Array
(
    [job_id] => 50390c3f-4dd7-4617-bf4c-7be98ed172d4
)

[2026-01-15 17:04:02] [14 MB] [chunked_processor] Transient lookup result
    DATA: Array
(
    [option_name] => speed_backups_job_50390c3f-4dd7-4617-bf4c-7be98ed172d4
    [found] => YES
)

[2026-01-15 17:04:02] [14 MB] [chunked_processor] Job retrieved successfully
    DATA: Array
(
    [status] => running
    [type] => restore
)

[2026-01-15 17:04:02] [14 MB] [chunked_processor] save_job called
    DATA: Array
(
    [job_id] => 50390c3f-4dd7-4617-bf4c-7be98ed172d4
    [status] => running
)

[2026-01-15 17:04:02] [14 MB] [chunked_processor] Transient save result
    DATA: Array
(
    [option_name] => speed_backups_job_50390c3f-4dd7-4617-bf4c-7be98ed172d4
    [success] => YES
)

[2026-01-15 17:04:02] [14 MB] [chunked_processor] Option save result
    DATA: Array
(
    [option_name] => speed_backups_job_50390c3f-4dd7-4617-bf4c-7be98ed172d4
    [success] => YES
)

[2026-01-15 17:04:02] [14 MB] [chunked_processor] Save verification (direct DB)
    DATA: Array
(
    [verified] => YES
)

[2026-01-15 17:04:02] [14 MB] [chunked_processor] get_job called
    DATA: Array
(
    [job_id] => 50390c3f-4dd7-4617-bf4c-7be98ed172d4
)

[2026-01-15 17:04:02] [14 MB] [chunked_processor] Transient lookup result
    DATA: Array
(
    [option_name] => speed_backups_job_50390c3f-4dd7-4617-bf4c-7be98ed172d4
    [found] => YES
)

[2026-01-15 17:04:02] [14 MB] [chunked_processor] Job retrieved successfully
    DATA: Array
(
    [status] => running
    [type] => restore
)

[2026-01-15 17:04:02] [14 MB] [chunked_processor] save_job called
    DATA: Array
(
    [job_id] => 50390c3f-4dd7-4617-bf4c-7be98ed172d4
    [status] => running
)

[2026-01-15 17:04:02] [14 MB] [chunked_processor] Transient save result
    DATA: Array
(
    [option_name] => speed_backups_job_50390c3f-4dd7-4617-bf4c-7be98ed172d4
    [success] => YES
)

[2026-01-15 17:04:02] [14 MB] [chunked_processor] Option save result
    DATA: Array
(
    [option_name] => speed_backups_job_50390c3f-4dd7-4617-bf4c-7be98ed172d4
    [success] => YES
)

[2026-01-15 17:04:02] [14 MB] [chunked_processor] Save verification (direct DB)
    DATA: Array
(
    [verified] => YES
)

[2026-01-15 17:04:02] [14 MB] [chunked_processor] get_job called
    DATA: Array
(
    [job_id] => 50390c3f-4dd7-4617-bf4c-7be98ed172d4
)

[2026-01-15 17:04:02] [14 MB] [chunked_processor] Transient lookup result
    DATA: Array
(
    [option_name] => speed_backups_job_50390c3f-4dd7-4617-bf4c-7be98ed172d4
    [found] => YES
)

[2026-01-15 17:04:02] [14 MB] [chunked_processor] Job retrieved successfully
    DATA: Array
(
    [status] => running
    [type] => restore
)

[2026-01-15 17:04:02] [14 MB] [chunked_processor] get_job called
    DATA: Array
(
    [job_id] => 50390c3f-4dd7-4617-bf4c-7be98ed172d4
)

[2026-01-15 17:04:02] [14 MB] [chunked_processor] Transient lookup result
    DATA: Array
(
    [option_name] => speed_backups_job_50390c3f-4dd7-4617-bf4c-7be98ed172d4
    [found] => YES
)

[2026-01-15 17:04:02] [14 MB] [chunked_processor] Job retrieved successfully
    DATA: Array
(
    [status] => running
    [type] => restore
)

[2026-01-15 17:04:03] [14 MB] [ERROR_HANDLER] PHP error handlers registered
[2026-01-15 17:04:03] [14 MB] [FUNCTION] >>> ENTER: process_chunk
    DATA: Array
(
    [0] => job_id
)

[2026-01-15 17:04:03] [14 MB] [chunked_processor] get_job called
    DATA: Array
(
    [job_id] => 50390c3f-4dd7-4617-bf4c-7be98ed172d4
)

[2026-01-15 17:04:03] [14 MB] [chunked_processor] Transient lookup result
    DATA: Array
(
    [option_name] => speed_backups_job_50390c3f-4dd7-4617-bf4c-7be98ed172d4
    [found] => YES
)

[2026-01-15 17:04:03] [14 MB] [chunked_processor] Job retrieved successfully
    DATA: Array
(
    [status] => running
    [type] => restore
)

[2026-01-15 17:04:03] [14 MB] [JOB_STATE] Job 50390c3f-4dd7-4617-bf4c-7be98ed172d4 state
    DATA: Array
(
    [status] => running
    [type] => restore
    [phase] => extract
    [progress] => 54.368932038835
)

[2026-01-15 17:04:03] [14 MB] [chunked_processor] get_job called
    DATA: Array
(
    [job_id] => 50390c3f-4dd7-4617-bf4c-7be98ed172d4
)

[2026-01-15 17:04:03] [14 MB] [chunked_processor] Transient lookup result
    DATA: Array
(
    [option_name] => speed_backups_job_50390c3f-4dd7-4617-bf4c-7be98ed172d4
    [found] => YES
)

[2026-01-15 17:04:03] [14 MB] [chunked_processor] Job retrieved successfully
    DATA: Array
(
    [status] => running
    [type] => restore
)

[2026-01-15 17:04:03] [14 MB] [chunked_processor] get_job called
    DATA: Array
(
    [job_id] => 50390c3f-4dd7-4617-bf4c-7be98ed172d4
)

[2026-01-15 17:04:03] [14 MB] [chunked_processor] Transient lookup result
    DATA: Array
(
    [option_name] => speed_backups_job_50390c3f-4dd7-4617-bf4c-7be98ed172d4
    [found] => YES
)

[2026-01-15 17:04:03] [14 MB] [chunked_processor] Job retrieved successfully
    DATA: Array
(
    [status] => running
    [type] => restore
)

[2026-01-15 17:04:03] [14 MB] [chunked_processor] save_job called
    DATA: Array
(
    [job_id] => 50390c3f-4dd7-4617-bf4c-7be98ed172d4
    [status] => running
)

[2026-01-15 17:04:03] [14 MB] [chunked_processor] Transient save result
    DATA: Array
(
    [option_name] => speed_backups_job_50390c3f-4dd7-4617-bf4c-7be98ed172d4
    [success] => YES
)

[2026-01-15 17:04:03] [14 MB] [chunked_processor] Option save result
    DATA: Array
(
    [option_name] => speed_backups_job_50390c3f-4dd7-4617-bf4c-7be98ed172d4
    [success] => YES
)

[2026-01-15 17:04:03] [14 MB] [chunked_processor] Save verification (direct DB)
    DATA: Array
(
    [verified] => YES
)

[2026-01-15 17:04:03] [14 MB] [chunked_processor] get_job called
    DATA: Array
(
    [job_id] => 50390c3f-4dd7-4617-bf4c-7be98ed172d4
)

[2026-01-15 17:04:03] [14 MB] [chunked_processor] Transient lookup result
    DATA: Array
(
    [option_name] => speed_backups_job_50390c3f-4dd7-4617-bf4c-7be98ed172d4
    [found] => YES
)

[2026-01-15 17:04:03] [14 MB] [chunked_processor] Job retrieved successfully
    DATA: Array
(
    [status] => running
    [type] => restore
)

[2026-01-15 17:04:03] [14 MB] [chunked_processor] save_job called
    DATA: Array
(
    [job_id] => 50390c3f-4dd7-4617-bf4c-7be98ed172d4
    [status] => running
)

[2026-01-15 17:04:03] [14 MB] [chunked_processor] Transient save result
    DATA: Array
(
    [option_name] => speed_backups_job_50390c3f-4dd7-4617-bf4c-7be98ed172d4
    [success] => YES
)

[2026-01-15 17:04:03] [14 MB] [chunked_processor] Option save result
    DATA: Array
(
    [option_name] => speed_backups_job_50390c3f-4dd7-4617-bf4c-7be98ed172d4
    [success] => YES
)

[2026-01-15 17:04:03] [14 MB] [chunked_processor] Save verification (direct DB)
    DATA: Array
(
    [verified] => YES
)

[2026-01-15 17:04:03] [14 MB] [chunked_processor] get_job called
    DATA: Array
(
    [job_id] => 50390c3f-4dd7-4617-bf4c-7be98ed172d4
)

[2026-01-15 17:04:03] [14 MB] [chunked_processor] Transient lookup result
    DATA: Array
(
    [option_name] => speed_backups_job_50390c3f-4dd7-4617-bf4c-7be98ed172d4
    [found] => YES
)

[2026-01-15 17:04:03] [14 MB] [chunked_processor] Job retrieved successfully
    DATA: Array
(
    [status] => running
    [type] => restore
)

[2026-01-15 17:04:03] [14 MB] [chunked_processor] get_job called
    DATA: Array
(
    [job_id] => 50390c3f-4dd7-4617-bf4c-7be98ed172d4
)

[2026-01-15 17:04:03] [14 MB] [chunked_processor] Transient lookup result
    DATA: Array
(
    [option_name] => speed_backups_job_50390c3f-4dd7-4617-bf4c-7be98ed172d4
    [found] => YES
)

[2026-01-15 17:04:03] [14 MB] [chunked_processor] Job retrieved successfully
    DATA: Array
(
    [status] => running
    [type] => restore
)

[2026-01-15 17:04:03] [14 MB] [ERROR_HANDLER] PHP error handlers registered
[2026-01-15 17:04:03] [14 MB] [FUNCTION] >>> ENTER: process_chunk
    DATA: Array
(
    [0] => job_id
)

[2026-01-15 17:04:03] [14 MB] [chunked_processor] get_job called
    DATA: Array
(
    [job_id] => 50390c3f-4dd7-4617-bf4c-7be98ed172d4
)

[2026-01-15 17:04:03] [14 MB] [chunked_processor] Transient lookup result
    DATA: Array
(
    [option_name] => speed_backups_job_50390c3f-4dd7-4617-bf4c-7be98ed172d4
    [found] => YES
)

[2026-01-15 17:04:03] [14 MB] [chunked_processor] Job retrieved successfully
    DATA: Array
(
    [status] => running
    [type] => restore
)

[2026-01-15 17:04:03] [14 MB] [JOB_STATE] Job 50390c3f-4dd7-4617-bf4c-7be98ed172d4 state
    DATA: Array
(
    [status] => running
    [type] => restore
    [phase] => extract
    [progress] => 55.663430420712
)

[2026-01-15 17:04:03] [14 MB] [chunked_processor] get_job called
    DATA: Array
(
    [job_id] => 50390c3f-4dd7-4617-bf4c-7be98ed172d4
)

[2026-01-15 17:04:03] [14 MB] [chunked_processor] Transient lookup result
    DATA: Array
(
    [option_name] => speed_backups_job_50390c3f-4dd7-4617-bf4c-7be98ed172d4
    [found] => YES
)

[2026-01-15 17:04:03] [14 MB] [chunked_processor] Job retrieved successfully
    DATA: Array
(
    [status] => running
    [type] => restore
)

[2026-01-15 17:04:03] [14 MB] [chunked_processor] get_job called
    DATA: Array
(
    [job_id] => 50390c3f-4dd7-4617-bf4c-7be98ed172d4
)

[2026-01-15 17:04:03] [14 MB] [chunked_processor] Transient lookup result
    DATA: Array
(
    [option_name] => speed_backups_job_50390c3f-4dd7-4617-bf4c-7be98ed172d4
    [found] => YES
)

[2026-01-15 17:04:03] [14 MB] [chunked_processor] Job retrieved successfully
    DATA: Array
(
    [status] => running
    [type] => restore
)

[2026-01-15 17:04:03] [14 MB] [chunked_processor] save_job called
    DATA: Array
(
    [job_id] => 50390c3f-4dd7-4617-bf4c-7be98ed172d4
    [status] => running
)

[2026-01-15 17:04:03] [14 MB] [chunked_processor] Transient save result
    DATA: Array
(
    [option_name] => speed_backups_job_50390c3f-4dd7-4617-bf4c-7be98ed172d4
    [success] => YES
)

[2026-01-15 17:04:03] [14 MB] [chunked_processor] Option save result
    DATA: Array
(
    [option_name] => speed_backups_job_50390c3f-4dd7-4617-bf4c-7be98ed172d4
    [success] => YES
)

[2026-01-15 17:04:03] [14 MB] [chunked_processor] Save verification (direct DB)
    DATA: Array
(
    [verified] => YES
)

[2026-01-15 17:04:03] [14 MB] [chunked_processor] get_job called
    DATA: Array
(
    [job_id] => 50390c3f-4dd7-4617-bf4c-7be98ed172d4
)

[2026-01-15 17:04:03] [14 MB] [chunked_processor] Transient lookup result
    DATA: Array
(
    [option_name] => speed_backups_job_50390c3f-4dd7-4617-bf4c-7be98ed172d4
    [found] => YES
)

[2026-01-15 17:04:03] [14 MB] [chunked_processor] Job retrieved successfully
    DATA: Array
(
    [status] => running
    [type] => restore
)

[2026-01-15 17:04:03] [14 MB] [chunked_processor] save_job called
    DATA: Array
(
    [job_id] => 50390c3f-4dd7-4617-bf4c-7be98ed172d4
    [status] => running
)

[2026-01-15 17:04:03] [14 MB] [chunked_processor] Transient save result
    DATA: Array
(
    [option_name] => speed_backups_job_50390c3f-4dd7-4617-bf4c-7be98ed172d4
    [success] => YES
)

[2026-01-15 17:04:03] [14 MB] [chunked_processor] Option save result
    DATA: Array
(
    [option_name] => speed_backups_job_50390c3f-4dd7-4617-bf4c-7be98ed172d4
    [success] => YES
)

[2026-01-15 17:04:03] [14 MB] [chunked_processor] Save verification (direct DB)
    DATA: Array
(
    [verified] => YES
)

[2026-01-15 17:04:03] [14 MB] [chunked_processor] get_job called
    DATA: Array
(
    [job_id] => 50390c3f-4dd7-4617-bf4c-7be98ed172d4
)

[2026-01-15 17:04:03] [14 MB] [chunked_processor] Transient lookup result
    DATA: Array
(
    [option_name] => speed_backups_job_50390c3f-4dd7-4617-bf4c-7be98ed172d4
    [found] => YES
)

[2026-01-15 17:04:03] [14 MB] [chunked_processor] Job retrieved successfully
    DATA: Array
(
    [status] => running
    [type] => restore
)

[2026-01-15 17:04:03] [14 MB] [chunked_processor] get_job called
    DATA: Array
(
    [job_id] => 50390c3f-4dd7-4617-bf4c-7be98ed172d4
)

[2026-01-15 17:04:03] [14 MB] [chunked_processor] Transient lookup result
    DATA: Array
(
    [option_name] => speed_backups_job_50390c3f-4dd7-4617-bf4c-7be98ed172d4
    [found] => YES
)

[2026-01-15 17:04:03] [14 MB] [chunked_processor] Job retrieved successfully
    DATA: Array
(
    [status] => running
    [type] => restore
)

[2026-01-15 17:04:04] [14 MB] [ERROR_HANDLER] PHP error handlers registered
[2026-01-15 17:04:04] [14 MB] [FUNCTION] >>> ENTER: process_chunk
    DATA: Array
(
    [0] => job_id
)

[2026-01-15 17:04:04] [14 MB] [chunked_processor] get_job called
    DATA: Array
(
    [job_id] => 50390c3f-4dd7-4617-bf4c-7be98ed172d4
)

[2026-01-15 17:04:04] [14 MB] [chunked_processor] Transient lookup result
    DATA: Array
(
    [option_name] => speed_backups_job_50390c3f-4dd7-4617-bf4c-7be98ed172d4
    [found] => YES
)

[2026-01-15 17:04:04] [14 MB] [chunked_processor] Job retrieved successfully
    DATA: Array
(
    [status] => running
    [type] => restore
)

[2026-01-15 17:04:04] [14 MB] [JOB_STATE] Job 50390c3f-4dd7-4617-bf4c-7be98ed172d4 state
    DATA: Array
(
    [status] => running
    [type] => restore
    [phase] => extract
    [progress] => 56.957928802589
)

[2026-01-15 17:04:04] [14 MB] [chunked_processor] get_job called
    DATA: Array
(
    [job_id] => 50390c3f-4dd7-4617-bf4c-7be98ed172d4
)

[2026-01-15 17:04:04] [14 MB] [chunked_processor] Transient lookup result
    DATA: Array
(
    [option_name] => speed_backups_job_50390c3f-4dd7-4617-bf4c-7be98ed172d4
    [found] => YES
)

[2026-01-15 17:04:04] [14 MB] [chunked_processor] Job retrieved successfully
    DATA: Array
(
    [status] => running
    [type] => restore
)

[2026-01-15 17:04:04] [14 MB] [chunked_processor] get_job called
    DATA: Array
(
    [job_id] => 50390c3f-4dd7-4617-bf4c-7be98ed172d4
)

[2026-01-15 17:04:04] [14 MB] [chunked_processor] Transient lookup result
    DATA: Array
(
    [option_name] => speed_backups_job_50390c3f-4dd7-4617-bf4c-7be98ed172d4
    [found] => YES
)

[2026-01-15 17:04:04] [14 MB] [chunked_processor] Job retrieved successfully
    DATA: Array
(
    [status] => running
    [type] => restore
)

[2026-01-15 17:04:04] [14 MB] [chunked_processor] save_job called
    DATA: Array
(
    [job_id] => 50390c3f-4dd7-4617-bf4c-7be98ed172d4
    [status] => running
)

[2026-01-15 17:04:04] [14 MB] [chunked_processor] Transient save result
    DATA: Array
(
    [option_name] => speed_backups_job_50390c3f-4dd7-4617-bf4c-7be98ed172d4
    [success] => YES
)

[2026-01-15 17:04:04] [14 MB] [chunked_processor] Option save result
    DATA: Array
(
    [option_name] => speed_backups_job_50390c3f-4dd7-4617-bf4c-7be98ed172d4
    [success] => YES
)

[2026-01-15 17:04:04] [14 MB] [chunked_processor] Save verification (direct DB)
    DATA: Array
(
    [verified] => YES
)

[2026-01-15 17:04:04] [14 MB] [chunked_processor] get_job called
    DATA: Array
(
    [job_id] => 50390c3f-4dd7-4617-bf4c-7be98ed172d4
)

[2026-01-15 17:04:04] [14 MB] [chunked_processor] Transient lookup result
    DATA: Array
(
    [option_name] => speed_backups_job_50390c3f-4dd7-4617-bf4c-7be98ed172d4
    [found] => YES
)

[2026-01-15 17:04:04] [14 MB] [chunked_processor] Job retrieved successfully
    DATA: Array
(
    [status] => running
    [type] => restore
)

[2026-01-15 17:04:04] [14 MB] [chunked_processor] save_job called
    DATA: Array
(
    [job_id] => 50390c3f-4dd7-4617-bf4c-7be98ed172d4
    [status] => running
)

[2026-01-15 17:04:04] [14 MB] [chunked_processor] Transient save result
    DATA: Array
(
    [option_name] => speed_backups_job_50390c3f-4dd7-4617-bf4c-7be98ed172d4
    [success] => YES
)

[2026-01-15 17:04:04] [14 MB] [chunked_processor] Option save result
    DATA: Array
(
    [option_name] => speed_backups_job_50390c3f-4dd7-4617-bf4c-7be98ed172d4
    [success] => YES
)

[2026-01-15 17:04:04] [14 MB] [chunked_processor] Save verification (direct DB)
    DATA: Array
(
    [verified] => YES
)

[2026-01-15 17:04:04] [14 MB] [chunked_processor] get_job called
    DATA: Array
(
    [job_id] => 50390c3f-4dd7-4617-bf4c-7be98ed172d4
)

[2026-01-15 17:04:04] [14 MB] [chunked_processor] Transient lookup result
    DATA: Array
(
    [option_name] => speed_backups_job_50390c3f-4dd7-4617-bf4c-7be98ed172d4
    [found] => YES
)

[2026-01-15 17:04:04] [14 MB] [chunked_processor] Job retrieved successfully
    DATA: Array
(
    [status] => running
    [type] => restore
)

[2026-01-15 17:04:04] [14 MB] [chunked_processor] get_job called
    DATA: Array
(
    [job_id] => 50390c3f-4dd7-4617-bf4c-7be98ed172d4
)

[2026-01-15 17:04:04] [14 MB] [chunked_processor] Transient lookup result
    DATA: Array
(
    [option_name] => speed_backups_job_50390c3f-4dd7-4617-bf4c-7be98ed172d4
    [found] => YES
)

[2026-01-15 17:04:04] [14 MB] [chunked_processor] Job retrieved successfully
    DATA: Array
(
    [status] => running
    [type] => restore
)

[2026-01-15 17:04:04] [14 MB] [ERROR_HANDLER] PHP error handlers registered
[2026-01-15 17:04:04] [14 MB] [FUNCTION] >>> ENTER: process_chunk
    DATA: Array
(
    [0] => job_id
)

[2026-01-15 17:04:04] [14 MB] [chunked_processor] get_job called
    DATA: Array
(
    [job_id] => 50390c3f-4dd7-4617-bf4c-7be98ed172d4
)

[2026-01-15 17:04:04] [14 MB] [chunked_processor] Transient lookup result
    DATA: Array
(
    [option_name] => speed_backups_job_50390c3f-4dd7-4617-bf4c-7be98ed172d4
    [found] => YES
)

[2026-01-15 17:04:04] [14 MB] [chunked_processor] Job retrieved successfully
    DATA: Array
(
    [status] => running
    [type] => restore
)

[2026-01-15 17:04:04] [14 MB] [JOB_STATE] Job 50390c3f-4dd7-4617-bf4c-7be98ed172d4 state
    DATA: Array
(
    [status] => running
    [type] => restore
    [phase] => extract
    [progress] => 58.252427184466
)

[2026-01-15 17:04:04] [14 MB] [chunked_processor] get_job called
    DATA: Array
(
    [job_id] => 50390c3f-4dd7-4617-bf4c-7be98ed172d4
)

[2026-01-15 17:04:04] [14 MB] [chunked_processor] Transient lookup result
    DATA: Array
(
    [option_name] => speed_backups_job_50390c3f-4dd7-4617-bf4c-7be98ed172d4
    [found] => YES
)

[2026-01-15 17:04:04] [14 MB] [chunked_processor] Job retrieved successfully
    DATA: Array
(
    [status] => running
    [type] => restore
)

[2026-01-15 17:04:04] [14 MB] [chunked_processor] get_job called
    DATA: Array
(
    [job_id] => 50390c3f-4dd7-4617-bf4c-7be98ed172d4
)

[2026-01-15 17:04:04] [14 MB] [chunked_processor] Transient lookup result
    DATA: Array
(
    [option_name] => speed_backups_job_50390c3f-4dd7-4617-bf4c-7be98ed172d4
    [found] => YES
)

[2026-01-15 17:04:04] [14 MB] [chunked_processor] Job retrieved successfully
    DATA: Array
(
    [status] => running
    [type] => restore
)

[2026-01-15 17:04:04] [14 MB] [chunked_processor] save_job called
    DATA: Array
(
    [job_id] => 50390c3f-4dd7-4617-bf4c-7be98ed172d4
    [status] => running
)

[2026-01-15 17:04:04] [14 MB] [chunked_processor] Transient save result
    DATA: Array
(
    [option_name] => speed_backups_job_50390c3f-4dd7-4617-bf4c-7be98ed172d4
    [success] => YES
)

[2026-01-15 17:04:04] [14 MB] [chunked_processor] Option save result
    DATA: Array
(
    [option_name] => speed_backups_job_50390c3f-4dd7-4617-bf4c-7be98ed172d4
    [success] => YES
)

[2026-01-15 17:04:04] [14 MB] [chunked_processor] Save verification (direct DB)
    DATA: Array
(
    [verified] => YES
)

[2026-01-15 17:04:04] [14 MB] [chunked_processor] get_job called
    DATA: Array
(
    [job_id] => 50390c3f-4dd7-4617-bf4c-7be98ed172d4
)

[2026-01-15 17:04:04] [14 MB] [chunked_processor] Transient lookup result
    DATA: Array
(
    [option_name] => speed_backups_job_50390c3f-4dd7-4617-bf4c-7be98ed172d4
    [found] => YES
)

[2026-01-15 17:04:04] [14 MB] [chunked_processor] Job retrieved successfully
    DATA: Array
(
    [status] => running
    [type] => restore
)

[2026-01-15 17:04:04] [14 MB] [chunked_processor] save_job called
    DATA: Array
(
    [job_id] => 50390c3f-4dd7-4617-bf4c-7be98ed172d4
    [status] => running
)

[2026-01-15 17:04:04] [14 MB] [chunked_processor] Transient save result
    DATA: Array
(
    [option_name] => speed_backups_job_50390c3f-4dd7-4617-bf4c-7be98ed172d4
    [success] => YES
)

[2026-01-15 17:04:04] [14 MB] [chunked_processor] Option save result
    DATA: Array
(
    [option_name] => speed_backups_job_50390c3f-4dd7-4617-bf4c-7be98ed172d4
    [success] => YES
)

[2026-01-15 17:04:04] [14 MB] [chunked_processor] Save verification (direct DB)
    DATA: Array
(
    [verified] => YES
)

[2026-01-15 17:04:04] [14 MB] [chunked_processor] get_job called
    DATA: Array
(
    [job_id] => 50390c3f-4dd7-4617-bf4c-7be98ed172d4
)

[2026-01-15 17:04:04] [14 MB] [chunked_processor] Transient lookup result
    DATA: Array
(
    [option_name] => speed_backups_job_50390c3f-4dd7-4617-bf4c-7be98ed172d4
    [found] => YES
)

[2026-01-15 17:04:04] [14 MB] [chunked_processor] Job retrieved successfully
    DATA: Array
(
    [status] => running
    [type] => restore
)

[2026-01-15 17:04:04] [14 MB] [chunked_processor] get_job called
    DATA: Array
(
    [job_id] => 50390c3f-4dd7-4617-bf4c-7be98ed172d4
)

[2026-01-15 17:04:04] [14 MB] [chunked_processor] Transient lookup result
    DATA: Array
(
    [option_name] => speed_backups_job_50390c3f-4dd7-4617-bf4c-7be98ed172d4
    [found] => YES
)

[2026-01-15 17:04:04] [14 MB] [chunked_processor] Job retrieved successfully
    DATA: Array
(
    [status] => running
    [type] => restore
)

[2026-01-15 17:04:05] [14 MB] [ERROR_HANDLER] PHP error handlers registered
[2026-01-15 17:04:05] [14 MB] [FUNCTION] >>> ENTER: process_chunk
    DATA: Array
(
    [0] => job_id
)

[2026-01-15 17:04:05] [14 MB] [chunked_processor] get_job called
    DATA: Array
(
    [job_id] => 50390c3f-4dd7-4617-bf4c-7be98ed172d4
)

[2026-01-15 17:04:05] [14 MB] [chunked_processor] Transient lookup result
    DATA: Array
(
    [option_name] => speed_backups_job_50390c3f-4dd7-4617-bf4c-7be98ed172d4
    [found] => YES
)

[2026-01-15 17:04:05] [14 MB] [chunked_processor] Job retrieved successfully
    DATA: Array
(
    [status] => running
    [type] => restore
)

[2026-01-15 17:04:05] [14 MB] [JOB_STATE] Job 50390c3f-4dd7-4617-bf4c-7be98ed172d4 state
    DATA: Array
(
    [status] => running
    [type] => restore
    [phase] => extract
    [progress] => 59.546925566343
)

[2026-01-15 17:04:05] [14 MB] [chunked_processor] get_job called
    DATA: Array
(
    [job_id] => 50390c3f-4dd7-4617-bf4c-7be98ed172d4
)

[2026-01-15 17:04:05] [14 MB] [chunked_processor] Transient lookup result
    DATA: Array
(
    [option_name] => speed_backups_job_50390c3f-4dd7-4617-bf4c-7be98ed172d4
    [found] => YES
)

[2026-01-15 17:04:05] [14 MB] [chunked_processor] Job retrieved successfully
    DATA: Array
(
    [status] => running
    [type] => restore
)

[2026-01-15 17:04:05] [14 MB] [chunked_processor] get_job called
    DATA: Array
(
    [job_id] => 50390c3f-4dd7-4617-bf4c-7be98ed172d4
)

[2026-01-15 17:04:05] [14 MB] [chunked_processor] Transient lookup result
    DATA: Array
(
    [option_name] => speed_backups_job_50390c3f-4dd7-4617-bf4c-7be98ed172d4
    [found] => YES
)

[2026-01-15 17:04:05] [14 MB] [chunked_processor] Job retrieved successfully
    DATA: Array
(
    [status] => running
    [type] => restore
)

[2026-01-15 17:04:05] [14 MB] [chunked_processor] save_job called
    DATA: Array
(
    [job_id] => 50390c3f-4dd7-4617-bf4c-7be98ed172d4
    [status] => running
)

[2026-01-15 17:04:05] [14 MB] [chunked_processor] Transient save result
    DATA: Array
(
    [option_name] => speed_backups_job_50390c3f-4dd7-4617-bf4c-7be98ed172d4
    [success] => YES
)

[2026-01-15 17:04:05] [14 MB] [chunked_processor] Option save result
    DATA: Array
(
    [option_name] => speed_backups_job_50390c3f-4dd7-4617-bf4c-7be98ed172d4
    [success] => YES
)

[2026-01-15 17:04:05] [14 MB] [chunked_processor] Save verification (direct DB)
    DATA: Array
(
    [verified] => YES
)

[2026-01-15 17:04:05] [16 MB] [chunked_processor] get_job called
    DATA: Array
(
    [job_id] => 50390c3f-4dd7-4617-bf4c-7be98ed172d4
)

[2026-01-15 17:04:05] [16 MB] [chunked_processor] Transient lookup result
    DATA: Array
(
    [option_name] => speed_backups_job_50390c3f-4dd7-4617-bf4c-7be98ed172d4
    [found] => YES
)

[2026-01-15 17:04:05] [16 MB] [chunked_processor] Job retrieved successfully
    DATA: Array
(
    [status] => running
    [type] => restore
)

[2026-01-15 17:04:05] [16 MB] [chunked_processor] save_job called
    DATA: Array
(
    [job_id] => 50390c3f-4dd7-4617-bf4c-7be98ed172d4
    [status] => running
)

[2026-01-15 17:04:05] [16 MB] [chunked_processor] Transient save result
    DATA: Array
(
    [option_name] => speed_backups_job_50390c3f-4dd7-4617-bf4c-7be98ed172d4
    [success] => YES
)

[2026-01-15 17:04:05] [16 MB] [chunked_processor] Option save result
    DATA: Array
(
    [option_name] => speed_backups_job_50390c3f-4dd7-4617-bf4c-7be98ed172d4
    [success] => YES
)

[2026-01-15 17:04:05] [16 MB] [chunked_processor] Save verification (direct DB)
    DATA: Array
(
    [verified] => YES
)

[2026-01-15 17:04:05] [16 MB] [chunked_processor] get_job called
    DATA: Array
(
    [job_id] => 50390c3f-4dd7-4617-bf4c-7be98ed172d4
)

[2026-01-15 17:04:05] [16 MB] [chunked_processor] Transient lookup result
    DATA: Array
(
    [option_name] => speed_backups_job_50390c3f-4dd7-4617-bf4c-7be98ed172d4
    [found] => YES
)

[2026-01-15 17:04:05] [16 MB] [chunked_processor] Job retrieved successfully
    DATA: Array
(
    [status] => running
    [type] => restore
)

[2026-01-15 17:04:05] [16 MB] [chunked_processor] get_job called
    DATA: Array
(
    [job_id] => 50390c3f-4dd7-4617-bf4c-7be98ed172d4
)

[2026-01-15 17:04:05] [16 MB] [chunked_processor] Transient lookup result
    DATA: Array
(
    [option_name] => speed_backups_job_50390c3f-4dd7-4617-bf4c-7be98ed172d4
    [found] => YES
)

[2026-01-15 17:04:05] [16 MB] [chunked_processor] Job retrieved successfully
    DATA: Array
(
    [status] => running
    [type] => restore
)

[2026-01-15 17:04:05] [14 MB] [ERROR_HANDLER] PHP error handlers registered
[2026-01-15 17:04:05] [14 MB] [FUNCTION] >>> ENTER: process_chunk
    DATA: Array
(
    [0] => job_id
)

[2026-01-15 17:04:05] [14 MB] [chunked_processor] get_job called
    DATA: Array
(
    [job_id] => 50390c3f-4dd7-4617-bf4c-7be98ed172d4
)

[2026-01-15 17:04:05] [14 MB] [chunked_processor] Transient lookup result
    DATA: Array
(
    [option_name] => speed_backups_job_50390c3f-4dd7-4617-bf4c-7be98ed172d4
    [found] => YES
)

[2026-01-15 17:04:05] [14 MB] [chunked_processor] Job retrieved successfully
    DATA: Array
(
    [status] => running
    [type] => restore
)

[2026-01-15 17:04:05] [14 MB] [JOB_STATE] Job 50390c3f-4dd7-4617-bf4c-7be98ed172d4 state
    DATA: Array
(
    [status] => running
    [type] => restore
    [phase] => extract
    [progress] => 60.84142394822
)

[2026-01-15 17:04:05] [14 MB] [chunked_processor] get_job called
    DATA: Array
(
    [job_id] => 50390c3f-4dd7-4617-bf4c-7be98ed172d4
)

[2026-01-15 17:04:05] [14 MB] [chunked_processor] Transient lookup result
    DATA: Array
(
    [option_name] => speed_backups_job_50390c3f-4dd7-4617-bf4c-7be98ed172d4
    [found] => YES
)

[2026-01-15 17:04:05] [14 MB] [chunked_processor] Job retrieved successfully
    DATA: Array
(
    [status] => running
    [type] => restore
)

[2026-01-15 17:04:05] [14 MB] [chunked_processor] get_job called
    DATA: Array
(
    [job_id] => 50390c3f-4dd7-4617-bf4c-7be98ed172d4
)

[2026-01-15 17:04:05] [14 MB] [chunked_processor] Transient lookup result
    DATA: Array
(
    [option_name] => speed_backups_job_50390c3f-4dd7-4617-bf4c-7be98ed172d4
    [found] => YES
)

[2026-01-15 17:04:05] [14 MB] [chunked_processor] Job retrieved successfully
    DATA: Array
(
    [status] => running
    [type] => restore
)

[2026-01-15 17:04:05] [14 MB] [chunked_processor] save_job called
    DATA: Array
(
    [job_id] => 50390c3f-4dd7-4617-bf4c-7be98ed172d4
    [status] => running
)

[2026-01-15 17:04:05] [14 MB] [chunked_processor] Transient save result
    DATA: Array
(
    [option_name] => speed_backups_job_50390c3f-4dd7-4617-bf4c-7be98ed172d4
    [success] => YES
)

[2026-01-15 17:04:05] [14 MB] [chunked_processor] Option save result
    DATA: Array
(
    [option_name] => speed_backups_job_50390c3f-4dd7-4617-bf4c-7be98ed172d4
    [success] => YES
)

[2026-01-15 17:04:05] [14 MB] [chunked_processor] Save verification (direct DB)
    DATA: Array
(
    [verified] => YES
)

[2026-01-15 17:04:05] [14 MB] [chunked_processor] get_job called
    DATA: Array
(
    [job_id] => 50390c3f-4dd7-4617-bf4c-7be98ed172d4
)

[2026-01-15 17:04:05] [14 MB] [chunked_processor] Transient lookup result
    DATA: Array
(
    [option_name] => speed_backups_job_50390c3f-4dd7-4617-bf4c-7be98ed172d4
    [found] => YES
)

[2026-01-15 17:04:05] [14 MB] [chunked_processor] Job retrieved successfully
    DATA: Array
(
    [status] => running
    [type] => restore
)

[2026-01-15 17:04:05] [14 MB] [chunked_processor] save_job called
    DATA: Array
(
    [job_id] => 50390c3f-4dd7-4617-bf4c-7be98ed172d4
    [status] => running
)

[2026-01-15 17:04:05] [14 MB] [chunked_processor] Transient save result
    DATA: Array
(
    [option_name] => speed_backups_job_50390c3f-4dd7-4617-bf4c-7be98ed172d4
    [success] => YES
)

[2026-01-15 17:04:05] [14 MB] [chunked_processor] Option save result
    DATA: Array
(
    [option_name] => speed_backups_job_50390c3f-4dd7-4617-bf4c-7be98ed172d4
    [success] => YES
)

[2026-01-15 17:04:05] [14 MB] [chunked_processor] Save verification (direct DB)
    DATA: Array
(
    [verified] => YES
)

[2026-01-15 17:04:05] [14 MB] [chunked_processor] get_job called
    DATA: Array
(
    [job_id] => 50390c3f-4dd7-4617-bf4c-7be98ed172d4
)

[2026-01-15 17:04:05] [14 MB] [chunked_processor] Transient lookup result
    DATA: Array
(
    [option_name] => speed_backups_job_50390c3f-4dd7-4617-bf4c-7be98ed172d4
    [found] => YES
)

[2026-01-15 17:04:05] [14 MB] [chunked_processor] Job retrieved successfully
    DATA: Array
(
    [status] => running
    [type] => restore
)

[2026-01-15 17:04:05] [14 MB] [chunked_processor] get_job called
    DATA: Array
(
    [job_id] => 50390c3f-4dd7-4617-bf4c-7be98ed172d4
)

[2026-01-15 17:04:05] [14 MB] [chunked_processor] Transient lookup result
    DATA: Array
(
    [option_name] => speed_backups_job_50390c3f-4dd7-4617-bf4c-7be98ed172d4
    [found] => YES
)

[2026-01-15 17:04:05] [14 MB] [chunked_processor] Job retrieved successfully
    DATA: Array
(
    [status] => running
    [type] => restore
)

[2026-01-15 17:04:05] [14 MB] [ERROR_HANDLER] PHP error handlers registered
[2026-01-15 17:04:05] [14 MB] [FUNCTION] >>> ENTER: process_chunk
    DATA: Array
(
    [0] => job_id
)

[2026-01-15 17:04:05] [14 MB] [chunked_processor] get_job called
    DATA: Array
(
    [job_id] => 50390c3f-4dd7-4617-bf4c-7be98ed172d4
)

[2026-01-15 17:04:05] [14 MB] [chunked_processor] Transient lookup result
    DATA: Array
(
    [option_name] => speed_backups_job_50390c3f-4dd7-4617-bf4c-7be98ed172d4
    [found] => YES
)

[2026-01-15 17:04:05] [14 MB] [chunked_processor] Job retrieved successfully
    DATA: Array
(
    [status] => running
    [type] => restore
)

[2026-01-15 17:04:05] [14 MB] [JOB_STATE] Job 50390c3f-4dd7-4617-bf4c-7be98ed172d4 state
    DATA: Array
(
    [status] => running
    [type] => restore
    [phase] => extract
    [progress] => 62.135922330097
)

[2026-01-15 17:04:05] [14 MB] [chunked_processor] get_job called
    DATA: Array
(
    [job_id] => 50390c3f-4dd7-4617-bf4c-7be98ed172d4
)

[2026-01-15 17:04:05] [14 MB] [chunked_processor] Transient lookup result
    DATA: Array
(
    [option_name] => speed_backups_job_50390c3f-4dd7-4617-bf4c-7be98ed172d4
    [found] => YES
)

[2026-01-15 17:04:05] [14 MB] [chunked_processor] Job retrieved successfully
    DATA: Array
(
    [status] => running
    [type] => restore
)

[2026-01-15 17:04:05] [14 MB] [chunked_processor] get_job called
    DATA: Array
(
    [job_id] => 50390c3f-4dd7-4617-bf4c-7be98ed172d4
)

[2026-01-15 17:04:05] [14 MB] [chunked_processor] Transient lookup result
    DATA: Array
(
    [option_name] => speed_backups_job_50390c3f-4dd7-4617-bf4c-7be98ed172d4
    [found] => YES
)

[2026-01-15 17:04:05] [14 MB] [chunked_processor] Job retrieved successfully
    DATA: Array
(
    [status] => running
    [type] => restore
)

[2026-01-15 17:04:05] [14 MB] [chunked_processor] save_job called
    DATA: Array
(
    [job_id] => 50390c3f-4dd7-4617-bf4c-7be98ed172d4
    [status] => running
)

[2026-01-15 17:04:05] [14 MB] [chunked_processor] Transient save result
    DATA: Array
(
    [option_name] => speed_backups_job_50390c3f-4dd7-4617-bf4c-7be98ed172d4
    [success] => YES
)

[2026-01-15 17:04:05] [14 MB] [chunked_processor] Option save result
    DATA: Array
(
    [option_name] => speed_backups_job_50390c3f-4dd7-4617-bf4c-7be98ed172d4
    [success] => YES
)

[2026-01-15 17:04:05] [14 MB] [chunked_processor] Save verification (direct DB)
    DATA: Array
(
    [verified] => YES
)

[2026-01-15 17:04:06] [14 MB] [chunked_processor] get_job called
    DATA: Array
(
    [job_id] => 50390c3f-4dd7-4617-bf4c-7be98ed172d4
)

[2026-01-15 17:04:06] [14 MB] [chunked_processor] Transient lookup result
    DATA: Array
(
    [option_name] => speed_backups_job_50390c3f-4dd7-4617-bf4c-7be98ed172d4
    [found] => YES
)

[2026-01-15 17:04:06] [14 MB] [chunked_processor] Job retrieved successfully
    DATA: Array
(
    [status] => running
    [type] => restore
)

[2026-01-15 17:04:06] [14 MB] [chunked_processor] save_job called
    DATA: Array
(
    [job_id] => 50390c3f-4dd7-4617-bf4c-7be98ed172d4
    [status] => running
)

[2026-01-15 17:04:06] [14 MB] [chunked_processor] Transient save result
    DATA: Array
(
    [option_name] => speed_backups_job_50390c3f-4dd7-4617-bf4c-7be98ed172d4
    [success] => YES
)

[2026-01-15 17:04:06] [14 MB] [chunked_processor] Option save result
    DATA: Array
(
    [option_name] => speed_backups_job_50390c3f-4dd7-4617-bf4c-7be98ed172d4
    [success] => YES
)

[2026-01-15 17:04:06] [14 MB] [chunked_processor] Save verification (direct DB)
    DATA: Array
(
    [verified] => YES
)

[2026-01-15 17:04:06] [14 MB] [chunked_processor] get_job called
    DATA: Array
(
    [job_id] => 50390c3f-4dd7-4617-bf4c-7be98ed172d4
)

[2026-01-15 17:04:06] [14 MB] [chunked_processor] Transient lookup result
    DATA: Array
(
    [option_name] => speed_backups_job_50390c3f-4dd7-4617-bf4c-7be98ed172d4
    [found] => YES
)

[2026-01-15 17:04:06] [14 MB] [chunked_processor] Job retrieved successfully
    DATA: Array
(
    [status] => running
    [type] => restore
)

[2026-01-15 17:04:06] [14 MB] [chunked_processor] get_job called
    DATA: Array
(
    [job_id] => 50390c3f-4dd7-4617-bf4c-7be98ed172d4
)

[2026-01-15 17:04:06] [14 MB] [chunked_processor] Transient lookup result
    DATA: Array
(
    [option_name] => speed_backups_job_50390c3f-4dd7-4617-bf4c-7be98ed172d4
    [found] => YES
)

[2026-01-15 17:04:06] [14 MB] [chunked_processor] Job retrieved successfully
    DATA: Array
(
    [status] => running
    [type] => restore
)

[2026-01-15 17:04:06] [14 MB] [ERROR_HANDLER] PHP error handlers registered
[2026-01-15 17:04:06] [14 MB] [FUNCTION] >>> ENTER: process_chunk
    DATA: Array
(
    [0] => job_id
)

[2026-01-15 17:04:06] [14 MB] [chunked_processor] get_job called
    DATA: Array
(
    [job_id] => 50390c3f-4dd7-4617-bf4c-7be98ed172d4
)

[2026-01-15 17:04:06] [14 MB] [chunked_processor] Transient lookup result
    DATA: Array
(
    [option_name] => speed_backups_job_50390c3f-4dd7-4617-bf4c-7be98ed172d4
    [found] => YES
)

[2026-01-15 17:04:06] [14 MB] [chunked_processor] Job retrieved successfully
    DATA: Array
(
    [status] => running
    [type] => restore
)

[2026-01-15 17:04:06] [14 MB] [JOB_STATE] Job 50390c3f-4dd7-4617-bf4c-7be98ed172d4 state
    DATA: Array
(
    [status] => running
    [type] => restore
    [phase] => extract
    [progress] => 63.430420711974
)

[2026-01-15 17:04:06] [14 MB] [chunked_processor] get_job called
    DATA: Array
(
    [job_id] => 50390c3f-4dd7-4617-bf4c-7be98ed172d4
)

[2026-01-15 17:04:06] [14 MB] [chunked_processor] Transient lookup result
    DATA: Array
(
    [option_name] => speed_backups_job_50390c3f-4dd7-4617-bf4c-7be98ed172d4
    [found] => YES
)

[2026-01-15 17:04:06] [14 MB] [chunked_processor] Job retrieved successfully
    DATA: Array
(
    [status] => running
    [type] => restore
)

[2026-01-15 17:04:06] [14 MB] [chunked_processor] get_job called
    DATA: Array
(
    [job_id] => 50390c3f-4dd7-4617-bf4c-7be98ed172d4
)

[2026-01-15 17:04:06] [14 MB] [chunked_processor] Transient lookup result
    DATA: Array
(
    [option_name] => speed_backups_job_50390c3f-4dd7-4617-bf4c-7be98ed172d4
    [found] => YES
)

[2026-01-15 17:04:06] [14 MB] [chunked_processor] Job retrieved successfully
    DATA: Array
(
    [status] => running
    [type] => restore
)

[2026-01-15 17:04:06] [14 MB] [chunked_processor] save_job called
    DATA: Array
(
    [job_id] => 50390c3f-4dd7-4617-bf4c-7be98ed172d4
    [status] => running
)

[2026-01-15 17:04:06] [14 MB] [chunked_processor] Transient save result
    DATA: Array
(
    [option_name] => speed_backups_job_50390c3f-4dd7-4617-bf4c-7be98ed172d4
    [success] => YES
)

[2026-01-15 17:04:06] [14 MB] [chunked_processor] Option save result
    DATA: Array
(
    [option_name] => speed_backups_job_50390c3f-4dd7-4617-bf4c-7be98ed172d4
    [success] => YES
)

[2026-01-15 17:04:06] [14 MB] [chunked_processor] Save verification (direct DB)
    DATA: Array
(
    [verified] => YES
)

[2026-01-15 17:04:06] [14 MB] [chunked_processor] get_job called
    DATA: Array
(
    [job_id] => 50390c3f-4dd7-4617-bf4c-7be98ed172d4
)

[2026-01-15 17:04:06] [14 MB] [chunked_processor] Transient lookup result
    DATA: Array
(
    [option_name] => speed_backups_job_50390c3f-4dd7-4617-bf4c-7be98ed172d4
    [found] => YES
)

[2026-01-15 17:04:06] [14 MB] [chunked_processor] Job retrieved successfully
    DATA: Array
(
    [status] => running
    [type] => restore
)

[2026-01-15 17:04:06] [14 MB] [chunked_processor] save_job called
    DATA: Array
(
    [job_id] => 50390c3f-4dd7-4617-bf4c-7be98ed172d4
    [status] => running
)

[2026-01-15 17:04:06] [14 MB] [chunked_processor] Transient save result
    DATA: Array
(
    [option_name] => speed_backups_job_50390c3f-4dd7-4617-bf4c-7be98ed172d4
    [success] => YES
)

[2026-01-15 17:04:06] [14 MB] [chunked_processor] Option save result
    DATA: Array
(
    [option_name] => speed_backups_job_50390c3f-4dd7-4617-bf4c-7be98ed172d4
    [success] => YES
)

[2026-01-15 17:04:06] [14 MB] [chunked_processor] Save verification (direct DB)
    DATA: Array
(
    [verified] => YES
)

[2026-01-15 17:04:06] [14 MB] [chunked_processor] get_job called
    DATA: Array
(
    [job_id] => 50390c3f-4dd7-4617-bf4c-7be98ed172d4
)

[2026-01-15 17:04:06] [14 MB] [chunked_processor] Transient lookup result
    DATA: Array
(
    [option_name] => speed_backups_job_50390c3f-4dd7-4617-bf4c-7be98ed172d4
    [found] => YES
)

[2026-01-15 17:04:06] [14 MB] [chunked_processor] Job retrieved successfully
    DATA: Array
(
    [status] => running
    [type] => restore
)

[2026-01-15 17:04:06] [14 MB] [chunked_processor] get_job called
    DATA: Array
(
    [job_id] => 50390c3f-4dd7-4617-bf4c-7be98ed172d4
)

[2026-01-15 17:04:06] [14 MB] [chunked_processor] Transient lookup result
    DATA: Array
(
    [option_name] => speed_backups_job_50390c3f-4dd7-4617-bf4c-7be98ed172d4
    [found] => YES
)

[2026-01-15 17:04:06] [14 MB] [chunked_processor] Job retrieved successfully
    DATA: Array
(
    [status] => running
    [type] => restore
)

[2026-01-15 17:04:06] [14 MB] [ERROR_HANDLER] PHP error handlers registered
[2026-01-15 17:04:06] [14 MB] [FUNCTION] >>> ENTER: process_chunk
    DATA: Array
(
    [0] => job_id
)

[2026-01-15 17:04:06] [14 MB] [chunked_processor] get_job called
    DATA: Array
(
    [job_id] => 50390c3f-4dd7-4617-bf4c-7be98ed172d4
)

[2026-01-15 17:04:06] [14 MB] [chunked_processor] Transient lookup result
    DATA: Array
(
    [option_name] => speed_backups_job_50390c3f-4dd7-4617-bf4c-7be98ed172d4
    [found] => YES
)

[2026-01-15 17:04:06] [14 MB] [chunked_processor] Job retrieved successfully
    DATA: Array
(
    [status] => running
    [type] => restore
)

[2026-01-15 17:04:06] [14 MB] [JOB_STATE] Job 50390c3f-4dd7-4617-bf4c-7be98ed172d4 state
    DATA: Array
(
    [status] => running
    [type] => restore
    [phase] => extract
    [progress] => 64.724919093851
)

[2026-01-15 17:04:06] [14 MB] [chunked_processor] get_job called
    DATA: Array
(
    [job_id] => 50390c3f-4dd7-4617-bf4c-7be98ed172d4
)

[2026-01-15 17:04:06] [14 MB] [chunked_processor] Transient lookup result
    DATA: Array
(
    [option_name] => speed_backups_job_50390c3f-4dd7-4617-bf4c-7be98ed172d4
    [found] => YES
)

[2026-01-15 17:04:06] [14 MB] [chunked_processor] Job retrieved successfully
    DATA: Array
(
    [status] => running
    [type] => restore
)

[2026-01-15 17:04:06] [14 MB] [chunked_processor] get_job called
    DATA: Array
(
    [job_id] => 50390c3f-4dd7-4617-bf4c-7be98ed172d4
)

[2026-01-15 17:04:06] [14 MB] [chunked_processor] Transient lookup result
    DATA: Array
(
    [option_name] => speed_backups_job_50390c3f-4dd7-4617-bf4c-7be98ed172d4
    [found] => YES
)

[2026-01-15 17:04:06] [14 MB] [chunked_processor] Job retrieved successfully
    DATA: Array
(
    [status] => running
    [type] => restore
)

[2026-01-15 17:04:06] [14 MB] [chunked_processor] save_job called
    DATA: Array
(
    [job_id] => 50390c3f-4dd7-4617-bf4c-7be98ed172d4
    [status] => running
)

[2026-01-15 17:04:06] [14 MB] [chunked_processor] Transient save result
    DATA: Array
(
    [option_name] => speed_backups_job_50390c3f-4dd7-4617-bf4c-7be98ed172d4
    [success] => YES
)

[2026-01-15 17:04:06] [14 MB] [chunked_processor] Option save result
    DATA: Array
(
    [option_name] => speed_backups_job_50390c3f-4dd7-4617-bf4c-7be98ed172d4
    [success] => YES
)

[2026-01-15 17:04:06] [14 MB] [chunked_processor] Save verification (direct DB)
    DATA: Array
(
    [verified] => YES
)

[2026-01-15 17:04:06] [14 MB] [chunked_processor] get_job called
    DATA: Array
(
    [job_id] => 50390c3f-4dd7-4617-bf4c-7be98ed172d4
)

[2026-01-15 17:04:06] [14 MB] [chunked_processor] Transient lookup result
    DATA: Array
(
    [option_name] => speed_backups_job_50390c3f-4dd7-4617-bf4c-7be98ed172d4
    [found] => YES
)

[2026-01-15 17:04:06] [14 MB] [chunked_processor] Job retrieved successfully
    DATA: Array
(
    [status] => running
    [type] => restore
)

[2026-01-15 17:04:06] [14 MB] [chunked_processor] save_job called
    DATA: Array
(
    [job_id] => 50390c3f-4dd7-4617-bf4c-7be98ed172d4
    [status] => running
)

[2026-01-15 17:04:06] [14 MB] [chunked_processor] Transient save result
    DATA: Array
(
    [option_name] => speed_backups_job_50390c3f-4dd7-4617-bf4c-7be98ed172d4
    [success] => YES
)

[2026-01-15 17:04:06] [14 MB] [chunked_processor] Option save result
    DATA: Array
(
    [option_name] => speed_backups_job_50390c3f-4dd7-4617-bf4c-7be98ed172d4
    [success] => YES
)

[2026-01-15 17:04:06] [14 MB] [chunked_processor] Save verification (direct DB)
    DATA: Array
(
    [verified] => YES
)

[2026-01-15 17:04:06] [14 MB] [chunked_processor] get_job called
    DATA: Array
(
    [job_id] => 50390c3f-4dd7-4617-bf4c-7be98ed172d4
)

[2026-01-15 17:04:06] [14 MB] [chunked_processor] Transient lookup result
    DATA: Array
(
    [option_name] => speed_backups_job_50390c3f-4dd7-4617-bf4c-7be98ed172d4
    [found] => YES
)

[2026-01-15 17:04:06] [14 MB] [chunked_processor] Job retrieved successfully
    DATA: Array
(
    [status] => running
    [type] => restore
)

[2026-01-15 17:04:06] [14 MB] [chunked_processor] get_job called
    DATA: Array
(
    [job_id] => 50390c3f-4dd7-4617-bf4c-7be98ed172d4
)

[2026-01-15 17:04:06] [14 MB] [chunked_processor] Transient lookup result
    DATA: Array
(
    [option_name] => speed_backups_job_50390c3f-4dd7-4617-bf4c-7be98ed172d4
    [found] => YES
)

[2026-01-15 17:04:06] [14 MB] [chunked_processor] Job retrieved successfully
    DATA: Array
(
    [status] => running
    [type] => restore
)

[2026-01-15 17:04:07] [14 MB] [ERROR_HANDLER] PHP error handlers registered
[2026-01-15 17:04:07] [14 MB] [FUNCTION] >>> ENTER: process_chunk
    DATA: Array
(
    [0] => job_id
)

[2026-01-15 17:04:07] [14 MB] [chunked_processor] get_job called
    DATA: Array
(
    [job_id] => 50390c3f-4dd7-4617-bf4c-7be98ed172d4
)

[2026-01-15 17:04:07] [14 MB] [chunked_processor] Transient lookup result
    DATA: Array
(
    [option_name] => speed_backups_job_50390c3f-4dd7-4617-bf4c-7be98ed172d4
    [found] => YES
)

[2026-01-15 17:04:07] [14 MB] [chunked_processor] Job retrieved successfully
    DATA: Array
(
    [status] => running
    [type] => restore
)

[2026-01-15 17:04:07] [14 MB] [JOB_STATE] Job 50390c3f-4dd7-4617-bf4c-7be98ed172d4 state
    DATA: Array
(
    [status] => running
    [type] => restore
    [phase] => extract
    [progress] => 66.019417475728
)

[2026-01-15 17:04:07] [14 MB] [chunked_processor] get_job called
    DATA: Array
(
    [job_id] => 50390c3f-4dd7-4617-bf4c-7be98ed172d4
)

[2026-01-15 17:04:07] [14 MB] [chunked_processor] Transient lookup result
    DATA: Array
(
    [option_name] => speed_backups_job_50390c3f-4dd7-4617-bf4c-7be98ed172d4
    [found] => YES
)

[2026-01-15 17:04:07] [14 MB] [chunked_processor] Job retrieved successfully
    DATA: Array
(
    [status] => running
    [type] => restore
)

[2026-01-15 17:04:07] [14 MB] [chunked_processor] get_job called
    DATA: Array
(
    [job_id] => 50390c3f-4dd7-4617-bf4c-7be98ed172d4
)

[2026-01-15 17:04:07] [14 MB] [chunked_processor] Transient lookup result
    DATA: Array
(
    [option_name] => speed_backups_job_50390c3f-4dd7-4617-bf4c-7be98ed172d4
    [found] => YES
)

[2026-01-15 17:04:07] [14 MB] [chunked_processor] Job retrieved successfully
    DATA: Array
(
    [status] => running
    [type] => restore
)

[2026-01-15 17:04:07] [14 MB] [chunked_processor] save_job called
    DATA: Array
(
    [job_id] => 50390c3f-4dd7-4617-bf4c-7be98ed172d4
    [status] => running
)

[2026-01-15 17:04:07] [14 MB] [chunked_processor] Transient save result
    DATA: Array
(
    [option_name] => speed_backups_job_50390c3f-4dd7-4617-bf4c-7be98ed172d4
    [success] => YES
)

[2026-01-15 17:04:07] [14 MB] [chunked_processor] Option save result
    DATA: Array
(
    [option_name] => speed_backups_job_50390c3f-4dd7-4617-bf4c-7be98ed172d4
    [success] => YES
)

[2026-01-15 17:04:07] [14 MB] [chunked_processor] Save verification (direct DB)
    DATA: Array
(
    [verified] => YES
)

[2026-01-15 17:04:07] [14 MB] [chunked_processor] get_job called
    DATA: Array
(
    [job_id] => 50390c3f-4dd7-4617-bf4c-7be98ed172d4
)

[2026-01-15 17:04:07] [14 MB] [chunked_processor] Transient lookup result
    DATA: Array
(
    [option_name] => speed_backups_job_50390c3f-4dd7-4617-bf4c-7be98ed172d4
    [found] => YES
)

[2026-01-15 17:04:07] [14 MB] [chunked_processor] Job retrieved successfully
    DATA: Array
(
    [status] => running
    [type] => restore
)

[2026-01-15 17:04:07] [14 MB] [chunked_processor] save_job called
    DATA: Array
(
    [job_id] => 50390c3f-4dd7-4617-bf4c-7be98ed172d4
    [status] => running
)

[2026-01-15 17:04:07] [14 MB] [chunked_processor] Transient save result
    DATA: Array
(
    [option_name] => speed_backups_job_50390c3f-4dd7-4617-bf4c-7be98ed172d4
    [success] => YES
)

[2026-01-15 17:04:07] [14 MB] [chunked_processor] Option save result
    DATA: Array
(
    [option_name] => speed_backups_job_50390c3f-4dd7-4617-bf4c-7be98ed172d4
    [success] => YES
)

[2026-01-15 17:04:07] [14 MB] [chunked_processor] Save verification (direct DB)
    DATA: Array
(
    [verified] => YES
)

[2026-01-15 17:04:07] [14 MB] [chunked_processor] get_job called
    DATA: Array
(
    [job_id] => 50390c3f-4dd7-4617-bf4c-7be98ed172d4
)

[2026-01-15 17:04:07] [14 MB] [chunked_processor] Transient lookup result
    DATA: Array
(
    [option_name] => speed_backups_job_50390c3f-4dd7-4617-bf4c-7be98ed172d4
    [found] => YES
)

[2026-01-15 17:04:07] [14 MB] [chunked_processor] Job retrieved successfully
    DATA: Array
(
    [status] => running
    [type] => restore
)

[2026-01-15 17:04:07] [14 MB] [chunked_processor] get_job called
    DATA: Array
(
    [job_id] => 50390c3f-4dd7-4617-bf4c-7be98ed172d4
)

[2026-01-15 17:04:07] [14 MB] [chunked_processor] Transient lookup result
    DATA: Array
(
    [option_name] => speed_backups_job_50390c3f-4dd7-4617-bf4c-7be98ed172d4
    [found] => YES
)

[2026-01-15 17:04:07] [14 MB] [chunked_processor] Job retrieved successfully
    DATA: Array
(
    [status] => running
    [type] => restore
)

[2026-01-15 17:04:07] [14 MB] [ERROR_HANDLER] PHP error handlers registered
[2026-01-15 17:04:07] [14 MB] [FUNCTION] >>> ENTER: process_chunk
    DATA: Array
(
    [0] => job_id
)

[2026-01-15 17:04:07] [14 MB] [chunked_processor] get_job called
    DATA: Array
(
    [job_id] => 50390c3f-4dd7-4617-bf4c-7be98ed172d4
)

[2026-01-15 17:04:07] [14 MB] [chunked_processor] Transient lookup result
    DATA: Array
(
    [option_name] => speed_backups_job_50390c3f-4dd7-4617-bf4c-7be98ed172d4
    [found] => YES
)

[2026-01-15 17:04:07] [14 MB] [chunked_processor] Job retrieved successfully
    DATA: Array
(
    [status] => running
    [type] => restore
)

[2026-01-15 17:04:07] [14 MB] [JOB_STATE] Job 50390c3f-4dd7-4617-bf4c-7be98ed172d4 state
    DATA: Array
(
    [status] => running
    [type] => restore
    [phase] => extract
    [progress] => 67.313915857605
)

[2026-01-15 17:04:07] [14 MB] [chunked_processor] get_job called
    DATA: Array
(
    [job_id] => 50390c3f-4dd7-4617-bf4c-7be98ed172d4
)

[2026-01-15 17:04:07] [14 MB] [chunked_processor] Transient lookup result
    DATA: Array
(
    [option_name] => speed_backups_job_50390c3f-4dd7-4617-bf4c-7be98ed172d4
    [found] => YES
)

[2026-01-15 17:04:07] [14 MB] [chunked_processor] Job retrieved successfully
    DATA: Array
(
    [status] => running
    [type] => restore
)

[2026-01-15 17:04:07] [14 MB] [chunked_processor] get_job called
    DATA: Array
(
    [job_id] => 50390c3f-4dd7-4617-bf4c-7be98ed172d4
)

[2026-01-15 17:04:07] [14 MB] [chunked_processor] Transient lookup result
    DATA: Array
(
    [option_name] => speed_backups_job_50390c3f-4dd7-4617-bf4c-7be98ed172d4
    [found] => YES
)

[2026-01-15 17:04:07] [14 MB] [chunked_processor] Job retrieved successfully
    DATA: Array
(
    [status] => running
    [type] => restore
)

[2026-01-15 17:04:07] [14 MB] [chunked_processor] save_job called
    DATA: Array
(
    [job_id] => 50390c3f-4dd7-4617-bf4c-7be98ed172d4
    [status] => running
)

[2026-01-15 17:04:07] [14 MB] [chunked_processor] Transient save result
    DATA: Array
(
    [option_name] => speed_backups_job_50390c3f-4dd7-4617-bf4c-7be98ed172d4
    [success] => YES
)

[2026-01-15 17:04:07] [14 MB] [chunked_processor] Option save result
    DATA: Array
(
    [option_name] => speed_backups_job_50390c3f-4dd7-4617-bf4c-7be98ed172d4
    [success] => YES
)

[2026-01-15 17:04:07] [14 MB] [chunked_processor] Save verification (direct DB)
    DATA: Array
(
    [verified] => YES
)

[2026-01-15 17:04:07] [14 MB] [chunked_processor] get_job called
    DATA: Array
(
    [job_id] => 50390c3f-4dd7-4617-bf4c-7be98ed172d4
)

[2026-01-15 17:04:07] [14 MB] [chunked_processor] Transient lookup result
    DATA: Array
(
    [option_name] => speed_backups_job_50390c3f-4dd7-4617-bf4c-7be98ed172d4
    [found] => YES
)

[2026-01-15 17:04:07] [14 MB] [chunked_processor] Job retrieved successfully
    DATA: Array
(
    [status] => running
    [type] => restore
)

[2026-01-15 17:04:07] [14 MB] [chunked_processor] save_job called
    DATA: Array
(
    [job_id] => 50390c3f-4dd7-4617-bf4c-7be98ed172d4
    [status] => running
)

[2026-01-15 17:04:07] [14 MB] [chunked_processor] Transient save result
    DATA: Array
(
    [option_name] => speed_backups_job_50390c3f-4dd7-4617-bf4c-7be98ed172d4
    [success] => YES
)

[2026-01-15 17:04:07] [14 MB] [chunked_processor] Option save result
    DATA: Array
(
    [option_name] => speed_backups_job_50390c3f-4dd7-4617-bf4c-7be98ed172d4
    [success] => YES
)

[2026-01-15 17:04:07] [14 MB] [chunked_processor] Save verification (direct DB)
    DATA: Array
(
    [verified] => YES
)

[2026-01-15 17:04:07] [14 MB] [chunked_processor] get_job called
    DATA: Array
(
    [job_id] => 50390c3f-4dd7-4617-bf4c-7be98ed172d4
)

[2026-01-15 17:04:07] [14 MB] [chunked_processor] Transient lookup result
    DATA: Array
(
    [option_name] => speed_backups_job_50390c3f-4dd7-4617-bf4c-7be98ed172d4
    [found] => YES
)

[2026-01-15 17:04:07] [14 MB] [chunked_processor] Job retrieved successfully
    DATA: Array
(
    [status] => running
    [type] => restore
)

[2026-01-15 17:04:07] [14 MB] [chunked_processor] get_job called
    DATA: Array
(
    [job_id] => 50390c3f-4dd7-4617-bf4c-7be98ed172d4
)

[2026-01-15 17:04:07] [14 MB] [chunked_processor] Transient lookup result
    DATA: Array
(
    [option_name] => speed_backups_job_50390c3f-4dd7-4617-bf4c-7be98ed172d4
    [found] => YES
)

[2026-01-15 17:04:07] [14 MB] [chunked_processor] Job retrieved successfully
    DATA: Array
(
    [status] => running
    [type] => restore
)

[2026-01-15 17:04:08] [14 MB] [ERROR_HANDLER] PHP error handlers registered
[2026-01-15 17:04:08] [14 MB] [FUNCTION] >>> ENTER: process_chunk
    DATA: Array
(
    [0] => job_id
)

[2026-01-15 17:04:08] [14 MB] [chunked_processor] get_job called
    DATA: Array
(
    [job_id] => 50390c3f-4dd7-4617-bf4c-7be98ed172d4
)

[2026-01-15 17:04:08] [14 MB] [chunked_processor] Transient lookup result
    DATA: Array
(
    [option_name] => speed_backups_job_50390c3f-4dd7-4617-bf4c-7be98ed172d4
    [found] => YES
)

[2026-01-15 17:04:08] [14 MB] [chunked_processor] Job retrieved successfully
    DATA: Array
(
    [status] => running
    [type] => restore
)

[2026-01-15 17:04:08] [14 MB] [JOB_STATE] Job 50390c3f-4dd7-4617-bf4c-7be98ed172d4 state
    DATA: Array
(
    [status] => running
    [type] => restore
    [phase] => extract
    [progress] => 68.608414239482
)

[2026-01-15 17:04:08] [14 MB] [chunked_processor] get_job called
    DATA: Array
(
    [job_id] => 50390c3f-4dd7-4617-bf4c-7be98ed172d4
)

[2026-01-15 17:04:08] [14 MB] [chunked_processor] Transient lookup result
    DATA: Array
(
    [option_name] => speed_backups_job_50390c3f-4dd7-4617-bf4c-7be98ed172d4
    [found] => YES
)

[2026-01-15 17:04:08] [14 MB] [chunked_processor] Job retrieved successfully
    DATA: Array
(
    [status] => running
    [type] => restore
)

[2026-01-15 17:04:08] [14 MB] [chunked_processor] get_job called
    DATA: Array
(
    [job_id] => 50390c3f-4dd7-4617-bf4c-7be98ed172d4
)

[2026-01-15 17:04:08] [14 MB] [chunked_processor] Transient lookup result
    DATA: Array
(
    [option_name] => speed_backups_job_50390c3f-4dd7-4617-bf4c-7be98ed172d4
    [found] => YES
)

[2026-01-15 17:04:08] [14 MB] [chunked_processor] Job retrieved successfully
    DATA: Array
(
    [status] => running
    [type] => restore
)

[2026-01-15 17:04:08] [14 MB] [chunked_processor] save_job called
    DATA: Array
(
    [job_id] => 50390c3f-4dd7-4617-bf4c-7be98ed172d4
    [status] => running
)

[2026-01-15 17:04:08] [14 MB] [chunked_processor] Transient save result
    DATA: Array
(
    [option_name] => speed_backups_job_50390c3f-4dd7-4617-bf4c-7be98ed172d4
    [success] => YES
)

[2026-01-15 17:04:08] [14 MB] [chunked_processor] Option save result
    DATA: Array
(
    [option_name] => speed_backups_job_50390c3f-4dd7-4617-bf4c-7be98ed172d4
    [success] => YES
)

[2026-01-15 17:04:08] [14 MB] [chunked_processor] Save verification (direct DB)
    DATA: Array
(
    [verified] => YES
)

[2026-01-15 17:04:08] [14 MB] [chunked_processor] get_job called
    DATA: Array
(
    [job_id] => 50390c3f-4dd7-4617-bf4c-7be98ed172d4
)

[2026-01-15 17:04:08] [14 MB] [chunked_processor] Transient lookup result
    DATA: Array
(
    [option_name] => speed_backups_job_50390c3f-4dd7-4617-bf4c-7be98ed172d4
    [found] => YES
)

[2026-01-15 17:04:08] [14 MB] [chunked_processor] Job retrieved successfully
    DATA: Array
(
    [status] => running
    [type] => restore
)

[2026-01-15 17:04:08] [14 MB] [chunked_processor] save_job called
    DATA: Array
(
    [job_id] => 50390c3f-4dd7-4617-bf4c-7be98ed172d4
    [status] => running
)

[2026-01-15 17:04:08] [14 MB] [chunked_processor] Transient save result
    DATA: Array
(
    [option_name] => speed_backups_job_50390c3f-4dd7-4617-bf4c-7be98ed172d4
    [success] => YES
)

[2026-01-15 17:04:08] [14 MB] [chunked_processor] Option save result
    DATA: Array
(
    [option_name] => speed_backups_job_50390c3f-4dd7-4617-bf4c-7be98ed172d4
    [success] => YES
)

[2026-01-15 17:04:08] [14 MB] [chunked_processor] Save verification (direct DB)
    DATA: Array
(
    [verified] => YES
)

[2026-01-15 17:04:08] [14 MB] [chunked_processor] get_job called
    DATA: Array
(
    [job_id] => 50390c3f-4dd7-4617-bf4c-7be98ed172d4
)

[2026-01-15 17:04:08] [14 MB] [chunked_processor] Transient lookup result
    DATA: Array
(
    [option_name] => speed_backups_job_50390c3f-4dd7-4617-bf4c-7be98ed172d4
    [found] => YES
)

[2026-01-15 17:04:08] [14 MB] [chunked_processor] Job retrieved successfully
    DATA: Array
(
    [status] => running
    [type] => restore
)

[2026-01-15 17:04:08] [14 MB] [chunked_processor] get_job called
    DATA: Array
(
    [job_id] => 50390c3f-4dd7-4617-bf4c-7be98ed172d4
)

[2026-01-15 17:04:08] [14 MB] [chunked_processor] Transient lookup result
    DATA: Array
(
    [option_name] => speed_backups_job_50390c3f-4dd7-4617-bf4c-7be98ed172d4
    [found] => YES
)

[2026-01-15 17:04:08] [14 MB] [chunked_processor] Job retrieved successfully
    DATA: Array
(
    [status] => running
    [type] => restore
)

[2026-01-15 17:04:08] [14 MB] [ERROR_HANDLER] PHP error handlers registered
[2026-01-15 17:04:08] [14 MB] [FUNCTION] >>> ENTER: process_chunk
    DATA: Array
(
    [0] => job_id
)

[2026-01-15 17:04:08] [14 MB] [chunked_processor] get_job called
    DATA: Array
(
    [job_id] => 50390c3f-4dd7-4617-bf4c-7be98ed172d4
)

[2026-01-15 17:04:08] [14 MB] [chunked_processor] Transient lookup result
    DATA: Array
(
    [option_name] => speed_backups_job_50390c3f-4dd7-4617-bf4c-7be98ed172d4
    [found] => YES
)

[2026-01-15 17:04:08] [14 MB] [chunked_processor] Job retrieved successfully
    DATA: Array
(
    [status] => running
    [type] => restore
)

[2026-01-15 17:04:08] [14 MB] [JOB_STATE] Job 50390c3f-4dd7-4617-bf4c-7be98ed172d4 state
    DATA: Array
(
    [status] => running
    [type] => restore
    [phase] => extract
    [progress] => 69.902912621359
)

[2026-01-15 17:04:08] [14 MB] [chunked_processor] get_job called
    DATA: Array
(
    [job_id] => 50390c3f-4dd7-4617-bf4c-7be98ed172d4
)

[2026-01-15 17:04:08] [14 MB] [chunked_processor] Transient lookup result
    DATA: Array
(
    [option_name] => speed_backups_job_50390c3f-4dd7-4617-bf4c-7be98ed172d4
    [found] => YES
)

[2026-01-15 17:04:08] [14 MB] [chunked_processor] Job retrieved successfully
    DATA: Array
(
    [status] => running
    [type] => restore
)

[2026-01-15 17:04:08] [14 MB] [chunked_processor] get_job called
    DATA: Array
(
    [job_id] => 50390c3f-4dd7-4617-bf4c-7be98ed172d4
)

[2026-01-15 17:04:08] [14 MB] [chunked_processor] Transient lookup result
    DATA: Array
(
    [option_name] => speed_backups_job_50390c3f-4dd7-4617-bf4c-7be98ed172d4
    [found] => YES
)

[2026-01-15 17:04:08] [14 MB] [chunked_processor] Job retrieved successfully
    DATA: Array
(
    [status] => running
    [type] => restore
)

[2026-01-15 17:04:08] [14 MB] [chunked_processor] save_job called
    DATA: Array
(
    [job_id] => 50390c3f-4dd7-4617-bf4c-7be98ed172d4
    [status] => running
)

[2026-01-15 17:04:08] [14 MB] [chunked_processor] Transient save result
    DATA: Array
(
    [option_name] => speed_backups_job_50390c3f-4dd7-4617-bf4c-7be98ed172d4
    [success] => YES
)

[2026-01-15 17:04:08] [14 MB] [chunked_processor] Option save result
    DATA: Array
(
    [option_name] => speed_backups_job_50390c3f-4dd7-4617-bf4c-7be98ed172d4
    [success] => YES
)

[2026-01-15 17:04:08] [14 MB] [chunked_processor] Save verification (direct DB)
    DATA: Array
(
    [verified] => YES
)

[2026-01-15 17:04:08] [16 MB] [chunked_processor] get_job called
    DATA: Array
(
    [job_id] => 50390c3f-4dd7-4617-bf4c-7be98ed172d4
)

[2026-01-15 17:04:08] [16 MB] [chunked_processor] Transient lookup result
    DATA: Array
(
    [option_name] => speed_backups_job_50390c3f-4dd7-4617-bf4c-7be98ed172d4
    [found] => YES
)

[2026-01-15 17:04:08] [16 MB] [chunked_processor] Job retrieved successfully
    DATA: Array
(
    [status] => running
    [type] => restore
)

[2026-01-15 17:04:08] [16 MB] [chunked_processor] save_job called
    DATA: Array
(
    [job_id] => 50390c3f-4dd7-4617-bf4c-7be98ed172d4
    [status] => running
)

[2026-01-15 17:04:08] [16 MB] [chunked_processor] Transient save result
    DATA: Array
(
    [option_name] => speed_backups_job_50390c3f-4dd7-4617-bf4c-7be98ed172d4
    [success] => YES
)

[2026-01-15 17:04:08] [16 MB] [chunked_processor] Option save result
    DATA: Array
(
    [option_name] => speed_backups_job_50390c3f-4dd7-4617-bf4c-7be98ed172d4
    [success] => YES
)

[2026-01-15 17:04:08] [16 MB] [chunked_processor] Save verification (direct DB)
    DATA: Array
(
    [verified] => YES
)

[2026-01-15 17:04:08] [16 MB] [chunked_processor] get_job called
    DATA: Array
(
    [job_id] => 50390c3f-4dd7-4617-bf4c-7be98ed172d4
)

[2026-01-15 17:04:08] [16 MB] [chunked_processor] Transient lookup result
    DATA: Array
(
    [option_name] => speed_backups_job_50390c3f-4dd7-4617-bf4c-7be98ed172d4
    [found] => YES
)

[2026-01-15 17:04:08] [16 MB] [chunked_processor] Job retrieved successfully
    DATA: Array
(
    [status] => running
    [type] => restore
)

[2026-01-15 17:04:08] [16 MB] [chunked_processor] get_job called
    DATA: Array
(
    [job_id] => 50390c3f-4dd7-4617-bf4c-7be98ed172d4
)

[2026-01-15 17:04:08] [16 MB] [chunked_processor] Transient lookup result
    DATA: Array
(
    [option_name] => speed_backups_job_50390c3f-4dd7-4617-bf4c-7be98ed172d4
    [found] => YES
)

[2026-01-15 17:04:08] [16 MB] [chunked_processor] Job retrieved successfully
    DATA: Array
(
    [status] => running
    [type] => restore
)

[2026-01-15 17:04:09] [14 MB] [ERROR_HANDLER] PHP error handlers registered
[2026-01-15 17:04:09] [14 MB] [FUNCTION] >>> ENTER: process_chunk
    DATA: Array
(
    [0] => job_id
)

[2026-01-15 17:04:09] [14 MB] [chunked_processor] get_job called
    DATA: Array
(
    [job_id] => 50390c3f-4dd7-4617-bf4c-7be98ed172d4
)

[2026-01-15 17:04:09] [14 MB] [chunked_processor] Transient lookup result
    DATA: Array
(
    [option_name] => speed_backups_job_50390c3f-4dd7-4617-bf4c-7be98ed172d4
    [found] => YES
)

[2026-01-15 17:04:09] [14 MB] [chunked_processor] Job retrieved successfully
    DATA: Array
(
    [status] => running
    [type] => restore
)

[2026-01-15 17:04:09] [14 MB] [JOB_STATE] Job 50390c3f-4dd7-4617-bf4c-7be98ed172d4 state
    DATA: Array
(
    [status] => running
    [type] => restore
    [phase] => extract
    [progress] => 71.197411003236
)

[2026-01-15 17:04:09] [14 MB] [chunked_processor] get_job called
    DATA: Array
(
    [job_id] => 50390c3f-4dd7-4617-bf4c-7be98ed172d4
)

[2026-01-15 17:04:09] [14 MB] [chunked_processor] Transient lookup result
    DATA: Array
(
    [option_name] => speed_backups_job_50390c3f-4dd7-4617-bf4c-7be98ed172d4
    [found] => YES
)

[2026-01-15 17:04:09] [14 MB] [chunked_processor] Job retrieved successfully
    DATA: Array
(
    [status] => running
    [type] => restore
)

[2026-01-15 17:04:09] [14 MB] [chunked_processor] get_job called
    DATA: Array
(
    [job_id] => 50390c3f-4dd7-4617-bf4c-7be98ed172d4
)

[2026-01-15 17:04:09] [14 MB] [chunked_processor] Transient lookup result
    DATA: Array
(
    [option_name] => speed_backups_job_50390c3f-4dd7-4617-bf4c-7be98ed172d4
    [found] => YES
)

[2026-01-15 17:04:09] [14 MB] [chunked_processor] Job retrieved successfully
    DATA: Array
(
    [status] => running
    [type] => restore
)

[2026-01-15 17:04:09] [14 MB] [chunked_processor] save_job called
    DATA: Array
(
    [job_id] => 50390c3f-4dd7-4617-bf4c-7be98ed172d4
    [status] => running
)

[2026-01-15 17:04:09] [14 MB] [chunked_processor] Transient save result
    DATA: Array
(
    [option_name] => speed_backups_job_50390c3f-4dd7-4617-bf4c-7be98ed172d4
    [success] => YES
)

[2026-01-15 17:04:09] [14 MB] [chunked_processor] Option save result
    DATA: Array
(
    [option_name] => speed_backups_job_50390c3f-4dd7-4617-bf4c-7be98ed172d4
    [success] => YES
)

[2026-01-15 17:04:09] [14 MB] [chunked_processor] Save verification (direct DB)
    DATA: Array
(
    [verified] => YES
)

[2026-01-15 17:04:09] [16 MB] [chunked_processor] get_job called
    DATA: Array
(
    [job_id] => 50390c3f-4dd7-4617-bf4c-7be98ed172d4
)

[2026-01-15 17:04:09] [16 MB] [chunked_processor] Transient lookup result
    DATA: Array
(
    [option_name] => speed_backups_job_50390c3f-4dd7-4617-bf4c-7be98ed172d4
    [found] => YES
)

[2026-01-15 17:04:09] [16 MB] [chunked_processor] Job retrieved successfully
    DATA: Array
(
    [status] => running
    [type] => restore
)

[2026-01-15 17:04:09] [16 MB] [chunked_processor] save_job called
    DATA: Array
(
    [job_id] => 50390c3f-4dd7-4617-bf4c-7be98ed172d4
    [status] => running
)

[2026-01-15 17:04:09] [16 MB] [chunked_processor] Transient save result
    DATA: Array
(
    [option_name] => speed_backups_job_50390c3f-4dd7-4617-bf4c-7be98ed172d4
    [success] => YES
)

[2026-01-15 17:04:09] [16 MB] [chunked_processor] Option save result
    DATA: Array
(
    [option_name] => speed_backups_job_50390c3f-4dd7-4617-bf4c-7be98ed172d4
    [success] => YES
)

[2026-01-15 17:04:09] [16 MB] [chunked_processor] Save verification (direct DB)
    DATA: Array
(
    [verified] => YES
)

[2026-01-15 17:04:09] [16 MB] [chunked_processor] get_job called
    DATA: Array
(
    [job_id] => 50390c3f-4dd7-4617-bf4c-7be98ed172d4
)

[2026-01-15 17:04:09] [16 MB] [chunked_processor] Transient lookup result
    DATA: Array
(
    [option_name] => speed_backups_job_50390c3f-4dd7-4617-bf4c-7be98ed172d4
    [found] => YES
)

[2026-01-15 17:04:09] [16 MB] [chunked_processor] Job retrieved successfully
    DATA: Array
(
    [status] => running
    [type] => restore
)

[2026-01-15 17:04:09] [16 MB] [chunked_processor] get_job called
    DATA: Array
(
    [job_id] => 50390c3f-4dd7-4617-bf4c-7be98ed172d4
)

[2026-01-15 17:04:09] [16 MB] [chunked_processor] Transient lookup result
    DATA: Array
(
    [option_name] => speed_backups_job_50390c3f-4dd7-4617-bf4c-7be98ed172d4
    [found] => YES
)

[2026-01-15 17:04:09] [16 MB] [chunked_processor] Job retrieved successfully
    DATA: Array
(
    [status] => running
    [type] => restore
)

[2026-01-15 17:04:09] [14 MB] [ERROR_HANDLER] PHP error handlers registered
[2026-01-15 17:04:09] [14 MB] [FUNCTION] >>> ENTER: process_chunk
    DATA: Array
(
    [0] => job_id
)

[2026-01-15 17:04:09] [14 MB] [chunked_processor] get_job called
    DATA: Array
(
    [job_id] => 50390c3f-4dd7-4617-bf4c-7be98ed172d4
)

[2026-01-15 17:04:09] [14 MB] [chunked_processor] Transient lookup result
    DATA: Array
(
    [option_name] => speed_backups_job_50390c3f-4dd7-4617-bf4c-7be98ed172d4
    [found] => YES
)

[2026-01-15 17:04:09] [14 MB] [chunked_processor] Job retrieved successfully
    DATA: Array
(
    [status] => running
    [type] => restore
)

[2026-01-15 17:04:09] [14 MB] [JOB_STATE] Job 50390c3f-4dd7-4617-bf4c-7be98ed172d4 state
    DATA: Array
(
    [status] => running
    [type] => restore
    [phase] => extract
    [progress] => 72.491909385113
)

[2026-01-15 17:04:09] [14 MB] [chunked_processor] get_job called
    DATA: Array
(
    [job_id] => 50390c3f-4dd7-4617-bf4c-7be98ed172d4
)

[2026-01-15 17:04:09] [14 MB] [chunked_processor] Transient lookup result
    DATA: Array
(
    [option_name] => speed_backups_job_50390c3f-4dd7-4617-bf4c-7be98ed172d4
    [found] => YES
)

[2026-01-15 17:04:09] [14 MB] [chunked_processor] Job retrieved successfully
    DATA: Array
(
    [status] => running
    [type] => restore
)

[2026-01-15 17:04:09] [14 MB] [chunked_processor] get_job called
    DATA: Array
(
    [job_id] => 50390c3f-4dd7-4617-bf4c-7be98ed172d4
)

[2026-01-15 17:04:09] [14 MB] [chunked_processor] Transient lookup result
    DATA: Array
(
    [option_name] => speed_backups_job_50390c3f-4dd7-4617-bf4c-7be98ed172d4
    [found] => YES
)

[2026-01-15 17:04:09] [14 MB] [chunked_processor] Job retrieved successfully
    DATA: Array
(
    [status] => running
    [type] => restore
)

[2026-01-15 17:04:09] [14 MB] [chunked_processor] save_job called
    DATA: Array
(
    [job_id] => 50390c3f-4dd7-4617-bf4c-7be98ed172d4
    [status] => running
)

[2026-01-15 17:04:09] [14 MB] [chunked_processor] Transient save result
    DATA: Array
(
    [option_name] => speed_backups_job_50390c3f-4dd7-4617-bf4c-7be98ed172d4
    [success] => YES
)

[2026-01-15 17:04:09] [14 MB] [chunked_processor] Option save result
    DATA: Array
(
    [option_name] => speed_backups_job_50390c3f-4dd7-4617-bf4c-7be98ed172d4
    [success] => YES
)

[2026-01-15 17:04:09] [14 MB] [chunked_processor] Save verification (direct DB)
    DATA: Array
(
    [verified] => YES
)

[2026-01-15 17:04:09] [14 MB] [chunked_processor] get_job called
    DATA: Array
(
    [job_id] => 50390c3f-4dd7-4617-bf4c-7be98ed172d4
)

[2026-01-15 17:04:09] [14 MB] [chunked_processor] Transient lookup result
    DATA: Array
(
    [option_name] => speed_backups_job_50390c3f-4dd7-4617-bf4c-7be98ed172d4
    [found] => YES
)

[2026-01-15 17:04:09] [14 MB] [chunked_processor] Job retrieved successfully
    DATA: Array
(
    [status] => running
    [type] => restore
)

[2026-01-15 17:04:09] [14 MB] [chunked_processor] save_job called
    DATA: Array
(
    [job_id] => 50390c3f-4dd7-4617-bf4c-7be98ed172d4
    [status] => running
)

[2026-01-15 17:04:09] [14 MB] [chunked_processor] Transient save result
    DATA: Array
(
    [option_name] => speed_backups_job_50390c3f-4dd7-4617-bf4c-7be98ed172d4
    [success] => YES
)

[2026-01-15 17:04:09] [14 MB] [chunked_processor] Option save result
    DATA: Array
(
    [option_name] => speed_backups_job_50390c3f-4dd7-4617-bf4c-7be98ed172d4
    [success] => YES
)

[2026-01-15 17:04:09] [14 MB] [chunked_processor] Save verification (direct DB)
    DATA: Array
(
    [verified] => YES
)

[2026-01-15 17:04:09] [14 MB] [chunked_processor] get_job called
    DATA: Array
(
    [job_id] => 50390c3f-4dd7-4617-bf4c-7be98ed172d4
)

[2026-01-15 17:04:09] [14 MB] [chunked_processor] Transient lookup result
    DATA: Array
(
    [option_name] => speed_backups_job_50390c3f-4dd7-4617-bf4c-7be98ed172d4
    [found] => YES
)

[2026-01-15 17:04:09] [14 MB] [chunked_processor] Job retrieved successfully
    DATA: Array
(
    [status] => running
    [type] => restore
)

[2026-01-15 17:04:09] [14 MB] [chunked_processor] get_job called
    DATA: Array
(
    [job_id] => 50390c3f-4dd7-4617-bf4c-7be98ed172d4
)

[2026-01-15 17:04:09] [14 MB] [chunked_processor] Transient lookup result
    DATA: Array
(
    [option_name] => speed_backups_job_50390c3f-4dd7-4617-bf4c-7be98ed172d4
    [found] => YES
)

[2026-01-15 17:04:09] [14 MB] [chunked_processor] Job retrieved successfully
    DATA: Array
(
    [status] => running
    [type] => restore
)

[2026-01-15 17:04:09] [14 MB] [ERROR_HANDLER] PHP error handlers registered
[2026-01-15 17:04:09] [14 MB] [FUNCTION] >>> ENTER: process_chunk
    DATA: Array
(
    [0] => job_id
)

[2026-01-15 17:04:09] [14 MB] [chunked_processor] get_job called
    DATA: Array
(
    [job_id] => 50390c3f-4dd7-4617-bf4c-7be98ed172d4
)

[2026-01-15 17:04:09] [14 MB] [chunked_processor] Transient lookup result
    DATA: Array
(
    [option_name] => speed_backups_job_50390c3f-4dd7-4617-bf4c-7be98ed172d4
    [found] => YES
)

[2026-01-15 17:04:09] [14 MB] [chunked_processor] Job retrieved successfully
    DATA: Array
(
    [status] => running
    [type] => restore
)

[2026-01-15 17:04:09] [14 MB] [JOB_STATE] Job 50390c3f-4dd7-4617-bf4c-7be98ed172d4 state
    DATA: Array
(
    [status] => running
    [type] => restore
    [phase] => extract
    [progress] => 73.78640776699
)

[2026-01-15 17:04:09] [14 MB] [chunked_processor] get_job called
    DATA: Array
(
    [job_id] => 50390c3f-4dd7-4617-bf4c-7be98ed172d4
)

[2026-01-15 17:04:09] [14 MB] [chunked_processor] Transient lookup result
    DATA: Array
(
    [option_name] => speed_backups_job_50390c3f-4dd7-4617-bf4c-7be98ed172d4
    [found] => YES
)

[2026-01-15 17:04:09] [14 MB] [chunked_processor] Job retrieved successfully
    DATA: Array
(
    [status] => running
    [type] => restore
)

[2026-01-15 17:04:09] [14 MB] [chunked_processor] get_job called
    DATA: Array
(
    [job_id] => 50390c3f-4dd7-4617-bf4c-7be98ed172d4
)

[2026-01-15 17:04:09] [14 MB] [chunked_processor] Transient lookup result
    DATA: Array
(
    [option_name] => speed_backups_job_50390c3f-4dd7-4617-bf4c-7be98ed172d4
    [found] => YES
)

[2026-01-15 17:04:09] [14 MB] [chunked_processor] Job retrieved successfully
    DATA: Array
(
    [status] => running
    [type] => restore
)

[2026-01-15 17:04:09] [14 MB] [chunked_processor] save_job called
    DATA: Array
(
    [job_id] => 50390c3f-4dd7-4617-bf4c-7be98ed172d4
    [status] => running
)

[2026-01-15 17:04:09] [14 MB] [chunked_processor] Transient save result
    DATA: Array
(
    [option_name] => speed_backups_job_50390c3f-4dd7-4617-bf4c-7be98ed172d4
    [success] => YES
)

[2026-01-15 17:04:09] [14 MB] [chunked_processor] Option save result
    DATA: Array
(
    [option_name] => speed_backups_job_50390c3f-4dd7-4617-bf4c-7be98ed172d4
    [success] => YES
)

[2026-01-15 17:04:09] [14 MB] [chunked_processor] Save verification (direct DB)
    DATA: Array
(
    [verified] => YES
)

[2026-01-15 17:04:10] [16 MB] [chunked_processor] get_job called
    DATA: Array
(
    [job_id] => 50390c3f-4dd7-4617-bf4c-7be98ed172d4
)

[2026-01-15 17:04:10] [16 MB] [chunked_processor] Transient lookup result
    DATA: Array
(
    [option_name] => speed_backups_job_50390c3f-4dd7-4617-bf4c-7be98ed172d4
    [found] => YES
)

[2026-01-15 17:04:10] [16 MB] [chunked_processor] Job retrieved successfully
    DATA: Array
(
    [status] => running
    [type] => restore
)

[2026-01-15 17:04:10] [16 MB] [chunked_processor] save_job called
    DATA: Array
(
    [job_id] => 50390c3f-4dd7-4617-bf4c-7be98ed172d4
    [status] => running
)

[2026-01-15 17:04:10] [16 MB] [chunked_processor] Transient save result
    DATA: Array
(
    [option_name] => speed_backups_job_50390c3f-4dd7-4617-bf4c-7be98ed172d4
    [success] => YES
)

[2026-01-15 17:04:10] [16 MB] [chunked_processor] Option save result
    DATA: Array
(
    [option_name] => speed_backups_job_50390c3f-4dd7-4617-bf4c-7be98ed172d4
    [success] => YES
)

[2026-01-15 17:04:10] [16 MB] [chunked_processor] Save verification (direct DB)
    DATA: Array
(
    [verified] => YES
)

[2026-01-15 17:04:10] [16 MB] [chunked_processor] get_job called
    DATA: Array
(
    [job_id] => 50390c3f-4dd7-4617-bf4c-7be98ed172d4
)

[2026-01-15 17:04:10] [16 MB] [chunked_processor] Transient lookup result
    DATA: Array
(
    [option_name] => speed_backups_job_50390c3f-4dd7-4617-bf4c-7be98ed172d4
    [found] => YES
)

[2026-01-15 17:04:10] [16 MB] [chunked_processor] Job retrieved successfully
    DATA: Array
(
    [status] => running
    [type] => restore
)

[2026-01-15 17:04:10] [16 MB] [chunked_processor] get_job called
    DATA: Array
(
    [job_id] => 50390c3f-4dd7-4617-bf4c-7be98ed172d4
)

[2026-01-15 17:04:10] [16 MB] [chunked_processor] Transient lookup result
    DATA: Array
(
    [option_name] => speed_backups_job_50390c3f-4dd7-4617-bf4c-7be98ed172d4
    [found] => YES
)

[2026-01-15 17:04:10] [16 MB] [chunked_processor] Job retrieved successfully
    DATA: Array
(
    [status] => running
    [type] => restore
)

[2026-01-15 17:04:10] [14 MB] [ERROR_HANDLER] PHP error handlers registered
[2026-01-15 17:04:10] [14 MB] [FUNCTION] >>> ENTER: process_chunk
    DATA: Array
(
    [0] => job_id
)

[2026-01-15 17:04:10] [14 MB] [chunked_processor] get_job called
    DATA: Array
(
    [job_id] => 50390c3f-4dd7-4617-bf4c-7be98ed172d4
)

[2026-01-15 17:04:10] [14 MB] [chunked_processor] Transient lookup result
    DATA: Array
(
    [option_name] => speed_backups_job_50390c3f-4dd7-4617-bf4c-7be98ed172d4
    [found] => YES
)

[2026-01-15 17:04:10] [14 MB] [chunked_processor] Job retrieved successfully
    DATA: Array
(
    [status] => running
    [type] => restore
)

[2026-01-15 17:04:10] [14 MB] [JOB_STATE] Job 50390c3f-4dd7-4617-bf4c-7be98ed172d4 state
    DATA: Array
(
    [status] => running
    [type] => restore
    [phase] => extract
    [progress] => 75.080906148867
)

[2026-01-15 17:04:10] [14 MB] [chunked_processor] get_job called
    DATA: Array
(
    [job_id] => 50390c3f-4dd7-4617-bf4c-7be98ed172d4
)

[2026-01-15 17:04:10] [14 MB] [chunked_processor] Transient lookup result
    DATA: Array
(
    [option_name] => speed_backups_job_50390c3f-4dd7-4617-bf4c-7be98ed172d4
    [found] => YES
)

[2026-01-15 17:04:10] [14 MB] [chunked_processor] Job retrieved successfully
    DATA: Array
(
    [status] => running
    [type] => restore
)

[2026-01-15 17:04:10] [14 MB] [chunked_processor] get_job called
    DATA: Array
(
    [job_id] => 50390c3f-4dd7-4617-bf4c-7be98ed172d4
)

[2026-01-15 17:04:10] [14 MB] [chunked_processor] Transient lookup result
    DATA: Array
(
    [option_name] => speed_backups_job_50390c3f-4dd7-4617-bf4c-7be98ed172d4
    [found] => YES
)

[2026-01-15 17:04:10] [14 MB] [chunked_processor] Job retrieved successfully
    DATA: Array
(
    [status] => running
    [type] => restore
)

[2026-01-15 17:04:10] [14 MB] [chunked_processor] save_job called
    DATA: Array
(
    [job_id] => 50390c3f-4dd7-4617-bf4c-7be98ed172d4
    [status] => running
)

[2026-01-15 17:04:10] [14 MB] [chunked_processor] Transient save result
    DATA: Array
(
    [option_name] => speed_backups_job_50390c3f-4dd7-4617-bf4c-7be98ed172d4
    [success] => YES
)

[2026-01-15 17:04:10] [14 MB] [chunked_processor] Option save result
    DATA: Array
(
    [option_name] => speed_backups_job_50390c3f-4dd7-4617-bf4c-7be98ed172d4
    [success] => YES
)

[2026-01-15 17:04:10] [14 MB] [chunked_processor] Save verification (direct DB)
    DATA: Array
(
    [verified] => YES
)

[2026-01-15 17:04:10] [16 MB] [chunked_processor] get_job called
    DATA: Array
(
    [job_id] => 50390c3f-4dd7-4617-bf4c-7be98ed172d4
)

[2026-01-15 17:04:10] [16 MB] [chunked_processor] Transient lookup result
    DATA: Array
(
    [option_name] => speed_backups_job_50390c3f-4dd7-4617-bf4c-7be98ed172d4
    [found] => YES
)

[2026-01-15 17:04:10] [16 MB] [chunked_processor] Job retrieved successfully
    DATA: Array
(
    [status] => running
    [type] => restore
)

[2026-01-15 17:04:10] [16 MB] [chunked_processor] save_job called
    DATA: Array
(
    [job_id] => 50390c3f-4dd7-4617-bf4c-7be98ed172d4
    [status] => running
)

[2026-01-15 17:04:10] [16 MB] [chunked_processor] Transient save result
    DATA: Array
(
    [option_name] => speed_backups_job_50390c3f-4dd7-4617-bf4c-7be98ed172d4
    [success] => YES
)

[2026-01-15 17:04:10] [16 MB] [chunked_processor] Option save result
    DATA: Array
(
    [option_name] => speed_backups_job_50390c3f-4dd7-4617-bf4c-7be98ed172d4
    [success] => YES
)

[2026-01-15 17:04:10] [16 MB] [chunked_processor] Save verification (direct DB)
    DATA: Array
(
    [verified] => YES
)

[2026-01-15 17:04:10] [16 MB] [chunked_processor] get_job called
    DATA: Array
(
    [job_id] => 50390c3f-4dd7-4617-bf4c-7be98ed172d4
)

[2026-01-15 17:04:10] [16 MB] [chunked_processor] Transient lookup result
    DATA: Array
(
    [option_name] => speed_backups_job_50390c3f-4dd7-4617-bf4c-7be98ed172d4
    [found] => YES
)

[2026-01-15 17:04:10] [16 MB] [chunked_processor] Job retrieved successfully
    DATA: Array
(
    [status] => running
    [type] => restore
)

[2026-01-15 17:04:10] [16 MB] [chunked_processor] get_job called
    DATA: Array
(
    [job_id] => 50390c3f-4dd7-4617-bf4c-7be98ed172d4
)

[2026-01-15 17:04:10] [16 MB] [chunked_processor] Transient lookup result
    DATA: Array
(
    [option_name] => speed_backups_job_50390c3f-4dd7-4617-bf4c-7be98ed172d4
    [found] => YES
)

[2026-01-15 17:04:10] [16 MB] [chunked_processor] Job retrieved successfully
    DATA: Array
(
    [status] => running
    [type] => restore
)

[2026-01-15 17:04:10] [14 MB] [ERROR_HANDLER] PHP error handlers registered
[2026-01-15 17:04:10] [14 MB] [FUNCTION] >>> ENTER: process_chunk
    DATA: Array
(
    [0] => job_id
)

[2026-01-15 17:04:10] [14 MB] [chunked_processor] get_job called
    DATA: Array
(
    [job_id] => 50390c3f-4dd7-4617-bf4c-7be98ed172d4
)

[2026-01-15 17:04:10] [14 MB] [chunked_processor] Transient lookup result
    DATA: Array
(
    [option_name] => speed_backups_job_50390c3f-4dd7-4617-bf4c-7be98ed172d4
    [found] => YES
)

[2026-01-15 17:04:10] [14 MB] [chunked_processor] Job retrieved successfully
    DATA: Array
(
    [status] => running
    [type] => restore
)

[2026-01-15 17:04:10] [14 MB] [JOB_STATE] Job 50390c3f-4dd7-4617-bf4c-7be98ed172d4 state
    DATA: Array
(
    [status] => running
    [type] => restore
    [phase] => extract
    [progress] => 76.375404530744
)

[2026-01-15 17:04:10] [14 MB] [chunked_processor] get_job called
    DATA: Array
(
    [job_id] => 50390c3f-4dd7-4617-bf4c-7be98ed172d4
)

[2026-01-15 17:04:10] [14 MB] [chunked_processor] Transient lookup result
    DATA: Array
(
    [option_name] => speed_backups_job_50390c3f-4dd7-4617-bf4c-7be98ed172d4
    [found] => YES
)

[2026-01-15 17:04:10] [14 MB] [chunked_processor] Job retrieved successfully
    DATA: Array
(
    [status] => running
    [type] => restore
)

[2026-01-15 17:04:10] [14 MB] [chunked_processor] get_job called
    DATA: Array
(
    [job_id] => 50390c3f-4dd7-4617-bf4c-7be98ed172d4
)

[2026-01-15 17:04:10] [14 MB] [chunked_processor] Transient lookup result
    DATA: Array
(
    [option_name] => speed_backups_job_50390c3f-4dd7-4617-bf4c-7be98ed172d4
    [found] => YES
)

[2026-01-15 17:04:10] [14 MB] [chunked_processor] Job retrieved successfully
    DATA: Array
(
    [status] => running
    [type] => restore
)

[2026-01-15 17:04:10] [14 MB] [chunked_processor] save_job called
    DATA: Array
(
    [job_id] => 50390c3f-4dd7-4617-bf4c-7be98ed172d4
    [status] => running
)

[2026-01-15 17:04:10] [14 MB] [chunked_processor] Transient save result
    DATA: Array
(
    [option_name] => speed_backups_job_50390c3f-4dd7-4617-bf4c-7be98ed172d4
    [success] => YES
)

[2026-01-15 17:04:10] [14 MB] [chunked_processor] Option save result
    DATA: Array
(
    [option_name] => speed_backups_job_50390c3f-4dd7-4617-bf4c-7be98ed172d4
    [success] => YES
)

[2026-01-15 17:04:10] [14 MB] [chunked_processor] Save verification (direct DB)
    DATA: Array
(
    [verified] => YES
)

[2026-01-15 17:04:10] [16 MB] [chunked_processor] get_job called
    DATA: Array
(
    [job_id] => 50390c3f-4dd7-4617-bf4c-7be98ed172d4
)

[2026-01-15 17:04:10] [16 MB] [chunked_processor] Transient lookup result
    DATA: Array
(
    [option_name] => speed_backups_job_50390c3f-4dd7-4617-bf4c-7be98ed172d4
    [found] => YES
)

[2026-01-15 17:04:10] [16 MB] [chunked_processor] Job retrieved successfully
    DATA: Array
(
    [status] => running
    [type] => restore
)

[2026-01-15 17:04:10] [16 MB] [chunked_processor] save_job called
    DATA: Array
(
    [job_id] => 50390c3f-4dd7-4617-bf4c-7be98ed172d4
    [status] => running
)

[2026-01-15 17:04:10] [16 MB] [chunked_processor] Transient save result
    DATA: Array
(
    [option_name] => speed_backups_job_50390c3f-4dd7-4617-bf4c-7be98ed172d4
    [success] => YES
)

[2026-01-15 17:04:10] [16 MB] [chunked_processor] Option save result
    DATA: Array
(
    [option_name] => speed_backups_job_50390c3f-4dd7-4617-bf4c-7be98ed172d4
    [success] => YES
)

[2026-01-15 17:04:10] [16 MB] [chunked_processor] Save verification (direct DB)
    DATA: Array
(
    [verified] => YES
)

[2026-01-15 17:04:10] [16 MB] [chunked_processor] get_job called
    DATA: Array
(
    [job_id] => 50390c3f-4dd7-4617-bf4c-7be98ed172d4
)

[2026-01-15 17:04:10] [16 MB] [chunked_processor] Transient lookup result
    DATA: Array
(
    [option_name] => speed_backups_job_50390c3f-4dd7-4617-bf4c-7be98ed172d4
    [found] => YES
)

[2026-01-15 17:04:10] [16 MB] [chunked_processor] Job retrieved successfully
    DATA: Array
(
    [status] => running
    [type] => restore
)

[2026-01-15 17:04:10] [16 MB] [chunked_processor] get_job called
    DATA: Array
(
    [job_id] => 50390c3f-4dd7-4617-bf4c-7be98ed172d4
)

[2026-01-15 17:04:10] [16 MB] [chunked_processor] Transient lookup result
    DATA: Array
(
    [option_name] => speed_backups_job_50390c3f-4dd7-4617-bf4c-7be98ed172d4
    [found] => YES
)

[2026-01-15 17:04:10] [16 MB] [chunked_processor] Job retrieved successfully
    DATA: Array
(
    [status] => running
    [type] => restore
)

[2026-01-15 17:04:11] [14 MB] [ERROR_HANDLER] PHP error handlers registered
[2026-01-15 17:04:11] [14 MB] [FUNCTION] >>> ENTER: process_chunk
    DATA: Array
(
    [0] => job_id
)

[2026-01-15 17:04:11] [14 MB] [chunked_processor] get_job called
    DATA: Array
(
    [job_id] => 50390c3f-4dd7-4617-bf4c-7be98ed172d4
)

[2026-01-15 17:04:11] [14 MB] [chunked_processor] Transient lookup result
    DATA: Array
(
    [option_name] => speed_backups_job_50390c3f-4dd7-4617-bf4c-7be98ed172d4
    [found] => YES
)

[2026-01-15 17:04:11] [14 MB] [chunked_processor] Job retrieved successfully
    DATA: Array
(
    [status] => running
    [type] => restore
)

[2026-01-15 17:04:11] [14 MB] [JOB_STATE] Job 50390c3f-4dd7-4617-bf4c-7be98ed172d4 state
    DATA: Array
(
    [status] => running
    [type] => restore
    [phase] => extract
    [progress] => 77.669902912621
)

[2026-01-15 17:04:11] [14 MB] [chunked_processor] get_job called
    DATA: Array
(
    [job_id] => 50390c3f-4dd7-4617-bf4c-7be98ed172d4
)

[2026-01-15 17:04:11] [14 MB] [chunked_processor] Transient lookup result
    DATA: Array
(
    [option_name] => speed_backups_job_50390c3f-4dd7-4617-bf4c-7be98ed172d4
    [found] => YES
)

[2026-01-15 17:04:11] [14 MB] [chunked_processor] Job retrieved successfully
    DATA: Array
(
    [status] => running
    [type] => restore
)

[2026-01-15 17:04:11] [14 MB] [chunked_processor] get_job called
    DATA: Array
(
    [job_id] => 50390c3f-4dd7-4617-bf4c-7be98ed172d4
)

[2026-01-15 17:04:11] [14 MB] [chunked_processor] Transient lookup result
    DATA: Array
(
    [option_name] => speed_backups_job_50390c3f-4dd7-4617-bf4c-7be98ed172d4
    [found] => YES
)

[2026-01-15 17:04:11] [14 MB] [chunked_processor] Job retrieved successfully
    DATA: Array
(
    [status] => running
    [type] => restore
)

[2026-01-15 17:04:11] [14 MB] [chunked_processor] save_job called
    DATA: Array
(
    [job_id] => 50390c3f-4dd7-4617-bf4c-7be98ed172d4
    [status] => running
)

[2026-01-15 17:04:11] [14 MB] [chunked_processor] Transient save result
    DATA: Array
(
    [option_name] => speed_backups_job_50390c3f-4dd7-4617-bf4c-7be98ed172d4
    [success] => YES
)

[2026-01-15 17:04:11] [14 MB] [chunked_processor] Option save result
    DATA: Array
(
    [option_name] => speed_backups_job_50390c3f-4dd7-4617-bf4c-7be98ed172d4
    [success] => YES
)

[2026-01-15 17:04:11] [14 MB] [chunked_processor] Save verification (direct DB)
    DATA: Array
(
    [verified] => YES
)

[2026-01-15 17:04:11] [14 MB] [chunked_processor] get_job called
    DATA: Array
(
    [job_id] => 50390c3f-4dd7-4617-bf4c-7be98ed172d4
)

[2026-01-15 17:04:11] [14 MB] [chunked_processor] Transient lookup result
    DATA: Array
(
    [option_name] => speed_backups_job_50390c3f-4dd7-4617-bf4c-7be98ed172d4
    [found] => YES
)

[2026-01-15 17:04:11] [14 MB] [chunked_processor] Job retrieved successfully
    DATA: Array
(
    [status] => running
    [type] => restore
)

[2026-01-15 17:04:11] [14 MB] [chunked_processor] save_job called
    DATA: Array
(
    [job_id] => 50390c3f-4dd7-4617-bf4c-7be98ed172d4
    [status] => running
)

[2026-01-15 17:04:11] [14 MB] [chunked_processor] Transient save result
    DATA: Array
(
    [option_name] => speed_backups_job_50390c3f-4dd7-4617-bf4c-7be98ed172d4
    [success] => YES
)

[2026-01-15 17:04:11] [14 MB] [chunked_processor] Option save result
    DATA: Array
(
    [option_name] => speed_backups_job_50390c3f-4dd7-4617-bf4c-7be98ed172d4
    [success] => YES
)

[2026-01-15 17:04:11] [14 MB] [chunked_processor] Save verification (direct DB)
    DATA: Array
(
    [verified] => YES
)

[2026-01-15 17:04:11] [14 MB] [chunked_processor] get_job called
    DATA: Array
(
    [job_id] => 50390c3f-4dd7-4617-bf4c-7be98ed172d4
)

[2026-01-15 17:04:11] [14 MB] [chunked_processor] Transient lookup result
    DATA: Array
(
    [option_name] => speed_backups_job_50390c3f-4dd7-4617-bf4c-7be98ed172d4
    [found] => YES
)

[2026-01-15 17:04:11] [14 MB] [chunked_processor] Job retrieved successfully
    DATA: Array
(
    [status] => running
    [type] => restore
)

[2026-01-15 17:04:11] [14 MB] [chunked_processor] get_job called
    DATA: Array
(
    [job_id] => 50390c3f-4dd7-4617-bf4c-7be98ed172d4
)

[2026-01-15 17:04:11] [14 MB] [chunked_processor] Transient lookup result
    DATA: Array
(
    [option_name] => speed_backups_job_50390c3f-4dd7-4617-bf4c-7be98ed172d4
    [found] => YES
)

[2026-01-15 17:04:11] [14 MB] [chunked_processor] Job retrieved successfully
    DATA: Array
(
    [status] => running
    [type] => restore
)

[2026-01-15 17:04:11] [14 MB] [ERROR_HANDLER] PHP error handlers registered
[2026-01-15 17:04:11] [14 MB] [FUNCTION] >>> ENTER: process_chunk
    DATA: Array
(
    [0] => job_id
)

[2026-01-15 17:04:11] [14 MB] [chunked_processor] get_job called
    DATA: Array
(
    [job_id] => 50390c3f-4dd7-4617-bf4c-7be98ed172d4
)

[2026-01-15 17:04:11] [14 MB] [chunked_processor] Transient lookup result
    DATA: Array
(
    [option_name] => speed_backups_job_50390c3f-4dd7-4617-bf4c-7be98ed172d4
    [found] => YES
)

[2026-01-15 17:04:11] [14 MB] [chunked_processor] Job retrieved successfully
    DATA: Array
(
    [status] => running
    [type] => restore
)

[2026-01-15 17:04:11] [14 MB] [JOB_STATE] Job 50390c3f-4dd7-4617-bf4c-7be98ed172d4 state
    DATA: Array
(
    [status] => running
    [type] => restore
    [phase] => extract
    [progress] => 78.964401294498
)

[2026-01-15 17:04:11] [14 MB] [chunked_processor] get_job called
    DATA: Array
(
    [job_id] => 50390c3f-4dd7-4617-bf4c-7be98ed172d4
)

[2026-01-15 17:04:11] [14 MB] [chunked_processor] Transient lookup result
    DATA: Array
(
    [option_name] => speed_backups_job_50390c3f-4dd7-4617-bf4c-7be98ed172d4
    [found] => YES
)

[2026-01-15 17:04:11] [14 MB] [chunked_processor] Job retrieved successfully
    DATA: Array
(
    [status] => running
    [type] => restore
)

[2026-01-15 17:04:11] [14 MB] [chunked_processor] get_job called
    DATA: Array
(
    [job_id] => 50390c3f-4dd7-4617-bf4c-7be98ed172d4
)

[2026-01-15 17:04:11] [14 MB] [chunked_processor] Transient lookup result
    DATA: Array
(
    [option_name] => speed_backups_job_50390c3f-4dd7-4617-bf4c-7be98ed172d4
    [found] => YES
)

[2026-01-15 17:04:11] [14 MB] [chunked_processor] Job retrieved successfully
    DATA: Array
(
    [status] => running
    [type] => restore
)

[2026-01-15 17:04:11] [14 MB] [chunked_processor] save_job called
    DATA: Array
(
    [job_id] => 50390c3f-4dd7-4617-bf4c-7be98ed172d4
    [status] => running
)

[2026-01-15 17:04:11] [14 MB] [chunked_processor] Transient save result
    DATA: Array
(
    [option_name] => speed_backups_job_50390c3f-4dd7-4617-bf4c-7be98ed172d4
    [success] => YES
)

[2026-01-15 17:04:11] [14 MB] [chunked_processor] Option save result
    DATA: Array
(
    [option_name] => speed_backups_job_50390c3f-4dd7-4617-bf4c-7be98ed172d4
    [success] => YES
)

[2026-01-15 17:04:11] [14 MB] [chunked_processor] Save verification (direct DB)
    DATA: Array
(
    [verified] => YES
)

[2026-01-15 17:04:11] [14 MB] [chunked_processor] get_job called
    DATA: Array
(
    [job_id] => 50390c3f-4dd7-4617-bf4c-7be98ed172d4
)

[2026-01-15 17:04:11] [14 MB] [chunked_processor] Transient lookup result
    DATA: Array
(
    [option_name] => speed_backups_job_50390c3f-4dd7-4617-bf4c-7be98ed172d4
    [found] => YES
)

[2026-01-15 17:04:11] [14 MB] [chunked_processor] Job retrieved successfully
    DATA: Array
(
    [status] => running
    [type] => restore
)

[2026-01-15 17:04:11] [14 MB] [chunked_processor] save_job called
    DATA: Array
(
    [job_id] => 50390c3f-4dd7-4617-bf4c-7be98ed172d4
    [status] => running
)

[2026-01-15 17:04:11] [14 MB] [chunked_processor] Transient save result
    DATA: Array
(
    [option_name] => speed_backups_job_50390c3f-4dd7-4617-bf4c-7be98ed172d4
    [success] => YES
)

[2026-01-15 17:04:11] [14 MB] [chunked_processor] Option save result
    DATA: Array
(
    [option_name] => speed_backups_job_50390c3f-4dd7-4617-bf4c-7be98ed172d4
    [success] => YES
)

[2026-01-15 17:04:11] [14 MB] [chunked_processor] Save verification (direct DB)
    DATA: Array
(
    [verified] => YES
)

[2026-01-15 17:04:11] [14 MB] [chunked_processor] get_job called
    DATA: Array
(
    [job_id] => 50390c3f-4dd7-4617-bf4c-7be98ed172d4
)

[2026-01-15 17:04:11] [14 MB] [chunked_processor] Transient lookup result
    DATA: Array
(
    [option_name] => speed_backups_job_50390c3f-4dd7-4617-bf4c-7be98ed172d4
    [found] => YES
)

[2026-01-15 17:04:11] [14 MB] [chunked_processor] Job retrieved successfully
    DATA: Array
(
    [status] => running
    [type] => restore
)

[2026-01-15 17:04:11] [14 MB] [chunked_processor] get_job called
    DATA: Array
(
    [job_id] => 50390c3f-4dd7-4617-bf4c-7be98ed172d4
)

[2026-01-15 17:04:11] [14 MB] [chunked_processor] Transient lookup result
    DATA: Array
(
    [option_name] => speed_backups_job_50390c3f-4dd7-4617-bf4c-7be98ed172d4
    [found] => YES
)

[2026-01-15 17:04:11] [14 MB] [chunked_processor] Job retrieved successfully
    DATA: Array
(
    [status] => running
    [type] => restore
)

[2026-01-15 17:04:12] [14 MB] [ERROR_HANDLER] PHP error handlers registered
[2026-01-15 17:04:12] [14 MB] [FUNCTION] >>> ENTER: process_chunk
    DATA: Array
(
    [0] => job_id
)

[2026-01-15 17:04:12] [14 MB] [chunked_processor] get_job called
    DATA: Array
(
    [job_id] => 50390c3f-4dd7-4617-bf4c-7be98ed172d4
)

[2026-01-15 17:04:12] [14 MB] [chunked_processor] Transient lookup result
    DATA: Array
(
    [option_name] => speed_backups_job_50390c3f-4dd7-4617-bf4c-7be98ed172d4
    [found] => YES
)

[2026-01-15 17:04:12] [14 MB] [chunked_processor] Job retrieved successfully
    DATA: Array
(
    [status] => running
    [type] => restore
)

[2026-01-15 17:04:12] [14 MB] [JOB_STATE] Job 50390c3f-4dd7-4617-bf4c-7be98ed172d4 state
    DATA: Array
(
    [status] => running
    [type] => restore
    [phase] => extract
    [progress] => 80.258899676375
)

[2026-01-15 17:04:12] [14 MB] [chunked_processor] get_job called
    DATA: Array
(
    [job_id] => 50390c3f-4dd7-4617-bf4c-7be98ed172d4
)

[2026-01-15 17:04:12] [14 MB] [chunked_processor] Transient lookup result
    DATA: Array
(
    [option_name] => speed_backups_job_50390c3f-4dd7-4617-bf4c-7be98ed172d4
    [found] => YES
)

[2026-01-15 17:04:12] [14 MB] [chunked_processor] Job retrieved successfully
    DATA: Array
(
    [status] => running
    [type] => restore
)

[2026-01-15 17:04:12] [14 MB] [chunked_processor] get_job called
    DATA: Array
(
    [job_id] => 50390c3f-4dd7-4617-bf4c-7be98ed172d4
)

[2026-01-15 17:04:12] [14 MB] [chunked_processor] Transient lookup result
    DATA: Array
(
    [option_name] => speed_backups_job_50390c3f-4dd7-4617-bf4c-7be98ed172d4
    [found] => YES
)

[2026-01-15 17:04:12] [14 MB] [chunked_processor] Job retrieved successfully
    DATA: Array
(
    [status] => running
    [type] => restore
)

[2026-01-15 17:04:12] [14 MB] [chunked_processor] save_job called
    DATA: Array
(
    [job_id] => 50390c3f-4dd7-4617-bf4c-7be98ed172d4
    [status] => running
)

[2026-01-15 17:04:12] [14 MB] [chunked_processor] Transient save result
    DATA: Array
(
    [option_name] => speed_backups_job_50390c3f-4dd7-4617-bf4c-7be98ed172d4
    [success] => YES
)

[2026-01-15 17:04:12] [14 MB] [chunked_processor] Option save result
    DATA: Array
(
    [option_name] => speed_backups_job_50390c3f-4dd7-4617-bf4c-7be98ed172d4
    [success] => YES
)

[2026-01-15 17:04:12] [14 MB] [chunked_processor] Save verification (direct DB)
    DATA: Array
(
    [verified] => YES
)

[2026-01-15 17:04:12] [14 MB] [chunked_processor] get_job called
    DATA: Array
(
    [job_id] => 50390c3f-4dd7-4617-bf4c-7be98ed172d4
)

[2026-01-15 17:04:12] [14 MB] [chunked_processor] Transient lookup result
    DATA: Array
(
    [option_name] => speed_backups_job_50390c3f-4dd7-4617-bf4c-7be98ed172d4
    [found] => YES
)

[2026-01-15 17:04:12] [14 MB] [chunked_processor] Job retrieved successfully
    DATA: Array
(
    [status] => running
    [type] => restore
)

[2026-01-15 17:04:12] [14 MB] [chunked_processor] save_job called
    DATA: Array
(
    [job_id] => 50390c3f-4dd7-4617-bf4c-7be98ed172d4
    [status] => running
)

[2026-01-15 17:04:12] [14 MB] [chunked_processor] Transient save result
    DATA: Array
(
    [option_name] => speed_backups_job_50390c3f-4dd7-4617-bf4c-7be98ed172d4
    [success] => YES
)

[2026-01-15 17:04:12] [14 MB] [chunked_processor] Option save result
    DATA: Array
(
    [option_name] => speed_backups_job_50390c3f-4dd7-4617-bf4c-7be98ed172d4
    [success] => YES
)

[2026-01-15 17:04:12] [14 MB] [chunked_processor] Save verification (direct DB)
    DATA: Array
(
    [verified] => YES
)

[2026-01-15 17:04:12] [14 MB] [chunked_processor] get_job called
    DATA: Array
(
    [job_id] => 50390c3f-4dd7-4617-bf4c-7be98ed172d4
)

[2026-01-15 17:04:12] [14 MB] [chunked_processor] Transient lookup result
    DATA: Array
(
    [option_name] => speed_backups_job_50390c3f-4dd7-4617-bf4c-7be98ed172d4
    [found] => YES
)

[2026-01-15 17:04:12] [14 MB] [chunked_processor] Job retrieved successfully
    DATA: Array
(
    [status] => running
    [type] => restore
)

[2026-01-15 17:04:12] [14 MB] [chunked_processor] get_job called
    DATA: Array
(
    [job_id] => 50390c3f-4dd7-4617-bf4c-7be98ed172d4
)

[2026-01-15 17:04:12] [14 MB] [chunked_processor] Transient lookup result
    DATA: Array
(
    [option_name] => speed_backups_job_50390c3f-4dd7-4617-bf4c-7be98ed172d4
    [found] => YES
)

[2026-01-15 17:04:12] [14 MB] [chunked_processor] Job retrieved successfully
    DATA: Array
(
    [status] => running
    [type] => restore
)

[2026-01-15 17:04:12] [14 MB] [ERROR_HANDLER] PHP error handlers registered
[2026-01-15 17:04:12] [14 MB] [FUNCTION] >>> ENTER: process_chunk
    DATA: Array
(
    [0] => job_id
)

[2026-01-15 17:04:12] [14 MB] [chunked_processor] get_job called
    DATA: Array
(
    [job_id] => 50390c3f-4dd7-4617-bf4c-7be98ed172d4
)

[2026-01-15 17:04:12] [14 MB] [chunked_processor] Transient lookup result
    DATA: Array
(
    [option_name] => speed_backups_job_50390c3f-4dd7-4617-bf4c-7be98ed172d4
    [found] => YES
)

[2026-01-15 17:04:12] [14 MB] [chunked_processor] Job retrieved successfully
    DATA: Array
(
    [status] => running
    [type] => restore
)

[2026-01-15 17:04:12] [14 MB] [JOB_STATE] Job 50390c3f-4dd7-4617-bf4c-7be98ed172d4 state
    DATA: Array
(
    [status] => running
    [type] => restore
    [phase] => extract
    [progress] => 81.553398058252
)

[2026-01-15 17:04:12] [14 MB] [chunked_processor] get_job called
    DATA: Array
(
    [job_id] => 50390c3f-4dd7-4617-bf4c-7be98ed172d4
)

[2026-01-15 17:04:12] [14 MB] [chunked_processor] Transient lookup result
    DATA: Array
(
    [option_name] => speed_backups_job_50390c3f-4dd7-4617-bf4c-7be98ed172d4
    [found] => YES
)

[2026-01-15 17:04:12] [14 MB] [chunked_processor] Job retrieved successfully
    DATA: Array
(
    [status] => running
    [type] => restore
)

[2026-01-15 17:04:12] [14 MB] [chunked_processor] get_job called
    DATA: Array
(
    [job_id] => 50390c3f-4dd7-4617-bf4c-7be98ed172d4
)

[2026-01-15 17:04:12] [14 MB] [chunked_processor] Transient lookup result
    DATA: Array
(
    [option_name] => speed_backups_job_50390c3f-4dd7-4617-bf4c-7be98ed172d4
    [found] => YES
)

[2026-01-15 17:04:12] [14 MB] [chunked_processor] Job retrieved successfully
    DATA: Array
(
    [status] => running
    [type] => restore
)

[2026-01-15 17:04:12] [14 MB] [chunked_processor] save_job called
    DATA: Array
(
    [job_id] => 50390c3f-4dd7-4617-bf4c-7be98ed172d4
    [status] => running
)

[2026-01-15 17:04:12] [14 MB] [chunked_processor] Transient save result
    DATA: Array
(
    [option_name] => speed_backups_job_50390c3f-4dd7-4617-bf4c-7be98ed172d4
    [success] => YES
)

[2026-01-15 17:04:12] [14 MB] [chunked_processor] Option save result
    DATA: Array
(
    [option_name] => speed_backups_job_50390c3f-4dd7-4617-bf4c-7be98ed172d4
    [success] => YES
)

[2026-01-15 17:04:12] [14 MB] [chunked_processor] Save verification (direct DB)
    DATA: Array
(
    [verified] => YES
)

[2026-01-15 17:04:12] [14 MB] [chunked_processor] get_job called
    DATA: Array
(
    [job_id] => 50390c3f-4dd7-4617-bf4c-7be98ed172d4
)

[2026-01-15 17:04:12] [14 MB] [chunked_processor] Transient lookup result
    DATA: Array
(
    [option_name] => speed_backups_job_50390c3f-4dd7-4617-bf4c-7be98ed172d4
    [found] => YES
)

[2026-01-15 17:04:12] [14 MB] [chunked_processor] Job retrieved successfully
    DATA: Array
(
    [status] => running
    [type] => restore
)

[2026-01-15 17:04:12] [14 MB] [chunked_processor] save_job called
    DATA: Array
(
    [job_id] => 50390c3f-4dd7-4617-bf4c-7be98ed172d4
    [status] => running
)

[2026-01-15 17:04:12] [14 MB] [chunked_processor] Transient save result
    DATA: Array
(
    [option_name] => speed_backups_job_50390c3f-4dd7-4617-bf4c-7be98ed172d4
    [success] => YES
)

[2026-01-15 17:04:12] [14 MB] [chunked_processor] Option save result
    DATA: Array
(
    [option_name] => speed_backups_job_50390c3f-4dd7-4617-bf4c-7be98ed172d4
    [success] => YES
)

[2026-01-15 17:04:12] [14 MB] [chunked_processor] Save verification (direct DB)
    DATA: Array
(
    [verified] => YES
)

[2026-01-15 17:04:12] [14 MB] [chunked_processor] get_job called
    DATA: Array
(
    [job_id] => 50390c3f-4dd7-4617-bf4c-7be98ed172d4
)

[2026-01-15 17:04:12] [14 MB] [chunked_processor] Transient lookup result
    DATA: Array
(
    [option_name] => speed_backups_job_50390c3f-4dd7-4617-bf4c-7be98ed172d4
    [found] => YES
)

[2026-01-15 17:04:12] [14 MB] [chunked_processor] Job retrieved successfully
    DATA: Array
(
    [status] => running
    [type] => restore
)

[2026-01-15 17:04:12] [14 MB] [chunked_processor] get_job called
    DATA: Array
(
    [job_id] => 50390c3f-4dd7-4617-bf4c-7be98ed172d4
)

[2026-01-15 17:04:12] [14 MB] [chunked_processor] Transient lookup result
    DATA: Array
(
    [option_name] => speed_backups_job_50390c3f-4dd7-4617-bf4c-7be98ed172d4
    [found] => YES
)

[2026-01-15 17:04:12] [14 MB] [chunked_processor] Job retrieved successfully
    DATA: Array
(
    [status] => running
    [type] => restore
)

[2026-01-15 17:04:12] [14 MB] [ERROR_HANDLER] PHP error handlers registered
[2026-01-15 17:04:13] [14 MB] [FUNCTION] >>> ENTER: process_chunk
    DATA: Array
(
    [0] => job_id
)

[2026-01-15 17:04:13] [14 MB] [chunked_processor] get_job called
    DATA: Array
(
    [job_id] => 50390c3f-4dd7-4617-bf4c-7be98ed172d4
)

[2026-01-15 17:04:13] [14 MB] [chunked_processor] Transient lookup result
    DATA: Array
(
    [option_name] => speed_backups_job_50390c3f-4dd7-4617-bf4c-7be98ed172d4
    [found] => YES
)

[2026-01-15 17:04:13] [14 MB] [chunked_processor] Job retrieved successfully
    DATA: Array
(
    [status] => running
    [type] => restore
)

[2026-01-15 17:04:13] [14 MB] [JOB_STATE] Job 50390c3f-4dd7-4617-bf4c-7be98ed172d4 state
    DATA: Array
(
    [status] => running
    [type] => restore
    [phase] => extract
    [progress] => 82.847896440129
)

[2026-01-15 17:04:13] [14 MB] [chunked_processor] get_job called
    DATA: Array
(
    [job_id] => 50390c3f-4dd7-4617-bf4c-7be98ed172d4
)

[2026-01-15 17:04:13] [14 MB] [chunked_processor] Transient lookup result
    DATA: Array
(
    [option_name] => speed_backups_job_50390c3f-4dd7-4617-bf4c-7be98ed172d4
    [found] => YES
)

[2026-01-15 17:04:13] [14 MB] [chunked_processor] Job retrieved successfully
    DATA: Array
(
    [status] => running
    [type] => restore
)

[2026-01-15 17:04:13] [14 MB] [chunked_processor] get_job called
    DATA: Array
(
    [job_id] => 50390c3f-4dd7-4617-bf4c-7be98ed172d4
)

[2026-01-15 17:04:13] [14 MB] [chunked_processor] Transient lookup result
    DATA: Array
(
    [option_name] => speed_backups_job_50390c3f-4dd7-4617-bf4c-7be98ed172d4
    [found] => YES
)

[2026-01-15 17:04:13] [14 MB] [chunked_processor] Job retrieved successfully
    DATA: Array
(
    [status] => running
    [type] => restore
)

[2026-01-15 17:04:13] [14 MB] [chunked_processor] save_job called
    DATA: Array
(
    [job_id] => 50390c3f-4dd7-4617-bf4c-7be98ed172d4
    [status] => running
)

[2026-01-15 17:04:13] [14 MB] [chunked_processor] Transient save result
    DATA: Array
(
    [option_name] => speed_backups_job_50390c3f-4dd7-4617-bf4c-7be98ed172d4
    [success] => YES
)

[2026-01-15 17:04:13] [14 MB] [chunked_processor] Option save result
    DATA: Array
(
    [option_name] => speed_backups_job_50390c3f-4dd7-4617-bf4c-7be98ed172d4
    [success] => YES
)

[2026-01-15 17:04:13] [14 MB] [chunked_processor] Save verification (direct DB)
    DATA: Array
(
    [verified] => YES
)

[2026-01-15 17:04:13] [14 MB] [chunked_processor] get_job called
    DATA: Array
(
    [job_id] => 50390c3f-4dd7-4617-bf4c-7be98ed172d4
)

[2026-01-15 17:04:13] [14 MB] [chunked_processor] Transient lookup result
    DATA: Array
(
    [option_name] => speed_backups_job_50390c3f-4dd7-4617-bf4c-7be98ed172d4
    [found] => YES
)

[2026-01-15 17:04:13] [14 MB] [chunked_processor] Job retrieved successfully
    DATA: Array
(
    [status] => running
    [type] => restore
)

[2026-01-15 17:04:13] [14 MB] [chunked_processor] save_job called
    DATA: Array
(
    [job_id] => 50390c3f-4dd7-4617-bf4c-7be98ed172d4
    [status] => running
)

[2026-01-15 17:04:13] [14 MB] [chunked_processor] Transient save result
    DATA: Array
(
    [option_name] => speed_backups_job_50390c3f-4dd7-4617-bf4c-7be98ed172d4
    [success] => YES
)

[2026-01-15 17:04:13] [14 MB] [chunked_processor] Option save result
    DATA: Array
(
    [option_name] => speed_backups_job_50390c3f-4dd7-4617-bf4c-7be98ed172d4
    [success] => YES
)

[2026-01-15 17:04:13] [14 MB] [chunked_processor] Save verification (direct DB)
    DATA: Array
(
    [verified] => YES
)

[2026-01-15 17:04:13] [14 MB] [chunked_processor] get_job called
    DATA: Array
(
    [job_id] => 50390c3f-4dd7-4617-bf4c-7be98ed172d4
)

[2026-01-15 17:04:13] [14 MB] [chunked_processor] Transient lookup result
    DATA: Array
(
    [option_name] => speed_backups_job_50390c3f-4dd7-4617-bf4c-7be98ed172d4
    [found] => YES
)

[2026-01-15 17:04:13] [14 MB] [chunked_processor] Job retrieved successfully
    DATA: Array
(
    [status] => running
    [type] => restore
)

[2026-01-15 17:04:13] [14 MB] [chunked_processor] get_job called
    DATA: Array
(
    [job_id] => 50390c3f-4dd7-4617-bf4c-7be98ed172d4
)

[2026-01-15 17:04:13] [14 MB] [chunked_processor] Transient lookup result
    DATA: Array
(
    [option_name] => speed_backups_job_50390c3f-4dd7-4617-bf4c-7be98ed172d4
    [found] => YES
)

[2026-01-15 17:04:13] [14 MB] [chunked_processor] Job retrieved successfully
    DATA: Array
(
    [status] => running
    [type] => restore
)

[2026-01-15 17:04:13] [14 MB] [ERROR_HANDLER] PHP error handlers registered
[2026-01-15 17:04:13] [14 MB] [FUNCTION] >>> ENTER: process_chunk
    DATA: Array
(
    [0] => job_id
)

[2026-01-15 17:04:13] [14 MB] [chunked_processor] get_job called
    DATA: Array
(
    [job_id] => 50390c3f-4dd7-4617-bf4c-7be98ed172d4
)

[2026-01-15 17:04:13] [14 MB] [chunked_processor] Transient lookup result
    DATA: Array
(
    [option_name] => speed_backups_job_50390c3f-4dd7-4617-bf4c-7be98ed172d4
    [found] => YES
)

[2026-01-15 17:04:13] [14 MB] [chunked_processor] Job retrieved successfully
    DATA: Array
(
    [status] => running
    [type] => restore
)

[2026-01-15 17:04:13] [14 MB] [JOB_STATE] Job 50390c3f-4dd7-4617-bf4c-7be98ed172d4 state
    DATA: Array
(
    [status] => running
    [type] => restore
    [phase] => extract
    [progress] => 84.142394822006
)

[2026-01-15 17:04:13] [14 MB] [chunked_processor] get_job called
    DATA: Array
(
    [job_id] => 50390c3f-4dd7-4617-bf4c-7be98ed172d4
)

[2026-01-15 17:04:13] [14 MB] [chunked_processor] Transient lookup result
    DATA: Array
(
    [option_name] => speed_backups_job_50390c3f-4dd7-4617-bf4c-7be98ed172d4
    [found] => YES
)

[2026-01-15 17:04:13] [14 MB] [chunked_processor] Job retrieved successfully
    DATA: Array
(
    [status] => running
    [type] => restore
)

[2026-01-15 17:04:13] [14 MB] [chunked_processor] get_job called
    DATA: Array
(
    [job_id] => 50390c3f-4dd7-4617-bf4c-7be98ed172d4
)

[2026-01-15 17:04:13] [14 MB] [chunked_processor] Transient lookup result
    DATA: Array
(
    [option_name] => speed_backups_job_50390c3f-4dd7-4617-bf4c-7be98ed172d4
    [found] => YES
)

[2026-01-15 17:04:13] [14 MB] [chunked_processor] Job retrieved successfully
    DATA: Array
(
    [status] => running
    [type] => restore
)

[2026-01-15 17:04:13] [14 MB] [chunked_processor] save_job called
    DATA: Array
(
    [job_id] => 50390c3f-4dd7-4617-bf4c-7be98ed172d4
    [status] => running
)

[2026-01-15 17:04:13] [14 MB] [chunked_processor] Transient save result
    DATA: Array
(
    [option_name] => speed_backups_job_50390c3f-4dd7-4617-bf4c-7be98ed172d4
    [success] => YES
)

[2026-01-15 17:04:13] [14 MB] [chunked_processor] Option save result
    DATA: Array
(
    [option_name] => speed_backups_job_50390c3f-4dd7-4617-bf4c-7be98ed172d4
    [success] => YES
)

[2026-01-15 17:04:13] [14 MB] [chunked_processor] Save verification (direct DB)
    DATA: Array
(
    [verified] => YES
)

[2026-01-15 17:04:13] [14 MB] [chunked_processor] get_job called
    DATA: Array
(
    [job_id] => 50390c3f-4dd7-4617-bf4c-7be98ed172d4
)

[2026-01-15 17:04:13] [14 MB] [chunked_processor] Transient lookup result
    DATA: Array
(
    [option_name] => speed_backups_job_50390c3f-4dd7-4617-bf4c-7be98ed172d4
    [found] => YES
)

[2026-01-15 17:04:13] [14 MB] [chunked_processor] Job retrieved successfully
    DATA: Array
(
    [status] => running
    [type] => restore
)

[2026-01-15 17:04:13] [14 MB] [chunked_processor] save_job called
    DATA: Array
(
    [job_id] => 50390c3f-4dd7-4617-bf4c-7be98ed172d4
    [status] => running
)

[2026-01-15 17:04:13] [14 MB] [chunked_processor] Transient save result
    DATA: Array
(
    [option_name] => speed_backups_job_50390c3f-4dd7-4617-bf4c-7be98ed172d4
    [success] => YES
)

[2026-01-15 17:04:13] [14 MB] [chunked_processor] Option save result
    DATA: Array
(
    [option_name] => speed_backups_job_50390c3f-4dd7-4617-bf4c-7be98ed172d4
    [success] => YES
)

[2026-01-15 17:04:13] [14 MB] [chunked_processor] Save verification (direct DB)
    DATA: Array
(
    [verified] => YES
)

[2026-01-15 17:04:13] [14 MB] [chunked_processor] get_job called
    DATA: Array
(
    [job_id] => 50390c3f-4dd7-4617-bf4c-7be98ed172d4
)

[2026-01-15 17:04:13] [14 MB] [chunked_processor] Transient lookup result
    DATA: Array
(
    [option_name] => speed_backups_job_50390c3f-4dd7-4617-bf4c-7be98ed172d4
    [found] => YES
)

[2026-01-15 17:04:13] [14 MB] [chunked_processor] Job retrieved successfully
    DATA: Array
(
    [status] => running
    [type] => restore
)

[2026-01-15 17:04:13] [14 MB] [chunked_processor] get_job called
    DATA: Array
(
    [job_id] => 50390c3f-4dd7-4617-bf4c-7be98ed172d4
)

[2026-01-15 17:04:13] [14 MB] [chunked_processor] Transient lookup result
    DATA: Array
(
    [option_name] => speed_backups_job_50390c3f-4dd7-4617-bf4c-7be98ed172d4
    [found] => YES
)

[2026-01-15 17:04:13] [14 MB] [chunked_processor] Job retrieved successfully
    DATA: Array
(
    [status] => running
    [type] => restore
)

[2026-01-15 17:04:13] [14 MB] [ERROR_HANDLER] PHP error handlers registered
[2026-01-15 17:04:13] [14 MB] [FUNCTION] >>> ENTER: process_chunk
    DATA: Array
(
    [0] => job_id
)

[2026-01-15 17:04:13] [14 MB] [chunked_processor] get_job called
    DATA: Array
(
    [job_id] => 50390c3f-4dd7-4617-bf4c-7be98ed172d4
)

[2026-01-15 17:04:13] [14 MB] [chunked_processor] Transient lookup result
    DATA: Array
(
    [option_name] => speed_backups_job_50390c3f-4dd7-4617-bf4c-7be98ed172d4
    [found] => YES
)

[2026-01-15 17:04:13] [14 MB] [chunked_processor] Job retrieved successfully
    DATA: Array
(
    [status] => running
    [type] => restore
)

[2026-01-15 17:04:13] [14 MB] [JOB_STATE] Job 50390c3f-4dd7-4617-bf4c-7be98ed172d4 state
    DATA: Array
(
    [status] => running
    [type] => restore
    [phase] => extract
    [progress] => 85.436893203883
)

[2026-01-15 17:04:13] [14 MB] [chunked_processor] get_job called
    DATA: Array
(
    [job_id] => 50390c3f-4dd7-4617-bf4c-7be98ed172d4
)

[2026-01-15 17:04:13] [14 MB] [chunked_processor] Transient lookup result
    DATA: Array
(
    [option_name] => speed_backups_job_50390c3f-4dd7-4617-bf4c-7be98ed172d4
    [found] => YES
)

[2026-01-15 17:04:13] [14 MB] [chunked_processor] Job retrieved successfully
    DATA: Array
(
    [status] => running
    [type] => restore
)

[2026-01-15 17:04:13] [14 MB] [chunked_processor] get_job called
    DATA: Array
(
    [job_id] => 50390c3f-4dd7-4617-bf4c-7be98ed172d4
)

[2026-01-15 17:04:13] [14 MB] [chunked_processor] Transient lookup result
    DATA: Array
(
    [option_name] => speed_backups_job_50390c3f-4dd7-4617-bf4c-7be98ed172d4
    [found] => YES
)

[2026-01-15 17:04:13] [14 MB] [chunked_processor] Job retrieved successfully
    DATA: Array
(
    [status] => running
    [type] => restore
)

[2026-01-15 17:04:13] [14 MB] [chunked_processor] save_job called
    DATA: Array
(
    [job_id] => 50390c3f-4dd7-4617-bf4c-7be98ed172d4
    [status] => running
)

[2026-01-15 17:04:13] [14 MB] [chunked_processor] Transient save result
    DATA: Array
(
    [option_name] => speed_backups_job_50390c3f-4dd7-4617-bf4c-7be98ed172d4
    [success] => YES
)

[2026-01-15 17:04:13] [14 MB] [chunked_processor] Option save result
    DATA: Array
(
    [option_name] => speed_backups_job_50390c3f-4dd7-4617-bf4c-7be98ed172d4
    [success] => YES
)

[2026-01-15 17:04:13] [14 MB] [chunked_processor] Save verification (direct DB)
    DATA: Array
(
    [verified] => YES
)

[2026-01-15 17:04:13] [14 MB] [chunked_processor] get_job called
    DATA: Array
(
    [job_id] => 50390c3f-4dd7-4617-bf4c-7be98ed172d4
)

[2026-01-15 17:04:13] [14 MB] [chunked_processor] Transient lookup result
    DATA: Array
(
    [option_name] => speed_backups_job_50390c3f-4dd7-4617-bf4c-7be98ed172d4
    [found] => YES
)

[2026-01-15 17:04:13] [14 MB] [chunked_processor] Job retrieved successfully
    DATA: Array
(
    [status] => running
    [type] => restore
)

[2026-01-15 17:04:13] [14 MB] [chunked_processor] save_job called
    DATA: Array
(
    [job_id] => 50390c3f-4dd7-4617-bf4c-7be98ed172d4
    [status] => running
)

[2026-01-15 17:04:13] [14 MB] [chunked_processor] Transient save result
    DATA: Array
(
    [option_name] => speed_backups_job_50390c3f-4dd7-4617-bf4c-7be98ed172d4
    [success] => YES
)

[2026-01-15 17:04:13] [14 MB] [chunked_processor] Option save result
    DATA: Array
(
    [option_name] => speed_backups_job_50390c3f-4dd7-4617-bf4c-7be98ed172d4
    [success] => YES
)

[2026-01-15 17:04:13] [14 MB] [chunked_processor] Save verification (direct DB)
    DATA: Array
(
    [verified] => YES
)

[2026-01-15 17:04:13] [14 MB] [chunked_processor] get_job called
    DATA: Array
(
    [job_id] => 50390c3f-4dd7-4617-bf4c-7be98ed172d4
)

[2026-01-15 17:04:13] [14 MB] [chunked_processor] Transient lookup result
    DATA: Array
(
    [option_name] => speed_backups_job_50390c3f-4dd7-4617-bf4c-7be98ed172d4
    [found] => YES
)

[2026-01-15 17:04:13] [14 MB] [chunked_processor] Job retrieved successfully
    DATA: Array
(
    [status] => running
    [type] => restore
)

[2026-01-15 17:04:13] [14 MB] [chunked_processor] get_job called
    DATA: Array
(
    [job_id] => 50390c3f-4dd7-4617-bf4c-7be98ed172d4
)

[2026-01-15 17:04:13] [14 MB] [chunked_processor] Transient lookup result
    DATA: Array
(
    [option_name] => speed_backups_job_50390c3f-4dd7-4617-bf4c-7be98ed172d4
    [found] => YES
)

[2026-01-15 17:04:13] [14 MB] [chunked_processor] Job retrieved successfully
    DATA: Array
(
    [status] => running
    [type] => restore
)

[2026-01-15 17:04:14] [14 MB] [ERROR_HANDLER] PHP error handlers registered
[2026-01-15 17:04:14] [14 MB] [FUNCTION] >>> ENTER: process_chunk
    DATA: Array
(
    [0] => job_id
)

[2026-01-15 17:04:14] [14 MB] [chunked_processor] get_job called
    DATA: Array
(
    [job_id] => 50390c3f-4dd7-4617-bf4c-7be98ed172d4
)

[2026-01-15 17:04:14] [14 MB] [chunked_processor] Transient lookup result
    DATA: Array
(
    [option_name] => speed_backups_job_50390c3f-4dd7-4617-bf4c-7be98ed172d4
    [found] => YES
)

[2026-01-15 17:04:14] [14 MB] [chunked_processor] Job retrieved successfully
    DATA: Array
(
    [status] => running
    [type] => restore
)

[2026-01-15 17:04:14] [14 MB] [JOB_STATE] Job 50390c3f-4dd7-4617-bf4c-7be98ed172d4 state
    DATA: Array
(
    [status] => running
    [type] => restore
    [phase] => extract
    [progress] => 86.731391585761
)

[2026-01-15 17:04:14] [14 MB] [chunked_processor] get_job called
    DATA: Array
(
    [job_id] => 50390c3f-4dd7-4617-bf4c-7be98ed172d4
)

[2026-01-15 17:04:14] [14 MB] [chunked_processor] Transient lookup result
    DATA: Array
(
    [option_name] => speed_backups_job_50390c3f-4dd7-4617-bf4c-7be98ed172d4
    [found] => YES
)

[2026-01-15 17:04:14] [14 MB] [chunked_processor] Job retrieved successfully
    DATA: Array
(
    [status] => running
    [type] => restore
)

[2026-01-15 17:04:14] [14 MB] [chunked_processor] get_job called
    DATA: Array
(
    [job_id] => 50390c3f-4dd7-4617-bf4c-7be98ed172d4
)

[2026-01-15 17:04:14] [14 MB] [chunked_processor] Transient lookup result
    DATA: Array
(
    [option_name] => speed_backups_job_50390c3f-4dd7-4617-bf4c-7be98ed172d4
    [found] => YES
)

[2026-01-15 17:04:14] [14 MB] [chunked_processor] Job retrieved successfully
    DATA: Array
(
    [status] => running
    [type] => restore
)

[2026-01-15 17:04:14] [14 MB] [chunked_processor] save_job called
    DATA: Array
(
    [job_id] => 50390c3f-4dd7-4617-bf4c-7be98ed172d4
    [status] => running
)

[2026-01-15 17:04:14] [14 MB] [chunked_processor] Transient save result
    DATA: Array
(
    [option_name] => speed_backups_job_50390c3f-4dd7-4617-bf4c-7be98ed172d4
    [success] => YES
)

[2026-01-15 17:04:14] [14 MB] [chunked_processor] Option save result
    DATA: Array
(
    [option_name] => speed_backups_job_50390c3f-4dd7-4617-bf4c-7be98ed172d4
    [success] => YES
)

[2026-01-15 17:04:14] [14 MB] [chunked_processor] Save verification (direct DB)
    DATA: Array
(
    [verified] => YES
)

[2026-01-15 17:04:14] [14 MB] [chunked_processor] get_job called
    DATA: Array
(
    [job_id] => 50390c3f-4dd7-4617-bf4c-7be98ed172d4
)

[2026-01-15 17:04:14] [14 MB] [chunked_processor] Transient lookup result
    DATA: Array
(
    [option_name] => speed_backups_job_50390c3f-4dd7-4617-bf4c-7be98ed172d4
    [found] => YES
)

[2026-01-15 17:04:14] [14 MB] [chunked_processor] Job retrieved successfully
    DATA: Array
(
    [status] => running
    [type] => restore
)

[2026-01-15 17:04:14] [14 MB] [chunked_processor] save_job called
    DATA: Array
(
    [job_id] => 50390c3f-4dd7-4617-bf4c-7be98ed172d4
    [status] => running
)

[2026-01-15 17:04:14] [14 MB] [chunked_processor] Transient save result
    DATA: Array
(
    [option_name] => speed_backups_job_50390c3f-4dd7-4617-bf4c-7be98ed172d4
    [success] => YES
)

[2026-01-15 17:04:14] [14 MB] [chunked_processor] Option save result
    DATA: Array
(
    [option_name] => speed_backups_job_50390c3f-4dd7-4617-bf4c-7be98ed172d4
    [success] => YES
)

[2026-01-15 17:04:14] [14 MB] [chunked_processor] Save verification (direct DB)
    DATA: Array
(
    [verified] => YES
)

[2026-01-15 17:04:14] [14 MB] [chunked_processor] get_job called
    DATA: Array
(
    [job_id] => 50390c3f-4dd7-4617-bf4c-7be98ed172d4
)

[2026-01-15 17:04:14] [14 MB] [chunked_processor] Transient lookup result
    DATA: Array
(
    [option_name] => speed_backups_job_50390c3f-4dd7-4617-bf4c-7be98ed172d4
    [found] => YES
)

[2026-01-15 17:04:14] [14 MB] [chunked_processor] Job retrieved successfully
    DATA: Array
(
    [status] => running
    [type] => restore
)

[2026-01-15 17:04:14] [14 MB] [chunked_processor] get_job called
    DATA: Array
(
    [job_id] => 50390c3f-4dd7-4617-bf4c-7be98ed172d4
)

[2026-01-15 17:04:14] [14 MB] [chunked_processor] Transient lookup result
    DATA: Array
(
    [option_name] => speed_backups_job_50390c3f-4dd7-4617-bf4c-7be98ed172d4
    [found] => YES
)

[2026-01-15 17:04:14] [14 MB] [chunked_processor] Job retrieved successfully
    DATA: Array
(
    [status] => running
    [type] => restore
)

[2026-01-15 17:04:14] [14 MB] [ERROR_HANDLER] PHP error handlers registered
[2026-01-15 17:04:14] [14 MB] [FUNCTION] >>> ENTER: process_chunk
    DATA: Array
(
    [0] => job_id
)

[2026-01-15 17:04:14] [14 MB] [chunked_processor] get_job called
    DATA: Array
(
    [job_id] => 50390c3f-4dd7-4617-bf4c-7be98ed172d4
)

[2026-01-15 17:04:14] [14 MB] [chunked_processor] Transient lookup result
    DATA: Array
(
    [option_name] => speed_backups_job_50390c3f-4dd7-4617-bf4c-7be98ed172d4
    [found] => YES
)

[2026-01-15 17:04:14] [14 MB] [chunked_processor] Job retrieved successfully
    DATA: Array
(
    [status] => running
    [type] => restore
)

[2026-01-15 17:04:14] [14 MB] [JOB_STATE] Job 50390c3f-4dd7-4617-bf4c-7be98ed172d4 state
    DATA: Array
(
    [status] => running
    [type] => restore
    [phase] => extract
    [progress] => 88.025889967638
)

[2026-01-15 17:04:14] [14 MB] [chunked_processor] get_job called
    DATA: Array
(
    [job_id] => 50390c3f-4dd7-4617-bf4c-7be98ed172d4
)

[2026-01-15 17:04:14] [14 MB] [chunked_processor] Transient lookup result
    DATA: Array
(
    [option_name] => speed_backups_job_50390c3f-4dd7-4617-bf4c-7be98ed172d4
    [found] => YES
)

[2026-01-15 17:04:14] [14 MB] [chunked_processor] Job retrieved successfully
    DATA: Array
(
    [status] => running
    [type] => restore
)

[2026-01-15 17:04:14] [14 MB] [chunked_processor] get_job called
    DATA: Array
(
    [job_id] => 50390c3f-4dd7-4617-bf4c-7be98ed172d4
)

[2026-01-15 17:04:14] [14 MB] [chunked_processor] Transient lookup result
    DATA: Array
(
    [option_name] => speed_backups_job_50390c3f-4dd7-4617-bf4c-7be98ed172d4
    [found] => YES
)

[2026-01-15 17:04:14] [14 MB] [chunked_processor] Job retrieved successfully
    DATA: Array
(
    [status] => running
    [type] => restore
)

[2026-01-15 17:04:14] [14 MB] [chunked_processor] save_job called
    DATA: Array
(
    [job_id] => 50390c3f-4dd7-4617-bf4c-7be98ed172d4
    [status] => running
)

[2026-01-15 17:04:14] [14 MB] [chunked_processor] Transient save result
    DATA: Array
(
    [option_name] => speed_backups_job_50390c3f-4dd7-4617-bf4c-7be98ed172d4
    [success] => YES
)

[2026-01-15 17:04:14] [14 MB] [chunked_processor] Option save result
    DATA: Array
(
    [option_name] => speed_backups_job_50390c3f-4dd7-4617-bf4c-7be98ed172d4
    [success] => YES
)

[2026-01-15 17:04:14] [14 MB] [chunked_processor] Save verification (direct DB)
    DATA: Array
(
    [verified] => YES
)

[2026-01-15 17:04:14] [14 MB] [chunked_processor] get_job called
    DATA: Array
(
    [job_id] => 50390c3f-4dd7-4617-bf4c-7be98ed172d4
)

[2026-01-15 17:04:14] [14 MB] [chunked_processor] Transient lookup result
    DATA: Array
(
    [option_name] => speed_backups_job_50390c3f-4dd7-4617-bf4c-7be98ed172d4
    [found] => YES
)

[2026-01-15 17:04:14] [14 MB] [chunked_processor] Job retrieved successfully
    DATA: Array
(
    [status] => running
    [type] => restore
)

[2026-01-15 17:04:14] [14 MB] [chunked_processor] save_job called
    DATA: Array
(
    [job_id] => 50390c3f-4dd7-4617-bf4c-7be98ed172d4
    [status] => running
)

[2026-01-15 17:04:14] [14 MB] [chunked_processor] Transient save result
    DATA: Array
(
    [option_name] => speed_backups_job_50390c3f-4dd7-4617-bf4c-7be98ed172d4
    [success] => YES
)

[2026-01-15 17:04:14] [14 MB] [chunked_processor] Option save result
    DATA: Array
(
    [option_name] => speed_backups_job_50390c3f-4dd7-4617-bf4c-7be98ed172d4
    [success] => YES
)

[2026-01-15 17:04:14] [14 MB] [chunked_processor] Save verification (direct DB)
    DATA: Array
(
    [verified] => YES
)

[2026-01-15 17:04:14] [14 MB] [chunked_processor] get_job called
    DATA: Array
(
    [job_id] => 50390c3f-4dd7-4617-bf4c-7be98ed172d4
)

[2026-01-15 17:04:14] [14 MB] [chunked_processor] Transient lookup result
    DATA: Array
(
    [option_name] => speed_backups_job_50390c3f-4dd7-4617-bf4c-7be98ed172d4
    [found] => YES
)

[2026-01-15 17:04:14] [14 MB] [chunked_processor] Job retrieved successfully
    DATA: Array
(
    [status] => running
    [type] => restore
)

[2026-01-15 17:04:14] [14 MB] [chunked_processor] get_job called
    DATA: Array
(
    [job_id] => 50390c3f-4dd7-4617-bf4c-7be98ed172d4
)

[2026-01-15 17:04:14] [14 MB] [chunked_processor] Transient lookup result
    DATA: Array
(
    [option_name] => speed_backups_job_50390c3f-4dd7-4617-bf4c-7be98ed172d4
    [found] => YES
)

[2026-01-15 17:04:14] [14 MB] [chunked_processor] Job retrieved successfully
    DATA: Array
(
    [status] => running
    [type] => restore
)

[2026-01-15 17:04:14] [14 MB] [ERROR_HANDLER] PHP error handlers registered
[2026-01-15 17:04:14] [14 MB] [FUNCTION] >>> ENTER: process_chunk
    DATA: Array
(
    [0] => job_id
)

[2026-01-15 17:04:14] [14 MB] [chunked_processor] get_job called
    DATA: Array
(
    [job_id] => 50390c3f-4dd7-4617-bf4c-7be98ed172d4
)

[2026-01-15 17:04:14] [14 MB] [chunked_processor] Transient lookup result
    DATA: Array
(
    [option_name] => speed_backups_job_50390c3f-4dd7-4617-bf4c-7be98ed172d4
    [found] => YES
)

[2026-01-15 17:04:14] [14 MB] [chunked_processor] Job retrieved successfully
    DATA: Array
(
    [status] => running
    [type] => restore
)

[2026-01-15 17:04:14] [14 MB] [JOB_STATE] Job 50390c3f-4dd7-4617-bf4c-7be98ed172d4 state
    DATA: Array
(
    [status] => running
    [type] => restore
    [phase] => extract
    [progress] => 89.320388349515
)

[2026-01-15 17:04:14] [14 MB] [chunked_processor] get_job called
    DATA: Array
(
    [job_id] => 50390c3f-4dd7-4617-bf4c-7be98ed172d4
)

[2026-01-15 17:04:14] [14 MB] [chunked_processor] Transient lookup result
    DATA: Array
(
    [option_name] => speed_backups_job_50390c3f-4dd7-4617-bf4c-7be98ed172d4
    [found] => YES
)

[2026-01-15 17:04:14] [14 MB] [chunked_processor] Job retrieved successfully
    DATA: Array
(
    [status] => running
    [type] => restore
)

[2026-01-15 17:04:14] [14 MB] [chunked_processor] get_job called
    DATA: Array
(
    [job_id] => 50390c3f-4dd7-4617-bf4c-7be98ed172d4
)

[2026-01-15 17:04:14] [14 MB] [chunked_processor] Transient lookup result
    DATA: Array
(
    [option_name] => speed_backups_job_50390c3f-4dd7-4617-bf4c-7be98ed172d4
    [found] => YES
)

[2026-01-15 17:04:14] [14 MB] [chunked_processor] Job retrieved successfully
    DATA: Array
(
    [status] => running
    [type] => restore
)

[2026-01-15 17:04:14] [14 MB] [chunked_processor] save_job called
    DATA: Array
(
    [job_id] => 50390c3f-4dd7-4617-bf4c-7be98ed172d4
    [status] => running
)

[2026-01-15 17:04:15] [14 MB] [chunked_processor] Transient save result
    DATA: Array
(
    [option_name] => speed_backups_job_50390c3f-4dd7-4617-bf4c-7be98ed172d4
    [success] => YES
)

[2026-01-15 17:04:15] [14 MB] [chunked_processor] Option save result
    DATA: Array
(
    [option_name] => speed_backups_job_50390c3f-4dd7-4617-bf4c-7be98ed172d4
    [success] => YES
)

[2026-01-15 17:04:15] [14 MB] [chunked_processor] Save verification (direct DB)
    DATA: Array
(
    [verified] => YES
)

[2026-01-15 17:04:15] [14 MB] [chunked_processor] get_job called
    DATA: Array
(
    [job_id] => 50390c3f-4dd7-4617-bf4c-7be98ed172d4
)

[2026-01-15 17:04:15] [14 MB] [chunked_processor] Transient lookup result
    DATA: Array
(
    [option_name] => speed_backups_job_50390c3f-4dd7-4617-bf4c-7be98ed172d4
    [found] => YES
)

[2026-01-15 17:04:15] [14 MB] [chunked_processor] Job retrieved successfully
    DATA: Array
(
    [status] => running
    [type] => restore
)

[2026-01-15 17:04:15] [14 MB] [chunked_processor] save_job called
    DATA: Array
(
    [job_id] => 50390c3f-4dd7-4617-bf4c-7be98ed172d4
    [status] => running
)

[2026-01-15 17:04:15] [14 MB] [chunked_processor] Transient save result
    DATA: Array
(
    [option_name] => speed_backups_job_50390c3f-4dd7-4617-bf4c-7be98ed172d4
    [success] => YES
)

[2026-01-15 17:04:15] [14 MB] [chunked_processor] Option save result
    DATA: Array
(
    [option_name] => speed_backups_job_50390c3f-4dd7-4617-bf4c-7be98ed172d4
    [success] => YES
)

[2026-01-15 17:04:15] [14 MB] [chunked_processor] Save verification (direct DB)
    DATA: Array
(
    [verified] => YES
)

[2026-01-15 17:04:15] [14 MB] [chunked_processor] get_job called
    DATA: Array
(
    [job_id] => 50390c3f-4dd7-4617-bf4c-7be98ed172d4
)

[2026-01-15 17:04:15] [14 MB] [chunked_processor] Transient lookup result
    DATA: Array
(
    [option_name] => speed_backups_job_50390c3f-4dd7-4617-bf4c-7be98ed172d4
    [found] => YES
)

[2026-01-15 17:04:15] [14 MB] [chunked_processor] Job retrieved successfully
    DATA: Array
(
    [status] => running
    [type] => restore
)

[2026-01-15 17:04:15] [14 MB] [chunked_processor] get_job called
    DATA: Array
(
    [job_id] => 50390c3f-4dd7-4617-bf4c-7be98ed172d4
)

[2026-01-15 17:04:15] [14 MB] [chunked_processor] Transient lookup result
    DATA: Array
(
    [option_name] => speed_backups_job_50390c3f-4dd7-4617-bf4c-7be98ed172d4
    [found] => YES
)

[2026-01-15 17:04:15] [14 MB] [chunked_processor] Job retrieved successfully
    DATA: Array
(
    [status] => running
    [type] => restore
)

[2026-01-15 17:04:15] [14 MB] [ERROR_HANDLER] PHP error handlers registered
[2026-01-15 17:04:15] [14 MB] [FUNCTION] >>> ENTER: process_chunk
    DATA: Array
(
    [0] => job_id
)

[2026-01-15 17:04:15] [14 MB] [chunked_processor] get_job called
    DATA: Array
(
    [job_id] => 50390c3f-4dd7-4617-bf4c-7be98ed172d4
)

[2026-01-15 17:04:15] [14 MB] [chunked_processor] Transient lookup result
    DATA: Array
(
    [option_name] => speed_backups_job_50390c3f-4dd7-4617-bf4c-7be98ed172d4
    [found] => YES
)

[2026-01-15 17:04:15] [14 MB] [chunked_processor] Job retrieved successfully
    DATA: Array
(
    [status] => running
    [type] => restore
)

[2026-01-15 17:04:15] [14 MB] [JOB_STATE] Job 50390c3f-4dd7-4617-bf4c-7be98ed172d4 state
    DATA: Array
(
    [status] => running
    [type] => restore
    [phase] => extract
    [progress] => 90.614886731392
)

[2026-01-15 17:04:15] [14 MB] [chunked_processor] get_job called
    DATA: Array
(
    [job_id] => 50390c3f-4dd7-4617-bf4c-7be98ed172d4
)

[2026-01-15 17:04:15] [14 MB] [chunked_processor] Transient lookup result
    DATA: Array
(
    [option_name] => speed_backups_job_50390c3f-4dd7-4617-bf4c-7be98ed172d4
    [found] => YES
)

[2026-01-15 17:04:15] [14 MB] [chunked_processor] Job retrieved successfully
    DATA: Array
(
    [status] => running
    [type] => restore
)

[2026-01-15 17:04:15] [14 MB] [chunked_processor] get_job called
    DATA: Array
(
    [job_id] => 50390c3f-4dd7-4617-bf4c-7be98ed172d4
)

[2026-01-15 17:04:15] [14 MB] [chunked_processor] Transient lookup result
    DATA: Array
(
    [option_name] => speed_backups_job_50390c3f-4dd7-4617-bf4c-7be98ed172d4
    [found] => YES
)

[2026-01-15 17:04:15] [14 MB] [chunked_processor] Job retrieved successfully
    DATA: Array
(
    [status] => running
    [type] => restore
)

[2026-01-15 17:04:15] [14 MB] [chunked_processor] save_job called
    DATA: Array
(
    [job_id] => 50390c3f-4dd7-4617-bf4c-7be98ed172d4
    [status] => running
)

[2026-01-15 17:04:15] [14 MB] [chunked_processor] Transient save result
    DATA: Array
(
    [option_name] => speed_backups_job_50390c3f-4dd7-4617-bf4c-7be98ed172d4
    [success] => YES
)

[2026-01-15 17:04:15] [14 MB] [chunked_processor] Option save result
    DATA: Array
(
    [option_name] => speed_backups_job_50390c3f-4dd7-4617-bf4c-7be98ed172d4
    [success] => YES
)

[2026-01-15 17:04:15] [14 MB] [chunked_processor] Save verification (direct DB)
    DATA: Array
(
    [verified] => YES
)

[2026-01-15 17:04:15] [14 MB] [chunked_processor] get_job called
    DATA: Array
(
    [job_id] => 50390c3f-4dd7-4617-bf4c-7be98ed172d4
)

[2026-01-15 17:04:15] [14 MB] [chunked_processor] Transient lookup result
    DATA: Array
(
    [option_name] => speed_backups_job_50390c3f-4dd7-4617-bf4c-7be98ed172d4
    [found] => YES
)

[2026-01-15 17:04:15] [14 MB] [chunked_processor] Job retrieved successfully
    DATA: Array
(
    [status] => running
    [type] => restore
)

[2026-01-15 17:04:15] [14 MB] [chunked_processor] save_job called
    DATA: Array
(
    [job_id] => 50390c3f-4dd7-4617-bf4c-7be98ed172d4
    [status] => running
)

[2026-01-15 17:04:15] [14 MB] [chunked_processor] Transient save result
    DATA: Array
(
    [option_name] => speed_backups_job_50390c3f-4dd7-4617-bf4c-7be98ed172d4
    [success] => YES
)

[2026-01-15 17:04:15] [14 MB] [chunked_processor] Option save result
    DATA: Array
(
    [option_name] => speed_backups_job_50390c3f-4dd7-4617-bf4c-7be98ed172d4
    [success] => YES
)

[2026-01-15 17:04:15] [14 MB] [chunked_processor] Save verification (direct DB)
    DATA: Array
(
    [verified] => YES
)

[2026-01-15 17:04:15] [14 MB] [chunked_processor] get_job called
    DATA: Array
(
    [job_id] => 50390c3f-4dd7-4617-bf4c-7be98ed172d4
)

[2026-01-15 17:04:15] [14 MB] [chunked_processor] Transient lookup result
    DATA: Array
(
    [option_name] => speed_backups_job_50390c3f-4dd7-4617-bf4c-7be98ed172d4
    [found] => YES
)

[2026-01-15 17:04:15] [14 MB] [chunked_processor] Job retrieved successfully
    DATA: Array
(
    [status] => running
    [type] => restore
)

[2026-01-15 17:04:15] [14 MB] [chunked_processor] get_job called
    DATA: Array
(
    [job_id] => 50390c3f-4dd7-4617-bf4c-7be98ed172d4
)

[2026-01-15 17:04:15] [14 MB] [chunked_processor] Transient lookup result
    DATA: Array
(
    [option_name] => speed_backups_job_50390c3f-4dd7-4617-bf4c-7be98ed172d4
    [found] => YES
)

[2026-01-15 17:04:15] [14 MB] [chunked_processor] Job retrieved successfully
    DATA: Array
(
    [status] => running
    [type] => restore
)

[2026-01-15 17:04:15] [14 MB] [ERROR_HANDLER] PHP error handlers registered
[2026-01-15 17:04:15] [14 MB] [FUNCTION] >>> ENTER: process_chunk
    DATA: Array
(
    [0] => job_id
)

[2026-01-15 17:04:15] [14 MB] [chunked_processor] get_job called
    DATA: Array
(
    [job_id] => 50390c3f-4dd7-4617-bf4c-7be98ed172d4
)

[2026-01-15 17:04:15] [14 MB] [chunked_processor] Transient lookup result
    DATA: Array
(
    [option_name] => speed_backups_job_50390c3f-4dd7-4617-bf4c-7be98ed172d4
    [found] => YES
)

[2026-01-15 17:04:15] [14 MB] [chunked_processor] Job retrieved successfully
    DATA: Array
(
    [status] => running
    [type] => restore
)

[2026-01-15 17:04:15] [14 MB] [JOB_STATE] Job 50390c3f-4dd7-4617-bf4c-7be98ed172d4 state
    DATA: Array
(
    [status] => running
    [type] => restore
    [phase] => extract
    [progress] => 91.909385113269
)

[2026-01-15 17:04:15] [14 MB] [chunked_processor] get_job called
    DATA: Array
(
    [job_id] => 50390c3f-4dd7-4617-bf4c-7be98ed172d4
)

[2026-01-15 17:04:15] [14 MB] [chunked_processor] Transient lookup result
    DATA: Array
(
    [option_name] => speed_backups_job_50390c3f-4dd7-4617-bf4c-7be98ed172d4
    [found] => YES
)

[2026-01-15 17:04:15] [14 MB] [chunked_processor] Job retrieved successfully
    DATA: Array
(
    [status] => running
    [type] => restore
)

[2026-01-15 17:04:15] [14 MB] [chunked_processor] get_job called
    DATA: Array
(
    [job_id] => 50390c3f-4dd7-4617-bf4c-7be98ed172d4
)

[2026-01-15 17:04:15] [14 MB] [chunked_processor] Transient lookup result
    DATA: Array
(
    [option_name] => speed_backups_job_50390c3f-4dd7-4617-bf4c-7be98ed172d4
    [found] => YES
)

[2026-01-15 17:04:15] [14 MB] [chunked_processor] Job retrieved successfully
    DATA: Array
(
    [status] => running
    [type] => restore
)

[2026-01-15 17:04:15] [14 MB] [chunked_processor] save_job called
    DATA: Array
(
    [job_id] => 50390c3f-4dd7-4617-bf4c-7be98ed172d4
    [status] => running
)

[2026-01-15 17:04:15] [14 MB] [chunked_processor] Transient save result
    DATA: Array
(
    [option_name] => speed_backups_job_50390c3f-4dd7-4617-bf4c-7be98ed172d4
    [success] => YES
)

[2026-01-15 17:04:15] [14 MB] [chunked_processor] Option save result
    DATA: Array
(
    [option_name] => speed_backups_job_50390c3f-4dd7-4617-bf4c-7be98ed172d4
    [success] => YES
)

[2026-01-15 17:04:15] [14 MB] [chunked_processor] Save verification (direct DB)
    DATA: Array
(
    [verified] => YES
)

[2026-01-15 17:04:15] [16 MB] [chunked_processor] get_job called
    DATA: Array
(
    [job_id] => 50390c3f-4dd7-4617-bf4c-7be98ed172d4
)

[2026-01-15 17:04:15] [16 MB] [chunked_processor] Transient lookup result
    DATA: Array
(
    [option_name] => speed_backups_job_50390c3f-4dd7-4617-bf4c-7be98ed172d4
    [found] => YES
)

[2026-01-15 17:04:15] [16 MB] [chunked_processor] Job retrieved successfully
    DATA: Array
(
    [status] => running
    [type] => restore
)

[2026-01-15 17:04:15] [16 MB] [chunked_processor] save_job called
    DATA: Array
(
    [job_id] => 50390c3f-4dd7-4617-bf4c-7be98ed172d4
    [status] => running
)

[2026-01-15 17:04:15] [16 MB] [chunked_processor] Transient save result
    DATA: Array
(
    [option_name] => speed_backups_job_50390c3f-4dd7-4617-bf4c-7be98ed172d4
    [success] => YES
)

[2026-01-15 17:04:15] [16 MB] [chunked_processor] Option save result
    DATA: Array
(
    [option_name] => speed_backups_job_50390c3f-4dd7-4617-bf4c-7be98ed172d4
    [success] => YES
)

[2026-01-15 17:04:15] [16 MB] [chunked_processor] Save verification (direct DB)
    DATA: Array
(
    [verified] => YES
)

[2026-01-15 17:04:15] [16 MB] [chunked_processor] get_job called
    DATA: Array
(
    [job_id] => 50390c3f-4dd7-4617-bf4c-7be98ed172d4
)

[2026-01-15 17:04:15] [16 MB] [chunked_processor] Transient lookup result
    DATA: Array
(
    [option_name] => speed_backups_job_50390c3f-4dd7-4617-bf4c-7be98ed172d4
    [found] => YES
)

[2026-01-15 17:04:15] [16 MB] [chunked_processor] Job retrieved successfully
    DATA: Array
(
    [status] => running
    [type] => restore
)

[2026-01-15 17:04:15] [16 MB] [chunked_processor] get_job called
    DATA: Array
(
    [job_id] => 50390c3f-4dd7-4617-bf4c-7be98ed172d4
)

[2026-01-15 17:04:15] [16 MB] [chunked_processor] Transient lookup result
    DATA: Array
(
    [option_name] => speed_backups_job_50390c3f-4dd7-4617-bf4c-7be98ed172d4
    [found] => YES
)

[2026-01-15 17:04:15] [16 MB] [chunked_processor] Job retrieved successfully
    DATA: Array
(
    [status] => running
    [type] => restore
)

[2026-01-15 17:04:16] [14 MB] [ERROR_HANDLER] PHP error handlers registered
[2026-01-15 17:04:16] [14 MB] [FUNCTION] >>> ENTER: process_chunk
    DATA: Array
(
    [0] => job_id
)

[2026-01-15 17:04:16] [14 MB] [chunked_processor] get_job called
    DATA: Array
(
    [job_id] => 50390c3f-4dd7-4617-bf4c-7be98ed172d4
)

[2026-01-15 17:04:16] [14 MB] [chunked_processor] Transient lookup result
    DATA: Array
(
    [option_name] => speed_backups_job_50390c3f-4dd7-4617-bf4c-7be98ed172d4
    [found] => YES
)

[2026-01-15 17:04:16] [14 MB] [chunked_processor] Job retrieved successfully
    DATA: Array
(
    [status] => running
    [type] => restore
)

[2026-01-15 17:04:16] [14 MB] [JOB_STATE] Job 50390c3f-4dd7-4617-bf4c-7be98ed172d4 state
    DATA: Array
(
    [status] => running
    [type] => restore
    [phase] => extract
    [progress] => 93.203883495146
)

[2026-01-15 17:04:16] [14 MB] [chunked_processor] get_job called
    DATA: Array
(
    [job_id] => 50390c3f-4dd7-4617-bf4c-7be98ed172d4
)

[2026-01-15 17:04:16] [14 MB] [chunked_processor] Transient lookup result
    DATA: Array
(
    [option_name] => speed_backups_job_50390c3f-4dd7-4617-bf4c-7be98ed172d4
    [found] => YES
)

[2026-01-15 17:04:16] [14 MB] [chunked_processor] Job retrieved successfully
    DATA: Array
(
    [status] => running
    [type] => restore
)

[2026-01-15 17:04:16] [14 MB] [chunked_processor] get_job called
    DATA: Array
(
    [job_id] => 50390c3f-4dd7-4617-bf4c-7be98ed172d4
)

[2026-01-15 17:04:16] [14 MB] [chunked_processor] Transient lookup result
    DATA: Array
(
    [option_name] => speed_backups_job_50390c3f-4dd7-4617-bf4c-7be98ed172d4
    [found] => YES
)

[2026-01-15 17:04:16] [14 MB] [chunked_processor] Job retrieved successfully
    DATA: Array
(
    [status] => running
    [type] => restore
)

[2026-01-15 17:04:16] [14 MB] [chunked_processor] save_job called
    DATA: Array
(
    [job_id] => 50390c3f-4dd7-4617-bf4c-7be98ed172d4
    [status] => running
)

[2026-01-15 17:04:16] [14 MB] [chunked_processor] Transient save result
    DATA: Array
(
    [option_name] => speed_backups_job_50390c3f-4dd7-4617-bf4c-7be98ed172d4
    [success] => YES
)

[2026-01-15 17:04:16] [14 MB] [chunked_processor] Option save result
    DATA: Array
(
    [option_name] => speed_backups_job_50390c3f-4dd7-4617-bf4c-7be98ed172d4
    [success] => YES
)

[2026-01-15 17:04:16] [14 MB] [chunked_processor] Save verification (direct DB)
    DATA: Array
(
    [verified] => YES
)

[2026-01-15 17:04:16] [14 MB] [chunked_processor] get_job called
    DATA: Array
(
    [job_id] => 50390c3f-4dd7-4617-bf4c-7be98ed172d4
)

[2026-01-15 17:04:16] [14 MB] [chunked_processor] Transient lookup result
    DATA: Array
(
    [option_name] => speed_backups_job_50390c3f-4dd7-4617-bf4c-7be98ed172d4
    [found] => YES
)

[2026-01-15 17:04:16] [14 MB] [chunked_processor] Job retrieved successfully
    DATA: Array
(
    [status] => running
    [type] => restore
)

[2026-01-15 17:04:16] [14 MB] [chunked_processor] save_job called
    DATA: Array
(
    [job_id] => 50390c3f-4dd7-4617-bf4c-7be98ed172d4
    [status] => running
)

[2026-01-15 17:04:16] [14 MB] [chunked_processor] Transient save result
    DATA: Array
(
    [option_name] => speed_backups_job_50390c3f-4dd7-4617-bf4c-7be98ed172d4
    [success] => YES
)

[2026-01-15 17:04:16] [14 MB] [chunked_processor] Option save result
    DATA: Array
(
    [option_name] => speed_backups_job_50390c3f-4dd7-4617-bf4c-7be98ed172d4
    [success] => YES
)

[2026-01-15 17:04:16] [14 MB] [chunked_processor] Save verification (direct DB)
    DATA: Array
(
    [verified] => YES
)

[2026-01-15 17:04:16] [14 MB] [chunked_processor] get_job called
    DATA: Array
(
    [job_id] => 50390c3f-4dd7-4617-bf4c-7be98ed172d4
)

[2026-01-15 17:04:16] [14 MB] [chunked_processor] Transient lookup result
    DATA: Array
(
    [option_name] => speed_backups_job_50390c3f-4dd7-4617-bf4c-7be98ed172d4
    [found] => YES
)

[2026-01-15 17:04:16] [14 MB] [chunked_processor] Job retrieved successfully
    DATA: Array
(
    [status] => running
    [type] => restore
)

[2026-01-15 17:04:16] [14 MB] [chunked_processor] get_job called
    DATA: Array
(
    [job_id] => 50390c3f-4dd7-4617-bf4c-7be98ed172d4
)

[2026-01-15 17:04:16] [14 MB] [chunked_processor] Transient lookup result
    DATA: Array
(
    [option_name] => speed_backups_job_50390c3f-4dd7-4617-bf4c-7be98ed172d4
    [found] => YES
)

[2026-01-15 17:04:16] [14 MB] [chunked_processor] Job retrieved successfully
    DATA: Array
(
    [status] => running
    [type] => restore
)

[2026-01-15 17:04:16] [14 MB] [ERROR_HANDLER] PHP error handlers registered
[2026-01-15 17:04:16] [14 MB] [FUNCTION] >>> ENTER: process_chunk
    DATA: Array
(
    [0] => job_id
)

[2026-01-15 17:04:16] [14 MB] [chunked_processor] get_job called
    DATA: Array
(
    [job_id] => 50390c3f-4dd7-4617-bf4c-7be98ed172d4
)

[2026-01-15 17:04:16] [14 MB] [chunked_processor] Transient lookup result
    DATA: Array
(
    [option_name] => speed_backups_job_50390c3f-4dd7-4617-bf4c-7be98ed172d4
    [found] => YES
)

[2026-01-15 17:04:16] [14 MB] [chunked_processor] Job retrieved successfully
    DATA: Array
(
    [status] => running
    [type] => restore
)

[2026-01-15 17:04:16] [14 MB] [JOB_STATE] Job 50390c3f-4dd7-4617-bf4c-7be98ed172d4 state
    DATA: Array
(
    [status] => running
    [type] => restore
    [phase] => extract
    [progress] => 94.498381877023
)

[2026-01-15 17:04:16] [14 MB] [chunked_processor] get_job called
    DATA: Array
(
    [job_id] => 50390c3f-4dd7-4617-bf4c-7be98ed172d4
)

[2026-01-15 17:04:16] [14 MB] [chunked_processor] Transient lookup result
    DATA: Array
(
    [option_name] => speed_backups_job_50390c3f-4dd7-4617-bf4c-7be98ed172d4
    [found] => YES
)

[2026-01-15 17:04:16] [14 MB] [chunked_processor] Job retrieved successfully
    DATA: Array
(
    [status] => running
    [type] => restore
)

[2026-01-15 17:04:16] [14 MB] [chunked_processor] get_job called
    DATA: Array
(
    [job_id] => 50390c3f-4dd7-4617-bf4c-7be98ed172d4
)

[2026-01-15 17:04:16] [14 MB] [chunked_processor] Transient lookup result
    DATA: Array
(
    [option_name] => speed_backups_job_50390c3f-4dd7-4617-bf4c-7be98ed172d4
    [found] => YES
)

[2026-01-15 17:04:16] [14 MB] [chunked_processor] Job retrieved successfully
    DATA: Array
(
    [status] => running
    [type] => restore
)

[2026-01-15 17:04:16] [14 MB] [chunked_processor] save_job called
    DATA: Array
(
    [job_id] => 50390c3f-4dd7-4617-bf4c-7be98ed172d4
    [status] => running
)

[2026-01-15 17:04:16] [14 MB] [chunked_processor] Transient save result
    DATA: Array
(
    [option_name] => speed_backups_job_50390c3f-4dd7-4617-bf4c-7be98ed172d4
    [success] => YES
)

[2026-01-15 17:04:16] [14 MB] [chunked_processor] Option save result
    DATA: Array
(
    [option_name] => speed_backups_job_50390c3f-4dd7-4617-bf4c-7be98ed172d4
    [success] => YES
)

[2026-01-15 17:04:16] [14 MB] [chunked_processor] Save verification (direct DB)
    DATA: Array
(
    [verified] => YES
)

[2026-01-15 17:04:16] [14 MB] [chunked_processor] get_job called
    DATA: Array
(
    [job_id] => 50390c3f-4dd7-4617-bf4c-7be98ed172d4
)

[2026-01-15 17:04:16] [14 MB] [chunked_processor] Transient lookup result
    DATA: Array
(
    [option_name] => speed_backups_job_50390c3f-4dd7-4617-bf4c-7be98ed172d4
    [found] => YES
)

[2026-01-15 17:04:16] [14 MB] [chunked_processor] Job retrieved successfully
    DATA: Array
(
    [status] => running
    [type] => restore
)

[2026-01-15 17:04:16] [14 MB] [chunked_processor] save_job called
    DATA: Array
(
    [job_id] => 50390c3f-4dd7-4617-bf4c-7be98ed172d4
    [status] => running
)

[2026-01-15 17:04:16] [14 MB] [chunked_processor] Transient save result
    DATA: Array
(
    [option_name] => speed_backups_job_50390c3f-4dd7-4617-bf4c-7be98ed172d4
    [success] => YES
)

[2026-01-15 17:04:16] [14 MB] [chunked_processor] Option save result
    DATA: Array
(
    [option_name] => speed_backups_job_50390c3f-4dd7-4617-bf4c-7be98ed172d4
    [success] => YES
)

[2026-01-15 17:04:16] [14 MB] [chunked_processor] Save verification (direct DB)
    DATA: Array
(
    [verified] => YES
)

[2026-01-15 17:04:16] [14 MB] [chunked_processor] get_job called
    DATA: Array
(
    [job_id] => 50390c3f-4dd7-4617-bf4c-7be98ed172d4
)

[2026-01-15 17:04:16] [14 MB] [chunked_processor] Transient lookup result
    DATA: Array
(
    [option_name] => speed_backups_job_50390c3f-4dd7-4617-bf4c-7be98ed172d4
    [found] => YES
)

[2026-01-15 17:04:16] [14 MB] [chunked_processor] Job retrieved successfully
    DATA: Array
(
    [status] => running
    [type] => restore
)

[2026-01-15 17:04:16] [14 MB] [chunked_processor] get_job called
    DATA: Array
(
    [job_id] => 50390c3f-4dd7-4617-bf4c-7be98ed172d4
)

[2026-01-15 17:04:16] [14 MB] [chunked_processor] Transient lookup result
    DATA: Array
(
    [option_name] => speed_backups_job_50390c3f-4dd7-4617-bf4c-7be98ed172d4
    [found] => YES
)

[2026-01-15 17:04:16] [14 MB] [chunked_processor] Job retrieved successfully
    DATA: Array
(
    [status] => running
    [type] => restore
)

[2026-01-15 17:04:17] [14 MB] [ERROR_HANDLER] PHP error handlers registered
[2026-01-15 17:04:17] [14 MB] [FUNCTION] >>> ENTER: process_chunk
    DATA: Array
(
    [0] => job_id
)

[2026-01-15 17:04:17] [14 MB] [chunked_processor] get_job called
    DATA: Array
(
    [job_id] => 50390c3f-4dd7-4617-bf4c-7be98ed172d4
)

[2026-01-15 17:04:17] [14 MB] [chunked_processor] Transient lookup result
    DATA: Array
(
    [option_name] => speed_backups_job_50390c3f-4dd7-4617-bf4c-7be98ed172d4
    [found] => YES
)

[2026-01-15 17:04:17] [14 MB] [chunked_processor] Job retrieved successfully
    DATA: Array
(
    [status] => running
    [type] => restore
)

[2026-01-15 17:04:17] [14 MB] [JOB_STATE] Job 50390c3f-4dd7-4617-bf4c-7be98ed172d4 state
    DATA: Array
(
    [status] => running
    [type] => restore
    [phase] => extract
    [progress] => 95.7928802589
)

[2026-01-15 17:04:17] [14 MB] [chunked_processor] get_job called
    DATA: Array
(
    [job_id] => 50390c3f-4dd7-4617-bf4c-7be98ed172d4
)

[2026-01-15 17:04:17] [14 MB] [chunked_processor] Transient lookup result
    DATA: Array
(
    [option_name] => speed_backups_job_50390c3f-4dd7-4617-bf4c-7be98ed172d4
    [found] => YES
)

[2026-01-15 17:04:17] [14 MB] [chunked_processor] Job retrieved successfully
    DATA: Array
(
    [status] => running
    [type] => restore
)

[2026-01-15 17:04:17] [14 MB] [chunked_processor] get_job called
    DATA: Array
(
    [job_id] => 50390c3f-4dd7-4617-bf4c-7be98ed172d4
)

[2026-01-15 17:04:17] [14 MB] [chunked_processor] Transient lookup result
    DATA: Array
(
    [option_name] => speed_backups_job_50390c3f-4dd7-4617-bf4c-7be98ed172d4
    [found] => YES
)

[2026-01-15 17:04:17] [14 MB] [chunked_processor] Job retrieved successfully
    DATA: Array
(
    [status] => running
    [type] => restore
)

[2026-01-15 17:04:17] [14 MB] [chunked_processor] save_job called
    DATA: Array
(
    [job_id] => 50390c3f-4dd7-4617-bf4c-7be98ed172d4
    [status] => running
)

[2026-01-15 17:04:17] [14 MB] [chunked_processor] Transient save result
    DATA: Array
(
    [option_name] => speed_backups_job_50390c3f-4dd7-4617-bf4c-7be98ed172d4
    [success] => YES
)

[2026-01-15 17:04:17] [14 MB] [chunked_processor] Option save result
    DATA: Array
(
    [option_name] => speed_backups_job_50390c3f-4dd7-4617-bf4c-7be98ed172d4
    [success] => YES
)

[2026-01-15 17:04:17] [14 MB] [chunked_processor] Save verification (direct DB)
    DATA: Array
(
    [verified] => YES
)

[2026-01-15 17:04:17] [14 MB] [chunked_processor] get_job called
    DATA: Array
(
    [job_id] => 50390c3f-4dd7-4617-bf4c-7be98ed172d4
)

[2026-01-15 17:04:17] [14 MB] [chunked_processor] Transient lookup result
    DATA: Array
(
    [option_name] => speed_backups_job_50390c3f-4dd7-4617-bf4c-7be98ed172d4
    [found] => YES
)

[2026-01-15 17:04:17] [14 MB] [chunked_processor] Job retrieved successfully
    DATA: Array
(
    [status] => running
    [type] => restore
)

[2026-01-15 17:04:17] [14 MB] [chunked_processor] save_job called
    DATA: Array
(
    [job_id] => 50390c3f-4dd7-4617-bf4c-7be98ed172d4
    [status] => running
)

[2026-01-15 17:04:17] [14 MB] [chunked_processor] Transient save result
    DATA: Array
(
    [option_name] => speed_backups_job_50390c3f-4dd7-4617-bf4c-7be98ed172d4
    [success] => YES
)

[2026-01-15 17:04:17] [14 MB] [chunked_processor] Option save result
    DATA: Array
(
    [option_name] => speed_backups_job_50390c3f-4dd7-4617-bf4c-7be98ed172d4
    [success] => YES
)

[2026-01-15 17:04:17] [14 MB] [chunked_processor] Save verification (direct DB)
    DATA: Array
(
    [verified] => YES
)

[2026-01-15 17:04:17] [14 MB] [chunked_processor] get_job called
    DATA: Array
(
    [job_id] => 50390c3f-4dd7-4617-bf4c-7be98ed172d4
)

[2026-01-15 17:04:17] [14 MB] [chunked_processor] Transient lookup result
    DATA: Array
(
    [option_name] => speed_backups_job_50390c3f-4dd7-4617-bf4c-7be98ed172d4
    [found] => YES
)

[2026-01-15 17:04:17] [14 MB] [chunked_processor] Job retrieved successfully
    DATA: Array
(
    [status] => running
    [type] => restore
)

[2026-01-15 17:04:17] [14 MB] [chunked_processor] get_job called
    DATA: Array
(
    [job_id] => 50390c3f-4dd7-4617-bf4c-7be98ed172d4
)

[2026-01-15 17:04:17] [14 MB] [chunked_processor] Transient lookup result
    DATA: Array
(
    [option_name] => speed_backups_job_50390c3f-4dd7-4617-bf4c-7be98ed172d4
    [found] => YES
)

[2026-01-15 17:04:17] [14 MB] [chunked_processor] Job retrieved successfully
    DATA: Array
(
    [status] => running
    [type] => restore
)

[2026-01-15 17:04:17] [14 MB] [ERROR_HANDLER] PHP error handlers registered
[2026-01-15 17:04:17] [14 MB] [FUNCTION] >>> ENTER: process_chunk
    DATA: Array
(
    [0] => job_id
)

[2026-01-15 17:04:17] [14 MB] [chunked_processor] get_job called
    DATA: Array
(
    [job_id] => 50390c3f-4dd7-4617-bf4c-7be98ed172d4
)

[2026-01-15 17:04:17] [14 MB] [chunked_processor] Transient lookup result
    DATA: Array
(
    [option_name] => speed_backups_job_50390c3f-4dd7-4617-bf4c-7be98ed172d4
    [found] => YES
)

[2026-01-15 17:04:17] [14 MB] [chunked_processor] Job retrieved successfully
    DATA: Array
(
    [status] => running
    [type] => restore
)

[2026-01-15 17:04:17] [14 MB] [JOB_STATE] Job 50390c3f-4dd7-4617-bf4c-7be98ed172d4 state
    DATA: Array
(
    [status] => running
    [type] => restore
    [phase] => extract
    [progress] => 97.087378640777
)

[2026-01-15 17:04:17] [14 MB] [chunked_processor] get_job called
    DATA: Array
(
    [job_id] => 50390c3f-4dd7-4617-bf4c-7be98ed172d4
)

[2026-01-15 17:04:17] [14 MB] [chunked_processor] Transient lookup result
    DATA: Array
(
    [option_name] => speed_backups_job_50390c3f-4dd7-4617-bf4c-7be98ed172d4
    [found] => YES
)

[2026-01-15 17:04:17] [14 MB] [chunked_processor] Job retrieved successfully
    DATA: Array
(
    [status] => running
    [type] => restore
)

[2026-01-15 17:04:17] [14 MB] [chunked_processor] get_job called
    DATA: Array
(
    [job_id] => 50390c3f-4dd7-4617-bf4c-7be98ed172d4
)

[2026-01-15 17:04:17] [14 MB] [chunked_processor] Transient lookup result
    DATA: Array
(
    [option_name] => speed_backups_job_50390c3f-4dd7-4617-bf4c-7be98ed172d4
    [found] => YES
)

[2026-01-15 17:04:17] [14 MB] [chunked_processor] Job retrieved successfully
    DATA: Array
(
    [status] => running
    [type] => restore
)

[2026-01-15 17:04:17] [14 MB] [chunked_processor] save_job called
    DATA: Array
(
    [job_id] => 50390c3f-4dd7-4617-bf4c-7be98ed172d4
    [status] => running
)

[2026-01-15 17:04:17] [14 MB] [chunked_processor] Transient save result
    DATA: Array
(
    [option_name] => speed_backups_job_50390c3f-4dd7-4617-bf4c-7be98ed172d4
    [success] => YES
)

[2026-01-15 17:04:17] [14 MB] [chunked_processor] Option save result
    DATA: Array
(
    [option_name] => speed_backups_job_50390c3f-4dd7-4617-bf4c-7be98ed172d4
    [success] => YES
)

[2026-01-15 17:04:17] [14 MB] [chunked_processor] Save verification (direct DB)
    DATA: Array
(
    [verified] => YES
)

[2026-01-15 17:04:17] [14 MB] [chunked_processor] get_job called
    DATA: Array
(
    [job_id] => 50390c3f-4dd7-4617-bf4c-7be98ed172d4
)

[2026-01-15 17:04:17] [14 MB] [chunked_processor] Transient lookup result
    DATA: Array
(
    [option_name] => speed_backups_job_50390c3f-4dd7-4617-bf4c-7be98ed172d4
    [found] => YES
)

[2026-01-15 17:04:17] [14 MB] [chunked_processor] Job retrieved successfully
    DATA: Array
(
    [status] => running
    [type] => restore
)

[2026-01-15 17:04:17] [14 MB] [chunked_processor] save_job called
    DATA: Array
(
    [job_id] => 50390c3f-4dd7-4617-bf4c-7be98ed172d4
    [status] => running
)

[2026-01-15 17:04:17] [14 MB] [chunked_processor] Transient save result
    DATA: Array
(
    [option_name] => speed_backups_job_50390c3f-4dd7-4617-bf4c-7be98ed172d4
    [success] => YES
)

[2026-01-15 17:04:17] [14 MB] [chunked_processor] Option save result
    DATA: Array
(
    [option_name] => speed_backups_job_50390c3f-4dd7-4617-bf4c-7be98ed172d4
    [success] => YES
)

[2026-01-15 17:04:17] [14 MB] [chunked_processor] Save verification (direct DB)
    DATA: Array
(
    [verified] => YES
)

[2026-01-15 17:04:17] [14 MB] [chunked_processor] get_job called
    DATA: Array
(
    [job_id] => 50390c3f-4dd7-4617-bf4c-7be98ed172d4
)

[2026-01-15 17:04:17] [14 MB] [chunked_processor] Transient lookup result
    DATA: Array
(
    [option_name] => speed_backups_job_50390c3f-4dd7-4617-bf4c-7be98ed172d4
    [found] => YES
)

[2026-01-15 17:04:17] [14 MB] [chunked_processor] Job retrieved successfully
    DATA: Array
(
    [status] => running
    [type] => restore
)

[2026-01-15 17:04:17] [14 MB] [chunked_processor] get_job called
    DATA: Array
(
    [job_id] => 50390c3f-4dd7-4617-bf4c-7be98ed172d4
)

[2026-01-15 17:04:17] [14 MB] [chunked_processor] Transient lookup result
    DATA: Array
(
    [option_name] => speed_backups_job_50390c3f-4dd7-4617-bf4c-7be98ed172d4
    [found] => YES
)

[2026-01-15 17:04:17] [14 MB] [chunked_processor] Job retrieved successfully
    DATA: Array
(
    [status] => running
    [type] => restore
)

[2026-01-15 17:04:17] [14 MB] [ERROR_HANDLER] PHP error handlers registered
[2026-01-15 17:04:18] [14 MB] [FUNCTION] >>> ENTER: process_chunk
    DATA: Array
(
    [0] => job_id
)

[2026-01-15 17:04:18] [14 MB] [chunked_processor] get_job called
    DATA: Array
(
    [job_id] => 50390c3f-4dd7-4617-bf4c-7be98ed172d4
)

[2026-01-15 17:04:18] [14 MB] [chunked_processor] Transient lookup result
    DATA: Array
(
    [option_name] => speed_backups_job_50390c3f-4dd7-4617-bf4c-7be98ed172d4
    [found] => YES
)

[2026-01-15 17:04:18] [14 MB] [chunked_processor] Job retrieved successfully
    DATA: Array
(
    [status] => running
    [type] => restore
)

[2026-01-15 17:04:18] [14 MB] [JOB_STATE] Job 50390c3f-4dd7-4617-bf4c-7be98ed172d4 state
    DATA: Array
(
    [status] => running
    [type] => restore
    [phase] => extract
    [progress] => 98.381877022654
)

[2026-01-15 17:04:18] [14 MB] [chunked_processor] get_job called
    DATA: Array
(
    [job_id] => 50390c3f-4dd7-4617-bf4c-7be98ed172d4
)

[2026-01-15 17:04:18] [14 MB] [chunked_processor] Transient lookup result
    DATA: Array
(
    [option_name] => speed_backups_job_50390c3f-4dd7-4617-bf4c-7be98ed172d4
    [found] => YES
)

[2026-01-15 17:04:18] [14 MB] [chunked_processor] Job retrieved successfully
    DATA: Array
(
    [status] => running
    [type] => restore
)

[2026-01-15 17:04:18] [14 MB] [chunked_processor] get_job called
    DATA: Array
(
    [job_id] => 50390c3f-4dd7-4617-bf4c-7be98ed172d4
)

[2026-01-15 17:04:18] [14 MB] [chunked_processor] Transient lookup result
    DATA: Array
(
    [option_name] => speed_backups_job_50390c3f-4dd7-4617-bf4c-7be98ed172d4
    [found] => YES
)

[2026-01-15 17:04:18] [14 MB] [chunked_processor] Job retrieved successfully
    DATA: Array
(
    [status] => running
    [type] => restore
)

[2026-01-15 17:04:18] [14 MB] [chunked_processor] save_job called
    DATA: Array
(
    [job_id] => 50390c3f-4dd7-4617-bf4c-7be98ed172d4
    [status] => running
)

[2026-01-15 17:04:18] [14 MB] [chunked_processor] Transient save result
    DATA: Array
(
    [option_name] => speed_backups_job_50390c3f-4dd7-4617-bf4c-7be98ed172d4
    [success] => YES
)

[2026-01-15 17:04:18] [14 MB] [chunked_processor] Option save result
    DATA: Array
(
    [option_name] => speed_backups_job_50390c3f-4dd7-4617-bf4c-7be98ed172d4
    [success] => YES
)

[2026-01-15 17:04:18] [14 MB] [chunked_processor] Save verification (direct DB)
    DATA: Array
(
    [verified] => YES
)

[2026-01-15 17:04:18] [14 MB] [chunked_processor] get_job called
    DATA: Array
(
    [job_id] => 50390c3f-4dd7-4617-bf4c-7be98ed172d4
)

[2026-01-15 17:04:18] [14 MB] [chunked_processor] Transient lookup result
    DATA: Array
(
    [option_name] => speed_backups_job_50390c3f-4dd7-4617-bf4c-7be98ed172d4
    [found] => YES
)

[2026-01-15 17:04:18] [14 MB] [chunked_processor] Job retrieved successfully
    DATA: Array
(
    [status] => running
    [type] => restore
)

[2026-01-15 17:04:18] [14 MB] [chunked_processor] save_job called
    DATA: Array
(
    [job_id] => 50390c3f-4dd7-4617-bf4c-7be98ed172d4
    [status] => running
)

[2026-01-15 17:04:18] [14 MB] [chunked_processor] Transient save result
    DATA: Array
(
    [option_name] => speed_backups_job_50390c3f-4dd7-4617-bf4c-7be98ed172d4
    [success] => YES
)

[2026-01-15 17:04:18] [14 MB] [chunked_processor] Option save result
    DATA: Array
(
    [option_name] => speed_backups_job_50390c3f-4dd7-4617-bf4c-7be98ed172d4
    [success] => YES
)

[2026-01-15 17:04:18] [14 MB] [chunked_processor] Save verification (direct DB)
    DATA: Array
(
    [verified] => YES
)

[2026-01-15 17:04:18] [14 MB] [chunked_processor] get_job called
    DATA: Array
(
    [job_id] => 50390c3f-4dd7-4617-bf4c-7be98ed172d4
)

[2026-01-15 17:04:18] [14 MB] [chunked_processor] Transient lookup result
    DATA: Array
(
    [option_name] => speed_backups_job_50390c3f-4dd7-4617-bf4c-7be98ed172d4
    [found] => YES
)

[2026-01-15 17:04:18] [14 MB] [chunked_processor] Job retrieved successfully
    DATA: Array
(
    [status] => running
    [type] => restore
)

[2026-01-15 17:04:18] [14 MB] [chunked_processor] save_job called
    DATA: Array
(
    [job_id] => 50390c3f-4dd7-4617-bf4c-7be98ed172d4
    [status] => running
)

[2026-01-15 17:04:18] [14 MB] [chunked_processor] Transient save result
    DATA: Array
(
    [option_name] => speed_backups_job_50390c3f-4dd7-4617-bf4c-7be98ed172d4
    [success] => YES
)

[2026-01-15 17:04:18] [14 MB] [chunked_processor] Option save result
    DATA: Array
(
    [option_name] => speed_backups_job_50390c3f-4dd7-4617-bf4c-7be98ed172d4
    [success] => YES
)

[2026-01-15 17:04:18] [14 MB] [chunked_processor] Save verification (direct DB)
    DATA: Array
(
    [verified] => YES
)

[2026-01-15 17:04:18] [14 MB] [chunked_processor] get_job called
    DATA: Array
(
    [job_id] => 50390c3f-4dd7-4617-bf4c-7be98ed172d4
)

[2026-01-15 17:04:18] [14 MB] [chunked_processor] Transient lookup result
    DATA: Array
(
    [option_name] => speed_backups_job_50390c3f-4dd7-4617-bf4c-7be98ed172d4
    [found] => YES
)

[2026-01-15 17:04:18] [14 MB] [chunked_processor] Job retrieved successfully
    DATA: Array
(
    [status] => running
    [type] => restore
)

[2026-01-15 17:04:18] [14 MB] [chunked_processor] save_job called
    DATA: Array
(
    [job_id] => 50390c3f-4dd7-4617-bf4c-7be98ed172d4
    [status] => running
)

[2026-01-15 17:04:18] [14 MB] [chunked_processor] Transient save result
    DATA: Array
(
    [option_name] => speed_backups_job_50390c3f-4dd7-4617-bf4c-7be98ed172d4
    [success] => YES
)

[2026-01-15 17:04:18] [14 MB] [chunked_processor] Option save result
    DATA: Array
(
    [option_name] => speed_backups_job_50390c3f-4dd7-4617-bf4c-7be98ed172d4
    [success] => YES
)

[2026-01-15 17:04:18] [14 MB] [chunked_processor] Save verification (direct DB)
    DATA: Array
(
    [verified] => YES
)

[2026-01-15 17:04:18] [14 MB] [chunked_processor] get_job called
    DATA: Array
(
    [job_id] => 50390c3f-4dd7-4617-bf4c-7be98ed172d4
)

[2026-01-15 17:04:18] [14 MB] [chunked_processor] Transient lookup result
    DATA: Array
(
    [option_name] => speed_backups_job_50390c3f-4dd7-4617-bf4c-7be98ed172d4
    [found] => YES
)

[2026-01-15 17:04:18] [14 MB] [chunked_processor] Job retrieved successfully
    DATA: Array
(
    [status] => running
    [type] => restore
)

[2026-01-15 17:04:18] [14 MB] [chunked_processor] get_job called
    DATA: Array
(
    [job_id] => 50390c3f-4dd7-4617-bf4c-7be98ed172d4
)

[2026-01-15 17:04:18] [14 MB] [chunked_processor] Transient lookup result
    DATA: Array
(
    [option_name] => speed_backups_job_50390c3f-4dd7-4617-bf4c-7be98ed172d4
    [found] => YES
)

[2026-01-15 17:04:18] [14 MB] [chunked_processor] Job retrieved successfully
    DATA: Array
(
    [status] => running
    [type] => restore
)

[2026-01-15 17:04:18] [14 MB] [ERROR_HANDLER] PHP error handlers registered
[2026-01-15 17:04:18] [14 MB] [FUNCTION] >>> ENTER: process_chunk
    DATA: Array
(
    [0] => job_id
)

[2026-01-15 17:04:18] [14 MB] [chunked_processor] get_job called
    DATA: Array
(
    [job_id] => 50390c3f-4dd7-4617-bf4c-7be98ed172d4
)

[2026-01-15 17:04:18] [14 MB] [chunked_processor] Transient lookup result
    DATA: Array
(
    [option_name] => speed_backups_job_50390c3f-4dd7-4617-bf4c-7be98ed172d4
    [found] => YES
)

[2026-01-15 17:04:18] [14 MB] [chunked_processor] Job retrieved successfully
    DATA: Array
(
    [status] => running
    [type] => restore
)

[2026-01-15 17:04:18] [14 MB] [JOB_STATE] Job 50390c3f-4dd7-4617-bf4c-7be98ed172d4 state
    DATA: Array
(
    [status] => running
    [type] => restore
    [phase] => database
    [progress] => 100
)

[2026-01-15 17:04:18] [14 MB] [FUNCTION] >>> ENTER: process_database
    DATA: Array
(
    [0] => job_id
)

[2026-01-15 17:04:18] [14 MB] [chunked_processor] get_job called
    DATA: Array
(
    [job_id] => 50390c3f-4dd7-4617-bf4c-7be98ed172d4
)

[2026-01-15 17:04:18] [14 MB] [chunked_processor] Transient lookup result
    DATA: Array
(
    [option_name] => speed_backups_job_50390c3f-4dd7-4617-bf4c-7be98ed172d4
    [found] => YES
)

[2026-01-15 17:04:18] [14 MB] [chunked_processor] Job retrieved successfully
    DATA: Array
(
    [status] => running
    [type] => restore
)

[2026-01-15 17:04:18] [14 MB] [JOB_STATE] Job 50390c3f-4dd7-4617-bf4c-7be98ed172d4 state
    DATA: Array
(
    [status] => running
    [type] => restore
    [phase] => database
    [progress] => 100
)

[2026-01-15 17:04:18] [14 MB] [process_database] State retrieved
    DATA: Array
(
    [phase] => database
    [temp_dir] => /opt/bitnami/wordpress/wp-content/uploads/speed-backups/temp/restore-50390c3f-4dd7-4617-bf4c-7be98ed172d4
)

[2026-01-15 17:04:18] [14 MB] [chunked_processor] get_job called
    DATA: Array
(
    [job_id] => 50390c3f-4dd7-4617-bf4c-7be98ed172d4
)

[2026-01-15 17:04:18] [14 MB] [chunked_processor] Transient lookup result
    DATA: Array
(
    [option_name] => speed_backups_job_50390c3f-4dd7-4617-bf4c-7be98ed172d4
    [found] => YES
)

[2026-01-15 17:04:18] [14 MB] [chunked_processor] Job retrieved successfully
    DATA: Array
(
    [status] => running
    [type] => restore
)

[2026-01-15 17:04:18] [14 MB] [chunked_processor] save_job called
    DATA: Array
(
    [job_id] => 50390c3f-4dd7-4617-bf4c-7be98ed172d4
    [status] => running
)

[2026-01-15 17:04:18] [14 MB] [chunked_processor] Transient save result
    DATA: Array
(
    [option_name] => speed_backups_job_50390c3f-4dd7-4617-bf4c-7be98ed172d4
    [success] => YES
)

[2026-01-15 17:04:18] [14 MB] [chunked_processor] Option save result
    DATA: Array
(
    [option_name] => speed_backups_job_50390c3f-4dd7-4617-bf4c-7be98ed172d4
    [success] => YES
)

[2026-01-15 17:04:18] [14 MB] [chunked_processor] Save verification (direct DB)
    DATA: Array
(
    [verified] => YES
)

[2026-01-15 17:04:18] [14 MB] [process_database] Database file path: /opt/bitnami/wordpress/wp-content/uploads/speed-backups/temp/restore-50390c3f-4dd7-4617-bf4c-7be98ed172d4/database.sql
[2026-01-15 17:04:18] [14 MB] [process_database] Database file exists: YES
[2026-01-15 17:04:18] [14 MB] [process_database] Database file size: 36117775 bytes
[2026-01-15 17:04:18] [14 MB] [process_database] Job backup file path: /opt/bitnami/wordpress/wp-content/uploads/speed-backups/temp/restore-50390c3f-4dd7-4617-bf4c-7be98ed172d4/job_data.json
[2026-01-15 17:04:18] [14 MB] [chunked_processor] get_job called
    DATA: Array
(
    [job_id] => 50390c3f-4dd7-4617-bf4c-7be98ed172d4
)

[2026-01-15 17:04:18] [14 MB] [chunked_processor] Transient lookup result
    DATA: Array
(
    [option_name] => speed_backups_job_50390c3f-4dd7-4617-bf4c-7be98ed172d4
    [found] => YES
)

[2026-01-15 17:04:18] [14 MB] [chunked_processor] Job retrieved successfully
    DATA: Array
(
    [status] => running
    [type] => restore
)

[2026-01-15 17:04:18] [14 MB] [process_database] Job data retrieved for backup
    DATA: Array
(
    [job_exists] => YES
    [job_id] => 50390c3f-4dd7-4617-bf4c-7be98ed172d4
)

[2026-01-15 17:04:18] [14 MB] [process_database] Job JSON encoded
    DATA: Array
(
    [json_length] => 1737
    [json_valid] => YES
    [json_error] => No error
)

[2026-01-15 17:04:18] [14 MB] [process_database] Job data written to file
    DATA: Array
(
    [bytes_written] => 1737
    [file_exists] => YES
)

[2026-01-15 17:04:18] [14 MB] [process_database] Table prefix info
    DATA: Array
(
    [old_prefix] => wp_
    [new_prefix] => wp_
)

[2026-01-15 17:04:18] [14 MB] [process_database] >>> STARTING DATABASE IMPORT <<<
[2026-01-15 17:04:18] [14 MB] [FUNCTION] >>> ENTER: import_database
    DATA: Array
(
    [0] => file_path
    [1] => old_prefix
    [2] => new_prefix
)

[2026-01-15 17:04:18] [14 MB] [import_database] Database file found, size: 36117775 bytes
[2026-01-15 17:04:18] [14 MB] [import_database] Prefix replacement
    DATA: Array
(
    [old] => wp_
    [new] => wp_
)

[2026-01-15 17:04:18] [14 MB] [import_database] Current SQL mode
    DATA: Array
(
    [sql_mode] => ERROR_FOR_DIVISION_BY_ZERO,NO_AUTO_CREATE_USER,NO_ENGINE_SUBSTITUTION
)

[2026-01-15 17:04:18] [14 MB] [import_database] Starting query execution loop
[2026-01-15 17:04:19] [16 MB] [import_database] Import progress
    DATA: Array
(
    [lines_processed] => 1000
    [queries_executed] => 49
    [errors_count] => 0
)

[2026-01-15 17:04:19] [16 MB] [import_database] Import progress
    DATA: Array
(
    [lines_processed] => 2000
    [queries_executed] => 59
    [errors_count] => 0
)

[2026-01-15 17:04:20] [20 MB] [import_database] Import progress
    DATA: Array
(
    [lines_processed] => 3000
    [queries_executed] => 69
    [errors_count] => 0
)

[2026-01-15 17:04:21] [16 MB] [import_database] Import progress
    DATA: Array
(
    [lines_processed] => 4000
    [queries_executed] => 79
    [errors_count] => 0
)

[2026-01-15 17:04:22] [16 MB] [import_database] Import progress
    DATA: Array
(
    [lines_processed] => 5000
    [queries_executed] => 94
    [errors_count] => 0
)

[2026-01-15 17:04:22] [16 MB] [import_database] Import progress
    DATA: Array
(
    [lines_processed] => 6000
    [queries_executed] => 138
    [errors_count] => 0
)

[2026-01-15 17:04:22] [16 MB] [import_database] Import progress
    DATA: Array
(
    [lines_processed] => 7000
    [queries_executed] => 148
    [errors_count] => 0
)

[2026-01-15 17:04:22] [16 MB] [import_database] Import progress
    DATA: Array
(
    [lines_processed] => 8000
    [queries_executed] => 157
    [errors_count] => 0
)

[2026-01-15 17:04:22] [16 MB] [import_database] Import progress
    DATA: Array
(
    [lines_processed] => 9000
    [queries_executed] => 167
    [errors_count] => 0
)

[2026-01-15 17:04:22] [16 MB] [import_database] Import progress
    DATA: Array
(
    [lines_processed] => 10000
    [queries_executed] => 177
    [errors_count] => 0
)

[2026-01-15 17:04:22] [16 MB] [import_database] Import progress
    DATA: Array
(
    [lines_processed] => 11000
    [queries_executed] => 187
    [errors_count] => 0
)

[2026-01-15 17:04:22] [16 MB] [import_database] Import progress
    DATA: Array
(
    [lines_processed] => 12000
    [queries_executed] => 197
    [errors_count] => 0
)

[2026-01-15 17:04:23] [16 MB] [import_database] Import progress
    DATA: Array
(
    [lines_processed] => 13000
    [queries_executed] => 207
    [errors_count] => 0
)

[2026-01-15 17:04:23] [16 MB] [import_database] Import progress
    DATA: Array
(
    [lines_processed] => 14000
    [queries_executed] => 217
    [errors_count] => 0
)

[2026-01-15 17:04:23] [16 MB] [import_database] Import progress
    DATA: Array
(
    [lines_processed] => 15000
    [queries_executed] => 227
    [errors_count] => 0
)

[2026-01-15 17:04:23] [16 MB] [import_database] Import progress
    DATA: Array
(
    [lines_processed] => 16000
    [queries_executed] => 239
    [errors_count] => 0
)

[2026-01-15 17:04:23] [16 MB] [import_database] Import progress
    DATA: Array
(
    [lines_processed] => 17000
    [queries_executed] => 249
    [errors_count] => 0
)

[2026-01-15 17:04:23] [16 MB] [import_database] Import progress
    DATA: Array
(
    [lines_processed] => 18000
    [queries_executed] => 267
    [errors_count] => 0
)

[2026-01-15 17:04:23] [16 MB] [import_database] Import progress
    DATA: Array
(
    [lines_processed] => 19000
    [queries_executed] => 277
    [errors_count] => 0
)

[2026-01-15 17:04:23] [16 MB] [import_database] Import progress
    DATA: Array
(
    [lines_processed] => 20000
    [queries_executed] => 287
    [errors_count] => 0
)

[2026-01-15 17:04:23] [16 MB] [import_database] Import progress
    DATA: Array
(
    [lines_processed] => 21000
    [queries_executed] => 296
    [errors_count] => 0
)

[2026-01-15 17:04:23] [16 MB] [import_database] Import progress
    DATA: Array
(
    [lines_processed] => 22000
    [queries_executed] => 306
    [errors_count] => 0
)

[2026-01-15 17:04:23] [16 MB] [import_database] Import progress
    DATA: Array
(
    [lines_processed] => 23000
    [queries_executed] => 316
    [errors_count] => 0
)

[2026-01-15 17:04:23] [16 MB] [import_database] Import progress
    DATA: Array
(
    [lines_processed] => 24000
    [queries_executed] => 326
    [errors_count] => 0
)

[2026-01-15 17:04:24] [16 MB] [import_database] Import progress
    DATA: Array
(
    [lines_processed] => 25000
    [queries_executed] => 336
    [errors_count] => 0
)

[2026-01-15 17:04:24] [16 MB] [import_database] Import progress
    DATA: Array
(
    [lines_processed] => 26000
    [queries_executed] => 346
    [errors_count] => 0
)

[2026-01-15 17:04:24] [16 MB] [import_database] Import progress
    DATA: Array
(
    [lines_processed] => 27000
    [queries_executed] => 356
    [errors_count] => 0
)

[2026-01-15 17:04:24] [16 MB] [import_database] Import progress
    DATA: Array
(
    [lines_processed] => 28000
    [queries_executed] => 392
    [errors_count] => 0
)

[2026-01-15 17:04:24] [16 MB] [import_database] Import progress
    DATA: Array
(
    [lines_processed] => 29000
    [queries_executed] => 417
    [errors_count] => 0
)

[2026-01-15 17:04:24] [16 MB] [import_database] Database import completed
    DATA: Array
(
    [total_lines] => 29156
    [queries_executed] => 423
    [errors_count] => 0
    [drop_table_count] => 56
    [create_table_count] => 56
    [insert_count] => 299
)

[2026-01-15 17:04:24] [16 MB] [import_database] Elementor data check after import
    DATA: Array
(
    [post_id] => 16
    [data_length] => 7142
    [json_valid] => YES
    [json_error] => none
    [first_100] => [{"id":"1a5439f4","elType":"container","settings":{"structure":"30","min_height":{"unit":"px","size"
    [last_100] => ,"_flex_align_self":"center"},"elements":[],"widgetType":"icon"}],"isInner":true}],"isInner":false}]
)

[2026-01-15 17:04:24] [16 MB] [import_database] Elementor dynamic tags check
    DATA: Array
(
    [has_dynamic_key] => YES
    [has_tag_string] => YES
)

[2026-01-15 17:04:24] [16 MB] [FUNCTION] <<< EXIT: import_database
[2026-01-15 17:04:24] [16 MB] [process_database] >>> DATABASE IMPORT COMPLETED <<<
    DATA: Array
(
    [success] => YES
    [queries_executed] => 423
    [errors_count] => 0
)

[2026-01-15 17:04:24] [16 MB] [process_database] Checking job backup file after import
    DATA: Array
(
    [file_exists] => YES
)

[2026-01-15 17:04:24] [16 MB] [process_database] Job file contents read
    DATA: Array
(
    [contents_length] => 1737
)

[2026-01-15 17:04:24] [16 MB] [process_database] Job data decoded from JSON
    DATA: Array
(
    [is_array] => YES
    [json_error] => No error
)

[2026-01-15 17:04:24] [16 MB] [process_database] WordPress object cache flushed after database import
[2026-01-15 17:04:24] [16 MB] [process_database] Saving job data to newly imported database (direct)
    DATA: Array
(
    [job_id] => 50390c3f-4dd7-4617-bf4c-7be98ed172d4
)

[2026-01-15 17:04:24] [16 MB] [chunked_processor] save_job_direct called (bypassing cache)
    DATA: Array
(
    [job_id] => 50390c3f-4dd7-4617-bf4c-7be98ed172d4
)

[2026-01-15 17:04:24] [16 MB] [chunked_processor] Direct DB insert result
    DATA: Array
(
    [success] => YES
    [error] => 
)

[2026-01-15 17:04:24] [16 MB] [chunked_processor] get_job called
    DATA: Array
(
    [job_id] => 50390c3f-4dd7-4617-bf4c-7be98ed172d4
)

[2026-01-15 17:04:24] [16 MB] [chunked_processor] Transient lookup result
    DATA: Array
(
    [option_name] => speed_backups_job_50390c3f-4dd7-4617-bf4c-7be98ed172d4
    [found] => NO
)

[2026-01-15 17:04:24] [16 MB] [chunked_processor] Option lookup result
    DATA: Array
(
    [option_name] => speed_backups_job_50390c3f-4dd7-4617-bf4c-7be98ed172d4
    [found] => YES
)

[2026-01-15 17:04:24] [16 MB] [chunked_processor] Job retrieved successfully
    DATA: Array
(
    [status] => running
    [type] => restore
)

[2026-01-15 17:04:24] [16 MB] [process_database] Job verification after save
    DATA: Array
(
    [job_exists] => YES
    [job_status] => running
)

[2026-01-15 17:04:24] [16 MB] [chunked_processor] get_job called
    DATA: Array
(
    [job_id] => 50390c3f-4dd7-4617-bf4c-7be98ed172d4
)

[2026-01-15 17:04:24] [16 MB] [chunked_processor] Transient lookup result
    DATA: Array
(
    [option_name] => speed_backups_job_50390c3f-4dd7-4617-bf4c-7be98ed172d4
    [found] => NO
)

[2026-01-15 17:04:24] [16 MB] [chunked_processor] Option lookup result
    DATA: Array
(
    [option_name] => speed_backups_job_50390c3f-4dd7-4617-bf4c-7be98ed172d4
    [found] => YES
)

[2026-01-15 17:04:24] [16 MB] [chunked_processor] Job retrieved successfully
    DATA: Array
(
    [status] => running
    [type] => restore
)

[2026-01-15 17:04:24] [16 MB] [chunked_processor] save_job called
    DATA: Array
(
    [job_id] => 50390c3f-4dd7-4617-bf4c-7be98ed172d4
    [status] => running
)

[2026-01-15 17:04:24] [16 MB] [chunked_processor] Transient save result
    DATA: Array
(
    [option_name] => speed_backups_job_50390c3f-4dd7-4617-bf4c-7be98ed172d4
    [success] => YES
)

[2026-01-15 17:04:24] [16 MB] [chunked_processor] Option save result
    DATA: Array
(
    [option_name] => speed_backups_job_50390c3f-4dd7-4617-bf4c-7be98ed172d4
    [success] => YES
)

[2026-01-15 17:04:24] [16 MB] [chunked_processor] Save verification (direct DB)
    DATA: Array
(
    [verified] => YES
)

[2026-01-15 17:04:24] [16 MB] [chunked_processor] get_job called
    DATA: Array
(
    [job_id] => 50390c3f-4dd7-4617-bf4c-7be98ed172d4
)

[2026-01-15 17:04:24] [16 MB] [chunked_processor] Transient lookup result
    DATA: Array
(
    [option_name] => speed_backups_job_50390c3f-4dd7-4617-bf4c-7be98ed172d4
    [found] => YES
)

[2026-01-15 17:04:24] [16 MB] [chunked_processor] Job retrieved successfully
    DATA: Array
(
    [status] => running
    [type] => restore
)

[2026-01-15 17:04:24] [16 MB] [chunked_processor] save_job called
    DATA: Array
(
    [job_id] => 50390c3f-4dd7-4617-bf4c-7be98ed172d4
    [status] => running
)

[2026-01-15 17:04:24] [16 MB] [chunked_processor] Transient save result
    DATA: Array
(
    [option_name] => speed_backups_job_50390c3f-4dd7-4617-bf4c-7be98ed172d4
    [success] => YES
)

[2026-01-15 17:04:24] [16 MB] [chunked_processor] Option save result
    DATA: Array
(
    [option_name] => speed_backups_job_50390c3f-4dd7-4617-bf4c-7be98ed172d4
    [success] => YES
)

[2026-01-15 17:04:24] [16 MB] [chunked_processor] Save verification (direct DB)
    DATA: Array
(
    [verified] => YES
)

[2026-01-15 17:04:24] [16 MB] [chunked_processor] get_job called
    DATA: Array
(
    [job_id] => 50390c3f-4dd7-4617-bf4c-7be98ed172d4
)

[2026-01-15 17:04:24] [16 MB] [chunked_processor] Transient lookup result
    DATA: Array
(
    [option_name] => speed_backups_job_50390c3f-4dd7-4617-bf4c-7be98ed172d4
    [found] => YES
)

[2026-01-15 17:04:24] [16 MB] [chunked_processor] Job retrieved successfully
    DATA: Array
(
    [status] => running
    [type] => restore
)

[2026-01-15 17:04:24] [16 MB] [chunked_processor] save_job called
    DATA: Array
(
    [job_id] => 50390c3f-4dd7-4617-bf4c-7be98ed172d4
    [status] => running
)

[2026-01-15 17:04:24] [16 MB] [chunked_processor] Transient save result
    DATA: Array
(
    [option_name] => speed_backups_job_50390c3f-4dd7-4617-bf4c-7be98ed172d4
    [success] => YES
)

[2026-01-15 17:04:24] [16 MB] [chunked_processor] Option save result
    DATA: Array
(
    [option_name] => speed_backups_job_50390c3f-4dd7-4617-bf4c-7be98ed172d4
    [success] => YES
)

[2026-01-15 17:04:24] [16 MB] [chunked_processor] Save verification (direct DB)
    DATA: Array
(
    [verified] => YES
)

[2026-01-15 17:04:24] [16 MB] [chunked_processor] get_job called
    DATA: Array
(
    [job_id] => 50390c3f-4dd7-4617-bf4c-7be98ed172d4
)

[2026-01-15 17:04:24] [16 MB] [chunked_processor] Transient lookup result
    DATA: Array
(
    [option_name] => speed_backups_job_50390c3f-4dd7-4617-bf4c-7be98ed172d4
    [found] => YES
)

[2026-01-15 17:04:24] [16 MB] [chunked_processor] Job retrieved successfully
    DATA: Array
(
    [status] => running
    [type] => restore
)

[2026-01-15 17:04:24] [16 MB] [chunked_processor] get_job called
    DATA: Array
(
    [job_id] => 50390c3f-4dd7-4617-bf4c-7be98ed172d4
)

[2026-01-15 17:04:24] [16 MB] [chunked_processor] Transient lookup result
    DATA: Array
(
    [option_name] => speed_backups_job_50390c3f-4dd7-4617-bf4c-7be98ed172d4
    [found] => YES
)

[2026-01-15 17:04:24] [16 MB] [chunked_processor] Job retrieved successfully
    DATA: Array
(
    [status] => running
    [type] => restore
)

[2026-01-15 17:04:25] [14 MB] [ERROR_HANDLER] PHP error handlers registered
[2026-01-15 17:04:25] [14 MB] [ERROR_HANDLER] PHP error handlers registered
[2026-01-15 17:04:25] [14 MB] [FUNCTION] >>> ENTER: process_chunk
    DATA: Array
(
    [0] => job_id
)

[2026-01-15 17:04:25] [14 MB] [chunked_processor] get_job called
    DATA: Array
(
    [job_id] => 50390c3f-4dd7-4617-bf4c-7be98ed172d4
)

[2026-01-15 17:04:25] [14 MB] [chunked_processor] Transient lookup result
    DATA: Array
(
    [option_name] => speed_backups_job_50390c3f-4dd7-4617-bf4c-7be98ed172d4
    [found] => YES
)

[2026-01-15 17:04:25] [14 MB] [chunked_processor] Job retrieved successfully
    DATA: Array
(
    [status] => running
    [type] => restore
)

[2026-01-15 17:04:25] [14 MB] [JOB_STATE] Job 50390c3f-4dd7-4617-bf4c-7be98ed172d4 state
    DATA: Array
(
    [status] => running
    [type] => restore
    [phase] => files
    [progress] => 100
)

[2026-01-15 17:04:25] [14 MB] [chunked_processor] get_job called
    DATA: Array
(
    [job_id] => 50390c3f-4dd7-4617-bf4c-7be98ed172d4
)

[2026-01-15 17:04:25] [14 MB] [chunked_processor] Transient lookup result
    DATA: Array
(
    [option_name] => speed_backups_job_50390c3f-4dd7-4617-bf4c-7be98ed172d4
    [found] => YES
)

[2026-01-15 17:04:25] [14 MB] [chunked_processor] Job retrieved successfully
    DATA: Array
(
    [status] => running
    [type] => restore
)

[2026-01-15 17:04:25] [14 MB] [chunked_processor] get_job called
    DATA: Array
(
    [job_id] => 50390c3f-4dd7-4617-bf4c-7be98ed172d4
)

[2026-01-15 17:04:25] [14 MB] [chunked_processor] Transient lookup result
    DATA: Array
(
    [option_name] => speed_backups_job_50390c3f-4dd7-4617-bf4c-7be98ed172d4
    [found] => YES
)

[2026-01-15 17:04:25] [14 MB] [chunked_processor] Job retrieved successfully
    DATA: Array
(
    [status] => running
    [type] => restore
)

[2026-01-15 17:04:25] [14 MB] [chunked_processor] save_job called
    DATA: Array
(
    [job_id] => 50390c3f-4dd7-4617-bf4c-7be98ed172d4
    [status] => running
)

[2026-01-15 17:04:25] [14 MB] [chunked_processor] Transient save result
    DATA: Array
(
    [option_name] => speed_backups_job_50390c3f-4dd7-4617-bf4c-7be98ed172d4
    [success] => YES
)

[2026-01-15 17:04:25] [14 MB] [chunked_processor] Option save result
    DATA: Array
(
    [option_name] => speed_backups_job_50390c3f-4dd7-4617-bf4c-7be98ed172d4
    [success] => YES
)

[2026-01-15 17:04:25] [14 MB] [chunked_processor] Save verification (direct DB)
    DATA: Array
(
    [verified] => YES
)

[2026-01-15 17:04:41] [14 MB] [chunked_processor] get_job called
    DATA: Array
(
    [job_id] => 50390c3f-4dd7-4617-bf4c-7be98ed172d4
)

[2026-01-15 17:04:41] [14 MB] [chunked_processor] Transient lookup result
    DATA: Array
(
    [option_name] => speed_backups_job_50390c3f-4dd7-4617-bf4c-7be98ed172d4
    [found] => YES
)

[2026-01-15 17:04:41] [14 MB] [chunked_processor] Job retrieved successfully
    DATA: Array
(
    [status] => running
    [type] => restore
)

[2026-01-15 17:04:41] [14 MB] [chunked_processor] save_job called
    DATA: Array
(
    [job_id] => 50390c3f-4dd7-4617-bf4c-7be98ed172d4
    [status] => running
)

[2026-01-15 17:04:41] [14 MB] [chunked_processor] Transient save result
    DATA: Array
(
    [option_name] => speed_backups_job_50390c3f-4dd7-4617-bf4c-7be98ed172d4
    [success] => YES
)

[2026-01-15 17:04:41] [14 MB] [chunked_processor] Option save result
    DATA: Array
(
    [option_name] => speed_backups_job_50390c3f-4dd7-4617-bf4c-7be98ed172d4
    [success] => YES
)

[2026-01-15 17:04:41] [14 MB] [chunked_processor] Save verification (direct DB)
    DATA: Array
(
    [verified] => YES
)

[2026-01-15 17:04:41] [14 MB] [chunked_processor] get_job called
    DATA: Array
(
    [job_id] => 50390c3f-4dd7-4617-bf4c-7be98ed172d4
)

[2026-01-15 17:04:41] [14 MB] [chunked_processor] Transient lookup result
    DATA: Array
(
    [option_name] => speed_backups_job_50390c3f-4dd7-4617-bf4c-7be98ed172d4
    [found] => YES
)

[2026-01-15 17:04:41] [14 MB] [chunked_processor] Job retrieved successfully
    DATA: Array
(
    [status] => running
    [type] => restore
)

[2026-01-15 17:04:41] [14 MB] [chunked_processor] save_job called
    DATA: Array
(
    [job_id] => 50390c3f-4dd7-4617-bf4c-7be98ed172d4
    [status] => running
)

[2026-01-15 17:04:41] [14 MB] [chunked_processor] Transient save result
    DATA: Array
(
    [option_name] => speed_backups_job_50390c3f-4dd7-4617-bf4c-7be98ed172d4
    [success] => YES
)

[2026-01-15 17:04:41] [14 MB] [chunked_processor] Option save result
    DATA: Array
(
    [option_name] => speed_backups_job_50390c3f-4dd7-4617-bf4c-7be98ed172d4
    [success] => YES
)

[2026-01-15 17:04:41] [14 MB] [chunked_processor] Save verification (direct DB)
    DATA: Array
(
    [verified] => YES
)

[2026-01-15 17:04:41] [14 MB] [chunked_processor] get_job called
    DATA: Array
(
    [job_id] => 50390c3f-4dd7-4617-bf4c-7be98ed172d4
)

[2026-01-15 17:04:41] [14 MB] [chunked_processor] Transient lookup result
    DATA: Array
(
    [option_name] => speed_backups_job_50390c3f-4dd7-4617-bf4c-7be98ed172d4
    [found] => YES
)

[2026-01-15 17:04:41] [14 MB] [chunked_processor] Job retrieved successfully
    DATA: Array
(
    [status] => running
    [type] => restore
)

[2026-01-15 17:04:41] [14 MB] [chunked_processor] save_job called
    DATA: Array
(
    [job_id] => 50390c3f-4dd7-4617-bf4c-7be98ed172d4
    [status] => running
)

[2026-01-15 17:04:41] [14 MB] [chunked_processor] Transient save result
    DATA: Array
(
    [option_name] => speed_backups_job_50390c3f-4dd7-4617-bf4c-7be98ed172d4
    [success] => YES
)

[2026-01-15 17:04:41] [14 MB] [chunked_processor] Option save result
    DATA: Array
(
    [option_name] => speed_backups_job_50390c3f-4dd7-4617-bf4c-7be98ed172d4
    [success] => YES
)

[2026-01-15 17:04:41] [14 MB] [chunked_processor] Save verification (direct DB)
    DATA: Array
(
    [verified] => YES
)

[2026-01-15 17:04:41] [14 MB] [chunked_processor] get_job called
    DATA: Array
(
    [job_id] => 50390c3f-4dd7-4617-bf4c-7be98ed172d4
)

[2026-01-15 17:04:41] [14 MB] [chunked_processor] Transient lookup result
    DATA: Array
(
    [option_name] => speed_backups_job_50390c3f-4dd7-4617-bf4c-7be98ed172d4
    [found] => YES
)

[2026-01-15 17:04:41] [14 MB] [chunked_processor] Job retrieved successfully
    DATA: Array
(
    [status] => running
    [type] => restore
)

[2026-01-15 17:04:41] [14 MB] [chunked_processor] get_job called
    DATA: Array
(
    [job_id] => 50390c3f-4dd7-4617-bf4c-7be98ed172d4
)

[2026-01-15 17:04:41] [14 MB] [chunked_processor] Transient lookup result
    DATA: Array
(
    [option_name] => speed_backups_job_50390c3f-4dd7-4617-bf4c-7be98ed172d4
    [found] => YES
)

[2026-01-15 17:04:41] [14 MB] [chunked_processor] Job retrieved successfully
    DATA: Array
(
    [status] => running
    [type] => restore
)

[2026-01-15 17:04:43] [18 MB] [ERROR_HANDLER] PHP error handlers registered
[2026-01-15 17:04:44] [22 MB] [FUNCTION] >>> ENTER: process_chunk
    DATA: Array
(
    [0] => job_id
)

[2026-01-15 17:04:44] [22 MB] [chunked_processor] get_job called
    DATA: Array
(
    [job_id] => 50390c3f-4dd7-4617-bf4c-7be98ed172d4
)

[2026-01-15 17:04:44] [22 MB] [chunked_processor] Transient lookup result
    DATA: Array
(
    [option_name] => speed_backups_job_50390c3f-4dd7-4617-bf4c-7be98ed172d4
    [found] => YES
)

[2026-01-15 17:04:44] [22 MB] [chunked_processor] Job retrieved successfully
    DATA: Array
(
    [status] => running
    [type] => restore
)

[2026-01-15 17:04:44] [22 MB] [JOB_STATE] Job 50390c3f-4dd7-4617-bf4c-7be98ed172d4 state
    DATA: Array
(
    [status] => running
    [type] => restore
    [phase] => finalize
    [progress] => 100
)

[2026-01-15 17:04:44] [22 MB] [chunked_processor] get_job called
    DATA: Array
(
    [job_id] => 50390c3f-4dd7-4617-bf4c-7be98ed172d4
)

[2026-01-15 17:04:44] [22 MB] [chunked_processor] Transient lookup result
    DATA: Array
(
    [option_name] => speed_backups_job_50390c3f-4dd7-4617-bf4c-7be98ed172d4
    [found] => YES
)

[2026-01-15 17:04:44] [22 MB] [chunked_processor] Job retrieved successfully
    DATA: Array
(
    [status] => running
    [type] => restore
)

[2026-01-15 17:04:44] [22 MB] [chunked_processor] get_job called
    DATA: Array
(
    [job_id] => 50390c3f-4dd7-4617-bf4c-7be98ed172d4
)

[2026-01-15 17:04:44] [22 MB] [chunked_processor] Transient lookup result
    DATA: Array
(
    [option_name] => speed_backups_job_50390c3f-4dd7-4617-bf4c-7be98ed172d4
    [found] => YES
)

[2026-01-15 17:04:44] [22 MB] [chunked_processor] Job retrieved successfully
    DATA: Array
(
    [status] => running
    [type] => restore
)

[2026-01-15 17:04:44] [22 MB] [chunked_processor] save_job called
    DATA: Array
(
    [job_id] => 50390c3f-4dd7-4617-bf4c-7be98ed172d4
    [status] => running
)

[2026-01-15 17:04:44] [22 MB] [chunked_processor] Transient save result
    DATA: Array
(
    [option_name] => speed_backups_job_50390c3f-4dd7-4617-bf4c-7be98ed172d4
    [success] => YES
)

[2026-01-15 17:04:44] [22 MB] [chunked_processor] Option save result
    DATA: Array
(
    [option_name] => speed_backups_job_50390c3f-4dd7-4617-bf4c-7be98ed172d4
    [success] => YES
)

[2026-01-15 17:04:44] [22 MB] [chunked_processor] Save verification (direct DB)
    DATA: Array
(
    [verified] => YES
)

[2026-01-15 17:04:45] [22 MB] [process_finalize] Recovery mode and cache data cleared
[2026-01-15 17:04:45] [22 MB] [process_finalize] Elementor cache cleared and data validated
    DATA: Array
(
    [valid_posts] => 5
    [invalid_posts] => 0
)

[2026-01-15 17:04:45] [22 MB] [chunked_processor] get_job called
    DATA: Array
(
    [job_id] => 50390c3f-4dd7-4617-bf4c-7be98ed172d4
)

[2026-01-15 17:04:45] [22 MB] [chunked_processor] Transient lookup result
    DATA: Array
(
    [option_name] => speed_backups_job_50390c3f-4dd7-4617-bf4c-7be98ed172d4
    [found] => NO
)

[2026-01-15 17:04:45] [22 MB] [chunked_processor] Option lookup result
    DATA: Array
(
    [option_name] => speed_backups_job_50390c3f-4dd7-4617-bf4c-7be98ed172d4
    [found] => YES
)

[2026-01-15 17:04:45] [22 MB] [chunked_processor] Job retrieved successfully
    DATA: Array
(
    [status] => running
    [type] => restore
)

[2026-01-15 17:04:45] [22 MB] [chunked_processor] save_job called
    DATA: Array
(
    [job_id] => 50390c3f-4dd7-4617-bf4c-7be98ed172d4
    [status] => completed
)

[2026-01-15 17:04:45] [22 MB] [chunked_processor] Transient save result
    DATA: Array
(
    [option_name] => speed_backups_job_50390c3f-4dd7-4617-bf4c-7be98ed172d4
    [success] => YES
)

[2026-01-15 17:04:45] [22 MB] [chunked_processor] Option save result
    DATA: Array
(
    [option_name] => speed_backups_job_50390c3f-4dd7-4617-bf4c-7be98ed172d4
    [success] => YES
)

[2026-01-15 17:04:45] [22 MB] [chunked_processor] Save verification (direct DB)
    DATA: Array
(
    [verified] => YES
)

[2026-01-15 17:04:45] [22 MB] [chunked_processor] get_job called
    DATA: Array
(
    [job_id] => 50390c3f-4dd7-4617-bf4c-7be98ed172d4
)

[2026-01-15 17:04:45] [22 MB] [chunked_processor] Transient lookup result
    DATA: Array
(
    [option_name] => speed_backups_job_50390c3f-4dd7-4617-bf4c-7be98ed172d4
    [found] => YES
)

[2026-01-15 17:04:45] [22 MB] [chunked_processor] Job retrieved successfully
    DATA: Array
(
    [status] => completed
    [type] => restore
)

[2026-01-15 17:04:45] [22 MB] [chunked_processor] save_job called
    DATA: Array
(
    [job_id] => 50390c3f-4dd7-4617-bf4c-7be98ed172d4
    [status] => completed
)

[2026-01-15 17:04:45] [22 MB] [chunked_processor] Transient save result
    DATA: Array
(
    [option_name] => speed_backups_job_50390c3f-4dd7-4617-bf4c-7be98ed172d4
    [success] => YES
)

[2026-01-15 17:04:45] [22 MB] [chunked_processor] Option save result
    DATA: Array
(
    [option_name] => speed_backups_job_50390c3f-4dd7-4617-bf4c-7be98ed172d4
    [success] => YES
)

[2026-01-15 17:04:45] [22 MB] [chunked_processor] Save verification (direct DB)
    DATA: Array
(
    [verified] => YES
)

[2026-01-15 17:04:45] [22 MB] [chunked_processor] get_job called
    DATA: Array
(
    [job_id] => 50390c3f-4dd7-4617-bf4c-7be98ed172d4
)

[2026-01-15 17:04:45] [22 MB] [chunked_processor] Transient lookup result
    DATA: Array
(
    [option_name] => speed_backups_job_50390c3f-4dd7-4617-bf4c-7be98ed172d4
    [found] => YES
)

[2026-01-15 17:04:45] [22 MB] [chunked_processor] Job retrieved successfully
    DATA: Array
(
    [status] => completed
    [type] => restore
)

[2026-01-15 17:04:46] [58 MB] [ERROR_HANDLER] PHP error handlers registered
[2026-01-15 17:04:51] [18 MB] [ERROR_HANDLER] PHP error handlers registered
[2026-01-15 17:04:56] [20 MB] [ERROR_HANDLER] PHP error handlers registered
[2026-01-15 17:04:59] [46 MB] [ERROR_HANDLER] PHP error handlers registered
[2026-01-15 17:05:05] [20 MB] [ERROR_HANDLER] PHP error handlers registered
[2026-01-15 17:05:06] [24 MB] [EXCEPTION] UNCAUGHT EXCEPTION: Elementor\Core\DynamicTags\Manager::get_tag_data_content(): Argument #3 ($settings) must be of type array, null given
    DATA: Array
(
    [class] => TypeError
    [file] => /bitnami/wordpress/wp-content/plugins/elementor/core/dynamic-tags/manager.php
    [line] => 236
    [trace] => #0 [internal function]: Elementor\Core\DynamicTags\Manager->get_tag_data_content()
#1 /bitnami/wordpress/wp-content/plugins/elementor/core/dynamic-tags/manager.php(102): call_user_func_array()
#2 /bitnami/wordpress/wp-content/plugins/elementor/core/dynamic-tags/manager.php(67): Elementor\Core\DynamicTags\Manager->parse_tag_text()
#3 [internal function]: Elementor\Core\DynamicTags\Manager->Elementor\Core\DynamicTags\{closure}()
#4 /bitnami/wordpress/wp-content/plugins/elementor/core/dynamic-tags/manager.php(66): preg_replace_callback()
#5 /bitnami/wordpress/wp-content/plugins/elementor/includes/controls/base-data.php(91): Elementor\Core\DynamicTags\Manager->parse_tags_text()
#6 /bitnami/wordpress/wp-content/plugins/elementor/includes/base/controls-stack.php(1335): Elementor\Base_Data_Control->parse_tags()
#7 /bitnami/wordpress/wp-content/plugins/elementor/includes/base/controls-stack.php(1182): Elementor\Controls_Stack->parse_dynamic_settings()
#8 /bitnami/wordpress/wp-content/plugins/elementor/core/files/css/post.php(315): Elementor\Controls_Stack->get_parsed_dynamic_settings()
#9 /bitnami/wordpress/wp-content/plugins/elementor/core/files/css/post.php(297): Elementor\Core\Files\CSS\Post->render_element_styles()
#10 /bitnami/wordpress/wp-content/plugins/elementor/core/files/css/post.php(226): Elementor\Core\Files\CSS\Post->render_styles()
#11 /bitnami/wordpress/wp-content/plugins/elementor/core/files/css/post.php(313): Elementor\Core\Files\CSS\Post->add_controls_stack_style_rules()
#12 /bitnami/wordpress/wp-content/plugins/elementor/core/files/css/post.php(297): Elementor\Core\Files\CSS\Post->render_element_styles()
#13 /bitnami/wordpress/wp-content/plugins/elementor/core/files/css/post.php(178): Elementor\Core\Files\CSS\Post->render_styles()
#14 /bitnami/wordpress/wp-content/plugins/elementor/core/files/css/base.php(687): Elementor\Core\Files\CSS\Post->render_css()
#15 /bitnami/wordpress/wp-content/plugins/elementor/core/files/base.php(180): Elementor\Core\Files\CSS\Base->parse_content()
#16 /bitnami/wordpress/wp-content/plugins/elementor/core/files/css/base.php(133): Elementor\Core\Files\Base->update_file()
#17 /bitnami/wordpress/wp-content/plugins/elementor/core/files/css/base.php(229): Elementor\Core\Files\CSS\Base->update()
#18 /bitnami/wordpress/wp-content/plugins/elementor/core/files/css/post.php(201): Elementor\Core\Files\CSS\Base->enqueue()
#19 /bitnami/wordpress/wp-content/plugins/elementor-pro/modules/theme-builder/classes/locations-manager.php(194): Elementor\Core\Files\CSS\Post->enqueue()
#20 /opt/bitnami/wordpress/wp-includes/class-wp-hook.php(341): ElementorPro\Modules\ThemeBuilder\Classes\Locations_Manager->enqueue_styles()
#21 /opt/bitnami/wordpress/wp-includes/class-wp-hook.php(365): WP_Hook->apply_filters()
#22 /opt/bitnami/wordpress/wp-includes/plugin.php(522): WP_Hook->do_action()
#23 /opt/bitnami/wordpress/wp-includes/script-loader.php(2311): do_action()
#24 /opt/bitnami/wordpress/wp-includes/class-wp-hook.php(341): wp_enqueue_scripts()
#25 /opt/bitnami/wordpress/wp-includes/class-wp-hook.php(365): WP_Hook->apply_filters()
#26 /opt/bitnami/wordpress/wp-includes/plugin.php(522): WP_Hook->do_action()
#27 /opt/bitnami/wordpress/wp-includes/general-template.php(3197): do_action()
#28 /bitnami/wordpress/wp-content/themes/hello-elementor/header.php(23): wp_head()
#29 /opt/bitnami/wordpress/wp-includes/template.php(814): require_once('...')
#30 /opt/bitnami/wordpress/wp-includes/template.php(749): load_template()
#31 /opt/bitnami/wordpress/wp-includes/general-template.php(48): locate_template()
#32 /bitnami/wordpress/wp-content/themes/hello-elementor/index.php(14): get_header()
#33 /opt/bitnami/wordpress/wp-includes/template-loader.php(125): include('...')
#34 /opt/bitnami/wordpress/wp-blog-header.php(19): require_once('...')
#35 /opt/bitnami/wordpress/index.php(17): require('...')
#36 {main}
)

[2026-01-15 17:05:06] [24 MB] [FATAL_ERROR] FATAL ERROR (E_ERROR (Fatal)): Uncaught TypeError: Elementor\Core\DynamicTags\Manager::get_tag_data_content(): Argument #3 ($settings) must be of type array, null given in /bitnami/wordpress/wp-content/plugins/elementor/core/dynamic-tags/manager.php:236
Stack trace:
#0 [internal function]: Elementor\Core\DynamicTags\Manager->get_tag_data_content()
#1 /bitnami/wordpress/wp-content/plugins/elementor/core/dynamic-tags/manager.php(102): call_user_func_array()
#2 /bitnami/wordpress/wp-content/plugins/elementor/core/dynamic-tags/manager.php(67): Elementor\Core\DynamicTags\Manager->parse_tag_text()
#3 [internal function]: Elementor\Core\DynamicTags\Manager->Elementor\Core\DynamicTags\{closure}()
#4 /bitnami/wordpress/wp-content/plugins/elementor/core/dynamic-tags/manager.php(66): preg_replace_callback()
#5 /bitnami/wordpress/wp-content/plugins/elementor/includes/controls/base-data.php(91): Elementor\Core\DynamicTags\Manager->parse_tags_text()
#6 /bitnami/wordpress/wp-content/plugins/elementor/includes/base/controls-stack.php(1335): Elementor\Base_Data_Control->parse_tags()
#7 /bitnami/wordpress/wp-content/plugins/elementor/includes/base/controls-stack.php(1182): Elementor\Controls_Stack->parse_dynamic_settings()
#8 /bitnami/wordpress/wp-content/plugins/elementor/core/files/css/post.php(315): Elementor\Controls_Stack->get_parsed_dynamic_settings()
#9 /bitnami/wordpress/wp-content/plugins/elementor/core/files/css/post.php(297): Elementor\Core\Files\CSS\Post->render_element_styles()
#10 /bitnami/wordpress/wp-content/plugins/elementor/core/files/css/post.php(226): Elementor\Core\Files\CSS\Post->render_styles()
#11 /bitnami/wordpress/wp-content/plugins/elementor/core/files/css/post.php(313): Elementor\Core\Files\CSS\Post->add_controls_stack_style_rules()
#12 /bitnami/wordpress/wp-content/plugins/elementor/core/files/css/post.php(297): Elementor\Core\Files\CSS\Post->render_element_styles()
#13 /bitnami/wordpress/wp-content/plugins/elementor/core/files/css/post.php(178): Elementor\Core\Files\CSS\Post->render_styles()
#14 /bitnami/wordpress/wp-content/plugins/elementor/core/files/css/base.php(687): Elementor\Core\Files\CSS\Post->render_css()
#15 /bitnami/wordpress/wp-content/plugins/elementor/core/files/base.php(180): Elementor\Core\Files\CSS\Base->parse_content()
#16 /bitnami/wordpress/wp-content/plugins/elementor/core/files/css/base.php(133): Elementor\Core\Files\Base->update_file()
#17 /bitnami/wordpress/wp-content/plugins/elementor/core/files/css/base.php(229): Elementor\Core\Files\CSS\Base->update()
#18 /bitnami/wordpress/wp-content/plugins/elementor/core/files/css/post.php(201): Elementor\Core\Files\CSS\Base->enqueue()
#19 /bitnami/wordpress/wp-content/plugins/elementor-pro/modules/theme-builder/classes/locations-manager.php(194): Elementor\Core\Files\CSS\Post->enqueue()
#20 /opt/bitnami/wordpress/wp-includes/class-wp-hook.php(341): ElementorPro\Modules\ThemeBuilder\Classes\Locations_Manager->enqueue_styles()
#21 /opt/bitnami/wordpress/wp-includes/class-wp-hook.php(365): WP_Hook->apply_filters()
#22 /opt/bitnami/wordpress/wp-includes/plugin.php(522): WP_Hook->do_action()
#23 /opt/bitnami/wordpress/wp-includes/script-loader.php(2311): do_action()
#24 /opt/bitnami/wordpress/wp-includes/class-wp-hook.php(341): wp_enqueue_scripts()
#25 /opt/bitnami/wordpress/wp-includes/class-wp-hook.php(365): WP_Hook->apply_filters()
#26 /opt/bitnami/wordpress/wp-includes/plugin.php(522): WP_Hook->do_action()
#27 /opt/bitnami/wordpress/wp-includes/general-template.php(3197): do_action()
#28 /bitnami/wordpress/wp-content/themes/hello-elementor/header.php(23): wp_head()
#29 /opt/bitnami/wordpress/wp-includes/template.php(814): require_once('...')
#30 /opt/bitnami/wordpress/wp-includes/template.php(749): load_template()
#31 /opt/bitnami/wordpress/wp-includes/general-template.php(48): locate_template()
#32 /bitnami/wordpress/wp-content/themes/hello-elementor/index.php(14): get_header()
#33 /opt/bitnami/wordpress/wp-includes/template-loader.php(125): include('...')
#34 /opt/bitnami/wordpress/wp-blog-header.php(19): require_once('...')
#35 /opt/bitnami/wordpress/index.php(17): require('...')
#36 {main}
  thrown
    DATA: Array
(
    [file] => /bitnami/wordpress/wp-content/plugins/elementor/core/dynamic-tags/manager.php
    [line] => 236
)

[2026-01-15 17:05:23] [16 MB] [ERROR_HANDLER] PHP error handlers registered
