[2026-01-15 13:56:48] [14 MB] [chunked_processor] save_job called
    DATA: Array
(
    [job_id] => 172ff699-2121-49b1-b339-6ad8c79609ce
    [status] => pending
)

[2026-01-15 13:56:48] [14 MB] [chunked_processor] Transient save result
    DATA: Array
(
    [option_name] => speed_backups_job_172ff699-2121-49b1-b339-6ad8c79609ce
    [success] => YES
)

[2026-01-15 13:56:48] [14 MB] [chunked_processor] Option save result
    DATA: Array
(
    [option_name] => speed_backups_job_172ff699-2121-49b1-b339-6ad8c79609ce
    [success] => YES
)

[2026-01-15 13:56:48] [14 MB] [chunked_processor] Save verification
    DATA: Array
(
    [verified] => YES
)

[2026-01-15 13:56:48] [14 MB] [chunked_processor] get_job called
    DATA: Array
(
    [job_id] => 172ff699-2121-49b1-b339-6ad8c79609ce
)

[2026-01-15 13:56:48] [14 MB] [chunked_processor] Transient lookup result
    DATA: Array
(
    [option_name] => speed_backups_job_172ff699-2121-49b1-b339-6ad8c79609ce
    [found] => YES
)

[2026-01-15 13:56:48] [14 MB] [chunked_processor] Job retrieved successfully
    DATA: Array
(
    [status] => pending
    [type] => backup
)

[2026-01-15 13:56:48] [14 MB] [chunked_processor] save_job called
    DATA: Array
(
    [job_id] => 172ff699-2121-49b1-b339-6ad8c79609ce
    [status] => running
)

[2026-01-15 13:56:48] [14 MB] [chunked_processor] Transient save result
    DATA: Array
(
    [option_name] => speed_backups_job_172ff699-2121-49b1-b339-6ad8c79609ce
    [success] => YES
)

[2026-01-15 13:56:48] [14 MB] [chunked_processor] Option save result
    DATA: Array
(
    [option_name] => speed_backups_job_172ff699-2121-49b1-b339-6ad8c79609ce
    [success] => YES
)

[2026-01-15 13:56:48] [14 MB] [chunked_processor] Save verification
    DATA: Array
(
    [verified] => YES
)

[2026-01-15 13:56:48] [14 MB] [chunked_processor] get_job called
    DATA: Array
(
    [job_id] => 172ff699-2121-49b1-b339-6ad8c79609ce
)

[2026-01-15 13:56:48] [14 MB] [chunked_processor] Transient lookup result
    DATA: Array
(
    [option_name] => speed_backups_job_172ff699-2121-49b1-b339-6ad8c79609ce
    [found] => YES
)

[2026-01-15 13:56:48] [14 MB] [chunked_processor] Job retrieved successfully
    DATA: Array
(
    [status] => running
    [type] => backup
)

[2026-01-15 13:56:48] [14 MB] [chunked_processor] save_job called
    DATA: Array
(
    [job_id] => 172ff699-2121-49b1-b339-6ad8c79609ce
    [status] => running
)

[2026-01-15 13:56:48] [14 MB] [chunked_processor] Transient save result
    DATA: Array
(
    [option_name] => speed_backups_job_172ff699-2121-49b1-b339-6ad8c79609ce
    [success] => YES
)

[2026-01-15 13:56:48] [14 MB] [chunked_processor] Option save result
    DATA: Array
(
    [option_name] => speed_backups_job_172ff699-2121-49b1-b339-6ad8c79609ce
    [success] => YES
)

[2026-01-15 13:56:48] [14 MB] [chunked_processor] Save verification
    DATA: Array
(
    [verified] => YES
)

[2026-01-15 13:56:48] [14 MB] [chunked_processor] get_job called
    DATA: Array
(
    [job_id] => 172ff699-2121-49b1-b339-6ad8c79609ce
)

[2026-01-15 13:56:48] [14 MB] [chunked_processor] Transient lookup result
    DATA: Array
(
    [option_name] => speed_backups_job_172ff699-2121-49b1-b339-6ad8c79609ce
    [found] => YES
)

[2026-01-15 13:56:48] [14 MB] [chunked_processor] Job retrieved successfully
    DATA: Array
(
    [status] => running
    [type] => backup
)

[2026-01-15 13:56:48] [14 MB] [chunked_processor] get_job called
    DATA: Array
(
    [job_id] => 172ff699-2121-49b1-b339-6ad8c79609ce
)

[2026-01-15 13:56:48] [14 MB] [chunked_processor] Transient lookup result
    DATA: Array
(
    [option_name] => speed_backups_job_172ff699-2121-49b1-b339-6ad8c79609ce
    [found] => YES
)

[2026-01-15 13:56:48] [14 MB] [chunked_processor] Job retrieved successfully
    DATA: Array
(
    [status] => running
    [type] => backup
)

[2026-01-15 13:56:48] [14 MB] [chunked_processor] get_job called
    DATA: Array
(
    [job_id] => 172ff699-2121-49b1-b339-6ad8c79609ce
)

[2026-01-15 13:56:48] [14 MB] [chunked_processor] Transient lookup result
    DATA: Array
(
    [option_name] => speed_backups_job_172ff699-2121-49b1-b339-6ad8c79609ce
    [found] => YES
)

[2026-01-15 13:56:48] [14 MB] [chunked_processor] Job retrieved successfully
    DATA: Array
(
    [status] => running
    [type] => backup
)

[2026-01-15 13:56:48] [14 MB] [chunked_processor] save_job called
    DATA: Array
(
    [job_id] => 172ff699-2121-49b1-b339-6ad8c79609ce
    [status] => running
)

[2026-01-15 13:56:48] [14 MB] [chunked_processor] Transient save result
    DATA: Array
(
    [option_name] => speed_backups_job_172ff699-2121-49b1-b339-6ad8c79609ce
    [success] => YES
)

[2026-01-15 13:56:48] [14 MB] [chunked_processor] Option save result
    DATA: Array
(
    [option_name] => speed_backups_job_172ff699-2121-49b1-b339-6ad8c79609ce
    [success] => YES
)

[2026-01-15 13:56:48] [14 MB] [chunked_processor] Save verification
    DATA: Array
(
    [verified] => YES
)

[2026-01-15 13:56:49] [18 MB] [chunked_processor] get_job called
    DATA: Array
(
    [job_id] => 172ff699-2121-49b1-b339-6ad8c79609ce
)

[2026-01-15 13:56:49] [18 MB] [chunked_processor] Transient lookup result
    DATA: Array
(
    [option_name] => speed_backups_job_172ff699-2121-49b1-b339-6ad8c79609ce
    [found] => YES
)

[2026-01-15 13:56:49] [18 MB] [chunked_processor] Job retrieved successfully
    DATA: Array
(
    [status] => running
    [type] => backup
)

[2026-01-15 13:56:49] [18 MB] [chunked_processor] save_job called
    DATA: Array
(
    [job_id] => 172ff699-2121-49b1-b339-6ad8c79609ce
    [status] => running
)

[2026-01-15 13:56:49] [18 MB] [chunked_processor] Transient save result
    DATA: Array
(
    [option_name] => speed_backups_job_172ff699-2121-49b1-b339-6ad8c79609ce
    [success] => YES
)

[2026-01-15 13:56:49] [18 MB] [chunked_processor] Option save result
    DATA: Array
(
    [option_name] => speed_backups_job_172ff699-2121-49b1-b339-6ad8c79609ce
    [success] => YES
)

[2026-01-15 13:56:49] [18 MB] [chunked_processor] Save verification
    DATA: Array
(
    [verified] => YES
)

[2026-01-15 13:56:49] [18 MB] [chunked_processor] get_job called
    DATA: Array
(
    [job_id] => 172ff699-2121-49b1-b339-6ad8c79609ce
)

[2026-01-15 13:56:49] [18 MB] [chunked_processor] Transient lookup result
    DATA: Array
(
    [option_name] => speed_backups_job_172ff699-2121-49b1-b339-6ad8c79609ce
    [found] => YES
)

[2026-01-15 13:56:49] [18 MB] [chunked_processor] Job retrieved successfully
    DATA: Array
(
    [status] => running
    [type] => backup
)

[2026-01-15 13:56:49] [18 MB] [chunked_processor] save_job called
    DATA: Array
(
    [job_id] => 172ff699-2121-49b1-b339-6ad8c79609ce
    [status] => running
)

[2026-01-15 13:56:49] [18 MB] [chunked_processor] Transient save result
    DATA: Array
(
    [option_name] => speed_backups_job_172ff699-2121-49b1-b339-6ad8c79609ce
    [success] => YES
)

[2026-01-15 13:56:49] [18 MB] [chunked_processor] Option save result
    DATA: Array
(
    [option_name] => speed_backups_job_172ff699-2121-49b1-b339-6ad8c79609ce
    [success] => YES
)

[2026-01-15 13:56:49] [18 MB] [chunked_processor] Save verification
    DATA: Array
(
    [verified] => YES
)

[2026-01-15 13:56:49] [18 MB] [chunked_processor] get_job called
    DATA: Array
(
    [job_id] => 172ff699-2121-49b1-b339-6ad8c79609ce
)

[2026-01-15 13:56:49] [18 MB] [chunked_processor] Transient lookup result
    DATA: Array
(
    [option_name] => speed_backups_job_172ff699-2121-49b1-b339-6ad8c79609ce
    [found] => YES
)

[2026-01-15 13:56:49] [18 MB] [chunked_processor] Job retrieved successfully
    DATA: Array
(
    [status] => running
    [type] => backup
)

[2026-01-15 13:56:49] [18 MB] [chunked_processor] get_job called
    DATA: Array
(
    [job_id] => 172ff699-2121-49b1-b339-6ad8c79609ce
)

[2026-01-15 13:56:49] [18 MB] [chunked_processor] Transient lookup result
    DATA: Array
(
    [option_name] => speed_backups_job_172ff699-2121-49b1-b339-6ad8c79609ce
    [found] => YES
)

[2026-01-15 13:56:49] [18 MB] [chunked_processor] Job retrieved successfully
    DATA: Array
(
    [status] => running
    [type] => backup
)

[2026-01-15 13:56:49] [14 MB] [chunked_processor] get_job called
    DATA: Array
(
    [job_id] => 172ff699-2121-49b1-b339-6ad8c79609ce
)

[2026-01-15 13:56:49] [14 MB] [chunked_processor] Transient lookup result
    DATA: Array
(
    [option_name] => speed_backups_job_172ff699-2121-49b1-b339-6ad8c79609ce
    [found] => YES
)

[2026-01-15 13:56:49] [14 MB] [chunked_processor] Job retrieved successfully
    DATA: Array
(
    [status] => running
    [type] => backup
)

[2026-01-15 13:56:49] [14 MB] [chunked_processor] get_job called
    DATA: Array
(
    [job_id] => 172ff699-2121-49b1-b339-6ad8c79609ce
)

[2026-01-15 13:56:49] [14 MB] [chunked_processor] Transient lookup result
    DATA: Array
(
    [option_name] => speed_backups_job_172ff699-2121-49b1-b339-6ad8c79609ce
    [found] => YES
)

[2026-01-15 13:56:49] [14 MB] [chunked_processor] Job retrieved successfully
    DATA: Array
(
    [status] => running
    [type] => backup
)

[2026-01-15 13:56:49] [14 MB] [chunked_processor] get_job called
    DATA: Array
(
    [job_id] => 172ff699-2121-49b1-b339-6ad8c79609ce
)

[2026-01-15 13:56:49] [14 MB] [chunked_processor] Transient lookup result
    DATA: Array
(
    [option_name] => speed_backups_job_172ff699-2121-49b1-b339-6ad8c79609ce
    [found] => YES
)

[2026-01-15 13:56:49] [14 MB] [chunked_processor] Job retrieved successfully
    DATA: Array
(
    [status] => running
    [type] => backup
)

[2026-01-15 13:56:49] [14 MB] [chunked_processor] save_job called
    DATA: Array
(
    [job_id] => 172ff699-2121-49b1-b339-6ad8c79609ce
    [status] => running
)

[2026-01-15 13:56:49] [14 MB] [chunked_processor] Transient save result
    DATA: Array
(
    [option_name] => speed_backups_job_172ff699-2121-49b1-b339-6ad8c79609ce
    [success] => YES
)

[2026-01-15 13:56:49] [14 MB] [chunked_processor] Option save result
    DATA: Array
(
    [option_name] => speed_backups_job_172ff699-2121-49b1-b339-6ad8c79609ce
    [success] => YES
)

[2026-01-15 13:56:49] [14 MB] [chunked_processor] Save verification
    DATA: Array
(
    [verified] => YES
)

[2026-01-15 13:56:55] [30 MB] [chunked_processor] get_job called
    DATA: Array
(
    [job_id] => 172ff699-2121-49b1-b339-6ad8c79609ce
)

[2026-01-15 13:56:55] [30 MB] [chunked_processor] Transient lookup result
    DATA: Array
(
    [option_name] => speed_backups_job_172ff699-2121-49b1-b339-6ad8c79609ce
    [found] => YES
)

[2026-01-15 13:56:55] [30 MB] [chunked_processor] Job retrieved successfully
    DATA: Array
(
    [status] => running
    [type] => backup
)

[2026-01-15 13:56:55] [30 MB] [chunked_processor] save_job called
    DATA: Array
(
    [job_id] => 172ff699-2121-49b1-b339-6ad8c79609ce
    [status] => running
)

[2026-01-15 13:56:55] [30 MB] [chunked_processor] Transient save result
    DATA: Array
(
    [option_name] => speed_backups_job_172ff699-2121-49b1-b339-6ad8c79609ce
    [success] => YES
)

[2026-01-15 13:56:55] [30 MB] [chunked_processor] Option save result
    DATA: Array
(
    [option_name] => speed_backups_job_172ff699-2121-49b1-b339-6ad8c79609ce
    [success] => YES
)

[2026-01-15 13:56:55] [30 MB] [chunked_processor] Save verification
    DATA: Array
(
    [verified] => YES
)

[2026-01-15 13:56:55] [30 MB] [chunked_processor] get_job called
    DATA: Array
(
    [job_id] => 172ff699-2121-49b1-b339-6ad8c79609ce
)

[2026-01-15 13:56:55] [30 MB] [chunked_processor] Transient lookup result
    DATA: Array
(
    [option_name] => speed_backups_job_172ff699-2121-49b1-b339-6ad8c79609ce
    [found] => YES
)

[2026-01-15 13:56:55] [30 MB] [chunked_processor] Job retrieved successfully
    DATA: Array
(
    [status] => running
    [type] => backup
)

[2026-01-15 13:56:55] [30 MB] [chunked_processor] save_job called
    DATA: Array
(
    [job_id] => 172ff699-2121-49b1-b339-6ad8c79609ce
    [status] => running
)

[2026-01-15 13:56:55] [30 MB] [chunked_processor] Transient save result
    DATA: Array
(
    [option_name] => speed_backups_job_172ff699-2121-49b1-b339-6ad8c79609ce
    [success] => YES
)

[2026-01-15 13:56:55] [30 MB] [chunked_processor] Option save result
    DATA: Array
(
    [option_name] => speed_backups_job_172ff699-2121-49b1-b339-6ad8c79609ce
    [success] => YES
)

[2026-01-15 13:56:55] [30 MB] [chunked_processor] Save verification
    DATA: Array
(
    [verified] => YES
)

[2026-01-15 13:56:55] [30 MB] [chunked_processor] get_job called
    DATA: Array
(
    [job_id] => 172ff699-2121-49b1-b339-6ad8c79609ce
)

[2026-01-15 13:56:55] [30 MB] [chunked_processor] Transient lookup result
    DATA: Array
(
    [option_name] => speed_backups_job_172ff699-2121-49b1-b339-6ad8c79609ce
    [found] => YES
)

[2026-01-15 13:56:55] [30 MB] [chunked_processor] Job retrieved successfully
    DATA: Array
(
    [status] => running
    [type] => backup
)

[2026-01-15 13:56:55] [30 MB] [chunked_processor] get_job called
    DATA: Array
(
    [job_id] => 172ff699-2121-49b1-b339-6ad8c79609ce
)

[2026-01-15 13:56:55] [30 MB] [chunked_processor] Transient lookup result
    DATA: Array
(
    [option_name] => speed_backups_job_172ff699-2121-49b1-b339-6ad8c79609ce
    [found] => YES
)

[2026-01-15 13:56:55] [30 MB] [chunked_processor] Job retrieved successfully
    DATA: Array
(
    [status] => running
    [type] => backup
)

[2026-01-15 13:56:55] [16 MB] [chunked_processor] get_job called
    DATA: Array
(
    [job_id] => 172ff699-2121-49b1-b339-6ad8c79609ce
)

[2026-01-15 13:56:55] [16 MB] [chunked_processor] Transient lookup result
    DATA: Array
(
    [option_name] => speed_backups_job_172ff699-2121-49b1-b339-6ad8c79609ce
    [found] => YES
)

[2026-01-15 13:56:55] [16 MB] [chunked_processor] Job retrieved successfully
    DATA: Array
(
    [status] => running
    [type] => backup
)

[2026-01-15 13:56:55] [16 MB] [chunked_processor] get_job called
    DATA: Array
(
    [job_id] => 172ff699-2121-49b1-b339-6ad8c79609ce
)

[2026-01-15 13:56:55] [16 MB] [chunked_processor] Transient lookup result
    DATA: Array
(
    [option_name] => speed_backups_job_172ff699-2121-49b1-b339-6ad8c79609ce
    [found] => YES
)

[2026-01-15 13:56:55] [16 MB] [chunked_processor] Job retrieved successfully
    DATA: Array
(
    [status] => running
    [type] => backup
)

[2026-01-15 13:56:55] [20 MB] [chunked_processor] get_job called
    DATA: Array
(
    [job_id] => 172ff699-2121-49b1-b339-6ad8c79609ce
)

[2026-01-15 13:56:55] [20 MB] [chunked_processor] Transient lookup result
    DATA: Array
(
    [option_name] => speed_backups_job_172ff699-2121-49b1-b339-6ad8c79609ce
    [found] => YES
)

[2026-01-15 13:56:55] [20 MB] [chunked_processor] Job retrieved successfully
    DATA: Array
(
    [status] => running
    [type] => backup
)

[2026-01-15 13:56:55] [20 MB] [chunked_processor] save_job called
    DATA: Array
(
    [job_id] => 172ff699-2121-49b1-b339-6ad8c79609ce
    [status] => running
)

[2026-01-15 13:56:55] [20 MB] [chunked_processor] Transient save result
    DATA: Array
(
    [option_name] => speed_backups_job_172ff699-2121-49b1-b339-6ad8c79609ce
    [success] => YES
)

[2026-01-15 13:56:55] [20 MB] [chunked_processor] Option save result
    DATA: Array
(
    [option_name] => speed_backups_job_172ff699-2121-49b1-b339-6ad8c79609ce
    [success] => YES
)

[2026-01-15 13:56:55] [20 MB] [chunked_processor] Save verification
    DATA: Array
(
    [verified] => YES
)

[2026-01-15 13:56:59] [20 MB] [chunked_processor] get_job called
    DATA: Array
(
    [job_id] => 172ff699-2121-49b1-b339-6ad8c79609ce
)

[2026-01-15 13:56:59] [20 MB] [chunked_processor] Transient lookup result
    DATA: Array
(
    [option_name] => speed_backups_job_172ff699-2121-49b1-b339-6ad8c79609ce
    [found] => YES
)

[2026-01-15 13:56:59] [20 MB] [chunked_processor] Job retrieved successfully
    DATA: Array
(
    [status] => running
    [type] => backup
)

[2026-01-15 13:56:59] [20 MB] [chunked_processor] save_job called
    DATA: Array
(
    [job_id] => 172ff699-2121-49b1-b339-6ad8c79609ce
    [status] => running
)

[2026-01-15 13:56:59] [20 MB] [chunked_processor] Transient save result
    DATA: Array
(
    [option_name] => speed_backups_job_172ff699-2121-49b1-b339-6ad8c79609ce
    [success] => YES
)

[2026-01-15 13:56:59] [20 MB] [chunked_processor] Option save result
    DATA: Array
(
    [option_name] => speed_backups_job_172ff699-2121-49b1-b339-6ad8c79609ce
    [success] => YES
)

[2026-01-15 13:56:59] [20 MB] [chunked_processor] Save verification
    DATA: Array
(
    [verified] => YES
)

[2026-01-15 13:56:59] [20 MB] [chunked_processor] get_job called
    DATA: Array
(
    [job_id] => 172ff699-2121-49b1-b339-6ad8c79609ce
)

[2026-01-15 13:56:59] [20 MB] [chunked_processor] Transient lookup result
    DATA: Array
(
    [option_name] => speed_backups_job_172ff699-2121-49b1-b339-6ad8c79609ce
    [found] => YES
)

[2026-01-15 13:56:59] [20 MB] [chunked_processor] Job retrieved successfully
    DATA: Array
(
    [status] => running
    [type] => backup
)

[2026-01-15 13:56:59] [20 MB] [chunked_processor] get_job called
    DATA: Array
(
    [job_id] => 172ff699-2121-49b1-b339-6ad8c79609ce
)

[2026-01-15 13:56:59] [20 MB] [chunked_processor] Transient lookup result
    DATA: Array
(
    [option_name] => speed_backups_job_172ff699-2121-49b1-b339-6ad8c79609ce
    [found] => YES
)

[2026-01-15 13:56:59] [20 MB] [chunked_processor] Job retrieved successfully
    DATA: Array
(
    [status] => running
    [type] => backup
)

[2026-01-15 13:56:59] [14 MB] [chunked_processor] get_job called
    DATA: Array
(
    [job_id] => 172ff699-2121-49b1-b339-6ad8c79609ce
)

[2026-01-15 13:56:59] [14 MB] [chunked_processor] Transient lookup result
    DATA: Array
(
    [option_name] => speed_backups_job_172ff699-2121-49b1-b339-6ad8c79609ce
    [found] => YES
)

[2026-01-15 13:56:59] [14 MB] [chunked_processor] Job retrieved successfully
    DATA: Array
(
    [status] => running
    [type] => backup
)

[2026-01-15 13:56:59] [14 MB] [chunked_processor] get_job called
    DATA: Array
(
    [job_id] => 172ff699-2121-49b1-b339-6ad8c79609ce
)

[2026-01-15 13:56:59] [14 MB] [chunked_processor] Transient lookup result
    DATA: Array
(
    [option_name] => speed_backups_job_172ff699-2121-49b1-b339-6ad8c79609ce
    [found] => YES
)

[2026-01-15 13:56:59] [14 MB] [chunked_processor] Job retrieved successfully
    DATA: Array
(
    [status] => running
    [type] => backup
)

[2026-01-15 13:56:59] [20 MB] [chunked_processor] get_job called
    DATA: Array
(
    [job_id] => 172ff699-2121-49b1-b339-6ad8c79609ce
)

[2026-01-15 13:56:59] [20 MB] [chunked_processor] Transient lookup result
    DATA: Array
(
    [option_name] => speed_backups_job_172ff699-2121-49b1-b339-6ad8c79609ce
    [found] => YES
)

[2026-01-15 13:56:59] [20 MB] [chunked_processor] Job retrieved successfully
    DATA: Array
(
    [status] => running
    [type] => backup
)

[2026-01-15 13:56:59] [20 MB] [chunked_processor] save_job called
    DATA: Array
(
    [job_id] => 172ff699-2121-49b1-b339-6ad8c79609ce
    [status] => running
)

[2026-01-15 13:56:59] [20 MB] [chunked_processor] Transient save result
    DATA: Array
(
    [option_name] => speed_backups_job_172ff699-2121-49b1-b339-6ad8c79609ce
    [success] => YES
)

[2026-01-15 13:56:59] [20 MB] [chunked_processor] Option save result
    DATA: Array
(
    [option_name] => speed_backups_job_172ff699-2121-49b1-b339-6ad8c79609ce
    [success] => YES
)

[2026-01-15 13:56:59] [20 MB] [chunked_processor] Save verification
    DATA: Array
(
    [verified] => YES
)

[2026-01-15 13:57:00] [20 MB] [chunked_processor] get_job called
    DATA: Array
(
    [job_id] => 172ff699-2121-49b1-b339-6ad8c79609ce
)

[2026-01-15 13:57:00] [20 MB] [chunked_processor] Transient lookup result
    DATA: Array
(
    [option_name] => speed_backups_job_172ff699-2121-49b1-b339-6ad8c79609ce
    [found] => YES
)

[2026-01-15 13:57:00] [20 MB] [chunked_processor] Job retrieved successfully
    DATA: Array
(
    [status] => running
    [type] => backup
)

[2026-01-15 13:57:00] [20 MB] [chunked_processor] save_job called
    DATA: Array
(
    [job_id] => 172ff699-2121-49b1-b339-6ad8c79609ce
    [status] => running
)

[2026-01-15 13:57:00] [20 MB] [chunked_processor] Transient save result
    DATA: Array
(
    [option_name] => speed_backups_job_172ff699-2121-49b1-b339-6ad8c79609ce
    [success] => YES
)

[2026-01-15 13:57:00] [20 MB] [chunked_processor] Option save result
    DATA: Array
(
    [option_name] => speed_backups_job_172ff699-2121-49b1-b339-6ad8c79609ce
    [success] => YES
)

[2026-01-15 13:57:00] [20 MB] [chunked_processor] Save verification
    DATA: Array
(
    [verified] => YES
)

[2026-01-15 13:57:00] [20 MB] [chunked_processor] get_job called
    DATA: Array
(
    [job_id] => 172ff699-2121-49b1-b339-6ad8c79609ce
)

[2026-01-15 13:57:00] [20 MB] [chunked_processor] Transient lookup result
    DATA: Array
(
    [option_name] => speed_backups_job_172ff699-2121-49b1-b339-6ad8c79609ce
    [found] => YES
)

[2026-01-15 13:57:00] [20 MB] [chunked_processor] Job retrieved successfully
    DATA: Array
(
    [status] => running
    [type] => backup
)

[2026-01-15 13:57:00] [20 MB] [chunked_processor] get_job called
    DATA: Array
(
    [job_id] => 172ff699-2121-49b1-b339-6ad8c79609ce
)

[2026-01-15 13:57:00] [20 MB] [chunked_processor] Transient lookup result
    DATA: Array
(
    [option_name] => speed_backups_job_172ff699-2121-49b1-b339-6ad8c79609ce
    [found] => YES
)

[2026-01-15 13:57:00] [20 MB] [chunked_processor] Job retrieved successfully
    DATA: Array
(
    [status] => running
    [type] => backup
)

[2026-01-15 13:57:01] [28 MB] [chunked_processor] get_job called
    DATA: Array
(
    [job_id] => 172ff699-2121-49b1-b339-6ad8c79609ce
)

[2026-01-15 13:57:01] [28 MB] [chunked_processor] Transient lookup result
    DATA: Array
(
    [option_name] => speed_backups_job_172ff699-2121-49b1-b339-6ad8c79609ce
    [found] => YES
)

[2026-01-15 13:57:01] [28 MB] [chunked_processor] Job retrieved successfully
    DATA: Array
(
    [status] => running
    [type] => backup
)

[2026-01-15 13:57:01] [28 MB] [chunked_processor] get_job called
    DATA: Array
(
    [job_id] => 172ff699-2121-49b1-b339-6ad8c79609ce
)

[2026-01-15 13:57:01] [28 MB] [chunked_processor] Transient lookup result
    DATA: Array
(
    [option_name] => speed_backups_job_172ff699-2121-49b1-b339-6ad8c79609ce
    [found] => YES
)

[2026-01-15 13:57:01] [28 MB] [chunked_processor] Job retrieved successfully
    DATA: Array
(
    [status] => running
    [type] => backup
)

[2026-01-15 13:57:01] [28 MB] [chunked_processor] get_job called
    DATA: Array
(
    [job_id] => 172ff699-2121-49b1-b339-6ad8c79609ce
)

[2026-01-15 13:57:01] [28 MB] [chunked_processor] Transient lookup result
    DATA: Array
(
    [option_name] => speed_backups_job_172ff699-2121-49b1-b339-6ad8c79609ce
    [found] => YES
)

[2026-01-15 13:57:01] [28 MB] [chunked_processor] Job retrieved successfully
    DATA: Array
(
    [status] => running
    [type] => backup
)

[2026-01-15 13:57:01] [28 MB] [chunked_processor] save_job called
    DATA: Array
(
    [job_id] => 172ff699-2121-49b1-b339-6ad8c79609ce
    [status] => running
)

[2026-01-15 13:57:01] [28 MB] [chunked_processor] Transient save result
    DATA: Array
(
    [option_name] => speed_backups_job_172ff699-2121-49b1-b339-6ad8c79609ce
    [success] => YES
)

[2026-01-15 13:57:01] [28 MB] [chunked_processor] Option save result
    DATA: Array
(
    [option_name] => speed_backups_job_172ff699-2121-49b1-b339-6ad8c79609ce
    [success] => YES
)

[2026-01-15 13:57:01] [28 MB] [chunked_processor] Save verification
    DATA: Array
(
    [verified] => YES
)

[2026-01-15 13:57:01] [28 MB] [chunked_processor] get_job called
    DATA: Array
(
    [job_id] => 172ff699-2121-49b1-b339-6ad8c79609ce
)

[2026-01-15 13:57:01] [28 MB] [chunked_processor] Transient lookup result
    DATA: Array
(
    [option_name] => speed_backups_job_172ff699-2121-49b1-b339-6ad8c79609ce
    [found] => YES
)

[2026-01-15 13:57:01] [28 MB] [chunked_processor] Job retrieved successfully
    DATA: Array
(
    [status] => running
    [type] => backup
)

[2026-01-15 13:57:01] [28 MB] [chunked_processor] save_job called
    DATA: Array
(
    [job_id] => 172ff699-2121-49b1-b339-6ad8c79609ce
    [status] => running
)

[2026-01-15 13:57:01] [28 MB] [chunked_processor] Transient save result
    DATA: Array
(
    [option_name] => speed_backups_job_172ff699-2121-49b1-b339-6ad8c79609ce
    [success] => YES
)

[2026-01-15 13:57:01] [28 MB] [chunked_processor] Option save result
    DATA: Array
(
    [option_name] => speed_backups_job_172ff699-2121-49b1-b339-6ad8c79609ce
    [success] => YES
)

[2026-01-15 13:57:01] [28 MB] [chunked_processor] Save verification
    DATA: Array
(
    [verified] => YES
)

[2026-01-15 13:57:01] [28 MB] [chunked_processor] get_job called
    DATA: Array
(
    [job_id] => 172ff699-2121-49b1-b339-6ad8c79609ce
)

[2026-01-15 13:57:01] [28 MB] [chunked_processor] Transient lookup result
    DATA: Array
(
    [option_name] => speed_backups_job_172ff699-2121-49b1-b339-6ad8c79609ce
    [found] => YES
)

[2026-01-15 13:57:01] [28 MB] [chunked_processor] Job retrieved successfully
    DATA: Array
(
    [status] => running
    [type] => backup
)

[2026-01-15 13:57:01] [28 MB] [chunked_processor] get_job called
    DATA: Array
(
    [job_id] => 172ff699-2121-49b1-b339-6ad8c79609ce
)

[2026-01-15 13:57:01] [28 MB] [chunked_processor] Transient lookup result
    DATA: Array
(
    [option_name] => speed_backups_job_172ff699-2121-49b1-b339-6ad8c79609ce
    [found] => YES
)

[2026-01-15 13:57:01] [28 MB] [chunked_processor] Job retrieved successfully
    DATA: Array
(
    [status] => running
    [type] => backup
)

[2026-01-15 13:57:02] [20 MB] [chunked_processor] get_job called
    DATA: Array
(
    [job_id] => 172ff699-2121-49b1-b339-6ad8c79609ce
)

[2026-01-15 13:57:02] [20 MB] [chunked_processor] Transient lookup result
    DATA: Array
(
    [option_name] => speed_backups_job_172ff699-2121-49b1-b339-6ad8c79609ce
    [found] => YES
)

[2026-01-15 13:57:02] [20 MB] [chunked_processor] Job retrieved successfully
    DATA: Array
(
    [status] => running
    [type] => backup
)

[2026-01-15 13:57:02] [20 MB] [chunked_processor] get_job called
    DATA: Array
(
    [job_id] => 172ff699-2121-49b1-b339-6ad8c79609ce
)

[2026-01-15 13:57:02] [20 MB] [chunked_processor] Transient lookup result
    DATA: Array
(
    [option_name] => speed_backups_job_172ff699-2121-49b1-b339-6ad8c79609ce
    [found] => YES
)

[2026-01-15 13:57:02] [20 MB] [chunked_processor] Job retrieved successfully
    DATA: Array
(
    [status] => running
    [type] => backup
)

[2026-01-15 13:57:02] [20 MB] [chunked_processor] get_job called
    DATA: Array
(
    [job_id] => 172ff699-2121-49b1-b339-6ad8c79609ce
)

[2026-01-15 13:57:02] [20 MB] [chunked_processor] Transient lookup result
    DATA: Array
(
    [option_name] => speed_backups_job_172ff699-2121-49b1-b339-6ad8c79609ce
    [found] => YES
)

[2026-01-15 13:57:02] [20 MB] [chunked_processor] Job retrieved successfully
    DATA: Array
(
    [status] => running
    [type] => backup
)

[2026-01-15 13:57:02] [20 MB] [chunked_processor] save_job called
    DATA: Array
(
    [job_id] => 172ff699-2121-49b1-b339-6ad8c79609ce
    [status] => running
)

[2026-01-15 13:57:02] [20 MB] [chunked_processor] Transient save result
    DATA: Array
(
    [option_name] => speed_backups_job_172ff699-2121-49b1-b339-6ad8c79609ce
    [success] => YES
)

[2026-01-15 13:57:02] [20 MB] [chunked_processor] Option save result
    DATA: Array
(
    [option_name] => speed_backups_job_172ff699-2121-49b1-b339-6ad8c79609ce
    [success] => YES
)

[2026-01-15 13:57:02] [20 MB] [chunked_processor] Save verification
    DATA: Array
(
    [verified] => YES
)

[2026-01-15 13:57:02] [24 MB] [chunked_processor] get_job called
    DATA: Array
(
    [job_id] => 172ff699-2121-49b1-b339-6ad8c79609ce
)

[2026-01-15 13:57:02] [24 MB] [chunked_processor] Transient lookup result
    DATA: Array
(
    [option_name] => speed_backups_job_172ff699-2121-49b1-b339-6ad8c79609ce
    [found] => YES
)

[2026-01-15 13:57:02] [24 MB] [chunked_processor] Job retrieved successfully
    DATA: Array
(
    [status] => running
    [type] => backup
)

[2026-01-15 13:57:02] [24 MB] [chunked_processor] save_job called
    DATA: Array
(
    [job_id] => 172ff699-2121-49b1-b339-6ad8c79609ce
    [status] => running
)

[2026-01-15 13:57:02] [24 MB] [chunked_processor] Transient save result
    DATA: Array
(
    [option_name] => speed_backups_job_172ff699-2121-49b1-b339-6ad8c79609ce
    [success] => YES
)

[2026-01-15 13:57:02] [24 MB] [chunked_processor] Option save result
    DATA: Array
(
    [option_name] => speed_backups_job_172ff699-2121-49b1-b339-6ad8c79609ce
    [success] => YES
)

[2026-01-15 13:57:02] [24 MB] [chunked_processor] Save verification
    DATA: Array
(
    [verified] => YES
)

[2026-01-15 13:57:02] [24 MB] [chunked_processor] get_job called
    DATA: Array
(
    [job_id] => 172ff699-2121-49b1-b339-6ad8c79609ce
)

[2026-01-15 13:57:02] [24 MB] [chunked_processor] Transient lookup result
    DATA: Array
(
    [option_name] => speed_backups_job_172ff699-2121-49b1-b339-6ad8c79609ce
    [found] => YES
)

[2026-01-15 13:57:02] [24 MB] [chunked_processor] Job retrieved successfully
    DATA: Array
(
    [status] => running
    [type] => backup
)

[2026-01-15 13:57:02] [24 MB] [chunked_processor] get_job called
    DATA: Array
(
    [job_id] => 172ff699-2121-49b1-b339-6ad8c79609ce
)

[2026-01-15 13:57:02] [24 MB] [chunked_processor] Transient lookup result
    DATA: Array
(
    [option_name] => speed_backups_job_172ff699-2121-49b1-b339-6ad8c79609ce
    [found] => YES
)

[2026-01-15 13:57:02] [24 MB] [chunked_processor] Job retrieved successfully
    DATA: Array
(
    [status] => running
    [type] => backup
)

[2026-01-15 13:57:03] [20 MB] [chunked_processor] get_job called
    DATA: Array
(
    [job_id] => 172ff699-2121-49b1-b339-6ad8c79609ce
)

[2026-01-15 13:57:03] [20 MB] [chunked_processor] Transient lookup result
    DATA: Array
(
    [option_name] => speed_backups_job_172ff699-2121-49b1-b339-6ad8c79609ce
    [found] => YES
)

[2026-01-15 13:57:03] [20 MB] [chunked_processor] Job retrieved successfully
    DATA: Array
(
    [status] => running
    [type] => backup
)

[2026-01-15 13:57:03] [20 MB] [chunked_processor] get_job called
    DATA: Array
(
    [job_id] => 172ff699-2121-49b1-b339-6ad8c79609ce
)

[2026-01-15 13:57:03] [20 MB] [chunked_processor] Transient lookup result
    DATA: Array
(
    [option_name] => speed_backups_job_172ff699-2121-49b1-b339-6ad8c79609ce
    [found] => YES
)

[2026-01-15 13:57:03] [20 MB] [chunked_processor] Job retrieved successfully
    DATA: Array
(
    [status] => running
    [type] => backup
)

[2026-01-15 13:57:03] [20 MB] [chunked_processor] get_job called
    DATA: Array
(
    [job_id] => 172ff699-2121-49b1-b339-6ad8c79609ce
)

[2026-01-15 13:57:03] [20 MB] [chunked_processor] Transient lookup result
    DATA: Array
(
    [option_name] => speed_backups_job_172ff699-2121-49b1-b339-6ad8c79609ce
    [found] => YES
)

[2026-01-15 13:57:03] [20 MB] [chunked_processor] Job retrieved successfully
    DATA: Array
(
    [status] => running
    [type] => backup
)

[2026-01-15 13:57:03] [20 MB] [chunked_processor] save_job called
    DATA: Array
(
    [job_id] => 172ff699-2121-49b1-b339-6ad8c79609ce
    [status] => running
)

[2026-01-15 13:57:03] [20 MB] [chunked_processor] Transient save result
    DATA: Array
(
    [option_name] => speed_backups_job_172ff699-2121-49b1-b339-6ad8c79609ce
    [success] => YES
)

[2026-01-15 13:57:03] [20 MB] [chunked_processor] Option save result
    DATA: Array
(
    [option_name] => speed_backups_job_172ff699-2121-49b1-b339-6ad8c79609ce
    [success] => YES
)

[2026-01-15 13:57:03] [20 MB] [chunked_processor] Save verification
    DATA: Array
(
    [verified] => YES
)

[2026-01-15 13:57:03] [22 MB] [chunked_processor] get_job called
    DATA: Array
(
    [job_id] => 172ff699-2121-49b1-b339-6ad8c79609ce
)

[2026-01-15 13:57:03] [22 MB] [chunked_processor] Transient lookup result
    DATA: Array
(
    [option_name] => speed_backups_job_172ff699-2121-49b1-b339-6ad8c79609ce
    [found] => YES
)

[2026-01-15 13:57:03] [22 MB] [chunked_processor] Job retrieved successfully
    DATA: Array
(
    [status] => running
    [type] => backup
)

[2026-01-15 13:57:03] [22 MB] [chunked_processor] save_job called
    DATA: Array
(
    [job_id] => 172ff699-2121-49b1-b339-6ad8c79609ce
    [status] => running
)

[2026-01-15 13:57:03] [22 MB] [chunked_processor] Transient save result
    DATA: Array
(
    [option_name] => speed_backups_job_172ff699-2121-49b1-b339-6ad8c79609ce
    [success] => YES
)

[2026-01-15 13:57:03] [22 MB] [chunked_processor] Option save result
    DATA: Array
(
    [option_name] => speed_backups_job_172ff699-2121-49b1-b339-6ad8c79609ce
    [success] => YES
)

[2026-01-15 13:57:03] [22 MB] [chunked_processor] Save verification
    DATA: Array
(
    [verified] => YES
)

[2026-01-15 13:57:03] [22 MB] [chunked_processor] get_job called
    DATA: Array
(
    [job_id] => 172ff699-2121-49b1-b339-6ad8c79609ce
)

[2026-01-15 13:57:03] [22 MB] [chunked_processor] Transient lookup result
    DATA: Array
(
    [option_name] => speed_backups_job_172ff699-2121-49b1-b339-6ad8c79609ce
    [found] => YES
)

[2026-01-15 13:57:03] [22 MB] [chunked_processor] Job retrieved successfully
    DATA: Array
(
    [status] => running
    [type] => backup
)

[2026-01-15 13:57:03] [22 MB] [chunked_processor] get_job called
    DATA: Array
(
    [job_id] => 172ff699-2121-49b1-b339-6ad8c79609ce
)

[2026-01-15 13:57:03] [22 MB] [chunked_processor] Transient lookup result
    DATA: Array
(
    [option_name] => speed_backups_job_172ff699-2121-49b1-b339-6ad8c79609ce
    [found] => YES
)

[2026-01-15 13:57:03] [22 MB] [chunked_processor] Job retrieved successfully
    DATA: Array
(
    [status] => running
    [type] => backup
)

[2026-01-15 13:57:03] [26 MB] [chunked_processor] get_job called
    DATA: Array
(
    [job_id] => 172ff699-2121-49b1-b339-6ad8c79609ce
)

[2026-01-15 13:57:03] [26 MB] [chunked_processor] Transient lookup result
    DATA: Array
(
    [option_name] => speed_backups_job_172ff699-2121-49b1-b339-6ad8c79609ce
    [found] => YES
)

[2026-01-15 13:57:03] [26 MB] [chunked_processor] Job retrieved successfully
    DATA: Array
(
    [status] => running
    [type] => backup
)

[2026-01-15 13:57:03] [26 MB] [chunked_processor] get_job called
    DATA: Array
(
    [job_id] => 172ff699-2121-49b1-b339-6ad8c79609ce
)

[2026-01-15 13:57:03] [26 MB] [chunked_processor] Transient lookup result
    DATA: Array
(
    [option_name] => speed_backups_job_172ff699-2121-49b1-b339-6ad8c79609ce
    [found] => YES
)

[2026-01-15 13:57:03] [26 MB] [chunked_processor] Job retrieved successfully
    DATA: Array
(
    [status] => running
    [type] => backup
)

[2026-01-15 13:57:03] [26 MB] [chunked_processor] get_job called
    DATA: Array
(
    [job_id] => 172ff699-2121-49b1-b339-6ad8c79609ce
)

[2026-01-15 13:57:03] [26 MB] [chunked_processor] Transient lookup result
    DATA: Array
(
    [option_name] => speed_backups_job_172ff699-2121-49b1-b339-6ad8c79609ce
    [found] => YES
)

[2026-01-15 13:57:03] [26 MB] [chunked_processor] Job retrieved successfully
    DATA: Array
(
    [status] => running
    [type] => backup
)

[2026-01-15 13:57:03] [26 MB] [chunked_processor] save_job called
    DATA: Array
(
    [job_id] => 172ff699-2121-49b1-b339-6ad8c79609ce
    [status] => running
)

[2026-01-15 13:57:03] [26 MB] [chunked_processor] Transient save result
    DATA: Array
(
    [option_name] => speed_backups_job_172ff699-2121-49b1-b339-6ad8c79609ce
    [success] => YES
)

[2026-01-15 13:57:03] [26 MB] [chunked_processor] Option save result
    DATA: Array
(
    [option_name] => speed_backups_job_172ff699-2121-49b1-b339-6ad8c79609ce
    [success] => YES
)

[2026-01-15 13:57:03] [26 MB] [chunked_processor] Save verification
    DATA: Array
(
    [verified] => YES
)

[2026-01-15 13:57:04] [26 MB] [chunked_processor] get_job called
    DATA: Array
(
    [job_id] => 172ff699-2121-49b1-b339-6ad8c79609ce
)

[2026-01-15 13:57:04] [26 MB] [chunked_processor] Transient lookup result
    DATA: Array
(
    [option_name] => speed_backups_job_172ff699-2121-49b1-b339-6ad8c79609ce
    [found] => YES
)

[2026-01-15 13:57:04] [26 MB] [chunked_processor] Job retrieved successfully
    DATA: Array
(
    [status] => running
    [type] => backup
)

[2026-01-15 13:57:04] [26 MB] [chunked_processor] save_job called
    DATA: Array
(
    [job_id] => 172ff699-2121-49b1-b339-6ad8c79609ce
    [status] => running
)

[2026-01-15 13:57:04] [26 MB] [chunked_processor] Transient save result
    DATA: Array
(
    [option_name] => speed_backups_job_172ff699-2121-49b1-b339-6ad8c79609ce
    [success] => YES
)

[2026-01-15 13:57:04] [26 MB] [chunked_processor] Option save result
    DATA: Array
(
    [option_name] => speed_backups_job_172ff699-2121-49b1-b339-6ad8c79609ce
    [success] => YES
)

[2026-01-15 13:57:04] [26 MB] [chunked_processor] Save verification
    DATA: Array
(
    [verified] => YES
)

[2026-01-15 13:57:04] [26 MB] [chunked_processor] get_job called
    DATA: Array
(
    [job_id] => 172ff699-2121-49b1-b339-6ad8c79609ce
)

[2026-01-15 13:57:04] [26 MB] [chunked_processor] Transient lookup result
    DATA: Array
(
    [option_name] => speed_backups_job_172ff699-2121-49b1-b339-6ad8c79609ce
    [found] => YES
)

[2026-01-15 13:57:04] [26 MB] [chunked_processor] Job retrieved successfully
    DATA: Array
(
    [status] => running
    [type] => backup
)

[2026-01-15 13:57:04] [26 MB] [chunked_processor] get_job called
    DATA: Array
(
    [job_id] => 172ff699-2121-49b1-b339-6ad8c79609ce
)

[2026-01-15 13:57:04] [26 MB] [chunked_processor] Transient lookup result
    DATA: Array
(
    [option_name] => speed_backups_job_172ff699-2121-49b1-b339-6ad8c79609ce
    [found] => YES
)

[2026-01-15 13:57:04] [26 MB] [chunked_processor] Job retrieved successfully
    DATA: Array
(
    [status] => running
    [type] => backup
)

[2026-01-15 13:57:04] [24 MB] [chunked_processor] get_job called
    DATA: Array
(
    [job_id] => 172ff699-2121-49b1-b339-6ad8c79609ce
)

[2026-01-15 13:57:04] [24 MB] [chunked_processor] Transient lookup result
    DATA: Array
(
    [option_name] => speed_backups_job_172ff699-2121-49b1-b339-6ad8c79609ce
    [found] => YES
)

[2026-01-15 13:57:04] [24 MB] [chunked_processor] Job retrieved successfully
    DATA: Array
(
    [status] => running
    [type] => backup
)

[2026-01-15 13:57:04] [24 MB] [chunked_processor] get_job called
    DATA: Array
(
    [job_id] => 172ff699-2121-49b1-b339-6ad8c79609ce
)

[2026-01-15 13:57:04] [24 MB] [chunked_processor] Transient lookup result
    DATA: Array
(
    [option_name] => speed_backups_job_172ff699-2121-49b1-b339-6ad8c79609ce
    [found] => YES
)

[2026-01-15 13:57:04] [24 MB] [chunked_processor] Job retrieved successfully
    DATA: Array
(
    [status] => running
    [type] => backup
)

[2026-01-15 13:57:04] [24 MB] [chunked_processor] get_job called
    DATA: Array
(
    [job_id] => 172ff699-2121-49b1-b339-6ad8c79609ce
)

[2026-01-15 13:57:04] [24 MB] [chunked_processor] Transient lookup result
    DATA: Array
(
    [option_name] => speed_backups_job_172ff699-2121-49b1-b339-6ad8c79609ce
    [found] => YES
)

[2026-01-15 13:57:04] [24 MB] [chunked_processor] Job retrieved successfully
    DATA: Array
(
    [status] => running
    [type] => backup
)

[2026-01-15 13:57:04] [24 MB] [chunked_processor] save_job called
    DATA: Array
(
    [job_id] => 172ff699-2121-49b1-b339-6ad8c79609ce
    [status] => running
)

[2026-01-15 13:57:04] [24 MB] [chunked_processor] Transient save result
    DATA: Array
(
    [option_name] => speed_backups_job_172ff699-2121-49b1-b339-6ad8c79609ce
    [success] => YES
)

[2026-01-15 13:57:04] [24 MB] [chunked_processor] Option save result
    DATA: Array
(
    [option_name] => speed_backups_job_172ff699-2121-49b1-b339-6ad8c79609ce
    [success] => YES
)

[2026-01-15 13:57:04] [24 MB] [chunked_processor] Save verification
    DATA: Array
(
    [verified] => YES
)

[2026-01-15 13:57:05] [26 MB] [chunked_processor] get_job called
    DATA: Array
(
    [job_id] => 172ff699-2121-49b1-b339-6ad8c79609ce
)

[2026-01-15 13:57:05] [26 MB] [chunked_processor] Transient lookup result
    DATA: Array
(
    [option_name] => speed_backups_job_172ff699-2121-49b1-b339-6ad8c79609ce
    [found] => YES
)

[2026-01-15 13:57:05] [26 MB] [chunked_processor] Job retrieved successfully
    DATA: Array
(
    [status] => running
    [type] => backup
)

[2026-01-15 13:57:05] [26 MB] [chunked_processor] save_job called
    DATA: Array
(
    [job_id] => 172ff699-2121-49b1-b339-6ad8c79609ce
    [status] => running
)

[2026-01-15 13:57:05] [26 MB] [chunked_processor] Transient save result
    DATA: Array
(
    [option_name] => speed_backups_job_172ff699-2121-49b1-b339-6ad8c79609ce
    [success] => YES
)

[2026-01-15 13:57:05] [26 MB] [chunked_processor] Option save result
    DATA: Array
(
    [option_name] => speed_backups_job_172ff699-2121-49b1-b339-6ad8c79609ce
    [success] => YES
)

[2026-01-15 13:57:05] [26 MB] [chunked_processor] Save verification
    DATA: Array
(
    [verified] => YES
)

[2026-01-15 13:57:05] [26 MB] [chunked_processor] get_job called
    DATA: Array
(
    [job_id] => 172ff699-2121-49b1-b339-6ad8c79609ce
)

[2026-01-15 13:57:05] [26 MB] [chunked_processor] Transient lookup result
    DATA: Array
(
    [option_name] => speed_backups_job_172ff699-2121-49b1-b339-6ad8c79609ce
    [found] => YES
)

[2026-01-15 13:57:05] [26 MB] [chunked_processor] Job retrieved successfully
    DATA: Array
(
    [status] => running
    [type] => backup
)

[2026-01-15 13:57:05] [26 MB] [chunked_processor] get_job called
    DATA: Array
(
    [job_id] => 172ff699-2121-49b1-b339-6ad8c79609ce
)

[2026-01-15 13:57:05] [26 MB] [chunked_processor] Transient lookup result
    DATA: Array
(
    [option_name] => speed_backups_job_172ff699-2121-49b1-b339-6ad8c79609ce
    [found] => YES
)

[2026-01-15 13:57:05] [26 MB] [chunked_processor] Job retrieved successfully
    DATA: Array
(
    [status] => running
    [type] => backup
)

[2026-01-15 13:57:05] [20 MB] [chunked_processor] get_job called
    DATA: Array
(
    [job_id] => 172ff699-2121-49b1-b339-6ad8c79609ce
)

[2026-01-15 13:57:05] [20 MB] [chunked_processor] Transient lookup result
    DATA: Array
(
    [option_name] => speed_backups_job_172ff699-2121-49b1-b339-6ad8c79609ce
    [found] => YES
)

[2026-01-15 13:57:05] [20 MB] [chunked_processor] Job retrieved successfully
    DATA: Array
(
    [status] => running
    [type] => backup
)

[2026-01-15 13:57:05] [20 MB] [chunked_processor] get_job called
    DATA: Array
(
    [job_id] => 172ff699-2121-49b1-b339-6ad8c79609ce
)

[2026-01-15 13:57:05] [20 MB] [chunked_processor] Transient lookup result
    DATA: Array
(
    [option_name] => speed_backups_job_172ff699-2121-49b1-b339-6ad8c79609ce
    [found] => YES
)

[2026-01-15 13:57:05] [20 MB] [chunked_processor] Job retrieved successfully
    DATA: Array
(
    [status] => running
    [type] => backup
)

[2026-01-15 13:57:05] [20 MB] [chunked_processor] get_job called
    DATA: Array
(
    [job_id] => 172ff699-2121-49b1-b339-6ad8c79609ce
)

[2026-01-15 13:57:05] [20 MB] [chunked_processor] Transient lookup result
    DATA: Array
(
    [option_name] => speed_backups_job_172ff699-2121-49b1-b339-6ad8c79609ce
    [found] => YES
)

[2026-01-15 13:57:05] [20 MB] [chunked_processor] Job retrieved successfully
    DATA: Array
(
    [status] => running
    [type] => backup
)

[2026-01-15 13:57:05] [20 MB] [chunked_processor] save_job called
    DATA: Array
(
    [job_id] => 172ff699-2121-49b1-b339-6ad8c79609ce
    [status] => running
)

[2026-01-15 13:57:05] [20 MB] [chunked_processor] Transient save result
    DATA: Array
(
    [option_name] => speed_backups_job_172ff699-2121-49b1-b339-6ad8c79609ce
    [success] => YES
)

[2026-01-15 13:57:05] [20 MB] [chunked_processor] Option save result
    DATA: Array
(
    [option_name] => speed_backups_job_172ff699-2121-49b1-b339-6ad8c79609ce
    [success] => YES
)

[2026-01-15 13:57:05] [20 MB] [chunked_processor] Save verification
    DATA: Array
(
    [verified] => YES
)

[2026-01-15 13:57:06] [22 MB] [chunked_processor] get_job called
    DATA: Array
(
    [job_id] => 172ff699-2121-49b1-b339-6ad8c79609ce
)

[2026-01-15 13:57:06] [22 MB] [chunked_processor] Transient lookup result
    DATA: Array
(
    [option_name] => speed_backups_job_172ff699-2121-49b1-b339-6ad8c79609ce
    [found] => YES
)

[2026-01-15 13:57:06] [22 MB] [chunked_processor] Job retrieved successfully
    DATA: Array
(
    [status] => running
    [type] => backup
)

[2026-01-15 13:57:06] [22 MB] [chunked_processor] save_job called
    DATA: Array
(
    [job_id] => 172ff699-2121-49b1-b339-6ad8c79609ce
    [status] => running
)

[2026-01-15 13:57:06] [22 MB] [chunked_processor] Transient save result
    DATA: Array
(
    [option_name] => speed_backups_job_172ff699-2121-49b1-b339-6ad8c79609ce
    [success] => YES
)

[2026-01-15 13:57:06] [22 MB] [chunked_processor] Option save result
    DATA: Array
(
    [option_name] => speed_backups_job_172ff699-2121-49b1-b339-6ad8c79609ce
    [success] => YES
)

[2026-01-15 13:57:06] [22 MB] [chunked_processor] Save verification
    DATA: Array
(
    [verified] => YES
)

[2026-01-15 13:57:06] [22 MB] [chunked_processor] get_job called
    DATA: Array
(
    [job_id] => 172ff699-2121-49b1-b339-6ad8c79609ce
)

[2026-01-15 13:57:06] [22 MB] [chunked_processor] Transient lookup result
    DATA: Array
(
    [option_name] => speed_backups_job_172ff699-2121-49b1-b339-6ad8c79609ce
    [found] => YES
)

[2026-01-15 13:57:06] [22 MB] [chunked_processor] Job retrieved successfully
    DATA: Array
(
    [status] => running
    [type] => backup
)

[2026-01-15 13:57:06] [22 MB] [chunked_processor] get_job called
    DATA: Array
(
    [job_id] => 172ff699-2121-49b1-b339-6ad8c79609ce
)

[2026-01-15 13:57:06] [22 MB] [chunked_processor] Transient lookup result
    DATA: Array
(
    [option_name] => speed_backups_job_172ff699-2121-49b1-b339-6ad8c79609ce
    [found] => YES
)

[2026-01-15 13:57:06] [22 MB] [chunked_processor] Job retrieved successfully
    DATA: Array
(
    [status] => running
    [type] => backup
)

[2026-01-15 13:57:06] [24 MB] [chunked_processor] get_job called
    DATA: Array
(
    [job_id] => 172ff699-2121-49b1-b339-6ad8c79609ce
)

[2026-01-15 13:57:06] [24 MB] [chunked_processor] Transient lookup result
    DATA: Array
(
    [option_name] => speed_backups_job_172ff699-2121-49b1-b339-6ad8c79609ce
    [found] => YES
)

[2026-01-15 13:57:06] [24 MB] [chunked_processor] Job retrieved successfully
    DATA: Array
(
    [status] => running
    [type] => backup
)

[2026-01-15 13:57:06] [24 MB] [chunked_processor] get_job called
    DATA: Array
(
    [job_id] => 172ff699-2121-49b1-b339-6ad8c79609ce
)

[2026-01-15 13:57:06] [24 MB] [chunked_processor] Transient lookup result
    DATA: Array
(
    [option_name] => speed_backups_job_172ff699-2121-49b1-b339-6ad8c79609ce
    [found] => YES
)

[2026-01-15 13:57:06] [24 MB] [chunked_processor] Job retrieved successfully
    DATA: Array
(
    [status] => running
    [type] => backup
)

[2026-01-15 13:57:06] [24 MB] [chunked_processor] get_job called
    DATA: Array
(
    [job_id] => 172ff699-2121-49b1-b339-6ad8c79609ce
)

[2026-01-15 13:57:06] [24 MB] [chunked_processor] Transient lookup result
    DATA: Array
(
    [option_name] => speed_backups_job_172ff699-2121-49b1-b339-6ad8c79609ce
    [found] => YES
)

[2026-01-15 13:57:06] [24 MB] [chunked_processor] Job retrieved successfully
    DATA: Array
(
    [status] => running
    [type] => backup
)

[2026-01-15 13:57:06] [24 MB] [chunked_processor] save_job called
    DATA: Array
(
    [job_id] => 172ff699-2121-49b1-b339-6ad8c79609ce
    [status] => running
)

[2026-01-15 13:57:06] [24 MB] [chunked_processor] Transient save result
    DATA: Array
(
    [option_name] => speed_backups_job_172ff699-2121-49b1-b339-6ad8c79609ce
    [success] => YES
)

[2026-01-15 13:57:06] [24 MB] [chunked_processor] Option save result
    DATA: Array
(
    [option_name] => speed_backups_job_172ff699-2121-49b1-b339-6ad8c79609ce
    [success] => YES
)

[2026-01-15 13:57:06] [24 MB] [chunked_processor] Save verification
    DATA: Array
(
    [verified] => YES
)

[2026-01-15 13:57:07] [26 MB] [chunked_processor] get_job called
    DATA: Array
(
    [job_id] => 172ff699-2121-49b1-b339-6ad8c79609ce
)

[2026-01-15 13:57:07] [26 MB] [chunked_processor] Transient lookup result
    DATA: Array
(
    [option_name] => speed_backups_job_172ff699-2121-49b1-b339-6ad8c79609ce
    [found] => YES
)

[2026-01-15 13:57:07] [26 MB] [chunked_processor] Job retrieved successfully
    DATA: Array
(
    [status] => running
    [type] => backup
)

[2026-01-15 13:57:07] [26 MB] [chunked_processor] save_job called
    DATA: Array
(
    [job_id] => 172ff699-2121-49b1-b339-6ad8c79609ce
    [status] => running
)

[2026-01-15 13:57:07] [26 MB] [chunked_processor] Transient save result
    DATA: Array
(
    [option_name] => speed_backups_job_172ff699-2121-49b1-b339-6ad8c79609ce
    [success] => YES
)

[2026-01-15 13:57:07] [26 MB] [chunked_processor] Option save result
    DATA: Array
(
    [option_name] => speed_backups_job_172ff699-2121-49b1-b339-6ad8c79609ce
    [success] => YES
)

[2026-01-15 13:57:07] [26 MB] [chunked_processor] Save verification
    DATA: Array
(
    [verified] => YES
)

[2026-01-15 13:57:07] [26 MB] [chunked_processor] get_job called
    DATA: Array
(
    [job_id] => 172ff699-2121-49b1-b339-6ad8c79609ce
)

[2026-01-15 13:57:07] [26 MB] [chunked_processor] Transient lookup result
    DATA: Array
(
    [option_name] => speed_backups_job_172ff699-2121-49b1-b339-6ad8c79609ce
    [found] => YES
)

[2026-01-15 13:57:07] [26 MB] [chunked_processor] Job retrieved successfully
    DATA: Array
(
    [status] => running
    [type] => backup
)

[2026-01-15 13:57:07] [26 MB] [chunked_processor] get_job called
    DATA: Array
(
    [job_id] => 172ff699-2121-49b1-b339-6ad8c79609ce
)

[2026-01-15 13:57:07] [26 MB] [chunked_processor] Transient lookup result
    DATA: Array
(
    [option_name] => speed_backups_job_172ff699-2121-49b1-b339-6ad8c79609ce
    [found] => YES
)

[2026-01-15 13:57:07] [26 MB] [chunked_processor] Job retrieved successfully
    DATA: Array
(
    [status] => running
    [type] => backup
)

[2026-01-15 13:57:07] [26 MB] [chunked_processor] get_job called
    DATA: Array
(
    [job_id] => 172ff699-2121-49b1-b339-6ad8c79609ce
)

[2026-01-15 13:57:07] [26 MB] [chunked_processor] Transient lookup result
    DATA: Array
(
    [option_name] => speed_backups_job_172ff699-2121-49b1-b339-6ad8c79609ce
    [found] => YES
)

[2026-01-15 13:57:07] [26 MB] [chunked_processor] Job retrieved successfully
    DATA: Array
(
    [status] => running
    [type] => backup
)

[2026-01-15 13:57:07] [26 MB] [chunked_processor] get_job called
    DATA: Array
(
    [job_id] => 172ff699-2121-49b1-b339-6ad8c79609ce
)

[2026-01-15 13:57:07] [26 MB] [chunked_processor] Transient lookup result
    DATA: Array
(
    [option_name] => speed_backups_job_172ff699-2121-49b1-b339-6ad8c79609ce
    [found] => YES
)

[2026-01-15 13:57:07] [26 MB] [chunked_processor] Job retrieved successfully
    DATA: Array
(
    [status] => running
    [type] => backup
)

[2026-01-15 13:57:07] [26 MB] [chunked_processor] get_job called
    DATA: Array
(
    [job_id] => 172ff699-2121-49b1-b339-6ad8c79609ce
)

[2026-01-15 13:57:07] [26 MB] [chunked_processor] Transient lookup result
    DATA: Array
(
    [option_name] => speed_backups_job_172ff699-2121-49b1-b339-6ad8c79609ce
    [found] => YES
)

[2026-01-15 13:57:07] [26 MB] [chunked_processor] Job retrieved successfully
    DATA: Array
(
    [status] => running
    [type] => backup
)

[2026-01-15 13:57:07] [26 MB] [chunked_processor] save_job called
    DATA: Array
(
    [job_id] => 172ff699-2121-49b1-b339-6ad8c79609ce
    [status] => running
)

[2026-01-15 13:57:07] [26 MB] [chunked_processor] Transient save result
    DATA: Array
(
    [option_name] => speed_backups_job_172ff699-2121-49b1-b339-6ad8c79609ce
    [success] => YES
)

[2026-01-15 13:57:07] [26 MB] [chunked_processor] Option save result
    DATA: Array
(
    [option_name] => speed_backups_job_172ff699-2121-49b1-b339-6ad8c79609ce
    [success] => YES
)

[2026-01-15 13:57:07] [26 MB] [chunked_processor] Save verification
    DATA: Array
(
    [verified] => YES
)

[2026-01-15 13:57:08] [26 MB] [chunked_processor] get_job called
    DATA: Array
(
    [job_id] => 172ff699-2121-49b1-b339-6ad8c79609ce
)

[2026-01-15 13:57:08] [26 MB] [chunked_processor] Transient lookup result
    DATA: Array
(
    [option_name] => speed_backups_job_172ff699-2121-49b1-b339-6ad8c79609ce
    [found] => YES
)

[2026-01-15 13:57:08] [26 MB] [chunked_processor] Job retrieved successfully
    DATA: Array
(
    [status] => running
    [type] => backup
)

[2026-01-15 13:57:08] [26 MB] [chunked_processor] save_job called
    DATA: Array
(
    [job_id] => 172ff699-2121-49b1-b339-6ad8c79609ce
    [status] => running
)

[2026-01-15 13:57:08] [26 MB] [chunked_processor] Transient save result
    DATA: Array
(
    [option_name] => speed_backups_job_172ff699-2121-49b1-b339-6ad8c79609ce
    [success] => YES
)

[2026-01-15 13:57:08] [26 MB] [chunked_processor] Option save result
    DATA: Array
(
    [option_name] => speed_backups_job_172ff699-2121-49b1-b339-6ad8c79609ce
    [success] => YES
)

[2026-01-15 13:57:08] [26 MB] [chunked_processor] Save verification
    DATA: Array
(
    [verified] => YES
)

[2026-01-15 13:57:08] [26 MB] [chunked_processor] get_job called
    DATA: Array
(
    [job_id] => 172ff699-2121-49b1-b339-6ad8c79609ce
)

[2026-01-15 13:57:08] [26 MB] [chunked_processor] Transient lookup result
    DATA: Array
(
    [option_name] => speed_backups_job_172ff699-2121-49b1-b339-6ad8c79609ce
    [found] => YES
)

[2026-01-15 13:57:08] [26 MB] [chunked_processor] Job retrieved successfully
    DATA: Array
(
    [status] => running
    [type] => backup
)

[2026-01-15 13:57:08] [26 MB] [chunked_processor] get_job called
    DATA: Array
(
    [job_id] => 172ff699-2121-49b1-b339-6ad8c79609ce
)

[2026-01-15 13:57:08] [26 MB] [chunked_processor] Transient lookup result
    DATA: Array
(
    [option_name] => speed_backups_job_172ff699-2121-49b1-b339-6ad8c79609ce
    [found] => YES
)

[2026-01-15 13:57:08] [26 MB] [chunked_processor] Job retrieved successfully
    DATA: Array
(
    [status] => running
    [type] => backup
)

[2026-01-15 13:57:08] [22 MB] [chunked_processor] get_job called
    DATA: Array
(
    [job_id] => 172ff699-2121-49b1-b339-6ad8c79609ce
)

[2026-01-15 13:57:08] [22 MB] [chunked_processor] Transient lookup result
    DATA: Array
(
    [option_name] => speed_backups_job_172ff699-2121-49b1-b339-6ad8c79609ce
    [found] => YES
)

[2026-01-15 13:57:08] [22 MB] [chunked_processor] Job retrieved successfully
    DATA: Array
(
    [status] => running
    [type] => backup
)

[2026-01-15 13:57:08] [22 MB] [chunked_processor] get_job called
    DATA: Array
(
    [job_id] => 172ff699-2121-49b1-b339-6ad8c79609ce
)

[2026-01-15 13:57:08] [22 MB] [chunked_processor] Transient lookup result
    DATA: Array
(
    [option_name] => speed_backups_job_172ff699-2121-49b1-b339-6ad8c79609ce
    [found] => YES
)

[2026-01-15 13:57:08] [22 MB] [chunked_processor] Job retrieved successfully
    DATA: Array
(
    [status] => running
    [type] => backup
)

[2026-01-15 13:57:08] [22 MB] [chunked_processor] get_job called
    DATA: Array
(
    [job_id] => 172ff699-2121-49b1-b339-6ad8c79609ce
)

[2026-01-15 13:57:08] [22 MB] [chunked_processor] Transient lookup result
    DATA: Array
(
    [option_name] => speed_backups_job_172ff699-2121-49b1-b339-6ad8c79609ce
    [found] => YES
)

[2026-01-15 13:57:08] [22 MB] [chunked_processor] Job retrieved successfully
    DATA: Array
(
    [status] => running
    [type] => backup
)

[2026-01-15 13:57:08] [22 MB] [chunked_processor] save_job called
    DATA: Array
(
    [job_id] => 172ff699-2121-49b1-b339-6ad8c79609ce
    [status] => running
)

[2026-01-15 13:57:08] [22 MB] [chunked_processor] Transient save result
    DATA: Array
(
    [option_name] => speed_backups_job_172ff699-2121-49b1-b339-6ad8c79609ce
    [success] => YES
)

[2026-01-15 13:57:08] [22 MB] [chunked_processor] Option save result
    DATA: Array
(
    [option_name] => speed_backups_job_172ff699-2121-49b1-b339-6ad8c79609ce
    [success] => YES
)

[2026-01-15 13:57:08] [22 MB] [chunked_processor] Save verification
    DATA: Array
(
    [verified] => YES
)

[2026-01-15 13:57:09] [24 MB] [chunked_processor] get_job called
    DATA: Array
(
    [job_id] => 172ff699-2121-49b1-b339-6ad8c79609ce
)

[2026-01-15 13:57:09] [24 MB] [chunked_processor] Transient lookup result
    DATA: Array
(
    [option_name] => speed_backups_job_172ff699-2121-49b1-b339-6ad8c79609ce
    [found] => YES
)

[2026-01-15 13:57:09] [24 MB] [chunked_processor] Job retrieved successfully
    DATA: Array
(
    [status] => running
    [type] => backup
)

[2026-01-15 13:57:09] [24 MB] [chunked_processor] save_job called
    DATA: Array
(
    [job_id] => 172ff699-2121-49b1-b339-6ad8c79609ce
    [status] => running
)

[2026-01-15 13:57:09] [24 MB] [chunked_processor] Transient save result
    DATA: Array
(
    [option_name] => speed_backups_job_172ff699-2121-49b1-b339-6ad8c79609ce
    [success] => YES
)

[2026-01-15 13:57:09] [24 MB] [chunked_processor] Option save result
    DATA: Array
(
    [option_name] => speed_backups_job_172ff699-2121-49b1-b339-6ad8c79609ce
    [success] => YES
)

[2026-01-15 13:57:09] [24 MB] [chunked_processor] Save verification
    DATA: Array
(
    [verified] => YES
)

[2026-01-15 13:57:09] [24 MB] [chunked_processor] get_job called
    DATA: Array
(
    [job_id] => 172ff699-2121-49b1-b339-6ad8c79609ce
)

[2026-01-15 13:57:09] [24 MB] [chunked_processor] Transient lookup result
    DATA: Array
(
    [option_name] => speed_backups_job_172ff699-2121-49b1-b339-6ad8c79609ce
    [found] => YES
)

[2026-01-15 13:57:09] [24 MB] [chunked_processor] Job retrieved successfully
    DATA: Array
(
    [status] => running
    [type] => backup
)

[2026-01-15 13:57:09] [24 MB] [chunked_processor] get_job called
    DATA: Array
(
    [job_id] => 172ff699-2121-49b1-b339-6ad8c79609ce
)

[2026-01-15 13:57:09] [24 MB] [chunked_processor] Transient lookup result
    DATA: Array
(
    [option_name] => speed_backups_job_172ff699-2121-49b1-b339-6ad8c79609ce
    [found] => YES
)

[2026-01-15 13:57:09] [24 MB] [chunked_processor] Job retrieved successfully
    DATA: Array
(
    [status] => running
    [type] => backup
)

[2026-01-15 13:57:09] [24 MB] [chunked_processor] get_job called
    DATA: Array
(
    [job_id] => 172ff699-2121-49b1-b339-6ad8c79609ce
)

[2026-01-15 13:57:09] [24 MB] [chunked_processor] Transient lookup result
    DATA: Array
(
    [option_name] => speed_backups_job_172ff699-2121-49b1-b339-6ad8c79609ce
    [found] => YES
)

[2026-01-15 13:57:09] [24 MB] [chunked_processor] Job retrieved successfully
    DATA: Array
(
    [status] => running
    [type] => backup
)

[2026-01-15 13:57:09] [24 MB] [chunked_processor] get_job called
    DATA: Array
(
    [job_id] => 172ff699-2121-49b1-b339-6ad8c79609ce
)

[2026-01-15 13:57:09] [24 MB] [chunked_processor] Transient lookup result
    DATA: Array
(
    [option_name] => speed_backups_job_172ff699-2121-49b1-b339-6ad8c79609ce
    [found] => YES
)

[2026-01-15 13:57:09] [24 MB] [chunked_processor] Job retrieved successfully
    DATA: Array
(
    [status] => running
    [type] => backup
)

[2026-01-15 13:57:09] [24 MB] [chunked_processor] get_job called
    DATA: Array
(
    [job_id] => 172ff699-2121-49b1-b339-6ad8c79609ce
)

[2026-01-15 13:57:09] [24 MB] [chunked_processor] Transient lookup result
    DATA: Array
(
    [option_name] => speed_backups_job_172ff699-2121-49b1-b339-6ad8c79609ce
    [found] => YES
)

[2026-01-15 13:57:09] [24 MB] [chunked_processor] Job retrieved successfully
    DATA: Array
(
    [status] => running
    [type] => backup
)

[2026-01-15 13:57:09] [24 MB] [chunked_processor] save_job called
    DATA: Array
(
    [job_id] => 172ff699-2121-49b1-b339-6ad8c79609ce
    [status] => running
)

[2026-01-15 13:57:09] [24 MB] [chunked_processor] Transient save result
    DATA: Array
(
    [option_name] => speed_backups_job_172ff699-2121-49b1-b339-6ad8c79609ce
    [success] => YES
)

[2026-01-15 13:57:09] [24 MB] [chunked_processor] Option save result
    DATA: Array
(
    [option_name] => speed_backups_job_172ff699-2121-49b1-b339-6ad8c79609ce
    [success] => YES
)

[2026-01-15 13:57:09] [24 MB] [chunked_processor] Save verification
    DATA: Array
(
    [verified] => YES
)

[2026-01-15 13:57:10] [26 MB] [chunked_processor] get_job called
    DATA: Array
(
    [job_id] => 172ff699-2121-49b1-b339-6ad8c79609ce
)

[2026-01-15 13:57:10] [26 MB] [chunked_processor] Transient lookup result
    DATA: Array
(
    [option_name] => speed_backups_job_172ff699-2121-49b1-b339-6ad8c79609ce
    [found] => YES
)

[2026-01-15 13:57:10] [26 MB] [chunked_processor] Job retrieved successfully
    DATA: Array
(
    [status] => running
    [type] => backup
)

[2026-01-15 13:57:10] [26 MB] [chunked_processor] save_job called
    DATA: Array
(
    [job_id] => 172ff699-2121-49b1-b339-6ad8c79609ce
    [status] => running
)

[2026-01-15 13:57:10] [26 MB] [chunked_processor] Transient save result
    DATA: Array
(
    [option_name] => speed_backups_job_172ff699-2121-49b1-b339-6ad8c79609ce
    [success] => YES
)

[2026-01-15 13:57:10] [26 MB] [chunked_processor] Option save result
    DATA: Array
(
    [option_name] => speed_backups_job_172ff699-2121-49b1-b339-6ad8c79609ce
    [success] => YES
)

[2026-01-15 13:57:10] [26 MB] [chunked_processor] Save verification
    DATA: Array
(
    [verified] => YES
)

[2026-01-15 13:57:10] [26 MB] [chunked_processor] get_job called
    DATA: Array
(
    [job_id] => 172ff699-2121-49b1-b339-6ad8c79609ce
)

[2026-01-15 13:57:10] [26 MB] [chunked_processor] Transient lookup result
    DATA: Array
(
    [option_name] => speed_backups_job_172ff699-2121-49b1-b339-6ad8c79609ce
    [found] => YES
)

[2026-01-15 13:57:10] [26 MB] [chunked_processor] Job retrieved successfully
    DATA: Array
(
    [status] => running
    [type] => backup
)

[2026-01-15 13:57:10] [26 MB] [chunked_processor] get_job called
    DATA: Array
(
    [job_id] => 172ff699-2121-49b1-b339-6ad8c79609ce
)

[2026-01-15 13:57:10] [26 MB] [chunked_processor] Transient lookup result
    DATA: Array
(
    [option_name] => speed_backups_job_172ff699-2121-49b1-b339-6ad8c79609ce
    [found] => YES
)

[2026-01-15 13:57:10] [26 MB] [chunked_processor] Job retrieved successfully
    DATA: Array
(
    [status] => running
    [type] => backup
)

[2026-01-15 13:57:11] [24 MB] [chunked_processor] get_job called
    DATA: Array
(
    [job_id] => 172ff699-2121-49b1-b339-6ad8c79609ce
)

[2026-01-15 13:57:11] [24 MB] [chunked_processor] Transient lookup result
    DATA: Array
(
    [option_name] => speed_backups_job_172ff699-2121-49b1-b339-6ad8c79609ce
    [found] => YES
)

[2026-01-15 13:57:11] [24 MB] [chunked_processor] Job retrieved successfully
    DATA: Array
(
    [status] => running
    [type] => backup
)

[2026-01-15 13:57:11] [24 MB] [chunked_processor] get_job called
    DATA: Array
(
    [job_id] => 172ff699-2121-49b1-b339-6ad8c79609ce
)

[2026-01-15 13:57:11] [24 MB] [chunked_processor] Transient lookup result
    DATA: Array
(
    [option_name] => speed_backups_job_172ff699-2121-49b1-b339-6ad8c79609ce
    [found] => YES
)

[2026-01-15 13:57:11] [24 MB] [chunked_processor] Job retrieved successfully
    DATA: Array
(
    [status] => running
    [type] => backup
)

[2026-01-15 13:57:11] [24 MB] [chunked_processor] get_job called
    DATA: Array
(
    [job_id] => 172ff699-2121-49b1-b339-6ad8c79609ce
)

[2026-01-15 13:57:11] [24 MB] [chunked_processor] Transient lookup result
    DATA: Array
(
    [option_name] => speed_backups_job_172ff699-2121-49b1-b339-6ad8c79609ce
    [found] => YES
)

[2026-01-15 13:57:11] [24 MB] [chunked_processor] Job retrieved successfully
    DATA: Array
(
    [status] => running
    [type] => backup
)

[2026-01-15 13:57:11] [24 MB] [chunked_processor] save_job called
    DATA: Array
(
    [job_id] => 172ff699-2121-49b1-b339-6ad8c79609ce
    [status] => running
)

[2026-01-15 13:57:11] [24 MB] [chunked_processor] Transient save result
    DATA: Array
(
    [option_name] => speed_backups_job_172ff699-2121-49b1-b339-6ad8c79609ce
    [success] => YES
)

[2026-01-15 13:57:11] [24 MB] [chunked_processor] Option save result
    DATA: Array
(
    [option_name] => speed_backups_job_172ff699-2121-49b1-b339-6ad8c79609ce
    [success] => YES
)

[2026-01-15 13:57:11] [24 MB] [chunked_processor] Save verification
    DATA: Array
(
    [verified] => YES
)

[2026-01-15 13:57:11] [24 MB] [chunked_processor] get_job called
    DATA: Array
(
    [job_id] => 172ff699-2121-49b1-b339-6ad8c79609ce
)

[2026-01-15 13:57:11] [24 MB] [chunked_processor] Transient lookup result
    DATA: Array
(
    [option_name] => speed_backups_job_172ff699-2121-49b1-b339-6ad8c79609ce
    [found] => YES
)

[2026-01-15 13:57:11] [24 MB] [chunked_processor] Job retrieved successfully
    DATA: Array
(
    [status] => running
    [type] => backup
)

[2026-01-15 13:57:11] [24 MB] [chunked_processor] save_job called
    DATA: Array
(
    [job_id] => 172ff699-2121-49b1-b339-6ad8c79609ce
    [status] => running
)

[2026-01-15 13:57:11] [24 MB] [chunked_processor] Transient save result
    DATA: Array
(
    [option_name] => speed_backups_job_172ff699-2121-49b1-b339-6ad8c79609ce
    [success] => YES
)

[2026-01-15 13:57:11] [24 MB] [chunked_processor] Option save result
    DATA: Array
(
    [option_name] => speed_backups_job_172ff699-2121-49b1-b339-6ad8c79609ce
    [success] => YES
)

[2026-01-15 13:57:11] [24 MB] [chunked_processor] Save verification
    DATA: Array
(
    [verified] => YES
)

[2026-01-15 13:57:11] [24 MB] [chunked_processor] get_job called
    DATA: Array
(
    [job_id] => 172ff699-2121-49b1-b339-6ad8c79609ce
)

[2026-01-15 13:57:11] [24 MB] [chunked_processor] Transient lookup result
    DATA: Array
(
    [option_name] => speed_backups_job_172ff699-2121-49b1-b339-6ad8c79609ce
    [found] => YES
)

[2026-01-15 13:57:11] [24 MB] [chunked_processor] Job retrieved successfully
    DATA: Array
(
    [status] => running
    [type] => backup
)

[2026-01-15 13:57:11] [24 MB] [chunked_processor] get_job called
    DATA: Array
(
    [job_id] => 172ff699-2121-49b1-b339-6ad8c79609ce
)

[2026-01-15 13:57:11] [24 MB] [chunked_processor] Transient lookup result
    DATA: Array
(
    [option_name] => speed_backups_job_172ff699-2121-49b1-b339-6ad8c79609ce
    [found] => YES
)

[2026-01-15 13:57:11] [24 MB] [chunked_processor] Job retrieved successfully
    DATA: Array
(
    [status] => running
    [type] => backup
)

[2026-01-15 13:57:11] [22 MB] [chunked_processor] get_job called
    DATA: Array
(
    [job_id] => 172ff699-2121-49b1-b339-6ad8c79609ce
)

[2026-01-15 13:57:11] [22 MB] [chunked_processor] Transient lookup result
    DATA: Array
(
    [option_name] => speed_backups_job_172ff699-2121-49b1-b339-6ad8c79609ce
    [found] => YES
)

[2026-01-15 13:57:11] [22 MB] [chunked_processor] Job retrieved successfully
    DATA: Array
(
    [status] => running
    [type] => backup
)

[2026-01-15 13:57:11] [22 MB] [chunked_processor] get_job called
    DATA: Array
(
    [job_id] => 172ff699-2121-49b1-b339-6ad8c79609ce
)

[2026-01-15 13:57:11] [22 MB] [chunked_processor] Transient lookup result
    DATA: Array
(
    [option_name] => speed_backups_job_172ff699-2121-49b1-b339-6ad8c79609ce
    [found] => YES
)

[2026-01-15 13:57:11] [22 MB] [chunked_processor] Job retrieved successfully
    DATA: Array
(
    [status] => running
    [type] => backup
)

[2026-01-15 13:57:11] [22 MB] [chunked_processor] get_job called
    DATA: Array
(
    [job_id] => 172ff699-2121-49b1-b339-6ad8c79609ce
)

[2026-01-15 13:57:11] [22 MB] [chunked_processor] Transient lookup result
    DATA: Array
(
    [option_name] => speed_backups_job_172ff699-2121-49b1-b339-6ad8c79609ce
    [found] => YES
)

[2026-01-15 13:57:11] [22 MB] [chunked_processor] Job retrieved successfully
    DATA: Array
(
    [status] => running
    [type] => backup
)

[2026-01-15 13:57:11] [22 MB] [chunked_processor] save_job called
    DATA: Array
(
    [job_id] => 172ff699-2121-49b1-b339-6ad8c79609ce
    [status] => running
)

[2026-01-15 13:57:11] [22 MB] [chunked_processor] Transient save result
    DATA: Array
(
    [option_name] => speed_backups_job_172ff699-2121-49b1-b339-6ad8c79609ce
    [success] => YES
)

[2026-01-15 13:57:11] [22 MB] [chunked_processor] Option save result
    DATA: Array
(
    [option_name] => speed_backups_job_172ff699-2121-49b1-b339-6ad8c79609ce
    [success] => YES
)

[2026-01-15 13:57:11] [22 MB] [chunked_processor] Save verification
    DATA: Array
(
    [verified] => YES
)

[2026-01-15 13:57:11] [22 MB] [chunked_processor] get_job called
    DATA: Array
(
    [job_id] => 172ff699-2121-49b1-b339-6ad8c79609ce
)

[2026-01-15 13:57:11] [22 MB] [chunked_processor] Transient lookup result
    DATA: Array
(
    [option_name] => speed_backups_job_172ff699-2121-49b1-b339-6ad8c79609ce
    [found] => YES
)

[2026-01-15 13:57:11] [22 MB] [chunked_processor] Job retrieved successfully
    DATA: Array
(
    [status] => running
    [type] => backup
)

[2026-01-15 13:57:11] [22 MB] [chunked_processor] save_job called
    DATA: Array
(
    [job_id] => 172ff699-2121-49b1-b339-6ad8c79609ce
    [status] => running
)

[2026-01-15 13:57:11] [22 MB] [chunked_processor] Transient save result
    DATA: Array
(
    [option_name] => speed_backups_job_172ff699-2121-49b1-b339-6ad8c79609ce
    [success] => YES
)

[2026-01-15 13:57:11] [22 MB] [chunked_processor] Option save result
    DATA: Array
(
    [option_name] => speed_backups_job_172ff699-2121-49b1-b339-6ad8c79609ce
    [success] => YES
)

[2026-01-15 13:57:11] [22 MB] [chunked_processor] Save verification
    DATA: Array
(
    [verified] => YES
)

[2026-01-15 13:57:11] [22 MB] [chunked_processor] get_job called
    DATA: Array
(
    [job_id] => 172ff699-2121-49b1-b339-6ad8c79609ce
)

[2026-01-15 13:57:11] [22 MB] [chunked_processor] Transient lookup result
    DATA: Array
(
    [option_name] => speed_backups_job_172ff699-2121-49b1-b339-6ad8c79609ce
    [found] => YES
)

[2026-01-15 13:57:11] [22 MB] [chunked_processor] Job retrieved successfully
    DATA: Array
(
    [status] => running
    [type] => backup
)

[2026-01-15 13:57:11] [22 MB] [chunked_processor] get_job called
    DATA: Array
(
    [job_id] => 172ff699-2121-49b1-b339-6ad8c79609ce
)

[2026-01-15 13:57:11] [22 MB] [chunked_processor] Transient lookup result
    DATA: Array
(
    [option_name] => speed_backups_job_172ff699-2121-49b1-b339-6ad8c79609ce
    [found] => YES
)

[2026-01-15 13:57:11] [22 MB] [chunked_processor] Job retrieved successfully
    DATA: Array
(
    [status] => running
    [type] => backup
)

[2026-01-15 13:57:12] [26 MB] [chunked_processor] get_job called
    DATA: Array
(
    [job_id] => 172ff699-2121-49b1-b339-6ad8c79609ce
)

[2026-01-15 13:57:12] [26 MB] [chunked_processor] Transient lookup result
    DATA: Array
(
    [option_name] => speed_backups_job_172ff699-2121-49b1-b339-6ad8c79609ce
    [found] => YES
)

[2026-01-15 13:57:12] [26 MB] [chunked_processor] Job retrieved successfully
    DATA: Array
(
    [status] => running
    [type] => backup
)

[2026-01-15 13:57:12] [26 MB] [chunked_processor] get_job called
    DATA: Array
(
    [job_id] => 172ff699-2121-49b1-b339-6ad8c79609ce
)

[2026-01-15 13:57:12] [26 MB] [chunked_processor] Transient lookup result
    DATA: Array
(
    [option_name] => speed_backups_job_172ff699-2121-49b1-b339-6ad8c79609ce
    [found] => YES
)

[2026-01-15 13:57:12] [26 MB] [chunked_processor] Job retrieved successfully
    DATA: Array
(
    [status] => running
    [type] => backup
)

[2026-01-15 13:57:12] [26 MB] [chunked_processor] get_job called
    DATA: Array
(
    [job_id] => 172ff699-2121-49b1-b339-6ad8c79609ce
)

[2026-01-15 13:57:12] [26 MB] [chunked_processor] Transient lookup result
    DATA: Array
(
    [option_name] => speed_backups_job_172ff699-2121-49b1-b339-6ad8c79609ce
    [found] => YES
)

[2026-01-15 13:57:12] [26 MB] [chunked_processor] Job retrieved successfully
    DATA: Array
(
    [status] => running
    [type] => backup
)

[2026-01-15 13:57:12] [26 MB] [chunked_processor] save_job called
    DATA: Array
(
    [job_id] => 172ff699-2121-49b1-b339-6ad8c79609ce
    [status] => running
)

[2026-01-15 13:57:12] [26 MB] [chunked_processor] Transient save result
    DATA: Array
(
    [option_name] => speed_backups_job_172ff699-2121-49b1-b339-6ad8c79609ce
    [success] => YES
)

[2026-01-15 13:57:12] [26 MB] [chunked_processor] Option save result
    DATA: Array
(
    [option_name] => speed_backups_job_172ff699-2121-49b1-b339-6ad8c79609ce
    [success] => YES
)

[2026-01-15 13:57:12] [26 MB] [chunked_processor] Save verification
    DATA: Array
(
    [verified] => YES
)

[2026-01-15 13:57:13] [26 MB] [chunked_processor] get_job called
    DATA: Array
(
    [job_id] => 172ff699-2121-49b1-b339-6ad8c79609ce
)

[2026-01-15 13:57:13] [26 MB] [chunked_processor] Transient lookup result
    DATA: Array
(
    [option_name] => speed_backups_job_172ff699-2121-49b1-b339-6ad8c79609ce
    [found] => YES
)

[2026-01-15 13:57:13] [26 MB] [chunked_processor] Job retrieved successfully
    DATA: Array
(
    [status] => running
    [type] => backup
)

[2026-01-15 13:57:13] [26 MB] [chunked_processor] save_job called
    DATA: Array
(
    [job_id] => 172ff699-2121-49b1-b339-6ad8c79609ce
    [status] => running
)

[2026-01-15 13:57:13] [26 MB] [chunked_processor] Transient save result
    DATA: Array
(
    [option_name] => speed_backups_job_172ff699-2121-49b1-b339-6ad8c79609ce
    [success] => YES
)

[2026-01-15 13:57:13] [26 MB] [chunked_processor] Option save result
    DATA: Array
(
    [option_name] => speed_backups_job_172ff699-2121-49b1-b339-6ad8c79609ce
    [success] => YES
)

[2026-01-15 13:57:13] [26 MB] [chunked_processor] Save verification
    DATA: Array
(
    [verified] => YES
)

[2026-01-15 13:57:13] [26 MB] [chunked_processor] get_job called
    DATA: Array
(
    [job_id] => 172ff699-2121-49b1-b339-6ad8c79609ce
)

[2026-01-15 13:57:13] [26 MB] [chunked_processor] Transient lookup result
    DATA: Array
(
    [option_name] => speed_backups_job_172ff699-2121-49b1-b339-6ad8c79609ce
    [found] => YES
)

[2026-01-15 13:57:13] [26 MB] [chunked_processor] Job retrieved successfully
    DATA: Array
(
    [status] => running
    [type] => backup
)

[2026-01-15 13:57:13] [26 MB] [chunked_processor] get_job called
    DATA: Array
(
    [job_id] => 172ff699-2121-49b1-b339-6ad8c79609ce
)

[2026-01-15 13:57:13] [26 MB] [chunked_processor] Transient lookup result
    DATA: Array
(
    [option_name] => speed_backups_job_172ff699-2121-49b1-b339-6ad8c79609ce
    [found] => YES
)

[2026-01-15 13:57:13] [26 MB] [chunked_processor] Job retrieved successfully
    DATA: Array
(
    [status] => running
    [type] => backup
)

[2026-01-15 13:57:13] [22 MB] [chunked_processor] get_job called
    DATA: Array
(
    [job_id] => 172ff699-2121-49b1-b339-6ad8c79609ce
)

[2026-01-15 13:57:13] [22 MB] [chunked_processor] Transient lookup result
    DATA: Array
(
    [option_name] => speed_backups_job_172ff699-2121-49b1-b339-6ad8c79609ce
    [found] => YES
)

[2026-01-15 13:57:13] [22 MB] [chunked_processor] Job retrieved successfully
    DATA: Array
(
    [status] => running
    [type] => backup
)

[2026-01-15 13:57:13] [22 MB] [chunked_processor] get_job called
    DATA: Array
(
    [job_id] => 172ff699-2121-49b1-b339-6ad8c79609ce
)

[2026-01-15 13:57:13] [22 MB] [chunked_processor] Transient lookup result
    DATA: Array
(
    [option_name] => speed_backups_job_172ff699-2121-49b1-b339-6ad8c79609ce
    [found] => YES
)

[2026-01-15 13:57:13] [22 MB] [chunked_processor] Job retrieved successfully
    DATA: Array
(
    [status] => running
    [type] => backup
)

[2026-01-15 13:57:13] [22 MB] [chunked_processor] get_job called
    DATA: Array
(
    [job_id] => 172ff699-2121-49b1-b339-6ad8c79609ce
)

[2026-01-15 13:57:13] [22 MB] [chunked_processor] Transient lookup result
    DATA: Array
(
    [option_name] => speed_backups_job_172ff699-2121-49b1-b339-6ad8c79609ce
    [found] => YES
)

[2026-01-15 13:57:13] [22 MB] [chunked_processor] Job retrieved successfully
    DATA: Array
(
    [status] => running
    [type] => backup
)

[2026-01-15 13:57:13] [22 MB] [chunked_processor] save_job called
    DATA: Array
(
    [job_id] => 172ff699-2121-49b1-b339-6ad8c79609ce
    [status] => running
)

[2026-01-15 13:57:13] [22 MB] [chunked_processor] Transient save result
    DATA: Array
(
    [option_name] => speed_backups_job_172ff699-2121-49b1-b339-6ad8c79609ce
    [success] => YES
)

[2026-01-15 13:57:13] [22 MB] [chunked_processor] Option save result
    DATA: Array
(
    [option_name] => speed_backups_job_172ff699-2121-49b1-b339-6ad8c79609ce
    [success] => YES
)

[2026-01-15 13:57:13] [22 MB] [chunked_processor] Save verification
    DATA: Array
(
    [verified] => YES
)

[2026-01-15 13:57:15] [24 MB] [chunked_processor] get_job called
    DATA: Array
(
    [job_id] => 172ff699-2121-49b1-b339-6ad8c79609ce
)

[2026-01-15 13:57:15] [24 MB] [chunked_processor] Transient lookup result
    DATA: Array
(
    [option_name] => speed_backups_job_172ff699-2121-49b1-b339-6ad8c79609ce
    [found] => YES
)

[2026-01-15 13:57:15] [24 MB] [chunked_processor] Job retrieved successfully
    DATA: Array
(
    [status] => running
    [type] => backup
)

[2026-01-15 13:57:15] [24 MB] [chunked_processor] save_job called
    DATA: Array
(
    [job_id] => 172ff699-2121-49b1-b339-6ad8c79609ce
    [status] => running
)

[2026-01-15 13:57:15] [24 MB] [chunked_processor] Transient save result
    DATA: Array
(
    [option_name] => speed_backups_job_172ff699-2121-49b1-b339-6ad8c79609ce
    [success] => YES
)

[2026-01-15 13:57:15] [24 MB] [chunked_processor] Option save result
    DATA: Array
(
    [option_name] => speed_backups_job_172ff699-2121-49b1-b339-6ad8c79609ce
    [success] => YES
)

[2026-01-15 13:57:15] [24 MB] [chunked_processor] Save verification
    DATA: Array
(
    [verified] => YES
)

[2026-01-15 13:57:15] [24 MB] [chunked_processor] get_job called
    DATA: Array
(
    [job_id] => 172ff699-2121-49b1-b339-6ad8c79609ce
)

[2026-01-15 13:57:15] [24 MB] [chunked_processor] Transient lookup result
    DATA: Array
(
    [option_name] => speed_backups_job_172ff699-2121-49b1-b339-6ad8c79609ce
    [found] => YES
)

[2026-01-15 13:57:15] [24 MB] [chunked_processor] Job retrieved successfully
    DATA: Array
(
    [status] => running
    [type] => backup
)

[2026-01-15 13:57:15] [24 MB] [chunked_processor] get_job called
    DATA: Array
(
    [job_id] => 172ff699-2121-49b1-b339-6ad8c79609ce
)

[2026-01-15 13:57:15] [24 MB] [chunked_processor] Transient lookup result
    DATA: Array
(
    [option_name] => speed_backups_job_172ff699-2121-49b1-b339-6ad8c79609ce
    [found] => YES
)

[2026-01-15 13:57:15] [24 MB] [chunked_processor] Job retrieved successfully
    DATA: Array
(
    [status] => running
    [type] => backup
)

[2026-01-15 13:57:16] [22 MB] [chunked_processor] get_job called
    DATA: Array
(
    [job_id] => 172ff699-2121-49b1-b339-6ad8c79609ce
)

[2026-01-15 13:57:16] [22 MB] [chunked_processor] Transient lookup result
    DATA: Array
(
    [option_name] => speed_backups_job_172ff699-2121-49b1-b339-6ad8c79609ce
    [found] => YES
)

[2026-01-15 13:57:16] [22 MB] [chunked_processor] Job retrieved successfully
    DATA: Array
(
    [status] => running
    [type] => backup
)

[2026-01-15 13:57:16] [22 MB] [chunked_processor] get_job called
    DATA: Array
(
    [job_id] => 172ff699-2121-49b1-b339-6ad8c79609ce
)

[2026-01-15 13:57:16] [22 MB] [chunked_processor] Transient lookup result
    DATA: Array
(
    [option_name] => speed_backups_job_172ff699-2121-49b1-b339-6ad8c79609ce
    [found] => YES
)

[2026-01-15 13:57:16] [22 MB] [chunked_processor] Job retrieved successfully
    DATA: Array
(
    [status] => running
    [type] => backup
)

[2026-01-15 13:57:16] [22 MB] [chunked_processor] get_job called
    DATA: Array
(
    [job_id] => 172ff699-2121-49b1-b339-6ad8c79609ce
)

[2026-01-15 13:57:16] [22 MB] [chunked_processor] Transient lookup result
    DATA: Array
(
    [option_name] => speed_backups_job_172ff699-2121-49b1-b339-6ad8c79609ce
    [found] => YES
)

[2026-01-15 13:57:16] [22 MB] [chunked_processor] Job retrieved successfully
    DATA: Array
(
    [status] => running
    [type] => backup
)

[2026-01-15 13:57:16] [22 MB] [chunked_processor] save_job called
    DATA: Array
(
    [job_id] => 172ff699-2121-49b1-b339-6ad8c79609ce
    [status] => running
)

[2026-01-15 13:57:16] [22 MB] [chunked_processor] Transient save result
    DATA: Array
(
    [option_name] => speed_backups_job_172ff699-2121-49b1-b339-6ad8c79609ce
    [success] => YES
)

[2026-01-15 13:57:16] [22 MB] [chunked_processor] Option save result
    DATA: Array
(
    [option_name] => speed_backups_job_172ff699-2121-49b1-b339-6ad8c79609ce
    [success] => YES
)

[2026-01-15 13:57:16] [22 MB] [chunked_processor] Save verification
    DATA: Array
(
    [verified] => YES
)

[2026-01-15 13:57:16] [22 MB] [chunked_processor] get_job called
    DATA: Array
(
    [job_id] => 172ff699-2121-49b1-b339-6ad8c79609ce
)

[2026-01-15 13:57:16] [22 MB] [chunked_processor] Transient lookup result
    DATA: Array
(
    [option_name] => speed_backups_job_172ff699-2121-49b1-b339-6ad8c79609ce
    [found] => YES
)

[2026-01-15 13:57:16] [22 MB] [chunked_processor] Job retrieved successfully
    DATA: Array
(
    [status] => running
    [type] => backup
)

[2026-01-15 13:57:16] [22 MB] [chunked_processor] save_job called
    DATA: Array
(
    [job_id] => 172ff699-2121-49b1-b339-6ad8c79609ce
    [status] => running
)

[2026-01-15 13:57:16] [22 MB] [chunked_processor] Transient save result
    DATA: Array
(
    [option_name] => speed_backups_job_172ff699-2121-49b1-b339-6ad8c79609ce
    [success] => YES
)

[2026-01-15 13:57:16] [22 MB] [chunked_processor] Option save result
    DATA: Array
(
    [option_name] => speed_backups_job_172ff699-2121-49b1-b339-6ad8c79609ce
    [success] => YES
)

[2026-01-15 13:57:16] [22 MB] [chunked_processor] Save verification
    DATA: Array
(
    [verified] => YES
)

[2026-01-15 13:57:16] [22 MB] [chunked_processor] get_job called
    DATA: Array
(
    [job_id] => 172ff699-2121-49b1-b339-6ad8c79609ce
)

[2026-01-15 13:57:16] [22 MB] [chunked_processor] Transient lookup result
    DATA: Array
(
    [option_name] => speed_backups_job_172ff699-2121-49b1-b339-6ad8c79609ce
    [found] => YES
)

[2026-01-15 13:57:16] [22 MB] [chunked_processor] Job retrieved successfully
    DATA: Array
(
    [status] => running
    [type] => backup
)

[2026-01-15 13:57:16] [22 MB] [chunked_processor] get_job called
    DATA: Array
(
    [job_id] => 172ff699-2121-49b1-b339-6ad8c79609ce
)

[2026-01-15 13:57:16] [22 MB] [chunked_processor] Transient lookup result
    DATA: Array
(
    [option_name] => speed_backups_job_172ff699-2121-49b1-b339-6ad8c79609ce
    [found] => YES
)

[2026-01-15 13:57:16] [22 MB] [chunked_processor] Job retrieved successfully
    DATA: Array
(
    [status] => running
    [type] => backup
)

[2026-01-15 13:57:17] [24 MB] [chunked_processor] get_job called
    DATA: Array
(
    [job_id] => 172ff699-2121-49b1-b339-6ad8c79609ce
)

[2026-01-15 13:57:17] [24 MB] [chunked_processor] Transient lookup result
    DATA: Array
(
    [option_name] => speed_backups_job_172ff699-2121-49b1-b339-6ad8c79609ce
    [found] => YES
)

[2026-01-15 13:57:17] [24 MB] [chunked_processor] Job retrieved successfully
    DATA: Array
(
    [status] => running
    [type] => backup
)

[2026-01-15 13:57:17] [24 MB] [chunked_processor] get_job called
    DATA: Array
(
    [job_id] => 172ff699-2121-49b1-b339-6ad8c79609ce
)

[2026-01-15 13:57:17] [24 MB] [chunked_processor] Transient lookup result
    DATA: Array
(
    [option_name] => speed_backups_job_172ff699-2121-49b1-b339-6ad8c79609ce
    [found] => YES
)

[2026-01-15 13:57:17] [24 MB] [chunked_processor] Job retrieved successfully
    DATA: Array
(
    [status] => running
    [type] => backup
)

[2026-01-15 13:57:17] [24 MB] [chunked_processor] get_job called
    DATA: Array
(
    [job_id] => 172ff699-2121-49b1-b339-6ad8c79609ce
)

[2026-01-15 13:57:17] [24 MB] [chunked_processor] Transient lookup result
    DATA: Array
(
    [option_name] => speed_backups_job_172ff699-2121-49b1-b339-6ad8c79609ce
    [found] => YES
)

[2026-01-15 13:57:17] [24 MB] [chunked_processor] Job retrieved successfully
    DATA: Array
(
    [status] => running
    [type] => backup
)

[2026-01-15 13:57:17] [24 MB] [chunked_processor] save_job called
    DATA: Array
(
    [job_id] => 172ff699-2121-49b1-b339-6ad8c79609ce
    [status] => running
)

[2026-01-15 13:57:17] [24 MB] [chunked_processor] Transient save result
    DATA: Array
(
    [option_name] => speed_backups_job_172ff699-2121-49b1-b339-6ad8c79609ce
    [success] => YES
)

[2026-01-15 13:57:17] [24 MB] [chunked_processor] Option save result
    DATA: Array
(
    [option_name] => speed_backups_job_172ff699-2121-49b1-b339-6ad8c79609ce
    [success] => YES
)

[2026-01-15 13:57:17] [24 MB] [chunked_processor] Save verification
    DATA: Array
(
    [verified] => YES
)

[2026-01-15 13:57:19] [24 MB] [chunked_processor] get_job called
    DATA: Array
(
    [job_id] => 172ff699-2121-49b1-b339-6ad8c79609ce
)

[2026-01-15 13:57:19] [24 MB] [chunked_processor] Transient lookup result
    DATA: Array
(
    [option_name] => speed_backups_job_172ff699-2121-49b1-b339-6ad8c79609ce
    [found] => YES
)

[2026-01-15 13:57:19] [24 MB] [chunked_processor] Job retrieved successfully
    DATA: Array
(
    [status] => running
    [type] => backup
)

[2026-01-15 13:57:19] [24 MB] [chunked_processor] save_job called
    DATA: Array
(
    [job_id] => 172ff699-2121-49b1-b339-6ad8c79609ce
    [status] => running
)

[2026-01-15 13:57:19] [24 MB] [chunked_processor] Transient save result
    DATA: Array
(
    [option_name] => speed_backups_job_172ff699-2121-49b1-b339-6ad8c79609ce
    [success] => YES
)

[2026-01-15 13:57:19] [24 MB] [chunked_processor] Option save result
    DATA: Array
(
    [option_name] => speed_backups_job_172ff699-2121-49b1-b339-6ad8c79609ce
    [success] => YES
)

[2026-01-15 13:57:19] [24 MB] [chunked_processor] Save verification
    DATA: Array
(
    [verified] => YES
)

[2026-01-15 13:57:19] [24 MB] [chunked_processor] get_job called
    DATA: Array
(
    [job_id] => 172ff699-2121-49b1-b339-6ad8c79609ce
)

[2026-01-15 13:57:19] [24 MB] [chunked_processor] Transient lookup result
    DATA: Array
(
    [option_name] => speed_backups_job_172ff699-2121-49b1-b339-6ad8c79609ce
    [found] => YES
)

[2026-01-15 13:57:19] [24 MB] [chunked_processor] Job retrieved successfully
    DATA: Array
(
    [status] => running
    [type] => backup
)

[2026-01-15 13:57:19] [24 MB] [chunked_processor] get_job called
    DATA: Array
(
    [job_id] => 172ff699-2121-49b1-b339-6ad8c79609ce
)

[2026-01-15 13:57:19] [24 MB] [chunked_processor] Transient lookup result
    DATA: Array
(
    [option_name] => speed_backups_job_172ff699-2121-49b1-b339-6ad8c79609ce
    [found] => YES
)

[2026-01-15 13:57:19] [24 MB] [chunked_processor] Job retrieved successfully
    DATA: Array
(
    [status] => running
    [type] => backup
)

[2026-01-15 13:57:20] [24 MB] [chunked_processor] get_job called
    DATA: Array
(
    [job_id] => 172ff699-2121-49b1-b339-6ad8c79609ce
)

[2026-01-15 13:57:20] [24 MB] [chunked_processor] Transient lookup result
    DATA: Array
(
    [option_name] => speed_backups_job_172ff699-2121-49b1-b339-6ad8c79609ce
    [found] => YES
)

[2026-01-15 13:57:20] [24 MB] [chunked_processor] Job retrieved successfully
    DATA: Array
(
    [status] => running
    [type] => backup
)

[2026-01-15 13:57:20] [24 MB] [chunked_processor] get_job called
    DATA: Array
(
    [job_id] => 172ff699-2121-49b1-b339-6ad8c79609ce
)

[2026-01-15 13:57:20] [24 MB] [chunked_processor] Transient lookup result
    DATA: Array
(
    [option_name] => speed_backups_job_172ff699-2121-49b1-b339-6ad8c79609ce
    [found] => YES
)

[2026-01-15 13:57:20] [24 MB] [chunked_processor] Job retrieved successfully
    DATA: Array
(
    [status] => running
    [type] => backup
)

[2026-01-15 13:57:20] [24 MB] [chunked_processor] get_job called
    DATA: Array
(
    [job_id] => 172ff699-2121-49b1-b339-6ad8c79609ce
)

[2026-01-15 13:57:20] [24 MB] [chunked_processor] Transient lookup result
    DATA: Array
(
    [option_name] => speed_backups_job_172ff699-2121-49b1-b339-6ad8c79609ce
    [found] => YES
)

[2026-01-15 13:57:20] [24 MB] [chunked_processor] Job retrieved successfully
    DATA: Array
(
    [status] => running
    [type] => backup
)

[2026-01-15 13:57:20] [24 MB] [chunked_processor] save_job called
    DATA: Array
(
    [job_id] => 172ff699-2121-49b1-b339-6ad8c79609ce
    [status] => running
)

[2026-01-15 13:57:20] [24 MB] [chunked_processor] Transient save result
    DATA: Array
(
    [option_name] => speed_backups_job_172ff699-2121-49b1-b339-6ad8c79609ce
    [success] => YES
)

[2026-01-15 13:57:20] [24 MB] [chunked_processor] Option save result
    DATA: Array
(
    [option_name] => speed_backups_job_172ff699-2121-49b1-b339-6ad8c79609ce
    [success] => YES
)

[2026-01-15 13:57:20] [24 MB] [chunked_processor] Save verification
    DATA: Array
(
    [verified] => YES
)

[2026-01-15 13:57:26] [24 MB] [chunked_processor] get_job called
    DATA: Array
(
    [job_id] => 172ff699-2121-49b1-b339-6ad8c79609ce
)

[2026-01-15 13:57:26] [24 MB] [chunked_processor] Transient lookup result
    DATA: Array
(
    [option_name] => speed_backups_job_172ff699-2121-49b1-b339-6ad8c79609ce
    [found] => YES
)

[2026-01-15 13:57:26] [24 MB] [chunked_processor] Job retrieved successfully
    DATA: Array
(
    [status] => running
    [type] => backup
)

[2026-01-15 13:57:26] [24 MB] [chunked_processor] save_job called
    DATA: Array
(
    [job_id] => 172ff699-2121-49b1-b339-6ad8c79609ce
    [status] => running
)

[2026-01-15 13:57:26] [24 MB] [chunked_processor] Transient save result
    DATA: Array
(
    [option_name] => speed_backups_job_172ff699-2121-49b1-b339-6ad8c79609ce
    [success] => YES
)

[2026-01-15 13:57:26] [24 MB] [chunked_processor] Option save result
    DATA: Array
(
    [option_name] => speed_backups_job_172ff699-2121-49b1-b339-6ad8c79609ce
    [success] => YES
)

[2026-01-15 13:57:26] [24 MB] [chunked_processor] Save verification
    DATA: Array
(
    [verified] => YES
)

[2026-01-15 13:57:26] [24 MB] [chunked_processor] get_job called
    DATA: Array
(
    [job_id] => 172ff699-2121-49b1-b339-6ad8c79609ce
)

[2026-01-15 13:57:26] [24 MB] [chunked_processor] Transient lookup result
    DATA: Array
(
    [option_name] => speed_backups_job_172ff699-2121-49b1-b339-6ad8c79609ce
    [found] => YES
)

[2026-01-15 13:57:26] [24 MB] [chunked_processor] Job retrieved successfully
    DATA: Array
(
    [status] => running
    [type] => backup
)

[2026-01-15 13:57:26] [24 MB] [chunked_processor] get_job called
    DATA: Array
(
    [job_id] => 172ff699-2121-49b1-b339-6ad8c79609ce
)

[2026-01-15 13:57:26] [24 MB] [chunked_processor] Transient lookup result
    DATA: Array
(
    [option_name] => speed_backups_job_172ff699-2121-49b1-b339-6ad8c79609ce
    [found] => YES
)

[2026-01-15 13:57:26] [24 MB] [chunked_processor] Job retrieved successfully
    DATA: Array
(
    [status] => running
    [type] => backup
)

[2026-01-15 13:57:26] [22 MB] [chunked_processor] get_job called
    DATA: Array
(
    [job_id] => 172ff699-2121-49b1-b339-6ad8c79609ce
)

[2026-01-15 13:57:26] [22 MB] [chunked_processor] Transient lookup result
    DATA: Array
(
    [option_name] => speed_backups_job_172ff699-2121-49b1-b339-6ad8c79609ce
    [found] => YES
)

[2026-01-15 13:57:26] [22 MB] [chunked_processor] Job retrieved successfully
    DATA: Array
(
    [status] => running
    [type] => backup
)

[2026-01-15 13:57:26] [22 MB] [chunked_processor] get_job called
    DATA: Array
(
    [job_id] => 172ff699-2121-49b1-b339-6ad8c79609ce
)

[2026-01-15 13:57:26] [22 MB] [chunked_processor] Transient lookup result
    DATA: Array
(
    [option_name] => speed_backups_job_172ff699-2121-49b1-b339-6ad8c79609ce
    [found] => YES
)

[2026-01-15 13:57:26] [22 MB] [chunked_processor] Job retrieved successfully
    DATA: Array
(
    [status] => running
    [type] => backup
)

[2026-01-15 13:57:26] [22 MB] [chunked_processor] get_job called
    DATA: Array
(
    [job_id] => 172ff699-2121-49b1-b339-6ad8c79609ce
)

[2026-01-15 13:57:26] [22 MB] [chunked_processor] Transient lookup result
    DATA: Array
(
    [option_name] => speed_backups_job_172ff699-2121-49b1-b339-6ad8c79609ce
    [found] => YES
)

[2026-01-15 13:57:26] [22 MB] [chunked_processor] Job retrieved successfully
    DATA: Array
(
    [status] => running
    [type] => backup
)

[2026-01-15 13:57:26] [22 MB] [chunked_processor] save_job called
    DATA: Array
(
    [job_id] => 172ff699-2121-49b1-b339-6ad8c79609ce
    [status] => running
)

[2026-01-15 13:57:26] [22 MB] [chunked_processor] Transient save result
    DATA: Array
(
    [option_name] => speed_backups_job_172ff699-2121-49b1-b339-6ad8c79609ce
    [success] => YES
)

[2026-01-15 13:57:26] [22 MB] [chunked_processor] Option save result
    DATA: Array
(
    [option_name] => speed_backups_job_172ff699-2121-49b1-b339-6ad8c79609ce
    [success] => YES
)

[2026-01-15 13:57:26] [22 MB] [chunked_processor] Save verification
    DATA: Array
(
    [verified] => YES
)

[2026-01-15 13:57:28] [22 MB] [chunked_processor] get_job called
    DATA: Array
(
    [job_id] => 172ff699-2121-49b1-b339-6ad8c79609ce
)

[2026-01-15 13:57:28] [22 MB] [chunked_processor] Transient lookup result
    DATA: Array
(
    [option_name] => speed_backups_job_172ff699-2121-49b1-b339-6ad8c79609ce
    [found] => YES
)

[2026-01-15 13:57:28] [22 MB] [chunked_processor] Job retrieved successfully
    DATA: Array
(
    [status] => running
    [type] => backup
)

[2026-01-15 13:57:28] [22 MB] [chunked_processor] save_job called
    DATA: Array
(
    [job_id] => 172ff699-2121-49b1-b339-6ad8c79609ce
    [status] => running
)

[2026-01-15 13:57:28] [22 MB] [chunked_processor] Transient save result
    DATA: Array
(
    [option_name] => speed_backups_job_172ff699-2121-49b1-b339-6ad8c79609ce
    [success] => YES
)

[2026-01-15 13:57:28] [22 MB] [chunked_processor] Option save result
    DATA: Array
(
    [option_name] => speed_backups_job_172ff699-2121-49b1-b339-6ad8c79609ce
    [success] => YES
)

[2026-01-15 13:57:28] [22 MB] [chunked_processor] Save verification
    DATA: Array
(
    [verified] => YES
)

[2026-01-15 13:57:28] [22 MB] [chunked_processor] get_job called
    DATA: Array
(
    [job_id] => 172ff699-2121-49b1-b339-6ad8c79609ce
)

[2026-01-15 13:57:28] [22 MB] [chunked_processor] Transient lookup result
    DATA: Array
(
    [option_name] => speed_backups_job_172ff699-2121-49b1-b339-6ad8c79609ce
    [found] => YES
)

[2026-01-15 13:57:28] [22 MB] [chunked_processor] Job retrieved successfully
    DATA: Array
(
    [status] => running
    [type] => backup
)

[2026-01-15 13:57:28] [22 MB] [chunked_processor] get_job called
    DATA: Array
(
    [job_id] => 172ff699-2121-49b1-b339-6ad8c79609ce
)

[2026-01-15 13:57:28] [22 MB] [chunked_processor] Transient lookup result
    DATA: Array
(
    [option_name] => speed_backups_job_172ff699-2121-49b1-b339-6ad8c79609ce
    [found] => YES
)

[2026-01-15 13:57:28] [22 MB] [chunked_processor] Job retrieved successfully
    DATA: Array
(
    [status] => running
    [type] => backup
)

[2026-01-15 13:57:28] [22 MB] [chunked_processor] get_job called
    DATA: Array
(
    [job_id] => 172ff699-2121-49b1-b339-6ad8c79609ce
)

[2026-01-15 13:57:28] [22 MB] [chunked_processor] Transient lookup result
    DATA: Array
(
    [option_name] => speed_backups_job_172ff699-2121-49b1-b339-6ad8c79609ce
    [found] => YES
)

[2026-01-15 13:57:28] [22 MB] [chunked_processor] Job retrieved successfully
    DATA: Array
(
    [status] => running
    [type] => backup
)

[2026-01-15 13:57:28] [22 MB] [chunked_processor] get_job called
    DATA: Array
(
    [job_id] => 172ff699-2121-49b1-b339-6ad8c79609ce
)

[2026-01-15 13:57:28] [22 MB] [chunked_processor] Transient lookup result
    DATA: Array
(
    [option_name] => speed_backups_job_172ff699-2121-49b1-b339-6ad8c79609ce
    [found] => YES
)

[2026-01-15 13:57:28] [22 MB] [chunked_processor] Job retrieved successfully
    DATA: Array
(
    [status] => running
    [type] => backup
)

[2026-01-15 13:57:28] [22 MB] [chunked_processor] get_job called
    DATA: Array
(
    [job_id] => 172ff699-2121-49b1-b339-6ad8c79609ce
)

[2026-01-15 13:57:28] [22 MB] [chunked_processor] Transient lookup result
    DATA: Array
(
    [option_name] => speed_backups_job_172ff699-2121-49b1-b339-6ad8c79609ce
    [found] => YES
)

[2026-01-15 13:57:28] [22 MB] [chunked_processor] Job retrieved successfully
    DATA: Array
(
    [status] => running
    [type] => backup
)

[2026-01-15 13:57:28] [22 MB] [chunked_processor] save_job called
    DATA: Array
(
    [job_id] => 172ff699-2121-49b1-b339-6ad8c79609ce
    [status] => running
)

[2026-01-15 13:57:28] [22 MB] [chunked_processor] Transient save result
    DATA: Array
(
    [option_name] => speed_backups_job_172ff699-2121-49b1-b339-6ad8c79609ce
    [success] => YES
)

[2026-01-15 13:57:28] [22 MB] [chunked_processor] Option save result
    DATA: Array
(
    [option_name] => speed_backups_job_172ff699-2121-49b1-b339-6ad8c79609ce
    [success] => YES
)

[2026-01-15 13:57:28] [22 MB] [chunked_processor] Save verification
    DATA: Array
(
    [verified] => YES
)

[2026-01-15 13:57:28] [22 MB] [chunked_processor] get_job called
    DATA: Array
(
    [job_id] => 172ff699-2121-49b1-b339-6ad8c79609ce
)

[2026-01-15 13:57:28] [22 MB] [chunked_processor] Transient lookup result
    DATA: Array
(
    [option_name] => speed_backups_job_172ff699-2121-49b1-b339-6ad8c79609ce
    [found] => YES
)

[2026-01-15 13:57:28] [22 MB] [chunked_processor] Job retrieved successfully
    DATA: Array
(
    [status] => running
    [type] => backup
)

[2026-01-15 13:57:28] [22 MB] [chunked_processor] save_job called
    DATA: Array
(
    [job_id] => 172ff699-2121-49b1-b339-6ad8c79609ce
    [status] => running
)

[2026-01-15 13:57:28] [22 MB] [chunked_processor] Transient save result
    DATA: Array
(
    [option_name] => speed_backups_job_172ff699-2121-49b1-b339-6ad8c79609ce
    [success] => YES
)

[2026-01-15 13:57:28] [22 MB] [chunked_processor] Option save result
    DATA: Array
(
    [option_name] => speed_backups_job_172ff699-2121-49b1-b339-6ad8c79609ce
    [success] => YES
)

[2026-01-15 13:57:28] [22 MB] [chunked_processor] Save verification
    DATA: Array
(
    [verified] => YES
)

[2026-01-15 13:57:28] [22 MB] [chunked_processor] get_job called
    DATA: Array
(
    [job_id] => 172ff699-2121-49b1-b339-6ad8c79609ce
)

[2026-01-15 13:57:28] [22 MB] [chunked_processor] Transient lookup result
    DATA: Array
(
    [option_name] => speed_backups_job_172ff699-2121-49b1-b339-6ad8c79609ce
    [found] => YES
)

[2026-01-15 13:57:28] [22 MB] [chunked_processor] Job retrieved successfully
    DATA: Array
(
    [status] => running
    [type] => backup
)

[2026-01-15 13:57:28] [22 MB] [chunked_processor] get_job called
    DATA: Array
(
    [job_id] => 172ff699-2121-49b1-b339-6ad8c79609ce
)

[2026-01-15 13:57:28] [22 MB] [chunked_processor] Transient lookup result
    DATA: Array
(
    [option_name] => speed_backups_job_172ff699-2121-49b1-b339-6ad8c79609ce
    [found] => YES
)

[2026-01-15 13:57:28] [22 MB] [chunked_processor] Job retrieved successfully
    DATA: Array
(
    [status] => running
    [type] => backup
)

[2026-01-15 13:57:29] [22 MB] [chunked_processor] get_job called
    DATA: Array
(
    [job_id] => 172ff699-2121-49b1-b339-6ad8c79609ce
)

[2026-01-15 13:57:29] [22 MB] [chunked_processor] Transient lookup result
    DATA: Array
(
    [option_name] => speed_backups_job_172ff699-2121-49b1-b339-6ad8c79609ce
    [found] => YES
)

[2026-01-15 13:57:29] [22 MB] [chunked_processor] Job retrieved successfully
    DATA: Array
(
    [status] => running
    [type] => backup
)

[2026-01-15 13:57:29] [22 MB] [chunked_processor] get_job called
    DATA: Array
(
    [job_id] => 172ff699-2121-49b1-b339-6ad8c79609ce
)

[2026-01-15 13:57:29] [22 MB] [chunked_processor] Transient lookup result
    DATA: Array
(
    [option_name] => speed_backups_job_172ff699-2121-49b1-b339-6ad8c79609ce
    [found] => YES
)

[2026-01-15 13:57:29] [22 MB] [chunked_processor] Job retrieved successfully
    DATA: Array
(
    [status] => running
    [type] => backup
)

[2026-01-15 13:57:29] [22 MB] [chunked_processor] get_job called
    DATA: Array
(
    [job_id] => 172ff699-2121-49b1-b339-6ad8c79609ce
)

[2026-01-15 13:57:29] [22 MB] [chunked_processor] Transient lookup result
    DATA: Array
(
    [option_name] => speed_backups_job_172ff699-2121-49b1-b339-6ad8c79609ce
    [found] => YES
)

[2026-01-15 13:57:29] [22 MB] [chunked_processor] Job retrieved successfully
    DATA: Array
(
    [status] => running
    [type] => backup
)

[2026-01-15 13:57:29] [22 MB] [chunked_processor] save_job called
    DATA: Array
(
    [job_id] => 172ff699-2121-49b1-b339-6ad8c79609ce
    [status] => running
)

[2026-01-15 13:57:29] [22 MB] [chunked_processor] Transient save result
    DATA: Array
(
    [option_name] => speed_backups_job_172ff699-2121-49b1-b339-6ad8c79609ce
    [success] => YES
)

[2026-01-15 13:57:29] [22 MB] [chunked_processor] Option save result
    DATA: Array
(
    [option_name] => speed_backups_job_172ff699-2121-49b1-b339-6ad8c79609ce
    [success] => YES
)

[2026-01-15 13:57:29] [22 MB] [chunked_processor] Save verification
    DATA: Array
(
    [verified] => YES
)

[2026-01-15 13:57:29] [22 MB] [chunked_processor] get_job called
    DATA: Array
(
    [job_id] => 172ff699-2121-49b1-b339-6ad8c79609ce
)

[2026-01-15 13:57:29] [22 MB] [chunked_processor] Transient lookup result
    DATA: Array
(
    [option_name] => speed_backups_job_172ff699-2121-49b1-b339-6ad8c79609ce
    [found] => YES
)

[2026-01-15 13:57:29] [22 MB] [chunked_processor] Job retrieved successfully
    DATA: Array
(
    [status] => running
    [type] => backup
)

[2026-01-15 13:57:29] [22 MB] [chunked_processor] save_job called
    DATA: Array
(
    [job_id] => 172ff699-2121-49b1-b339-6ad8c79609ce
    [status] => running
)

[2026-01-15 13:57:29] [22 MB] [chunked_processor] Transient save result
    DATA: Array
(
    [option_name] => speed_backups_job_172ff699-2121-49b1-b339-6ad8c79609ce
    [success] => YES
)

[2026-01-15 13:57:29] [22 MB] [chunked_processor] Option save result
    DATA: Array
(
    [option_name] => speed_backups_job_172ff699-2121-49b1-b339-6ad8c79609ce
    [success] => YES
)

[2026-01-15 13:57:29] [22 MB] [chunked_processor] Save verification
    DATA: Array
(
    [verified] => YES
)

[2026-01-15 13:57:29] [22 MB] [chunked_processor] get_job called
    DATA: Array
(
    [job_id] => 172ff699-2121-49b1-b339-6ad8c79609ce
)

[2026-01-15 13:57:29] [22 MB] [chunked_processor] Transient lookup result
    DATA: Array
(
    [option_name] => speed_backups_job_172ff699-2121-49b1-b339-6ad8c79609ce
    [found] => YES
)

[2026-01-15 13:57:29] [22 MB] [chunked_processor] Job retrieved successfully
    DATA: Array
(
    [status] => running
    [type] => backup
)

[2026-01-15 13:57:29] [22 MB] [chunked_processor] get_job called
    DATA: Array
(
    [job_id] => 172ff699-2121-49b1-b339-6ad8c79609ce
)

[2026-01-15 13:57:29] [22 MB] [chunked_processor] Transient lookup result
    DATA: Array
(
    [option_name] => speed_backups_job_172ff699-2121-49b1-b339-6ad8c79609ce
    [found] => YES
)

[2026-01-15 13:57:29] [22 MB] [chunked_processor] Job retrieved successfully
    DATA: Array
(
    [status] => running
    [type] => backup
)

[2026-01-15 13:57:29] [22 MB] [chunked_processor] get_job called
    DATA: Array
(
    [job_id] => 172ff699-2121-49b1-b339-6ad8c79609ce
)

[2026-01-15 13:57:29] [22 MB] [chunked_processor] Transient lookup result
    DATA: Array
(
    [option_name] => speed_backups_job_172ff699-2121-49b1-b339-6ad8c79609ce
    [found] => YES
)

[2026-01-15 13:57:29] [22 MB] [chunked_processor] Job retrieved successfully
    DATA: Array
(
    [status] => running
    [type] => backup
)

[2026-01-15 13:57:29] [22 MB] [chunked_processor] get_job called
    DATA: Array
(
    [job_id] => 172ff699-2121-49b1-b339-6ad8c79609ce
)

[2026-01-15 13:57:29] [22 MB] [chunked_processor] Transient lookup result
    DATA: Array
(
    [option_name] => speed_backups_job_172ff699-2121-49b1-b339-6ad8c79609ce
    [found] => YES
)

[2026-01-15 13:57:29] [22 MB] [chunked_processor] Job retrieved successfully
    DATA: Array
(
    [status] => running
    [type] => backup
)

[2026-01-15 13:57:29] [22 MB] [chunked_processor] get_job called
    DATA: Array
(
    [job_id] => 172ff699-2121-49b1-b339-6ad8c79609ce
)

[2026-01-15 13:57:29] [22 MB] [chunked_processor] Transient lookup result
    DATA: Array
(
    [option_name] => speed_backups_job_172ff699-2121-49b1-b339-6ad8c79609ce
    [found] => YES
)

[2026-01-15 13:57:29] [22 MB] [chunked_processor] Job retrieved successfully
    DATA: Array
(
    [status] => running
    [type] => backup
)

[2026-01-15 13:57:29] [22 MB] [chunked_processor] save_job called
    DATA: Array
(
    [job_id] => 172ff699-2121-49b1-b339-6ad8c79609ce
    [status] => running
)

[2026-01-15 13:57:29] [22 MB] [chunked_processor] Transient save result
    DATA: Array
(
    [option_name] => speed_backups_job_172ff699-2121-49b1-b339-6ad8c79609ce
    [success] => YES
)

[2026-01-15 13:57:29] [22 MB] [chunked_processor] Option save result
    DATA: Array
(
    [option_name] => speed_backups_job_172ff699-2121-49b1-b339-6ad8c79609ce
    [success] => YES
)

[2026-01-15 13:57:29] [22 MB] [chunked_processor] Save verification
    DATA: Array
(
    [verified] => YES
)

[2026-01-15 13:57:30] [22 MB] [chunked_processor] get_job called
    DATA: Array
(
    [job_id] => 172ff699-2121-49b1-b339-6ad8c79609ce
)

[2026-01-15 13:57:30] [22 MB] [chunked_processor] Transient lookup result
    DATA: Array
(
    [option_name] => speed_backups_job_172ff699-2121-49b1-b339-6ad8c79609ce
    [found] => YES
)

[2026-01-15 13:57:30] [22 MB] [chunked_processor] Job retrieved successfully
    DATA: Array
(
    [status] => running
    [type] => backup
)

[2026-01-15 13:57:30] [22 MB] [chunked_processor] save_job called
    DATA: Array
(
    [job_id] => 172ff699-2121-49b1-b339-6ad8c79609ce
    [status] => running
)

[2026-01-15 13:57:30] [22 MB] [chunked_processor] Transient save result
    DATA: Array
(
    [option_name] => speed_backups_job_172ff699-2121-49b1-b339-6ad8c79609ce
    [success] => YES
)

[2026-01-15 13:57:30] [22 MB] [chunked_processor] Option save result
    DATA: Array
(
    [option_name] => speed_backups_job_172ff699-2121-49b1-b339-6ad8c79609ce
    [success] => YES
)

[2026-01-15 13:57:30] [22 MB] [chunked_processor] Save verification
    DATA: Array
(
    [verified] => YES
)

[2026-01-15 13:57:30] [22 MB] [chunked_processor] get_job called
    DATA: Array
(
    [job_id] => 172ff699-2121-49b1-b339-6ad8c79609ce
)

[2026-01-15 13:57:30] [22 MB] [chunked_processor] Transient lookup result
    DATA: Array
(
    [option_name] => speed_backups_job_172ff699-2121-49b1-b339-6ad8c79609ce
    [found] => YES
)

[2026-01-15 13:57:30] [22 MB] [chunked_processor] Job retrieved successfully
    DATA: Array
(
    [status] => running
    [type] => backup
)

[2026-01-15 13:57:30] [22 MB] [chunked_processor] get_job called
    DATA: Array
(
    [job_id] => 172ff699-2121-49b1-b339-6ad8c79609ce
)

[2026-01-15 13:57:30] [22 MB] [chunked_processor] Transient lookup result
    DATA: Array
(
    [option_name] => speed_backups_job_172ff699-2121-49b1-b339-6ad8c79609ce
    [found] => YES
)

[2026-01-15 13:57:30] [22 MB] [chunked_processor] Job retrieved successfully
    DATA: Array
(
    [status] => running
    [type] => backup
)

[2026-01-15 13:57:30] [22 MB] [chunked_processor] get_job called
    DATA: Array
(
    [job_id] => 172ff699-2121-49b1-b339-6ad8c79609ce
)

[2026-01-15 13:57:30] [22 MB] [chunked_processor] Transient lookup result
    DATA: Array
(
    [option_name] => speed_backups_job_172ff699-2121-49b1-b339-6ad8c79609ce
    [found] => YES
)

[2026-01-15 13:57:30] [22 MB] [chunked_processor] Job retrieved successfully
    DATA: Array
(
    [status] => running
    [type] => backup
)

[2026-01-15 13:57:30] [22 MB] [chunked_processor] get_job called
    DATA: Array
(
    [job_id] => 172ff699-2121-49b1-b339-6ad8c79609ce
)

[2026-01-15 13:57:30] [22 MB] [chunked_processor] Transient lookup result
    DATA: Array
(
    [option_name] => speed_backups_job_172ff699-2121-49b1-b339-6ad8c79609ce
    [found] => YES
)

[2026-01-15 13:57:30] [22 MB] [chunked_processor] Job retrieved successfully
    DATA: Array
(
    [status] => running
    [type] => backup
)

[2026-01-15 13:57:30] [22 MB] [chunked_processor] get_job called
    DATA: Array
(
    [job_id] => 172ff699-2121-49b1-b339-6ad8c79609ce
)

[2026-01-15 13:57:30] [22 MB] [chunked_processor] Transient lookup result
    DATA: Array
(
    [option_name] => speed_backups_job_172ff699-2121-49b1-b339-6ad8c79609ce
    [found] => YES
)

[2026-01-15 13:57:30] [22 MB] [chunked_processor] Job retrieved successfully
    DATA: Array
(
    [status] => running
    [type] => backup
)

[2026-01-15 13:57:30] [22 MB] [chunked_processor] save_job called
    DATA: Array
(
    [job_id] => 172ff699-2121-49b1-b339-6ad8c79609ce
    [status] => running
)

[2026-01-15 13:57:30] [22 MB] [chunked_processor] Transient save result
    DATA: Array
(
    [option_name] => speed_backups_job_172ff699-2121-49b1-b339-6ad8c79609ce
    [success] => YES
)

[2026-01-15 13:57:30] [22 MB] [chunked_processor] Option save result
    DATA: Array
(
    [option_name] => speed_backups_job_172ff699-2121-49b1-b339-6ad8c79609ce
    [success] => YES
)

[2026-01-15 13:57:30] [22 MB] [chunked_processor] Save verification
    DATA: Array
(
    [verified] => YES
)

[2026-01-15 13:57:31] [22 MB] [chunked_processor] get_job called
    DATA: Array
(
    [job_id] => 172ff699-2121-49b1-b339-6ad8c79609ce
)

[2026-01-15 13:57:31] [22 MB] [chunked_processor] Transient lookup result
    DATA: Array
(
    [option_name] => speed_backups_job_172ff699-2121-49b1-b339-6ad8c79609ce
    [found] => YES
)

[2026-01-15 13:57:31] [22 MB] [chunked_processor] Job retrieved successfully
    DATA: Array
(
    [status] => running
    [type] => backup
)

[2026-01-15 13:57:31] [22 MB] [chunked_processor] save_job called
    DATA: Array
(
    [job_id] => 172ff699-2121-49b1-b339-6ad8c79609ce
    [status] => running
)

[2026-01-15 13:57:31] [22 MB] [chunked_processor] Transient save result
    DATA: Array
(
    [option_name] => speed_backups_job_172ff699-2121-49b1-b339-6ad8c79609ce
    [success] => YES
)

[2026-01-15 13:57:31] [22 MB] [chunked_processor] Option save result
    DATA: Array
(
    [option_name] => speed_backups_job_172ff699-2121-49b1-b339-6ad8c79609ce
    [success] => YES
)

[2026-01-15 13:57:31] [22 MB] [chunked_processor] Save verification
    DATA: Array
(
    [verified] => YES
)

[2026-01-15 13:57:31] [22 MB] [chunked_processor] get_job called
    DATA: Array
(
    [job_id] => 172ff699-2121-49b1-b339-6ad8c79609ce
)

[2026-01-15 13:57:31] [22 MB] [chunked_processor] Transient lookup result
    DATA: Array
(
    [option_name] => speed_backups_job_172ff699-2121-49b1-b339-6ad8c79609ce
    [found] => YES
)

[2026-01-15 13:57:31] [22 MB] [chunked_processor] Job retrieved successfully
    DATA: Array
(
    [status] => running
    [type] => backup
)

[2026-01-15 13:57:31] [22 MB] [chunked_processor] get_job called
    DATA: Array
(
    [job_id] => 172ff699-2121-49b1-b339-6ad8c79609ce
)

[2026-01-15 13:57:31] [22 MB] [chunked_processor] Transient lookup result
    DATA: Array
(
    [option_name] => speed_backups_job_172ff699-2121-49b1-b339-6ad8c79609ce
    [found] => YES
)

[2026-01-15 13:57:31] [22 MB] [chunked_processor] Job retrieved successfully
    DATA: Array
(
    [status] => running
    [type] => backup
)

[2026-01-15 13:57:31] [22 MB] [chunked_processor] get_job called
    DATA: Array
(
    [job_id] => 172ff699-2121-49b1-b339-6ad8c79609ce
)

[2026-01-15 13:57:31] [22 MB] [chunked_processor] Transient lookup result
    DATA: Array
(
    [option_name] => speed_backups_job_172ff699-2121-49b1-b339-6ad8c79609ce
    [found] => YES
)

[2026-01-15 13:57:31] [22 MB] [chunked_processor] Job retrieved successfully
    DATA: Array
(
    [status] => running
    [type] => backup
)

[2026-01-15 13:57:31] [22 MB] [chunked_processor] get_job called
    DATA: Array
(
    [job_id] => 172ff699-2121-49b1-b339-6ad8c79609ce
)

[2026-01-15 13:57:31] [22 MB] [chunked_processor] Transient lookup result
    DATA: Array
(
    [option_name] => speed_backups_job_172ff699-2121-49b1-b339-6ad8c79609ce
    [found] => YES
)

[2026-01-15 13:57:31] [22 MB] [chunked_processor] Job retrieved successfully
    DATA: Array
(
    [status] => running
    [type] => backup
)

[2026-01-15 13:57:31] [22 MB] [chunked_processor] get_job called
    DATA: Array
(
    [job_id] => 172ff699-2121-49b1-b339-6ad8c79609ce
)

[2026-01-15 13:57:31] [22 MB] [chunked_processor] Transient lookup result
    DATA: Array
(
    [option_name] => speed_backups_job_172ff699-2121-49b1-b339-6ad8c79609ce
    [found] => YES
)

[2026-01-15 13:57:31] [22 MB] [chunked_processor] Job retrieved successfully
    DATA: Array
(
    [status] => running
    [type] => backup
)

[2026-01-15 13:57:31] [22 MB] [chunked_processor] save_job called
    DATA: Array
(
    [job_id] => 172ff699-2121-49b1-b339-6ad8c79609ce
    [status] => running
)

[2026-01-15 13:57:31] [22 MB] [chunked_processor] Transient save result
    DATA: Array
(
    [option_name] => speed_backups_job_172ff699-2121-49b1-b339-6ad8c79609ce
    [success] => YES
)

[2026-01-15 13:57:31] [22 MB] [chunked_processor] Option save result
    DATA: Array
(
    [option_name] => speed_backups_job_172ff699-2121-49b1-b339-6ad8c79609ce
    [success] => YES
)

[2026-01-15 13:57:31] [22 MB] [chunked_processor] Save verification
    DATA: Array
(
    [verified] => YES
)

[2026-01-15 13:57:40] [24 MB] [chunked_processor] get_job called
    DATA: Array
(
    [job_id] => 172ff699-2121-49b1-b339-6ad8c79609ce
)

[2026-01-15 13:57:40] [24 MB] [chunked_processor] Transient lookup result
    DATA: Array
(
    [option_name] => speed_backups_job_172ff699-2121-49b1-b339-6ad8c79609ce
    [found] => YES
)

[2026-01-15 13:57:40] [24 MB] [chunked_processor] Job retrieved successfully
    DATA: Array
(
    [status] => running
    [type] => backup
)

[2026-01-15 13:57:40] [24 MB] [chunked_processor] save_job called
    DATA: Array
(
    [job_id] => 172ff699-2121-49b1-b339-6ad8c79609ce
    [status] => running
)

[2026-01-15 13:57:40] [24 MB] [chunked_processor] Transient save result
    DATA: Array
(
    [option_name] => speed_backups_job_172ff699-2121-49b1-b339-6ad8c79609ce
    [success] => YES
)

[2026-01-15 13:57:40] [24 MB] [chunked_processor] Option save result
    DATA: Array
(
    [option_name] => speed_backups_job_172ff699-2121-49b1-b339-6ad8c79609ce
    [success] => YES
)

[2026-01-15 13:57:40] [24 MB] [chunked_processor] Save verification
    DATA: Array
(
    [verified] => YES
)

[2026-01-15 13:57:40] [24 MB] [chunked_processor] get_job called
    DATA: Array
(
    [job_id] => 172ff699-2121-49b1-b339-6ad8c79609ce
)

[2026-01-15 13:57:40] [24 MB] [chunked_processor] Transient lookup result
    DATA: Array
(
    [option_name] => speed_backups_job_172ff699-2121-49b1-b339-6ad8c79609ce
    [found] => YES
)

[2026-01-15 13:57:40] [24 MB] [chunked_processor] Job retrieved successfully
    DATA: Array
(
    [status] => running
    [type] => backup
)

[2026-01-15 13:57:40] [24 MB] [chunked_processor] get_job called
    DATA: Array
(
    [job_id] => 172ff699-2121-49b1-b339-6ad8c79609ce
)

[2026-01-15 13:57:40] [24 MB] [chunked_processor] Transient lookup result
    DATA: Array
(
    [option_name] => speed_backups_job_172ff699-2121-49b1-b339-6ad8c79609ce
    [found] => YES
)

[2026-01-15 13:57:40] [24 MB] [chunked_processor] Job retrieved successfully
    DATA: Array
(
    [status] => running
    [type] => backup
)

[2026-01-15 13:57:41] [22 MB] [chunked_processor] get_job called
    DATA: Array
(
    [job_id] => 172ff699-2121-49b1-b339-6ad8c79609ce
)

[2026-01-15 13:57:41] [22 MB] [chunked_processor] Transient lookup result
    DATA: Array
(
    [option_name] => speed_backups_job_172ff699-2121-49b1-b339-6ad8c79609ce
    [found] => YES
)

[2026-01-15 13:57:41] [22 MB] [chunked_processor] Job retrieved successfully
    DATA: Array
(
    [status] => running
    [type] => backup
)

[2026-01-15 13:57:41] [22 MB] [chunked_processor] get_job called
    DATA: Array
(
    [job_id] => 172ff699-2121-49b1-b339-6ad8c79609ce
)

[2026-01-15 13:57:41] [22 MB] [chunked_processor] Transient lookup result
    DATA: Array
(
    [option_name] => speed_backups_job_172ff699-2121-49b1-b339-6ad8c79609ce
    [found] => YES
)

[2026-01-15 13:57:41] [22 MB] [chunked_processor] Job retrieved successfully
    DATA: Array
(
    [status] => running
    [type] => backup
)

[2026-01-15 13:57:41] [22 MB] [chunked_processor] get_job called
    DATA: Array
(
    [job_id] => 172ff699-2121-49b1-b339-6ad8c79609ce
)

[2026-01-15 13:57:41] [22 MB] [chunked_processor] Transient lookup result
    DATA: Array
(
    [option_name] => speed_backups_job_172ff699-2121-49b1-b339-6ad8c79609ce
    [found] => YES
)

[2026-01-15 13:57:41] [22 MB] [chunked_processor] Job retrieved successfully
    DATA: Array
(
    [status] => running
    [type] => backup
)

[2026-01-15 13:57:41] [22 MB] [chunked_processor] save_job called
    DATA: Array
(
    [job_id] => 172ff699-2121-49b1-b339-6ad8c79609ce
    [status] => running
)

[2026-01-15 13:57:41] [22 MB] [chunked_processor] Transient save result
    DATA: Array
(
    [option_name] => speed_backups_job_172ff699-2121-49b1-b339-6ad8c79609ce
    [success] => YES
)

[2026-01-15 13:57:41] [22 MB] [chunked_processor] Option save result
    DATA: Array
(
    [option_name] => speed_backups_job_172ff699-2121-49b1-b339-6ad8c79609ce
    [success] => YES
)

[2026-01-15 13:57:41] [22 MB] [chunked_processor] Save verification
    DATA: Array
(
    [verified] => YES
)

[2026-01-15 13:57:41] [22 MB] [chunked_processor] get_job called
    DATA: Array
(
    [job_id] => 172ff699-2121-49b1-b339-6ad8c79609ce
)

[2026-01-15 13:57:41] [22 MB] [chunked_processor] Transient lookup result
    DATA: Array
(
    [option_name] => speed_backups_job_172ff699-2121-49b1-b339-6ad8c79609ce
    [found] => YES
)

[2026-01-15 13:57:41] [22 MB] [chunked_processor] Job retrieved successfully
    DATA: Array
(
    [status] => running
    [type] => backup
)

[2026-01-15 13:57:41] [22 MB] [chunked_processor] save_job called
    DATA: Array
(
    [job_id] => 172ff699-2121-49b1-b339-6ad8c79609ce
    [status] => running
)

[2026-01-15 13:57:41] [22 MB] [chunked_processor] Transient save result
    DATA: Array
(
    [option_name] => speed_backups_job_172ff699-2121-49b1-b339-6ad8c79609ce
    [success] => YES
)

[2026-01-15 13:57:41] [22 MB] [chunked_processor] Option save result
    DATA: Array
(
    [option_name] => speed_backups_job_172ff699-2121-49b1-b339-6ad8c79609ce
    [success] => YES
)

[2026-01-15 13:57:41] [22 MB] [chunked_processor] Save verification
    DATA: Array
(
    [verified] => YES
)

[2026-01-15 13:57:41] [22 MB] [chunked_processor] get_job called
    DATA: Array
(
    [job_id] => 172ff699-2121-49b1-b339-6ad8c79609ce
)

[2026-01-15 13:57:41] [22 MB] [chunked_processor] Transient lookup result
    DATA: Array
(
    [option_name] => speed_backups_job_172ff699-2121-49b1-b339-6ad8c79609ce
    [found] => YES
)

[2026-01-15 13:57:41] [22 MB] [chunked_processor] Job retrieved successfully
    DATA: Array
(
    [status] => running
    [type] => backup
)

[2026-01-15 13:57:41] [22 MB] [chunked_processor] get_job called
    DATA: Array
(
    [job_id] => 172ff699-2121-49b1-b339-6ad8c79609ce
)

[2026-01-15 13:57:41] [22 MB] [chunked_processor] Transient lookup result
    DATA: Array
(
    [option_name] => speed_backups_job_172ff699-2121-49b1-b339-6ad8c79609ce
    [found] => YES
)

[2026-01-15 13:57:41] [22 MB] [chunked_processor] Job retrieved successfully
    DATA: Array
(
    [status] => running
    [type] => backup
)

[2026-01-15 13:57:42] [18 MB] [chunked_processor] get_job called
    DATA: Array
(
    [job_id] => 172ff699-2121-49b1-b339-6ad8c79609ce
)

[2026-01-15 13:57:42] [18 MB] [chunked_processor] Transient lookup result
    DATA: Array
(
    [option_name] => speed_backups_job_172ff699-2121-49b1-b339-6ad8c79609ce
    [found] => YES
)

[2026-01-15 13:57:42] [18 MB] [chunked_processor] Job retrieved successfully
    DATA: Array
(
    [status] => running
    [type] => backup
)

[2026-01-15 13:57:42] [18 MB] [chunked_processor] get_job called
    DATA: Array
(
    [job_id] => 172ff699-2121-49b1-b339-6ad8c79609ce
)

[2026-01-15 13:57:42] [18 MB] [chunked_processor] Transient lookup result
    DATA: Array
(
    [option_name] => speed_backups_job_172ff699-2121-49b1-b339-6ad8c79609ce
    [found] => YES
)

[2026-01-15 13:57:42] [18 MB] [chunked_processor] Job retrieved successfully
    DATA: Array
(
    [status] => running
    [type] => backup
)

[2026-01-15 13:57:42] [20 MB] [chunked_processor] get_job called
    DATA: Array
(
    [job_id] => 172ff699-2121-49b1-b339-6ad8c79609ce
)

[2026-01-15 13:57:42] [20 MB] [chunked_processor] Transient lookup result
    DATA: Array
(
    [option_name] => speed_backups_job_172ff699-2121-49b1-b339-6ad8c79609ce
    [found] => YES
)

[2026-01-15 13:57:42] [20 MB] [chunked_processor] Job retrieved successfully
    DATA: Array
(
    [status] => running
    [type] => backup
)

[2026-01-15 13:57:42] [20 MB] [chunked_processor] save_job called
    DATA: Array
(
    [job_id] => 172ff699-2121-49b1-b339-6ad8c79609ce
    [status] => running
)

[2026-01-15 13:57:42] [20 MB] [chunked_processor] Transient save result
    DATA: Array
(
    [option_name] => speed_backups_job_172ff699-2121-49b1-b339-6ad8c79609ce
    [success] => YES
)

[2026-01-15 13:57:42] [20 MB] [chunked_processor] Option save result
    DATA: Array
(
    [option_name] => speed_backups_job_172ff699-2121-49b1-b339-6ad8c79609ce
    [success] => YES
)

[2026-01-15 13:57:42] [20 MB] [chunked_processor] Save verification
    DATA: Array
(
    [verified] => YES
)

[2026-01-15 13:57:42] [22 MB] [chunked_processor] get_job called
    DATA: Array
(
    [job_id] => 172ff699-2121-49b1-b339-6ad8c79609ce
)

[2026-01-15 13:57:42] [22 MB] [chunked_processor] Transient lookup result
    DATA: Array
(
    [option_name] => speed_backups_job_172ff699-2121-49b1-b339-6ad8c79609ce
    [found] => YES
)

[2026-01-15 13:57:42] [22 MB] [chunked_processor] Job retrieved successfully
    DATA: Array
(
    [status] => running
    [type] => backup
)

[2026-01-15 13:57:42] [22 MB] [chunked_processor] save_job called
    DATA: Array
(
    [job_id] => 172ff699-2121-49b1-b339-6ad8c79609ce
    [status] => running
)

[2026-01-15 13:57:42] [22 MB] [chunked_processor] Transient save result
    DATA: Array
(
    [option_name] => speed_backups_job_172ff699-2121-49b1-b339-6ad8c79609ce
    [success] => YES
)

[2026-01-15 13:57:42] [22 MB] [chunked_processor] Option save result
    DATA: Array
(
    [option_name] => speed_backups_job_172ff699-2121-49b1-b339-6ad8c79609ce
    [success] => YES
)

[2026-01-15 13:57:42] [22 MB] [chunked_processor] Save verification
    DATA: Array
(
    [verified] => YES
)

[2026-01-15 13:57:42] [22 MB] [chunked_processor] get_job called
    DATA: Array
(
    [job_id] => 172ff699-2121-49b1-b339-6ad8c79609ce
)

[2026-01-15 13:57:42] [22 MB] [chunked_processor] Transient lookup result
    DATA: Array
(
    [option_name] => speed_backups_job_172ff699-2121-49b1-b339-6ad8c79609ce
    [found] => YES
)

[2026-01-15 13:57:42] [22 MB] [chunked_processor] Job retrieved successfully
    DATA: Array
(
    [status] => running
    [type] => backup
)

[2026-01-15 13:57:42] [22 MB] [chunked_processor] get_job called
    DATA: Array
(
    [job_id] => 172ff699-2121-49b1-b339-6ad8c79609ce
)

[2026-01-15 13:57:42] [22 MB] [chunked_processor] Transient lookup result
    DATA: Array
(
    [option_name] => speed_backups_job_172ff699-2121-49b1-b339-6ad8c79609ce
    [found] => YES
)

[2026-01-15 13:57:42] [22 MB] [chunked_processor] Job retrieved successfully
    DATA: Array
(
    [status] => running
    [type] => backup
)

[2026-01-15 13:57:43] [22 MB] [chunked_processor] get_job called
    DATA: Array
(
    [job_id] => 172ff699-2121-49b1-b339-6ad8c79609ce
)

[2026-01-15 13:57:43] [22 MB] [chunked_processor] Transient lookup result
    DATA: Array
(
    [option_name] => speed_backups_job_172ff699-2121-49b1-b339-6ad8c79609ce
    [found] => YES
)

[2026-01-15 13:57:43] [22 MB] [chunked_processor] Job retrieved successfully
    DATA: Array
(
    [status] => running
    [type] => backup
)

[2026-01-15 13:57:43] [22 MB] [chunked_processor] get_job called
    DATA: Array
(
    [job_id] => 172ff699-2121-49b1-b339-6ad8c79609ce
)

[2026-01-15 13:57:43] [22 MB] [chunked_processor] Transient lookup result
    DATA: Array
(
    [option_name] => speed_backups_job_172ff699-2121-49b1-b339-6ad8c79609ce
    [found] => YES
)

[2026-01-15 13:57:43] [22 MB] [chunked_processor] Job retrieved successfully
    DATA: Array
(
    [status] => running
    [type] => backup
)

[2026-01-15 13:57:43] [22 MB] [chunked_processor] get_job called
    DATA: Array
(
    [job_id] => 172ff699-2121-49b1-b339-6ad8c79609ce
)

[2026-01-15 13:57:43] [22 MB] [chunked_processor] Transient lookup result
    DATA: Array
(
    [option_name] => speed_backups_job_172ff699-2121-49b1-b339-6ad8c79609ce
    [found] => YES
)

[2026-01-15 13:57:43] [22 MB] [chunked_processor] Job retrieved successfully
    DATA: Array
(
    [status] => running
    [type] => backup
)

[2026-01-15 13:57:43] [22 MB] [chunked_processor] save_job called
    DATA: Array
(
    [job_id] => 172ff699-2121-49b1-b339-6ad8c79609ce
    [status] => running
)

[2026-01-15 13:57:43] [22 MB] [chunked_processor] Transient save result
    DATA: Array
(
    [option_name] => speed_backups_job_172ff699-2121-49b1-b339-6ad8c79609ce
    [success] => YES
)

[2026-01-15 13:57:43] [22 MB] [chunked_processor] Option save result
    DATA: Array
(
    [option_name] => speed_backups_job_172ff699-2121-49b1-b339-6ad8c79609ce
    [success] => YES
)

[2026-01-15 13:57:43] [22 MB] [chunked_processor] Save verification
    DATA: Array
(
    [verified] => YES
)

[2026-01-15 13:57:43] [22 MB] [chunked_processor] get_job called
    DATA: Array
(
    [job_id] => 172ff699-2121-49b1-b339-6ad8c79609ce
)

[2026-01-15 13:57:43] [22 MB] [chunked_processor] Transient lookup result
    DATA: Array
(
    [option_name] => speed_backups_job_172ff699-2121-49b1-b339-6ad8c79609ce
    [found] => YES
)

[2026-01-15 13:57:43] [22 MB] [chunked_processor] Job retrieved successfully
    DATA: Array
(
    [status] => running
    [type] => backup
)

[2026-01-15 13:57:43] [22 MB] [chunked_processor] save_job called
    DATA: Array
(
    [job_id] => 172ff699-2121-49b1-b339-6ad8c79609ce
    [status] => running
)

[2026-01-15 13:57:43] [22 MB] [chunked_processor] Transient save result
    DATA: Array
(
    [option_name] => speed_backups_job_172ff699-2121-49b1-b339-6ad8c79609ce
    [success] => YES
)

[2026-01-15 13:57:43] [22 MB] [chunked_processor] Option save result
    DATA: Array
(
    [option_name] => speed_backups_job_172ff699-2121-49b1-b339-6ad8c79609ce
    [success] => YES
)

[2026-01-15 13:57:43] [22 MB] [chunked_processor] Save verification
    DATA: Array
(
    [verified] => YES
)

[2026-01-15 13:57:43] [22 MB] [chunked_processor] get_job called
    DATA: Array
(
    [job_id] => 172ff699-2121-49b1-b339-6ad8c79609ce
)

[2026-01-15 13:57:43] [22 MB] [chunked_processor] Transient lookup result
    DATA: Array
(
    [option_name] => speed_backups_job_172ff699-2121-49b1-b339-6ad8c79609ce
    [found] => YES
)

[2026-01-15 13:57:43] [22 MB] [chunked_processor] Job retrieved successfully
    DATA: Array
(
    [status] => running
    [type] => backup
)

[2026-01-15 13:57:43] [22 MB] [chunked_processor] get_job called
    DATA: Array
(
    [job_id] => 172ff699-2121-49b1-b339-6ad8c79609ce
)

[2026-01-15 13:57:43] [22 MB] [chunked_processor] Transient lookup result
    DATA: Array
(
    [option_name] => speed_backups_job_172ff699-2121-49b1-b339-6ad8c79609ce
    [found] => YES
)

[2026-01-15 13:57:43] [22 MB] [chunked_processor] Job retrieved successfully
    DATA: Array
(
    [status] => running
    [type] => backup
)

[2026-01-15 13:57:44] [22 MB] [chunked_processor] get_job called
    DATA: Array
(
    [job_id] => 172ff699-2121-49b1-b339-6ad8c79609ce
)

[2026-01-15 13:57:44] [22 MB] [chunked_processor] Transient lookup result
    DATA: Array
(
    [option_name] => speed_backups_job_172ff699-2121-49b1-b339-6ad8c79609ce
    [found] => YES
)

[2026-01-15 13:57:44] [22 MB] [chunked_processor] Job retrieved successfully
    DATA: Array
(
    [status] => running
    [type] => backup
)

[2026-01-15 13:57:44] [22 MB] [chunked_processor] get_job called
    DATA: Array
(
    [job_id] => 172ff699-2121-49b1-b339-6ad8c79609ce
)

[2026-01-15 13:57:44] [22 MB] [chunked_processor] Transient lookup result
    DATA: Array
(
    [option_name] => speed_backups_job_172ff699-2121-49b1-b339-6ad8c79609ce
    [found] => YES
)

[2026-01-15 13:57:44] [22 MB] [chunked_processor] Job retrieved successfully
    DATA: Array
(
    [status] => running
    [type] => backup
)

[2026-01-15 13:57:44] [22 MB] [chunked_processor] get_job called
    DATA: Array
(
    [job_id] => 172ff699-2121-49b1-b339-6ad8c79609ce
)

[2026-01-15 13:57:44] [22 MB] [chunked_processor] Transient lookup result
    DATA: Array
(
    [option_name] => speed_backups_job_172ff699-2121-49b1-b339-6ad8c79609ce
    [found] => YES
)

[2026-01-15 13:57:44] [22 MB] [chunked_processor] Job retrieved successfully
    DATA: Array
(
    [status] => running
    [type] => backup
)

[2026-01-15 13:57:44] [22 MB] [chunked_processor] save_job called
    DATA: Array
(
    [job_id] => 172ff699-2121-49b1-b339-6ad8c79609ce
    [status] => running
)

[2026-01-15 13:57:44] [22 MB] [chunked_processor] Transient save result
    DATA: Array
(
    [option_name] => speed_backups_job_172ff699-2121-49b1-b339-6ad8c79609ce
    [success] => YES
)

[2026-01-15 13:57:44] [22 MB] [chunked_processor] Option save result
    DATA: Array
(
    [option_name] => speed_backups_job_172ff699-2121-49b1-b339-6ad8c79609ce
    [success] => YES
)

[2026-01-15 13:57:44] [22 MB] [chunked_processor] Save verification
    DATA: Array
(
    [verified] => YES
)

[2026-01-15 13:57:44] [22 MB] [chunked_processor] get_job called
    DATA: Array
(
    [job_id] => 172ff699-2121-49b1-b339-6ad8c79609ce
)

[2026-01-15 13:57:44] [22 MB] [chunked_processor] Transient lookup result
    DATA: Array
(
    [option_name] => speed_backups_job_172ff699-2121-49b1-b339-6ad8c79609ce
    [found] => YES
)

[2026-01-15 13:57:44] [22 MB] [chunked_processor] Job retrieved successfully
    DATA: Array
(
    [status] => running
    [type] => backup
)

[2026-01-15 13:57:44] [22 MB] [chunked_processor] save_job called
    DATA: Array
(
    [job_id] => 172ff699-2121-49b1-b339-6ad8c79609ce
    [status] => running
)

[2026-01-15 13:57:44] [22 MB] [chunked_processor] Transient save result
    DATA: Array
(
    [option_name] => speed_backups_job_172ff699-2121-49b1-b339-6ad8c79609ce
    [success] => YES
)

[2026-01-15 13:57:44] [22 MB] [chunked_processor] Option save result
    DATA: Array
(
    [option_name] => speed_backups_job_172ff699-2121-49b1-b339-6ad8c79609ce
    [success] => YES
)

[2026-01-15 13:57:44] [22 MB] [chunked_processor] Save verification
    DATA: Array
(
    [verified] => YES
)

[2026-01-15 13:57:44] [22 MB] [chunked_processor] get_job called
    DATA: Array
(
    [job_id] => 172ff699-2121-49b1-b339-6ad8c79609ce
)

[2026-01-15 13:57:44] [22 MB] [chunked_processor] Transient lookup result
    DATA: Array
(
    [option_name] => speed_backups_job_172ff699-2121-49b1-b339-6ad8c79609ce
    [found] => YES
)

[2026-01-15 13:57:44] [22 MB] [chunked_processor] Job retrieved successfully
    DATA: Array
(
    [status] => running
    [type] => backup
)

[2026-01-15 13:57:44] [22 MB] [chunked_processor] get_job called
    DATA: Array
(
    [job_id] => 172ff699-2121-49b1-b339-6ad8c79609ce
)

[2026-01-15 13:57:44] [22 MB] [chunked_processor] Transient lookup result
    DATA: Array
(
    [option_name] => speed_backups_job_172ff699-2121-49b1-b339-6ad8c79609ce
    [found] => YES
)

[2026-01-15 13:57:44] [22 MB] [chunked_processor] Job retrieved successfully
    DATA: Array
(
    [status] => running
    [type] => backup
)

[2026-01-15 13:57:45] [20 MB] [chunked_processor] get_job called
    DATA: Array
(
    [job_id] => 172ff699-2121-49b1-b339-6ad8c79609ce
)

[2026-01-15 13:57:45] [20 MB] [chunked_processor] Transient lookup result
    DATA: Array
(
    [option_name] => speed_backups_job_172ff699-2121-49b1-b339-6ad8c79609ce
    [found] => YES
)

[2026-01-15 13:57:45] [20 MB] [chunked_processor] Job retrieved successfully
    DATA: Array
(
    [status] => running
    [type] => backup
)

[2026-01-15 13:57:45] [20 MB] [chunked_processor] get_job called
    DATA: Array
(
    [job_id] => 172ff699-2121-49b1-b339-6ad8c79609ce
)

[2026-01-15 13:57:45] [20 MB] [chunked_processor] Transient lookup result
    DATA: Array
(
    [option_name] => speed_backups_job_172ff699-2121-49b1-b339-6ad8c79609ce
    [found] => YES
)

[2026-01-15 13:57:45] [20 MB] [chunked_processor] Job retrieved successfully
    DATA: Array
(
    [status] => running
    [type] => backup
)

[2026-01-15 13:57:45] [20 MB] [chunked_processor] get_job called
    DATA: Array
(
    [job_id] => 172ff699-2121-49b1-b339-6ad8c79609ce
)

[2026-01-15 13:57:45] [20 MB] [chunked_processor] Transient lookup result
    DATA: Array
(
    [option_name] => speed_backups_job_172ff699-2121-49b1-b339-6ad8c79609ce
    [found] => YES
)

[2026-01-15 13:57:45] [20 MB] [chunked_processor] Job retrieved successfully
    DATA: Array
(
    [status] => running
    [type] => backup
)

[2026-01-15 13:57:45] [20 MB] [chunked_processor] save_job called
    DATA: Array
(
    [job_id] => 172ff699-2121-49b1-b339-6ad8c79609ce
    [status] => running
)

[2026-01-15 13:57:45] [20 MB] [chunked_processor] Transient save result
    DATA: Array
(
    [option_name] => speed_backups_job_172ff699-2121-49b1-b339-6ad8c79609ce
    [success] => YES
)

[2026-01-15 13:57:45] [20 MB] [chunked_processor] Option save result
    DATA: Array
(
    [option_name] => speed_backups_job_172ff699-2121-49b1-b339-6ad8c79609ce
    [success] => YES
)

[2026-01-15 13:57:45] [20 MB] [chunked_processor] Save verification
    DATA: Array
(
    [verified] => YES
)

[2026-01-15 13:57:45] [22 MB] [chunked_processor] get_job called
    DATA: Array
(
    [job_id] => 172ff699-2121-49b1-b339-6ad8c79609ce
)

[2026-01-15 13:57:45] [22 MB] [chunked_processor] Transient lookup result
    DATA: Array
(
    [option_name] => speed_backups_job_172ff699-2121-49b1-b339-6ad8c79609ce
    [found] => YES
)

[2026-01-15 13:57:45] [22 MB] [chunked_processor] Job retrieved successfully
    DATA: Array
(
    [status] => running
    [type] => backup
)

[2026-01-15 13:57:45] [22 MB] [chunked_processor] save_job called
    DATA: Array
(
    [job_id] => 172ff699-2121-49b1-b339-6ad8c79609ce
    [status] => running
)

[2026-01-15 13:57:45] [22 MB] [chunked_processor] Transient save result
    DATA: Array
(
    [option_name] => speed_backups_job_172ff699-2121-49b1-b339-6ad8c79609ce
    [success] => YES
)

[2026-01-15 13:57:45] [22 MB] [chunked_processor] Option save result
    DATA: Array
(
    [option_name] => speed_backups_job_172ff699-2121-49b1-b339-6ad8c79609ce
    [success] => YES
)

[2026-01-15 13:57:45] [22 MB] [chunked_processor] Save verification
    DATA: Array
(
    [verified] => YES
)

[2026-01-15 13:57:45] [22 MB] [chunked_processor] get_job called
    DATA: Array
(
    [job_id] => 172ff699-2121-49b1-b339-6ad8c79609ce
)

[2026-01-15 13:57:45] [22 MB] [chunked_processor] Transient lookup result
    DATA: Array
(
    [option_name] => speed_backups_job_172ff699-2121-49b1-b339-6ad8c79609ce
    [found] => YES
)

[2026-01-15 13:57:45] [22 MB] [chunked_processor] Job retrieved successfully
    DATA: Array
(
    [status] => running
    [type] => backup
)

[2026-01-15 13:57:45] [22 MB] [chunked_processor] get_job called
    DATA: Array
(
    [job_id] => 172ff699-2121-49b1-b339-6ad8c79609ce
)

[2026-01-15 13:57:45] [22 MB] [chunked_processor] Transient lookup result
    DATA: Array
(
    [option_name] => speed_backups_job_172ff699-2121-49b1-b339-6ad8c79609ce
    [found] => YES
)

[2026-01-15 13:57:45] [22 MB] [chunked_processor] Job retrieved successfully
    DATA: Array
(
    [status] => running
    [type] => backup
)

[2026-01-15 13:57:46] [22 MB] [chunked_processor] get_job called
    DATA: Array
(
    [job_id] => 172ff699-2121-49b1-b339-6ad8c79609ce
)

[2026-01-15 13:57:46] [22 MB] [chunked_processor] Transient lookup result
    DATA: Array
(
    [option_name] => speed_backups_job_172ff699-2121-49b1-b339-6ad8c79609ce
    [found] => YES
)

[2026-01-15 13:57:46] [22 MB] [chunked_processor] Job retrieved successfully
    DATA: Array
(
    [status] => running
    [type] => backup
)

[2026-01-15 13:57:46] [22 MB] [chunked_processor] get_job called
    DATA: Array
(
    [job_id] => 172ff699-2121-49b1-b339-6ad8c79609ce
)

[2026-01-15 13:57:46] [22 MB] [chunked_processor] Transient lookup result
    DATA: Array
(
    [option_name] => speed_backups_job_172ff699-2121-49b1-b339-6ad8c79609ce
    [found] => YES
)

[2026-01-15 13:57:46] [22 MB] [chunked_processor] Job retrieved successfully
    DATA: Array
(
    [status] => running
    [type] => backup
)

[2026-01-15 13:57:46] [22 MB] [chunked_processor] get_job called
    DATA: Array
(
    [job_id] => 172ff699-2121-49b1-b339-6ad8c79609ce
)

[2026-01-15 13:57:46] [22 MB] [chunked_processor] Transient lookup result
    DATA: Array
(
    [option_name] => speed_backups_job_172ff699-2121-49b1-b339-6ad8c79609ce
    [found] => YES
)

[2026-01-15 13:57:46] [22 MB] [chunked_processor] Job retrieved successfully
    DATA: Array
(
    [status] => running
    [type] => backup
)

[2026-01-15 13:57:46] [22 MB] [chunked_processor] save_job called
    DATA: Array
(
    [job_id] => 172ff699-2121-49b1-b339-6ad8c79609ce
    [status] => running
)

[2026-01-15 13:57:46] [22 MB] [chunked_processor] Transient save result
    DATA: Array
(
    [option_name] => speed_backups_job_172ff699-2121-49b1-b339-6ad8c79609ce
    [success] => YES
)

[2026-01-15 13:57:46] [22 MB] [chunked_processor] Option save result
    DATA: Array
(
    [option_name] => speed_backups_job_172ff699-2121-49b1-b339-6ad8c79609ce
    [success] => YES
)

[2026-01-15 13:57:46] [22 MB] [chunked_processor] Save verification
    DATA: Array
(
    [verified] => YES
)

[2026-01-15 13:57:46] [22 MB] [chunked_processor] get_job called
    DATA: Array
(
    [job_id] => 172ff699-2121-49b1-b339-6ad8c79609ce
)

[2026-01-15 13:57:46] [22 MB] [chunked_processor] Transient lookup result
    DATA: Array
(
    [option_name] => speed_backups_job_172ff699-2121-49b1-b339-6ad8c79609ce
    [found] => YES
)

[2026-01-15 13:57:46] [22 MB] [chunked_processor] Job retrieved successfully
    DATA: Array
(
    [status] => running
    [type] => backup
)

[2026-01-15 13:57:46] [22 MB] [chunked_processor] save_job called
    DATA: Array
(
    [job_id] => 172ff699-2121-49b1-b339-6ad8c79609ce
    [status] => running
)

[2026-01-15 13:57:46] [22 MB] [chunked_processor] Transient save result
    DATA: Array
(
    [option_name] => speed_backups_job_172ff699-2121-49b1-b339-6ad8c79609ce
    [success] => YES
)

[2026-01-15 13:57:46] [22 MB] [chunked_processor] Option save result
    DATA: Array
(
    [option_name] => speed_backups_job_172ff699-2121-49b1-b339-6ad8c79609ce
    [success] => YES
)

[2026-01-15 13:57:46] [22 MB] [chunked_processor] Save verification
    DATA: Array
(
    [verified] => YES
)

[2026-01-15 13:57:46] [22 MB] [chunked_processor] get_job called
    DATA: Array
(
    [job_id] => 172ff699-2121-49b1-b339-6ad8c79609ce
)

[2026-01-15 13:57:46] [22 MB] [chunked_processor] Transient lookup result
    DATA: Array
(
    [option_name] => speed_backups_job_172ff699-2121-49b1-b339-6ad8c79609ce
    [found] => YES
)

[2026-01-15 13:57:46] [22 MB] [chunked_processor] Job retrieved successfully
    DATA: Array
(
    [status] => running
    [type] => backup
)

[2026-01-15 13:57:46] [22 MB] [chunked_processor] get_job called
    DATA: Array
(
    [job_id] => 172ff699-2121-49b1-b339-6ad8c79609ce
)

[2026-01-15 13:57:46] [22 MB] [chunked_processor] Transient lookup result
    DATA: Array
(
    [option_name] => speed_backups_job_172ff699-2121-49b1-b339-6ad8c79609ce
    [found] => YES
)

[2026-01-15 13:57:46] [22 MB] [chunked_processor] Job retrieved successfully
    DATA: Array
(
    [status] => running
    [type] => backup
)

[2026-01-15 13:57:46] [22 MB] [chunked_processor] get_job called
    DATA: Array
(
    [job_id] => 172ff699-2121-49b1-b339-6ad8c79609ce
)

[2026-01-15 13:57:46] [22 MB] [chunked_processor] Transient lookup result
    DATA: Array
(
    [option_name] => speed_backups_job_172ff699-2121-49b1-b339-6ad8c79609ce
    [found] => YES
)

[2026-01-15 13:57:46] [22 MB] [chunked_processor] Job retrieved successfully
    DATA: Array
(
    [status] => running
    [type] => backup
)

[2026-01-15 13:57:46] [22 MB] [chunked_processor] get_job called
    DATA: Array
(
    [job_id] => 172ff699-2121-49b1-b339-6ad8c79609ce
)

[2026-01-15 13:57:46] [22 MB] [chunked_processor] Transient lookup result
    DATA: Array
(
    [option_name] => speed_backups_job_172ff699-2121-49b1-b339-6ad8c79609ce
    [found] => YES
)

[2026-01-15 13:57:46] [22 MB] [chunked_processor] Job retrieved successfully
    DATA: Array
(
    [status] => running
    [type] => backup
)

[2026-01-15 13:57:46] [22 MB] [chunked_processor] get_job called
    DATA: Array
(
    [job_id] => 172ff699-2121-49b1-b339-6ad8c79609ce
)

[2026-01-15 13:57:46] [22 MB] [chunked_processor] Transient lookup result
    DATA: Array
(
    [option_name] => speed_backups_job_172ff699-2121-49b1-b339-6ad8c79609ce
    [found] => YES
)

[2026-01-15 13:57:46] [22 MB] [chunked_processor] Job retrieved successfully
    DATA: Array
(
    [status] => running
    [type] => backup
)

[2026-01-15 13:57:46] [22 MB] [chunked_processor] save_job called
    DATA: Array
(
    [job_id] => 172ff699-2121-49b1-b339-6ad8c79609ce
    [status] => running
)

[2026-01-15 13:57:46] [22 MB] [chunked_processor] Transient save result
    DATA: Array
(
    [option_name] => speed_backups_job_172ff699-2121-49b1-b339-6ad8c79609ce
    [success] => YES
)

[2026-01-15 13:57:46] [22 MB] [chunked_processor] Option save result
    DATA: Array
(
    [option_name] => speed_backups_job_172ff699-2121-49b1-b339-6ad8c79609ce
    [success] => YES
)

[2026-01-15 13:57:46] [22 MB] [chunked_processor] Save verification
    DATA: Array
(
    [verified] => YES
)

[2026-01-15 13:57:47] [22 MB] [chunked_processor] get_job called
    DATA: Array
(
    [job_id] => 172ff699-2121-49b1-b339-6ad8c79609ce
)

[2026-01-15 13:57:47] [22 MB] [chunked_processor] Transient lookup result
    DATA: Array
(
    [option_name] => speed_backups_job_172ff699-2121-49b1-b339-6ad8c79609ce
    [found] => YES
)

[2026-01-15 13:57:47] [22 MB] [chunked_processor] Job retrieved successfully
    DATA: Array
(
    [status] => running
    [type] => backup
)

[2026-01-15 13:57:47] [22 MB] [chunked_processor] save_job called
    DATA: Array
(
    [job_id] => 172ff699-2121-49b1-b339-6ad8c79609ce
    [status] => running
)

[2026-01-15 13:57:47] [22 MB] [chunked_processor] Transient save result
    DATA: Array
(
    [option_name] => speed_backups_job_172ff699-2121-49b1-b339-6ad8c79609ce
    [success] => YES
)

[2026-01-15 13:57:47] [22 MB] [chunked_processor] Option save result
    DATA: Array
(
    [option_name] => speed_backups_job_172ff699-2121-49b1-b339-6ad8c79609ce
    [success] => YES
)

[2026-01-15 13:57:47] [22 MB] [chunked_processor] Save verification
    DATA: Array
(
    [verified] => YES
)

[2026-01-15 13:57:47] [22 MB] [chunked_processor] get_job called
    DATA: Array
(
    [job_id] => 172ff699-2121-49b1-b339-6ad8c79609ce
)

[2026-01-15 13:57:47] [22 MB] [chunked_processor] Transient lookup result
    DATA: Array
(
    [option_name] => speed_backups_job_172ff699-2121-49b1-b339-6ad8c79609ce
    [found] => YES
)

[2026-01-15 13:57:47] [22 MB] [chunked_processor] Job retrieved successfully
    DATA: Array
(
    [status] => running
    [type] => backup
)

[2026-01-15 13:57:47] [22 MB] [chunked_processor] get_job called
    DATA: Array
(
    [job_id] => 172ff699-2121-49b1-b339-6ad8c79609ce
)

[2026-01-15 13:57:47] [22 MB] [chunked_processor] Transient lookup result
    DATA: Array
(
    [option_name] => speed_backups_job_172ff699-2121-49b1-b339-6ad8c79609ce
    [found] => YES
)

[2026-01-15 13:57:47] [22 MB] [chunked_processor] Job retrieved successfully
    DATA: Array
(
    [status] => running
    [type] => backup
)

[2026-01-15 13:57:47] [20 MB] [chunked_processor] get_job called
    DATA: Array
(
    [job_id] => 172ff699-2121-49b1-b339-6ad8c79609ce
)

[2026-01-15 13:57:47] [20 MB] [chunked_processor] Transient lookup result
    DATA: Array
(
    [option_name] => speed_backups_job_172ff699-2121-49b1-b339-6ad8c79609ce
    [found] => YES
)

[2026-01-15 13:57:47] [20 MB] [chunked_processor] Job retrieved successfully
    DATA: Array
(
    [status] => running
    [type] => backup
)

[2026-01-15 13:57:47] [20 MB] [chunked_processor] get_job called
    DATA: Array
(
    [job_id] => 172ff699-2121-49b1-b339-6ad8c79609ce
)

[2026-01-15 13:57:47] [20 MB] [chunked_processor] Transient lookup result
    DATA: Array
(
    [option_name] => speed_backups_job_172ff699-2121-49b1-b339-6ad8c79609ce
    [found] => YES
)

[2026-01-15 13:57:47] [20 MB] [chunked_processor] Job retrieved successfully
    DATA: Array
(
    [status] => running
    [type] => backup
)

[2026-01-15 13:57:47] [20 MB] [chunked_processor] get_job called
    DATA: Array
(
    [job_id] => 172ff699-2121-49b1-b339-6ad8c79609ce
)

[2026-01-15 13:57:47] [20 MB] [chunked_processor] Transient lookup result
    DATA: Array
(
    [option_name] => speed_backups_job_172ff699-2121-49b1-b339-6ad8c79609ce
    [found] => YES
)

[2026-01-15 13:57:47] [20 MB] [chunked_processor] Job retrieved successfully
    DATA: Array
(
    [status] => running
    [type] => backup
)

[2026-01-15 13:57:47] [20 MB] [chunked_processor] save_job called
    DATA: Array
(
    [job_id] => 172ff699-2121-49b1-b339-6ad8c79609ce
    [status] => running
)

[2026-01-15 13:57:47] [20 MB] [chunked_processor] Transient save result
    DATA: Array
(
    [option_name] => speed_backups_job_172ff699-2121-49b1-b339-6ad8c79609ce
    [success] => YES
)

[2026-01-15 13:57:47] [20 MB] [chunked_processor] Option save result
    DATA: Array
(
    [option_name] => speed_backups_job_172ff699-2121-49b1-b339-6ad8c79609ce
    [success] => YES
)

[2026-01-15 13:57:47] [20 MB] [chunked_processor] Save verification
    DATA: Array
(
    [verified] => YES
)

[2026-01-15 13:57:47] [22 MB] [chunked_processor] get_job called
    DATA: Array
(
    [job_id] => 172ff699-2121-49b1-b339-6ad8c79609ce
)

[2026-01-15 13:57:47] [22 MB] [chunked_processor] Transient lookup result
    DATA: Array
(
    [option_name] => speed_backups_job_172ff699-2121-49b1-b339-6ad8c79609ce
    [found] => YES
)

[2026-01-15 13:57:47] [22 MB] [chunked_processor] Job retrieved successfully
    DATA: Array
(
    [status] => running
    [type] => backup
)

[2026-01-15 13:57:47] [22 MB] [chunked_processor] save_job called
    DATA: Array
(
    [job_id] => 172ff699-2121-49b1-b339-6ad8c79609ce
    [status] => running
)

[2026-01-15 13:57:47] [22 MB] [chunked_processor] Transient save result
    DATA: Array
(
    [option_name] => speed_backups_job_172ff699-2121-49b1-b339-6ad8c79609ce
    [success] => YES
)

[2026-01-15 13:57:47] [22 MB] [chunked_processor] Option save result
    DATA: Array
(
    [option_name] => speed_backups_job_172ff699-2121-49b1-b339-6ad8c79609ce
    [success] => YES
)

[2026-01-15 13:57:47] [22 MB] [chunked_processor] Save verification
    DATA: Array
(
    [verified] => YES
)

[2026-01-15 13:57:47] [22 MB] [chunked_processor] get_job called
    DATA: Array
(
    [job_id] => 172ff699-2121-49b1-b339-6ad8c79609ce
)

[2026-01-15 13:57:47] [22 MB] [chunked_processor] Transient lookup result
    DATA: Array
(
    [option_name] => speed_backups_job_172ff699-2121-49b1-b339-6ad8c79609ce
    [found] => YES
)

[2026-01-15 13:57:47] [22 MB] [chunked_processor] Job retrieved successfully
    DATA: Array
(
    [status] => running
    [type] => backup
)

[2026-01-15 13:57:47] [22 MB] [chunked_processor] get_job called
    DATA: Array
(
    [job_id] => 172ff699-2121-49b1-b339-6ad8c79609ce
)

[2026-01-15 13:57:47] [22 MB] [chunked_processor] Transient lookup result
    DATA: Array
(
    [option_name] => speed_backups_job_172ff699-2121-49b1-b339-6ad8c79609ce
    [found] => YES
)

[2026-01-15 13:57:47] [22 MB] [chunked_processor] Job retrieved successfully
    DATA: Array
(
    [status] => running
    [type] => backup
)

[2026-01-15 13:57:48] [22 MB] [chunked_processor] get_job called
    DATA: Array
(
    [job_id] => 172ff699-2121-49b1-b339-6ad8c79609ce
)

[2026-01-15 13:57:48] [22 MB] [chunked_processor] Transient lookup result
    DATA: Array
(
    [option_name] => speed_backups_job_172ff699-2121-49b1-b339-6ad8c79609ce
    [found] => YES
)

[2026-01-15 13:57:48] [22 MB] [chunked_processor] Job retrieved successfully
    DATA: Array
(
    [status] => running
    [type] => backup
)

[2026-01-15 13:57:48] [22 MB] [chunked_processor] get_job called
    DATA: Array
(
    [job_id] => 172ff699-2121-49b1-b339-6ad8c79609ce
)

[2026-01-15 13:57:48] [22 MB] [chunked_processor] Transient lookup result
    DATA: Array
(
    [option_name] => speed_backups_job_172ff699-2121-49b1-b339-6ad8c79609ce
    [found] => YES
)

[2026-01-15 13:57:48] [22 MB] [chunked_processor] Job retrieved successfully
    DATA: Array
(
    [status] => running
    [type] => backup
)

[2026-01-15 13:57:48] [22 MB] [chunked_processor] get_job called
    DATA: Array
(
    [job_id] => 172ff699-2121-49b1-b339-6ad8c79609ce
)

[2026-01-15 13:57:48] [22 MB] [chunked_processor] Transient lookup result
    DATA: Array
(
    [option_name] => speed_backups_job_172ff699-2121-49b1-b339-6ad8c79609ce
    [found] => YES
)

[2026-01-15 13:57:48] [22 MB] [chunked_processor] Job retrieved successfully
    DATA: Array
(
    [status] => running
    [type] => backup
)

[2026-01-15 13:57:48] [22 MB] [chunked_processor] save_job called
    DATA: Array
(
    [job_id] => 172ff699-2121-49b1-b339-6ad8c79609ce
    [status] => running
)

[2026-01-15 13:57:48] [22 MB] [chunked_processor] Transient save result
    DATA: Array
(
    [option_name] => speed_backups_job_172ff699-2121-49b1-b339-6ad8c79609ce
    [success] => YES
)

[2026-01-15 13:57:48] [22 MB] [chunked_processor] Option save result
    DATA: Array
(
    [option_name] => speed_backups_job_172ff699-2121-49b1-b339-6ad8c79609ce
    [success] => YES
)

[2026-01-15 13:57:48] [22 MB] [chunked_processor] Save verification
    DATA: Array
(
    [verified] => YES
)

[2026-01-15 13:57:48] [22 MB] [chunked_processor] get_job called
    DATA: Array
(
    [job_id] => 172ff699-2121-49b1-b339-6ad8c79609ce
)

[2026-01-15 13:57:48] [22 MB] [chunked_processor] Transient lookup result
    DATA: Array
(
    [option_name] => speed_backups_job_172ff699-2121-49b1-b339-6ad8c79609ce
    [found] => YES
)

[2026-01-15 13:57:48] [22 MB] [chunked_processor] Job retrieved successfully
    DATA: Array
(
    [status] => running
    [type] => backup
)

[2026-01-15 13:57:48] [22 MB] [chunked_processor] save_job called
    DATA: Array
(
    [job_id] => 172ff699-2121-49b1-b339-6ad8c79609ce
    [status] => running
)

[2026-01-15 13:57:48] [22 MB] [chunked_processor] Transient save result
    DATA: Array
(
    [option_name] => speed_backups_job_172ff699-2121-49b1-b339-6ad8c79609ce
    [success] => YES
)

[2026-01-15 13:57:48] [22 MB] [chunked_processor] Option save result
    DATA: Array
(
    [option_name] => speed_backups_job_172ff699-2121-49b1-b339-6ad8c79609ce
    [success] => YES
)

[2026-01-15 13:57:48] [22 MB] [chunked_processor] Save verification
    DATA: Array
(
    [verified] => YES
)

[2026-01-15 13:57:48] [22 MB] [chunked_processor] get_job called
    DATA: Array
(
    [job_id] => 172ff699-2121-49b1-b339-6ad8c79609ce
)

[2026-01-15 13:57:48] [22 MB] [chunked_processor] Transient lookup result
    DATA: Array
(
    [option_name] => speed_backups_job_172ff699-2121-49b1-b339-6ad8c79609ce
    [found] => YES
)

[2026-01-15 13:57:48] [22 MB] [chunked_processor] Job retrieved successfully
    DATA: Array
(
    [status] => running
    [type] => backup
)

[2026-01-15 13:57:48] [22 MB] [chunked_processor] get_job called
    DATA: Array
(
    [job_id] => 172ff699-2121-49b1-b339-6ad8c79609ce
)

[2026-01-15 13:57:48] [22 MB] [chunked_processor] Transient lookup result
    DATA: Array
(
    [option_name] => speed_backups_job_172ff699-2121-49b1-b339-6ad8c79609ce
    [found] => YES
)

[2026-01-15 13:57:48] [22 MB] [chunked_processor] Job retrieved successfully
    DATA: Array
(
    [status] => running
    [type] => backup
)

[2026-01-15 13:57:48] [22 MB] [chunked_processor] get_job called
    DATA: Array
(
    [job_id] => 172ff699-2121-49b1-b339-6ad8c79609ce
)

[2026-01-15 13:57:48] [22 MB] [chunked_processor] Transient lookup result
    DATA: Array
(
    [option_name] => speed_backups_job_172ff699-2121-49b1-b339-6ad8c79609ce
    [found] => YES
)

[2026-01-15 13:57:48] [22 MB] [chunked_processor] Job retrieved successfully
    DATA: Array
(
    [status] => running
    [type] => backup
)

[2026-01-15 13:57:48] [22 MB] [chunked_processor] get_job called
    DATA: Array
(
    [job_id] => 172ff699-2121-49b1-b339-6ad8c79609ce
)

[2026-01-15 13:57:48] [22 MB] [chunked_processor] Transient lookup result
    DATA: Array
(
    [option_name] => speed_backups_job_172ff699-2121-49b1-b339-6ad8c79609ce
    [found] => YES
)

[2026-01-15 13:57:48] [22 MB] [chunked_processor] Job retrieved successfully
    DATA: Array
(
    [status] => running
    [type] => backup
)

[2026-01-15 13:57:48] [22 MB] [chunked_processor] get_job called
    DATA: Array
(
    [job_id] => 172ff699-2121-49b1-b339-6ad8c79609ce
)

[2026-01-15 13:57:48] [22 MB] [chunked_processor] Transient lookup result
    DATA: Array
(
    [option_name] => speed_backups_job_172ff699-2121-49b1-b339-6ad8c79609ce
    [found] => YES
)

[2026-01-15 13:57:48] [22 MB] [chunked_processor] Job retrieved successfully
    DATA: Array
(
    [status] => running
    [type] => backup
)

[2026-01-15 13:57:48] [22 MB] [chunked_processor] save_job called
    DATA: Array
(
    [job_id] => 172ff699-2121-49b1-b339-6ad8c79609ce
    [status] => running
)

[2026-01-15 13:57:48] [22 MB] [chunked_processor] Transient save result
    DATA: Array
(
    [option_name] => speed_backups_job_172ff699-2121-49b1-b339-6ad8c79609ce
    [success] => YES
)

[2026-01-15 13:57:48] [22 MB] [chunked_processor] Option save result
    DATA: Array
(
    [option_name] => speed_backups_job_172ff699-2121-49b1-b339-6ad8c79609ce
    [success] => YES
)

[2026-01-15 13:57:48] [22 MB] [chunked_processor] Save verification
    DATA: Array
(
    [verified] => YES
)

[2026-01-15 13:57:48] [22 MB] [chunked_processor] get_job called
    DATA: Array
(
    [job_id] => 172ff699-2121-49b1-b339-6ad8c79609ce
)

[2026-01-15 13:57:48] [22 MB] [chunked_processor] Transient lookup result
    DATA: Array
(
    [option_name] => speed_backups_job_172ff699-2121-49b1-b339-6ad8c79609ce
    [found] => YES
)

[2026-01-15 13:57:48] [22 MB] [chunked_processor] Job retrieved successfully
    DATA: Array
(
    [status] => running
    [type] => backup
)

[2026-01-15 13:57:48] [22 MB] [chunked_processor] save_job called
    DATA: Array
(
    [job_id] => 172ff699-2121-49b1-b339-6ad8c79609ce
    [status] => running
)

[2026-01-15 13:57:48] [22 MB] [chunked_processor] Transient save result
    DATA: Array
(
    [option_name] => speed_backups_job_172ff699-2121-49b1-b339-6ad8c79609ce
    [success] => YES
)

[2026-01-15 13:57:48] [22 MB] [chunked_processor] Option save result
    DATA: Array
(
    [option_name] => speed_backups_job_172ff699-2121-49b1-b339-6ad8c79609ce
    [success] => YES
)

[2026-01-15 13:57:48] [22 MB] [chunked_processor] Save verification
    DATA: Array
(
    [verified] => YES
)

[2026-01-15 13:57:48] [22 MB] [chunked_processor] get_job called
    DATA: Array
(
    [job_id] => 172ff699-2121-49b1-b339-6ad8c79609ce
)

[2026-01-15 13:57:48] [22 MB] [chunked_processor] Transient lookup result
    DATA: Array
(
    [option_name] => speed_backups_job_172ff699-2121-49b1-b339-6ad8c79609ce
    [found] => YES
)

[2026-01-15 13:57:48] [22 MB] [chunked_processor] Job retrieved successfully
    DATA: Array
(
    [status] => running
    [type] => backup
)

[2026-01-15 13:57:48] [22 MB] [chunked_processor] get_job called
    DATA: Array
(
    [job_id] => 172ff699-2121-49b1-b339-6ad8c79609ce
)

[2026-01-15 13:57:48] [22 MB] [chunked_processor] Transient lookup result
    DATA: Array
(
    [option_name] => speed_backups_job_172ff699-2121-49b1-b339-6ad8c79609ce
    [found] => YES
)

[2026-01-15 13:57:48] [22 MB] [chunked_processor] Job retrieved successfully
    DATA: Array
(
    [status] => running
    [type] => backup
)

[2026-01-15 13:57:49] [20 MB] [chunked_processor] get_job called
    DATA: Array
(
    [job_id] => 172ff699-2121-49b1-b339-6ad8c79609ce
)

[2026-01-15 13:57:49] [20 MB] [chunked_processor] Transient lookup result
    DATA: Array
(
    [option_name] => speed_backups_job_172ff699-2121-49b1-b339-6ad8c79609ce
    [found] => YES
)

[2026-01-15 13:57:49] [20 MB] [chunked_processor] Job retrieved successfully
    DATA: Array
(
    [status] => running
    [type] => backup
)

[2026-01-15 13:57:49] [20 MB] [chunked_processor] get_job called
    DATA: Array
(
    [job_id] => 172ff699-2121-49b1-b339-6ad8c79609ce
)

[2026-01-15 13:57:49] [20 MB] [chunked_processor] Transient lookup result
    DATA: Array
(
    [option_name] => speed_backups_job_172ff699-2121-49b1-b339-6ad8c79609ce
    [found] => YES
)

[2026-01-15 13:57:49] [20 MB] [chunked_processor] Job retrieved successfully
    DATA: Array
(
    [status] => running
    [type] => backup
)

[2026-01-15 13:57:49] [20 MB] [chunked_processor] get_job called
    DATA: Array
(
    [job_id] => 172ff699-2121-49b1-b339-6ad8c79609ce
)

[2026-01-15 13:57:49] [20 MB] [chunked_processor] Transient lookup result
    DATA: Array
(
    [option_name] => speed_backups_job_172ff699-2121-49b1-b339-6ad8c79609ce
    [found] => YES
)

[2026-01-15 13:57:49] [20 MB] [chunked_processor] Job retrieved successfully
    DATA: Array
(
    [status] => running
    [type] => backup
)

[2026-01-15 13:57:49] [20 MB] [chunked_processor] save_job called
    DATA: Array
(
    [job_id] => 172ff699-2121-49b1-b339-6ad8c79609ce
    [status] => running
)

[2026-01-15 13:57:49] [20 MB] [chunked_processor] Transient save result
    DATA: Array
(
    [option_name] => speed_backups_job_172ff699-2121-49b1-b339-6ad8c79609ce
    [success] => YES
)

[2026-01-15 13:57:49] [20 MB] [chunked_processor] Option save result
    DATA: Array
(
    [option_name] => speed_backups_job_172ff699-2121-49b1-b339-6ad8c79609ce
    [success] => YES
)

[2026-01-15 13:57:49] [20 MB] [chunked_processor] Save verification
    DATA: Array
(
    [verified] => YES
)

[2026-01-15 13:57:49] [22 MB] [chunked_processor] get_job called
    DATA: Array
(
    [job_id] => 172ff699-2121-49b1-b339-6ad8c79609ce
)

[2026-01-15 13:57:49] [22 MB] [chunked_processor] Transient lookup result
    DATA: Array
(
    [option_name] => speed_backups_job_172ff699-2121-49b1-b339-6ad8c79609ce
    [found] => YES
)

[2026-01-15 13:57:49] [22 MB] [chunked_processor] Job retrieved successfully
    DATA: Array
(
    [status] => running
    [type] => backup
)

[2026-01-15 13:57:49] [22 MB] [chunked_processor] save_job called
    DATA: Array
(
    [job_id] => 172ff699-2121-49b1-b339-6ad8c79609ce
    [status] => running
)

[2026-01-15 13:57:49] [22 MB] [chunked_processor] Transient save result
    DATA: Array
(
    [option_name] => speed_backups_job_172ff699-2121-49b1-b339-6ad8c79609ce
    [success] => YES
)

[2026-01-15 13:57:49] [22 MB] [chunked_processor] Option save result
    DATA: Array
(
    [option_name] => speed_backups_job_172ff699-2121-49b1-b339-6ad8c79609ce
    [success] => YES
)

[2026-01-15 13:57:49] [22 MB] [chunked_processor] Save verification
    DATA: Array
(
    [verified] => YES
)

[2026-01-15 13:57:49] [22 MB] [chunked_processor] get_job called
    DATA: Array
(
    [job_id] => 172ff699-2121-49b1-b339-6ad8c79609ce
)

[2026-01-15 13:57:49] [22 MB] [chunked_processor] Transient lookup result
    DATA: Array
(
    [option_name] => speed_backups_job_172ff699-2121-49b1-b339-6ad8c79609ce
    [found] => YES
)

[2026-01-15 13:57:49] [22 MB] [chunked_processor] Job retrieved successfully
    DATA: Array
(
    [status] => running
    [type] => backup
)

[2026-01-15 13:57:49] [22 MB] [chunked_processor] get_job called
    DATA: Array
(
    [job_id] => 172ff699-2121-49b1-b339-6ad8c79609ce
)

[2026-01-15 13:57:49] [22 MB] [chunked_processor] Transient lookup result
    DATA: Array
(
    [option_name] => speed_backups_job_172ff699-2121-49b1-b339-6ad8c79609ce
    [found] => YES
)

[2026-01-15 13:57:49] [22 MB] [chunked_processor] Job retrieved successfully
    DATA: Array
(
    [status] => running
    [type] => backup
)

[2026-01-15 13:57:49] [22 MB] [chunked_processor] get_job called
    DATA: Array
(
    [job_id] => 172ff699-2121-49b1-b339-6ad8c79609ce
)

[2026-01-15 13:57:49] [22 MB] [chunked_processor] Transient lookup result
    DATA: Array
(
    [option_name] => speed_backups_job_172ff699-2121-49b1-b339-6ad8c79609ce
    [found] => YES
)

[2026-01-15 13:57:49] [22 MB] [chunked_processor] Job retrieved successfully
    DATA: Array
(
    [status] => running
    [type] => backup
)

[2026-01-15 13:57:49] [22 MB] [chunked_processor] get_job called
    DATA: Array
(
    [job_id] => 172ff699-2121-49b1-b339-6ad8c79609ce
)

[2026-01-15 13:57:49] [22 MB] [chunked_processor] Transient lookup result
    DATA: Array
(
    [option_name] => speed_backups_job_172ff699-2121-49b1-b339-6ad8c79609ce
    [found] => YES
)

[2026-01-15 13:57:49] [22 MB] [chunked_processor] Job retrieved successfully
    DATA: Array
(
    [status] => running
    [type] => backup
)

[2026-01-15 13:57:49] [22 MB] [chunked_processor] get_job called
    DATA: Array
(
    [job_id] => 172ff699-2121-49b1-b339-6ad8c79609ce
)

[2026-01-15 13:57:49] [22 MB] [chunked_processor] Transient lookup result
    DATA: Array
(
    [option_name] => speed_backups_job_172ff699-2121-49b1-b339-6ad8c79609ce
    [found] => YES
)

[2026-01-15 13:57:49] [22 MB] [chunked_processor] Job retrieved successfully
    DATA: Array
(
    [status] => running
    [type] => backup
)

[2026-01-15 13:57:49] [22 MB] [chunked_processor] save_job called
    DATA: Array
(
    [job_id] => 172ff699-2121-49b1-b339-6ad8c79609ce
    [status] => running
)

[2026-01-15 13:57:49] [22 MB] [chunked_processor] Transient save result
    DATA: Array
(
    [option_name] => speed_backups_job_172ff699-2121-49b1-b339-6ad8c79609ce
    [success] => YES
)

[2026-01-15 13:57:49] [22 MB] [chunked_processor] Option save result
    DATA: Array
(
    [option_name] => speed_backups_job_172ff699-2121-49b1-b339-6ad8c79609ce
    [success] => YES
)

[2026-01-15 13:57:49] [22 MB] [chunked_processor] Save verification
    DATA: Array
(
    [verified] => YES
)

[2026-01-15 13:57:50] [22 MB] [chunked_processor] get_job called
    DATA: Array
(
    [job_id] => 172ff699-2121-49b1-b339-6ad8c79609ce
)

[2026-01-15 13:57:50] [22 MB] [chunked_processor] Transient lookup result
    DATA: Array
(
    [option_name] => speed_backups_job_172ff699-2121-49b1-b339-6ad8c79609ce
    [found] => YES
)

[2026-01-15 13:57:50] [22 MB] [chunked_processor] Job retrieved successfully
    DATA: Array
(
    [status] => running
    [type] => backup
)

[2026-01-15 13:57:50] [22 MB] [chunked_processor] save_job called
    DATA: Array
(
    [job_id] => 172ff699-2121-49b1-b339-6ad8c79609ce
    [status] => running
)

[2026-01-15 13:57:50] [22 MB] [chunked_processor] Transient save result
    DATA: Array
(
    [option_name] => speed_backups_job_172ff699-2121-49b1-b339-6ad8c79609ce
    [success] => YES
)

[2026-01-15 13:57:50] [22 MB] [chunked_processor] Option save result
    DATA: Array
(
    [option_name] => speed_backups_job_172ff699-2121-49b1-b339-6ad8c79609ce
    [success] => YES
)

[2026-01-15 13:57:50] [22 MB] [chunked_processor] Save verification
    DATA: Array
(
    [verified] => YES
)

[2026-01-15 13:57:50] [22 MB] [chunked_processor] get_job called
    DATA: Array
(
    [job_id] => 172ff699-2121-49b1-b339-6ad8c79609ce
)

[2026-01-15 13:57:50] [22 MB] [chunked_processor] Transient lookup result
    DATA: Array
(
    [option_name] => speed_backups_job_172ff699-2121-49b1-b339-6ad8c79609ce
    [found] => YES
)

[2026-01-15 13:57:50] [22 MB] [chunked_processor] Job retrieved successfully
    DATA: Array
(
    [status] => running
    [type] => backup
)

[2026-01-15 13:57:50] [22 MB] [chunked_processor] get_job called
    DATA: Array
(
    [job_id] => 172ff699-2121-49b1-b339-6ad8c79609ce
)

[2026-01-15 13:57:50] [22 MB] [chunked_processor] Transient lookup result
    DATA: Array
(
    [option_name] => speed_backups_job_172ff699-2121-49b1-b339-6ad8c79609ce
    [found] => YES
)

[2026-01-15 13:57:50] [22 MB] [chunked_processor] Job retrieved successfully
    DATA: Array
(
    [status] => running
    [type] => backup
)

[2026-01-15 13:57:50] [22 MB] [chunked_processor] get_job called
    DATA: Array
(
    [job_id] => 172ff699-2121-49b1-b339-6ad8c79609ce
)

[2026-01-15 13:57:50] [22 MB] [chunked_processor] Transient lookup result
    DATA: Array
(
    [option_name] => speed_backups_job_172ff699-2121-49b1-b339-6ad8c79609ce
    [found] => YES
)

[2026-01-15 13:57:50] [22 MB] [chunked_processor] Job retrieved successfully
    DATA: Array
(
    [status] => running
    [type] => backup
)

[2026-01-15 13:57:50] [22 MB] [chunked_processor] get_job called
    DATA: Array
(
    [job_id] => 172ff699-2121-49b1-b339-6ad8c79609ce
)

[2026-01-15 13:57:50] [22 MB] [chunked_processor] Transient lookup result
    DATA: Array
(
    [option_name] => speed_backups_job_172ff699-2121-49b1-b339-6ad8c79609ce
    [found] => YES
)

[2026-01-15 13:57:50] [22 MB] [chunked_processor] Job retrieved successfully
    DATA: Array
(
    [status] => running
    [type] => backup
)

[2026-01-15 13:57:50] [22 MB] [chunked_processor] get_job called
    DATA: Array
(
    [job_id] => 172ff699-2121-49b1-b339-6ad8c79609ce
)

[2026-01-15 13:57:50] [22 MB] [chunked_processor] Transient lookup result
    DATA: Array
(
    [option_name] => speed_backups_job_172ff699-2121-49b1-b339-6ad8c79609ce
    [found] => YES
)

[2026-01-15 13:57:50] [22 MB] [chunked_processor] Job retrieved successfully
    DATA: Array
(
    [status] => running
    [type] => backup
)

[2026-01-15 13:57:50] [22 MB] [chunked_processor] save_job called
    DATA: Array
(
    [job_id] => 172ff699-2121-49b1-b339-6ad8c79609ce
    [status] => running
)

[2026-01-15 13:57:50] [22 MB] [chunked_processor] Transient save result
    DATA: Array
(
    [option_name] => speed_backups_job_172ff699-2121-49b1-b339-6ad8c79609ce
    [success] => YES
)

[2026-01-15 13:57:50] [22 MB] [chunked_processor] Option save result
    DATA: Array
(
    [option_name] => speed_backups_job_172ff699-2121-49b1-b339-6ad8c79609ce
    [success] => YES
)

[2026-01-15 13:57:50] [22 MB] [chunked_processor] Save verification
    DATA: Array
(
    [verified] => YES
)

[2026-01-15 13:57:50] [22 MB] [chunked_processor] get_job called
    DATA: Array
(
    [job_id] => 172ff699-2121-49b1-b339-6ad8c79609ce
)

[2026-01-15 13:57:50] [22 MB] [chunked_processor] Transient lookup result
    DATA: Array
(
    [option_name] => speed_backups_job_172ff699-2121-49b1-b339-6ad8c79609ce
    [found] => YES
)

[2026-01-15 13:57:50] [22 MB] [chunked_processor] Job retrieved successfully
    DATA: Array
(
    [status] => running
    [type] => backup
)

[2026-01-15 13:57:50] [22 MB] [chunked_processor] save_job called
    DATA: Array
(
    [job_id] => 172ff699-2121-49b1-b339-6ad8c79609ce
    [status] => running
)

[2026-01-15 13:57:50] [22 MB] [chunked_processor] Transient save result
    DATA: Array
(
    [option_name] => speed_backups_job_172ff699-2121-49b1-b339-6ad8c79609ce
    [success] => YES
)

[2026-01-15 13:57:50] [22 MB] [chunked_processor] Option save result
    DATA: Array
(
    [option_name] => speed_backups_job_172ff699-2121-49b1-b339-6ad8c79609ce
    [success] => YES
)

[2026-01-15 13:57:50] [22 MB] [chunked_processor] Save verification
    DATA: Array
(
    [verified] => YES
)

[2026-01-15 13:57:50] [22 MB] [chunked_processor] get_job called
    DATA: Array
(
    [job_id] => 172ff699-2121-49b1-b339-6ad8c79609ce
)

[2026-01-15 13:57:50] [22 MB] [chunked_processor] Transient lookup result
    DATA: Array
(
    [option_name] => speed_backups_job_172ff699-2121-49b1-b339-6ad8c79609ce
    [found] => YES
)

[2026-01-15 13:57:50] [22 MB] [chunked_processor] Job retrieved successfully
    DATA: Array
(
    [status] => running
    [type] => backup
)

[2026-01-15 13:57:50] [22 MB] [chunked_processor] get_job called
    DATA: Array
(
    [job_id] => 172ff699-2121-49b1-b339-6ad8c79609ce
)

[2026-01-15 13:57:50] [22 MB] [chunked_processor] Transient lookup result
    DATA: Array
(
    [option_name] => speed_backups_job_172ff699-2121-49b1-b339-6ad8c79609ce
    [found] => YES
)

[2026-01-15 13:57:50] [22 MB] [chunked_processor] Job retrieved successfully
    DATA: Array
(
    [status] => running
    [type] => backup
)

[2026-01-15 13:57:51] [20 MB] [chunked_processor] get_job called
    DATA: Array
(
    [job_id] => 172ff699-2121-49b1-b339-6ad8c79609ce
)

[2026-01-15 13:57:51] [20 MB] [chunked_processor] Transient lookup result
    DATA: Array
(
    [option_name] => speed_backups_job_172ff699-2121-49b1-b339-6ad8c79609ce
    [found] => YES
)

[2026-01-15 13:57:51] [20 MB] [chunked_processor] Job retrieved successfully
    DATA: Array
(
    [status] => running
    [type] => backup
)

[2026-01-15 13:57:51] [20 MB] [chunked_processor] get_job called
    DATA: Array
(
    [job_id] => 172ff699-2121-49b1-b339-6ad8c79609ce
)

[2026-01-15 13:57:51] [20 MB] [chunked_processor] Transient lookup result
    DATA: Array
(
    [option_name] => speed_backups_job_172ff699-2121-49b1-b339-6ad8c79609ce
    [found] => YES
)

[2026-01-15 13:57:51] [20 MB] [chunked_processor] Job retrieved successfully
    DATA: Array
(
    [status] => running
    [type] => backup
)

[2026-01-15 13:57:51] [20 MB] [chunked_processor] get_job called
    DATA: Array
(
    [job_id] => 172ff699-2121-49b1-b339-6ad8c79609ce
)

[2026-01-15 13:57:51] [20 MB] [chunked_processor] Transient lookup result
    DATA: Array
(
    [option_name] => speed_backups_job_172ff699-2121-49b1-b339-6ad8c79609ce
    [found] => YES
)

[2026-01-15 13:57:51] [20 MB] [chunked_processor] Job retrieved successfully
    DATA: Array
(
    [status] => running
    [type] => backup
)

[2026-01-15 13:57:51] [20 MB] [chunked_processor] save_job called
    DATA: Array
(
    [job_id] => 172ff699-2121-49b1-b339-6ad8c79609ce
    [status] => running
)

[2026-01-15 13:57:51] [20 MB] [chunked_processor] Transient save result
    DATA: Array
(
    [option_name] => speed_backups_job_172ff699-2121-49b1-b339-6ad8c79609ce
    [success] => YES
)

[2026-01-15 13:57:51] [20 MB] [chunked_processor] Option save result
    DATA: Array
(
    [option_name] => speed_backups_job_172ff699-2121-49b1-b339-6ad8c79609ce
    [success] => YES
)

[2026-01-15 13:57:51] [20 MB] [chunked_processor] Save verification
    DATA: Array
(
    [verified] => YES
)

[2026-01-15 13:57:51] [22 MB] [chunked_processor] get_job called
    DATA: Array
(
    [job_id] => 172ff699-2121-49b1-b339-6ad8c79609ce
)

[2026-01-15 13:57:51] [22 MB] [chunked_processor] Transient lookup result
    DATA: Array
(
    [option_name] => speed_backups_job_172ff699-2121-49b1-b339-6ad8c79609ce
    [found] => YES
)

[2026-01-15 13:57:51] [22 MB] [chunked_processor] Job retrieved successfully
    DATA: Array
(
    [status] => running
    [type] => backup
)

[2026-01-15 13:57:51] [22 MB] [chunked_processor] save_job called
    DATA: Array
(
    [job_id] => 172ff699-2121-49b1-b339-6ad8c79609ce
    [status] => running
)

[2026-01-15 13:57:51] [22 MB] [chunked_processor] Transient save result
    DATA: Array
(
    [option_name] => speed_backups_job_172ff699-2121-49b1-b339-6ad8c79609ce
    [success] => YES
)

[2026-01-15 13:57:51] [22 MB] [chunked_processor] Option save result
    DATA: Array
(
    [option_name] => speed_backups_job_172ff699-2121-49b1-b339-6ad8c79609ce
    [success] => YES
)

[2026-01-15 13:57:51] [22 MB] [chunked_processor] Save verification
    DATA: Array
(
    [verified] => YES
)

[2026-01-15 13:57:51] [22 MB] [chunked_processor] get_job called
    DATA: Array
(
    [job_id] => 172ff699-2121-49b1-b339-6ad8c79609ce
)

[2026-01-15 13:57:51] [22 MB] [chunked_processor] Transient lookup result
    DATA: Array
(
    [option_name] => speed_backups_job_172ff699-2121-49b1-b339-6ad8c79609ce
    [found] => YES
)

[2026-01-15 13:57:51] [22 MB] [chunked_processor] Job retrieved successfully
    DATA: Array
(
    [status] => running
    [type] => backup
)

[2026-01-15 13:57:51] [22 MB] [chunked_processor] get_job called
    DATA: Array
(
    [job_id] => 172ff699-2121-49b1-b339-6ad8c79609ce
)

[2026-01-15 13:57:51] [22 MB] [chunked_processor] Transient lookup result
    DATA: Array
(
    [option_name] => speed_backups_job_172ff699-2121-49b1-b339-6ad8c79609ce
    [found] => YES
)

[2026-01-15 13:57:51] [22 MB] [chunked_processor] Job retrieved successfully
    DATA: Array
(
    [status] => running
    [type] => backup
)

[2026-01-15 13:57:51] [22 MB] [chunked_processor] get_job called
    DATA: Array
(
    [job_id] => 172ff699-2121-49b1-b339-6ad8c79609ce
)

[2026-01-15 13:57:51] [22 MB] [chunked_processor] Transient lookup result
    DATA: Array
(
    [option_name] => speed_backups_job_172ff699-2121-49b1-b339-6ad8c79609ce
    [found] => YES
)

[2026-01-15 13:57:51] [22 MB] [chunked_processor] Job retrieved successfully
    DATA: Array
(
    [status] => running
    [type] => backup
)

[2026-01-15 13:57:51] [22 MB] [chunked_processor] get_job called
    DATA: Array
(
    [job_id] => 172ff699-2121-49b1-b339-6ad8c79609ce
)

[2026-01-15 13:57:51] [22 MB] [chunked_processor] Transient lookup result
    DATA: Array
(
    [option_name] => speed_backups_job_172ff699-2121-49b1-b339-6ad8c79609ce
    [found] => YES
)

[2026-01-15 13:57:51] [22 MB] [chunked_processor] Job retrieved successfully
    DATA: Array
(
    [status] => running
    [type] => backup
)

[2026-01-15 13:57:51] [22 MB] [chunked_processor] get_job called
    DATA: Array
(
    [job_id] => 172ff699-2121-49b1-b339-6ad8c79609ce
)

[2026-01-15 13:57:51] [22 MB] [chunked_processor] Transient lookup result
    DATA: Array
(
    [option_name] => speed_backups_job_172ff699-2121-49b1-b339-6ad8c79609ce
    [found] => YES
)

[2026-01-15 13:57:51] [22 MB] [chunked_processor] Job retrieved successfully
    DATA: Array
(
    [status] => running
    [type] => backup
)

[2026-01-15 13:57:51] [22 MB] [chunked_processor] save_job called
    DATA: Array
(
    [job_id] => 172ff699-2121-49b1-b339-6ad8c79609ce
    [status] => running
)

[2026-01-15 13:57:51] [22 MB] [chunked_processor] Transient save result
    DATA: Array
(
    [option_name] => speed_backups_job_172ff699-2121-49b1-b339-6ad8c79609ce
    [success] => YES
)

[2026-01-15 13:57:51] [22 MB] [chunked_processor] Option save result
    DATA: Array
(
    [option_name] => speed_backups_job_172ff699-2121-49b1-b339-6ad8c79609ce
    [success] => YES
)

[2026-01-15 13:57:51] [22 MB] [chunked_processor] Save verification
    DATA: Array
(
    [verified] => YES
)

[2026-01-15 13:57:52] [22 MB] [chunked_processor] get_job called
    DATA: Array
(
    [job_id] => 172ff699-2121-49b1-b339-6ad8c79609ce
)

[2026-01-15 13:57:52] [22 MB] [chunked_processor] Transient lookup result
    DATA: Array
(
    [option_name] => speed_backups_job_172ff699-2121-49b1-b339-6ad8c79609ce
    [found] => YES
)

[2026-01-15 13:57:52] [22 MB] [chunked_processor] Job retrieved successfully
    DATA: Array
(
    [status] => running
    [type] => backup
)

[2026-01-15 13:57:52] [22 MB] [chunked_processor] save_job called
    DATA: Array
(
    [job_id] => 172ff699-2121-49b1-b339-6ad8c79609ce
    [status] => running
)

[2026-01-15 13:57:52] [22 MB] [chunked_processor] Transient save result
    DATA: Array
(
    [option_name] => speed_backups_job_172ff699-2121-49b1-b339-6ad8c79609ce
    [success] => YES
)

[2026-01-15 13:57:52] [22 MB] [chunked_processor] Option save result
    DATA: Array
(
    [option_name] => speed_backups_job_172ff699-2121-49b1-b339-6ad8c79609ce
    [success] => YES
)

[2026-01-15 13:57:52] [22 MB] [chunked_processor] Save verification
    DATA: Array
(
    [verified] => YES
)

[2026-01-15 13:57:52] [22 MB] [chunked_processor] get_job called
    DATA: Array
(
    [job_id] => 172ff699-2121-49b1-b339-6ad8c79609ce
)

[2026-01-15 13:57:52] [22 MB] [chunked_processor] Transient lookup result
    DATA: Array
(
    [option_name] => speed_backups_job_172ff699-2121-49b1-b339-6ad8c79609ce
    [found] => YES
)

[2026-01-15 13:57:52] [22 MB] [chunked_processor] Job retrieved successfully
    DATA: Array
(
    [status] => running
    [type] => backup
)

[2026-01-15 13:57:52] [22 MB] [chunked_processor] get_job called
    DATA: Array
(
    [job_id] => 172ff699-2121-49b1-b339-6ad8c79609ce
)

[2026-01-15 13:57:52] [22 MB] [chunked_processor] Transient lookup result
    DATA: Array
(
    [option_name] => speed_backups_job_172ff699-2121-49b1-b339-6ad8c79609ce
    [found] => YES
)

[2026-01-15 13:57:52] [22 MB] [chunked_processor] Job retrieved successfully
    DATA: Array
(
    [status] => running
    [type] => backup
)

[2026-01-15 13:57:52] [22 MB] [chunked_processor] get_job called
    DATA: Array
(
    [job_id] => 172ff699-2121-49b1-b339-6ad8c79609ce
)

[2026-01-15 13:57:52] [22 MB] [chunked_processor] Transient lookup result
    DATA: Array
(
    [option_name] => speed_backups_job_172ff699-2121-49b1-b339-6ad8c79609ce
    [found] => YES
)

[2026-01-15 13:57:52] [22 MB] [chunked_processor] Job retrieved successfully
    DATA: Array
(
    [status] => running
    [type] => backup
)

[2026-01-15 13:57:52] [22 MB] [chunked_processor] get_job called
    DATA: Array
(
    [job_id] => 172ff699-2121-49b1-b339-6ad8c79609ce
)

[2026-01-15 13:57:52] [22 MB] [chunked_processor] Transient lookup result
    DATA: Array
(
    [option_name] => speed_backups_job_172ff699-2121-49b1-b339-6ad8c79609ce
    [found] => YES
)

[2026-01-15 13:57:52] [22 MB] [chunked_processor] Job retrieved successfully
    DATA: Array
(
    [status] => running
    [type] => backup
)

[2026-01-15 13:57:52] [22 MB] [chunked_processor] get_job called
    DATA: Array
(
    [job_id] => 172ff699-2121-49b1-b339-6ad8c79609ce
)

[2026-01-15 13:57:52] [22 MB] [chunked_processor] Transient lookup result
    DATA: Array
(
    [option_name] => speed_backups_job_172ff699-2121-49b1-b339-6ad8c79609ce
    [found] => YES
)

[2026-01-15 13:57:52] [22 MB] [chunked_processor] Job retrieved successfully
    DATA: Array
(
    [status] => running
    [type] => backup
)

[2026-01-15 13:57:52] [22 MB] [chunked_processor] save_job called
    DATA: Array
(
    [job_id] => 172ff699-2121-49b1-b339-6ad8c79609ce
    [status] => running
)

[2026-01-15 13:57:52] [22 MB] [chunked_processor] Transient save result
    DATA: Array
(
    [option_name] => speed_backups_job_172ff699-2121-49b1-b339-6ad8c79609ce
    [success] => YES
)

[2026-01-15 13:57:52] [22 MB] [chunked_processor] Option save result
    DATA: Array
(
    [option_name] => speed_backups_job_172ff699-2121-49b1-b339-6ad8c79609ce
    [success] => YES
)

[2026-01-15 13:57:52] [22 MB] [chunked_processor] Save verification
    DATA: Array
(
    [verified] => YES
)

[2026-01-15 13:57:52] [22 MB] [chunked_processor] get_job called
    DATA: Array
(
    [job_id] => 172ff699-2121-49b1-b339-6ad8c79609ce
)

[2026-01-15 13:57:52] [22 MB] [chunked_processor] Transient lookup result
    DATA: Array
(
    [option_name] => speed_backups_job_172ff699-2121-49b1-b339-6ad8c79609ce
    [found] => YES
)

[2026-01-15 13:57:52] [22 MB] [chunked_processor] Job retrieved successfully
    DATA: Array
(
    [status] => running
    [type] => backup
)

[2026-01-15 13:57:52] [22 MB] [chunked_processor] save_job called
    DATA: Array
(
    [job_id] => 172ff699-2121-49b1-b339-6ad8c79609ce
    [status] => running
)

[2026-01-15 13:57:52] [22 MB] [chunked_processor] Transient save result
    DATA: Array
(
    [option_name] => speed_backups_job_172ff699-2121-49b1-b339-6ad8c79609ce
    [success] => YES
)

[2026-01-15 13:57:52] [22 MB] [chunked_processor] Option save result
    DATA: Array
(
    [option_name] => speed_backups_job_172ff699-2121-49b1-b339-6ad8c79609ce
    [success] => YES
)

[2026-01-15 13:57:52] [22 MB] [chunked_processor] Save verification
    DATA: Array
(
    [verified] => YES
)

[2026-01-15 13:57:52] [22 MB] [chunked_processor] get_job called
    DATA: Array
(
    [job_id] => 172ff699-2121-49b1-b339-6ad8c79609ce
)

[2026-01-15 13:57:52] [22 MB] [chunked_processor] Transient lookup result
    DATA: Array
(
    [option_name] => speed_backups_job_172ff699-2121-49b1-b339-6ad8c79609ce
    [found] => YES
)

[2026-01-15 13:57:52] [22 MB] [chunked_processor] Job retrieved successfully
    DATA: Array
(
    [status] => running
    [type] => backup
)

[2026-01-15 13:57:52] [22 MB] [chunked_processor] get_job called
    DATA: Array
(
    [job_id] => 172ff699-2121-49b1-b339-6ad8c79609ce
)

[2026-01-15 13:57:52] [22 MB] [chunked_processor] Transient lookup result
    DATA: Array
(
    [option_name] => speed_backups_job_172ff699-2121-49b1-b339-6ad8c79609ce
    [found] => YES
)

[2026-01-15 13:57:52] [22 MB] [chunked_processor] Job retrieved successfully
    DATA: Array
(
    [status] => running
    [type] => backup
)

[2026-01-15 13:57:53] [22 MB] [chunked_processor] get_job called
    DATA: Array
(
    [job_id] => 172ff699-2121-49b1-b339-6ad8c79609ce
)

[2026-01-15 13:57:53] [22 MB] [chunked_processor] Transient lookup result
    DATA: Array
(
    [option_name] => speed_backups_job_172ff699-2121-49b1-b339-6ad8c79609ce
    [found] => YES
)

[2026-01-15 13:57:53] [22 MB] [chunked_processor] Job retrieved successfully
    DATA: Array
(
    [status] => running
    [type] => backup
)

[2026-01-15 13:57:53] [22 MB] [chunked_processor] get_job called
    DATA: Array
(
    [job_id] => 172ff699-2121-49b1-b339-6ad8c79609ce
)

[2026-01-15 13:57:53] [22 MB] [chunked_processor] Transient lookup result
    DATA: Array
(
    [option_name] => speed_backups_job_172ff699-2121-49b1-b339-6ad8c79609ce
    [found] => YES
)

[2026-01-15 13:57:53] [22 MB] [chunked_processor] Job retrieved successfully
    DATA: Array
(
    [status] => running
    [type] => backup
)

[2026-01-15 13:57:53] [22 MB] [chunked_processor] get_job called
    DATA: Array
(
    [job_id] => 172ff699-2121-49b1-b339-6ad8c79609ce
)

[2026-01-15 13:57:53] [22 MB] [chunked_processor] Transient lookup result
    DATA: Array
(
    [option_name] => speed_backups_job_172ff699-2121-49b1-b339-6ad8c79609ce
    [found] => YES
)

[2026-01-15 13:57:53] [22 MB] [chunked_processor] Job retrieved successfully
    DATA: Array
(
    [status] => running
    [type] => backup
)

[2026-01-15 13:57:53] [22 MB] [chunked_processor] save_job called
    DATA: Array
(
    [job_id] => 172ff699-2121-49b1-b339-6ad8c79609ce
    [status] => running
)

[2026-01-15 13:57:53] [22 MB] [chunked_processor] Transient save result
    DATA: Array
(
    [option_name] => speed_backups_job_172ff699-2121-49b1-b339-6ad8c79609ce
    [success] => YES
)

[2026-01-15 13:57:53] [22 MB] [chunked_processor] Option save result
    DATA: Array
(
    [option_name] => speed_backups_job_172ff699-2121-49b1-b339-6ad8c79609ce
    [success] => YES
)

[2026-01-15 13:57:53] [22 MB] [chunked_processor] Save verification
    DATA: Array
(
    [verified] => YES
)

[2026-01-15 13:57:53] [22 MB] [chunked_processor] get_job called
    DATA: Array
(
    [job_id] => 172ff699-2121-49b1-b339-6ad8c79609ce
)

[2026-01-15 13:57:53] [22 MB] [chunked_processor] Transient lookup result
    DATA: Array
(
    [option_name] => speed_backups_job_172ff699-2121-49b1-b339-6ad8c79609ce
    [found] => YES
)

[2026-01-15 13:57:53] [22 MB] [chunked_processor] Job retrieved successfully
    DATA: Array
(
    [status] => running
    [type] => backup
)

[2026-01-15 13:57:53] [22 MB] [chunked_processor] save_job called
    DATA: Array
(
    [job_id] => 172ff699-2121-49b1-b339-6ad8c79609ce
    [status] => running
)

[2026-01-15 13:57:53] [22 MB] [chunked_processor] Transient save result
    DATA: Array
(
    [option_name] => speed_backups_job_172ff699-2121-49b1-b339-6ad8c79609ce
    [success] => YES
)

[2026-01-15 13:57:53] [22 MB] [chunked_processor] Option save result
    DATA: Array
(
    [option_name] => speed_backups_job_172ff699-2121-49b1-b339-6ad8c79609ce
    [success] => YES
)

[2026-01-15 13:57:53] [22 MB] [chunked_processor] Save verification
    DATA: Array
(
    [verified] => YES
)

[2026-01-15 13:57:53] [22 MB] [chunked_processor] get_job called
    DATA: Array
(
    [job_id] => 172ff699-2121-49b1-b339-6ad8c79609ce
)

[2026-01-15 13:57:53] [22 MB] [chunked_processor] Transient lookup result
    DATA: Array
(
    [option_name] => speed_backups_job_172ff699-2121-49b1-b339-6ad8c79609ce
    [found] => YES
)

[2026-01-15 13:57:53] [22 MB] [chunked_processor] Job retrieved successfully
    DATA: Array
(
    [status] => running
    [type] => backup
)

[2026-01-15 13:57:53] [22 MB] [chunked_processor] get_job called
    DATA: Array
(
    [job_id] => 172ff699-2121-49b1-b339-6ad8c79609ce
)

[2026-01-15 13:57:53] [22 MB] [chunked_processor] Transient lookup result
    DATA: Array
(
    [option_name] => speed_backups_job_172ff699-2121-49b1-b339-6ad8c79609ce
    [found] => YES
)

[2026-01-15 13:57:53] [22 MB] [chunked_processor] Job retrieved successfully
    DATA: Array
(
    [status] => running
    [type] => backup
)

[2026-01-15 13:57:53] [22 MB] [chunked_processor] get_job called
    DATA: Array
(
    [job_id] => 172ff699-2121-49b1-b339-6ad8c79609ce
)

[2026-01-15 13:57:53] [22 MB] [chunked_processor] Transient lookup result
    DATA: Array
(
    [option_name] => speed_backups_job_172ff699-2121-49b1-b339-6ad8c79609ce
    [found] => YES
)

[2026-01-15 13:57:53] [22 MB] [chunked_processor] Job retrieved successfully
    DATA: Array
(
    [status] => running
    [type] => backup
)

[2026-01-15 13:57:53] [22 MB] [chunked_processor] get_job called
    DATA: Array
(
    [job_id] => 172ff699-2121-49b1-b339-6ad8c79609ce
)

[2026-01-15 13:57:53] [22 MB] [chunked_processor] Transient lookup result
    DATA: Array
(
    [option_name] => speed_backups_job_172ff699-2121-49b1-b339-6ad8c79609ce
    [found] => YES
)

[2026-01-15 13:57:53] [22 MB] [chunked_processor] Job retrieved successfully
    DATA: Array
(
    [status] => running
    [type] => backup
)

[2026-01-15 13:57:53] [22 MB] [chunked_processor] get_job called
    DATA: Array
(
    [job_id] => 172ff699-2121-49b1-b339-6ad8c79609ce
)

[2026-01-15 13:57:53] [22 MB] [chunked_processor] Transient lookup result
    DATA: Array
(
    [option_name] => speed_backups_job_172ff699-2121-49b1-b339-6ad8c79609ce
    [found] => YES
)

[2026-01-15 13:57:53] [22 MB] [chunked_processor] Job retrieved successfully
    DATA: Array
(
    [status] => running
    [type] => backup
)

[2026-01-15 13:57:53] [22 MB] [chunked_processor] save_job called
    DATA: Array
(
    [job_id] => 172ff699-2121-49b1-b339-6ad8c79609ce
    [status] => running
)

[2026-01-15 13:57:53] [22 MB] [chunked_processor] Transient save result
    DATA: Array
(
    [option_name] => speed_backups_job_172ff699-2121-49b1-b339-6ad8c79609ce
    [success] => YES
)

[2026-01-15 13:57:53] [22 MB] [chunked_processor] Option save result
    DATA: Array
(
    [option_name] => speed_backups_job_172ff699-2121-49b1-b339-6ad8c79609ce
    [success] => YES
)

[2026-01-15 13:57:53] [22 MB] [chunked_processor] Save verification
    DATA: Array
(
    [verified] => YES
)

[2026-01-15 13:57:56] [24 MB] [chunked_processor] get_job called
    DATA: Array
(
    [job_id] => 172ff699-2121-49b1-b339-6ad8c79609ce
)

[2026-01-15 13:57:56] [24 MB] [chunked_processor] Transient lookup result
    DATA: Array
(
    [option_name] => speed_backups_job_172ff699-2121-49b1-b339-6ad8c79609ce
    [found] => YES
)

[2026-01-15 13:57:56] [24 MB] [chunked_processor] Job retrieved successfully
    DATA: Array
(
    [status] => running
    [type] => backup
)

[2026-01-15 13:57:56] [24 MB] [chunked_processor] save_job called
    DATA: Array
(
    [job_id] => 172ff699-2121-49b1-b339-6ad8c79609ce
    [status] => running
)

[2026-01-15 13:57:56] [24 MB] [chunked_processor] Transient save result
    DATA: Array
(
    [option_name] => speed_backups_job_172ff699-2121-49b1-b339-6ad8c79609ce
    [success] => YES
)

[2026-01-15 13:57:56] [24 MB] [chunked_processor] Option save result
    DATA: Array
(
    [option_name] => speed_backups_job_172ff699-2121-49b1-b339-6ad8c79609ce
    [success] => YES
)

[2026-01-15 13:57:56] [24 MB] [chunked_processor] Save verification
    DATA: Array
(
    [verified] => YES
)

[2026-01-15 13:57:56] [24 MB] [chunked_processor] get_job called
    DATA: Array
(
    [job_id] => 172ff699-2121-49b1-b339-6ad8c79609ce
)

[2026-01-15 13:57:56] [24 MB] [chunked_processor] Transient lookup result
    DATA: Array
(
    [option_name] => speed_backups_job_172ff699-2121-49b1-b339-6ad8c79609ce
    [found] => YES
)

[2026-01-15 13:57:56] [24 MB] [chunked_processor] Job retrieved successfully
    DATA: Array
(
    [status] => running
    [type] => backup
)

[2026-01-15 13:57:56] [24 MB] [chunked_processor] get_job called
    DATA: Array
(
    [job_id] => 172ff699-2121-49b1-b339-6ad8c79609ce
)

[2026-01-15 13:57:56] [24 MB] [chunked_processor] Transient lookup result
    DATA: Array
(
    [option_name] => speed_backups_job_172ff699-2121-49b1-b339-6ad8c79609ce
    [found] => YES
)

[2026-01-15 13:57:56] [24 MB] [chunked_processor] Job retrieved successfully
    DATA: Array
(
    [status] => running
    [type] => backup
)

[2026-01-15 13:57:57] [22 MB] [chunked_processor] get_job called
    DATA: Array
(
    [job_id] => 172ff699-2121-49b1-b339-6ad8c79609ce
)

[2026-01-15 13:57:57] [22 MB] [chunked_processor] Transient lookup result
    DATA: Array
(
    [option_name] => speed_backups_job_172ff699-2121-49b1-b339-6ad8c79609ce
    [found] => YES
)

[2026-01-15 13:57:57] [22 MB] [chunked_processor] Job retrieved successfully
    DATA: Array
(
    [status] => running
    [type] => backup
)

[2026-01-15 13:57:57] [22 MB] [chunked_processor] get_job called
    DATA: Array
(
    [job_id] => 172ff699-2121-49b1-b339-6ad8c79609ce
)

[2026-01-15 13:57:57] [22 MB] [chunked_processor] Transient lookup result
    DATA: Array
(
    [option_name] => speed_backups_job_172ff699-2121-49b1-b339-6ad8c79609ce
    [found] => YES
)

[2026-01-15 13:57:57] [22 MB] [chunked_processor] Job retrieved successfully
    DATA: Array
(
    [status] => running
    [type] => backup
)

[2026-01-15 13:57:57] [22 MB] [chunked_processor] get_job called
    DATA: Array
(
    [job_id] => 172ff699-2121-49b1-b339-6ad8c79609ce
)

[2026-01-15 13:57:57] [22 MB] [chunked_processor] Transient lookup result
    DATA: Array
(
    [option_name] => speed_backups_job_172ff699-2121-49b1-b339-6ad8c79609ce
    [found] => YES
)

[2026-01-15 13:57:57] [22 MB] [chunked_processor] Job retrieved successfully
    DATA: Array
(
    [status] => running
    [type] => backup
)

[2026-01-15 13:57:57] [22 MB] [chunked_processor] save_job called
    DATA: Array
(
    [job_id] => 172ff699-2121-49b1-b339-6ad8c79609ce
    [status] => running
)

[2026-01-15 13:57:57] [22 MB] [chunked_processor] Transient save result
    DATA: Array
(
    [option_name] => speed_backups_job_172ff699-2121-49b1-b339-6ad8c79609ce
    [success] => YES
)

[2026-01-15 13:57:57] [22 MB] [chunked_processor] Option save result
    DATA: Array
(
    [option_name] => speed_backups_job_172ff699-2121-49b1-b339-6ad8c79609ce
    [success] => YES
)

[2026-01-15 13:57:57] [22 MB] [chunked_processor] Save verification
    DATA: Array
(
    [verified] => YES
)

[2026-01-15 13:57:57] [22 MB] [chunked_processor] get_job called
    DATA: Array
(
    [job_id] => 172ff699-2121-49b1-b339-6ad8c79609ce
)

[2026-01-15 13:57:57] [22 MB] [chunked_processor] Transient lookup result
    DATA: Array
(
    [option_name] => speed_backups_job_172ff699-2121-49b1-b339-6ad8c79609ce
    [found] => YES
)

[2026-01-15 13:57:57] [22 MB] [chunked_processor] Job retrieved successfully
    DATA: Array
(
    [status] => running
    [type] => backup
)

[2026-01-15 13:57:57] [22 MB] [chunked_processor] save_job called
    DATA: Array
(
    [job_id] => 172ff699-2121-49b1-b339-6ad8c79609ce
    [status] => running
)

[2026-01-15 13:57:57] [22 MB] [chunked_processor] Transient save result
    DATA: Array
(
    [option_name] => speed_backups_job_172ff699-2121-49b1-b339-6ad8c79609ce
    [success] => YES
)

[2026-01-15 13:57:57] [22 MB] [chunked_processor] Option save result
    DATA: Array
(
    [option_name] => speed_backups_job_172ff699-2121-49b1-b339-6ad8c79609ce
    [success] => YES
)

[2026-01-15 13:57:57] [22 MB] [chunked_processor] Save verification
    DATA: Array
(
    [verified] => YES
)

[2026-01-15 13:57:57] [22 MB] [chunked_processor] get_job called
    DATA: Array
(
    [job_id] => 172ff699-2121-49b1-b339-6ad8c79609ce
)

[2026-01-15 13:57:57] [22 MB] [chunked_processor] Transient lookup result
    DATA: Array
(
    [option_name] => speed_backups_job_172ff699-2121-49b1-b339-6ad8c79609ce
    [found] => YES
)

[2026-01-15 13:57:57] [22 MB] [chunked_processor] Job retrieved successfully
    DATA: Array
(
    [status] => running
    [type] => backup
)

[2026-01-15 13:57:57] [22 MB] [chunked_processor] get_job called
    DATA: Array
(
    [job_id] => 172ff699-2121-49b1-b339-6ad8c79609ce
)

[2026-01-15 13:57:57] [22 MB] [chunked_processor] Transient lookup result
    DATA: Array
(
    [option_name] => speed_backups_job_172ff699-2121-49b1-b339-6ad8c79609ce
    [found] => YES
)

[2026-01-15 13:57:57] [22 MB] [chunked_processor] Job retrieved successfully
    DATA: Array
(
    [status] => running
    [type] => backup
)

[2026-01-15 13:57:58] [22 MB] [chunked_processor] get_job called
    DATA: Array
(
    [job_id] => 172ff699-2121-49b1-b339-6ad8c79609ce
)

[2026-01-15 13:57:58] [22 MB] [chunked_processor] Transient lookup result
    DATA: Array
(
    [option_name] => speed_backups_job_172ff699-2121-49b1-b339-6ad8c79609ce
    [found] => YES
)

[2026-01-15 13:57:58] [22 MB] [chunked_processor] Job retrieved successfully
    DATA: Array
(
    [status] => running
    [type] => backup
)

[2026-01-15 13:57:58] [22 MB] [chunked_processor] get_job called
    DATA: Array
(
    [job_id] => 172ff699-2121-49b1-b339-6ad8c79609ce
)

[2026-01-15 13:57:58] [22 MB] [chunked_processor] Transient lookup result
    DATA: Array
(
    [option_name] => speed_backups_job_172ff699-2121-49b1-b339-6ad8c79609ce
    [found] => YES
)

[2026-01-15 13:57:58] [22 MB] [chunked_processor] Job retrieved successfully
    DATA: Array
(
    [status] => running
    [type] => backup
)

[2026-01-15 13:57:58] [22 MB] [chunked_processor] get_job called
    DATA: Array
(
    [job_id] => 172ff699-2121-49b1-b339-6ad8c79609ce
)

[2026-01-15 13:57:58] [22 MB] [chunked_processor] Transient lookup result
    DATA: Array
(
    [option_name] => speed_backups_job_172ff699-2121-49b1-b339-6ad8c79609ce
    [found] => YES
)

[2026-01-15 13:57:58] [22 MB] [chunked_processor] Job retrieved successfully
    DATA: Array
(
    [status] => running
    [type] => backup
)

[2026-01-15 13:57:58] [22 MB] [chunked_processor] save_job called
    DATA: Array
(
    [job_id] => 172ff699-2121-49b1-b339-6ad8c79609ce
    [status] => running
)

[2026-01-15 13:57:58] [22 MB] [chunked_processor] Transient save result
    DATA: Array
(
    [option_name] => speed_backups_job_172ff699-2121-49b1-b339-6ad8c79609ce
    [success] => YES
)

[2026-01-15 13:57:58] [22 MB] [chunked_processor] Option save result
    DATA: Array
(
    [option_name] => speed_backups_job_172ff699-2121-49b1-b339-6ad8c79609ce
    [success] => YES
)

[2026-01-15 13:57:58] [22 MB] [chunked_processor] Save verification
    DATA: Array
(
    [verified] => YES
)

[2026-01-15 13:57:59] [22 MB] [chunked_processor] get_job called
    DATA: Array
(
    [job_id] => 172ff699-2121-49b1-b339-6ad8c79609ce
)

[2026-01-15 13:57:59] [22 MB] [chunked_processor] Transient lookup result
    DATA: Array
(
    [option_name] => speed_backups_job_172ff699-2121-49b1-b339-6ad8c79609ce
    [found] => YES
)

[2026-01-15 13:57:59] [22 MB] [chunked_processor] Job retrieved successfully
    DATA: Array
(
    [status] => running
    [type] => backup
)

[2026-01-15 13:57:59] [22 MB] [chunked_processor] save_job called
    DATA: Array
(
    [job_id] => 172ff699-2121-49b1-b339-6ad8c79609ce
    [status] => running
)

[2026-01-15 13:57:59] [22 MB] [chunked_processor] Transient save result
    DATA: Array
(
    [option_name] => speed_backups_job_172ff699-2121-49b1-b339-6ad8c79609ce
    [success] => YES
)

[2026-01-15 13:57:59] [22 MB] [chunked_processor] Option save result
    DATA: Array
(
    [option_name] => speed_backups_job_172ff699-2121-49b1-b339-6ad8c79609ce
    [success] => YES
)

[2026-01-15 13:57:59] [22 MB] [chunked_processor] Save verification
    DATA: Array
(
    [verified] => YES
)

[2026-01-15 13:57:59] [22 MB] [chunked_processor] get_job called
    DATA: Array
(
    [job_id] => 172ff699-2121-49b1-b339-6ad8c79609ce
)

[2026-01-15 13:57:59] [22 MB] [chunked_processor] Transient lookup result
    DATA: Array
(
    [option_name] => speed_backups_job_172ff699-2121-49b1-b339-6ad8c79609ce
    [found] => YES
)

[2026-01-15 13:57:59] [22 MB] [chunked_processor] Job retrieved successfully
    DATA: Array
(
    [status] => running
    [type] => backup
)

[2026-01-15 13:57:59] [22 MB] [chunked_processor] get_job called
    DATA: Array
(
    [job_id] => 172ff699-2121-49b1-b339-6ad8c79609ce
)

[2026-01-15 13:57:59] [22 MB] [chunked_processor] Transient lookup result
    DATA: Array
(
    [option_name] => speed_backups_job_172ff699-2121-49b1-b339-6ad8c79609ce
    [found] => YES
)

[2026-01-15 13:57:59] [22 MB] [chunked_processor] Job retrieved successfully
    DATA: Array
(
    [status] => running
    [type] => backup
)

[2026-01-15 13:57:59] [24 MB] [chunked_processor] get_job called
    DATA: Array
(
    [job_id] => 172ff699-2121-49b1-b339-6ad8c79609ce
)

[2026-01-15 13:57:59] [24 MB] [chunked_processor] Transient lookup result
    DATA: Array
(
    [option_name] => speed_backups_job_172ff699-2121-49b1-b339-6ad8c79609ce
    [found] => YES
)

[2026-01-15 13:57:59] [24 MB] [chunked_processor] Job retrieved successfully
    DATA: Array
(
    [status] => running
    [type] => backup
)

[2026-01-15 13:57:59] [24 MB] [chunked_processor] get_job called
    DATA: Array
(
    [job_id] => 172ff699-2121-49b1-b339-6ad8c79609ce
)

[2026-01-15 13:57:59] [24 MB] [chunked_processor] Transient lookup result
    DATA: Array
(
    [option_name] => speed_backups_job_172ff699-2121-49b1-b339-6ad8c79609ce
    [found] => YES
)

[2026-01-15 13:57:59] [24 MB] [chunked_processor] Job retrieved successfully
    DATA: Array
(
    [status] => running
    [type] => backup
)

[2026-01-15 13:57:59] [24 MB] [chunked_processor] get_job called
    DATA: Array
(
    [job_id] => 172ff699-2121-49b1-b339-6ad8c79609ce
)

[2026-01-15 13:57:59] [24 MB] [chunked_processor] Transient lookup result
    DATA: Array
(
    [option_name] => speed_backups_job_172ff699-2121-49b1-b339-6ad8c79609ce
    [found] => YES
)

[2026-01-15 13:57:59] [24 MB] [chunked_processor] Job retrieved successfully
    DATA: Array
(
    [status] => running
    [type] => backup
)

[2026-01-15 13:57:59] [24 MB] [chunked_processor] save_job called
    DATA: Array
(
    [job_id] => 172ff699-2121-49b1-b339-6ad8c79609ce
    [status] => running
)

[2026-01-15 13:57:59] [24 MB] [chunked_processor] Transient save result
    DATA: Array
(
    [option_name] => speed_backups_job_172ff699-2121-49b1-b339-6ad8c79609ce
    [success] => YES
)

[2026-01-15 13:57:59] [24 MB] [chunked_processor] Option save result
    DATA: Array
(
    [option_name] => speed_backups_job_172ff699-2121-49b1-b339-6ad8c79609ce
    [success] => YES
)

[2026-01-15 13:57:59] [24 MB] [chunked_processor] Save verification
    DATA: Array
(
    [verified] => YES
)

[2026-01-15 13:57:59] [24 MB] [chunked_processor] get_job called
    DATA: Array
(
    [job_id] => 172ff699-2121-49b1-b339-6ad8c79609ce
)

[2026-01-15 13:57:59] [24 MB] [chunked_processor] Transient lookup result
    DATA: Array
(
    [option_name] => speed_backups_job_172ff699-2121-49b1-b339-6ad8c79609ce
    [found] => YES
)

[2026-01-15 13:57:59] [24 MB] [chunked_processor] Job retrieved successfully
    DATA: Array
(
    [status] => running
    [type] => backup
)

[2026-01-15 13:57:59] [24 MB] [chunked_processor] save_job called
    DATA: Array
(
    [job_id] => 172ff699-2121-49b1-b339-6ad8c79609ce
    [status] => running
)

[2026-01-15 13:57:59] [24 MB] [chunked_processor] Transient save result
    DATA: Array
(
    [option_name] => speed_backups_job_172ff699-2121-49b1-b339-6ad8c79609ce
    [success] => YES
)

[2026-01-15 13:57:59] [24 MB] [chunked_processor] Option save result
    DATA: Array
(
    [option_name] => speed_backups_job_172ff699-2121-49b1-b339-6ad8c79609ce
    [success] => YES
)

[2026-01-15 13:57:59] [24 MB] [chunked_processor] Save verification
    DATA: Array
(
    [verified] => YES
)

[2026-01-15 13:57:59] [24 MB] [chunked_processor] get_job called
    DATA: Array
(
    [job_id] => 172ff699-2121-49b1-b339-6ad8c79609ce
)

[2026-01-15 13:57:59] [24 MB] [chunked_processor] Transient lookup result
    DATA: Array
(
    [option_name] => speed_backups_job_172ff699-2121-49b1-b339-6ad8c79609ce
    [found] => YES
)

[2026-01-15 13:57:59] [24 MB] [chunked_processor] Job retrieved successfully
    DATA: Array
(
    [status] => running
    [type] => backup
)

[2026-01-15 13:57:59] [24 MB] [chunked_processor] get_job called
    DATA: Array
(
    [job_id] => 172ff699-2121-49b1-b339-6ad8c79609ce
)

[2026-01-15 13:57:59] [24 MB] [chunked_processor] Transient lookup result
    DATA: Array
(
    [option_name] => speed_backups_job_172ff699-2121-49b1-b339-6ad8c79609ce
    [found] => YES
)

[2026-01-15 13:57:59] [24 MB] [chunked_processor] Job retrieved successfully
    DATA: Array
(
    [status] => running
    [type] => backup
)

[2026-01-15 13:58:00] [22 MB] [chunked_processor] get_job called
    DATA: Array
(
    [job_id] => 172ff699-2121-49b1-b339-6ad8c79609ce
)

[2026-01-15 13:58:00] [22 MB] [chunked_processor] Transient lookup result
    DATA: Array
(
    [option_name] => speed_backups_job_172ff699-2121-49b1-b339-6ad8c79609ce
    [found] => YES
)

[2026-01-15 13:58:00] [22 MB] [chunked_processor] Job retrieved successfully
    DATA: Array
(
    [status] => running
    [type] => backup
)

[2026-01-15 13:58:00] [22 MB] [chunked_processor] get_job called
    DATA: Array
(
    [job_id] => 172ff699-2121-49b1-b339-6ad8c79609ce
)

[2026-01-15 13:58:00] [22 MB] [chunked_processor] Transient lookup result
    DATA: Array
(
    [option_name] => speed_backups_job_172ff699-2121-49b1-b339-6ad8c79609ce
    [found] => YES
)

[2026-01-15 13:58:00] [22 MB] [chunked_processor] Job retrieved successfully
    DATA: Array
(
    [status] => running
    [type] => backup
)

[2026-01-15 13:58:00] [22 MB] [chunked_processor] get_job called
    DATA: Array
(
    [job_id] => 172ff699-2121-49b1-b339-6ad8c79609ce
)

[2026-01-15 13:58:00] [22 MB] [chunked_processor] Transient lookup result
    DATA: Array
(
    [option_name] => speed_backups_job_172ff699-2121-49b1-b339-6ad8c79609ce
    [found] => YES
)

[2026-01-15 13:58:00] [22 MB] [chunked_processor] Job retrieved successfully
    DATA: Array
(
    [status] => running
    [type] => backup
)

[2026-01-15 13:58:00] [22 MB] [chunked_processor] save_job called
    DATA: Array
(
    [job_id] => 172ff699-2121-49b1-b339-6ad8c79609ce
    [status] => running
)

[2026-01-15 13:58:00] [22 MB] [chunked_processor] Transient save result
    DATA: Array
(
    [option_name] => speed_backups_job_172ff699-2121-49b1-b339-6ad8c79609ce
    [success] => YES
)

[2026-01-15 13:58:00] [22 MB] [chunked_processor] Option save result
    DATA: Array
(
    [option_name] => speed_backups_job_172ff699-2121-49b1-b339-6ad8c79609ce
    [success] => YES
)

[2026-01-15 13:58:00] [22 MB] [chunked_processor] Save verification
    DATA: Array
(
    [verified] => YES
)

[2026-01-15 13:58:00] [22 MB] [chunked_processor] get_job called
    DATA: Array
(
    [job_id] => 172ff699-2121-49b1-b339-6ad8c79609ce
)

[2026-01-15 13:58:00] [22 MB] [chunked_processor] Transient lookup result
    DATA: Array
(
    [option_name] => speed_backups_job_172ff699-2121-49b1-b339-6ad8c79609ce
    [found] => YES
)

[2026-01-15 13:58:00] [22 MB] [chunked_processor] Job retrieved successfully
    DATA: Array
(
    [status] => running
    [type] => backup
)

[2026-01-15 13:58:00] [22 MB] [chunked_processor] save_job called
    DATA: Array
(
    [job_id] => 172ff699-2121-49b1-b339-6ad8c79609ce
    [status] => running
)

[2026-01-15 13:58:00] [22 MB] [chunked_processor] Transient save result
    DATA: Array
(
    [option_name] => speed_backups_job_172ff699-2121-49b1-b339-6ad8c79609ce
    [success] => YES
)

[2026-01-15 13:58:00] [22 MB] [chunked_processor] Option save result
    DATA: Array
(
    [option_name] => speed_backups_job_172ff699-2121-49b1-b339-6ad8c79609ce
    [success] => YES
)

[2026-01-15 13:58:00] [22 MB] [chunked_processor] Save verification
    DATA: Array
(
    [verified] => YES
)

[2026-01-15 13:58:00] [22 MB] [chunked_processor] get_job called
    DATA: Array
(
    [job_id] => 172ff699-2121-49b1-b339-6ad8c79609ce
)

[2026-01-15 13:58:00] [22 MB] [chunked_processor] Transient lookup result
    DATA: Array
(
    [option_name] => speed_backups_job_172ff699-2121-49b1-b339-6ad8c79609ce
    [found] => YES
)

[2026-01-15 13:58:00] [22 MB] [chunked_processor] Job retrieved successfully
    DATA: Array
(
    [status] => running
    [type] => backup
)

[2026-01-15 13:58:00] [22 MB] [chunked_processor] get_job called
    DATA: Array
(
    [job_id] => 172ff699-2121-49b1-b339-6ad8c79609ce
)

[2026-01-15 13:58:00] [22 MB] [chunked_processor] Transient lookup result
    DATA: Array
(
    [option_name] => speed_backups_job_172ff699-2121-49b1-b339-6ad8c79609ce
    [found] => YES
)

[2026-01-15 13:58:00] [22 MB] [chunked_processor] Job retrieved successfully
    DATA: Array
(
    [status] => running
    [type] => backup
)

[2026-01-15 13:58:00] [22 MB] [chunked_processor] get_job called
    DATA: Array
(
    [job_id] => 172ff699-2121-49b1-b339-6ad8c79609ce
)

[2026-01-15 13:58:00] [22 MB] [chunked_processor] Transient lookup result
    DATA: Array
(
    [option_name] => speed_backups_job_172ff699-2121-49b1-b339-6ad8c79609ce
    [found] => YES
)

[2026-01-15 13:58:00] [22 MB] [chunked_processor] Job retrieved successfully
    DATA: Array
(
    [status] => running
    [type] => backup
)

[2026-01-15 13:58:00] [22 MB] [chunked_processor] get_job called
    DATA: Array
(
    [job_id] => 172ff699-2121-49b1-b339-6ad8c79609ce
)

[2026-01-15 13:58:00] [22 MB] [chunked_processor] Transient lookup result
    DATA: Array
(
    [option_name] => speed_backups_job_172ff699-2121-49b1-b339-6ad8c79609ce
    [found] => YES
)

[2026-01-15 13:58:00] [22 MB] [chunked_processor] Job retrieved successfully
    DATA: Array
(
    [status] => running
    [type] => backup
)

[2026-01-15 13:58:00] [22 MB] [chunked_processor] get_job called
    DATA: Array
(
    [job_id] => 172ff699-2121-49b1-b339-6ad8c79609ce
)

[2026-01-15 13:58:00] [22 MB] [chunked_processor] Transient lookup result
    DATA: Array
(
    [option_name] => speed_backups_job_172ff699-2121-49b1-b339-6ad8c79609ce
    [found] => YES
)

[2026-01-15 13:58:00] [22 MB] [chunked_processor] Job retrieved successfully
    DATA: Array
(
    [status] => running
    [type] => backup
)

[2026-01-15 13:58:00] [22 MB] [chunked_processor] save_job called
    DATA: Array
(
    [job_id] => 172ff699-2121-49b1-b339-6ad8c79609ce
    [status] => running
)

[2026-01-15 13:58:00] [22 MB] [chunked_processor] Transient save result
    DATA: Array
(
    [option_name] => speed_backups_job_172ff699-2121-49b1-b339-6ad8c79609ce
    [success] => YES
)

[2026-01-15 13:58:00] [22 MB] [chunked_processor] Option save result
    DATA: Array
(
    [option_name] => speed_backups_job_172ff699-2121-49b1-b339-6ad8c79609ce
    [success] => YES
)

[2026-01-15 13:58:00] [22 MB] [chunked_processor] Save verification
    DATA: Array
(
    [verified] => YES
)

[2026-01-15 13:58:01] [24 MB] [chunked_processor] get_job called
    DATA: Array
(
    [job_id] => 172ff699-2121-49b1-b339-6ad8c79609ce
)

[2026-01-15 13:58:01] [24 MB] [chunked_processor] Transient lookup result
    DATA: Array
(
    [option_name] => speed_backups_job_172ff699-2121-49b1-b339-6ad8c79609ce
    [found] => YES
)

[2026-01-15 13:58:01] [24 MB] [chunked_processor] Job retrieved successfully
    DATA: Array
(
    [status] => running
    [type] => backup
)

[2026-01-15 13:58:01] [24 MB] [chunked_processor] save_job called
    DATA: Array
(
    [job_id] => 172ff699-2121-49b1-b339-6ad8c79609ce
    [status] => running
)

[2026-01-15 13:58:01] [24 MB] [chunked_processor] Transient save result
    DATA: Array
(
    [option_name] => speed_backups_job_172ff699-2121-49b1-b339-6ad8c79609ce
    [success] => YES
)

[2026-01-15 13:58:01] [24 MB] [chunked_processor] Option save result
    DATA: Array
(
    [option_name] => speed_backups_job_172ff699-2121-49b1-b339-6ad8c79609ce
    [success] => YES
)

[2026-01-15 13:58:01] [24 MB] [chunked_processor] Save verification
    DATA: Array
(
    [verified] => YES
)

[2026-01-15 13:58:01] [24 MB] [chunked_processor] get_job called
    DATA: Array
(
    [job_id] => 172ff699-2121-49b1-b339-6ad8c79609ce
)

[2026-01-15 13:58:01] [24 MB] [chunked_processor] Transient lookup result
    DATA: Array
(
    [option_name] => speed_backups_job_172ff699-2121-49b1-b339-6ad8c79609ce
    [found] => YES
)

[2026-01-15 13:58:01] [24 MB] [chunked_processor] Job retrieved successfully
    DATA: Array
(
    [status] => running
    [type] => backup
)

[2026-01-15 13:58:01] [24 MB] [chunked_processor] get_job called
    DATA: Array
(
    [job_id] => 172ff699-2121-49b1-b339-6ad8c79609ce
)

[2026-01-15 13:58:01] [24 MB] [chunked_processor] Transient lookup result
    DATA: Array
(
    [option_name] => speed_backups_job_172ff699-2121-49b1-b339-6ad8c79609ce
    [found] => YES
)

[2026-01-15 13:58:01] [24 MB] [chunked_processor] Job retrieved successfully
    DATA: Array
(
    [status] => running
    [type] => backup
)

[2026-01-15 13:58:01] [22 MB] [chunked_processor] get_job called
    DATA: Array
(
    [job_id] => 172ff699-2121-49b1-b339-6ad8c79609ce
)

[2026-01-15 13:58:01] [22 MB] [chunked_processor] Transient lookup result
    DATA: Array
(
    [option_name] => speed_backups_job_172ff699-2121-49b1-b339-6ad8c79609ce
    [found] => YES
)

[2026-01-15 13:58:01] [22 MB] [chunked_processor] Job retrieved successfully
    DATA: Array
(
    [status] => running
    [type] => backup
)

[2026-01-15 13:58:01] [22 MB] [chunked_processor] get_job called
    DATA: Array
(
    [job_id] => 172ff699-2121-49b1-b339-6ad8c79609ce
)

[2026-01-15 13:58:01] [22 MB] [chunked_processor] Transient lookup result
    DATA: Array
(
    [option_name] => speed_backups_job_172ff699-2121-49b1-b339-6ad8c79609ce
    [found] => YES
)

[2026-01-15 13:58:01] [22 MB] [chunked_processor] Job retrieved successfully
    DATA: Array
(
    [status] => running
    [type] => backup
)

[2026-01-15 13:58:01] [22 MB] [chunked_processor] get_job called
    DATA: Array
(
    [job_id] => 172ff699-2121-49b1-b339-6ad8c79609ce
)

[2026-01-15 13:58:01] [22 MB] [chunked_processor] Transient lookup result
    DATA: Array
(
    [option_name] => speed_backups_job_172ff699-2121-49b1-b339-6ad8c79609ce
    [found] => YES
)

[2026-01-15 13:58:01] [22 MB] [chunked_processor] Job retrieved successfully
    DATA: Array
(
    [status] => running
    [type] => backup
)

[2026-01-15 13:58:01] [22 MB] [chunked_processor] save_job called
    DATA: Array
(
    [job_id] => 172ff699-2121-49b1-b339-6ad8c79609ce
    [status] => running
)

[2026-01-15 13:58:01] [22 MB] [chunked_processor] Transient save result
    DATA: Array
(
    [option_name] => speed_backups_job_172ff699-2121-49b1-b339-6ad8c79609ce
    [success] => YES
)

[2026-01-15 13:58:01] [22 MB] [chunked_processor] Option save result
    DATA: Array
(
    [option_name] => speed_backups_job_172ff699-2121-49b1-b339-6ad8c79609ce
    [success] => YES
)

[2026-01-15 13:58:01] [22 MB] [chunked_processor] Save verification
    DATA: Array
(
    [verified] => YES
)

[2026-01-15 13:58:02] [22 MB] [chunked_processor] get_job called
    DATA: Array
(
    [job_id] => 172ff699-2121-49b1-b339-6ad8c79609ce
)

[2026-01-15 13:58:02] [22 MB] [chunked_processor] Transient lookup result
    DATA: Array
(
    [option_name] => speed_backups_job_172ff699-2121-49b1-b339-6ad8c79609ce
    [found] => YES
)

[2026-01-15 13:58:02] [22 MB] [chunked_processor] Job retrieved successfully
    DATA: Array
(
    [status] => running
    [type] => backup
)

[2026-01-15 13:58:02] [22 MB] [chunked_processor] save_job called
    DATA: Array
(
    [job_id] => 172ff699-2121-49b1-b339-6ad8c79609ce
    [status] => running
)

[2026-01-15 13:58:02] [22 MB] [chunked_processor] Transient save result
    DATA: Array
(
    [option_name] => speed_backups_job_172ff699-2121-49b1-b339-6ad8c79609ce
    [success] => YES
)

[2026-01-15 13:58:02] [22 MB] [chunked_processor] Option save result
    DATA: Array
(
    [option_name] => speed_backups_job_172ff699-2121-49b1-b339-6ad8c79609ce
    [success] => YES
)

[2026-01-15 13:58:02] [22 MB] [chunked_processor] Save verification
    DATA: Array
(
    [verified] => YES
)

[2026-01-15 13:58:02] [22 MB] [chunked_processor] get_job called
    DATA: Array
(
    [job_id] => 172ff699-2121-49b1-b339-6ad8c79609ce
)

[2026-01-15 13:58:02] [22 MB] [chunked_processor] Transient lookup result
    DATA: Array
(
    [option_name] => speed_backups_job_172ff699-2121-49b1-b339-6ad8c79609ce
    [found] => YES
)

[2026-01-15 13:58:02] [22 MB] [chunked_processor] Job retrieved successfully
    DATA: Array
(
    [status] => running
    [type] => backup
)

[2026-01-15 13:58:02] [22 MB] [chunked_processor] get_job called
    DATA: Array
(
    [job_id] => 172ff699-2121-49b1-b339-6ad8c79609ce
)

[2026-01-15 13:58:02] [22 MB] [chunked_processor] Transient lookup result
    DATA: Array
(
    [option_name] => speed_backups_job_172ff699-2121-49b1-b339-6ad8c79609ce
    [found] => YES
)

[2026-01-15 13:58:02] [22 MB] [chunked_processor] Job retrieved successfully
    DATA: Array
(
    [status] => running
    [type] => backup
)

[2026-01-15 13:58:02] [22 MB] [chunked_processor] get_job called
    DATA: Array
(
    [job_id] => 172ff699-2121-49b1-b339-6ad8c79609ce
)

[2026-01-15 13:58:02] [22 MB] [chunked_processor] Transient lookup result
    DATA: Array
(
    [option_name] => speed_backups_job_172ff699-2121-49b1-b339-6ad8c79609ce
    [found] => YES
)

[2026-01-15 13:58:02] [22 MB] [chunked_processor] Job retrieved successfully
    DATA: Array
(
    [status] => running
    [type] => backup
)

[2026-01-15 13:58:02] [22 MB] [chunked_processor] get_job called
    DATA: Array
(
    [job_id] => 172ff699-2121-49b1-b339-6ad8c79609ce
)

[2026-01-15 13:58:02] [22 MB] [chunked_processor] Transient lookup result
    DATA: Array
(
    [option_name] => speed_backups_job_172ff699-2121-49b1-b339-6ad8c79609ce
    [found] => YES
)

[2026-01-15 13:58:02] [22 MB] [chunked_processor] Job retrieved successfully
    DATA: Array
(
    [status] => running
    [type] => backup
)

[2026-01-15 13:58:02] [22 MB] [chunked_processor] get_job called
    DATA: Array
(
    [job_id] => 172ff699-2121-49b1-b339-6ad8c79609ce
)

[2026-01-15 13:58:02] [22 MB] [chunked_processor] Transient lookup result
    DATA: Array
(
    [option_name] => speed_backups_job_172ff699-2121-49b1-b339-6ad8c79609ce
    [found] => YES
)

[2026-01-15 13:58:02] [22 MB] [chunked_processor] Job retrieved successfully
    DATA: Array
(
    [status] => running
    [type] => backup
)

[2026-01-15 13:58:02] [22 MB] [chunked_processor] save_job called
    DATA: Array
(
    [job_id] => 172ff699-2121-49b1-b339-6ad8c79609ce
    [status] => running
)

[2026-01-15 13:58:02] [22 MB] [chunked_processor] Transient save result
    DATA: Array
(
    [option_name] => speed_backups_job_172ff699-2121-49b1-b339-6ad8c79609ce
    [success] => YES
)

[2026-01-15 13:58:02] [22 MB] [chunked_processor] Option save result
    DATA: Array
(
    [option_name] => speed_backups_job_172ff699-2121-49b1-b339-6ad8c79609ce
    [success] => YES
)

[2026-01-15 13:58:02] [22 MB] [chunked_processor] Save verification
    DATA: Array
(
    [verified] => YES
)

[2026-01-15 13:58:02] [22 MB] [chunked_processor] get_job called
    DATA: Array
(
    [job_id] => 172ff699-2121-49b1-b339-6ad8c79609ce
)

[2026-01-15 13:58:02] [22 MB] [chunked_processor] Transient lookup result
    DATA: Array
(
    [option_name] => speed_backups_job_172ff699-2121-49b1-b339-6ad8c79609ce
    [found] => YES
)

[2026-01-15 13:58:02] [22 MB] [chunked_processor] Job retrieved successfully
    DATA: Array
(
    [status] => running
    [type] => backup
)

[2026-01-15 13:58:02] [22 MB] [chunked_processor] save_job called
    DATA: Array
(
    [job_id] => 172ff699-2121-49b1-b339-6ad8c79609ce
    [status] => running
)

[2026-01-15 13:58:02] [22 MB] [chunked_processor] Transient save result
    DATA: Array
(
    [option_name] => speed_backups_job_172ff699-2121-49b1-b339-6ad8c79609ce
    [success] => YES
)

[2026-01-15 13:58:02] [22 MB] [chunked_processor] Option save result
    DATA: Array
(
    [option_name] => speed_backups_job_172ff699-2121-49b1-b339-6ad8c79609ce
    [success] => YES
)

[2026-01-15 13:58:02] [22 MB] [chunked_processor] Save verification
    DATA: Array
(
    [verified] => YES
)

[2026-01-15 13:58:02] [22 MB] [chunked_processor] get_job called
    DATA: Array
(
    [job_id] => 172ff699-2121-49b1-b339-6ad8c79609ce
)

[2026-01-15 13:58:02] [22 MB] [chunked_processor] Transient lookup result
    DATA: Array
(
    [option_name] => speed_backups_job_172ff699-2121-49b1-b339-6ad8c79609ce
    [found] => YES
)

[2026-01-15 13:58:02] [22 MB] [chunked_processor] Job retrieved successfully
    DATA: Array
(
    [status] => running
    [type] => backup
)

[2026-01-15 13:58:02] [22 MB] [chunked_processor] get_job called
    DATA: Array
(
    [job_id] => 172ff699-2121-49b1-b339-6ad8c79609ce
)

[2026-01-15 13:58:02] [22 MB] [chunked_processor] Transient lookup result
    DATA: Array
(
    [option_name] => speed_backups_job_172ff699-2121-49b1-b339-6ad8c79609ce
    [found] => YES
)

[2026-01-15 13:58:02] [22 MB] [chunked_processor] Job retrieved successfully
    DATA: Array
(
    [status] => running
    [type] => backup
)

[2026-01-15 13:58:03] [24 MB] [chunked_processor] get_job called
    DATA: Array
(
    [job_id] => 172ff699-2121-49b1-b339-6ad8c79609ce
)

[2026-01-15 13:58:03] [24 MB] [chunked_processor] Transient lookup result
    DATA: Array
(
    [option_name] => speed_backups_job_172ff699-2121-49b1-b339-6ad8c79609ce
    [found] => YES
)

[2026-01-15 13:58:03] [24 MB] [chunked_processor] Job retrieved successfully
    DATA: Array
(
    [status] => running
    [type] => backup
)

[2026-01-15 13:58:03] [24 MB] [chunked_processor] get_job called
    DATA: Array
(
    [job_id] => 172ff699-2121-49b1-b339-6ad8c79609ce
)

[2026-01-15 13:58:03] [24 MB] [chunked_processor] Transient lookup result
    DATA: Array
(
    [option_name] => speed_backups_job_172ff699-2121-49b1-b339-6ad8c79609ce
    [found] => YES
)

[2026-01-15 13:58:03] [24 MB] [chunked_processor] Job retrieved successfully
    DATA: Array
(
    [status] => running
    [type] => backup
)

[2026-01-15 13:58:03] [24 MB] [chunked_processor] get_job called
    DATA: Array
(
    [job_id] => 172ff699-2121-49b1-b339-6ad8c79609ce
)

[2026-01-15 13:58:03] [24 MB] [chunked_processor] Transient lookup result
    DATA: Array
(
    [option_name] => speed_backups_job_172ff699-2121-49b1-b339-6ad8c79609ce
    [found] => YES
)

[2026-01-15 13:58:03] [24 MB] [chunked_processor] Job retrieved successfully
    DATA: Array
(
    [status] => running
    [type] => backup
)

[2026-01-15 13:58:03] [24 MB] [chunked_processor] save_job called
    DATA: Array
(
    [job_id] => 172ff699-2121-49b1-b339-6ad8c79609ce
    [status] => running
)

[2026-01-15 13:58:03] [24 MB] [chunked_processor] Transient save result
    DATA: Array
(
    [option_name] => speed_backups_job_172ff699-2121-49b1-b339-6ad8c79609ce
    [success] => YES
)

[2026-01-15 13:58:03] [24 MB] [chunked_processor] Option save result
    DATA: Array
(
    [option_name] => speed_backups_job_172ff699-2121-49b1-b339-6ad8c79609ce
    [success] => YES
)

[2026-01-15 13:58:03] [24 MB] [chunked_processor] Save verification
    DATA: Array
(
    [verified] => YES
)

[2026-01-15 13:58:03] [24 MB] [chunked_processor] get_job called
    DATA: Array
(
    [job_id] => 172ff699-2121-49b1-b339-6ad8c79609ce
)

[2026-01-15 13:58:03] [24 MB] [chunked_processor] Transient lookup result
    DATA: Array
(
    [option_name] => speed_backups_job_172ff699-2121-49b1-b339-6ad8c79609ce
    [found] => YES
)

[2026-01-15 13:58:03] [24 MB] [chunked_processor] Job retrieved successfully
    DATA: Array
(
    [status] => running
    [type] => backup
)

[2026-01-15 13:58:03] [24 MB] [chunked_processor] save_job called
    DATA: Array
(
    [job_id] => 172ff699-2121-49b1-b339-6ad8c79609ce
    [status] => running
)

[2026-01-15 13:58:03] [24 MB] [chunked_processor] Transient save result
    DATA: Array
(
    [option_name] => speed_backups_job_172ff699-2121-49b1-b339-6ad8c79609ce
    [success] => YES
)

[2026-01-15 13:58:03] [24 MB] [chunked_processor] Option save result
    DATA: Array
(
    [option_name] => speed_backups_job_172ff699-2121-49b1-b339-6ad8c79609ce
    [success] => YES
)

[2026-01-15 13:58:03] [24 MB] [chunked_processor] Save verification
    DATA: Array
(
    [verified] => YES
)

[2026-01-15 13:58:03] [24 MB] [chunked_processor] get_job called
    DATA: Array
(
    [job_id] => 172ff699-2121-49b1-b339-6ad8c79609ce
)

[2026-01-15 13:58:03] [24 MB] [chunked_processor] Transient lookup result
    DATA: Array
(
    [option_name] => speed_backups_job_172ff699-2121-49b1-b339-6ad8c79609ce
    [found] => YES
)

[2026-01-15 13:58:03] [24 MB] [chunked_processor] Job retrieved successfully
    DATA: Array
(
    [status] => running
    [type] => backup
)

[2026-01-15 13:58:03] [24 MB] [chunked_processor] get_job called
    DATA: Array
(
    [job_id] => 172ff699-2121-49b1-b339-6ad8c79609ce
)

[2026-01-15 13:58:03] [24 MB] [chunked_processor] Transient lookup result
    DATA: Array
(
    [option_name] => speed_backups_job_172ff699-2121-49b1-b339-6ad8c79609ce
    [found] => YES
)

[2026-01-15 13:58:03] [24 MB] [chunked_processor] Job retrieved successfully
    DATA: Array
(
    [status] => running
    [type] => backup
)

[2026-01-15 13:58:04] [22 MB] [chunked_processor] get_job called
    DATA: Array
(
    [job_id] => 172ff699-2121-49b1-b339-6ad8c79609ce
)

[2026-01-15 13:58:04] [22 MB] [chunked_processor] Transient lookup result
    DATA: Array
(
    [option_name] => speed_backups_job_172ff699-2121-49b1-b339-6ad8c79609ce
    [found] => YES
)

[2026-01-15 13:58:04] [22 MB] [chunked_processor] Job retrieved successfully
    DATA: Array
(
    [status] => running
    [type] => backup
)

[2026-01-15 13:58:04] [22 MB] [chunked_processor] get_job called
    DATA: Array
(
    [job_id] => 172ff699-2121-49b1-b339-6ad8c79609ce
)

[2026-01-15 13:58:04] [22 MB] [chunked_processor] Transient lookup result
    DATA: Array
(
    [option_name] => speed_backups_job_172ff699-2121-49b1-b339-6ad8c79609ce
    [found] => YES
)

[2026-01-15 13:58:04] [22 MB] [chunked_processor] Job retrieved successfully
    DATA: Array
(
    [status] => running
    [type] => backup
)

[2026-01-15 13:58:04] [22 MB] [chunked_processor] get_job called
    DATA: Array
(
    [job_id] => 172ff699-2121-49b1-b339-6ad8c79609ce
)

[2026-01-15 13:58:04] [22 MB] [chunked_processor] Transient lookup result
    DATA: Array
(
    [option_name] => speed_backups_job_172ff699-2121-49b1-b339-6ad8c79609ce
    [found] => YES
)

[2026-01-15 13:58:04] [22 MB] [chunked_processor] Job retrieved successfully
    DATA: Array
(
    [status] => running
    [type] => backup
)

[2026-01-15 13:58:04] [22 MB] [chunked_processor] save_job called
    DATA: Array
(
    [job_id] => 172ff699-2121-49b1-b339-6ad8c79609ce
    [status] => running
)

[2026-01-15 13:58:04] [22 MB] [chunked_processor] Transient save result
    DATA: Array
(
    [option_name] => speed_backups_job_172ff699-2121-49b1-b339-6ad8c79609ce
    [success] => YES
)

[2026-01-15 13:58:04] [22 MB] [chunked_processor] Option save result
    DATA: Array
(
    [option_name] => speed_backups_job_172ff699-2121-49b1-b339-6ad8c79609ce
    [success] => YES
)

[2026-01-15 13:58:04] [22 MB] [chunked_processor] Save verification
    DATA: Array
(
    [verified] => YES
)

[2026-01-15 13:58:04] [22 MB] [chunked_processor] get_job called
    DATA: Array
(
    [job_id] => 172ff699-2121-49b1-b339-6ad8c79609ce
)

[2026-01-15 13:58:04] [22 MB] [chunked_processor] Transient lookup result
    DATA: Array
(
    [option_name] => speed_backups_job_172ff699-2121-49b1-b339-6ad8c79609ce
    [found] => YES
)

[2026-01-15 13:58:04] [22 MB] [chunked_processor] Job retrieved successfully
    DATA: Array
(
    [status] => running
    [type] => backup
)

[2026-01-15 13:58:04] [22 MB] [chunked_processor] save_job called
    DATA: Array
(
    [job_id] => 172ff699-2121-49b1-b339-6ad8c79609ce
    [status] => running
)

[2026-01-15 13:58:04] [22 MB] [chunked_processor] Transient save result
    DATA: Array
(
    [option_name] => speed_backups_job_172ff699-2121-49b1-b339-6ad8c79609ce
    [success] => YES
)

[2026-01-15 13:58:04] [22 MB] [chunked_processor] Option save result
    DATA: Array
(
    [option_name] => speed_backups_job_172ff699-2121-49b1-b339-6ad8c79609ce
    [success] => YES
)

[2026-01-15 13:58:04] [22 MB] [chunked_processor] Save verification
    DATA: Array
(
    [verified] => YES
)

[2026-01-15 13:58:04] [22 MB] [chunked_processor] get_job called
    DATA: Array
(
    [job_id] => 172ff699-2121-49b1-b339-6ad8c79609ce
)

[2026-01-15 13:58:04] [22 MB] [chunked_processor] Transient lookup result
    DATA: Array
(
    [option_name] => speed_backups_job_172ff699-2121-49b1-b339-6ad8c79609ce
    [found] => YES
)

[2026-01-15 13:58:04] [22 MB] [chunked_processor] Job retrieved successfully
    DATA: Array
(
    [status] => running
    [type] => backup
)

[2026-01-15 13:58:04] [22 MB] [chunked_processor] get_job called
    DATA: Array
(
    [job_id] => 172ff699-2121-49b1-b339-6ad8c79609ce
)

[2026-01-15 13:58:04] [22 MB] [chunked_processor] Transient lookup result
    DATA: Array
(
    [option_name] => speed_backups_job_172ff699-2121-49b1-b339-6ad8c79609ce
    [found] => YES
)

[2026-01-15 13:58:04] [22 MB] [chunked_processor] Job retrieved successfully
    DATA: Array
(
    [status] => running
    [type] => backup
)

[2026-01-15 13:58:04] [22 MB] [chunked_processor] get_job called
    DATA: Array
(
    [job_id] => 172ff699-2121-49b1-b339-6ad8c79609ce
)

[2026-01-15 13:58:04] [22 MB] [chunked_processor] Transient lookup result
    DATA: Array
(
    [option_name] => speed_backups_job_172ff699-2121-49b1-b339-6ad8c79609ce
    [found] => YES
)

[2026-01-15 13:58:04] [22 MB] [chunked_processor] Job retrieved successfully
    DATA: Array
(
    [status] => running
    [type] => backup
)

[2026-01-15 13:58:04] [22 MB] [chunked_processor] get_job called
    DATA: Array
(
    [job_id] => 172ff699-2121-49b1-b339-6ad8c79609ce
)

[2026-01-15 13:58:04] [22 MB] [chunked_processor] Transient lookup result
    DATA: Array
(
    [option_name] => speed_backups_job_172ff699-2121-49b1-b339-6ad8c79609ce
    [found] => YES
)

[2026-01-15 13:58:04] [22 MB] [chunked_processor] Job retrieved successfully
    DATA: Array
(
    [status] => running
    [type] => backup
)

[2026-01-15 13:58:04] [22 MB] [chunked_processor] get_job called
    DATA: Array
(
    [job_id] => 172ff699-2121-49b1-b339-6ad8c79609ce
)

[2026-01-15 13:58:04] [22 MB] [chunked_processor] Transient lookup result
    DATA: Array
(
    [option_name] => speed_backups_job_172ff699-2121-49b1-b339-6ad8c79609ce
    [found] => YES
)

[2026-01-15 13:58:04] [22 MB] [chunked_processor] Job retrieved successfully
    DATA: Array
(
    [status] => running
    [type] => backup
)

[2026-01-15 13:58:04] [22 MB] [chunked_processor] save_job called
    DATA: Array
(
    [job_id] => 172ff699-2121-49b1-b339-6ad8c79609ce
    [status] => running
)

[2026-01-15 13:58:04] [22 MB] [chunked_processor] Transient save result
    DATA: Array
(
    [option_name] => speed_backups_job_172ff699-2121-49b1-b339-6ad8c79609ce
    [success] => YES
)

[2026-01-15 13:58:04] [22 MB] [chunked_processor] Option save result
    DATA: Array
(
    [option_name] => speed_backups_job_172ff699-2121-49b1-b339-6ad8c79609ce
    [success] => YES
)

[2026-01-15 13:58:04] [22 MB] [chunked_processor] Save verification
    DATA: Array
(
    [verified] => YES
)

[2026-01-15 13:58:04] [22 MB] [chunked_processor] get_job called
    DATA: Array
(
    [job_id] => 172ff699-2121-49b1-b339-6ad8c79609ce
)

[2026-01-15 13:58:04] [22 MB] [chunked_processor] Transient lookup result
    DATA: Array
(
    [option_name] => speed_backups_job_172ff699-2121-49b1-b339-6ad8c79609ce
    [found] => YES
)

[2026-01-15 13:58:04] [22 MB] [chunked_processor] Job retrieved successfully
    DATA: Array
(
    [status] => running
    [type] => backup
)

[2026-01-15 13:58:04] [22 MB] [chunked_processor] save_job called
    DATA: Array
(
    [job_id] => 172ff699-2121-49b1-b339-6ad8c79609ce
    [status] => running
)

[2026-01-15 13:58:04] [22 MB] [chunked_processor] Transient save result
    DATA: Array
(
    [option_name] => speed_backups_job_172ff699-2121-49b1-b339-6ad8c79609ce
    [success] => YES
)

[2026-01-15 13:58:04] [22 MB] [chunked_processor] Option save result
    DATA: Array
(
    [option_name] => speed_backups_job_172ff699-2121-49b1-b339-6ad8c79609ce
    [success] => YES
)

[2026-01-15 13:58:04] [22 MB] [chunked_processor] Save verification
    DATA: Array
(
    [verified] => YES
)

[2026-01-15 13:58:04] [22 MB] [chunked_processor] get_job called
    DATA: Array
(
    [job_id] => 172ff699-2121-49b1-b339-6ad8c79609ce
)

[2026-01-15 13:58:04] [22 MB] [chunked_processor] Transient lookup result
    DATA: Array
(
    [option_name] => speed_backups_job_172ff699-2121-49b1-b339-6ad8c79609ce
    [found] => YES
)

[2026-01-15 13:58:04] [22 MB] [chunked_processor] Job retrieved successfully
    DATA: Array
(
    [status] => running
    [type] => backup
)

[2026-01-15 13:58:04] [22 MB] [chunked_processor] get_job called
    DATA: Array
(
    [job_id] => 172ff699-2121-49b1-b339-6ad8c79609ce
)

[2026-01-15 13:58:04] [22 MB] [chunked_processor] Transient lookup result
    DATA: Array
(
    [option_name] => speed_backups_job_172ff699-2121-49b1-b339-6ad8c79609ce
    [found] => YES
)

[2026-01-15 13:58:04] [22 MB] [chunked_processor] Job retrieved successfully
    DATA: Array
(
    [status] => running
    [type] => backup
)

[2026-01-15 13:58:05] [22 MB] [chunked_processor] get_job called
    DATA: Array
(
    [job_id] => 172ff699-2121-49b1-b339-6ad8c79609ce
)

[2026-01-15 13:58:05] [22 MB] [chunked_processor] Transient lookup result
    DATA: Array
(
    [option_name] => speed_backups_job_172ff699-2121-49b1-b339-6ad8c79609ce
    [found] => YES
)

[2026-01-15 13:58:05] [22 MB] [chunked_processor] Job retrieved successfully
    DATA: Array
(
    [status] => running
    [type] => backup
)

[2026-01-15 13:58:05] [22 MB] [chunked_processor] get_job called
    DATA: Array
(
    [job_id] => 172ff699-2121-49b1-b339-6ad8c79609ce
)

[2026-01-15 13:58:05] [22 MB] [chunked_processor] Transient lookup result
    DATA: Array
(
    [option_name] => speed_backups_job_172ff699-2121-49b1-b339-6ad8c79609ce
    [found] => YES
)

[2026-01-15 13:58:05] [22 MB] [chunked_processor] Job retrieved successfully
    DATA: Array
(
    [status] => running
    [type] => backup
)

[2026-01-15 13:58:05] [22 MB] [chunked_processor] get_job called
    DATA: Array
(
    [job_id] => 172ff699-2121-49b1-b339-6ad8c79609ce
)

[2026-01-15 13:58:05] [22 MB] [chunked_processor] Transient lookup result
    DATA: Array
(
    [option_name] => speed_backups_job_172ff699-2121-49b1-b339-6ad8c79609ce
    [found] => YES
)

[2026-01-15 13:58:05] [22 MB] [chunked_processor] Job retrieved successfully
    DATA: Array
(
    [status] => running
    [type] => backup
)

[2026-01-15 13:58:05] [22 MB] [chunked_processor] save_job called
    DATA: Array
(
    [job_id] => 172ff699-2121-49b1-b339-6ad8c79609ce
    [status] => running
)

[2026-01-15 13:58:05] [22 MB] [chunked_processor] Transient save result
    DATA: Array
(
    [option_name] => speed_backups_job_172ff699-2121-49b1-b339-6ad8c79609ce
    [success] => YES
)

[2026-01-15 13:58:05] [22 MB] [chunked_processor] Option save result
    DATA: Array
(
    [option_name] => speed_backups_job_172ff699-2121-49b1-b339-6ad8c79609ce
    [success] => YES
)

[2026-01-15 13:58:05] [22 MB] [chunked_processor] Save verification
    DATA: Array
(
    [verified] => YES
)

[2026-01-15 13:58:05] [22 MB] [chunked_processor] get_job called
    DATA: Array
(
    [job_id] => 172ff699-2121-49b1-b339-6ad8c79609ce
)

[2026-01-15 13:58:05] [22 MB] [chunked_processor] Transient lookup result
    DATA: Array
(
    [option_name] => speed_backups_job_172ff699-2121-49b1-b339-6ad8c79609ce
    [found] => YES
)

[2026-01-15 13:58:05] [22 MB] [chunked_processor] Job retrieved successfully
    DATA: Array
(
    [status] => running
    [type] => backup
)

[2026-01-15 13:58:05] [22 MB] [chunked_processor] save_job called
    DATA: Array
(
    [job_id] => 172ff699-2121-49b1-b339-6ad8c79609ce
    [status] => running
)

[2026-01-15 13:58:05] [22 MB] [chunked_processor] Transient save result
    DATA: Array
(
    [option_name] => speed_backups_job_172ff699-2121-49b1-b339-6ad8c79609ce
    [success] => YES
)

[2026-01-15 13:58:05] [22 MB] [chunked_processor] Option save result
    DATA: Array
(
    [option_name] => speed_backups_job_172ff699-2121-49b1-b339-6ad8c79609ce
    [success] => YES
)

[2026-01-15 13:58:05] [22 MB] [chunked_processor] Save verification
    DATA: Array
(
    [verified] => YES
)

[2026-01-15 13:58:05] [22 MB] [chunked_processor] get_job called
    DATA: Array
(
    [job_id] => 172ff699-2121-49b1-b339-6ad8c79609ce
)

[2026-01-15 13:58:05] [22 MB] [chunked_processor] Transient lookup result
    DATA: Array
(
    [option_name] => speed_backups_job_172ff699-2121-49b1-b339-6ad8c79609ce
    [found] => YES
)

[2026-01-15 13:58:05] [22 MB] [chunked_processor] Job retrieved successfully
    DATA: Array
(
    [status] => running
    [type] => backup
)

[2026-01-15 13:58:05] [22 MB] [chunked_processor] get_job called
    DATA: Array
(
    [job_id] => 172ff699-2121-49b1-b339-6ad8c79609ce
)

[2026-01-15 13:58:05] [22 MB] [chunked_processor] Transient lookup result
    DATA: Array
(
    [option_name] => speed_backups_job_172ff699-2121-49b1-b339-6ad8c79609ce
    [found] => YES
)

[2026-01-15 13:58:05] [22 MB] [chunked_processor] Job retrieved successfully
    DATA: Array
(
    [status] => running
    [type] => backup
)

[2026-01-15 13:58:06] [22 MB] [chunked_processor] get_job called
    DATA: Array
(
    [job_id] => 172ff699-2121-49b1-b339-6ad8c79609ce
)

[2026-01-15 13:58:06] [22 MB] [chunked_processor] Transient lookup result
    DATA: Array
(
    [option_name] => speed_backups_job_172ff699-2121-49b1-b339-6ad8c79609ce
    [found] => YES
)

[2026-01-15 13:58:06] [22 MB] [chunked_processor] Job retrieved successfully
    DATA: Array
(
    [status] => running
    [type] => backup
)

[2026-01-15 13:58:06] [22 MB] [chunked_processor] get_job called
    DATA: Array
(
    [job_id] => 172ff699-2121-49b1-b339-6ad8c79609ce
)

[2026-01-15 13:58:06] [22 MB] [chunked_processor] Transient lookup result
    DATA: Array
(
    [option_name] => speed_backups_job_172ff699-2121-49b1-b339-6ad8c79609ce
    [found] => YES
)

[2026-01-15 13:58:06] [22 MB] [chunked_processor] Job retrieved successfully
    DATA: Array
(
    [status] => running
    [type] => backup
)

[2026-01-15 13:58:06] [22 MB] [chunked_processor] get_job called
    DATA: Array
(
    [job_id] => 172ff699-2121-49b1-b339-6ad8c79609ce
)

[2026-01-15 13:58:06] [22 MB] [chunked_processor] Transient lookup result
    DATA: Array
(
    [option_name] => speed_backups_job_172ff699-2121-49b1-b339-6ad8c79609ce
    [found] => YES
)

[2026-01-15 13:58:06] [22 MB] [chunked_processor] Job retrieved successfully
    DATA: Array
(
    [status] => running
    [type] => backup
)

[2026-01-15 13:58:06] [22 MB] [chunked_processor] save_job called
    DATA: Array
(
    [job_id] => 172ff699-2121-49b1-b339-6ad8c79609ce
    [status] => running
)

[2026-01-15 13:58:06] [22 MB] [chunked_processor] Transient save result
    DATA: Array
(
    [option_name] => speed_backups_job_172ff699-2121-49b1-b339-6ad8c79609ce
    [success] => YES
)

[2026-01-15 13:58:06] [22 MB] [chunked_processor] Option save result
    DATA: Array
(
    [option_name] => speed_backups_job_172ff699-2121-49b1-b339-6ad8c79609ce
    [success] => YES
)

[2026-01-15 13:58:06] [22 MB] [chunked_processor] Save verification
    DATA: Array
(
    [verified] => YES
)

[2026-01-15 13:58:06] [22 MB] [chunked_processor] get_job called
    DATA: Array
(
    [job_id] => 172ff699-2121-49b1-b339-6ad8c79609ce
)

[2026-01-15 13:58:06] [22 MB] [chunked_processor] Transient lookup result
    DATA: Array
(
    [option_name] => speed_backups_job_172ff699-2121-49b1-b339-6ad8c79609ce
    [found] => YES
)

[2026-01-15 13:58:06] [22 MB] [chunked_processor] Job retrieved successfully
    DATA: Array
(
    [status] => running
    [type] => backup
)

[2026-01-15 13:58:06] [22 MB] [chunked_processor] save_job called
    DATA: Array
(
    [job_id] => 172ff699-2121-49b1-b339-6ad8c79609ce
    [status] => running
)

[2026-01-15 13:58:06] [22 MB] [chunked_processor] Transient save result
    DATA: Array
(
    [option_name] => speed_backups_job_172ff699-2121-49b1-b339-6ad8c79609ce
    [success] => YES
)

[2026-01-15 13:58:06] [22 MB] [chunked_processor] Option save result
    DATA: Array
(
    [option_name] => speed_backups_job_172ff699-2121-49b1-b339-6ad8c79609ce
    [success] => YES
)

[2026-01-15 13:58:06] [22 MB] [chunked_processor] Save verification
    DATA: Array
(
    [verified] => YES
)

[2026-01-15 13:58:06] [22 MB] [chunked_processor] get_job called
    DATA: Array
(
    [job_id] => 172ff699-2121-49b1-b339-6ad8c79609ce
)

[2026-01-15 13:58:06] [22 MB] [chunked_processor] Transient lookup result
    DATA: Array
(
    [option_name] => speed_backups_job_172ff699-2121-49b1-b339-6ad8c79609ce
    [found] => YES
)

[2026-01-15 13:58:06] [22 MB] [chunked_processor] Job retrieved successfully
    DATA: Array
(
    [status] => running
    [type] => backup
)

[2026-01-15 13:58:06] [22 MB] [chunked_processor] get_job called
    DATA: Array
(
    [job_id] => 172ff699-2121-49b1-b339-6ad8c79609ce
)

[2026-01-15 13:58:06] [22 MB] [chunked_processor] Transient lookup result
    DATA: Array
(
    [option_name] => speed_backups_job_172ff699-2121-49b1-b339-6ad8c79609ce
    [found] => YES
)

[2026-01-15 13:58:06] [22 MB] [chunked_processor] Job retrieved successfully
    DATA: Array
(
    [status] => running
    [type] => backup
)

[2026-01-15 13:58:06] [22 MB] [chunked_processor] get_job called
    DATA: Array
(
    [job_id] => 172ff699-2121-49b1-b339-6ad8c79609ce
)

[2026-01-15 13:58:06] [22 MB] [chunked_processor] Transient lookup result
    DATA: Array
(
    [option_name] => speed_backups_job_172ff699-2121-49b1-b339-6ad8c79609ce
    [found] => YES
)

[2026-01-15 13:58:06] [22 MB] [chunked_processor] Job retrieved successfully
    DATA: Array
(
    [status] => running
    [type] => backup
)

[2026-01-15 13:58:06] [22 MB] [chunked_processor] get_job called
    DATA: Array
(
    [job_id] => 172ff699-2121-49b1-b339-6ad8c79609ce
)

[2026-01-15 13:58:06] [22 MB] [chunked_processor] Transient lookup result
    DATA: Array
(
    [option_name] => speed_backups_job_172ff699-2121-49b1-b339-6ad8c79609ce
    [found] => YES
)

[2026-01-15 13:58:06] [22 MB] [chunked_processor] Job retrieved successfully
    DATA: Array
(
    [status] => running
    [type] => backup
)

[2026-01-15 13:58:06] [22 MB] [chunked_processor] get_job called
    DATA: Array
(
    [job_id] => 172ff699-2121-49b1-b339-6ad8c79609ce
)

[2026-01-15 13:58:06] [22 MB] [chunked_processor] Transient lookup result
    DATA: Array
(
    [option_name] => speed_backups_job_172ff699-2121-49b1-b339-6ad8c79609ce
    [found] => YES
)

[2026-01-15 13:58:06] [22 MB] [chunked_processor] Job retrieved successfully
    DATA: Array
(
    [status] => running
    [type] => backup
)

[2026-01-15 13:58:06] [22 MB] [chunked_processor] save_job called
    DATA: Array
(
    [job_id] => 172ff699-2121-49b1-b339-6ad8c79609ce
    [status] => running
)

[2026-01-15 13:58:06] [22 MB] [chunked_processor] Transient save result
    DATA: Array
(
    [option_name] => speed_backups_job_172ff699-2121-49b1-b339-6ad8c79609ce
    [success] => YES
)

[2026-01-15 13:58:06] [22 MB] [chunked_processor] Option save result
    DATA: Array
(
    [option_name] => speed_backups_job_172ff699-2121-49b1-b339-6ad8c79609ce
    [success] => YES
)

[2026-01-15 13:58:06] [22 MB] [chunked_processor] Save verification
    DATA: Array
(
    [verified] => YES
)

[2026-01-15 13:58:12] [24 MB] [chunked_processor] get_job called
    DATA: Array
(
    [job_id] => 172ff699-2121-49b1-b339-6ad8c79609ce
)

[2026-01-15 13:58:12] [24 MB] [chunked_processor] Transient lookup result
    DATA: Array
(
    [option_name] => speed_backups_job_172ff699-2121-49b1-b339-6ad8c79609ce
    [found] => YES
)

[2026-01-15 13:58:12] [24 MB] [chunked_processor] Job retrieved successfully
    DATA: Array
(
    [status] => running
    [type] => backup
)

[2026-01-15 13:58:12] [24 MB] [chunked_processor] save_job called
    DATA: Array
(
    [job_id] => 172ff699-2121-49b1-b339-6ad8c79609ce
    [status] => running
)

[2026-01-15 13:58:12] [24 MB] [chunked_processor] Transient save result
    DATA: Array
(
    [option_name] => speed_backups_job_172ff699-2121-49b1-b339-6ad8c79609ce
    [success] => YES
)

[2026-01-15 13:58:12] [24 MB] [chunked_processor] Option save result
    DATA: Array
(
    [option_name] => speed_backups_job_172ff699-2121-49b1-b339-6ad8c79609ce
    [success] => YES
)

[2026-01-15 13:58:12] [24 MB] [chunked_processor] Save verification
    DATA: Array
(
    [verified] => YES
)

[2026-01-15 13:58:12] [24 MB] [chunked_processor] get_job called
    DATA: Array
(
    [job_id] => 172ff699-2121-49b1-b339-6ad8c79609ce
)

[2026-01-15 13:58:12] [24 MB] [chunked_processor] Transient lookup result
    DATA: Array
(
    [option_name] => speed_backups_job_172ff699-2121-49b1-b339-6ad8c79609ce
    [found] => YES
)

[2026-01-15 13:58:12] [24 MB] [chunked_processor] Job retrieved successfully
    DATA: Array
(
    [status] => running
    [type] => backup
)

[2026-01-15 13:58:12] [24 MB] [chunked_processor] get_job called
    DATA: Array
(
    [job_id] => 172ff699-2121-49b1-b339-6ad8c79609ce
)

[2026-01-15 13:58:12] [24 MB] [chunked_processor] Transient lookup result
    DATA: Array
(
    [option_name] => speed_backups_job_172ff699-2121-49b1-b339-6ad8c79609ce
    [found] => YES
)

[2026-01-15 13:58:12] [24 MB] [chunked_processor] Job retrieved successfully
    DATA: Array
(
    [status] => running
    [type] => backup
)

[2026-01-15 13:58:12] [22 MB] [chunked_processor] get_job called
    DATA: Array
(
    [job_id] => 172ff699-2121-49b1-b339-6ad8c79609ce
)

[2026-01-15 13:58:12] [22 MB] [chunked_processor] Transient lookup result
    DATA: Array
(
    [option_name] => speed_backups_job_172ff699-2121-49b1-b339-6ad8c79609ce
    [found] => YES
)

[2026-01-15 13:58:12] [22 MB] [chunked_processor] Job retrieved successfully
    DATA: Array
(
    [status] => running
    [type] => backup
)

[2026-01-15 13:58:12] [22 MB] [chunked_processor] get_job called
    DATA: Array
(
    [job_id] => 172ff699-2121-49b1-b339-6ad8c79609ce
)

[2026-01-15 13:58:12] [22 MB] [chunked_processor] Transient lookup result
    DATA: Array
(
    [option_name] => speed_backups_job_172ff699-2121-49b1-b339-6ad8c79609ce
    [found] => YES
)

[2026-01-15 13:58:12] [22 MB] [chunked_processor] Job retrieved successfully
    DATA: Array
(
    [status] => running
    [type] => backup
)

[2026-01-15 13:58:12] [22 MB] [chunked_processor] get_job called
    DATA: Array
(
    [job_id] => 172ff699-2121-49b1-b339-6ad8c79609ce
)

[2026-01-15 13:58:12] [22 MB] [chunked_processor] Transient lookup result
    DATA: Array
(
    [option_name] => speed_backups_job_172ff699-2121-49b1-b339-6ad8c79609ce
    [found] => YES
)

[2026-01-15 13:58:12] [22 MB] [chunked_processor] Job retrieved successfully
    DATA: Array
(
    [status] => running
    [type] => backup
)

[2026-01-15 13:58:12] [22 MB] [chunked_processor] save_job called
    DATA: Array
(
    [job_id] => 172ff699-2121-49b1-b339-6ad8c79609ce
    [status] => running
)

[2026-01-15 13:58:12] [22 MB] [chunked_processor] Transient save result
    DATA: Array
(
    [option_name] => speed_backups_job_172ff699-2121-49b1-b339-6ad8c79609ce
    [success] => YES
)

[2026-01-15 13:58:12] [22 MB] [chunked_processor] Option save result
    DATA: Array
(
    [option_name] => speed_backups_job_172ff699-2121-49b1-b339-6ad8c79609ce
    [success] => YES
)

[2026-01-15 13:58:12] [22 MB] [chunked_processor] Save verification
    DATA: Array
(
    [verified] => YES
)

[2026-01-15 13:58:19] [24 MB] [chunked_processor] get_job called
    DATA: Array
(
    [job_id] => 172ff699-2121-49b1-b339-6ad8c79609ce
)

[2026-01-15 13:58:19] [24 MB] [chunked_processor] Transient lookup result
    DATA: Array
(
    [option_name] => speed_backups_job_172ff699-2121-49b1-b339-6ad8c79609ce
    [found] => YES
)

[2026-01-15 13:58:19] [24 MB] [chunked_processor] Job retrieved successfully
    DATA: Array
(
    [status] => running
    [type] => backup
)

[2026-01-15 13:58:19] [24 MB] [chunked_processor] save_job called
    DATA: Array
(
    [job_id] => 172ff699-2121-49b1-b339-6ad8c79609ce
    [status] => running
)

[2026-01-15 13:58:19] [24 MB] [chunked_processor] Transient save result
    DATA: Array
(
    [option_name] => speed_backups_job_172ff699-2121-49b1-b339-6ad8c79609ce
    [success] => YES
)

[2026-01-15 13:58:19] [24 MB] [chunked_processor] Option save result
    DATA: Array
(
    [option_name] => speed_backups_job_172ff699-2121-49b1-b339-6ad8c79609ce
    [success] => YES
)

[2026-01-15 13:58:19] [24 MB] [chunked_processor] Save verification
    DATA: Array
(
    [verified] => YES
)

[2026-01-15 13:58:19] [24 MB] [chunked_processor] get_job called
    DATA: Array
(
    [job_id] => 172ff699-2121-49b1-b339-6ad8c79609ce
)

[2026-01-15 13:58:19] [24 MB] [chunked_processor] Transient lookup result
    DATA: Array
(
    [option_name] => speed_backups_job_172ff699-2121-49b1-b339-6ad8c79609ce
    [found] => YES
)

[2026-01-15 13:58:19] [24 MB] [chunked_processor] Job retrieved successfully
    DATA: Array
(
    [status] => running
    [type] => backup
)

[2026-01-15 13:58:19] [24 MB] [chunked_processor] get_job called
    DATA: Array
(
    [job_id] => 172ff699-2121-49b1-b339-6ad8c79609ce
)

[2026-01-15 13:58:19] [24 MB] [chunked_processor] Transient lookup result
    DATA: Array
(
    [option_name] => speed_backups_job_172ff699-2121-49b1-b339-6ad8c79609ce
    [found] => YES
)

[2026-01-15 13:58:19] [24 MB] [chunked_processor] Job retrieved successfully
    DATA: Array
(
    [status] => running
    [type] => backup
)

[2026-01-15 13:58:20] [20 MB] [chunked_processor] get_job called
    DATA: Array
(
    [job_id] => 172ff699-2121-49b1-b339-6ad8c79609ce
)

[2026-01-15 13:58:20] [20 MB] [chunked_processor] Transient lookup result
    DATA: Array
(
    [option_name] => speed_backups_job_172ff699-2121-49b1-b339-6ad8c79609ce
    [found] => YES
)

[2026-01-15 13:58:20] [20 MB] [chunked_processor] Job retrieved successfully
    DATA: Array
(
    [status] => running
    [type] => backup
)

[2026-01-15 13:58:20] [20 MB] [chunked_processor] get_job called
    DATA: Array
(
    [job_id] => 172ff699-2121-49b1-b339-6ad8c79609ce
)

[2026-01-15 13:58:20] [20 MB] [chunked_processor] Transient lookup result
    DATA: Array
(
    [option_name] => speed_backups_job_172ff699-2121-49b1-b339-6ad8c79609ce
    [found] => YES
)

[2026-01-15 13:58:20] [20 MB] [chunked_processor] Job retrieved successfully
    DATA: Array
(
    [status] => running
    [type] => backup
)

[2026-01-15 13:58:20] [20 MB] [chunked_processor] get_job called
    DATA: Array
(
    [job_id] => 172ff699-2121-49b1-b339-6ad8c79609ce
)

[2026-01-15 13:58:20] [20 MB] [chunked_processor] Transient lookup result
    DATA: Array
(
    [option_name] => speed_backups_job_172ff699-2121-49b1-b339-6ad8c79609ce
    [found] => YES
)

[2026-01-15 13:58:20] [20 MB] [chunked_processor] Job retrieved successfully
    DATA: Array
(
    [status] => running
    [type] => backup
)

[2026-01-15 13:58:20] [20 MB] [chunked_processor] save_job called
    DATA: Array
(
    [job_id] => 172ff699-2121-49b1-b339-6ad8c79609ce
    [status] => running
)

[2026-01-15 13:58:20] [20 MB] [chunked_processor] Transient save result
    DATA: Array
(
    [option_name] => speed_backups_job_172ff699-2121-49b1-b339-6ad8c79609ce
    [success] => YES
)

[2026-01-15 13:58:20] [20 MB] [chunked_processor] Option save result
    DATA: Array
(
    [option_name] => speed_backups_job_172ff699-2121-49b1-b339-6ad8c79609ce
    [success] => YES
)

[2026-01-15 13:58:20] [20 MB] [chunked_processor] Save verification
    DATA: Array
(
    [verified] => YES
)

[2026-01-15 13:58:21] [22 MB] [chunked_processor] get_job called
    DATA: Array
(
    [job_id] => 172ff699-2121-49b1-b339-6ad8c79609ce
)

[2026-01-15 13:58:21] [22 MB] [chunked_processor] Transient lookup result
    DATA: Array
(
    [option_name] => speed_backups_job_172ff699-2121-49b1-b339-6ad8c79609ce
    [found] => YES
)

[2026-01-15 13:58:21] [22 MB] [chunked_processor] Job retrieved successfully
    DATA: Array
(
    [status] => running
    [type] => backup
)

[2026-01-15 13:58:21] [22 MB] [chunked_processor] save_job called
    DATA: Array
(
    [job_id] => 172ff699-2121-49b1-b339-6ad8c79609ce
    [status] => running
)

[2026-01-15 13:58:21] [22 MB] [chunked_processor] Transient save result
    DATA: Array
(
    [option_name] => speed_backups_job_172ff699-2121-49b1-b339-6ad8c79609ce
    [success] => YES
)

[2026-01-15 13:58:21] [22 MB] [chunked_processor] Option save result
    DATA: Array
(
    [option_name] => speed_backups_job_172ff699-2121-49b1-b339-6ad8c79609ce
    [success] => YES
)

[2026-01-15 13:58:21] [22 MB] [chunked_processor] Save verification
    DATA: Array
(
    [verified] => YES
)

[2026-01-15 13:58:21] [22 MB] [chunked_processor] get_job called
    DATA: Array
(
    [job_id] => 172ff699-2121-49b1-b339-6ad8c79609ce
)

[2026-01-15 13:58:21] [22 MB] [chunked_processor] Transient lookup result
    DATA: Array
(
    [option_name] => speed_backups_job_172ff699-2121-49b1-b339-6ad8c79609ce
    [found] => YES
)

[2026-01-15 13:58:21] [22 MB] [chunked_processor] Job retrieved successfully
    DATA: Array
(
    [status] => running
    [type] => backup
)

[2026-01-15 13:58:21] [22 MB] [chunked_processor] get_job called
    DATA: Array
(
    [job_id] => 172ff699-2121-49b1-b339-6ad8c79609ce
)

[2026-01-15 13:58:21] [22 MB] [chunked_processor] Transient lookup result
    DATA: Array
(
    [option_name] => speed_backups_job_172ff699-2121-49b1-b339-6ad8c79609ce
    [found] => YES
)

[2026-01-15 13:58:21] [22 MB] [chunked_processor] Job retrieved successfully
    DATA: Array
(
    [status] => running
    [type] => backup
)

[2026-01-15 13:58:22] [24 MB] [chunked_processor] get_job called
    DATA: Array
(
    [job_id] => 172ff699-2121-49b1-b339-6ad8c79609ce
)

[2026-01-15 13:58:22] [24 MB] [chunked_processor] Transient lookup result
    DATA: Array
(
    [option_name] => speed_backups_job_172ff699-2121-49b1-b339-6ad8c79609ce
    [found] => YES
)

[2026-01-15 13:58:22] [24 MB] [chunked_processor] Job retrieved successfully
    DATA: Array
(
    [status] => running
    [type] => backup
)

[2026-01-15 13:58:22] [24 MB] [chunked_processor] get_job called
    DATA: Array
(
    [job_id] => 172ff699-2121-49b1-b339-6ad8c79609ce
)

[2026-01-15 13:58:22] [24 MB] [chunked_processor] Transient lookup result
    DATA: Array
(
    [option_name] => speed_backups_job_172ff699-2121-49b1-b339-6ad8c79609ce
    [found] => YES
)

[2026-01-15 13:58:22] [24 MB] [chunked_processor] Job retrieved successfully
    DATA: Array
(
    [status] => running
    [type] => backup
)

[2026-01-15 13:58:22] [24 MB] [chunked_processor] get_job called
    DATA: Array
(
    [job_id] => 172ff699-2121-49b1-b339-6ad8c79609ce
)

[2026-01-15 13:58:22] [24 MB] [chunked_processor] Transient lookup result
    DATA: Array
(
    [option_name] => speed_backups_job_172ff699-2121-49b1-b339-6ad8c79609ce
    [found] => YES
)

[2026-01-15 13:58:22] [24 MB] [chunked_processor] Job retrieved successfully
    DATA: Array
(
    [status] => running
    [type] => backup
)

[2026-01-15 13:58:22] [24 MB] [chunked_processor] save_job called
    DATA: Array
(
    [job_id] => 172ff699-2121-49b1-b339-6ad8c79609ce
    [status] => running
)

[2026-01-15 13:58:22] [24 MB] [chunked_processor] Transient save result
    DATA: Array
(
    [option_name] => speed_backups_job_172ff699-2121-49b1-b339-6ad8c79609ce
    [success] => YES
)

[2026-01-15 13:58:22] [24 MB] [chunked_processor] Option save result
    DATA: Array
(
    [option_name] => speed_backups_job_172ff699-2121-49b1-b339-6ad8c79609ce
    [success] => YES
)

[2026-01-15 13:58:22] [24 MB] [chunked_processor] Save verification
    DATA: Array
(
    [verified] => YES
)

[2026-01-15 13:58:23] [28 MB] [chunked_processor] get_job called
    DATA: Array
(
    [job_id] => 172ff699-2121-49b1-b339-6ad8c79609ce
)

[2026-01-15 13:58:23] [28 MB] [chunked_processor] Transient lookup result
    DATA: Array
(
    [option_name] => speed_backups_job_172ff699-2121-49b1-b339-6ad8c79609ce
    [found] => YES
)

[2026-01-15 13:58:23] [28 MB] [chunked_processor] Job retrieved successfully
    DATA: Array
(
    [status] => running
    [type] => backup
)

[2026-01-15 13:58:23] [28 MB] [chunked_processor] save_job called
    DATA: Array
(
    [job_id] => 172ff699-2121-49b1-b339-6ad8c79609ce
    [status] => running
)

[2026-01-15 13:58:23] [28 MB] [chunked_processor] Transient save result
    DATA: Array
(
    [option_name] => speed_backups_job_172ff699-2121-49b1-b339-6ad8c79609ce
    [success] => YES
)

[2026-01-15 13:58:23] [28 MB] [chunked_processor] Option save result
    DATA: Array
(
    [option_name] => speed_backups_job_172ff699-2121-49b1-b339-6ad8c79609ce
    [success] => YES
)

[2026-01-15 13:58:23] [28 MB] [chunked_processor] Save verification
    DATA: Array
(
    [verified] => YES
)

[2026-01-15 13:58:23] [28 MB] [chunked_processor] get_job called
    DATA: Array
(
    [job_id] => 172ff699-2121-49b1-b339-6ad8c79609ce
)

[2026-01-15 13:58:23] [28 MB] [chunked_processor] Transient lookup result
    DATA: Array
(
    [option_name] => speed_backups_job_172ff699-2121-49b1-b339-6ad8c79609ce
    [found] => YES
)

[2026-01-15 13:58:23] [28 MB] [chunked_processor] Job retrieved successfully
    DATA: Array
(
    [status] => running
    [type] => backup
)

[2026-01-15 13:58:23] [28 MB] [chunked_processor] get_job called
    DATA: Array
(
    [job_id] => 172ff699-2121-49b1-b339-6ad8c79609ce
)

[2026-01-15 13:58:23] [28 MB] [chunked_processor] Transient lookup result
    DATA: Array
(
    [option_name] => speed_backups_job_172ff699-2121-49b1-b339-6ad8c79609ce
    [found] => YES
)

[2026-01-15 13:58:23] [28 MB] [chunked_processor] Job retrieved successfully
    DATA: Array
(
    [status] => running
    [type] => backup
)

[2026-01-15 13:58:23] [24 MB] [chunked_processor] get_job called
    DATA: Array
(
    [job_id] => 172ff699-2121-49b1-b339-6ad8c79609ce
)

[2026-01-15 13:58:23] [24 MB] [chunked_processor] Transient lookup result
    DATA: Array
(
    [option_name] => speed_backups_job_172ff699-2121-49b1-b339-6ad8c79609ce
    [found] => YES
)

[2026-01-15 13:58:23] [24 MB] [chunked_processor] Job retrieved successfully
    DATA: Array
(
    [status] => running
    [type] => backup
)

[2026-01-15 13:58:23] [24 MB] [chunked_processor] get_job called
    DATA: Array
(
    [job_id] => 172ff699-2121-49b1-b339-6ad8c79609ce
)

[2026-01-15 13:58:23] [24 MB] [chunked_processor] Transient lookup result
    DATA: Array
(
    [option_name] => speed_backups_job_172ff699-2121-49b1-b339-6ad8c79609ce
    [found] => YES
)

[2026-01-15 13:58:23] [24 MB] [chunked_processor] Job retrieved successfully
    DATA: Array
(
    [status] => running
    [type] => backup
)

[2026-01-15 13:58:23] [24 MB] [chunked_processor] get_job called
    DATA: Array
(
    [job_id] => 172ff699-2121-49b1-b339-6ad8c79609ce
)

[2026-01-15 13:58:23] [24 MB] [chunked_processor] Transient lookup result
    DATA: Array
(
    [option_name] => speed_backups_job_172ff699-2121-49b1-b339-6ad8c79609ce
    [found] => YES
)

[2026-01-15 13:58:23] [24 MB] [chunked_processor] Job retrieved successfully
    DATA: Array
(
    [status] => running
    [type] => backup
)

[2026-01-15 13:58:23] [24 MB] [chunked_processor] save_job called
    DATA: Array
(
    [job_id] => 172ff699-2121-49b1-b339-6ad8c79609ce
    [status] => running
)

[2026-01-15 13:58:23] [24 MB] [chunked_processor] Transient save result
    DATA: Array
(
    [option_name] => speed_backups_job_172ff699-2121-49b1-b339-6ad8c79609ce
    [success] => YES
)

[2026-01-15 13:58:23] [24 MB] [chunked_processor] Option save result
    DATA: Array
(
    [option_name] => speed_backups_job_172ff699-2121-49b1-b339-6ad8c79609ce
    [success] => YES
)

[2026-01-15 13:58:23] [24 MB] [chunked_processor] Save verification
    DATA: Array
(
    [verified] => YES
)

[2026-01-15 13:58:26] [26 MB] [chunked_processor] get_job called
    DATA: Array
(
    [job_id] => 172ff699-2121-49b1-b339-6ad8c79609ce
)

[2026-01-15 13:58:26] [26 MB] [chunked_processor] Transient lookup result
    DATA: Array
(
    [option_name] => speed_backups_job_172ff699-2121-49b1-b339-6ad8c79609ce
    [found] => YES
)

[2026-01-15 13:58:26] [26 MB] [chunked_processor] Job retrieved successfully
    DATA: Array
(
    [status] => running
    [type] => backup
)

[2026-01-15 13:58:26] [26 MB] [chunked_processor] save_job called
    DATA: Array
(
    [job_id] => 172ff699-2121-49b1-b339-6ad8c79609ce
    [status] => running
)

[2026-01-15 13:58:26] [26 MB] [chunked_processor] Transient save result
    DATA: Array
(
    [option_name] => speed_backups_job_172ff699-2121-49b1-b339-6ad8c79609ce
    [success] => YES
)

[2026-01-15 13:58:26] [26 MB] [chunked_processor] Option save result
    DATA: Array
(
    [option_name] => speed_backups_job_172ff699-2121-49b1-b339-6ad8c79609ce
    [success] => YES
)

[2026-01-15 13:58:26] [26 MB] [chunked_processor] Save verification
    DATA: Array
(
    [verified] => YES
)

[2026-01-15 13:58:26] [26 MB] [chunked_processor] get_job called
    DATA: Array
(
    [job_id] => 172ff699-2121-49b1-b339-6ad8c79609ce
)

[2026-01-15 13:58:26] [26 MB] [chunked_processor] Transient lookup result
    DATA: Array
(
    [option_name] => speed_backups_job_172ff699-2121-49b1-b339-6ad8c79609ce
    [found] => YES
)

[2026-01-15 13:58:26] [26 MB] [chunked_processor] Job retrieved successfully
    DATA: Array
(
    [status] => running
    [type] => backup
)

[2026-01-15 13:58:26] [26 MB] [chunked_processor] get_job called
    DATA: Array
(
    [job_id] => 172ff699-2121-49b1-b339-6ad8c79609ce
)

[2026-01-15 13:58:26] [26 MB] [chunked_processor] Transient lookup result
    DATA: Array
(
    [option_name] => speed_backups_job_172ff699-2121-49b1-b339-6ad8c79609ce
    [found] => YES
)

[2026-01-15 13:58:26] [26 MB] [chunked_processor] Job retrieved successfully
    DATA: Array
(
    [status] => running
    [type] => backup
)

[2026-01-15 13:58:26] [22 MB] [chunked_processor] get_job called
    DATA: Array
(
    [job_id] => 172ff699-2121-49b1-b339-6ad8c79609ce
)

[2026-01-15 13:58:26] [22 MB] [chunked_processor] Transient lookup result
    DATA: Array
(
    [option_name] => speed_backups_job_172ff699-2121-49b1-b339-6ad8c79609ce
    [found] => YES
)

[2026-01-15 13:58:26] [22 MB] [chunked_processor] Job retrieved successfully
    DATA: Array
(
    [status] => running
    [type] => backup
)

[2026-01-15 13:58:26] [22 MB] [chunked_processor] get_job called
    DATA: Array
(
    [job_id] => 172ff699-2121-49b1-b339-6ad8c79609ce
)

[2026-01-15 13:58:26] [22 MB] [chunked_processor] Transient lookup result
    DATA: Array
(
    [option_name] => speed_backups_job_172ff699-2121-49b1-b339-6ad8c79609ce
    [found] => YES
)

[2026-01-15 13:58:26] [22 MB] [chunked_processor] Job retrieved successfully
    DATA: Array
(
    [status] => running
    [type] => backup
)

[2026-01-15 13:58:26] [22 MB] [chunked_processor] get_job called
    DATA: Array
(
    [job_id] => 172ff699-2121-49b1-b339-6ad8c79609ce
)

[2026-01-15 13:58:26] [22 MB] [chunked_processor] Transient lookup result
    DATA: Array
(
    [option_name] => speed_backups_job_172ff699-2121-49b1-b339-6ad8c79609ce
    [found] => YES
)

[2026-01-15 13:58:26] [22 MB] [chunked_processor] Job retrieved successfully
    DATA: Array
(
    [status] => running
    [type] => backup
)

[2026-01-15 13:58:26] [22 MB] [chunked_processor] save_job called
    DATA: Array
(
    [job_id] => 172ff699-2121-49b1-b339-6ad8c79609ce
    [status] => running
)

[2026-01-15 13:58:26] [22 MB] [chunked_processor] Transient save result
    DATA: Array
(
    [option_name] => speed_backups_job_172ff699-2121-49b1-b339-6ad8c79609ce
    [success] => YES
)

[2026-01-15 13:58:26] [22 MB] [chunked_processor] Option save result
    DATA: Array
(
    [option_name] => speed_backups_job_172ff699-2121-49b1-b339-6ad8c79609ce
    [success] => YES
)

[2026-01-15 13:58:26] [22 MB] [chunked_processor] Save verification
    DATA: Array
(
    [verified] => YES
)

[2026-01-15 13:58:27] [24 MB] [chunked_processor] get_job called
    DATA: Array
(
    [job_id] => 172ff699-2121-49b1-b339-6ad8c79609ce
)

[2026-01-15 13:58:28] [24 MB] [chunked_processor] Transient lookup result
    DATA: Array
(
    [option_name] => speed_backups_job_172ff699-2121-49b1-b339-6ad8c79609ce
    [found] => YES
)

[2026-01-15 13:58:28] [24 MB] [chunked_processor] Job retrieved successfully
    DATA: Array
(
    [status] => running
    [type] => backup
)

[2026-01-15 13:58:28] [24 MB] [chunked_processor] save_job called
    DATA: Array
(
    [job_id] => 172ff699-2121-49b1-b339-6ad8c79609ce
    [status] => running
)

[2026-01-15 13:58:28] [24 MB] [chunked_processor] Transient save result
    DATA: Array
(
    [option_name] => speed_backups_job_172ff699-2121-49b1-b339-6ad8c79609ce
    [success] => YES
)

[2026-01-15 13:58:28] [24 MB] [chunked_processor] Option save result
    DATA: Array
(
    [option_name] => speed_backups_job_172ff699-2121-49b1-b339-6ad8c79609ce
    [success] => YES
)

[2026-01-15 13:58:28] [24 MB] [chunked_processor] Save verification
    DATA: Array
(
    [verified] => YES
)

[2026-01-15 13:58:28] [24 MB] [chunked_processor] get_job called
    DATA: Array
(
    [job_id] => 172ff699-2121-49b1-b339-6ad8c79609ce
)

[2026-01-15 13:58:28] [24 MB] [chunked_processor] Transient lookup result
    DATA: Array
(
    [option_name] => speed_backups_job_172ff699-2121-49b1-b339-6ad8c79609ce
    [found] => YES
)

[2026-01-15 13:58:28] [24 MB] [chunked_processor] Job retrieved successfully
    DATA: Array
(
    [status] => running
    [type] => backup
)

[2026-01-15 13:58:28] [24 MB] [chunked_processor] get_job called
    DATA: Array
(
    [job_id] => 172ff699-2121-49b1-b339-6ad8c79609ce
)

[2026-01-15 13:58:28] [24 MB] [chunked_processor] Transient lookup result
    DATA: Array
(
    [option_name] => speed_backups_job_172ff699-2121-49b1-b339-6ad8c79609ce
    [found] => YES
)

[2026-01-15 13:58:28] [24 MB] [chunked_processor] Job retrieved successfully
    DATA: Array
(
    [status] => running
    [type] => backup
)

[2026-01-15 13:58:28] [28 MB] [chunked_processor] get_job called
    DATA: Array
(
    [job_id] => 172ff699-2121-49b1-b339-6ad8c79609ce
)

[2026-01-15 13:58:28] [28 MB] [chunked_processor] Transient lookup result
    DATA: Array
(
    [option_name] => speed_backups_job_172ff699-2121-49b1-b339-6ad8c79609ce
    [found] => YES
)

[2026-01-15 13:58:28] [28 MB] [chunked_processor] Job retrieved successfully
    DATA: Array
(
    [status] => running
    [type] => backup
)

[2026-01-15 13:58:28] [28 MB] [chunked_processor] get_job called
    DATA: Array
(
    [job_id] => 172ff699-2121-49b1-b339-6ad8c79609ce
)

[2026-01-15 13:58:28] [28 MB] [chunked_processor] Transient lookup result
    DATA: Array
(
    [option_name] => speed_backups_job_172ff699-2121-49b1-b339-6ad8c79609ce
    [found] => YES
)

[2026-01-15 13:58:28] [28 MB] [chunked_processor] Job retrieved successfully
    DATA: Array
(
    [status] => running
    [type] => backup
)

[2026-01-15 13:58:28] [28 MB] [chunked_processor] get_job called
    DATA: Array
(
    [job_id] => 172ff699-2121-49b1-b339-6ad8c79609ce
)

[2026-01-15 13:58:28] [28 MB] [chunked_processor] Transient lookup result
    DATA: Array
(
    [option_name] => speed_backups_job_172ff699-2121-49b1-b339-6ad8c79609ce
    [found] => YES
)

[2026-01-15 13:58:28] [28 MB] [chunked_processor] Job retrieved successfully
    DATA: Array
(
    [status] => running
    [type] => backup
)

[2026-01-15 13:58:28] [28 MB] [chunked_processor] save_job called
    DATA: Array
(
    [job_id] => 172ff699-2121-49b1-b339-6ad8c79609ce
    [status] => running
)

[2026-01-15 13:58:28] [28 MB] [chunked_processor] Transient save result
    DATA: Array
(
    [option_name] => speed_backups_job_172ff699-2121-49b1-b339-6ad8c79609ce
    [success] => YES
)

[2026-01-15 13:58:28] [28 MB] [chunked_processor] Option save result
    DATA: Array
(
    [option_name] => speed_backups_job_172ff699-2121-49b1-b339-6ad8c79609ce
    [success] => YES
)

[2026-01-15 13:58:28] [28 MB] [chunked_processor] Save verification
    DATA: Array
(
    [verified] => YES
)

[2026-01-15 13:58:29] [28 MB] [chunked_processor] get_job called
    DATA: Array
(
    [job_id] => 172ff699-2121-49b1-b339-6ad8c79609ce
)

[2026-01-15 13:58:29] [28 MB] [chunked_processor] Transient lookup result
    DATA: Array
(
    [option_name] => speed_backups_job_172ff699-2121-49b1-b339-6ad8c79609ce
    [found] => YES
)

[2026-01-15 13:58:29] [28 MB] [chunked_processor] Job retrieved successfully
    DATA: Array
(
    [status] => running
    [type] => backup
)

[2026-01-15 13:58:29] [28 MB] [chunked_processor] save_job called
    DATA: Array
(
    [job_id] => 172ff699-2121-49b1-b339-6ad8c79609ce
    [status] => running
)

[2026-01-15 13:58:29] [28 MB] [chunked_processor] Transient save result
    DATA: Array
(
    [option_name] => speed_backups_job_172ff699-2121-49b1-b339-6ad8c79609ce
    [success] => YES
)

[2026-01-15 13:58:29] [28 MB] [chunked_processor] Option save result
    DATA: Array
(
    [option_name] => speed_backups_job_172ff699-2121-49b1-b339-6ad8c79609ce
    [success] => YES
)

[2026-01-15 13:58:29] [28 MB] [chunked_processor] Save verification
    DATA: Array
(
    [verified] => YES
)

[2026-01-15 13:58:29] [28 MB] [chunked_processor] get_job called
    DATA: Array
(
    [job_id] => 172ff699-2121-49b1-b339-6ad8c79609ce
)

[2026-01-15 13:58:29] [28 MB] [chunked_processor] Transient lookup result
    DATA: Array
(
    [option_name] => speed_backups_job_172ff699-2121-49b1-b339-6ad8c79609ce
    [found] => YES
)

[2026-01-15 13:58:29] [28 MB] [chunked_processor] Job retrieved successfully
    DATA: Array
(
    [status] => running
    [type] => backup
)

[2026-01-15 13:58:29] [28 MB] [chunked_processor] get_job called
    DATA: Array
(
    [job_id] => 172ff699-2121-49b1-b339-6ad8c79609ce
)

[2026-01-15 13:58:29] [28 MB] [chunked_processor] Transient lookup result
    DATA: Array
(
    [option_name] => speed_backups_job_172ff699-2121-49b1-b339-6ad8c79609ce
    [found] => YES
)

[2026-01-15 13:58:29] [28 MB] [chunked_processor] Job retrieved successfully
    DATA: Array
(
    [status] => running
    [type] => backup
)

[2026-01-15 13:58:29] [26 MB] [chunked_processor] get_job called
    DATA: Array
(
    [job_id] => 172ff699-2121-49b1-b339-6ad8c79609ce
)

[2026-01-15 13:58:29] [26 MB] [chunked_processor] Transient lookup result
    DATA: Array
(
    [option_name] => speed_backups_job_172ff699-2121-49b1-b339-6ad8c79609ce
    [found] => YES
)

[2026-01-15 13:58:29] [26 MB] [chunked_processor] Job retrieved successfully
    DATA: Array
(
    [status] => running
    [type] => backup
)

[2026-01-15 13:58:29] [26 MB] [chunked_processor] get_job called
    DATA: Array
(
    [job_id] => 172ff699-2121-49b1-b339-6ad8c79609ce
)

[2026-01-15 13:58:29] [26 MB] [chunked_processor] Transient lookup result
    DATA: Array
(
    [option_name] => speed_backups_job_172ff699-2121-49b1-b339-6ad8c79609ce
    [found] => YES
)

[2026-01-15 13:58:29] [26 MB] [chunked_processor] Job retrieved successfully
    DATA: Array
(
    [status] => running
    [type] => backup
)

[2026-01-15 13:58:29] [26 MB] [chunked_processor] get_job called
    DATA: Array
(
    [job_id] => 172ff699-2121-49b1-b339-6ad8c79609ce
)

[2026-01-15 13:58:29] [26 MB] [chunked_processor] Transient lookup result
    DATA: Array
(
    [option_name] => speed_backups_job_172ff699-2121-49b1-b339-6ad8c79609ce
    [found] => YES
)

[2026-01-15 13:58:29] [26 MB] [chunked_processor] Job retrieved successfully
    DATA: Array
(
    [status] => running
    [type] => backup
)

[2026-01-15 13:58:29] [26 MB] [chunked_processor] save_job called
    DATA: Array
(
    [job_id] => 172ff699-2121-49b1-b339-6ad8c79609ce
    [status] => running
)

[2026-01-15 13:58:29] [26 MB] [chunked_processor] Transient save result
    DATA: Array
(
    [option_name] => speed_backups_job_172ff699-2121-49b1-b339-6ad8c79609ce
    [success] => YES
)

[2026-01-15 13:58:29] [26 MB] [chunked_processor] Option save result
    DATA: Array
(
    [option_name] => speed_backups_job_172ff699-2121-49b1-b339-6ad8c79609ce
    [success] => YES
)

[2026-01-15 13:58:29] [26 MB] [chunked_processor] Save verification
    DATA: Array
(
    [verified] => YES
)

[2026-01-15 13:58:30] [26 MB] [chunked_processor] get_job called
    DATA: Array
(
    [job_id] => 172ff699-2121-49b1-b339-6ad8c79609ce
)

[2026-01-15 13:58:30] [26 MB] [chunked_processor] Transient lookup result
    DATA: Array
(
    [option_name] => speed_backups_job_172ff699-2121-49b1-b339-6ad8c79609ce
    [found] => YES
)

[2026-01-15 13:58:30] [26 MB] [chunked_processor] Job retrieved successfully
    DATA: Array
(
    [status] => running
    [type] => backup
)

[2026-01-15 13:58:30] [26 MB] [chunked_processor] save_job called
    DATA: Array
(
    [job_id] => 172ff699-2121-49b1-b339-6ad8c79609ce
    [status] => running
)

[2026-01-15 13:58:30] [26 MB] [chunked_processor] Transient save result
    DATA: Array
(
    [option_name] => speed_backups_job_172ff699-2121-49b1-b339-6ad8c79609ce
    [success] => YES
)

[2026-01-15 13:58:30] [26 MB] [chunked_processor] Option save result
    DATA: Array
(
    [option_name] => speed_backups_job_172ff699-2121-49b1-b339-6ad8c79609ce
    [success] => YES
)

[2026-01-15 13:58:30] [26 MB] [chunked_processor] Save verification
    DATA: Array
(
    [verified] => YES
)

[2026-01-15 13:58:30] [26 MB] [chunked_processor] get_job called
    DATA: Array
(
    [job_id] => 172ff699-2121-49b1-b339-6ad8c79609ce
)

[2026-01-15 13:58:30] [26 MB] [chunked_processor] Transient lookup result
    DATA: Array
(
    [option_name] => speed_backups_job_172ff699-2121-49b1-b339-6ad8c79609ce
    [found] => YES
)

[2026-01-15 13:58:30] [26 MB] [chunked_processor] Job retrieved successfully
    DATA: Array
(
    [status] => running
    [type] => backup
)

[2026-01-15 13:58:30] [26 MB] [chunked_processor] get_job called
    DATA: Array
(
    [job_id] => 172ff699-2121-49b1-b339-6ad8c79609ce
)

[2026-01-15 13:58:30] [26 MB] [chunked_processor] Transient lookup result
    DATA: Array
(
    [option_name] => speed_backups_job_172ff699-2121-49b1-b339-6ad8c79609ce
    [found] => YES
)

[2026-01-15 13:58:30] [26 MB] [chunked_processor] Job retrieved successfully
    DATA: Array
(
    [status] => running
    [type] => backup
)

[2026-01-15 13:58:30] [24 MB] [chunked_processor] get_job called
    DATA: Array
(
    [job_id] => 172ff699-2121-49b1-b339-6ad8c79609ce
)

[2026-01-15 13:58:30] [24 MB] [chunked_processor] Transient lookup result
    DATA: Array
(
    [option_name] => speed_backups_job_172ff699-2121-49b1-b339-6ad8c79609ce
    [found] => YES
)

[2026-01-15 13:58:30] [24 MB] [chunked_processor] Job retrieved successfully
    DATA: Array
(
    [status] => running
    [type] => backup
)

[2026-01-15 13:58:30] [24 MB] [chunked_processor] get_job called
    DATA: Array
(
    [job_id] => 172ff699-2121-49b1-b339-6ad8c79609ce
)

[2026-01-15 13:58:30] [24 MB] [chunked_processor] Transient lookup result
    DATA: Array
(
    [option_name] => speed_backups_job_172ff699-2121-49b1-b339-6ad8c79609ce
    [found] => YES
)

[2026-01-15 13:58:30] [24 MB] [chunked_processor] Job retrieved successfully
    DATA: Array
(
    [status] => running
    [type] => backup
)

[2026-01-15 13:58:30] [24 MB] [chunked_processor] get_job called
    DATA: Array
(
    [job_id] => 172ff699-2121-49b1-b339-6ad8c79609ce
)

[2026-01-15 13:58:30] [24 MB] [chunked_processor] Transient lookup result
    DATA: Array
(
    [option_name] => speed_backups_job_172ff699-2121-49b1-b339-6ad8c79609ce
    [found] => YES
)

[2026-01-15 13:58:30] [24 MB] [chunked_processor] Job retrieved successfully
    DATA: Array
(
    [status] => running
    [type] => backup
)

[2026-01-15 13:58:30] [24 MB] [chunked_processor] save_job called
    DATA: Array
(
    [job_id] => 172ff699-2121-49b1-b339-6ad8c79609ce
    [status] => running
)

[2026-01-15 13:58:30] [24 MB] [chunked_processor] Transient save result
    DATA: Array
(
    [option_name] => speed_backups_job_172ff699-2121-49b1-b339-6ad8c79609ce
    [success] => YES
)

[2026-01-15 13:58:30] [24 MB] [chunked_processor] Option save result
    DATA: Array
(
    [option_name] => speed_backups_job_172ff699-2121-49b1-b339-6ad8c79609ce
    [success] => YES
)

[2026-01-15 13:58:30] [24 MB] [chunked_processor] Save verification
    DATA: Array
(
    [verified] => YES
)

[2026-01-15 13:58:30] [24 MB] [chunked_processor] get_job called
    DATA: Array
(
    [job_id] => 172ff699-2121-49b1-b339-6ad8c79609ce
)

[2026-01-15 13:58:30] [24 MB] [chunked_processor] Transient lookup result
    DATA: Array
(
    [option_name] => speed_backups_job_172ff699-2121-49b1-b339-6ad8c79609ce
    [found] => YES
)

[2026-01-15 13:58:30] [24 MB] [chunked_processor] Job retrieved successfully
    DATA: Array
(
    [status] => running
    [type] => backup
)

[2026-01-15 13:58:30] [24 MB] [chunked_processor] save_job called
    DATA: Array
(
    [job_id] => 172ff699-2121-49b1-b339-6ad8c79609ce
    [status] => running
)

[2026-01-15 13:58:30] [24 MB] [chunked_processor] Transient save result
    DATA: Array
(
    [option_name] => speed_backups_job_172ff699-2121-49b1-b339-6ad8c79609ce
    [success] => YES
)

[2026-01-15 13:58:30] [24 MB] [chunked_processor] Option save result
    DATA: Array
(
    [option_name] => speed_backups_job_172ff699-2121-49b1-b339-6ad8c79609ce
    [success] => YES
)

[2026-01-15 13:58:30] [24 MB] [chunked_processor] Save verification
    DATA: Array
(
    [verified] => YES
)

[2026-01-15 13:58:30] [24 MB] [chunked_processor] get_job called
    DATA: Array
(
    [job_id] => 172ff699-2121-49b1-b339-6ad8c79609ce
)

[2026-01-15 13:58:30] [24 MB] [chunked_processor] Transient lookup result
    DATA: Array
(
    [option_name] => speed_backups_job_172ff699-2121-49b1-b339-6ad8c79609ce
    [found] => YES
)

[2026-01-15 13:58:30] [24 MB] [chunked_processor] Job retrieved successfully
    DATA: Array
(
    [status] => running
    [type] => backup
)

[2026-01-15 13:58:30] [24 MB] [chunked_processor] get_job called
    DATA: Array
(
    [job_id] => 172ff699-2121-49b1-b339-6ad8c79609ce
)

[2026-01-15 13:58:30] [24 MB] [chunked_processor] Transient lookup result
    DATA: Array
(
    [option_name] => speed_backups_job_172ff699-2121-49b1-b339-6ad8c79609ce
    [found] => YES
)

[2026-01-15 13:58:30] [24 MB] [chunked_processor] Job retrieved successfully
    DATA: Array
(
    [status] => running
    [type] => backup
)

[2026-01-15 13:58:31] [26 MB] [chunked_processor] get_job called
    DATA: Array
(
    [job_id] => 172ff699-2121-49b1-b339-6ad8c79609ce
)

[2026-01-15 13:58:31] [26 MB] [chunked_processor] Transient lookup result
    DATA: Array
(
    [option_name] => speed_backups_job_172ff699-2121-49b1-b339-6ad8c79609ce
    [found] => YES
)

[2026-01-15 13:58:31] [26 MB] [chunked_processor] Job retrieved successfully
    DATA: Array
(
    [status] => running
    [type] => backup
)

[2026-01-15 13:58:31] [26 MB] [chunked_processor] get_job called
    DATA: Array
(
    [job_id] => 172ff699-2121-49b1-b339-6ad8c79609ce
)

[2026-01-15 13:58:31] [26 MB] [chunked_processor] Transient lookup result
    DATA: Array
(
    [option_name] => speed_backups_job_172ff699-2121-49b1-b339-6ad8c79609ce
    [found] => YES
)

[2026-01-15 13:58:31] [26 MB] [chunked_processor] Job retrieved successfully
    DATA: Array
(
    [status] => running
    [type] => backup
)

[2026-01-15 13:58:31] [26 MB] [chunked_processor] get_job called
    DATA: Array
(
    [job_id] => 172ff699-2121-49b1-b339-6ad8c79609ce
)

[2026-01-15 13:58:31] [26 MB] [chunked_processor] Transient lookup result
    DATA: Array
(
    [option_name] => speed_backups_job_172ff699-2121-49b1-b339-6ad8c79609ce
    [found] => YES
)

[2026-01-15 13:58:31] [26 MB] [chunked_processor] Job retrieved successfully
    DATA: Array
(
    [status] => running
    [type] => backup
)

[2026-01-15 13:58:31] [26 MB] [chunked_processor] save_job called
    DATA: Array
(
    [job_id] => 172ff699-2121-49b1-b339-6ad8c79609ce
    [status] => running
)

[2026-01-15 13:58:31] [26 MB] [chunked_processor] Transient save result
    DATA: Array
(
    [option_name] => speed_backups_job_172ff699-2121-49b1-b339-6ad8c79609ce
    [success] => YES
)

[2026-01-15 13:58:31] [26 MB] [chunked_processor] Option save result
    DATA: Array
(
    [option_name] => speed_backups_job_172ff699-2121-49b1-b339-6ad8c79609ce
    [success] => YES
)

[2026-01-15 13:58:31] [26 MB] [chunked_processor] Save verification
    DATA: Array
(
    [verified] => YES
)

[2026-01-15 13:58:31] [26 MB] [chunked_processor] get_job called
    DATA: Array
(
    [job_id] => 172ff699-2121-49b1-b339-6ad8c79609ce
)

[2026-01-15 13:58:31] [26 MB] [chunked_processor] Transient lookup result
    DATA: Array
(
    [option_name] => speed_backups_job_172ff699-2121-49b1-b339-6ad8c79609ce
    [found] => YES
)

[2026-01-15 13:58:31] [26 MB] [chunked_processor] Job retrieved successfully
    DATA: Array
(
    [status] => running
    [type] => backup
)

[2026-01-15 13:58:31] [26 MB] [chunked_processor] save_job called
    DATA: Array
(
    [job_id] => 172ff699-2121-49b1-b339-6ad8c79609ce
    [status] => running
)

[2026-01-15 13:58:31] [26 MB] [chunked_processor] Transient save result
    DATA: Array
(
    [option_name] => speed_backups_job_172ff699-2121-49b1-b339-6ad8c79609ce
    [success] => YES
)

[2026-01-15 13:58:31] [26 MB] [chunked_processor] Option save result
    DATA: Array
(
    [option_name] => speed_backups_job_172ff699-2121-49b1-b339-6ad8c79609ce
    [success] => YES
)

[2026-01-15 13:58:31] [26 MB] [chunked_processor] Save verification
    DATA: Array
(
    [verified] => YES
)

[2026-01-15 13:58:31] [26 MB] [chunked_processor] get_job called
    DATA: Array
(
    [job_id] => 172ff699-2121-49b1-b339-6ad8c79609ce
)

[2026-01-15 13:58:31] [26 MB] [chunked_processor] Transient lookup result
    DATA: Array
(
    [option_name] => speed_backups_job_172ff699-2121-49b1-b339-6ad8c79609ce
    [found] => YES
)

[2026-01-15 13:58:31] [26 MB] [chunked_processor] Job retrieved successfully
    DATA: Array
(
    [status] => running
    [type] => backup
)

[2026-01-15 13:58:31] [26 MB] [chunked_processor] get_job called
    DATA: Array
(
    [job_id] => 172ff699-2121-49b1-b339-6ad8c79609ce
)

[2026-01-15 13:58:31] [26 MB] [chunked_processor] Transient lookup result
    DATA: Array
(
    [option_name] => speed_backups_job_172ff699-2121-49b1-b339-6ad8c79609ce
    [found] => YES
)

[2026-01-15 13:58:31] [26 MB] [chunked_processor] Job retrieved successfully
    DATA: Array
(
    [status] => running
    [type] => backup
)

[2026-01-15 13:58:31] [24 MB] [chunked_processor] get_job called
    DATA: Array
(
    [job_id] => 172ff699-2121-49b1-b339-6ad8c79609ce
)

[2026-01-15 13:58:31] [24 MB] [chunked_processor] Transient lookup result
    DATA: Array
(
    [option_name] => speed_backups_job_172ff699-2121-49b1-b339-6ad8c79609ce
    [found] => YES
)

[2026-01-15 13:58:31] [24 MB] [chunked_processor] Job retrieved successfully
    DATA: Array
(
    [status] => running
    [type] => backup
)

[2026-01-15 13:58:31] [24 MB] [chunked_processor] get_job called
    DATA: Array
(
    [job_id] => 172ff699-2121-49b1-b339-6ad8c79609ce
)

[2026-01-15 13:58:31] [24 MB] [chunked_processor] Transient lookup result
    DATA: Array
(
    [option_name] => speed_backups_job_172ff699-2121-49b1-b339-6ad8c79609ce
    [found] => YES
)

[2026-01-15 13:58:31] [24 MB] [chunked_processor] Job retrieved successfully
    DATA: Array
(
    [status] => running
    [type] => backup
)

[2026-01-15 13:58:31] [24 MB] [chunked_processor] get_job called
    DATA: Array
(
    [job_id] => 172ff699-2121-49b1-b339-6ad8c79609ce
)

[2026-01-15 13:58:31] [24 MB] [chunked_processor] Transient lookup result
    DATA: Array
(
    [option_name] => speed_backups_job_172ff699-2121-49b1-b339-6ad8c79609ce
    [found] => YES
)

[2026-01-15 13:58:31] [24 MB] [chunked_processor] Job retrieved successfully
    DATA: Array
(
    [status] => running
    [type] => backup
)

[2026-01-15 13:58:31] [24 MB] [chunked_processor] save_job called
    DATA: Array
(
    [job_id] => 172ff699-2121-49b1-b339-6ad8c79609ce
    [status] => running
)

[2026-01-15 13:58:31] [24 MB] [chunked_processor] Transient save result
    DATA: Array
(
    [option_name] => speed_backups_job_172ff699-2121-49b1-b339-6ad8c79609ce
    [success] => YES
)

[2026-01-15 13:58:31] [24 MB] [chunked_processor] Option save result
    DATA: Array
(
    [option_name] => speed_backups_job_172ff699-2121-49b1-b339-6ad8c79609ce
    [success] => YES
)

[2026-01-15 13:58:31] [24 MB] [chunked_processor] Save verification
    DATA: Array
(
    [verified] => YES
)

[2026-01-15 13:58:32] [24 MB] [chunked_processor] get_job called
    DATA: Array
(
    [job_id] => 172ff699-2121-49b1-b339-6ad8c79609ce
)

[2026-01-15 13:58:32] [24 MB] [chunked_processor] Transient lookup result
    DATA: Array
(
    [option_name] => speed_backups_job_172ff699-2121-49b1-b339-6ad8c79609ce
    [found] => YES
)

[2026-01-15 13:58:32] [24 MB] [chunked_processor] Job retrieved successfully
    DATA: Array
(
    [status] => running
    [type] => backup
)

[2026-01-15 13:58:32] [24 MB] [chunked_processor] save_job called
    DATA: Array
(
    [job_id] => 172ff699-2121-49b1-b339-6ad8c79609ce
    [status] => running
)

[2026-01-15 13:58:32] [24 MB] [chunked_processor] Transient save result
    DATA: Array
(
    [option_name] => speed_backups_job_172ff699-2121-49b1-b339-6ad8c79609ce
    [success] => YES
)

[2026-01-15 13:58:32] [24 MB] [chunked_processor] Option save result
    DATA: Array
(
    [option_name] => speed_backups_job_172ff699-2121-49b1-b339-6ad8c79609ce
    [success] => YES
)

[2026-01-15 13:58:32] [24 MB] [chunked_processor] Save verification
    DATA: Array
(
    [verified] => YES
)

[2026-01-15 13:58:32] [24 MB] [chunked_processor] get_job called
    DATA: Array
(
    [job_id] => 172ff699-2121-49b1-b339-6ad8c79609ce
)

[2026-01-15 13:58:32] [24 MB] [chunked_processor] Transient lookup result
    DATA: Array
(
    [option_name] => speed_backups_job_172ff699-2121-49b1-b339-6ad8c79609ce
    [found] => YES
)

[2026-01-15 13:58:32] [24 MB] [chunked_processor] Job retrieved successfully
    DATA: Array
(
    [status] => running
    [type] => backup
)

[2026-01-15 13:58:32] [24 MB] [chunked_processor] get_job called
    DATA: Array
(
    [job_id] => 172ff699-2121-49b1-b339-6ad8c79609ce
)

[2026-01-15 13:58:32] [24 MB] [chunked_processor] Transient lookup result
    DATA: Array
(
    [option_name] => speed_backups_job_172ff699-2121-49b1-b339-6ad8c79609ce
    [found] => YES
)

[2026-01-15 13:58:32] [24 MB] [chunked_processor] Job retrieved successfully
    DATA: Array
(
    [status] => running
    [type] => backup
)

[2026-01-15 13:58:32] [22 MB] [chunked_processor] get_job called
    DATA: Array
(
    [job_id] => 172ff699-2121-49b1-b339-6ad8c79609ce
)

[2026-01-15 13:58:32] [22 MB] [chunked_processor] Transient lookup result
    DATA: Array
(
    [option_name] => speed_backups_job_172ff699-2121-49b1-b339-6ad8c79609ce
    [found] => YES
)

[2026-01-15 13:58:32] [22 MB] [chunked_processor] Job retrieved successfully
    DATA: Array
(
    [status] => running
    [type] => backup
)

[2026-01-15 13:58:32] [22 MB] [chunked_processor] get_job called
    DATA: Array
(
    [job_id] => 172ff699-2121-49b1-b339-6ad8c79609ce
)

[2026-01-15 13:58:32] [22 MB] [chunked_processor] Transient lookup result
    DATA: Array
(
    [option_name] => speed_backups_job_172ff699-2121-49b1-b339-6ad8c79609ce
    [found] => YES
)

[2026-01-15 13:58:32] [22 MB] [chunked_processor] Job retrieved successfully
    DATA: Array
(
    [status] => running
    [type] => backup
)

[2026-01-15 13:58:32] [22 MB] [chunked_processor] get_job called
    DATA: Array
(
    [job_id] => 172ff699-2121-49b1-b339-6ad8c79609ce
)

[2026-01-15 13:58:32] [22 MB] [chunked_processor] Transient lookup result
    DATA: Array
(
    [option_name] => speed_backups_job_172ff699-2121-49b1-b339-6ad8c79609ce
    [found] => YES
)

[2026-01-15 13:58:32] [22 MB] [chunked_processor] Job retrieved successfully
    DATA: Array
(
    [status] => running
    [type] => backup
)

[2026-01-15 13:58:32] [22 MB] [chunked_processor] save_job called
    DATA: Array
(
    [job_id] => 172ff699-2121-49b1-b339-6ad8c79609ce
    [status] => running
)

[2026-01-15 13:58:32] [22 MB] [chunked_processor] Transient save result
    DATA: Array
(
    [option_name] => speed_backups_job_172ff699-2121-49b1-b339-6ad8c79609ce
    [success] => YES
)

[2026-01-15 13:58:32] [22 MB] [chunked_processor] Option save result
    DATA: Array
(
    [option_name] => speed_backups_job_172ff699-2121-49b1-b339-6ad8c79609ce
    [success] => YES
)

[2026-01-15 13:58:32] [22 MB] [chunked_processor] Save verification
    DATA: Array
(
    [verified] => YES
)

[2026-01-15 13:58:33] [22 MB] [chunked_processor] get_job called
    DATA: Array
(
    [job_id] => 172ff699-2121-49b1-b339-6ad8c79609ce
)

[2026-01-15 13:58:33] [22 MB] [chunked_processor] Transient lookup result
    DATA: Array
(
    [option_name] => speed_backups_job_172ff699-2121-49b1-b339-6ad8c79609ce
    [found] => YES
)

[2026-01-15 13:58:33] [22 MB] [chunked_processor] Job retrieved successfully
    DATA: Array
(
    [status] => running
    [type] => backup
)

[2026-01-15 13:58:33] [22 MB] [chunked_processor] save_job called
    DATA: Array
(
    [job_id] => 172ff699-2121-49b1-b339-6ad8c79609ce
    [status] => running
)

[2026-01-15 13:58:33] [22 MB] [chunked_processor] Transient save result
    DATA: Array
(
    [option_name] => speed_backups_job_172ff699-2121-49b1-b339-6ad8c79609ce
    [success] => YES
)

[2026-01-15 13:58:33] [22 MB] [chunked_processor] Option save result
    DATA: Array
(
    [option_name] => speed_backups_job_172ff699-2121-49b1-b339-6ad8c79609ce
    [success] => YES
)

[2026-01-15 13:58:33] [22 MB] [chunked_processor] Save verification
    DATA: Array
(
    [verified] => YES
)

[2026-01-15 13:58:33] [22 MB] [chunked_processor] get_job called
    DATA: Array
(
    [job_id] => 172ff699-2121-49b1-b339-6ad8c79609ce
)

[2026-01-15 13:58:33] [22 MB] [chunked_processor] Transient lookup result
    DATA: Array
(
    [option_name] => speed_backups_job_172ff699-2121-49b1-b339-6ad8c79609ce
    [found] => YES
)

[2026-01-15 13:58:33] [22 MB] [chunked_processor] Job retrieved successfully
    DATA: Array
(
    [status] => running
    [type] => backup
)

[2026-01-15 13:58:33] [22 MB] [chunked_processor] get_job called
    DATA: Array
(
    [job_id] => 172ff699-2121-49b1-b339-6ad8c79609ce
)

[2026-01-15 13:58:33] [22 MB] [chunked_processor] Transient lookup result
    DATA: Array
(
    [option_name] => speed_backups_job_172ff699-2121-49b1-b339-6ad8c79609ce
    [found] => YES
)

[2026-01-15 13:58:33] [22 MB] [chunked_processor] Job retrieved successfully
    DATA: Array
(
    [status] => running
    [type] => backup
)

[2026-01-15 13:58:33] [22 MB] [chunked_processor] get_job called
    DATA: Array
(
    [job_id] => 172ff699-2121-49b1-b339-6ad8c79609ce
)

[2026-01-15 13:58:33] [22 MB] [chunked_processor] Transient lookup result
    DATA: Array
(
    [option_name] => speed_backups_job_172ff699-2121-49b1-b339-6ad8c79609ce
    [found] => YES
)

[2026-01-15 13:58:33] [22 MB] [chunked_processor] Job retrieved successfully
    DATA: Array
(
    [status] => running
    [type] => backup
)

[2026-01-15 13:58:33] [22 MB] [chunked_processor] get_job called
    DATA: Array
(
    [job_id] => 172ff699-2121-49b1-b339-6ad8c79609ce
)

[2026-01-15 13:58:33] [22 MB] [chunked_processor] Transient lookup result
    DATA: Array
(
    [option_name] => speed_backups_job_172ff699-2121-49b1-b339-6ad8c79609ce
    [found] => YES
)

[2026-01-15 13:58:33] [22 MB] [chunked_processor] Job retrieved successfully
    DATA: Array
(
    [status] => running
    [type] => backup
)

[2026-01-15 13:58:33] [22 MB] [chunked_processor] get_job called
    DATA: Array
(
    [job_id] => 172ff699-2121-49b1-b339-6ad8c79609ce
)

[2026-01-15 13:58:33] [22 MB] [chunked_processor] Transient lookup result
    DATA: Array
(
    [option_name] => speed_backups_job_172ff699-2121-49b1-b339-6ad8c79609ce
    [found] => YES
)

[2026-01-15 13:58:33] [22 MB] [chunked_processor] Job retrieved successfully
    DATA: Array
(
    [status] => running
    [type] => backup
)

[2026-01-15 13:58:33] [22 MB] [chunked_processor] save_job called
    DATA: Array
(
    [job_id] => 172ff699-2121-49b1-b339-6ad8c79609ce
    [status] => running
)

[2026-01-15 13:58:33] [22 MB] [chunked_processor] Transient save result
    DATA: Array
(
    [option_name] => speed_backups_job_172ff699-2121-49b1-b339-6ad8c79609ce
    [success] => YES
)

[2026-01-15 13:58:33] [22 MB] [chunked_processor] Option save result
    DATA: Array
(
    [option_name] => speed_backups_job_172ff699-2121-49b1-b339-6ad8c79609ce
    [success] => YES
)

[2026-01-15 13:58:33] [22 MB] [chunked_processor] Save verification
    DATA: Array
(
    [verified] => YES
)

[2026-01-15 13:58:33] [22 MB] [chunked_processor] get_job called
    DATA: Array
(
    [job_id] => 172ff699-2121-49b1-b339-6ad8c79609ce
)

[2026-01-15 13:58:33] [22 MB] [chunked_processor] Transient lookup result
    DATA: Array
(
    [option_name] => speed_backups_job_172ff699-2121-49b1-b339-6ad8c79609ce
    [found] => YES
)

[2026-01-15 13:58:33] [22 MB] [chunked_processor] Job retrieved successfully
    DATA: Array
(
    [status] => running
    [type] => backup
)

[2026-01-15 13:58:33] [22 MB] [chunked_processor] save_job called
    DATA: Array
(
    [job_id] => 172ff699-2121-49b1-b339-6ad8c79609ce
    [status] => running
)

[2026-01-15 13:58:33] [22 MB] [chunked_processor] Transient save result
    DATA: Array
(
    [option_name] => speed_backups_job_172ff699-2121-49b1-b339-6ad8c79609ce
    [success] => YES
)

[2026-01-15 13:58:33] [22 MB] [chunked_processor] Option save result
    DATA: Array
(
    [option_name] => speed_backups_job_172ff699-2121-49b1-b339-6ad8c79609ce
    [success] => YES
)

[2026-01-15 13:58:33] [22 MB] [chunked_processor] Save verification
    DATA: Array
(
    [verified] => YES
)

[2026-01-15 13:58:33] [22 MB] [chunked_processor] get_job called
    DATA: Array
(
    [job_id] => 172ff699-2121-49b1-b339-6ad8c79609ce
)

[2026-01-15 13:58:33] [22 MB] [chunked_processor] Transient lookup result
    DATA: Array
(
    [option_name] => speed_backups_job_172ff699-2121-49b1-b339-6ad8c79609ce
    [found] => YES
)

[2026-01-15 13:58:33] [22 MB] [chunked_processor] Job retrieved successfully
    DATA: Array
(
    [status] => running
    [type] => backup
)

[2026-01-15 13:58:33] [22 MB] [chunked_processor] get_job called
    DATA: Array
(
    [job_id] => 172ff699-2121-49b1-b339-6ad8c79609ce
)

[2026-01-15 13:58:33] [22 MB] [chunked_processor] Transient lookup result
    DATA: Array
(
    [option_name] => speed_backups_job_172ff699-2121-49b1-b339-6ad8c79609ce
    [found] => YES
)

[2026-01-15 13:58:33] [22 MB] [chunked_processor] Job retrieved successfully
    DATA: Array
(
    [status] => running
    [type] => backup
)

[2026-01-15 13:58:34] [22 MB] [chunked_processor] get_job called
    DATA: Array
(
    [job_id] => 172ff699-2121-49b1-b339-6ad8c79609ce
)

[2026-01-15 13:58:34] [22 MB] [chunked_processor] Transient lookup result
    DATA: Array
(
    [option_name] => speed_backups_job_172ff699-2121-49b1-b339-6ad8c79609ce
    [found] => YES
)

[2026-01-15 13:58:34] [22 MB] [chunked_processor] Job retrieved successfully
    DATA: Array
(
    [status] => running
    [type] => backup
)

[2026-01-15 13:58:34] [22 MB] [chunked_processor] get_job called
    DATA: Array
(
    [job_id] => 172ff699-2121-49b1-b339-6ad8c79609ce
)

[2026-01-15 13:58:34] [22 MB] [chunked_processor] Transient lookup result
    DATA: Array
(
    [option_name] => speed_backups_job_172ff699-2121-49b1-b339-6ad8c79609ce
    [found] => YES
)

[2026-01-15 13:58:34] [22 MB] [chunked_processor] Job retrieved successfully
    DATA: Array
(
    [status] => running
    [type] => backup
)

[2026-01-15 13:58:34] [22 MB] [chunked_processor] get_job called
    DATA: Array
(
    [job_id] => 172ff699-2121-49b1-b339-6ad8c79609ce
)

[2026-01-15 13:58:34] [22 MB] [chunked_processor] Transient lookup result
    DATA: Array
(
    [option_name] => speed_backups_job_172ff699-2121-49b1-b339-6ad8c79609ce
    [found] => YES
)

[2026-01-15 13:58:34] [22 MB] [chunked_processor] Job retrieved successfully
    DATA: Array
(
    [status] => running
    [type] => backup
)

[2026-01-15 13:58:34] [22 MB] [chunked_processor] save_job called
    DATA: Array
(
    [job_id] => 172ff699-2121-49b1-b339-6ad8c79609ce
    [status] => running
)

[2026-01-15 13:58:34] [22 MB] [chunked_processor] Transient save result
    DATA: Array
(
    [option_name] => speed_backups_job_172ff699-2121-49b1-b339-6ad8c79609ce
    [success] => YES
)

[2026-01-15 13:58:34] [22 MB] [chunked_processor] Option save result
    DATA: Array
(
    [option_name] => speed_backups_job_172ff699-2121-49b1-b339-6ad8c79609ce
    [success] => YES
)

[2026-01-15 13:58:34] [22 MB] [chunked_processor] Save verification
    DATA: Array
(
    [verified] => YES
)

[2026-01-15 13:58:34] [22 MB] [chunked_processor] get_job called
    DATA: Array
(
    [job_id] => 172ff699-2121-49b1-b339-6ad8c79609ce
)

[2026-01-15 13:58:34] [22 MB] [chunked_processor] Transient lookup result
    DATA: Array
(
    [option_name] => speed_backups_job_172ff699-2121-49b1-b339-6ad8c79609ce
    [found] => YES
)

[2026-01-15 13:58:34] [22 MB] [chunked_processor] Job retrieved successfully
    DATA: Array
(
    [status] => running
    [type] => backup
)

[2026-01-15 13:58:34] [22 MB] [chunked_processor] save_job called
    DATA: Array
(
    [job_id] => 172ff699-2121-49b1-b339-6ad8c79609ce
    [status] => running
)

[2026-01-15 13:58:34] [22 MB] [chunked_processor] Transient save result
    DATA: Array
(
    [option_name] => speed_backups_job_172ff699-2121-49b1-b339-6ad8c79609ce
    [success] => YES
)

[2026-01-15 13:58:34] [22 MB] [chunked_processor] Option save result
    DATA: Array
(
    [option_name] => speed_backups_job_172ff699-2121-49b1-b339-6ad8c79609ce
    [success] => YES
)

[2026-01-15 13:58:34] [22 MB] [chunked_processor] Save verification
    DATA: Array
(
    [verified] => YES
)

[2026-01-15 13:58:34] [22 MB] [chunked_processor] get_job called
    DATA: Array
(
    [job_id] => 172ff699-2121-49b1-b339-6ad8c79609ce
)

[2026-01-15 13:58:34] [22 MB] [chunked_processor] Transient lookup result
    DATA: Array
(
    [option_name] => speed_backups_job_172ff699-2121-49b1-b339-6ad8c79609ce
    [found] => YES
)

[2026-01-15 13:58:34] [22 MB] [chunked_processor] Job retrieved successfully
    DATA: Array
(
    [status] => running
    [type] => backup
)

[2026-01-15 13:58:34] [22 MB] [chunked_processor] get_job called
    DATA: Array
(
    [job_id] => 172ff699-2121-49b1-b339-6ad8c79609ce
)

[2026-01-15 13:58:34] [22 MB] [chunked_processor] Transient lookup result
    DATA: Array
(
    [option_name] => speed_backups_job_172ff699-2121-49b1-b339-6ad8c79609ce
    [found] => YES
)

[2026-01-15 13:58:34] [22 MB] [chunked_processor] Job retrieved successfully
    DATA: Array
(
    [status] => running
    [type] => backup
)

[2026-01-15 13:58:34] [18 MB] [chunked_processor] get_job called
    DATA: Array
(
    [job_id] => 172ff699-2121-49b1-b339-6ad8c79609ce
)

[2026-01-15 13:58:34] [18 MB] [chunked_processor] Transient lookup result
    DATA: Array
(
    [option_name] => speed_backups_job_172ff699-2121-49b1-b339-6ad8c79609ce
    [found] => YES
)

[2026-01-15 13:58:34] [18 MB] [chunked_processor] Job retrieved successfully
    DATA: Array
(
    [status] => running
    [type] => backup
)

[2026-01-15 13:58:34] [18 MB] [chunked_processor] get_job called
    DATA: Array
(
    [job_id] => 172ff699-2121-49b1-b339-6ad8c79609ce
)

[2026-01-15 13:58:34] [18 MB] [chunked_processor] Transient lookup result
    DATA: Array
(
    [option_name] => speed_backups_job_172ff699-2121-49b1-b339-6ad8c79609ce
    [found] => YES
)

[2026-01-15 13:58:34] [18 MB] [chunked_processor] Job retrieved successfully
    DATA: Array
(
    [status] => running
    [type] => backup
)

[2026-01-15 13:58:34] [20 MB] [chunked_processor] get_job called
    DATA: Array
(
    [job_id] => 172ff699-2121-49b1-b339-6ad8c79609ce
)

[2026-01-15 13:58:34] [20 MB] [chunked_processor] Transient lookup result
    DATA: Array
(
    [option_name] => speed_backups_job_172ff699-2121-49b1-b339-6ad8c79609ce
    [found] => YES
)

[2026-01-15 13:58:34] [20 MB] [chunked_processor] Job retrieved successfully
    DATA: Array
(
    [status] => running
    [type] => backup
)

[2026-01-15 13:58:34] [20 MB] [chunked_processor] save_job called
    DATA: Array
(
    [job_id] => 172ff699-2121-49b1-b339-6ad8c79609ce
    [status] => running
)

[2026-01-15 13:58:34] [20 MB] [chunked_processor] Transient save result
    DATA: Array
(
    [option_name] => speed_backups_job_172ff699-2121-49b1-b339-6ad8c79609ce
    [success] => YES
)

[2026-01-15 13:58:34] [20 MB] [chunked_processor] Option save result
    DATA: Array
(
    [option_name] => speed_backups_job_172ff699-2121-49b1-b339-6ad8c79609ce
    [success] => YES
)

[2026-01-15 13:58:34] [20 MB] [chunked_processor] Save verification
    DATA: Array
(
    [verified] => YES
)

[2026-01-15 13:58:34] [22 MB] [chunked_processor] get_job called
    DATA: Array
(
    [job_id] => 172ff699-2121-49b1-b339-6ad8c79609ce
)

[2026-01-15 13:58:34] [22 MB] [chunked_processor] Transient lookup result
    DATA: Array
(
    [option_name] => speed_backups_job_172ff699-2121-49b1-b339-6ad8c79609ce
    [found] => YES
)

[2026-01-15 13:58:34] [22 MB] [chunked_processor] Job retrieved successfully
    DATA: Array
(
    [status] => running
    [type] => backup
)

[2026-01-15 13:58:34] [22 MB] [chunked_processor] save_job called
    DATA: Array
(
    [job_id] => 172ff699-2121-49b1-b339-6ad8c79609ce
    [status] => running
)

[2026-01-15 13:58:34] [22 MB] [chunked_processor] Transient save result
    DATA: Array
(
    [option_name] => speed_backups_job_172ff699-2121-49b1-b339-6ad8c79609ce
    [success] => YES
)

[2026-01-15 13:58:34] [22 MB] [chunked_processor] Option save result
    DATA: Array
(
    [option_name] => speed_backups_job_172ff699-2121-49b1-b339-6ad8c79609ce
    [success] => YES
)

[2026-01-15 13:58:34] [22 MB] [chunked_processor] Save verification
    DATA: Array
(
    [verified] => YES
)

[2026-01-15 13:58:34] [22 MB] [chunked_processor] get_job called
    DATA: Array
(
    [job_id] => 172ff699-2121-49b1-b339-6ad8c79609ce
)

[2026-01-15 13:58:34] [22 MB] [chunked_processor] Transient lookup result
    DATA: Array
(
    [option_name] => speed_backups_job_172ff699-2121-49b1-b339-6ad8c79609ce
    [found] => YES
)

[2026-01-15 13:58:34] [22 MB] [chunked_processor] Job retrieved successfully
    DATA: Array
(
    [status] => running
    [type] => backup
)

[2026-01-15 13:58:34] [22 MB] [chunked_processor] get_job called
    DATA: Array
(
    [job_id] => 172ff699-2121-49b1-b339-6ad8c79609ce
)

[2026-01-15 13:58:34] [22 MB] [chunked_processor] Transient lookup result
    DATA: Array
(
    [option_name] => speed_backups_job_172ff699-2121-49b1-b339-6ad8c79609ce
    [found] => YES
)

[2026-01-15 13:58:34] [22 MB] [chunked_processor] Job retrieved successfully
    DATA: Array
(
    [status] => running
    [type] => backup
)

[2026-01-15 13:58:35] [22 MB] [chunked_processor] get_job called
    DATA: Array
(
    [job_id] => 172ff699-2121-49b1-b339-6ad8c79609ce
)

[2026-01-15 13:58:35] [22 MB] [chunked_processor] Transient lookup result
    DATA: Array
(
    [option_name] => speed_backups_job_172ff699-2121-49b1-b339-6ad8c79609ce
    [found] => YES
)

[2026-01-15 13:58:35] [22 MB] [chunked_processor] Job retrieved successfully
    DATA: Array
(
    [status] => running
    [type] => backup
)

[2026-01-15 13:58:35] [22 MB] [chunked_processor] get_job called
    DATA: Array
(
    [job_id] => 172ff699-2121-49b1-b339-6ad8c79609ce
)

[2026-01-15 13:58:35] [22 MB] [chunked_processor] Transient lookup result
    DATA: Array
(
    [option_name] => speed_backups_job_172ff699-2121-49b1-b339-6ad8c79609ce
    [found] => YES
)

[2026-01-15 13:58:35] [22 MB] [chunked_processor] Job retrieved successfully
    DATA: Array
(
    [status] => running
    [type] => backup
)

[2026-01-15 13:58:35] [22 MB] [chunked_processor] get_job called
    DATA: Array
(
    [job_id] => 172ff699-2121-49b1-b339-6ad8c79609ce
)

[2026-01-15 13:58:35] [22 MB] [chunked_processor] Transient lookup result
    DATA: Array
(
    [option_name] => speed_backups_job_172ff699-2121-49b1-b339-6ad8c79609ce
    [found] => YES
)

[2026-01-15 13:58:35] [22 MB] [chunked_processor] Job retrieved successfully
    DATA: Array
(
    [status] => running
    [type] => backup
)

[2026-01-15 13:58:35] [22 MB] [chunked_processor] save_job called
    DATA: Array
(
    [job_id] => 172ff699-2121-49b1-b339-6ad8c79609ce
    [status] => running
)

[2026-01-15 13:58:35] [22 MB] [chunked_processor] Transient save result
    DATA: Array
(
    [option_name] => speed_backups_job_172ff699-2121-49b1-b339-6ad8c79609ce
    [success] => YES
)

[2026-01-15 13:58:35] [22 MB] [chunked_processor] Option save result
    DATA: Array
(
    [option_name] => speed_backups_job_172ff699-2121-49b1-b339-6ad8c79609ce
    [success] => YES
)

[2026-01-15 13:58:35] [22 MB] [chunked_processor] Save verification
    DATA: Array
(
    [verified] => YES
)

[2026-01-15 13:58:35] [22 MB] [chunked_processor] get_job called
    DATA: Array
(
    [job_id] => 172ff699-2121-49b1-b339-6ad8c79609ce
)

[2026-01-15 13:58:35] [22 MB] [chunked_processor] Transient lookup result
    DATA: Array
(
    [option_name] => speed_backups_job_172ff699-2121-49b1-b339-6ad8c79609ce
    [found] => YES
)

[2026-01-15 13:58:35] [22 MB] [chunked_processor] Job retrieved successfully
    DATA: Array
(
    [status] => running
    [type] => backup
)

[2026-01-15 13:58:35] [22 MB] [chunked_processor] save_job called
    DATA: Array
(
    [job_id] => 172ff699-2121-49b1-b339-6ad8c79609ce
    [status] => running
)

[2026-01-15 13:58:35] [22 MB] [chunked_processor] Transient save result
    DATA: Array
(
    [option_name] => speed_backups_job_172ff699-2121-49b1-b339-6ad8c79609ce
    [success] => YES
)

[2026-01-15 13:58:35] [22 MB] [chunked_processor] Option save result
    DATA: Array
(
    [option_name] => speed_backups_job_172ff699-2121-49b1-b339-6ad8c79609ce
    [success] => YES
)

[2026-01-15 13:58:35] [22 MB] [chunked_processor] Save verification
    DATA: Array
(
    [verified] => YES
)

[2026-01-15 13:58:35] [22 MB] [chunked_processor] get_job called
    DATA: Array
(
    [job_id] => 172ff699-2121-49b1-b339-6ad8c79609ce
)

[2026-01-15 13:58:35] [22 MB] [chunked_processor] Transient lookup result
    DATA: Array
(
    [option_name] => speed_backups_job_172ff699-2121-49b1-b339-6ad8c79609ce
    [found] => YES
)

[2026-01-15 13:58:35] [22 MB] [chunked_processor] Job retrieved successfully
    DATA: Array
(
    [status] => running
    [type] => backup
)

[2026-01-15 13:58:35] [22 MB] [chunked_processor] get_job called
    DATA: Array
(
    [job_id] => 172ff699-2121-49b1-b339-6ad8c79609ce
)

[2026-01-15 13:58:35] [22 MB] [chunked_processor] Transient lookup result
    DATA: Array
(
    [option_name] => speed_backups_job_172ff699-2121-49b1-b339-6ad8c79609ce
    [found] => YES
)

[2026-01-15 13:58:35] [22 MB] [chunked_processor] Job retrieved successfully
    DATA: Array
(
    [status] => running
    [type] => backup
)

[2026-01-15 13:58:35] [22 MB] [chunked_processor] get_job called
    DATA: Array
(
    [job_id] => 172ff699-2121-49b1-b339-6ad8c79609ce
)

[2026-01-15 13:58:35] [22 MB] [chunked_processor] Transient lookup result
    DATA: Array
(
    [option_name] => speed_backups_job_172ff699-2121-49b1-b339-6ad8c79609ce
    [found] => YES
)

[2026-01-15 13:58:35] [22 MB] [chunked_processor] Job retrieved successfully
    DATA: Array
(
    [status] => running
    [type] => backup
)

[2026-01-15 13:58:35] [22 MB] [chunked_processor] get_job called
    DATA: Array
(
    [job_id] => 172ff699-2121-49b1-b339-6ad8c79609ce
)

[2026-01-15 13:58:35] [22 MB] [chunked_processor] Transient lookup result
    DATA: Array
(
    [option_name] => speed_backups_job_172ff699-2121-49b1-b339-6ad8c79609ce
    [found] => YES
)

[2026-01-15 13:58:35] [22 MB] [chunked_processor] Job retrieved successfully
    DATA: Array
(
    [status] => running
    [type] => backup
)

[2026-01-15 13:58:35] [22 MB] [chunked_processor] get_job called
    DATA: Array
(
    [job_id] => 172ff699-2121-49b1-b339-6ad8c79609ce
)

[2026-01-15 13:58:35] [22 MB] [chunked_processor] Transient lookup result
    DATA: Array
(
    [option_name] => speed_backups_job_172ff699-2121-49b1-b339-6ad8c79609ce
    [found] => YES
)

[2026-01-15 13:58:35] [22 MB] [chunked_processor] Job retrieved successfully
    DATA: Array
(
    [status] => running
    [type] => backup
)

[2026-01-15 13:58:35] [22 MB] [chunked_processor] save_job called
    DATA: Array
(
    [job_id] => 172ff699-2121-49b1-b339-6ad8c79609ce
    [status] => running
)

[2026-01-15 13:58:35] [22 MB] [chunked_processor] Transient save result
    DATA: Array
(
    [option_name] => speed_backups_job_172ff699-2121-49b1-b339-6ad8c79609ce
    [success] => YES
)

[2026-01-15 13:58:36] [22 MB] [chunked_processor] Option save result
    DATA: Array
(
    [option_name] => speed_backups_job_172ff699-2121-49b1-b339-6ad8c79609ce
    [success] => YES
)

[2026-01-15 13:58:36] [22 MB] [chunked_processor] Save verification
    DATA: Array
(
    [verified] => YES
)

[2026-01-15 13:58:36] [22 MB] [chunked_processor] get_job called
    DATA: Array
(
    [job_id] => 172ff699-2121-49b1-b339-6ad8c79609ce
)

[2026-01-15 13:58:36] [22 MB] [chunked_processor] Transient lookup result
    DATA: Array
(
    [option_name] => speed_backups_job_172ff699-2121-49b1-b339-6ad8c79609ce
    [found] => YES
)

[2026-01-15 13:58:36] [22 MB] [chunked_processor] Job retrieved successfully
    DATA: Array
(
    [status] => running
    [type] => backup
)

[2026-01-15 13:58:36] [22 MB] [chunked_processor] save_job called
    DATA: Array
(
    [job_id] => 172ff699-2121-49b1-b339-6ad8c79609ce
    [status] => running
)

[2026-01-15 13:58:36] [22 MB] [chunked_processor] Transient save result
    DATA: Array
(
    [option_name] => speed_backups_job_172ff699-2121-49b1-b339-6ad8c79609ce
    [success] => YES
)

[2026-01-15 13:58:36] [22 MB] [chunked_processor] Option save result
    DATA: Array
(
    [option_name] => speed_backups_job_172ff699-2121-49b1-b339-6ad8c79609ce
    [success] => YES
)

[2026-01-15 13:58:36] [22 MB] [chunked_processor] Save verification
    DATA: Array
(
    [verified] => YES
)

[2026-01-15 13:58:36] [22 MB] [chunked_processor] get_job called
    DATA: Array
(
    [job_id] => 172ff699-2121-49b1-b339-6ad8c79609ce
)

[2026-01-15 13:58:36] [22 MB] [chunked_processor] Transient lookup result
    DATA: Array
(
    [option_name] => speed_backups_job_172ff699-2121-49b1-b339-6ad8c79609ce
    [found] => YES
)

[2026-01-15 13:58:36] [22 MB] [chunked_processor] Job retrieved successfully
    DATA: Array
(
    [status] => running
    [type] => backup
)

[2026-01-15 13:58:36] [22 MB] [chunked_processor] get_job called
    DATA: Array
(
    [job_id] => 172ff699-2121-49b1-b339-6ad8c79609ce
)

[2026-01-15 13:58:36] [22 MB] [chunked_processor] Transient lookup result
    DATA: Array
(
    [option_name] => speed_backups_job_172ff699-2121-49b1-b339-6ad8c79609ce
    [found] => YES
)

[2026-01-15 13:58:36] [22 MB] [chunked_processor] Job retrieved successfully
    DATA: Array
(
    [status] => running
    [type] => backup
)

[2026-01-15 13:58:36] [20 MB] [chunked_processor] get_job called
    DATA: Array
(
    [job_id] => 172ff699-2121-49b1-b339-6ad8c79609ce
)

[2026-01-15 13:58:36] [20 MB] [chunked_processor] Transient lookup result
    DATA: Array
(
    [option_name] => speed_backups_job_172ff699-2121-49b1-b339-6ad8c79609ce
    [found] => YES
)

[2026-01-15 13:58:36] [20 MB] [chunked_processor] Job retrieved successfully
    DATA: Array
(
    [status] => running
    [type] => backup
)

[2026-01-15 13:58:36] [20 MB] [chunked_processor] get_job called
    DATA: Array
(
    [job_id] => 172ff699-2121-49b1-b339-6ad8c79609ce
)

[2026-01-15 13:58:36] [20 MB] [chunked_processor] Transient lookup result
    DATA: Array
(
    [option_name] => speed_backups_job_172ff699-2121-49b1-b339-6ad8c79609ce
    [found] => YES
)

[2026-01-15 13:58:36] [20 MB] [chunked_processor] Job retrieved successfully
    DATA: Array
(
    [status] => running
    [type] => backup
)

[2026-01-15 13:58:36] [20 MB] [chunked_processor] get_job called
    DATA: Array
(
    [job_id] => 172ff699-2121-49b1-b339-6ad8c79609ce
)

[2026-01-15 13:58:36] [20 MB] [chunked_processor] Transient lookup result
    DATA: Array
(
    [option_name] => speed_backups_job_172ff699-2121-49b1-b339-6ad8c79609ce
    [found] => YES
)

[2026-01-15 13:58:36] [20 MB] [chunked_processor] Job retrieved successfully
    DATA: Array
(
    [status] => running
    [type] => backup
)

[2026-01-15 13:58:36] [20 MB] [chunked_processor] save_job called
    DATA: Array
(
    [job_id] => 172ff699-2121-49b1-b339-6ad8c79609ce
    [status] => running
)

[2026-01-15 13:58:36] [20 MB] [chunked_processor] Transient save result
    DATA: Array
(
    [option_name] => speed_backups_job_172ff699-2121-49b1-b339-6ad8c79609ce
    [success] => YES
)

[2026-01-15 13:58:36] [20 MB] [chunked_processor] Option save result
    DATA: Array
(
    [option_name] => speed_backups_job_172ff699-2121-49b1-b339-6ad8c79609ce
    [success] => YES
)

[2026-01-15 13:58:36] [20 MB] [chunked_processor] Save verification
    DATA: Array
(
    [verified] => YES
)

[2026-01-15 13:58:37] [22 MB] [chunked_processor] get_job called
    DATA: Array
(
    [job_id] => 172ff699-2121-49b1-b339-6ad8c79609ce
)

[2026-01-15 13:58:37] [22 MB] [chunked_processor] Transient lookup result
    DATA: Array
(
    [option_name] => speed_backups_job_172ff699-2121-49b1-b339-6ad8c79609ce
    [found] => YES
)

[2026-01-15 13:58:37] [22 MB] [chunked_processor] Job retrieved successfully
    DATA: Array
(
    [status] => running
    [type] => backup
)

[2026-01-15 13:58:37] [22 MB] [chunked_processor] save_job called
    DATA: Array
(
    [job_id] => 172ff699-2121-49b1-b339-6ad8c79609ce
    [status] => running
)

[2026-01-15 13:58:37] [22 MB] [chunked_processor] Transient save result
    DATA: Array
(
    [option_name] => speed_backups_job_172ff699-2121-49b1-b339-6ad8c79609ce
    [success] => YES
)

[2026-01-15 13:58:37] [22 MB] [chunked_processor] Option save result
    DATA: Array
(
    [option_name] => speed_backups_job_172ff699-2121-49b1-b339-6ad8c79609ce
    [success] => YES
)

[2026-01-15 13:58:37] [22 MB] [chunked_processor] Save verification
    DATA: Array
(
    [verified] => YES
)

[2026-01-15 13:58:37] [22 MB] [chunked_processor] get_job called
    DATA: Array
(
    [job_id] => 172ff699-2121-49b1-b339-6ad8c79609ce
)

[2026-01-15 13:58:37] [22 MB] [chunked_processor] Transient lookup result
    DATA: Array
(
    [option_name] => speed_backups_job_172ff699-2121-49b1-b339-6ad8c79609ce
    [found] => YES
)

[2026-01-15 13:58:37] [22 MB] [chunked_processor] Job retrieved successfully
    DATA: Array
(
    [status] => running
    [type] => backup
)

[2026-01-15 13:58:37] [22 MB] [chunked_processor] get_job called
    DATA: Array
(
    [job_id] => 172ff699-2121-49b1-b339-6ad8c79609ce
)

[2026-01-15 13:58:37] [22 MB] [chunked_processor] Transient lookup result
    DATA: Array
(
    [option_name] => speed_backups_job_172ff699-2121-49b1-b339-6ad8c79609ce
    [found] => YES
)

[2026-01-15 13:58:37] [22 MB] [chunked_processor] Job retrieved successfully
    DATA: Array
(
    [status] => running
    [type] => backup
)

[2026-01-15 13:58:37] [22 MB] [chunked_processor] get_job called
    DATA: Array
(
    [job_id] => 172ff699-2121-49b1-b339-6ad8c79609ce
)

[2026-01-15 13:58:37] [22 MB] [chunked_processor] Transient lookup result
    DATA: Array
(
    [option_name] => speed_backups_job_172ff699-2121-49b1-b339-6ad8c79609ce
    [found] => YES
)

[2026-01-15 13:58:37] [22 MB] [chunked_processor] Job retrieved successfully
    DATA: Array
(
    [status] => running
    [type] => backup
)

[2026-01-15 13:58:37] [22 MB] [chunked_processor] get_job called
    DATA: Array
(
    [job_id] => 172ff699-2121-49b1-b339-6ad8c79609ce
)

[2026-01-15 13:58:37] [22 MB] [chunked_processor] Transient lookup result
    DATA: Array
(
    [option_name] => speed_backups_job_172ff699-2121-49b1-b339-6ad8c79609ce
    [found] => YES
)

[2026-01-15 13:58:37] [22 MB] [chunked_processor] Job retrieved successfully
    DATA: Array
(
    [status] => running
    [type] => backup
)

[2026-01-15 13:58:37] [22 MB] [chunked_processor] get_job called
    DATA: Array
(
    [job_id] => 172ff699-2121-49b1-b339-6ad8c79609ce
)

[2026-01-15 13:58:37] [22 MB] [chunked_processor] Transient lookup result
    DATA: Array
(
    [option_name] => speed_backups_job_172ff699-2121-49b1-b339-6ad8c79609ce
    [found] => YES
)

[2026-01-15 13:58:37] [22 MB] [chunked_processor] Job retrieved successfully
    DATA: Array
(
    [status] => running
    [type] => backup
)

[2026-01-15 13:58:37] [22 MB] [chunked_processor] save_job called
    DATA: Array
(
    [job_id] => 172ff699-2121-49b1-b339-6ad8c79609ce
    [status] => running
)

[2026-01-15 13:58:37] [22 MB] [chunked_processor] Transient save result
    DATA: Array
(
    [option_name] => speed_backups_job_172ff699-2121-49b1-b339-6ad8c79609ce
    [success] => YES
)

[2026-01-15 13:58:37] [22 MB] [chunked_processor] Option save result
    DATA: Array
(
    [option_name] => speed_backups_job_172ff699-2121-49b1-b339-6ad8c79609ce
    [success] => YES
)

[2026-01-15 13:58:37] [22 MB] [chunked_processor] Save verification
    DATA: Array
(
    [verified] => YES
)

[2026-01-15 13:58:37] [22 MB] [chunked_processor] get_job called
    DATA: Array
(
    [job_id] => 172ff699-2121-49b1-b339-6ad8c79609ce
)

[2026-01-15 13:58:37] [22 MB] [chunked_processor] Transient lookup result
    DATA: Array
(
    [option_name] => speed_backups_job_172ff699-2121-49b1-b339-6ad8c79609ce
    [found] => YES
)

[2026-01-15 13:58:37] [22 MB] [chunked_processor] Job retrieved successfully
    DATA: Array
(
    [status] => running
    [type] => backup
)

[2026-01-15 13:58:37] [22 MB] [chunked_processor] save_job called
    DATA: Array
(
    [job_id] => 172ff699-2121-49b1-b339-6ad8c79609ce
    [status] => running
)

[2026-01-15 13:58:37] [22 MB] [chunked_processor] Transient save result
    DATA: Array
(
    [option_name] => speed_backups_job_172ff699-2121-49b1-b339-6ad8c79609ce
    [success] => YES
)

[2026-01-15 13:58:37] [22 MB] [chunked_processor] Option save result
    DATA: Array
(
    [option_name] => speed_backups_job_172ff699-2121-49b1-b339-6ad8c79609ce
    [success] => YES
)

[2026-01-15 13:58:37] [22 MB] [chunked_processor] Save verification
    DATA: Array
(
    [verified] => YES
)

[2026-01-15 13:58:37] [22 MB] [chunked_processor] get_job called
    DATA: Array
(
    [job_id] => 172ff699-2121-49b1-b339-6ad8c79609ce
)

[2026-01-15 13:58:37] [22 MB] [chunked_processor] Transient lookup result
    DATA: Array
(
    [option_name] => speed_backups_job_172ff699-2121-49b1-b339-6ad8c79609ce
    [found] => YES
)

[2026-01-15 13:58:37] [22 MB] [chunked_processor] Job retrieved successfully
    DATA: Array
(
    [status] => running
    [type] => backup
)

[2026-01-15 13:58:37] [22 MB] [chunked_processor] get_job called
    DATA: Array
(
    [job_id] => 172ff699-2121-49b1-b339-6ad8c79609ce
)

[2026-01-15 13:58:37] [22 MB] [chunked_processor] Transient lookup result
    DATA: Array
(
    [option_name] => speed_backups_job_172ff699-2121-49b1-b339-6ad8c79609ce
    [found] => YES
)

[2026-01-15 13:58:37] [22 MB] [chunked_processor] Job retrieved successfully
    DATA: Array
(
    [status] => running
    [type] => backup
)

[2026-01-15 13:58:38] [22 MB] [chunked_processor] get_job called
    DATA: Array
(
    [job_id] => 172ff699-2121-49b1-b339-6ad8c79609ce
)

[2026-01-15 13:58:38] [22 MB] [chunked_processor] Transient lookup result
    DATA: Array
(
    [option_name] => speed_backups_job_172ff699-2121-49b1-b339-6ad8c79609ce
    [found] => YES
)

[2026-01-15 13:58:38] [22 MB] [chunked_processor] Job retrieved successfully
    DATA: Array
(
    [status] => running
    [type] => backup
)

[2026-01-15 13:58:38] [22 MB] [chunked_processor] get_job called
    DATA: Array
(
    [job_id] => 172ff699-2121-49b1-b339-6ad8c79609ce
)

[2026-01-15 13:58:38] [22 MB] [chunked_processor] Transient lookup result
    DATA: Array
(
    [option_name] => speed_backups_job_172ff699-2121-49b1-b339-6ad8c79609ce
    [found] => YES
)

[2026-01-15 13:58:38] [22 MB] [chunked_processor] Job retrieved successfully
    DATA: Array
(
    [status] => running
    [type] => backup
)

[2026-01-15 13:58:38] [22 MB] [chunked_processor] get_job called
    DATA: Array
(
    [job_id] => 172ff699-2121-49b1-b339-6ad8c79609ce
)

[2026-01-15 13:58:38] [22 MB] [chunked_processor] Transient lookup result
    DATA: Array
(
    [option_name] => speed_backups_job_172ff699-2121-49b1-b339-6ad8c79609ce
    [found] => YES
)

[2026-01-15 13:58:38] [22 MB] [chunked_processor] Job retrieved successfully
    DATA: Array
(
    [status] => running
    [type] => backup
)

[2026-01-15 13:58:38] [22 MB] [chunked_processor] save_job called
    DATA: Array
(
    [job_id] => 172ff699-2121-49b1-b339-6ad8c79609ce
    [status] => running
)

[2026-01-15 13:58:38] [22 MB] [chunked_processor] Transient save result
    DATA: Array
(
    [option_name] => speed_backups_job_172ff699-2121-49b1-b339-6ad8c79609ce
    [success] => YES
)

[2026-01-15 13:58:38] [22 MB] [chunked_processor] Option save result
    DATA: Array
(
    [option_name] => speed_backups_job_172ff699-2121-49b1-b339-6ad8c79609ce
    [success] => YES
)

[2026-01-15 13:58:38] [22 MB] [chunked_processor] Save verification
    DATA: Array
(
    [verified] => YES
)

[2026-01-15 13:58:38] [22 MB] [chunked_processor] get_job called
    DATA: Array
(
    [job_id] => 172ff699-2121-49b1-b339-6ad8c79609ce
)

[2026-01-15 13:58:38] [22 MB] [chunked_processor] Transient lookup result
    DATA: Array
(
    [option_name] => speed_backups_job_172ff699-2121-49b1-b339-6ad8c79609ce
    [found] => YES
)

[2026-01-15 13:58:38] [22 MB] [chunked_processor] Job retrieved successfully
    DATA: Array
(
    [status] => running
    [type] => backup
)

[2026-01-15 13:58:38] [22 MB] [chunked_processor] save_job called
    DATA: Array
(
    [job_id] => 172ff699-2121-49b1-b339-6ad8c79609ce
    [status] => running
)

[2026-01-15 13:58:38] [22 MB] [chunked_processor] Transient save result
    DATA: Array
(
    [option_name] => speed_backups_job_172ff699-2121-49b1-b339-6ad8c79609ce
    [success] => YES
)

[2026-01-15 13:58:38] [22 MB] [chunked_processor] Option save result
    DATA: Array
(
    [option_name] => speed_backups_job_172ff699-2121-49b1-b339-6ad8c79609ce
    [success] => YES
)

[2026-01-15 13:58:38] [22 MB] [chunked_processor] Save verification
    DATA: Array
(
    [verified] => YES
)

[2026-01-15 13:58:38] [22 MB] [chunked_processor] get_job called
    DATA: Array
(
    [job_id] => 172ff699-2121-49b1-b339-6ad8c79609ce
)

[2026-01-15 13:58:38] [22 MB] [chunked_processor] Transient lookup result
    DATA: Array
(
    [option_name] => speed_backups_job_172ff699-2121-49b1-b339-6ad8c79609ce
    [found] => YES
)

[2026-01-15 13:58:38] [22 MB] [chunked_processor] Job retrieved successfully
    DATA: Array
(
    [status] => running
    [type] => backup
)

[2026-01-15 13:58:38] [22 MB] [chunked_processor] get_job called
    DATA: Array
(
    [job_id] => 172ff699-2121-49b1-b339-6ad8c79609ce
)

[2026-01-15 13:58:38] [22 MB] [chunked_processor] Transient lookup result
    DATA: Array
(
    [option_name] => speed_backups_job_172ff699-2121-49b1-b339-6ad8c79609ce
    [found] => YES
)

[2026-01-15 13:58:38] [22 MB] [chunked_processor] Job retrieved successfully
    DATA: Array
(
    [status] => running
    [type] => backup
)

[2026-01-15 13:58:38] [22 MB] [chunked_processor] get_job called
    DATA: Array
(
    [job_id] => 172ff699-2121-49b1-b339-6ad8c79609ce
)

[2026-01-15 13:58:38] [22 MB] [chunked_processor] Transient lookup result
    DATA: Array
(
    [option_name] => speed_backups_job_172ff699-2121-49b1-b339-6ad8c79609ce
    [found] => YES
)

[2026-01-15 13:58:38] [22 MB] [chunked_processor] Job retrieved successfully
    DATA: Array
(
    [status] => running
    [type] => backup
)

[2026-01-15 13:58:38] [22 MB] [chunked_processor] get_job called
    DATA: Array
(
    [job_id] => 172ff699-2121-49b1-b339-6ad8c79609ce
)

[2026-01-15 13:58:38] [22 MB] [chunked_processor] Transient lookup result
    DATA: Array
(
    [option_name] => speed_backups_job_172ff699-2121-49b1-b339-6ad8c79609ce
    [found] => YES
)

[2026-01-15 13:58:38] [22 MB] [chunked_processor] Job retrieved successfully
    DATA: Array
(
    [status] => running
    [type] => backup
)

[2026-01-15 13:58:38] [22 MB] [chunked_processor] get_job called
    DATA: Array
(
    [job_id] => 172ff699-2121-49b1-b339-6ad8c79609ce
)

[2026-01-15 13:58:38] [22 MB] [chunked_processor] Transient lookup result
    DATA: Array
(
    [option_name] => speed_backups_job_172ff699-2121-49b1-b339-6ad8c79609ce
    [found] => YES
)

[2026-01-15 13:58:38] [22 MB] [chunked_processor] Job retrieved successfully
    DATA: Array
(
    [status] => running
    [type] => backup
)

[2026-01-15 13:58:38] [22 MB] [chunked_processor] save_job called
    DATA: Array
(
    [job_id] => 172ff699-2121-49b1-b339-6ad8c79609ce
    [status] => running
)

[2026-01-15 13:58:38] [22 MB] [chunked_processor] Transient save result
    DATA: Array
(
    [option_name] => speed_backups_job_172ff699-2121-49b1-b339-6ad8c79609ce
    [success] => YES
)

[2026-01-15 13:58:38] [22 MB] [chunked_processor] Option save result
    DATA: Array
(
    [option_name] => speed_backups_job_172ff699-2121-49b1-b339-6ad8c79609ce
    [success] => YES
)

[2026-01-15 13:58:38] [22 MB] [chunked_processor] Save verification
    DATA: Array
(
    [verified] => YES
)

[2026-01-15 13:58:39] [24 MB] [chunked_processor] get_job called
    DATA: Array
(
    [job_id] => 172ff699-2121-49b1-b339-6ad8c79609ce
)

[2026-01-15 13:58:39] [24 MB] [chunked_processor] Transient lookup result
    DATA: Array
(
    [option_name] => speed_backups_job_172ff699-2121-49b1-b339-6ad8c79609ce
    [found] => YES
)

[2026-01-15 13:58:39] [24 MB] [chunked_processor] Job retrieved successfully
    DATA: Array
(
    [status] => running
    [type] => backup
)

[2026-01-15 13:58:39] [24 MB] [chunked_processor] save_job called
    DATA: Array
(
    [job_id] => 172ff699-2121-49b1-b339-6ad8c79609ce
    [status] => running
)

[2026-01-15 13:58:39] [24 MB] [chunked_processor] Transient save result
    DATA: Array
(
    [option_name] => speed_backups_job_172ff699-2121-49b1-b339-6ad8c79609ce
    [success] => YES
)

[2026-01-15 13:58:39] [24 MB] [chunked_processor] Option save result
    DATA: Array
(
    [option_name] => speed_backups_job_172ff699-2121-49b1-b339-6ad8c79609ce
    [success] => YES
)

[2026-01-15 13:58:39] [24 MB] [chunked_processor] Save verification
    DATA: Array
(
    [verified] => YES
)

[2026-01-15 13:58:39] [24 MB] [chunked_processor] get_job called
    DATA: Array
(
    [job_id] => 172ff699-2121-49b1-b339-6ad8c79609ce
)

[2026-01-15 13:58:39] [24 MB] [chunked_processor] Transient lookup result
    DATA: Array
(
    [option_name] => speed_backups_job_172ff699-2121-49b1-b339-6ad8c79609ce
    [found] => YES
)

[2026-01-15 13:58:39] [24 MB] [chunked_processor] Job retrieved successfully
    DATA: Array
(
    [status] => running
    [type] => backup
)

[2026-01-15 13:58:39] [24 MB] [chunked_processor] get_job called
    DATA: Array
(
    [job_id] => 172ff699-2121-49b1-b339-6ad8c79609ce
)

[2026-01-15 13:58:39] [24 MB] [chunked_processor] Transient lookup result
    DATA: Array
(
    [option_name] => speed_backups_job_172ff699-2121-49b1-b339-6ad8c79609ce
    [found] => YES
)

[2026-01-15 13:58:39] [24 MB] [chunked_processor] Job retrieved successfully
    DATA: Array
(
    [status] => running
    [type] => backup
)

[2026-01-15 13:58:40] [22 MB] [chunked_processor] get_job called
    DATA: Array
(
    [job_id] => 172ff699-2121-49b1-b339-6ad8c79609ce
)

[2026-01-15 13:58:40] [22 MB] [chunked_processor] Transient lookup result
    DATA: Array
(
    [option_name] => speed_backups_job_172ff699-2121-49b1-b339-6ad8c79609ce
    [found] => YES
)

[2026-01-15 13:58:40] [22 MB] [chunked_processor] Job retrieved successfully
    DATA: Array
(
    [status] => running
    [type] => backup
)

[2026-01-15 13:58:40] [22 MB] [chunked_processor] get_job called
    DATA: Array
(
    [job_id] => 172ff699-2121-49b1-b339-6ad8c79609ce
)

[2026-01-15 13:58:40] [22 MB] [chunked_processor] Transient lookup result
    DATA: Array
(
    [option_name] => speed_backups_job_172ff699-2121-49b1-b339-6ad8c79609ce
    [found] => YES
)

[2026-01-15 13:58:40] [22 MB] [chunked_processor] Job retrieved successfully
    DATA: Array
(
    [status] => running
    [type] => backup
)

[2026-01-15 13:58:40] [22 MB] [chunked_processor] get_job called
    DATA: Array
(
    [job_id] => 172ff699-2121-49b1-b339-6ad8c79609ce
)

[2026-01-15 13:58:40] [22 MB] [chunked_processor] Transient lookup result
    DATA: Array
(
    [option_name] => speed_backups_job_172ff699-2121-49b1-b339-6ad8c79609ce
    [found] => YES
)

[2026-01-15 13:58:40] [22 MB] [chunked_processor] Job retrieved successfully
    DATA: Array
(
    [status] => running
    [type] => backup
)

[2026-01-15 13:58:40] [22 MB] [chunked_processor] save_job called
    DATA: Array
(
    [job_id] => 172ff699-2121-49b1-b339-6ad8c79609ce
    [status] => running
)

[2026-01-15 13:58:40] [22 MB] [chunked_processor] Transient save result
    DATA: Array
(
    [option_name] => speed_backups_job_172ff699-2121-49b1-b339-6ad8c79609ce
    [success] => YES
)

[2026-01-15 13:58:40] [22 MB] [chunked_processor] Option save result
    DATA: Array
(
    [option_name] => speed_backups_job_172ff699-2121-49b1-b339-6ad8c79609ce
    [success] => YES
)

[2026-01-15 13:58:40] [22 MB] [chunked_processor] Save verification
    DATA: Array
(
    [verified] => YES
)

[2026-01-15 13:58:40] [22 MB] [chunked_processor] get_job called
    DATA: Array
(
    [job_id] => 172ff699-2121-49b1-b339-6ad8c79609ce
)

[2026-01-15 13:58:40] [22 MB] [chunked_processor] Transient lookup result
    DATA: Array
(
    [option_name] => speed_backups_job_172ff699-2121-49b1-b339-6ad8c79609ce
    [found] => YES
)

[2026-01-15 13:58:40] [22 MB] [chunked_processor] Job retrieved successfully
    DATA: Array
(
    [status] => running
    [type] => backup
)

[2026-01-15 13:58:40] [22 MB] [chunked_processor] save_job called
    DATA: Array
(
    [job_id] => 172ff699-2121-49b1-b339-6ad8c79609ce
    [status] => running
)

[2026-01-15 13:58:40] [22 MB] [chunked_processor] Transient save result
    DATA: Array
(
    [option_name] => speed_backups_job_172ff699-2121-49b1-b339-6ad8c79609ce
    [success] => YES
)

[2026-01-15 13:58:40] [22 MB] [chunked_processor] Option save result
    DATA: Array
(
    [option_name] => speed_backups_job_172ff699-2121-49b1-b339-6ad8c79609ce
    [success] => YES
)

[2026-01-15 13:58:40] [22 MB] [chunked_processor] Save verification
    DATA: Array
(
    [verified] => YES
)

[2026-01-15 13:58:40] [22 MB] [chunked_processor] get_job called
    DATA: Array
(
    [job_id] => 172ff699-2121-49b1-b339-6ad8c79609ce
)

[2026-01-15 13:58:40] [22 MB] [chunked_processor] Transient lookup result
    DATA: Array
(
    [option_name] => speed_backups_job_172ff699-2121-49b1-b339-6ad8c79609ce
    [found] => YES
)

[2026-01-15 13:58:40] [22 MB] [chunked_processor] Job retrieved successfully
    DATA: Array
(
    [status] => running
    [type] => backup
)

[2026-01-15 13:58:40] [22 MB] [chunked_processor] get_job called
    DATA: Array
(
    [job_id] => 172ff699-2121-49b1-b339-6ad8c79609ce
)

[2026-01-15 13:58:40] [22 MB] [chunked_processor] Transient lookup result
    DATA: Array
(
    [option_name] => speed_backups_job_172ff699-2121-49b1-b339-6ad8c79609ce
    [found] => YES
)

[2026-01-15 13:58:40] [22 MB] [chunked_processor] Job retrieved successfully
    DATA: Array
(
    [status] => running
    [type] => backup
)

[2026-01-15 13:58:40] [22 MB] [chunked_processor] get_job called
    DATA: Array
(
    [job_id] => 172ff699-2121-49b1-b339-6ad8c79609ce
)

[2026-01-15 13:58:40] [22 MB] [chunked_processor] Transient lookup result
    DATA: Array
(
    [option_name] => speed_backups_job_172ff699-2121-49b1-b339-6ad8c79609ce
    [found] => YES
)

[2026-01-15 13:58:40] [22 MB] [chunked_processor] Job retrieved successfully
    DATA: Array
(
    [status] => running
    [type] => backup
)

[2026-01-15 13:58:40] [22 MB] [chunked_processor] get_job called
    DATA: Array
(
    [job_id] => 172ff699-2121-49b1-b339-6ad8c79609ce
)

[2026-01-15 13:58:40] [22 MB] [chunked_processor] Transient lookup result
    DATA: Array
(
    [option_name] => speed_backups_job_172ff699-2121-49b1-b339-6ad8c79609ce
    [found] => YES
)

[2026-01-15 13:58:40] [22 MB] [chunked_processor] Job retrieved successfully
    DATA: Array
(
    [status] => running
    [type] => backup
)

[2026-01-15 13:58:40] [22 MB] [chunked_processor] get_job called
    DATA: Array
(
    [job_id] => 172ff699-2121-49b1-b339-6ad8c79609ce
)

[2026-01-15 13:58:40] [22 MB] [chunked_processor] Transient lookup result
    DATA: Array
(
    [option_name] => speed_backups_job_172ff699-2121-49b1-b339-6ad8c79609ce
    [found] => YES
)

[2026-01-15 13:58:40] [22 MB] [chunked_processor] Job retrieved successfully
    DATA: Array
(
    [status] => running
    [type] => backup
)

[2026-01-15 13:58:40] [22 MB] [chunked_processor] save_job called
    DATA: Array
(
    [job_id] => 172ff699-2121-49b1-b339-6ad8c79609ce
    [status] => running
)

[2026-01-15 13:58:40] [22 MB] [chunked_processor] Transient save result
    DATA: Array
(
    [option_name] => speed_backups_job_172ff699-2121-49b1-b339-6ad8c79609ce
    [success] => YES
)

[2026-01-15 13:58:40] [22 MB] [chunked_processor] Option save result
    DATA: Array
(
    [option_name] => speed_backups_job_172ff699-2121-49b1-b339-6ad8c79609ce
    [success] => YES
)

[2026-01-15 13:58:40] [22 MB] [chunked_processor] Save verification
    DATA: Array
(
    [verified] => YES
)

[2026-01-15 13:58:41] [22 MB] [chunked_processor] get_job called
    DATA: Array
(
    [job_id] => 172ff699-2121-49b1-b339-6ad8c79609ce
)

[2026-01-15 13:58:41] [22 MB] [chunked_processor] Transient lookup result
    DATA: Array
(
    [option_name] => speed_backups_job_172ff699-2121-49b1-b339-6ad8c79609ce
    [found] => YES
)

[2026-01-15 13:58:41] [22 MB] [chunked_processor] Job retrieved successfully
    DATA: Array
(
    [status] => running
    [type] => backup
)

[2026-01-15 13:58:41] [22 MB] [chunked_processor] save_job called
    DATA: Array
(
    [job_id] => 172ff699-2121-49b1-b339-6ad8c79609ce
    [status] => running
)

[2026-01-15 13:58:41] [22 MB] [chunked_processor] Transient save result
    DATA: Array
(
    [option_name] => speed_backups_job_172ff699-2121-49b1-b339-6ad8c79609ce
    [success] => YES
)

[2026-01-15 13:58:41] [22 MB] [chunked_processor] Option save result
    DATA: Array
(
    [option_name] => speed_backups_job_172ff699-2121-49b1-b339-6ad8c79609ce
    [success] => YES
)

[2026-01-15 13:58:41] [22 MB] [chunked_processor] Save verification
    DATA: Array
(
    [verified] => YES
)

[2026-01-15 13:58:41] [22 MB] [chunked_processor] get_job called
    DATA: Array
(
    [job_id] => 172ff699-2121-49b1-b339-6ad8c79609ce
)

[2026-01-15 13:58:41] [22 MB] [chunked_processor] Transient lookup result
    DATA: Array
(
    [option_name] => speed_backups_job_172ff699-2121-49b1-b339-6ad8c79609ce
    [found] => YES
)

[2026-01-15 13:58:41] [22 MB] [chunked_processor] Job retrieved successfully
    DATA: Array
(
    [status] => running
    [type] => backup
)

[2026-01-15 13:58:41] [22 MB] [chunked_processor] save_job called
    DATA: Array
(
    [job_id] => 172ff699-2121-49b1-b339-6ad8c79609ce
    [status] => running
)

[2026-01-15 13:58:41] [22 MB] [chunked_processor] Transient save result
    DATA: Array
(
    [option_name] => speed_backups_job_172ff699-2121-49b1-b339-6ad8c79609ce
    [success] => YES
)

[2026-01-15 13:58:41] [22 MB] [chunked_processor] Option save result
    DATA: Array
(
    [option_name] => speed_backups_job_172ff699-2121-49b1-b339-6ad8c79609ce
    [success] => YES
)

[2026-01-15 13:58:41] [22 MB] [chunked_processor] Save verification
    DATA: Array
(
    [verified] => YES
)

[2026-01-15 13:58:41] [22 MB] [chunked_processor] get_job called
    DATA: Array
(
    [job_id] => 172ff699-2121-49b1-b339-6ad8c79609ce
)

[2026-01-15 13:58:41] [22 MB] [chunked_processor] Transient lookup result
    DATA: Array
(
    [option_name] => speed_backups_job_172ff699-2121-49b1-b339-6ad8c79609ce
    [found] => YES
)

[2026-01-15 13:58:41] [22 MB] [chunked_processor] Job retrieved successfully
    DATA: Array
(
    [status] => running
    [type] => backup
)

[2026-01-15 13:58:41] [22 MB] [chunked_processor] save_job called
    DATA: Array
(
    [job_id] => 172ff699-2121-49b1-b339-6ad8c79609ce
    [status] => running
)

[2026-01-15 13:58:41] [22 MB] [chunked_processor] Transient save result
    DATA: Array
(
    [option_name] => speed_backups_job_172ff699-2121-49b1-b339-6ad8c79609ce
    [success] => YES
)

[2026-01-15 13:58:41] [22 MB] [chunked_processor] Option save result
    DATA: Array
(
    [option_name] => speed_backups_job_172ff699-2121-49b1-b339-6ad8c79609ce
    [success] => YES
)

[2026-01-15 13:58:41] [22 MB] [chunked_processor] Save verification
    DATA: Array
(
    [verified] => YES
)

[2026-01-15 13:58:41] [22 MB] [chunked_processor] get_job called
    DATA: Array
(
    [job_id] => 172ff699-2121-49b1-b339-6ad8c79609ce
)

[2026-01-15 13:58:41] [22 MB] [chunked_processor] Transient lookup result
    DATA: Array
(
    [option_name] => speed_backups_job_172ff699-2121-49b1-b339-6ad8c79609ce
    [found] => YES
)

[2026-01-15 13:58:41] [22 MB] [chunked_processor] Job retrieved successfully
    DATA: Array
(
    [status] => running
    [type] => backup
)

[2026-01-15 13:58:41] [22 MB] [chunked_processor] get_job called
    DATA: Array
(
    [job_id] => 172ff699-2121-49b1-b339-6ad8c79609ce
)

[2026-01-15 13:58:41] [22 MB] [chunked_processor] Transient lookup result
    DATA: Array
(
    [option_name] => speed_backups_job_172ff699-2121-49b1-b339-6ad8c79609ce
    [found] => YES
)

[2026-01-15 13:58:41] [22 MB] [chunked_processor] Job retrieved successfully
    DATA: Array
(
    [status] => running
    [type] => backup
)

[2026-01-15 13:58:41] [22 MB] [chunked_processor] get_job called
    DATA: Array
(
    [job_id] => 172ff699-2121-49b1-b339-6ad8c79609ce
)

[2026-01-15 13:58:41] [22 MB] [chunked_processor] Transient lookup result
    DATA: Array
(
    [option_name] => speed_backups_job_172ff699-2121-49b1-b339-6ad8c79609ce
    [found] => YES
)

[2026-01-15 13:58:41] [22 MB] [chunked_processor] Job retrieved successfully
    DATA: Array
(
    [status] => running
    [type] => backup
)

[2026-01-15 13:58:41] [22 MB] [chunked_processor] get_job called
    DATA: Array
(
    [job_id] => 172ff699-2121-49b1-b339-6ad8c79609ce
)

[2026-01-15 13:58:41] [22 MB] [chunked_processor] Transient lookup result
    DATA: Array
(
    [option_name] => speed_backups_job_172ff699-2121-49b1-b339-6ad8c79609ce
    [found] => YES
)

[2026-01-15 13:58:41] [22 MB] [chunked_processor] Job retrieved successfully
    DATA: Array
(
    [status] => running
    [type] => backup
)

[2026-01-15 13:58:41] [22 MB] [chunked_processor] get_job called
    DATA: Array
(
    [job_id] => 172ff699-2121-49b1-b339-6ad8c79609ce
)

[2026-01-15 13:58:41] [22 MB] [chunked_processor] Transient lookup result
    DATA: Array
(
    [option_name] => speed_backups_job_172ff699-2121-49b1-b339-6ad8c79609ce
    [found] => YES
)

[2026-01-15 13:58:41] [22 MB] [chunked_processor] Job retrieved successfully
    DATA: Array
(
    [status] => running
    [type] => backup
)

[2026-01-15 13:58:41] [22 MB] [chunked_processor] save_job called
    DATA: Array
(
    [job_id] => 172ff699-2121-49b1-b339-6ad8c79609ce
    [status] => running
)

[2026-01-15 13:58:41] [22 MB] [chunked_processor] Transient save result
    DATA: Array
(
    [option_name] => speed_backups_job_172ff699-2121-49b1-b339-6ad8c79609ce
    [success] => YES
)

[2026-01-15 13:58:41] [22 MB] [chunked_processor] Option save result
    DATA: Array
(
    [option_name] => speed_backups_job_172ff699-2121-49b1-b339-6ad8c79609ce
    [success] => YES
)

[2026-01-15 13:58:41] [22 MB] [chunked_processor] Save verification
    DATA: Array
(
    [verified] => YES
)

[2026-01-15 13:58:41] [22 MB] [chunked_processor] get_job called
    DATA: Array
(
    [job_id] => 172ff699-2121-49b1-b339-6ad8c79609ce
)

[2026-01-15 13:58:41] [22 MB] [chunked_processor] Transient lookup result
    DATA: Array
(
    [option_name] => speed_backups_job_172ff699-2121-49b1-b339-6ad8c79609ce
    [found] => YES
)

[2026-01-15 13:58:41] [22 MB] [chunked_processor] Job retrieved successfully
    DATA: Array
(
    [status] => running
    [type] => backup
)

[2026-01-15 13:58:41] [22 MB] [chunked_processor] save_job called
    DATA: Array
(
    [job_id] => 172ff699-2121-49b1-b339-6ad8c79609ce
    [status] => running
)

[2026-01-15 13:58:41] [22 MB] [chunked_processor] Transient save result
    DATA: Array
(
    [option_name] => speed_backups_job_172ff699-2121-49b1-b339-6ad8c79609ce
    [success] => YES
)

[2026-01-15 13:58:41] [22 MB] [chunked_processor] Option save result
    DATA: Array
(
    [option_name] => speed_backups_job_172ff699-2121-49b1-b339-6ad8c79609ce
    [success] => YES
)

[2026-01-15 13:58:41] [22 MB] [chunked_processor] Save verification
    DATA: Array
(
    [verified] => YES
)

[2026-01-15 13:58:41] [22 MB] [chunked_processor] get_job called
    DATA: Array
(
    [job_id] => 172ff699-2121-49b1-b339-6ad8c79609ce
)

[2026-01-15 13:58:41] [22 MB] [chunked_processor] Transient lookup result
    DATA: Array
(
    [option_name] => speed_backups_job_172ff699-2121-49b1-b339-6ad8c79609ce
    [found] => YES
)

[2026-01-15 13:58:41] [22 MB] [chunked_processor] Job retrieved successfully
    DATA: Array
(
    [status] => running
    [type] => backup
)

[2026-01-15 13:58:41] [22 MB] [chunked_processor] save_job called
    DATA: Array
(
    [job_id] => 172ff699-2121-49b1-b339-6ad8c79609ce
    [status] => running
)

[2026-01-15 13:58:41] [22 MB] [chunked_processor] Transient save result
    DATA: Array
(
    [option_name] => speed_backups_job_172ff699-2121-49b1-b339-6ad8c79609ce
    [success] => YES
)

[2026-01-15 13:58:41] [22 MB] [chunked_processor] Option save result
    DATA: Array
(
    [option_name] => speed_backups_job_172ff699-2121-49b1-b339-6ad8c79609ce
    [success] => YES
)

[2026-01-15 13:58:41] [22 MB] [chunked_processor] Save verification
    DATA: Array
(
    [verified] => YES
)

[2026-01-15 13:58:41] [22 MB] [chunked_processor] get_job called
    DATA: Array
(
    [job_id] => 172ff699-2121-49b1-b339-6ad8c79609ce
)

[2026-01-15 13:58:41] [22 MB] [chunked_processor] Transient lookup result
    DATA: Array
(
    [option_name] => speed_backups_job_172ff699-2121-49b1-b339-6ad8c79609ce
    [found] => YES
)

[2026-01-15 13:58:41] [22 MB] [chunked_processor] Job retrieved successfully
    DATA: Array
(
    [status] => running
    [type] => backup
)

[2026-01-15 13:58:41] [22 MB] [chunked_processor] get_job called
    DATA: Array
(
    [job_id] => 172ff699-2121-49b1-b339-6ad8c79609ce
)

[2026-01-15 13:58:41] [22 MB] [chunked_processor] Transient lookup result
    DATA: Array
(
    [option_name] => speed_backups_job_172ff699-2121-49b1-b339-6ad8c79609ce
    [found] => YES
)

[2026-01-15 13:58:41] [22 MB] [chunked_processor] Job retrieved successfully
    DATA: Array
(
    [status] => running
    [type] => backup
)

[2026-01-15 13:58:42] [22 MB] [chunked_processor] get_job called
    DATA: Array
(
    [job_id] => 172ff699-2121-49b1-b339-6ad8c79609ce
)

[2026-01-15 13:58:42] [22 MB] [chunked_processor] Transient lookup result
    DATA: Array
(
    [option_name] => speed_backups_job_172ff699-2121-49b1-b339-6ad8c79609ce
    [found] => YES
)

[2026-01-15 13:58:42] [22 MB] [chunked_processor] Job retrieved successfully
    DATA: Array
(
    [status] => running
    [type] => backup
)

[2026-01-15 13:58:42] [22 MB] [chunked_processor] get_job called
    DATA: Array
(
    [job_id] => 172ff699-2121-49b1-b339-6ad8c79609ce
)

[2026-01-15 13:58:42] [22 MB] [chunked_processor] Transient lookup result
    DATA: Array
(
    [option_name] => speed_backups_job_172ff699-2121-49b1-b339-6ad8c79609ce
    [found] => YES
)

[2026-01-15 13:58:42] [22 MB] [chunked_processor] Job retrieved successfully
    DATA: Array
(
    [status] => running
    [type] => backup
)

[2026-01-15 13:58:42] [22 MB] [chunked_processor] get_job called
    DATA: Array
(
    [job_id] => 172ff699-2121-49b1-b339-6ad8c79609ce
)

[2026-01-15 13:58:42] [22 MB] [chunked_processor] Transient lookup result
    DATA: Array
(
    [option_name] => speed_backups_job_172ff699-2121-49b1-b339-6ad8c79609ce
    [found] => YES
)

[2026-01-15 13:58:42] [22 MB] [chunked_processor] Job retrieved successfully
    DATA: Array
(
    [status] => running
    [type] => backup
)

[2026-01-15 13:58:42] [22 MB] [chunked_processor] save_job called
    DATA: Array
(
    [job_id] => 172ff699-2121-49b1-b339-6ad8c79609ce
    [status] => running
)

[2026-01-15 13:58:42] [22 MB] [chunked_processor] Transient save result
    DATA: Array
(
    [option_name] => speed_backups_job_172ff699-2121-49b1-b339-6ad8c79609ce
    [success] => YES
)

[2026-01-15 13:58:42] [22 MB] [chunked_processor] Option save result
    DATA: Array
(
    [option_name] => speed_backups_job_172ff699-2121-49b1-b339-6ad8c79609ce
    [success] => YES
)

[2026-01-15 13:58:42] [22 MB] [chunked_processor] Save verification
    DATA: Array
(
    [verified] => YES
)

[2026-01-15 13:58:43] [22 MB] [chunked_processor] get_job called
    DATA: Array
(
    [job_id] => 172ff699-2121-49b1-b339-6ad8c79609ce
)

[2026-01-15 13:58:43] [22 MB] [chunked_processor] Transient lookup result
    DATA: Array
(
    [option_name] => speed_backups_job_172ff699-2121-49b1-b339-6ad8c79609ce
    [found] => YES
)

[2026-01-15 13:58:43] [22 MB] [chunked_processor] Job retrieved successfully
    DATA: Array
(
    [status] => running
    [type] => backup
)

[2026-01-15 13:58:43] [22 MB] [chunked_processor] save_job called
    DATA: Array
(
    [job_id] => 172ff699-2121-49b1-b339-6ad8c79609ce
    [status] => running
)

[2026-01-15 13:58:43] [22 MB] [chunked_processor] Transient save result
    DATA: Array
(
    [option_name] => speed_backups_job_172ff699-2121-49b1-b339-6ad8c79609ce
    [success] => YES
)

[2026-01-15 13:58:43] [22 MB] [chunked_processor] Option save result
    DATA: Array
(
    [option_name] => speed_backups_job_172ff699-2121-49b1-b339-6ad8c79609ce
    [success] => YES
)

[2026-01-15 13:58:43] [22 MB] [chunked_processor] Save verification
    DATA: Array
(
    [verified] => YES
)

[2026-01-15 13:58:43] [22 MB] [chunked_processor] get_job called
    DATA: Array
(
    [job_id] => 172ff699-2121-49b1-b339-6ad8c79609ce
)

[2026-01-15 13:58:43] [22 MB] [chunked_processor] Transient lookup result
    DATA: Array
(
    [option_name] => speed_backups_job_172ff699-2121-49b1-b339-6ad8c79609ce
    [found] => YES
)

[2026-01-15 13:58:43] [22 MB] [chunked_processor] Job retrieved successfully
    DATA: Array
(
    [status] => running
    [type] => backup
)

[2026-01-15 13:58:43] [22 MB] [chunked_processor] save_job called
    DATA: Array
(
    [job_id] => 172ff699-2121-49b1-b339-6ad8c79609ce
    [status] => running
)

[2026-01-15 13:58:43] [22 MB] [chunked_processor] Transient save result
    DATA: Array
(
    [option_name] => speed_backups_job_172ff699-2121-49b1-b339-6ad8c79609ce
    [success] => YES
)

[2026-01-15 13:58:43] [22 MB] [chunked_processor] Option save result
    DATA: Array
(
    [option_name] => speed_backups_job_172ff699-2121-49b1-b339-6ad8c79609ce
    [success] => YES
)

[2026-01-15 13:58:43] [22 MB] [chunked_processor] Save verification
    DATA: Array
(
    [verified] => YES
)

[2026-01-15 13:58:43] [22 MB] [chunked_processor] get_job called
    DATA: Array
(
    [job_id] => 172ff699-2121-49b1-b339-6ad8c79609ce
)

[2026-01-15 13:58:43] [22 MB] [chunked_processor] Transient lookup result
    DATA: Array
(
    [option_name] => speed_backups_job_172ff699-2121-49b1-b339-6ad8c79609ce
    [found] => YES
)

[2026-01-15 13:58:43] [22 MB] [chunked_processor] Job retrieved successfully
    DATA: Array
(
    [status] => running
    [type] => backup
)

[2026-01-15 13:58:43] [22 MB] [chunked_processor] get_job called
    DATA: Array
(
    [job_id] => 172ff699-2121-49b1-b339-6ad8c79609ce
)

[2026-01-15 13:58:43] [22 MB] [chunked_processor] Transient lookup result
    DATA: Array
(
    [option_name] => speed_backups_job_172ff699-2121-49b1-b339-6ad8c79609ce
    [found] => YES
)

[2026-01-15 13:58:43] [22 MB] [chunked_processor] Job retrieved successfully
    DATA: Array
(
    [status] => running
    [type] => backup
)

[2026-01-15 13:58:44] [22 MB] [chunked_processor] get_job called
    DATA: Array
(
    [job_id] => 172ff699-2121-49b1-b339-6ad8c79609ce
)

[2026-01-15 13:58:44] [22 MB] [chunked_processor] Transient lookup result
    DATA: Array
(
    [option_name] => speed_backups_job_172ff699-2121-49b1-b339-6ad8c79609ce
    [found] => YES
)

[2026-01-15 13:58:44] [22 MB] [chunked_processor] Job retrieved successfully
    DATA: Array
(
    [status] => running
    [type] => backup
)

[2026-01-15 13:58:44] [22 MB] [chunked_processor] get_job called
    DATA: Array
(
    [job_id] => 172ff699-2121-49b1-b339-6ad8c79609ce
)

[2026-01-15 13:58:44] [22 MB] [chunked_processor] Transient lookup result
    DATA: Array
(
    [option_name] => speed_backups_job_172ff699-2121-49b1-b339-6ad8c79609ce
    [found] => YES
)

[2026-01-15 13:58:44] [22 MB] [chunked_processor] Job retrieved successfully
    DATA: Array
(
    [status] => running
    [type] => backup
)

[2026-01-15 13:58:44] [22 MB] [chunked_processor] get_job called
    DATA: Array
(
    [job_id] => 172ff699-2121-49b1-b339-6ad8c79609ce
)

[2026-01-15 13:58:44] [22 MB] [chunked_processor] Transient lookup result
    DATA: Array
(
    [option_name] => speed_backups_job_172ff699-2121-49b1-b339-6ad8c79609ce
    [found] => YES
)

[2026-01-15 13:58:44] [22 MB] [chunked_processor] Job retrieved successfully
    DATA: Array
(
    [status] => running
    [type] => backup
)

[2026-01-15 13:58:44] [22 MB] [chunked_processor] save_job called
    DATA: Array
(
    [job_id] => 172ff699-2121-49b1-b339-6ad8c79609ce
    [status] => running
)

[2026-01-15 13:58:44] [22 MB] [chunked_processor] Transient save result
    DATA: Array
(
    [option_name] => speed_backups_job_172ff699-2121-49b1-b339-6ad8c79609ce
    [success] => YES
)

[2026-01-15 13:58:44] [22 MB] [chunked_processor] Option save result
    DATA: Array
(
    [option_name] => speed_backups_job_172ff699-2121-49b1-b339-6ad8c79609ce
    [success] => YES
)

[2026-01-15 13:58:44] [22 MB] [chunked_processor] Save verification
    DATA: Array
(
    [verified] => YES
)

[2026-01-15 13:58:44] [22 MB] [chunked_processor] get_job called
    DATA: Array
(
    [job_id] => 172ff699-2121-49b1-b339-6ad8c79609ce
)

[2026-01-15 13:58:44] [22 MB] [chunked_processor] Transient lookup result
    DATA: Array
(
    [option_name] => speed_backups_job_172ff699-2121-49b1-b339-6ad8c79609ce
    [found] => YES
)

[2026-01-15 13:58:44] [22 MB] [chunked_processor] Job retrieved successfully
    DATA: Array
(
    [status] => running
    [type] => backup
)

[2026-01-15 13:58:44] [22 MB] [chunked_processor] save_job called
    DATA: Array
(
    [job_id] => 172ff699-2121-49b1-b339-6ad8c79609ce
    [status] => completed
)

[2026-01-15 13:58:44] [22 MB] [chunked_processor] Transient save result
    DATA: Array
(
    [option_name] => speed_backups_job_172ff699-2121-49b1-b339-6ad8c79609ce
    [success] => YES
)

[2026-01-15 13:58:44] [22 MB] [chunked_processor] Option save result
    DATA: Array
(
    [option_name] => speed_backups_job_172ff699-2121-49b1-b339-6ad8c79609ce
    [success] => YES
)

[2026-01-15 13:58:44] [22 MB] [chunked_processor] Save verification
    DATA: Array
(
    [verified] => YES
)

[2026-01-15 13:58:44] [22 MB] [chunked_processor] get_job called
    DATA: Array
(
    [job_id] => 172ff699-2121-49b1-b339-6ad8c79609ce
)

[2026-01-15 13:58:44] [22 MB] [chunked_processor] Transient lookup result
    DATA: Array
(
    [option_name] => speed_backups_job_172ff699-2121-49b1-b339-6ad8c79609ce
    [found] => YES
)

[2026-01-15 13:58:44] [22 MB] [chunked_processor] Job retrieved successfully
    DATA: Array
(
    [status] => completed
    [type] => backup
)

[2026-01-15 13:58:44] [22 MB] [chunked_processor] save_job called
    DATA: Array
(
    [job_id] => 172ff699-2121-49b1-b339-6ad8c79609ce
    [status] => completed
)

[2026-01-15 13:58:44] [22 MB] [chunked_processor] Transient save result
    DATA: Array
(
    [option_name] => speed_backups_job_172ff699-2121-49b1-b339-6ad8c79609ce
    [success] => YES
)

[2026-01-15 13:58:44] [22 MB] [chunked_processor] Option save result
    DATA: Array
(
    [option_name] => speed_backups_job_172ff699-2121-49b1-b339-6ad8c79609ce
    [success] => YES
)

[2026-01-15 13:58:44] [22 MB] [chunked_processor] Save verification
    DATA: Array
(
    [verified] => YES
)

[2026-01-15 13:58:44] [22 MB] [chunked_processor] get_job called
    DATA: Array
(
    [job_id] => 172ff699-2121-49b1-b339-6ad8c79609ce
)

[2026-01-15 13:58:44] [22 MB] [chunked_processor] Transient lookup result
    DATA: Array
(
    [option_name] => speed_backups_job_172ff699-2121-49b1-b339-6ad8c79609ce
    [found] => YES
)

[2026-01-15 13:58:44] [22 MB] [chunked_processor] Job retrieved successfully
    DATA: Array
(
    [status] => completed
    [type] => backup
)

[2026-01-15 14:01:02] [16 MB] [SESSION] ============================================================
[2026-01-15 14:01:02] [16 MB] [SESSION] NEW RESTORE SESSION STARTED
[2026-01-15 14:01:02] [16 MB] [SESSION] WordPress: 6.9
[2026-01-15 14:01:02] [16 MB] [SESSION] PHP: 8.2.26
[2026-01-15 14:01:02] [16 MB] [SESSION] Plugin: 1.0.0
[2026-01-15 14:01:02] [16 MB] [SESSION] ============================================================
[2026-01-15 14:01:02] [16 MB] [FUNCTION] >>> ENTER: start_restore
    DATA: Array
(
    [0] => file_path
)

[2026-01-15 14:01:02] [18 MB] [start_restore] Backup validation passed
[2026-01-15 14:01:02] [18 MB] [start_restore] Restore options
    DATA: Array
(
    [restore_database] => YES
    [restore_files] => YES
    [replace_urls] => YES
)

[2026-01-15 14:01:02] [18 MB] [chunked_processor] save_job called
    DATA: Array
(
    [job_id] => 181434eb-3448-44a1-bb5f-4d8702296cd5
    [status] => pending
)

[2026-01-15 14:01:02] [18 MB] [chunked_processor] Transient save result
    DATA: Array
(
    [option_name] => speed_backups_job_181434eb-3448-44a1-bb5f-4d8702296cd5
    [success] => YES
)

[2026-01-15 14:01:02] [18 MB] [chunked_processor] Option save result
    DATA: Array
(
    [option_name] => speed_backups_job_181434eb-3448-44a1-bb5f-4d8702296cd5
    [success] => YES
)

[2026-01-15 14:01:02] [18 MB] [chunked_processor] Save verification
    DATA: Array
(
    [verified] => YES
)

[2026-01-15 14:01:02] [18 MB] [start_restore] Job created
    DATA: Array
(
    [job_id] => 181434eb-3448-44a1-bb5f-4d8702296cd5
)

[2026-01-15 14:01:02] [18 MB] [chunked_processor] get_job called
    DATA: Array
(
    [job_id] => 181434eb-3448-44a1-bb5f-4d8702296cd5
)

[2026-01-15 14:01:02] [18 MB] [chunked_processor] Transient lookup result
    DATA: Array
(
    [option_name] => speed_backups_job_181434eb-3448-44a1-bb5f-4d8702296cd5
    [found] => YES
)

[2026-01-15 14:01:02] [18 MB] [chunked_processor] Job retrieved successfully
    DATA: Array
(
    [status] => pending
    [type] => restore
)

[2026-01-15 14:01:02] [18 MB] [chunked_processor] save_job called
    DATA: Array
(
    [job_id] => 181434eb-3448-44a1-bb5f-4d8702296cd5
    [status] => running
)

[2026-01-15 14:01:02] [18 MB] [chunked_processor] Transient save result
    DATA: Array
(
    [option_name] => speed_backups_job_181434eb-3448-44a1-bb5f-4d8702296cd5
    [success] => YES
)

[2026-01-15 14:01:02] [18 MB] [chunked_processor] Option save result
    DATA: Array
(
    [option_name] => speed_backups_job_181434eb-3448-44a1-bb5f-4d8702296cd5
    [success] => YES
)

[2026-01-15 14:01:02] [18 MB] [chunked_processor] Save verification
    DATA: Array
(
    [verified] => YES
)

[2026-01-15 14:01:02] [18 MB] [chunked_processor] get_job called
    DATA: Array
(
    [job_id] => 181434eb-3448-44a1-bb5f-4d8702296cd5
)

[2026-01-15 14:01:02] [18 MB] [chunked_processor] Transient lookup result
    DATA: Array
(
    [option_name] => speed_backups_job_181434eb-3448-44a1-bb5f-4d8702296cd5
    [found] => YES
)

[2026-01-15 14:01:02] [18 MB] [chunked_processor] Job retrieved successfully
    DATA: Array
(
    [status] => running
    [type] => restore
)

[2026-01-15 14:01:02] [18 MB] [chunked_processor] save_job called
    DATA: Array
(
    [job_id] => 181434eb-3448-44a1-bb5f-4d8702296cd5
    [status] => running
)

[2026-01-15 14:01:02] [18 MB] [chunked_processor] Transient save result
    DATA: Array
(
    [option_name] => speed_backups_job_181434eb-3448-44a1-bb5f-4d8702296cd5
    [success] => YES
)

[2026-01-15 14:01:02] [18 MB] [chunked_processor] Option save result
    DATA: Array
(
    [option_name] => speed_backups_job_181434eb-3448-44a1-bb5f-4d8702296cd5
    [success] => YES
)

[2026-01-15 14:01:02] [18 MB] [chunked_processor] Save verification
    DATA: Array
(
    [verified] => YES
)

[2026-01-15 14:01:02] [18 MB] [chunked_processor] get_job called
    DATA: Array
(
    [job_id] => 181434eb-3448-44a1-bb5f-4d8702296cd5
)

[2026-01-15 14:01:02] [18 MB] [chunked_processor] Transient lookup result
    DATA: Array
(
    [option_name] => speed_backups_job_181434eb-3448-44a1-bb5f-4d8702296cd5
    [found] => YES
)

[2026-01-15 14:01:02] [18 MB] [chunked_processor] Job retrieved successfully
    DATA: Array
(
    [status] => running
    [type] => restore
)

[2026-01-15 14:01:02] [18 MB] [start_restore] Job creation verification
    DATA: Array
(
    [job_exists] => YES
)

[2026-01-15 14:01:02] [18 MB] [FUNCTION] <<< EXIT: start_restore
[2026-01-15 14:01:02] [16 MB] [FUNCTION] >>> ENTER: process_chunk
    DATA: Array
(
    [0] => job_id
)

[2026-01-15 14:01:02] [16 MB] [chunked_processor] get_job called
    DATA: Array
(
    [job_id] => 181434eb-3448-44a1-bb5f-4d8702296cd5
)

[2026-01-15 14:01:02] [16 MB] [chunked_processor] Transient lookup result
    DATA: Array
(
    [option_name] => speed_backups_job_181434eb-3448-44a1-bb5f-4d8702296cd5
    [found] => YES
)

[2026-01-15 14:01:02] [16 MB] [chunked_processor] Job retrieved successfully
    DATA: Array
(
    [status] => running
    [type] => restore
)

[2026-01-15 14:01:02] [16 MB] [JOB_STATE] Job 181434eb-3448-44a1-bb5f-4d8702296cd5 state
    DATA: Array
(
    [status] => running
    [type] => restore
    [phase] => validate
    [progress] => 0
)

[2026-01-15 14:01:02] [16 MB] [chunked_processor] get_job called
    DATA: Array
(
    [job_id] => 181434eb-3448-44a1-bb5f-4d8702296cd5
)

[2026-01-15 14:01:02] [16 MB] [chunked_processor] Transient lookup result
    DATA: Array
(
    [option_name] => speed_backups_job_181434eb-3448-44a1-bb5f-4d8702296cd5
    [found] => YES
)

[2026-01-15 14:01:02] [16 MB] [chunked_processor] Job retrieved successfully
    DATA: Array
(
    [status] => running
    [type] => restore
)

[2026-01-15 14:01:02] [16 MB] [chunked_processor] get_job called
    DATA: Array
(
    [job_id] => 181434eb-3448-44a1-bb5f-4d8702296cd5
)

[2026-01-15 14:01:02] [16 MB] [chunked_processor] Transient lookup result
    DATA: Array
(
    [option_name] => speed_backups_job_181434eb-3448-44a1-bb5f-4d8702296cd5
    [found] => YES
)

[2026-01-15 14:01:02] [16 MB] [chunked_processor] Job retrieved successfully
    DATA: Array
(
    [status] => running
    [type] => restore
)

[2026-01-15 14:01:02] [16 MB] [chunked_processor] save_job called
    DATA: Array
(
    [job_id] => 181434eb-3448-44a1-bb5f-4d8702296cd5
    [status] => running
)

[2026-01-15 14:01:02] [16 MB] [chunked_processor] Transient save result
    DATA: Array
(
    [option_name] => speed_backups_job_181434eb-3448-44a1-bb5f-4d8702296cd5
    [success] => YES
)

[2026-01-15 14:01:02] [16 MB] [chunked_processor] Option save result
    DATA: Array
(
    [option_name] => speed_backups_job_181434eb-3448-44a1-bb5f-4d8702296cd5
    [success] => YES
)

[2026-01-15 14:01:02] [16 MB] [chunked_processor] Save verification
    DATA: Array
(
    [verified] => YES
)

[2026-01-15 14:01:02] [18 MB] [chunked_processor] get_job called
    DATA: Array
(
    [job_id] => 181434eb-3448-44a1-bb5f-4d8702296cd5
)

[2026-01-15 14:01:02] [18 MB] [chunked_processor] Transient lookup result
    DATA: Array
(
    [option_name] => speed_backups_job_181434eb-3448-44a1-bb5f-4d8702296cd5
    [found] => YES
)

[2026-01-15 14:01:02] [18 MB] [chunked_processor] Job retrieved successfully
    DATA: Array
(
    [status] => running
    [type] => restore
)

[2026-01-15 14:01:02] [18 MB] [chunked_processor] save_job called
    DATA: Array
(
    [job_id] => 181434eb-3448-44a1-bb5f-4d8702296cd5
    [status] => running
)

[2026-01-15 14:01:02] [18 MB] [chunked_processor] Transient save result
    DATA: Array
(
    [option_name] => speed_backups_job_181434eb-3448-44a1-bb5f-4d8702296cd5
    [success] => YES
)

[2026-01-15 14:01:02] [18 MB] [chunked_processor] Option save result
    DATA: Array
(
    [option_name] => speed_backups_job_181434eb-3448-44a1-bb5f-4d8702296cd5
    [success] => YES
)

[2026-01-15 14:01:02] [18 MB] [chunked_processor] Save verification
    DATA: Array
(
    [verified] => YES
)

[2026-01-15 14:01:02] [18 MB] [chunked_processor] get_job called
    DATA: Array
(
    [job_id] => 181434eb-3448-44a1-bb5f-4d8702296cd5
)

[2026-01-15 14:01:02] [18 MB] [chunked_processor] Transient lookup result
    DATA: Array
(
    [option_name] => speed_backups_job_181434eb-3448-44a1-bb5f-4d8702296cd5
    [found] => YES
)

[2026-01-15 14:01:02] [18 MB] [chunked_processor] Job retrieved successfully
    DATA: Array
(
    [status] => running
    [type] => restore
)

[2026-01-15 14:01:02] [18 MB] [chunked_processor] save_job called
    DATA: Array
(
    [job_id] => 181434eb-3448-44a1-bb5f-4d8702296cd5
    [status] => running
)

[2026-01-15 14:01:02] [18 MB] [chunked_processor] Transient save result
    DATA: Array
(
    [option_name] => speed_backups_job_181434eb-3448-44a1-bb5f-4d8702296cd5
    [success] => YES
)

[2026-01-15 14:01:02] [18 MB] [chunked_processor] Option save result
    DATA: Array
(
    [option_name] => speed_backups_job_181434eb-3448-44a1-bb5f-4d8702296cd5
    [success] => YES
)

[2026-01-15 14:01:02] [18 MB] [chunked_processor] Save verification
    DATA: Array
(
    [verified] => YES
)

[2026-01-15 14:01:02] [18 MB] [chunked_processor] get_job called
    DATA: Array
(
    [job_id] => 181434eb-3448-44a1-bb5f-4d8702296cd5
)

[2026-01-15 14:01:02] [18 MB] [chunked_processor] Transient lookup result
    DATA: Array
(
    [option_name] => speed_backups_job_181434eb-3448-44a1-bb5f-4d8702296cd5
    [found] => YES
)

[2026-01-15 14:01:02] [18 MB] [chunked_processor] Job retrieved successfully
    DATA: Array
(
    [status] => running
    [type] => restore
)

[2026-01-15 14:01:02] [18 MB] [chunked_processor] get_job called
    DATA: Array
(
    [job_id] => 181434eb-3448-44a1-bb5f-4d8702296cd5
)

[2026-01-15 14:01:02] [18 MB] [chunked_processor] Transient lookup result
    DATA: Array
(
    [option_name] => speed_backups_job_181434eb-3448-44a1-bb5f-4d8702296cd5
    [found] => YES
)

[2026-01-15 14:01:02] [18 MB] [chunked_processor] Job retrieved successfully
    DATA: Array
(
    [status] => running
    [type] => restore
)

[2026-01-15 14:01:03] [14 MB] [FUNCTION] >>> ENTER: process_chunk
    DATA: Array
(
    [0] => job_id
)

[2026-01-15 14:01:03] [14 MB] [chunked_processor] get_job called
    DATA: Array
(
    [job_id] => 181434eb-3448-44a1-bb5f-4d8702296cd5
)

[2026-01-15 14:01:03] [14 MB] [chunked_processor] Transient lookup result
    DATA: Array
(
    [option_name] => speed_backups_job_181434eb-3448-44a1-bb5f-4d8702296cd5
    [found] => YES
)

[2026-01-15 14:01:03] [14 MB] [chunked_processor] Job retrieved successfully
    DATA: Array
(
    [status] => running
    [type] => restore
)

[2026-01-15 14:01:03] [14 MB] [JOB_STATE] Job 181434eb-3448-44a1-bb5f-4d8702296cd5 state
    DATA: Array
(
    [status] => running
    [type] => restore
    [phase] => extract
    [progress] => 100
)

[2026-01-15 14:01:03] [14 MB] [chunked_processor] get_job called
    DATA: Array
(
    [job_id] => 181434eb-3448-44a1-bb5f-4d8702296cd5
)

[2026-01-15 14:01:03] [14 MB] [chunked_processor] Transient lookup result
    DATA: Array
(
    [option_name] => speed_backups_job_181434eb-3448-44a1-bb5f-4d8702296cd5
    [found] => YES
)

[2026-01-15 14:01:03] [14 MB] [chunked_processor] Job retrieved successfully
    DATA: Array
(
    [status] => running
    [type] => restore
)

[2026-01-15 14:01:03] [14 MB] [chunked_processor] get_job called
    DATA: Array
(
    [job_id] => 181434eb-3448-44a1-bb5f-4d8702296cd5
)

[2026-01-15 14:01:03] [14 MB] [chunked_processor] Transient lookup result
    DATA: Array
(
    [option_name] => speed_backups_job_181434eb-3448-44a1-bb5f-4d8702296cd5
    [found] => YES
)

[2026-01-15 14:01:03] [14 MB] [chunked_processor] Job retrieved successfully
    DATA: Array
(
    [status] => running
    [type] => restore
)

[2026-01-15 14:01:03] [14 MB] [chunked_processor] save_job called
    DATA: Array
(
    [job_id] => 181434eb-3448-44a1-bb5f-4d8702296cd5
    [status] => running
)

[2026-01-15 14:01:03] [14 MB] [chunked_processor] Transient save result
    DATA: Array
(
    [option_name] => speed_backups_job_181434eb-3448-44a1-bb5f-4d8702296cd5
    [success] => YES
)

[2026-01-15 14:01:03] [14 MB] [chunked_processor] Option save result
    DATA: Array
(
    [option_name] => speed_backups_job_181434eb-3448-44a1-bb5f-4d8702296cd5
    [success] => YES
)

[2026-01-15 14:01:03] [14 MB] [chunked_processor] Save verification
    DATA: Array
(
    [verified] => YES
)

[2026-01-15 14:01:03] [16 MB] [chunked_processor] get_job called
    DATA: Array
(
    [job_id] => 181434eb-3448-44a1-bb5f-4d8702296cd5
)

[2026-01-15 14:01:03] [16 MB] [chunked_processor] Transient lookup result
    DATA: Array
(
    [option_name] => speed_backups_job_181434eb-3448-44a1-bb5f-4d8702296cd5
    [found] => YES
)

[2026-01-15 14:01:03] [16 MB] [chunked_processor] Job retrieved successfully
    DATA: Array
(
    [status] => running
    [type] => restore
)

[2026-01-15 14:01:03] [16 MB] [chunked_processor] save_job called
    DATA: Array
(
    [job_id] => 181434eb-3448-44a1-bb5f-4d8702296cd5
    [status] => running
)

[2026-01-15 14:01:03] [16 MB] [chunked_processor] Transient save result
    DATA: Array
(
    [option_name] => speed_backups_job_181434eb-3448-44a1-bb5f-4d8702296cd5
    [success] => YES
)

[2026-01-15 14:01:03] [16 MB] [chunked_processor] Option save result
    DATA: Array
(
    [option_name] => speed_backups_job_181434eb-3448-44a1-bb5f-4d8702296cd5
    [success] => YES
)

[2026-01-15 14:01:03] [16 MB] [chunked_processor] Save verification
    DATA: Array
(
    [verified] => YES
)

[2026-01-15 14:01:03] [16 MB] [chunked_processor] get_job called
    DATA: Array
(
    [job_id] => 181434eb-3448-44a1-bb5f-4d8702296cd5
)

[2026-01-15 14:01:03] [16 MB] [chunked_processor] Transient lookup result
    DATA: Array
(
    [option_name] => speed_backups_job_181434eb-3448-44a1-bb5f-4d8702296cd5
    [found] => YES
)

[2026-01-15 14:01:03] [16 MB] [chunked_processor] Job retrieved successfully
    DATA: Array
(
    [status] => running
    [type] => restore
)

[2026-01-15 14:01:03] [16 MB] [chunked_processor] get_job called
    DATA: Array
(
    [job_id] => 181434eb-3448-44a1-bb5f-4d8702296cd5
)

[2026-01-15 14:01:03] [16 MB] [chunked_processor] Transient lookup result
    DATA: Array
(
    [option_name] => speed_backups_job_181434eb-3448-44a1-bb5f-4d8702296cd5
    [found] => YES
)

[2026-01-15 14:01:03] [16 MB] [chunked_processor] Job retrieved successfully
    DATA: Array
(
    [status] => running
    [type] => restore
)

[2026-01-15 14:01:03] [16 MB] [FUNCTION] >>> ENTER: process_chunk
    DATA: Array
(
    [0] => job_id
)

[2026-01-15 14:01:03] [16 MB] [chunked_processor] get_job called
    DATA: Array
(
    [job_id] => 181434eb-3448-44a1-bb5f-4d8702296cd5
)

[2026-01-15 14:01:03] [16 MB] [chunked_processor] Transient lookup result
    DATA: Array
(
    [option_name] => speed_backups_job_181434eb-3448-44a1-bb5f-4d8702296cd5
    [found] => YES
)

[2026-01-15 14:01:03] [16 MB] [chunked_processor] Job retrieved successfully
    DATA: Array
(
    [status] => running
    [type] => restore
)

[2026-01-15 14:01:03] [16 MB] [JOB_STATE] Job 181434eb-3448-44a1-bb5f-4d8702296cd5 state
    DATA: Array
(
    [status] => running
    [type] => restore
    [phase] => extract
    [progress] => 0
)

[2026-01-15 14:01:03] [16 MB] [chunked_processor] get_job called
    DATA: Array
(
    [job_id] => 181434eb-3448-44a1-bb5f-4d8702296cd5
)

[2026-01-15 14:01:03] [16 MB] [chunked_processor] Transient lookup result
    DATA: Array
(
    [option_name] => speed_backups_job_181434eb-3448-44a1-bb5f-4d8702296cd5
    [found] => YES
)

[2026-01-15 14:01:03] [16 MB] [chunked_processor] Job retrieved successfully
    DATA: Array
(
    [status] => running
    [type] => restore
)

[2026-01-15 14:01:03] [16 MB] [chunked_processor] get_job called
    DATA: Array
(
    [job_id] => 181434eb-3448-44a1-bb5f-4d8702296cd5
)

[2026-01-15 14:01:03] [16 MB] [chunked_processor] Transient lookup result
    DATA: Array
(
    [option_name] => speed_backups_job_181434eb-3448-44a1-bb5f-4d8702296cd5
    [found] => YES
)

[2026-01-15 14:01:03] [16 MB] [chunked_processor] Job retrieved successfully
    DATA: Array
(
    [status] => running
    [type] => restore
)

[2026-01-15 14:01:03] [16 MB] [chunked_processor] save_job called
    DATA: Array
(
    [job_id] => 181434eb-3448-44a1-bb5f-4d8702296cd5
    [status] => running
)

[2026-01-15 14:01:03] [16 MB] [chunked_processor] Transient save result
    DATA: Array
(
    [option_name] => speed_backups_job_181434eb-3448-44a1-bb5f-4d8702296cd5
    [success] => YES
)

[2026-01-15 14:01:03] [16 MB] [chunked_processor] Option save result
    DATA: Array
(
    [option_name] => speed_backups_job_181434eb-3448-44a1-bb5f-4d8702296cd5
    [success] => YES
)

[2026-01-15 14:01:03] [16 MB] [chunked_processor] Save verification
    DATA: Array
(
    [verified] => YES
)

[2026-01-15 14:01:04] [16 MB] [chunked_processor] get_job called
    DATA: Array
(
    [job_id] => 181434eb-3448-44a1-bb5f-4d8702296cd5
)

[2026-01-15 14:01:04] [16 MB] [chunked_processor] Transient lookup result
    DATA: Array
(
    [option_name] => speed_backups_job_181434eb-3448-44a1-bb5f-4d8702296cd5
    [found] => YES
)

[2026-01-15 14:01:04] [16 MB] [chunked_processor] Job retrieved successfully
    DATA: Array
(
    [status] => running
    [type] => restore
)

[2026-01-15 14:01:04] [16 MB] [chunked_processor] save_job called
    DATA: Array
(
    [job_id] => 181434eb-3448-44a1-bb5f-4d8702296cd5
    [status] => running
)

[2026-01-15 14:01:04] [16 MB] [chunked_processor] Transient save result
    DATA: Array
(
    [option_name] => speed_backups_job_181434eb-3448-44a1-bb5f-4d8702296cd5
    [success] => YES
)

[2026-01-15 14:01:04] [16 MB] [chunked_processor] Option save result
    DATA: Array
(
    [option_name] => speed_backups_job_181434eb-3448-44a1-bb5f-4d8702296cd5
    [success] => YES
)

[2026-01-15 14:01:04] [16 MB] [chunked_processor] Save verification
    DATA: Array
(
    [verified] => YES
)

[2026-01-15 14:01:04] [16 MB] [chunked_processor] get_job called
    DATA: Array
(
    [job_id] => 181434eb-3448-44a1-bb5f-4d8702296cd5
)

[2026-01-15 14:01:04] [16 MB] [chunked_processor] Transient lookup result
    DATA: Array
(
    [option_name] => speed_backups_job_181434eb-3448-44a1-bb5f-4d8702296cd5
    [found] => YES
)

[2026-01-15 14:01:04] [16 MB] [chunked_processor] Job retrieved successfully
    DATA: Array
(
    [status] => running
    [type] => restore
)

[2026-01-15 14:01:04] [16 MB] [chunked_processor] get_job called
    DATA: Array
(
    [job_id] => 181434eb-3448-44a1-bb5f-4d8702296cd5
)

[2026-01-15 14:01:04] [16 MB] [chunked_processor] Transient lookup result
    DATA: Array
(
    [option_name] => speed_backups_job_181434eb-3448-44a1-bb5f-4d8702296cd5
    [found] => YES
)

[2026-01-15 14:01:04] [16 MB] [chunked_processor] Job retrieved successfully
    DATA: Array
(
    [status] => running
    [type] => restore
)

[2026-01-15 14:01:04] [16 MB] [FUNCTION] >>> ENTER: process_chunk
    DATA: Array
(
    [0] => job_id
)

[2026-01-15 14:01:04] [16 MB] [chunked_processor] get_job called
    DATA: Array
(
    [job_id] => 181434eb-3448-44a1-bb5f-4d8702296cd5
)

[2026-01-15 14:01:04] [16 MB] [chunked_processor] Transient lookup result
    DATA: Array
(
    [option_name] => speed_backups_job_181434eb-3448-44a1-bb5f-4d8702296cd5
    [found] => YES
)

[2026-01-15 14:01:04] [16 MB] [chunked_processor] Job retrieved successfully
    DATA: Array
(
    [status] => running
    [type] => restore
)

[2026-01-15 14:01:04] [16 MB] [JOB_STATE] Job 181434eb-3448-44a1-bb5f-4d8702296cd5 state
    DATA: Array
(
    [status] => running
    [type] => restore
    [phase] => extract
    [progress] => 1.2953367875648
)

[2026-01-15 14:01:04] [16 MB] [chunked_processor] get_job called
    DATA: Array
(
    [job_id] => 181434eb-3448-44a1-bb5f-4d8702296cd5
)

[2026-01-15 14:01:04] [16 MB] [chunked_processor] Transient lookup result
    DATA: Array
(
    [option_name] => speed_backups_job_181434eb-3448-44a1-bb5f-4d8702296cd5
    [found] => YES
)

[2026-01-15 14:01:04] [16 MB] [chunked_processor] Job retrieved successfully
    DATA: Array
(
    [status] => running
    [type] => restore
)

[2026-01-15 14:01:04] [16 MB] [chunked_processor] get_job called
    DATA: Array
(
    [job_id] => 181434eb-3448-44a1-bb5f-4d8702296cd5
)

[2026-01-15 14:01:04] [16 MB] [chunked_processor] Transient lookup result
    DATA: Array
(
    [option_name] => speed_backups_job_181434eb-3448-44a1-bb5f-4d8702296cd5
    [found] => YES
)

[2026-01-15 14:01:04] [16 MB] [chunked_processor] Job retrieved successfully
    DATA: Array
(
    [status] => running
    [type] => restore
)

[2026-01-15 14:01:04] [16 MB] [chunked_processor] save_job called
    DATA: Array
(
    [job_id] => 181434eb-3448-44a1-bb5f-4d8702296cd5
    [status] => running
)

[2026-01-15 14:01:04] [16 MB] [chunked_processor] Transient save result
    DATA: Array
(
    [option_name] => speed_backups_job_181434eb-3448-44a1-bb5f-4d8702296cd5
    [success] => YES
)

[2026-01-15 14:01:04] [16 MB] [chunked_processor] Option save result
    DATA: Array
(
    [option_name] => speed_backups_job_181434eb-3448-44a1-bb5f-4d8702296cd5
    [success] => YES
)

[2026-01-15 14:01:04] [16 MB] [chunked_processor] Save verification
    DATA: Array
(
    [verified] => YES
)

[2026-01-15 14:01:04] [16 MB] [chunked_processor] get_job called
    DATA: Array
(
    [job_id] => 181434eb-3448-44a1-bb5f-4d8702296cd5
)

[2026-01-15 14:01:04] [16 MB] [chunked_processor] Transient lookup result
    DATA: Array
(
    [option_name] => speed_backups_job_181434eb-3448-44a1-bb5f-4d8702296cd5
    [found] => YES
)

[2026-01-15 14:01:04] [16 MB] [chunked_processor] Job retrieved successfully
    DATA: Array
(
    [status] => running
    [type] => restore
)

[2026-01-15 14:01:04] [16 MB] [chunked_processor] save_job called
    DATA: Array
(
    [job_id] => 181434eb-3448-44a1-bb5f-4d8702296cd5
    [status] => running
)

[2026-01-15 14:01:04] [16 MB] [chunked_processor] Transient save result
    DATA: Array
(
    [option_name] => speed_backups_job_181434eb-3448-44a1-bb5f-4d8702296cd5
    [success] => YES
)

[2026-01-15 14:01:04] [16 MB] [chunked_processor] Option save result
    DATA: Array
(
    [option_name] => speed_backups_job_181434eb-3448-44a1-bb5f-4d8702296cd5
    [success] => YES
)

[2026-01-15 14:01:04] [16 MB] [chunked_processor] Save verification
    DATA: Array
(
    [verified] => YES
)

[2026-01-15 14:01:04] [16 MB] [chunked_processor] get_job called
    DATA: Array
(
    [job_id] => 181434eb-3448-44a1-bb5f-4d8702296cd5
)

[2026-01-15 14:01:04] [16 MB] [chunked_processor] Transient lookup result
    DATA: Array
(
    [option_name] => speed_backups_job_181434eb-3448-44a1-bb5f-4d8702296cd5
    [found] => YES
)

[2026-01-15 14:01:04] [16 MB] [chunked_processor] Job retrieved successfully
    DATA: Array
(
    [status] => running
    [type] => restore
)

[2026-01-15 14:01:04] [16 MB] [chunked_processor] get_job called
    DATA: Array
(
    [job_id] => 181434eb-3448-44a1-bb5f-4d8702296cd5
)

[2026-01-15 14:01:04] [16 MB] [chunked_processor] Transient lookup result
    DATA: Array
(
    [option_name] => speed_backups_job_181434eb-3448-44a1-bb5f-4d8702296cd5
    [found] => YES
)

[2026-01-15 14:01:04] [16 MB] [chunked_processor] Job retrieved successfully
    DATA: Array
(
    [status] => running
    [type] => restore
)

[2026-01-15 14:01:04] [16 MB] [FUNCTION] >>> ENTER: process_chunk
    DATA: Array
(
    [0] => job_id
)

[2026-01-15 14:01:04] [16 MB] [chunked_processor] get_job called
    DATA: Array
(
    [job_id] => 181434eb-3448-44a1-bb5f-4d8702296cd5
)

[2026-01-15 14:01:04] [16 MB] [chunked_processor] Transient lookup result
    DATA: Array
(
    [option_name] => speed_backups_job_181434eb-3448-44a1-bb5f-4d8702296cd5
    [found] => YES
)

[2026-01-15 14:01:04] [16 MB] [chunked_processor] Job retrieved successfully
    DATA: Array
(
    [status] => running
    [type] => restore
)

[2026-01-15 14:01:04] [16 MB] [JOB_STATE] Job 181434eb-3448-44a1-bb5f-4d8702296cd5 state
    DATA: Array
(
    [status] => running
    [type] => restore
    [phase] => extract
    [progress] => 2.5906735751295
)

[2026-01-15 14:01:04] [16 MB] [chunked_processor] get_job called
    DATA: Array
(
    [job_id] => 181434eb-3448-44a1-bb5f-4d8702296cd5
)

[2026-01-15 14:01:04] [16 MB] [chunked_processor] Transient lookup result
    DATA: Array
(
    [option_name] => speed_backups_job_181434eb-3448-44a1-bb5f-4d8702296cd5
    [found] => YES
)

[2026-01-15 14:01:04] [16 MB] [chunked_processor] Job retrieved successfully
    DATA: Array
(
    [status] => running
    [type] => restore
)

[2026-01-15 14:01:04] [16 MB] [chunked_processor] get_job called
    DATA: Array
(
    [job_id] => 181434eb-3448-44a1-bb5f-4d8702296cd5
)

[2026-01-15 14:01:04] [16 MB] [chunked_processor] Transient lookup result
    DATA: Array
(
    [option_name] => speed_backups_job_181434eb-3448-44a1-bb5f-4d8702296cd5
    [found] => YES
)

[2026-01-15 14:01:04] [16 MB] [chunked_processor] Job retrieved successfully
    DATA: Array
(
    [status] => running
    [type] => restore
)

[2026-01-15 14:01:04] [16 MB] [chunked_processor] save_job called
    DATA: Array
(
    [job_id] => 181434eb-3448-44a1-bb5f-4d8702296cd5
    [status] => running
)

[2026-01-15 14:01:04] [16 MB] [chunked_processor] Transient save result
    DATA: Array
(
    [option_name] => speed_backups_job_181434eb-3448-44a1-bb5f-4d8702296cd5
    [success] => YES
)

[2026-01-15 14:01:04] [16 MB] [chunked_processor] Option save result
    DATA: Array
(
    [option_name] => speed_backups_job_181434eb-3448-44a1-bb5f-4d8702296cd5
    [success] => YES
)

[2026-01-15 14:01:04] [16 MB] [chunked_processor] Save verification
    DATA: Array
(
    [verified] => YES
)

[2026-01-15 14:01:04] [16 MB] [chunked_processor] get_job called
    DATA: Array
(
    [job_id] => 181434eb-3448-44a1-bb5f-4d8702296cd5
)

[2026-01-15 14:01:04] [16 MB] [chunked_processor] Transient lookup result
    DATA: Array
(
    [option_name] => speed_backups_job_181434eb-3448-44a1-bb5f-4d8702296cd5
    [found] => YES
)

[2026-01-15 14:01:04] [16 MB] [chunked_processor] Job retrieved successfully
    DATA: Array
(
    [status] => running
    [type] => restore
)

[2026-01-15 14:01:04] [16 MB] [chunked_processor] save_job called
    DATA: Array
(
    [job_id] => 181434eb-3448-44a1-bb5f-4d8702296cd5
    [status] => running
)

[2026-01-15 14:01:04] [16 MB] [chunked_processor] Transient save result
    DATA: Array
(
    [option_name] => speed_backups_job_181434eb-3448-44a1-bb5f-4d8702296cd5
    [success] => YES
)

[2026-01-15 14:01:04] [16 MB] [chunked_processor] Option save result
    DATA: Array
(
    [option_name] => speed_backups_job_181434eb-3448-44a1-bb5f-4d8702296cd5
    [success] => YES
)

[2026-01-15 14:01:04] [16 MB] [chunked_processor] Save verification
    DATA: Array
(
    [verified] => YES
)

[2026-01-15 14:01:04] [16 MB] [chunked_processor] get_job called
    DATA: Array
(
    [job_id] => 181434eb-3448-44a1-bb5f-4d8702296cd5
)

[2026-01-15 14:01:04] [16 MB] [chunked_processor] Transient lookup result
    DATA: Array
(
    [option_name] => speed_backups_job_181434eb-3448-44a1-bb5f-4d8702296cd5
    [found] => YES
)

[2026-01-15 14:01:04] [16 MB] [chunked_processor] Job retrieved successfully
    DATA: Array
(
    [status] => running
    [type] => restore
)

[2026-01-15 14:01:04] [16 MB] [chunked_processor] get_job called
    DATA: Array
(
    [job_id] => 181434eb-3448-44a1-bb5f-4d8702296cd5
)

[2026-01-15 14:01:04] [16 MB] [chunked_processor] Transient lookup result
    DATA: Array
(
    [option_name] => speed_backups_job_181434eb-3448-44a1-bb5f-4d8702296cd5
    [found] => YES
)

[2026-01-15 14:01:04] [16 MB] [chunked_processor] Job retrieved successfully
    DATA: Array
(
    [status] => running
    [type] => restore
)

[2026-01-15 14:01:05] [16 MB] [FUNCTION] >>> ENTER: process_chunk
    DATA: Array
(
    [0] => job_id
)

[2026-01-15 14:01:05] [16 MB] [chunked_processor] get_job called
    DATA: Array
(
    [job_id] => 181434eb-3448-44a1-bb5f-4d8702296cd5
)

[2026-01-15 14:01:05] [16 MB] [chunked_processor] Transient lookup result
    DATA: Array
(
    [option_name] => speed_backups_job_181434eb-3448-44a1-bb5f-4d8702296cd5
    [found] => YES
)

[2026-01-15 14:01:05] [16 MB] [chunked_processor] Job retrieved successfully
    DATA: Array
(
    [status] => running
    [type] => restore
)

[2026-01-15 14:01:05] [16 MB] [JOB_STATE] Job 181434eb-3448-44a1-bb5f-4d8702296cd5 state
    DATA: Array
(
    [status] => running
    [type] => restore
    [phase] => extract
    [progress] => 3.8860103626943
)

[2026-01-15 14:01:05] [16 MB] [chunked_processor] get_job called
    DATA: Array
(
    [job_id] => 181434eb-3448-44a1-bb5f-4d8702296cd5
)

[2026-01-15 14:01:05] [16 MB] [chunked_processor] Transient lookup result
    DATA: Array
(
    [option_name] => speed_backups_job_181434eb-3448-44a1-bb5f-4d8702296cd5
    [found] => YES
)

[2026-01-15 14:01:05] [16 MB] [chunked_processor] Job retrieved successfully
    DATA: Array
(
    [status] => running
    [type] => restore
)

[2026-01-15 14:01:05] [16 MB] [chunked_processor] get_job called
    DATA: Array
(
    [job_id] => 181434eb-3448-44a1-bb5f-4d8702296cd5
)

[2026-01-15 14:01:05] [16 MB] [chunked_processor] Transient lookup result
    DATA: Array
(
    [option_name] => speed_backups_job_181434eb-3448-44a1-bb5f-4d8702296cd5
    [found] => YES
)

[2026-01-15 14:01:05] [16 MB] [chunked_processor] Job retrieved successfully
    DATA: Array
(
    [status] => running
    [type] => restore
)

[2026-01-15 14:01:05] [16 MB] [chunked_processor] save_job called
    DATA: Array
(
    [job_id] => 181434eb-3448-44a1-bb5f-4d8702296cd5
    [status] => running
)

[2026-01-15 14:01:05] [16 MB] [chunked_processor] Transient save result
    DATA: Array
(
    [option_name] => speed_backups_job_181434eb-3448-44a1-bb5f-4d8702296cd5
    [success] => YES
)

[2026-01-15 14:01:05] [16 MB] [chunked_processor] Option save result
    DATA: Array
(
    [option_name] => speed_backups_job_181434eb-3448-44a1-bb5f-4d8702296cd5
    [success] => YES
)

[2026-01-15 14:01:05] [16 MB] [chunked_processor] Save verification
    DATA: Array
(
    [verified] => YES
)

[2026-01-15 14:01:05] [16 MB] [chunked_processor] get_job called
    DATA: Array
(
    [job_id] => 181434eb-3448-44a1-bb5f-4d8702296cd5
)

[2026-01-15 14:01:05] [16 MB] [chunked_processor] Transient lookup result
    DATA: Array
(
    [option_name] => speed_backups_job_181434eb-3448-44a1-bb5f-4d8702296cd5
    [found] => YES
)

[2026-01-15 14:01:05] [16 MB] [chunked_processor] Job retrieved successfully
    DATA: Array
(
    [status] => running
    [type] => restore
)

[2026-01-15 14:01:05] [16 MB] [chunked_processor] save_job called
    DATA: Array
(
    [job_id] => 181434eb-3448-44a1-bb5f-4d8702296cd5
    [status] => running
)

[2026-01-15 14:01:05] [16 MB] [chunked_processor] Transient save result
    DATA: Array
(
    [option_name] => speed_backups_job_181434eb-3448-44a1-bb5f-4d8702296cd5
    [success] => YES
)

[2026-01-15 14:01:05] [16 MB] [chunked_processor] Option save result
    DATA: Array
(
    [option_name] => speed_backups_job_181434eb-3448-44a1-bb5f-4d8702296cd5
    [success] => YES
)

[2026-01-15 14:01:05] [16 MB] [chunked_processor] Save verification
    DATA: Array
(
    [verified] => YES
)

[2026-01-15 14:01:05] [16 MB] [chunked_processor] get_job called
    DATA: Array
(
    [job_id] => 181434eb-3448-44a1-bb5f-4d8702296cd5
)

[2026-01-15 14:01:05] [16 MB] [chunked_processor] Transient lookup result
    DATA: Array
(
    [option_name] => speed_backups_job_181434eb-3448-44a1-bb5f-4d8702296cd5
    [found] => YES
)

[2026-01-15 14:01:05] [16 MB] [chunked_processor] Job retrieved successfully
    DATA: Array
(
    [status] => running
    [type] => restore
)

[2026-01-15 14:01:05] [16 MB] [chunked_processor] get_job called
    DATA: Array
(
    [job_id] => 181434eb-3448-44a1-bb5f-4d8702296cd5
)

[2026-01-15 14:01:05] [16 MB] [chunked_processor] Transient lookup result
    DATA: Array
(
    [option_name] => speed_backups_job_181434eb-3448-44a1-bb5f-4d8702296cd5
    [found] => YES
)

[2026-01-15 14:01:05] [16 MB] [chunked_processor] Job retrieved successfully
    DATA: Array
(
    [status] => running
    [type] => restore
)

[2026-01-15 14:01:05] [14 MB] [FUNCTION] >>> ENTER: process_chunk
    DATA: Array
(
    [0] => job_id
)

[2026-01-15 14:01:05] [14 MB] [chunked_processor] get_job called
    DATA: Array
(
    [job_id] => 181434eb-3448-44a1-bb5f-4d8702296cd5
)

[2026-01-15 14:01:05] [14 MB] [chunked_processor] Transient lookup result
    DATA: Array
(
    [option_name] => speed_backups_job_181434eb-3448-44a1-bb5f-4d8702296cd5
    [found] => YES
)

[2026-01-15 14:01:05] [14 MB] [chunked_processor] Job retrieved successfully
    DATA: Array
(
    [status] => running
    [type] => restore
)

[2026-01-15 14:01:05] [14 MB] [JOB_STATE] Job 181434eb-3448-44a1-bb5f-4d8702296cd5 state
    DATA: Array
(
    [status] => running
    [type] => restore
    [phase] => extract
    [progress] => 5.1813471502591
)

[2026-01-15 14:01:05] [14 MB] [chunked_processor] get_job called
    DATA: Array
(
    [job_id] => 181434eb-3448-44a1-bb5f-4d8702296cd5
)

[2026-01-15 14:01:05] [14 MB] [chunked_processor] Transient lookup result
    DATA: Array
(
    [option_name] => speed_backups_job_181434eb-3448-44a1-bb5f-4d8702296cd5
    [found] => YES
)

[2026-01-15 14:01:05] [14 MB] [chunked_processor] Job retrieved successfully
    DATA: Array
(
    [status] => running
    [type] => restore
)

[2026-01-15 14:01:05] [14 MB] [chunked_processor] get_job called
    DATA: Array
(
    [job_id] => 181434eb-3448-44a1-bb5f-4d8702296cd5
)

[2026-01-15 14:01:05] [14 MB] [chunked_processor] Transient lookup result
    DATA: Array
(
    [option_name] => speed_backups_job_181434eb-3448-44a1-bb5f-4d8702296cd5
    [found] => YES
)

[2026-01-15 14:01:05] [14 MB] [chunked_processor] Job retrieved successfully
    DATA: Array
(
    [status] => running
    [type] => restore
)

[2026-01-15 14:01:05] [14 MB] [chunked_processor] save_job called
    DATA: Array
(
    [job_id] => 181434eb-3448-44a1-bb5f-4d8702296cd5
    [status] => running
)

[2026-01-15 14:01:05] [14 MB] [chunked_processor] Transient save result
    DATA: Array
(
    [option_name] => speed_backups_job_181434eb-3448-44a1-bb5f-4d8702296cd5
    [success] => YES
)

[2026-01-15 14:01:05] [14 MB] [chunked_processor] Option save result
    DATA: Array
(
    [option_name] => speed_backups_job_181434eb-3448-44a1-bb5f-4d8702296cd5
    [success] => YES
)

[2026-01-15 14:01:05] [14 MB] [chunked_processor] Save verification
    DATA: Array
(
    [verified] => YES
)

[2026-01-15 14:01:05] [14 MB] [chunked_processor] get_job called
    DATA: Array
(
    [job_id] => 181434eb-3448-44a1-bb5f-4d8702296cd5
)

[2026-01-15 14:01:05] [14 MB] [chunked_processor] Transient lookup result
    DATA: Array
(
    [option_name] => speed_backups_job_181434eb-3448-44a1-bb5f-4d8702296cd5
    [found] => YES
)

[2026-01-15 14:01:05] [14 MB] [chunked_processor] Job retrieved successfully
    DATA: Array
(
    [status] => running
    [type] => restore
)

[2026-01-15 14:01:05] [14 MB] [chunked_processor] save_job called
    DATA: Array
(
    [job_id] => 181434eb-3448-44a1-bb5f-4d8702296cd5
    [status] => running
)

[2026-01-15 14:01:05] [14 MB] [chunked_processor] Transient save result
    DATA: Array
(
    [option_name] => speed_backups_job_181434eb-3448-44a1-bb5f-4d8702296cd5
    [success] => YES
)

[2026-01-15 14:01:05] [14 MB] [chunked_processor] Option save result
    DATA: Array
(
    [option_name] => speed_backups_job_181434eb-3448-44a1-bb5f-4d8702296cd5
    [success] => YES
)

[2026-01-15 14:01:05] [14 MB] [chunked_processor] Save verification
    DATA: Array
(
    [verified] => YES
)

[2026-01-15 14:01:05] [14 MB] [chunked_processor] get_job called
    DATA: Array
(
    [job_id] => 181434eb-3448-44a1-bb5f-4d8702296cd5
)

[2026-01-15 14:01:05] [14 MB] [chunked_processor] Transient lookup result
    DATA: Array
(
    [option_name] => speed_backups_job_181434eb-3448-44a1-bb5f-4d8702296cd5
    [found] => YES
)

[2026-01-15 14:01:05] [14 MB] [chunked_processor] Job retrieved successfully
    DATA: Array
(
    [status] => running
    [type] => restore
)

[2026-01-15 14:01:05] [14 MB] [chunked_processor] get_job called
    DATA: Array
(
    [job_id] => 181434eb-3448-44a1-bb5f-4d8702296cd5
)

[2026-01-15 14:01:05] [14 MB] [chunked_processor] Transient lookup result
    DATA: Array
(
    [option_name] => speed_backups_job_181434eb-3448-44a1-bb5f-4d8702296cd5
    [found] => YES
)

[2026-01-15 14:01:05] [14 MB] [chunked_processor] Job retrieved successfully
    DATA: Array
(
    [status] => running
    [type] => restore
)

[2026-01-15 14:01:05] [14 MB] [FUNCTION] >>> ENTER: process_chunk
    DATA: Array
(
    [0] => job_id
)

[2026-01-15 14:01:05] [14 MB] [chunked_processor] get_job called
    DATA: Array
(
    [job_id] => 181434eb-3448-44a1-bb5f-4d8702296cd5
)

[2026-01-15 14:01:05] [14 MB] [chunked_processor] Transient lookup result
    DATA: Array
(
    [option_name] => speed_backups_job_181434eb-3448-44a1-bb5f-4d8702296cd5
    [found] => YES
)

[2026-01-15 14:01:05] [14 MB] [chunked_processor] Job retrieved successfully
    DATA: Array
(
    [status] => running
    [type] => restore
)

[2026-01-15 14:01:05] [14 MB] [JOB_STATE] Job 181434eb-3448-44a1-bb5f-4d8702296cd5 state
    DATA: Array
(
    [status] => running
    [type] => restore
    [phase] => extract
    [progress] => 6.4766839378238
)

[2026-01-15 14:01:05] [14 MB] [chunked_processor] get_job called
    DATA: Array
(
    [job_id] => 181434eb-3448-44a1-bb5f-4d8702296cd5
)

[2026-01-15 14:01:05] [14 MB] [chunked_processor] Transient lookup result
    DATA: Array
(
    [option_name] => speed_backups_job_181434eb-3448-44a1-bb5f-4d8702296cd5
    [found] => YES
)

[2026-01-15 14:01:05] [14 MB] [chunked_processor] Job retrieved successfully
    DATA: Array
(
    [status] => running
    [type] => restore
)

[2026-01-15 14:01:05] [14 MB] [chunked_processor] get_job called
    DATA: Array
(
    [job_id] => 181434eb-3448-44a1-bb5f-4d8702296cd5
)

[2026-01-15 14:01:05] [14 MB] [chunked_processor] Transient lookup result
    DATA: Array
(
    [option_name] => speed_backups_job_181434eb-3448-44a1-bb5f-4d8702296cd5
    [found] => YES
)

[2026-01-15 14:01:05] [14 MB] [chunked_processor] Job retrieved successfully
    DATA: Array
(
    [status] => running
    [type] => restore
)

[2026-01-15 14:01:05] [14 MB] [chunked_processor] save_job called
    DATA: Array
(
    [job_id] => 181434eb-3448-44a1-bb5f-4d8702296cd5
    [status] => running
)

[2026-01-15 14:01:05] [14 MB] [chunked_processor] Transient save result
    DATA: Array
(
    [option_name] => speed_backups_job_181434eb-3448-44a1-bb5f-4d8702296cd5
    [success] => YES
)

[2026-01-15 14:01:05] [14 MB] [chunked_processor] Option save result
    DATA: Array
(
    [option_name] => speed_backups_job_181434eb-3448-44a1-bb5f-4d8702296cd5
    [success] => YES
)

[2026-01-15 14:01:05] [14 MB] [chunked_processor] Save verification
    DATA: Array
(
    [verified] => YES
)

[2026-01-15 14:01:05] [16 MB] [chunked_processor] get_job called
    DATA: Array
(
    [job_id] => 181434eb-3448-44a1-bb5f-4d8702296cd5
)

[2026-01-15 14:01:05] [16 MB] [chunked_processor] Transient lookup result
    DATA: Array
(
    [option_name] => speed_backups_job_181434eb-3448-44a1-bb5f-4d8702296cd5
    [found] => YES
)

[2026-01-15 14:01:05] [16 MB] [chunked_processor] Job retrieved successfully
    DATA: Array
(
    [status] => running
    [type] => restore
)

[2026-01-15 14:01:05] [16 MB] [chunked_processor] save_job called
    DATA: Array
(
    [job_id] => 181434eb-3448-44a1-bb5f-4d8702296cd5
    [status] => running
)

[2026-01-15 14:01:05] [16 MB] [chunked_processor] Transient save result
    DATA: Array
(
    [option_name] => speed_backups_job_181434eb-3448-44a1-bb5f-4d8702296cd5
    [success] => YES
)

[2026-01-15 14:01:05] [16 MB] [chunked_processor] Option save result
    DATA: Array
(
    [option_name] => speed_backups_job_181434eb-3448-44a1-bb5f-4d8702296cd5
    [success] => YES
)

[2026-01-15 14:01:05] [16 MB] [chunked_processor] Save verification
    DATA: Array
(
    [verified] => YES
)

[2026-01-15 14:01:05] [16 MB] [chunked_processor] get_job called
    DATA: Array
(
    [job_id] => 181434eb-3448-44a1-bb5f-4d8702296cd5
)

[2026-01-15 14:01:05] [16 MB] [chunked_processor] Transient lookup result
    DATA: Array
(
    [option_name] => speed_backups_job_181434eb-3448-44a1-bb5f-4d8702296cd5
    [found] => YES
)

[2026-01-15 14:01:05] [16 MB] [chunked_processor] Job retrieved successfully
    DATA: Array
(
    [status] => running
    [type] => restore
)

[2026-01-15 14:01:05] [16 MB] [chunked_processor] get_job called
    DATA: Array
(
    [job_id] => 181434eb-3448-44a1-bb5f-4d8702296cd5
)

[2026-01-15 14:01:05] [16 MB] [chunked_processor] Transient lookup result
    DATA: Array
(
    [option_name] => speed_backups_job_181434eb-3448-44a1-bb5f-4d8702296cd5
    [found] => YES
)

[2026-01-15 14:01:05] [16 MB] [chunked_processor] Job retrieved successfully
    DATA: Array
(
    [status] => running
    [type] => restore
)

[2026-01-15 14:01:06] [14 MB] [FUNCTION] >>> ENTER: process_chunk
    DATA: Array
(
    [0] => job_id
)

[2026-01-15 14:01:06] [14 MB] [chunked_processor] get_job called
    DATA: Array
(
    [job_id] => 181434eb-3448-44a1-bb5f-4d8702296cd5
)

[2026-01-15 14:01:06] [14 MB] [chunked_processor] Transient lookup result
    DATA: Array
(
    [option_name] => speed_backups_job_181434eb-3448-44a1-bb5f-4d8702296cd5
    [found] => YES
)

[2026-01-15 14:01:06] [14 MB] [chunked_processor] Job retrieved successfully
    DATA: Array
(
    [status] => running
    [type] => restore
)

[2026-01-15 14:01:06] [14 MB] [JOB_STATE] Job 181434eb-3448-44a1-bb5f-4d8702296cd5 state
    DATA: Array
(
    [status] => running
    [type] => restore
    [phase] => extract
    [progress] => 7.7720207253886
)

[2026-01-15 14:01:06] [14 MB] [chunked_processor] get_job called
    DATA: Array
(
    [job_id] => 181434eb-3448-44a1-bb5f-4d8702296cd5
)

[2026-01-15 14:01:06] [14 MB] [chunked_processor] Transient lookup result
    DATA: Array
(
    [option_name] => speed_backups_job_181434eb-3448-44a1-bb5f-4d8702296cd5
    [found] => YES
)

[2026-01-15 14:01:06] [14 MB] [chunked_processor] Job retrieved successfully
    DATA: Array
(
    [status] => running
    [type] => restore
)

[2026-01-15 14:01:06] [14 MB] [chunked_processor] get_job called
    DATA: Array
(
    [job_id] => 181434eb-3448-44a1-bb5f-4d8702296cd5
)

[2026-01-15 14:01:06] [14 MB] [chunked_processor] Transient lookup result
    DATA: Array
(
    [option_name] => speed_backups_job_181434eb-3448-44a1-bb5f-4d8702296cd5
    [found] => YES
)

[2026-01-15 14:01:06] [14 MB] [chunked_processor] Job retrieved successfully
    DATA: Array
(
    [status] => running
    [type] => restore
)

[2026-01-15 14:01:06] [14 MB] [chunked_processor] save_job called
    DATA: Array
(
    [job_id] => 181434eb-3448-44a1-bb5f-4d8702296cd5
    [status] => running
)

[2026-01-15 14:01:06] [14 MB] [chunked_processor] Transient save result
    DATA: Array
(
    [option_name] => speed_backups_job_181434eb-3448-44a1-bb5f-4d8702296cd5
    [success] => YES
)

[2026-01-15 14:01:06] [14 MB] [chunked_processor] Option save result
    DATA: Array
(
    [option_name] => speed_backups_job_181434eb-3448-44a1-bb5f-4d8702296cd5
    [success] => YES
)

[2026-01-15 14:01:06] [14 MB] [chunked_processor] Save verification
    DATA: Array
(
    [verified] => YES
)

[2026-01-15 14:01:06] [14 MB] [chunked_processor] get_job called
    DATA: Array
(
    [job_id] => 181434eb-3448-44a1-bb5f-4d8702296cd5
)

[2026-01-15 14:01:06] [14 MB] [chunked_processor] Transient lookup result
    DATA: Array
(
    [option_name] => speed_backups_job_181434eb-3448-44a1-bb5f-4d8702296cd5
    [found] => YES
)

[2026-01-15 14:01:06] [14 MB] [chunked_processor] Job retrieved successfully
    DATA: Array
(
    [status] => running
    [type] => restore
)

[2026-01-15 14:01:06] [14 MB] [chunked_processor] save_job called
    DATA: Array
(
    [job_id] => 181434eb-3448-44a1-bb5f-4d8702296cd5
    [status] => running
)

[2026-01-15 14:01:06] [14 MB] [chunked_processor] Transient save result
    DATA: Array
(
    [option_name] => speed_backups_job_181434eb-3448-44a1-bb5f-4d8702296cd5
    [success] => YES
)

[2026-01-15 14:01:06] [14 MB] [chunked_processor] Option save result
    DATA: Array
(
    [option_name] => speed_backups_job_181434eb-3448-44a1-bb5f-4d8702296cd5
    [success] => YES
)

[2026-01-15 14:01:06] [14 MB] [chunked_processor] Save verification
    DATA: Array
(
    [verified] => YES
)

[2026-01-15 14:01:06] [14 MB] [chunked_processor] get_job called
    DATA: Array
(
    [job_id] => 181434eb-3448-44a1-bb5f-4d8702296cd5
)

[2026-01-15 14:01:06] [14 MB] [chunked_processor] Transient lookup result
    DATA: Array
(
    [option_name] => speed_backups_job_181434eb-3448-44a1-bb5f-4d8702296cd5
    [found] => YES
)

[2026-01-15 14:01:06] [14 MB] [chunked_processor] Job retrieved successfully
    DATA: Array
(
    [status] => running
    [type] => restore
)

[2026-01-15 14:01:06] [14 MB] [chunked_processor] get_job called
    DATA: Array
(
    [job_id] => 181434eb-3448-44a1-bb5f-4d8702296cd5
)

[2026-01-15 14:01:06] [14 MB] [chunked_processor] Transient lookup result
    DATA: Array
(
    [option_name] => speed_backups_job_181434eb-3448-44a1-bb5f-4d8702296cd5
    [found] => YES
)

[2026-01-15 14:01:06] [14 MB] [chunked_processor] Job retrieved successfully
    DATA: Array
(
    [status] => running
    [type] => restore
)

[2026-01-15 14:01:06] [14 MB] [FUNCTION] >>> ENTER: process_chunk
    DATA: Array
(
    [0] => job_id
)

[2026-01-15 14:01:06] [14 MB] [chunked_processor] get_job called
    DATA: Array
(
    [job_id] => 181434eb-3448-44a1-bb5f-4d8702296cd5
)

[2026-01-15 14:01:06] [14 MB] [chunked_processor] Transient lookup result
    DATA: Array
(
    [option_name] => speed_backups_job_181434eb-3448-44a1-bb5f-4d8702296cd5
    [found] => YES
)

[2026-01-15 14:01:06] [14 MB] [chunked_processor] Job retrieved successfully
    DATA: Array
(
    [status] => running
    [type] => restore
)

[2026-01-15 14:01:06] [14 MB] [JOB_STATE] Job 181434eb-3448-44a1-bb5f-4d8702296cd5 state
    DATA: Array
(
    [status] => running
    [type] => restore
    [phase] => extract
    [progress] => 9.0673575129534
)

[2026-01-15 14:01:06] [14 MB] [chunked_processor] get_job called
    DATA: Array
(
    [job_id] => 181434eb-3448-44a1-bb5f-4d8702296cd5
)

[2026-01-15 14:01:06] [14 MB] [chunked_processor] Transient lookup result
    DATA: Array
(
    [option_name] => speed_backups_job_181434eb-3448-44a1-bb5f-4d8702296cd5
    [found] => YES
)

[2026-01-15 14:01:06] [14 MB] [chunked_processor] Job retrieved successfully
    DATA: Array
(
    [status] => running
    [type] => restore
)

[2026-01-15 14:01:06] [14 MB] [chunked_processor] get_job called
    DATA: Array
(
    [job_id] => 181434eb-3448-44a1-bb5f-4d8702296cd5
)

[2026-01-15 14:01:06] [14 MB] [chunked_processor] Transient lookup result
    DATA: Array
(
    [option_name] => speed_backups_job_181434eb-3448-44a1-bb5f-4d8702296cd5
    [found] => YES
)

[2026-01-15 14:01:06] [14 MB] [chunked_processor] Job retrieved successfully
    DATA: Array
(
    [status] => running
    [type] => restore
)

[2026-01-15 14:01:06] [14 MB] [chunked_processor] save_job called
    DATA: Array
(
    [job_id] => 181434eb-3448-44a1-bb5f-4d8702296cd5
    [status] => running
)

[2026-01-15 14:01:06] [14 MB] [chunked_processor] Transient save result
    DATA: Array
(
    [option_name] => speed_backups_job_181434eb-3448-44a1-bb5f-4d8702296cd5
    [success] => YES
)

[2026-01-15 14:01:06] [14 MB] [chunked_processor] Option save result
    DATA: Array
(
    [option_name] => speed_backups_job_181434eb-3448-44a1-bb5f-4d8702296cd5
    [success] => YES
)

[2026-01-15 14:01:06] [14 MB] [chunked_processor] Save verification
    DATA: Array
(
    [verified] => YES
)

[2026-01-15 14:01:06] [14 MB] [chunked_processor] get_job called
    DATA: Array
(
    [job_id] => 181434eb-3448-44a1-bb5f-4d8702296cd5
)

[2026-01-15 14:01:06] [14 MB] [chunked_processor] Transient lookup result
    DATA: Array
(
    [option_name] => speed_backups_job_181434eb-3448-44a1-bb5f-4d8702296cd5
    [found] => YES
)

[2026-01-15 14:01:06] [14 MB] [chunked_processor] Job retrieved successfully
    DATA: Array
(
    [status] => running
    [type] => restore
)

[2026-01-15 14:01:06] [14 MB] [chunked_processor] save_job called
    DATA: Array
(
    [job_id] => 181434eb-3448-44a1-bb5f-4d8702296cd5
    [status] => running
)

[2026-01-15 14:01:06] [14 MB] [chunked_processor] Transient save result
    DATA: Array
(
    [option_name] => speed_backups_job_181434eb-3448-44a1-bb5f-4d8702296cd5
    [success] => YES
)

[2026-01-15 14:01:06] [14 MB] [chunked_processor] Option save result
    DATA: Array
(
    [option_name] => speed_backups_job_181434eb-3448-44a1-bb5f-4d8702296cd5
    [success] => YES
)

[2026-01-15 14:01:06] [14 MB] [chunked_processor] Save verification
    DATA: Array
(
    [verified] => YES
)

[2026-01-15 14:01:06] [14 MB] [chunked_processor] get_job called
    DATA: Array
(
    [job_id] => 181434eb-3448-44a1-bb5f-4d8702296cd5
)

[2026-01-15 14:01:06] [14 MB] [chunked_processor] Transient lookup result
    DATA: Array
(
    [option_name] => speed_backups_job_181434eb-3448-44a1-bb5f-4d8702296cd5
    [found] => YES
)

[2026-01-15 14:01:06] [14 MB] [chunked_processor] Job retrieved successfully
    DATA: Array
(
    [status] => running
    [type] => restore
)

[2026-01-15 14:01:06] [14 MB] [chunked_processor] get_job called
    DATA: Array
(
    [job_id] => 181434eb-3448-44a1-bb5f-4d8702296cd5
)

[2026-01-15 14:01:06] [14 MB] [chunked_processor] Transient lookup result
    DATA: Array
(
    [option_name] => speed_backups_job_181434eb-3448-44a1-bb5f-4d8702296cd5
    [found] => YES
)

[2026-01-15 14:01:06] [14 MB] [chunked_processor] Job retrieved successfully
    DATA: Array
(
    [status] => running
    [type] => restore
)

[2026-01-15 14:01:06] [14 MB] [FUNCTION] >>> ENTER: process_chunk
    DATA: Array
(
    [0] => job_id
)

[2026-01-15 14:01:06] [14 MB] [chunked_processor] get_job called
    DATA: Array
(
    [job_id] => 181434eb-3448-44a1-bb5f-4d8702296cd5
)

[2026-01-15 14:01:06] [14 MB] [chunked_processor] Transient lookup result
    DATA: Array
(
    [option_name] => speed_backups_job_181434eb-3448-44a1-bb5f-4d8702296cd5
    [found] => YES
)

[2026-01-15 14:01:06] [14 MB] [chunked_processor] Job retrieved successfully
    DATA: Array
(
    [status] => running
    [type] => restore
)

[2026-01-15 14:01:06] [14 MB] [JOB_STATE] Job 181434eb-3448-44a1-bb5f-4d8702296cd5 state
    DATA: Array
(
    [status] => running
    [type] => restore
    [phase] => extract
    [progress] => 10.362694300518
)

[2026-01-15 14:01:06] [14 MB] [chunked_processor] get_job called
    DATA: Array
(
    [job_id] => 181434eb-3448-44a1-bb5f-4d8702296cd5
)

[2026-01-15 14:01:06] [14 MB] [chunked_processor] Transient lookup result
    DATA: Array
(
    [option_name] => speed_backups_job_181434eb-3448-44a1-bb5f-4d8702296cd5
    [found] => YES
)

[2026-01-15 14:01:06] [14 MB] [chunked_processor] Job retrieved successfully
    DATA: Array
(
    [status] => running
    [type] => restore
)

[2026-01-15 14:01:06] [14 MB] [chunked_processor] get_job called
    DATA: Array
(
    [job_id] => 181434eb-3448-44a1-bb5f-4d8702296cd5
)

[2026-01-15 14:01:06] [14 MB] [chunked_processor] Transient lookup result
    DATA: Array
(
    [option_name] => speed_backups_job_181434eb-3448-44a1-bb5f-4d8702296cd5
    [found] => YES
)

[2026-01-15 14:01:06] [14 MB] [chunked_processor] Job retrieved successfully
    DATA: Array
(
    [status] => running
    [type] => restore
)

[2026-01-15 14:01:06] [14 MB] [chunked_processor] save_job called
    DATA: Array
(
    [job_id] => 181434eb-3448-44a1-bb5f-4d8702296cd5
    [status] => running
)

[2026-01-15 14:01:06] [14 MB] [chunked_processor] Transient save result
    DATA: Array
(
    [option_name] => speed_backups_job_181434eb-3448-44a1-bb5f-4d8702296cd5
    [success] => YES
)

[2026-01-15 14:01:06] [14 MB] [chunked_processor] Option save result
    DATA: Array
(
    [option_name] => speed_backups_job_181434eb-3448-44a1-bb5f-4d8702296cd5
    [success] => YES
)

[2026-01-15 14:01:06] [14 MB] [chunked_processor] Save verification
    DATA: Array
(
    [verified] => YES
)

[2026-01-15 14:01:06] [14 MB] [chunked_processor] get_job called
    DATA: Array
(
    [job_id] => 181434eb-3448-44a1-bb5f-4d8702296cd5
)

[2026-01-15 14:01:06] [14 MB] [chunked_processor] Transient lookup result
    DATA: Array
(
    [option_name] => speed_backups_job_181434eb-3448-44a1-bb5f-4d8702296cd5
    [found] => YES
)

[2026-01-15 14:01:06] [14 MB] [chunked_processor] Job retrieved successfully
    DATA: Array
(
    [status] => running
    [type] => restore
)

[2026-01-15 14:01:06] [14 MB] [chunked_processor] save_job called
    DATA: Array
(
    [job_id] => 181434eb-3448-44a1-bb5f-4d8702296cd5
    [status] => running
)

[2026-01-15 14:01:06] [14 MB] [chunked_processor] Transient save result
    DATA: Array
(
    [option_name] => speed_backups_job_181434eb-3448-44a1-bb5f-4d8702296cd5
    [success] => YES
)

[2026-01-15 14:01:06] [14 MB] [chunked_processor] Option save result
    DATA: Array
(
    [option_name] => speed_backups_job_181434eb-3448-44a1-bb5f-4d8702296cd5
    [success] => YES
)

[2026-01-15 14:01:06] [14 MB] [chunked_processor] Save verification
    DATA: Array
(
    [verified] => YES
)

[2026-01-15 14:01:06] [14 MB] [chunked_processor] get_job called
    DATA: Array
(
    [job_id] => 181434eb-3448-44a1-bb5f-4d8702296cd5
)

[2026-01-15 14:01:06] [14 MB] [chunked_processor] Transient lookup result
    DATA: Array
(
    [option_name] => speed_backups_job_181434eb-3448-44a1-bb5f-4d8702296cd5
    [found] => YES
)

[2026-01-15 14:01:06] [14 MB] [chunked_processor] Job retrieved successfully
    DATA: Array
(
    [status] => running
    [type] => restore
)

[2026-01-15 14:01:06] [14 MB] [chunked_processor] get_job called
    DATA: Array
(
    [job_id] => 181434eb-3448-44a1-bb5f-4d8702296cd5
)

[2026-01-15 14:01:06] [14 MB] [chunked_processor] Transient lookup result
    DATA: Array
(
    [option_name] => speed_backups_job_181434eb-3448-44a1-bb5f-4d8702296cd5
    [found] => YES
)

[2026-01-15 14:01:06] [14 MB] [chunked_processor] Job retrieved successfully
    DATA: Array
(
    [status] => running
    [type] => restore
)

[2026-01-15 14:01:07] [14 MB] [FUNCTION] >>> ENTER: process_chunk
    DATA: Array
(
    [0] => job_id
)

[2026-01-15 14:01:07] [14 MB] [chunked_processor] get_job called
    DATA: Array
(
    [job_id] => 181434eb-3448-44a1-bb5f-4d8702296cd5
)

[2026-01-15 14:01:07] [14 MB] [chunked_processor] Transient lookup result
    DATA: Array
(
    [option_name] => speed_backups_job_181434eb-3448-44a1-bb5f-4d8702296cd5
    [found] => YES
)

[2026-01-15 14:01:07] [14 MB] [chunked_processor] Job retrieved successfully
    DATA: Array
(
    [status] => running
    [type] => restore
)

[2026-01-15 14:01:07] [14 MB] [JOB_STATE] Job 181434eb-3448-44a1-bb5f-4d8702296cd5 state
    DATA: Array
(
    [status] => running
    [type] => restore
    [phase] => extract
    [progress] => 11.658031088083
)

[2026-01-15 14:01:07] [14 MB] [chunked_processor] get_job called
    DATA: Array
(
    [job_id] => 181434eb-3448-44a1-bb5f-4d8702296cd5
)

[2026-01-15 14:01:07] [14 MB] [chunked_processor] Transient lookup result
    DATA: Array
(
    [option_name] => speed_backups_job_181434eb-3448-44a1-bb5f-4d8702296cd5
    [found] => YES
)

[2026-01-15 14:01:07] [14 MB] [chunked_processor] Job retrieved successfully
    DATA: Array
(
    [status] => running
    [type] => restore
)

[2026-01-15 14:01:07] [14 MB] [chunked_processor] get_job called
    DATA: Array
(
    [job_id] => 181434eb-3448-44a1-bb5f-4d8702296cd5
)

[2026-01-15 14:01:07] [14 MB] [chunked_processor] Transient lookup result
    DATA: Array
(
    [option_name] => speed_backups_job_181434eb-3448-44a1-bb5f-4d8702296cd5
    [found] => YES
)

[2026-01-15 14:01:07] [14 MB] [chunked_processor] Job retrieved successfully
    DATA: Array
(
    [status] => running
    [type] => restore
)

[2026-01-15 14:01:07] [14 MB] [chunked_processor] save_job called
    DATA: Array
(
    [job_id] => 181434eb-3448-44a1-bb5f-4d8702296cd5
    [status] => running
)

[2026-01-15 14:01:07] [14 MB] [chunked_processor] Transient save result
    DATA: Array
(
    [option_name] => speed_backups_job_181434eb-3448-44a1-bb5f-4d8702296cd5
    [success] => YES
)

[2026-01-15 14:01:07] [14 MB] [chunked_processor] Option save result
    DATA: Array
(
    [option_name] => speed_backups_job_181434eb-3448-44a1-bb5f-4d8702296cd5
    [success] => YES
)

[2026-01-15 14:01:07] [14 MB] [chunked_processor] Save verification
    DATA: Array
(
    [verified] => YES
)

[2026-01-15 14:01:07] [14 MB] [chunked_processor] get_job called
    DATA: Array
(
    [job_id] => 181434eb-3448-44a1-bb5f-4d8702296cd5
)

[2026-01-15 14:01:07] [14 MB] [chunked_processor] Transient lookup result
    DATA: Array
(
    [option_name] => speed_backups_job_181434eb-3448-44a1-bb5f-4d8702296cd5
    [found] => YES
)

[2026-01-15 14:01:07] [14 MB] [chunked_processor] Job retrieved successfully
    DATA: Array
(
    [status] => running
    [type] => restore
)

[2026-01-15 14:01:07] [14 MB] [chunked_processor] save_job called
    DATA: Array
(
    [job_id] => 181434eb-3448-44a1-bb5f-4d8702296cd5
    [status] => running
)

[2026-01-15 14:01:07] [14 MB] [chunked_processor] Transient save result
    DATA: Array
(
    [option_name] => speed_backups_job_181434eb-3448-44a1-bb5f-4d8702296cd5
    [success] => YES
)

[2026-01-15 14:01:07] [14 MB] [chunked_processor] Option save result
    DATA: Array
(
    [option_name] => speed_backups_job_181434eb-3448-44a1-bb5f-4d8702296cd5
    [success] => YES
)

[2026-01-15 14:01:07] [14 MB] [chunked_processor] Save verification
    DATA: Array
(
    [verified] => YES
)

[2026-01-15 14:01:07] [14 MB] [chunked_processor] get_job called
    DATA: Array
(
    [job_id] => 181434eb-3448-44a1-bb5f-4d8702296cd5
)

[2026-01-15 14:01:07] [14 MB] [chunked_processor] Transient lookup result
    DATA: Array
(
    [option_name] => speed_backups_job_181434eb-3448-44a1-bb5f-4d8702296cd5
    [found] => YES
)

[2026-01-15 14:01:07] [14 MB] [chunked_processor] Job retrieved successfully
    DATA: Array
(
    [status] => running
    [type] => restore
)

[2026-01-15 14:01:07] [14 MB] [chunked_processor] get_job called
    DATA: Array
(
    [job_id] => 181434eb-3448-44a1-bb5f-4d8702296cd5
)

[2026-01-15 14:01:07] [14 MB] [chunked_processor] Transient lookup result
    DATA: Array
(
    [option_name] => speed_backups_job_181434eb-3448-44a1-bb5f-4d8702296cd5
    [found] => YES
)

[2026-01-15 14:01:07] [14 MB] [chunked_processor] Job retrieved successfully
    DATA: Array
(
    [status] => running
    [type] => restore
)

[2026-01-15 14:01:07] [14 MB] [FUNCTION] >>> ENTER: process_chunk
    DATA: Array
(
    [0] => job_id
)

[2026-01-15 14:01:07] [14 MB] [chunked_processor] get_job called
    DATA: Array
(
    [job_id] => 181434eb-3448-44a1-bb5f-4d8702296cd5
)

[2026-01-15 14:01:07] [14 MB] [chunked_processor] Transient lookup result
    DATA: Array
(
    [option_name] => speed_backups_job_181434eb-3448-44a1-bb5f-4d8702296cd5
    [found] => YES
)

[2026-01-15 14:01:07] [14 MB] [chunked_processor] Job retrieved successfully
    DATA: Array
(
    [status] => running
    [type] => restore
)

[2026-01-15 14:01:07] [14 MB] [JOB_STATE] Job 181434eb-3448-44a1-bb5f-4d8702296cd5 state
    DATA: Array
(
    [status] => running
    [type] => restore
    [phase] => extract
    [progress] => 12.953367875648
)

[2026-01-15 14:01:07] [14 MB] [chunked_processor] get_job called
    DATA: Array
(
    [job_id] => 181434eb-3448-44a1-bb5f-4d8702296cd5
)

[2026-01-15 14:01:07] [14 MB] [chunked_processor] Transient lookup result
    DATA: Array
(
    [option_name] => speed_backups_job_181434eb-3448-44a1-bb5f-4d8702296cd5
    [found] => YES
)

[2026-01-15 14:01:07] [14 MB] [chunked_processor] Job retrieved successfully
    DATA: Array
(
    [status] => running
    [type] => restore
)

[2026-01-15 14:01:07] [14 MB] [chunked_processor] get_job called
    DATA: Array
(
    [job_id] => 181434eb-3448-44a1-bb5f-4d8702296cd5
)

[2026-01-15 14:01:07] [14 MB] [chunked_processor] Transient lookup result
    DATA: Array
(
    [option_name] => speed_backups_job_181434eb-3448-44a1-bb5f-4d8702296cd5
    [found] => YES
)

[2026-01-15 14:01:07] [14 MB] [chunked_processor] Job retrieved successfully
    DATA: Array
(
    [status] => running
    [type] => restore
)

[2026-01-15 14:01:07] [14 MB] [chunked_processor] save_job called
    DATA: Array
(
    [job_id] => 181434eb-3448-44a1-bb5f-4d8702296cd5
    [status] => running
)

[2026-01-15 14:01:07] [14 MB] [chunked_processor] Transient save result
    DATA: Array
(
    [option_name] => speed_backups_job_181434eb-3448-44a1-bb5f-4d8702296cd5
    [success] => YES
)

[2026-01-15 14:01:07] [14 MB] [chunked_processor] Option save result
    DATA: Array
(
    [option_name] => speed_backups_job_181434eb-3448-44a1-bb5f-4d8702296cd5
    [success] => YES
)

[2026-01-15 14:01:07] [14 MB] [chunked_processor] Save verification
    DATA: Array
(
    [verified] => YES
)

[2026-01-15 14:01:07] [14 MB] [chunked_processor] get_job called
    DATA: Array
(
    [job_id] => 181434eb-3448-44a1-bb5f-4d8702296cd5
)

[2026-01-15 14:01:07] [14 MB] [chunked_processor] Transient lookup result
    DATA: Array
(
    [option_name] => speed_backups_job_181434eb-3448-44a1-bb5f-4d8702296cd5
    [found] => YES
)

[2026-01-15 14:01:07] [14 MB] [chunked_processor] Job retrieved successfully
    DATA: Array
(
    [status] => running
    [type] => restore
)

[2026-01-15 14:01:07] [14 MB] [chunked_processor] save_job called
    DATA: Array
(
    [job_id] => 181434eb-3448-44a1-bb5f-4d8702296cd5
    [status] => running
)

[2026-01-15 14:01:07] [14 MB] [chunked_processor] Transient save result
    DATA: Array
(
    [option_name] => speed_backups_job_181434eb-3448-44a1-bb5f-4d8702296cd5
    [success] => YES
)

[2026-01-15 14:01:07] [14 MB] [chunked_processor] Option save result
    DATA: Array
(
    [option_name] => speed_backups_job_181434eb-3448-44a1-bb5f-4d8702296cd5
    [success] => YES
)

[2026-01-15 14:01:07] [14 MB] [chunked_processor] Save verification
    DATA: Array
(
    [verified] => YES
)

[2026-01-15 14:01:07] [14 MB] [chunked_processor] get_job called
    DATA: Array
(
    [job_id] => 181434eb-3448-44a1-bb5f-4d8702296cd5
)

[2026-01-15 14:01:07] [14 MB] [chunked_processor] Transient lookup result
    DATA: Array
(
    [option_name] => speed_backups_job_181434eb-3448-44a1-bb5f-4d8702296cd5
    [found] => YES
)

[2026-01-15 14:01:07] [14 MB] [chunked_processor] Job retrieved successfully
    DATA: Array
(
    [status] => running
    [type] => restore
)

[2026-01-15 14:01:07] [14 MB] [chunked_processor] get_job called
    DATA: Array
(
    [job_id] => 181434eb-3448-44a1-bb5f-4d8702296cd5
)

[2026-01-15 14:01:07] [14 MB] [chunked_processor] Transient lookup result
    DATA: Array
(
    [option_name] => speed_backups_job_181434eb-3448-44a1-bb5f-4d8702296cd5
    [found] => YES
)

[2026-01-15 14:01:07] [14 MB] [chunked_processor] Job retrieved successfully
    DATA: Array
(
    [status] => running
    [type] => restore
)

[2026-01-15 14:01:08] [14 MB] [FUNCTION] >>> ENTER: process_chunk
    DATA: Array
(
    [0] => job_id
)

[2026-01-15 14:01:08] [14 MB] [chunked_processor] get_job called
    DATA: Array
(
    [job_id] => 181434eb-3448-44a1-bb5f-4d8702296cd5
)

[2026-01-15 14:01:08] [14 MB] [chunked_processor] Transient lookup result
    DATA: Array
(
    [option_name] => speed_backups_job_181434eb-3448-44a1-bb5f-4d8702296cd5
    [found] => YES
)

[2026-01-15 14:01:08] [14 MB] [chunked_processor] Job retrieved successfully
    DATA: Array
(
    [status] => running
    [type] => restore
)

[2026-01-15 14:01:08] [14 MB] [JOB_STATE] Job 181434eb-3448-44a1-bb5f-4d8702296cd5 state
    DATA: Array
(
    [status] => running
    [type] => restore
    [phase] => extract
    [progress] => 14.248704663212
)

[2026-01-15 14:01:08] [14 MB] [chunked_processor] get_job called
    DATA: Array
(
    [job_id] => 181434eb-3448-44a1-bb5f-4d8702296cd5
)

[2026-01-15 14:01:08] [14 MB] [chunked_processor] Transient lookup result
    DATA: Array
(
    [option_name] => speed_backups_job_181434eb-3448-44a1-bb5f-4d8702296cd5
    [found] => YES
)

[2026-01-15 14:01:08] [14 MB] [chunked_processor] Job retrieved successfully
    DATA: Array
(
    [status] => running
    [type] => restore
)

[2026-01-15 14:01:08] [14 MB] [chunked_processor] get_job called
    DATA: Array
(
    [job_id] => 181434eb-3448-44a1-bb5f-4d8702296cd5
)

[2026-01-15 14:01:08] [14 MB] [chunked_processor] Transient lookup result
    DATA: Array
(
    [option_name] => speed_backups_job_181434eb-3448-44a1-bb5f-4d8702296cd5
    [found] => YES
)

[2026-01-15 14:01:08] [14 MB] [chunked_processor] Job retrieved successfully
    DATA: Array
(
    [status] => running
    [type] => restore
)

[2026-01-15 14:01:08] [14 MB] [chunked_processor] save_job called
    DATA: Array
(
    [job_id] => 181434eb-3448-44a1-bb5f-4d8702296cd5
    [status] => running
)

[2026-01-15 14:01:08] [14 MB] [chunked_processor] Transient save result
    DATA: Array
(
    [option_name] => speed_backups_job_181434eb-3448-44a1-bb5f-4d8702296cd5
    [success] => YES
)

[2026-01-15 14:01:08] [14 MB] [chunked_processor] Option save result
    DATA: Array
(
    [option_name] => speed_backups_job_181434eb-3448-44a1-bb5f-4d8702296cd5
    [success] => YES
)

[2026-01-15 14:01:08] [14 MB] [chunked_processor] Save verification
    DATA: Array
(
    [verified] => YES
)

[2026-01-15 14:01:08] [14 MB] [chunked_processor] get_job called
    DATA: Array
(
    [job_id] => 181434eb-3448-44a1-bb5f-4d8702296cd5
)

[2026-01-15 14:01:08] [14 MB] [chunked_processor] Transient lookup result
    DATA: Array
(
    [option_name] => speed_backups_job_181434eb-3448-44a1-bb5f-4d8702296cd5
    [found] => YES
)

[2026-01-15 14:01:08] [14 MB] [chunked_processor] Job retrieved successfully
    DATA: Array
(
    [status] => running
    [type] => restore
)

[2026-01-15 14:01:08] [14 MB] [chunked_processor] save_job called
    DATA: Array
(
    [job_id] => 181434eb-3448-44a1-bb5f-4d8702296cd5
    [status] => running
)

[2026-01-15 14:01:08] [14 MB] [chunked_processor] Transient save result
    DATA: Array
(
    [option_name] => speed_backups_job_181434eb-3448-44a1-bb5f-4d8702296cd5
    [success] => YES
)

[2026-01-15 14:01:08] [14 MB] [chunked_processor] Option save result
    DATA: Array
(
    [option_name] => speed_backups_job_181434eb-3448-44a1-bb5f-4d8702296cd5
    [success] => YES
)

[2026-01-15 14:01:08] [14 MB] [chunked_processor] Save verification
    DATA: Array
(
    [verified] => YES
)

[2026-01-15 14:01:08] [14 MB] [chunked_processor] get_job called
    DATA: Array
(
    [job_id] => 181434eb-3448-44a1-bb5f-4d8702296cd5
)

[2026-01-15 14:01:08] [14 MB] [chunked_processor] Transient lookup result
    DATA: Array
(
    [option_name] => speed_backups_job_181434eb-3448-44a1-bb5f-4d8702296cd5
    [found] => YES
)

[2026-01-15 14:01:08] [14 MB] [chunked_processor] Job retrieved successfully
    DATA: Array
(
    [status] => running
    [type] => restore
)

[2026-01-15 14:01:08] [14 MB] [chunked_processor] get_job called
    DATA: Array
(
    [job_id] => 181434eb-3448-44a1-bb5f-4d8702296cd5
)

[2026-01-15 14:01:08] [14 MB] [chunked_processor] Transient lookup result
    DATA: Array
(
    [option_name] => speed_backups_job_181434eb-3448-44a1-bb5f-4d8702296cd5
    [found] => YES
)

[2026-01-15 14:01:08] [14 MB] [chunked_processor] Job retrieved successfully
    DATA: Array
(
    [status] => running
    [type] => restore
)

[2026-01-15 14:01:08] [14 MB] [FUNCTION] >>> ENTER: process_chunk
    DATA: Array
(
    [0] => job_id
)

[2026-01-15 14:01:08] [14 MB] [chunked_processor] get_job called
    DATA: Array
(
    [job_id] => 181434eb-3448-44a1-bb5f-4d8702296cd5
)

[2026-01-15 14:01:08] [14 MB] [chunked_processor] Transient lookup result
    DATA: Array
(
    [option_name] => speed_backups_job_181434eb-3448-44a1-bb5f-4d8702296cd5
    [found] => YES
)

[2026-01-15 14:01:08] [14 MB] [chunked_processor] Job retrieved successfully
    DATA: Array
(
    [status] => running
    [type] => restore
)

[2026-01-15 14:01:08] [14 MB] [JOB_STATE] Job 181434eb-3448-44a1-bb5f-4d8702296cd5 state
    DATA: Array
(
    [status] => running
    [type] => restore
    [phase] => extract
    [progress] => 15.544041450777
)

[2026-01-15 14:01:08] [14 MB] [chunked_processor] get_job called
    DATA: Array
(
    [job_id] => 181434eb-3448-44a1-bb5f-4d8702296cd5
)

[2026-01-15 14:01:08] [14 MB] [chunked_processor] Transient lookup result
    DATA: Array
(
    [option_name] => speed_backups_job_181434eb-3448-44a1-bb5f-4d8702296cd5
    [found] => YES
)

[2026-01-15 14:01:08] [14 MB] [chunked_processor] Job retrieved successfully
    DATA: Array
(
    [status] => running
    [type] => restore
)

[2026-01-15 14:01:08] [14 MB] [chunked_processor] get_job called
    DATA: Array
(
    [job_id] => 181434eb-3448-44a1-bb5f-4d8702296cd5
)

[2026-01-15 14:01:08] [14 MB] [chunked_processor] Transient lookup result
    DATA: Array
(
    [option_name] => speed_backups_job_181434eb-3448-44a1-bb5f-4d8702296cd5
    [found] => YES
)

[2026-01-15 14:01:08] [14 MB] [chunked_processor] Job retrieved successfully
    DATA: Array
(
    [status] => running
    [type] => restore
)

[2026-01-15 14:01:08] [14 MB] [chunked_processor] save_job called
    DATA: Array
(
    [job_id] => 181434eb-3448-44a1-bb5f-4d8702296cd5
    [status] => running
)

[2026-01-15 14:01:08] [14 MB] [chunked_processor] Transient save result
    DATA: Array
(
    [option_name] => speed_backups_job_181434eb-3448-44a1-bb5f-4d8702296cd5
    [success] => YES
)

[2026-01-15 14:01:08] [14 MB] [chunked_processor] Option save result
    DATA: Array
(
    [option_name] => speed_backups_job_181434eb-3448-44a1-bb5f-4d8702296cd5
    [success] => YES
)

[2026-01-15 14:01:08] [14 MB] [chunked_processor] Save verification
    DATA: Array
(
    [verified] => YES
)

[2026-01-15 14:01:08] [14 MB] [chunked_processor] get_job called
    DATA: Array
(
    [job_id] => 181434eb-3448-44a1-bb5f-4d8702296cd5
)

[2026-01-15 14:01:08] [14 MB] [chunked_processor] Transient lookup result
    DATA: Array
(
    [option_name] => speed_backups_job_181434eb-3448-44a1-bb5f-4d8702296cd5
    [found] => YES
)

[2026-01-15 14:01:08] [14 MB] [chunked_processor] Job retrieved successfully
    DATA: Array
(
    [status] => running
    [type] => restore
)

[2026-01-15 14:01:08] [14 MB] [chunked_processor] save_job called
    DATA: Array
(
    [job_id] => 181434eb-3448-44a1-bb5f-4d8702296cd5
    [status] => running
)

[2026-01-15 14:01:08] [14 MB] [chunked_processor] Transient save result
    DATA: Array
(
    [option_name] => speed_backups_job_181434eb-3448-44a1-bb5f-4d8702296cd5
    [success] => YES
)

[2026-01-15 14:01:08] [14 MB] [chunked_processor] Option save result
    DATA: Array
(
    [option_name] => speed_backups_job_181434eb-3448-44a1-bb5f-4d8702296cd5
    [success] => YES
)

[2026-01-15 14:01:08] [14 MB] [chunked_processor] Save verification
    DATA: Array
(
    [verified] => YES
)

[2026-01-15 14:01:08] [14 MB] [chunked_processor] get_job called
    DATA: Array
(
    [job_id] => 181434eb-3448-44a1-bb5f-4d8702296cd5
)

[2026-01-15 14:01:08] [14 MB] [chunked_processor] Transient lookup result
    DATA: Array
(
    [option_name] => speed_backups_job_181434eb-3448-44a1-bb5f-4d8702296cd5
    [found] => YES
)

[2026-01-15 14:01:08] [14 MB] [chunked_processor] Job retrieved successfully
    DATA: Array
(
    [status] => running
    [type] => restore
)

[2026-01-15 14:01:08] [14 MB] [chunked_processor] get_job called
    DATA: Array
(
    [job_id] => 181434eb-3448-44a1-bb5f-4d8702296cd5
)

[2026-01-15 14:01:08] [14 MB] [chunked_processor] Transient lookup result
    DATA: Array
(
    [option_name] => speed_backups_job_181434eb-3448-44a1-bb5f-4d8702296cd5
    [found] => YES
)

[2026-01-15 14:01:08] [14 MB] [chunked_processor] Job retrieved successfully
    DATA: Array
(
    [status] => running
    [type] => restore
)

[2026-01-15 14:01:08] [14 MB] [FUNCTION] >>> ENTER: process_chunk
    DATA: Array
(
    [0] => job_id
)

[2026-01-15 14:01:08] [14 MB] [chunked_processor] get_job called
    DATA: Array
(
    [job_id] => 181434eb-3448-44a1-bb5f-4d8702296cd5
)

[2026-01-15 14:01:08] [14 MB] [chunked_processor] Transient lookup result
    DATA: Array
(
    [option_name] => speed_backups_job_181434eb-3448-44a1-bb5f-4d8702296cd5
    [found] => YES
)

[2026-01-15 14:01:08] [14 MB] [chunked_processor] Job retrieved successfully
    DATA: Array
(
    [status] => running
    [type] => restore
)

[2026-01-15 14:01:08] [14 MB] [JOB_STATE] Job 181434eb-3448-44a1-bb5f-4d8702296cd5 state
    DATA: Array
(
    [status] => running
    [type] => restore
    [phase] => extract
    [progress] => 16.839378238342
)

[2026-01-15 14:01:08] [14 MB] [chunked_processor] get_job called
    DATA: Array
(
    [job_id] => 181434eb-3448-44a1-bb5f-4d8702296cd5
)

[2026-01-15 14:01:08] [14 MB] [chunked_processor] Transient lookup result
    DATA: Array
(
    [option_name] => speed_backups_job_181434eb-3448-44a1-bb5f-4d8702296cd5
    [found] => YES
)

[2026-01-15 14:01:08] [14 MB] [chunked_processor] Job retrieved successfully
    DATA: Array
(
    [status] => running
    [type] => restore
)

[2026-01-15 14:01:08] [14 MB] [chunked_processor] get_job called
    DATA: Array
(
    [job_id] => 181434eb-3448-44a1-bb5f-4d8702296cd5
)

[2026-01-15 14:01:08] [14 MB] [chunked_processor] Transient lookup result
    DATA: Array
(
    [option_name] => speed_backups_job_181434eb-3448-44a1-bb5f-4d8702296cd5
    [found] => YES
)

[2026-01-15 14:01:08] [14 MB] [chunked_processor] Job retrieved successfully
    DATA: Array
(
    [status] => running
    [type] => restore
)

[2026-01-15 14:01:08] [14 MB] [chunked_processor] save_job called
    DATA: Array
(
    [job_id] => 181434eb-3448-44a1-bb5f-4d8702296cd5
    [status] => running
)

[2026-01-15 14:01:08] [14 MB] [chunked_processor] Transient save result
    DATA: Array
(
    [option_name] => speed_backups_job_181434eb-3448-44a1-bb5f-4d8702296cd5
    [success] => YES
)

[2026-01-15 14:01:08] [14 MB] [chunked_processor] Option save result
    DATA: Array
(
    [option_name] => speed_backups_job_181434eb-3448-44a1-bb5f-4d8702296cd5
    [success] => YES
)

[2026-01-15 14:01:08] [14 MB] [chunked_processor] Save verification
    DATA: Array
(
    [verified] => YES
)

[2026-01-15 14:01:08] [14 MB] [chunked_processor] get_job called
    DATA: Array
(
    [job_id] => 181434eb-3448-44a1-bb5f-4d8702296cd5
)

[2026-01-15 14:01:08] [14 MB] [chunked_processor] Transient lookup result
    DATA: Array
(
    [option_name] => speed_backups_job_181434eb-3448-44a1-bb5f-4d8702296cd5
    [found] => YES
)

[2026-01-15 14:01:08] [14 MB] [chunked_processor] Job retrieved successfully
    DATA: Array
(
    [status] => running
    [type] => restore
)

[2026-01-15 14:01:08] [14 MB] [chunked_processor] save_job called
    DATA: Array
(
    [job_id] => 181434eb-3448-44a1-bb5f-4d8702296cd5
    [status] => running
)

[2026-01-15 14:01:08] [14 MB] [chunked_processor] Transient save result
    DATA: Array
(
    [option_name] => speed_backups_job_181434eb-3448-44a1-bb5f-4d8702296cd5
    [success] => YES
)

[2026-01-15 14:01:08] [14 MB] [chunked_processor] Option save result
    DATA: Array
(
    [option_name] => speed_backups_job_181434eb-3448-44a1-bb5f-4d8702296cd5
    [success] => YES
)

[2026-01-15 14:01:08] [14 MB] [chunked_processor] Save verification
    DATA: Array
(
    [verified] => YES
)

[2026-01-15 14:01:08] [14 MB] [chunked_processor] get_job called
    DATA: Array
(
    [job_id] => 181434eb-3448-44a1-bb5f-4d8702296cd5
)

[2026-01-15 14:01:08] [14 MB] [chunked_processor] Transient lookup result
    DATA: Array
(
    [option_name] => speed_backups_job_181434eb-3448-44a1-bb5f-4d8702296cd5
    [found] => YES
)

[2026-01-15 14:01:08] [14 MB] [chunked_processor] Job retrieved successfully
    DATA: Array
(
    [status] => running
    [type] => restore
)

[2026-01-15 14:01:08] [14 MB] [chunked_processor] get_job called
    DATA: Array
(
    [job_id] => 181434eb-3448-44a1-bb5f-4d8702296cd5
)

[2026-01-15 14:01:08] [14 MB] [chunked_processor] Transient lookup result
    DATA: Array
(
    [option_name] => speed_backups_job_181434eb-3448-44a1-bb5f-4d8702296cd5
    [found] => YES
)

[2026-01-15 14:01:08] [14 MB] [chunked_processor] Job retrieved successfully
    DATA: Array
(
    [status] => running
    [type] => restore
)

[2026-01-15 14:01:09] [14 MB] [FUNCTION] >>> ENTER: process_chunk
    DATA: Array
(
    [0] => job_id
)

[2026-01-15 14:01:09] [14 MB] [chunked_processor] get_job called
    DATA: Array
(
    [job_id] => 181434eb-3448-44a1-bb5f-4d8702296cd5
)

[2026-01-15 14:01:09] [14 MB] [chunked_processor] Transient lookup result
    DATA: Array
(
    [option_name] => speed_backups_job_181434eb-3448-44a1-bb5f-4d8702296cd5
    [found] => YES
)

[2026-01-15 14:01:09] [14 MB] [chunked_processor] Job retrieved successfully
    DATA: Array
(
    [status] => running
    [type] => restore
)

[2026-01-15 14:01:09] [14 MB] [JOB_STATE] Job 181434eb-3448-44a1-bb5f-4d8702296cd5 state
    DATA: Array
(
    [status] => running
    [type] => restore
    [phase] => extract
    [progress] => 18.134715025907
)

[2026-01-15 14:01:09] [14 MB] [chunked_processor] get_job called
    DATA: Array
(
    [job_id] => 181434eb-3448-44a1-bb5f-4d8702296cd5
)

[2026-01-15 14:01:09] [14 MB] [chunked_processor] Transient lookup result
    DATA: Array
(
    [option_name] => speed_backups_job_181434eb-3448-44a1-bb5f-4d8702296cd5
    [found] => YES
)

[2026-01-15 14:01:09] [14 MB] [chunked_processor] Job retrieved successfully
    DATA: Array
(
    [status] => running
    [type] => restore
)

[2026-01-15 14:01:09] [14 MB] [chunked_processor] get_job called
    DATA: Array
(
    [job_id] => 181434eb-3448-44a1-bb5f-4d8702296cd5
)

[2026-01-15 14:01:09] [14 MB] [chunked_processor] Transient lookup result
    DATA: Array
(
    [option_name] => speed_backups_job_181434eb-3448-44a1-bb5f-4d8702296cd5
    [found] => YES
)

[2026-01-15 14:01:09] [14 MB] [chunked_processor] Job retrieved successfully
    DATA: Array
(
    [status] => running
    [type] => restore
)

[2026-01-15 14:01:09] [14 MB] [chunked_processor] save_job called
    DATA: Array
(
    [job_id] => 181434eb-3448-44a1-bb5f-4d8702296cd5
    [status] => running
)

[2026-01-15 14:01:09] [14 MB] [chunked_processor] Transient save result
    DATA: Array
(
    [option_name] => speed_backups_job_181434eb-3448-44a1-bb5f-4d8702296cd5
    [success] => YES
)

[2026-01-15 14:01:09] [14 MB] [chunked_processor] Option save result
    DATA: Array
(
    [option_name] => speed_backups_job_181434eb-3448-44a1-bb5f-4d8702296cd5
    [success] => YES
)

[2026-01-15 14:01:09] [14 MB] [chunked_processor] Save verification
    DATA: Array
(
    [verified] => YES
)

[2026-01-15 14:01:09] [14 MB] [chunked_processor] get_job called
    DATA: Array
(
    [job_id] => 181434eb-3448-44a1-bb5f-4d8702296cd5
)

[2026-01-15 14:01:09] [14 MB] [chunked_processor] Transient lookup result
    DATA: Array
(
    [option_name] => speed_backups_job_181434eb-3448-44a1-bb5f-4d8702296cd5
    [found] => YES
)

[2026-01-15 14:01:09] [14 MB] [chunked_processor] Job retrieved successfully
    DATA: Array
(
    [status] => running
    [type] => restore
)

[2026-01-15 14:01:09] [14 MB] [chunked_processor] save_job called
    DATA: Array
(
    [job_id] => 181434eb-3448-44a1-bb5f-4d8702296cd5
    [status] => running
)

[2026-01-15 14:01:09] [14 MB] [chunked_processor] Transient save result
    DATA: Array
(
    [option_name] => speed_backups_job_181434eb-3448-44a1-bb5f-4d8702296cd5
    [success] => YES
)

[2026-01-15 14:01:09] [14 MB] [chunked_processor] Option save result
    DATA: Array
(
    [option_name] => speed_backups_job_181434eb-3448-44a1-bb5f-4d8702296cd5
    [success] => YES
)

[2026-01-15 14:01:09] [14 MB] [chunked_processor] Save verification
    DATA: Array
(
    [verified] => YES
)

[2026-01-15 14:01:09] [14 MB] [chunked_processor] get_job called
    DATA: Array
(
    [job_id] => 181434eb-3448-44a1-bb5f-4d8702296cd5
)

[2026-01-15 14:01:09] [14 MB] [chunked_processor] Transient lookup result
    DATA: Array
(
    [option_name] => speed_backups_job_181434eb-3448-44a1-bb5f-4d8702296cd5
    [found] => YES
)

[2026-01-15 14:01:09] [14 MB] [chunked_processor] Job retrieved successfully
    DATA: Array
(
    [status] => running
    [type] => restore
)

[2026-01-15 14:01:09] [14 MB] [chunked_processor] get_job called
    DATA: Array
(
    [job_id] => 181434eb-3448-44a1-bb5f-4d8702296cd5
)

[2026-01-15 14:01:09] [14 MB] [chunked_processor] Transient lookup result
    DATA: Array
(
    [option_name] => speed_backups_job_181434eb-3448-44a1-bb5f-4d8702296cd5
    [found] => YES
)

[2026-01-15 14:01:09] [14 MB] [chunked_processor] Job retrieved successfully
    DATA: Array
(
    [status] => running
    [type] => restore
)

[2026-01-15 14:01:09] [14 MB] [FUNCTION] >>> ENTER: process_chunk
    DATA: Array
(
    [0] => job_id
)

[2026-01-15 14:01:09] [14 MB] [chunked_processor] get_job called
    DATA: Array
(
    [job_id] => 181434eb-3448-44a1-bb5f-4d8702296cd5
)

[2026-01-15 14:01:09] [14 MB] [chunked_processor] Transient lookup result
    DATA: Array
(
    [option_name] => speed_backups_job_181434eb-3448-44a1-bb5f-4d8702296cd5
    [found] => YES
)

[2026-01-15 14:01:09] [14 MB] [chunked_processor] Job retrieved successfully
    DATA: Array
(
    [status] => running
    [type] => restore
)

[2026-01-15 14:01:09] [14 MB] [JOB_STATE] Job 181434eb-3448-44a1-bb5f-4d8702296cd5 state
    DATA: Array
(
    [status] => running
    [type] => restore
    [phase] => extract
    [progress] => 19.430051813472
)

[2026-01-15 14:01:09] [14 MB] [chunked_processor] get_job called
    DATA: Array
(
    [job_id] => 181434eb-3448-44a1-bb5f-4d8702296cd5
)

[2026-01-15 14:01:09] [14 MB] [chunked_processor] Transient lookup result
    DATA: Array
(
    [option_name] => speed_backups_job_181434eb-3448-44a1-bb5f-4d8702296cd5
    [found] => YES
)

[2026-01-15 14:01:09] [14 MB] [chunked_processor] Job retrieved successfully
    DATA: Array
(
    [status] => running
    [type] => restore
)

[2026-01-15 14:01:09] [14 MB] [chunked_processor] get_job called
    DATA: Array
(
    [job_id] => 181434eb-3448-44a1-bb5f-4d8702296cd5
)

[2026-01-15 14:01:09] [14 MB] [chunked_processor] Transient lookup result
    DATA: Array
(
    [option_name] => speed_backups_job_181434eb-3448-44a1-bb5f-4d8702296cd5
    [found] => YES
)

[2026-01-15 14:01:09] [14 MB] [chunked_processor] Job retrieved successfully
    DATA: Array
(
    [status] => running
    [type] => restore
)

[2026-01-15 14:01:09] [14 MB] [chunked_processor] save_job called
    DATA: Array
(
    [job_id] => 181434eb-3448-44a1-bb5f-4d8702296cd5
    [status] => running
)

[2026-01-15 14:01:09] [14 MB] [chunked_processor] Transient save result
    DATA: Array
(
    [option_name] => speed_backups_job_181434eb-3448-44a1-bb5f-4d8702296cd5
    [success] => YES
)

[2026-01-15 14:01:09] [14 MB] [chunked_processor] Option save result
    DATA: Array
(
    [option_name] => speed_backups_job_181434eb-3448-44a1-bb5f-4d8702296cd5
    [success] => YES
)

[2026-01-15 14:01:09] [14 MB] [chunked_processor] Save verification
    DATA: Array
(
    [verified] => YES
)

[2026-01-15 14:01:09] [14 MB] [chunked_processor] get_job called
    DATA: Array
(
    [job_id] => 181434eb-3448-44a1-bb5f-4d8702296cd5
)

[2026-01-15 14:01:09] [14 MB] [chunked_processor] Transient lookup result
    DATA: Array
(
    [option_name] => speed_backups_job_181434eb-3448-44a1-bb5f-4d8702296cd5
    [found] => YES
)

[2026-01-15 14:01:09] [14 MB] [chunked_processor] Job retrieved successfully
    DATA: Array
(
    [status] => running
    [type] => restore
)

[2026-01-15 14:01:09] [14 MB] [chunked_processor] save_job called
    DATA: Array
(
    [job_id] => 181434eb-3448-44a1-bb5f-4d8702296cd5
    [status] => running
)

[2026-01-15 14:01:09] [14 MB] [chunked_processor] Transient save result
    DATA: Array
(
    [option_name] => speed_backups_job_181434eb-3448-44a1-bb5f-4d8702296cd5
    [success] => YES
)

[2026-01-15 14:01:09] [14 MB] [chunked_processor] Option save result
    DATA: Array
(
    [option_name] => speed_backups_job_181434eb-3448-44a1-bb5f-4d8702296cd5
    [success] => YES
)

[2026-01-15 14:01:09] [14 MB] [chunked_processor] Save verification
    DATA: Array
(
    [verified] => YES
)

[2026-01-15 14:01:09] [14 MB] [chunked_processor] get_job called
    DATA: Array
(
    [job_id] => 181434eb-3448-44a1-bb5f-4d8702296cd5
)

[2026-01-15 14:01:09] [14 MB] [chunked_processor] Transient lookup result
    DATA: Array
(
    [option_name] => speed_backups_job_181434eb-3448-44a1-bb5f-4d8702296cd5
    [found] => YES
)

[2026-01-15 14:01:09] [14 MB] [chunked_processor] Job retrieved successfully
    DATA: Array
(
    [status] => running
    [type] => restore
)

[2026-01-15 14:01:09] [14 MB] [chunked_processor] get_job called
    DATA: Array
(
    [job_id] => 181434eb-3448-44a1-bb5f-4d8702296cd5
)

[2026-01-15 14:01:09] [14 MB] [chunked_processor] Transient lookup result
    DATA: Array
(
    [option_name] => speed_backups_job_181434eb-3448-44a1-bb5f-4d8702296cd5
    [found] => YES
)

[2026-01-15 14:01:09] [14 MB] [chunked_processor] Job retrieved successfully
    DATA: Array
(
    [status] => running
    [type] => restore
)

[2026-01-15 14:01:10] [14 MB] [FUNCTION] >>> ENTER: process_chunk
    DATA: Array
(
    [0] => job_id
)

[2026-01-15 14:01:10] [14 MB] [chunked_processor] get_job called
    DATA: Array
(
    [job_id] => 181434eb-3448-44a1-bb5f-4d8702296cd5
)

[2026-01-15 14:01:10] [14 MB] [chunked_processor] Transient lookup result
    DATA: Array
(
    [option_name] => speed_backups_job_181434eb-3448-44a1-bb5f-4d8702296cd5
    [found] => YES
)

[2026-01-15 14:01:10] [14 MB] [chunked_processor] Job retrieved successfully
    DATA: Array
(
    [status] => running
    [type] => restore
)

[2026-01-15 14:01:10] [14 MB] [JOB_STATE] Job 181434eb-3448-44a1-bb5f-4d8702296cd5 state
    DATA: Array
(
    [status] => running
    [type] => restore
    [phase] => extract
    [progress] => 20.725388601036
)

[2026-01-15 14:01:10] [14 MB] [chunked_processor] get_job called
    DATA: Array
(
    [job_id] => 181434eb-3448-44a1-bb5f-4d8702296cd5
)

[2026-01-15 14:01:10] [14 MB] [chunked_processor] Transient lookup result
    DATA: Array
(
    [option_name] => speed_backups_job_181434eb-3448-44a1-bb5f-4d8702296cd5
    [found] => YES
)

[2026-01-15 14:01:10] [14 MB] [chunked_processor] Job retrieved successfully
    DATA: Array
(
    [status] => running
    [type] => restore
)

[2026-01-15 14:01:10] [14 MB] [chunked_processor] get_job called
    DATA: Array
(
    [job_id] => 181434eb-3448-44a1-bb5f-4d8702296cd5
)

[2026-01-15 14:01:10] [14 MB] [chunked_processor] Transient lookup result
    DATA: Array
(
    [option_name] => speed_backups_job_181434eb-3448-44a1-bb5f-4d8702296cd5
    [found] => YES
)

[2026-01-15 14:01:10] [14 MB] [chunked_processor] Job retrieved successfully
    DATA: Array
(
    [status] => running
    [type] => restore
)

[2026-01-15 14:01:10] [14 MB] [chunked_processor] save_job called
    DATA: Array
(
    [job_id] => 181434eb-3448-44a1-bb5f-4d8702296cd5
    [status] => running
)

[2026-01-15 14:01:10] [14 MB] [chunked_processor] Transient save result
    DATA: Array
(
    [option_name] => speed_backups_job_181434eb-3448-44a1-bb5f-4d8702296cd5
    [success] => YES
)

[2026-01-15 14:01:10] [14 MB] [chunked_processor] Option save result
    DATA: Array
(
    [option_name] => speed_backups_job_181434eb-3448-44a1-bb5f-4d8702296cd5
    [success] => YES
)

[2026-01-15 14:01:10] [14 MB] [chunked_processor] Save verification
    DATA: Array
(
    [verified] => YES
)

[2026-01-15 14:01:10] [14 MB] [chunked_processor] get_job called
    DATA: Array
(
    [job_id] => 181434eb-3448-44a1-bb5f-4d8702296cd5
)

[2026-01-15 14:01:10] [14 MB] [chunked_processor] Transient lookup result
    DATA: Array
(
    [option_name] => speed_backups_job_181434eb-3448-44a1-bb5f-4d8702296cd5
    [found] => YES
)

[2026-01-15 14:01:10] [14 MB] [chunked_processor] Job retrieved successfully
    DATA: Array
(
    [status] => running
    [type] => restore
)

[2026-01-15 14:01:10] [14 MB] [chunked_processor] save_job called
    DATA: Array
(
    [job_id] => 181434eb-3448-44a1-bb5f-4d8702296cd5
    [status] => running
)

[2026-01-15 14:01:10] [14 MB] [chunked_processor] Transient save result
    DATA: Array
(
    [option_name] => speed_backups_job_181434eb-3448-44a1-bb5f-4d8702296cd5
    [success] => YES
)

[2026-01-15 14:01:10] [14 MB] [chunked_processor] Option save result
    DATA: Array
(
    [option_name] => speed_backups_job_181434eb-3448-44a1-bb5f-4d8702296cd5
    [success] => YES
)

[2026-01-15 14:01:10] [14 MB] [chunked_processor] Save verification
    DATA: Array
(
    [verified] => YES
)

[2026-01-15 14:01:10] [14 MB] [chunked_processor] get_job called
    DATA: Array
(
    [job_id] => 181434eb-3448-44a1-bb5f-4d8702296cd5
)

[2026-01-15 14:01:10] [14 MB] [chunked_processor] Transient lookup result
    DATA: Array
(
    [option_name] => speed_backups_job_181434eb-3448-44a1-bb5f-4d8702296cd5
    [found] => YES
)

[2026-01-15 14:01:10] [14 MB] [chunked_processor] Job retrieved successfully
    DATA: Array
(
    [status] => running
    [type] => restore
)

[2026-01-15 14:01:10] [14 MB] [chunked_processor] get_job called
    DATA: Array
(
    [job_id] => 181434eb-3448-44a1-bb5f-4d8702296cd5
)

[2026-01-15 14:01:10] [14 MB] [chunked_processor] Transient lookup result
    DATA: Array
(
    [option_name] => speed_backups_job_181434eb-3448-44a1-bb5f-4d8702296cd5
    [found] => YES
)

[2026-01-15 14:01:10] [14 MB] [chunked_processor] Job retrieved successfully
    DATA: Array
(
    [status] => running
    [type] => restore
)

[2026-01-15 14:01:10] [14 MB] [FUNCTION] >>> ENTER: process_chunk
    DATA: Array
(
    [0] => job_id
)

[2026-01-15 14:01:10] [14 MB] [chunked_processor] get_job called
    DATA: Array
(
    [job_id] => 181434eb-3448-44a1-bb5f-4d8702296cd5
)

[2026-01-15 14:01:10] [14 MB] [chunked_processor] Transient lookup result
    DATA: Array
(
    [option_name] => speed_backups_job_181434eb-3448-44a1-bb5f-4d8702296cd5
    [found] => YES
)

[2026-01-15 14:01:10] [14 MB] [chunked_processor] Job retrieved successfully
    DATA: Array
(
    [status] => running
    [type] => restore
)

[2026-01-15 14:01:10] [14 MB] [JOB_STATE] Job 181434eb-3448-44a1-bb5f-4d8702296cd5 state
    DATA: Array
(
    [status] => running
    [type] => restore
    [phase] => extract
    [progress] => 22.020725388601
)

[2026-01-15 14:01:10] [14 MB] [chunked_processor] get_job called
    DATA: Array
(
    [job_id] => 181434eb-3448-44a1-bb5f-4d8702296cd5
)

[2026-01-15 14:01:10] [14 MB] [chunked_processor] Transient lookup result
    DATA: Array
(
    [option_name] => speed_backups_job_181434eb-3448-44a1-bb5f-4d8702296cd5
    [found] => YES
)

[2026-01-15 14:01:10] [14 MB] [chunked_processor] Job retrieved successfully
    DATA: Array
(
    [status] => running
    [type] => restore
)

[2026-01-15 14:01:10] [14 MB] [chunked_processor] get_job called
    DATA: Array
(
    [job_id] => 181434eb-3448-44a1-bb5f-4d8702296cd5
)

[2026-01-15 14:01:10] [14 MB] [chunked_processor] Transient lookup result
    DATA: Array
(
    [option_name] => speed_backups_job_181434eb-3448-44a1-bb5f-4d8702296cd5
    [found] => YES
)

[2026-01-15 14:01:10] [14 MB] [chunked_processor] Job retrieved successfully
    DATA: Array
(
    [status] => running
    [type] => restore
)

[2026-01-15 14:01:10] [14 MB] [chunked_processor] save_job called
    DATA: Array
(
    [job_id] => 181434eb-3448-44a1-bb5f-4d8702296cd5
    [status] => running
)

[2026-01-15 14:01:10] [14 MB] [chunked_processor] Transient save result
    DATA: Array
(
    [option_name] => speed_backups_job_181434eb-3448-44a1-bb5f-4d8702296cd5
    [success] => YES
)

[2026-01-15 14:01:10] [14 MB] [chunked_processor] Option save result
    DATA: Array
(
    [option_name] => speed_backups_job_181434eb-3448-44a1-bb5f-4d8702296cd5
    [success] => YES
)

[2026-01-15 14:01:10] [14 MB] [chunked_processor] Save verification
    DATA: Array
(
    [verified] => YES
)

[2026-01-15 14:01:10] [14 MB] [chunked_processor] get_job called
    DATA: Array
(
    [job_id] => 181434eb-3448-44a1-bb5f-4d8702296cd5
)

[2026-01-15 14:01:10] [14 MB] [chunked_processor] Transient lookup result
    DATA: Array
(
    [option_name] => speed_backups_job_181434eb-3448-44a1-bb5f-4d8702296cd5
    [found] => YES
)

[2026-01-15 14:01:10] [14 MB] [chunked_processor] Job retrieved successfully
    DATA: Array
(
    [status] => running
    [type] => restore
)

[2026-01-15 14:01:10] [14 MB] [chunked_processor] save_job called
    DATA: Array
(
    [job_id] => 181434eb-3448-44a1-bb5f-4d8702296cd5
    [status] => running
)

[2026-01-15 14:01:10] [14 MB] [chunked_processor] Transient save result
    DATA: Array
(
    [option_name] => speed_backups_job_181434eb-3448-44a1-bb5f-4d8702296cd5
    [success] => YES
)

[2026-01-15 14:01:10] [14 MB] [chunked_processor] Option save result
    DATA: Array
(
    [option_name] => speed_backups_job_181434eb-3448-44a1-bb5f-4d8702296cd5
    [success] => YES
)

[2026-01-15 14:01:10] [14 MB] [chunked_processor] Save verification
    DATA: Array
(
    [verified] => YES
)

[2026-01-15 14:01:10] [14 MB] [chunked_processor] get_job called
    DATA: Array
(
    [job_id] => 181434eb-3448-44a1-bb5f-4d8702296cd5
)

[2026-01-15 14:01:10] [14 MB] [chunked_processor] Transient lookup result
    DATA: Array
(
    [option_name] => speed_backups_job_181434eb-3448-44a1-bb5f-4d8702296cd5
    [found] => YES
)

[2026-01-15 14:01:10] [14 MB] [chunked_processor] Job retrieved successfully
    DATA: Array
(
    [status] => running
    [type] => restore
)

[2026-01-15 14:01:10] [14 MB] [chunked_processor] get_job called
    DATA: Array
(
    [job_id] => 181434eb-3448-44a1-bb5f-4d8702296cd5
)

[2026-01-15 14:01:10] [14 MB] [chunked_processor] Transient lookup result
    DATA: Array
(
    [option_name] => speed_backups_job_181434eb-3448-44a1-bb5f-4d8702296cd5
    [found] => YES
)

[2026-01-15 14:01:10] [14 MB] [chunked_processor] Job retrieved successfully
    DATA: Array
(
    [status] => running
    [type] => restore
)

[2026-01-15 14:01:10] [14 MB] [FUNCTION] >>> ENTER: process_chunk
    DATA: Array
(
    [0] => job_id
)

[2026-01-15 14:01:10] [14 MB] [chunked_processor] get_job called
    DATA: Array
(
    [job_id] => 181434eb-3448-44a1-bb5f-4d8702296cd5
)

[2026-01-15 14:01:10] [14 MB] [chunked_processor] Transient lookup result
    DATA: Array
(
    [option_name] => speed_backups_job_181434eb-3448-44a1-bb5f-4d8702296cd5
    [found] => YES
)

[2026-01-15 14:01:10] [14 MB] [chunked_processor] Job retrieved successfully
    DATA: Array
(
    [status] => running
    [type] => restore
)

[2026-01-15 14:01:10] [14 MB] [JOB_STATE] Job 181434eb-3448-44a1-bb5f-4d8702296cd5 state
    DATA: Array
(
    [status] => running
    [type] => restore
    [phase] => extract
    [progress] => 23.316062176166
)

[2026-01-15 14:01:10] [14 MB] [chunked_processor] get_job called
    DATA: Array
(
    [job_id] => 181434eb-3448-44a1-bb5f-4d8702296cd5
)

[2026-01-15 14:01:10] [14 MB] [chunked_processor] Transient lookup result
    DATA: Array
(
    [option_name] => speed_backups_job_181434eb-3448-44a1-bb5f-4d8702296cd5
    [found] => YES
)

[2026-01-15 14:01:10] [14 MB] [chunked_processor] Job retrieved successfully
    DATA: Array
(
    [status] => running
    [type] => restore
)

[2026-01-15 14:01:10] [14 MB] [chunked_processor] get_job called
    DATA: Array
(
    [job_id] => 181434eb-3448-44a1-bb5f-4d8702296cd5
)

[2026-01-15 14:01:10] [14 MB] [chunked_processor] Transient lookup result
    DATA: Array
(
    [option_name] => speed_backups_job_181434eb-3448-44a1-bb5f-4d8702296cd5
    [found] => YES
)

[2026-01-15 14:01:10] [14 MB] [chunked_processor] Job retrieved successfully
    DATA: Array
(
    [status] => running
    [type] => restore
)

[2026-01-15 14:01:10] [14 MB] [chunked_processor] save_job called
    DATA: Array
(
    [job_id] => 181434eb-3448-44a1-bb5f-4d8702296cd5
    [status] => running
)

[2026-01-15 14:01:10] [14 MB] [chunked_processor] Transient save result
    DATA: Array
(
    [option_name] => speed_backups_job_181434eb-3448-44a1-bb5f-4d8702296cd5
    [success] => YES
)

[2026-01-15 14:01:10] [14 MB] [chunked_processor] Option save result
    DATA: Array
(
    [option_name] => speed_backups_job_181434eb-3448-44a1-bb5f-4d8702296cd5
    [success] => YES
)

[2026-01-15 14:01:10] [14 MB] [chunked_processor] Save verification
    DATA: Array
(
    [verified] => YES
)

[2026-01-15 14:01:10] [14 MB] [chunked_processor] get_job called
    DATA: Array
(
    [job_id] => 181434eb-3448-44a1-bb5f-4d8702296cd5
)

[2026-01-15 14:01:10] [14 MB] [chunked_processor] Transient lookup result
    DATA: Array
(
    [option_name] => speed_backups_job_181434eb-3448-44a1-bb5f-4d8702296cd5
    [found] => YES
)

[2026-01-15 14:01:10] [14 MB] [chunked_processor] Job retrieved successfully
    DATA: Array
(
    [status] => running
    [type] => restore
)

[2026-01-15 14:01:10] [14 MB] [chunked_processor] save_job called
    DATA: Array
(
    [job_id] => 181434eb-3448-44a1-bb5f-4d8702296cd5
    [status] => running
)

[2026-01-15 14:01:10] [14 MB] [chunked_processor] Transient save result
    DATA: Array
(
    [option_name] => speed_backups_job_181434eb-3448-44a1-bb5f-4d8702296cd5
    [success] => YES
)

[2026-01-15 14:01:10] [14 MB] [chunked_processor] Option save result
    DATA: Array
(
    [option_name] => speed_backups_job_181434eb-3448-44a1-bb5f-4d8702296cd5
    [success] => YES
)

[2026-01-15 14:01:10] [14 MB] [chunked_processor] Save verification
    DATA: Array
(
    [verified] => YES
)

[2026-01-15 14:01:10] [14 MB] [chunked_processor] get_job called
    DATA: Array
(
    [job_id] => 181434eb-3448-44a1-bb5f-4d8702296cd5
)

[2026-01-15 14:01:10] [14 MB] [chunked_processor] Transient lookup result
    DATA: Array
(
    [option_name] => speed_backups_job_181434eb-3448-44a1-bb5f-4d8702296cd5
    [found] => YES
)

[2026-01-15 14:01:10] [14 MB] [chunked_processor] Job retrieved successfully
    DATA: Array
(
    [status] => running
    [type] => restore
)

[2026-01-15 14:01:10] [14 MB] [chunked_processor] get_job called
    DATA: Array
(
    [job_id] => 181434eb-3448-44a1-bb5f-4d8702296cd5
)

[2026-01-15 14:01:10] [14 MB] [chunked_processor] Transient lookup result
    DATA: Array
(
    [option_name] => speed_backups_job_181434eb-3448-44a1-bb5f-4d8702296cd5
    [found] => YES
)

[2026-01-15 14:01:10] [14 MB] [chunked_processor] Job retrieved successfully
    DATA: Array
(
    [status] => running
    [type] => restore
)

[2026-01-15 14:01:11] [14 MB] [FUNCTION] >>> ENTER: process_chunk
    DATA: Array
(
    [0] => job_id
)

[2026-01-15 14:01:11] [14 MB] [chunked_processor] get_job called
    DATA: Array
(
    [job_id] => 181434eb-3448-44a1-bb5f-4d8702296cd5
)

[2026-01-15 14:01:11] [14 MB] [chunked_processor] Transient lookup result
    DATA: Array
(
    [option_name] => speed_backups_job_181434eb-3448-44a1-bb5f-4d8702296cd5
    [found] => YES
)

[2026-01-15 14:01:11] [14 MB] [chunked_processor] Job retrieved successfully
    DATA: Array
(
    [status] => running
    [type] => restore
)

[2026-01-15 14:01:11] [14 MB] [JOB_STATE] Job 181434eb-3448-44a1-bb5f-4d8702296cd5 state
    DATA: Array
(
    [status] => running
    [type] => restore
    [phase] => extract
    [progress] => 24.611398963731
)

[2026-01-15 14:01:11] [14 MB] [chunked_processor] get_job called
    DATA: Array
(
    [job_id] => 181434eb-3448-44a1-bb5f-4d8702296cd5
)

[2026-01-15 14:01:11] [14 MB] [chunked_processor] Transient lookup result
    DATA: Array
(
    [option_name] => speed_backups_job_181434eb-3448-44a1-bb5f-4d8702296cd5
    [found] => YES
)

[2026-01-15 14:01:11] [14 MB] [chunked_processor] Job retrieved successfully
    DATA: Array
(
    [status] => running
    [type] => restore
)

[2026-01-15 14:01:11] [14 MB] [chunked_processor] get_job called
    DATA: Array
(
    [job_id] => 181434eb-3448-44a1-bb5f-4d8702296cd5
)

[2026-01-15 14:01:11] [14 MB] [chunked_processor] Transient lookup result
    DATA: Array
(
    [option_name] => speed_backups_job_181434eb-3448-44a1-bb5f-4d8702296cd5
    [found] => YES
)

[2026-01-15 14:01:11] [14 MB] [chunked_processor] Job retrieved successfully
    DATA: Array
(
    [status] => running
    [type] => restore
)

[2026-01-15 14:01:11] [14 MB] [chunked_processor] save_job called
    DATA: Array
(
    [job_id] => 181434eb-3448-44a1-bb5f-4d8702296cd5
    [status] => running
)

[2026-01-15 14:01:11] [14 MB] [chunked_processor] Transient save result
    DATA: Array
(
    [option_name] => speed_backups_job_181434eb-3448-44a1-bb5f-4d8702296cd5
    [success] => YES
)

[2026-01-15 14:01:11] [14 MB] [chunked_processor] Option save result
    DATA: Array
(
    [option_name] => speed_backups_job_181434eb-3448-44a1-bb5f-4d8702296cd5
    [success] => YES
)

[2026-01-15 14:01:11] [14 MB] [chunked_processor] Save verification
    DATA: Array
(
    [verified] => YES
)

[2026-01-15 14:01:11] [14 MB] [chunked_processor] get_job called
    DATA: Array
(
    [job_id] => 181434eb-3448-44a1-bb5f-4d8702296cd5
)

[2026-01-15 14:01:11] [14 MB] [chunked_processor] Transient lookup result
    DATA: Array
(
    [option_name] => speed_backups_job_181434eb-3448-44a1-bb5f-4d8702296cd5
    [found] => YES
)

[2026-01-15 14:01:11] [14 MB] [chunked_processor] Job retrieved successfully
    DATA: Array
(
    [status] => running
    [type] => restore
)

[2026-01-15 14:01:11] [14 MB] [chunked_processor] save_job called
    DATA: Array
(
    [job_id] => 181434eb-3448-44a1-bb5f-4d8702296cd5
    [status] => running
)

[2026-01-15 14:01:11] [14 MB] [chunked_processor] Transient save result
    DATA: Array
(
    [option_name] => speed_backups_job_181434eb-3448-44a1-bb5f-4d8702296cd5
    [success] => YES
)

[2026-01-15 14:01:11] [14 MB] [chunked_processor] Option save result
    DATA: Array
(
    [option_name] => speed_backups_job_181434eb-3448-44a1-bb5f-4d8702296cd5
    [success] => YES
)

[2026-01-15 14:01:11] [14 MB] [chunked_processor] Save verification
    DATA: Array
(
    [verified] => YES
)

[2026-01-15 14:01:11] [14 MB] [chunked_processor] get_job called
    DATA: Array
(
    [job_id] => 181434eb-3448-44a1-bb5f-4d8702296cd5
)

[2026-01-15 14:01:11] [14 MB] [chunked_processor] Transient lookup result
    DATA: Array
(
    [option_name] => speed_backups_job_181434eb-3448-44a1-bb5f-4d8702296cd5
    [found] => YES
)

[2026-01-15 14:01:11] [14 MB] [chunked_processor] Job retrieved successfully
    DATA: Array
(
    [status] => running
    [type] => restore
)

[2026-01-15 14:01:11] [14 MB] [chunked_processor] get_job called
    DATA: Array
(
    [job_id] => 181434eb-3448-44a1-bb5f-4d8702296cd5
)

[2026-01-15 14:01:11] [14 MB] [chunked_processor] Transient lookup result
    DATA: Array
(
    [option_name] => speed_backups_job_181434eb-3448-44a1-bb5f-4d8702296cd5
    [found] => YES
)

[2026-01-15 14:01:11] [14 MB] [chunked_processor] Job retrieved successfully
    DATA: Array
(
    [status] => running
    [type] => restore
)

[2026-01-15 14:01:11] [14 MB] [FUNCTION] >>> ENTER: process_chunk
    DATA: Array
(
    [0] => job_id
)

[2026-01-15 14:01:11] [14 MB] [chunked_processor] get_job called
    DATA: Array
(
    [job_id] => 181434eb-3448-44a1-bb5f-4d8702296cd5
)

[2026-01-15 14:01:11] [14 MB] [chunked_processor] Transient lookup result
    DATA: Array
(
    [option_name] => speed_backups_job_181434eb-3448-44a1-bb5f-4d8702296cd5
    [found] => YES
)

[2026-01-15 14:01:11] [14 MB] [chunked_processor] Job retrieved successfully
    DATA: Array
(
    [status] => running
    [type] => restore
)

[2026-01-15 14:01:11] [14 MB] [JOB_STATE] Job 181434eb-3448-44a1-bb5f-4d8702296cd5 state
    DATA: Array
(
    [status] => running
    [type] => restore
    [phase] => extract
    [progress] => 25.906735751295
)

[2026-01-15 14:01:11] [14 MB] [chunked_processor] get_job called
    DATA: Array
(
    [job_id] => 181434eb-3448-44a1-bb5f-4d8702296cd5
)

[2026-01-15 14:01:11] [14 MB] [chunked_processor] Transient lookup result
    DATA: Array
(
    [option_name] => speed_backups_job_181434eb-3448-44a1-bb5f-4d8702296cd5
    [found] => YES
)

[2026-01-15 14:01:11] [14 MB] [chunked_processor] Job retrieved successfully
    DATA: Array
(
    [status] => running
    [type] => restore
)

[2026-01-15 14:01:11] [14 MB] [chunked_processor] get_job called
    DATA: Array
(
    [job_id] => 181434eb-3448-44a1-bb5f-4d8702296cd5
)

[2026-01-15 14:01:11] [14 MB] [chunked_processor] Transient lookup result
    DATA: Array
(
    [option_name] => speed_backups_job_181434eb-3448-44a1-bb5f-4d8702296cd5
    [found] => YES
)

[2026-01-15 14:01:11] [14 MB] [chunked_processor] Job retrieved successfully
    DATA: Array
(
    [status] => running
    [type] => restore
)

[2026-01-15 14:01:11] [14 MB] [chunked_processor] save_job called
    DATA: Array
(
    [job_id] => 181434eb-3448-44a1-bb5f-4d8702296cd5
    [status] => running
)

[2026-01-15 14:01:11] [14 MB] [chunked_processor] Transient save result
    DATA: Array
(
    [option_name] => speed_backups_job_181434eb-3448-44a1-bb5f-4d8702296cd5
    [success] => YES
)

[2026-01-15 14:01:11] [14 MB] [chunked_processor] Option save result
    DATA: Array
(
    [option_name] => speed_backups_job_181434eb-3448-44a1-bb5f-4d8702296cd5
    [success] => YES
)

[2026-01-15 14:01:11] [14 MB] [chunked_processor] Save verification
    DATA: Array
(
    [verified] => YES
)

[2026-01-15 14:01:11] [14 MB] [chunked_processor] get_job called
    DATA: Array
(
    [job_id] => 181434eb-3448-44a1-bb5f-4d8702296cd5
)

[2026-01-15 14:01:11] [14 MB] [chunked_processor] Transient lookup result
    DATA: Array
(
    [option_name] => speed_backups_job_181434eb-3448-44a1-bb5f-4d8702296cd5
    [found] => YES
)

[2026-01-15 14:01:11] [14 MB] [chunked_processor] Job retrieved successfully
    DATA: Array
(
    [status] => running
    [type] => restore
)

[2026-01-15 14:01:11] [14 MB] [chunked_processor] save_job called
    DATA: Array
(
    [job_id] => 181434eb-3448-44a1-bb5f-4d8702296cd5
    [status] => running
)

[2026-01-15 14:01:11] [14 MB] [chunked_processor] Transient save result
    DATA: Array
(
    [option_name] => speed_backups_job_181434eb-3448-44a1-bb5f-4d8702296cd5
    [success] => YES
)

[2026-01-15 14:01:11] [14 MB] [chunked_processor] Option save result
    DATA: Array
(
    [option_name] => speed_backups_job_181434eb-3448-44a1-bb5f-4d8702296cd5
    [success] => YES
)

[2026-01-15 14:01:11] [14 MB] [chunked_processor] Save verification
    DATA: Array
(
    [verified] => YES
)

[2026-01-15 14:01:11] [14 MB] [chunked_processor] get_job called
    DATA: Array
(
    [job_id] => 181434eb-3448-44a1-bb5f-4d8702296cd5
)

[2026-01-15 14:01:11] [14 MB] [chunked_processor] Transient lookup result
    DATA: Array
(
    [option_name] => speed_backups_job_181434eb-3448-44a1-bb5f-4d8702296cd5
    [found] => YES
)

[2026-01-15 14:01:11] [14 MB] [chunked_processor] Job retrieved successfully
    DATA: Array
(
    [status] => running
    [type] => restore
)

[2026-01-15 14:01:11] [14 MB] [chunked_processor] get_job called
    DATA: Array
(
    [job_id] => 181434eb-3448-44a1-bb5f-4d8702296cd5
)

[2026-01-15 14:01:11] [14 MB] [chunked_processor] Transient lookup result
    DATA: Array
(
    [option_name] => speed_backups_job_181434eb-3448-44a1-bb5f-4d8702296cd5
    [found] => YES
)

[2026-01-15 14:01:11] [14 MB] [chunked_processor] Job retrieved successfully
    DATA: Array
(
    [status] => running
    [type] => restore
)

[2026-01-15 14:01:11] [14 MB] [FUNCTION] >>> ENTER: process_chunk
    DATA: Array
(
    [0] => job_id
)

[2026-01-15 14:01:11] [14 MB] [chunked_processor] get_job called
    DATA: Array
(
    [job_id] => 181434eb-3448-44a1-bb5f-4d8702296cd5
)

[2026-01-15 14:01:11] [14 MB] [chunked_processor] Transient lookup result
    DATA: Array
(
    [option_name] => speed_backups_job_181434eb-3448-44a1-bb5f-4d8702296cd5
    [found] => YES
)

[2026-01-15 14:01:11] [14 MB] [chunked_processor] Job retrieved successfully
    DATA: Array
(
    [status] => running
    [type] => restore
)

[2026-01-15 14:01:11] [14 MB] [JOB_STATE] Job 181434eb-3448-44a1-bb5f-4d8702296cd5 state
    DATA: Array
(
    [status] => running
    [type] => restore
    [phase] => extract
    [progress] => 27.20207253886
)

[2026-01-15 14:01:11] [14 MB] [chunked_processor] get_job called
    DATA: Array
(
    [job_id] => 181434eb-3448-44a1-bb5f-4d8702296cd5
)

[2026-01-15 14:01:11] [14 MB] [chunked_processor] Transient lookup result
    DATA: Array
(
    [option_name] => speed_backups_job_181434eb-3448-44a1-bb5f-4d8702296cd5
    [found] => YES
)

[2026-01-15 14:01:11] [14 MB] [chunked_processor] Job retrieved successfully
    DATA: Array
(
    [status] => running
    [type] => restore
)

[2026-01-15 14:01:11] [14 MB] [chunked_processor] get_job called
    DATA: Array
(
    [job_id] => 181434eb-3448-44a1-bb5f-4d8702296cd5
)

[2026-01-15 14:01:11] [14 MB] [chunked_processor] Transient lookup result
    DATA: Array
(
    [option_name] => speed_backups_job_181434eb-3448-44a1-bb5f-4d8702296cd5
    [found] => YES
)

[2026-01-15 14:01:11] [14 MB] [chunked_processor] Job retrieved successfully
    DATA: Array
(
    [status] => running
    [type] => restore
)

[2026-01-15 14:01:11] [14 MB] [chunked_processor] save_job called
    DATA: Array
(
    [job_id] => 181434eb-3448-44a1-bb5f-4d8702296cd5
    [status] => running
)

[2026-01-15 14:01:11] [14 MB] [chunked_processor] Transient save result
    DATA: Array
(
    [option_name] => speed_backups_job_181434eb-3448-44a1-bb5f-4d8702296cd5
    [success] => YES
)

[2026-01-15 14:01:11] [14 MB] [chunked_processor] Option save result
    DATA: Array
(
    [option_name] => speed_backups_job_181434eb-3448-44a1-bb5f-4d8702296cd5
    [success] => YES
)

[2026-01-15 14:01:11] [14 MB] [chunked_processor] Save verification
    DATA: Array
(
    [verified] => YES
)

[2026-01-15 14:01:11] [14 MB] [chunked_processor] get_job called
    DATA: Array
(
    [job_id] => 181434eb-3448-44a1-bb5f-4d8702296cd5
)

[2026-01-15 14:01:11] [14 MB] [chunked_processor] Transient lookup result
    DATA: Array
(
    [option_name] => speed_backups_job_181434eb-3448-44a1-bb5f-4d8702296cd5
    [found] => YES
)

[2026-01-15 14:01:11] [14 MB] [chunked_processor] Job retrieved successfully
    DATA: Array
(
    [status] => running
    [type] => restore
)

[2026-01-15 14:01:11] [14 MB] [chunked_processor] save_job called
    DATA: Array
(
    [job_id] => 181434eb-3448-44a1-bb5f-4d8702296cd5
    [status] => running
)

[2026-01-15 14:01:11] [14 MB] [chunked_processor] Transient save result
    DATA: Array
(
    [option_name] => speed_backups_job_181434eb-3448-44a1-bb5f-4d8702296cd5
    [success] => YES
)

[2026-01-15 14:01:11] [14 MB] [chunked_processor] Option save result
    DATA: Array
(
    [option_name] => speed_backups_job_181434eb-3448-44a1-bb5f-4d8702296cd5
    [success] => YES
)

[2026-01-15 14:01:11] [14 MB] [chunked_processor] Save verification
    DATA: Array
(
    [verified] => YES
)

[2026-01-15 14:01:11] [14 MB] [chunked_processor] get_job called
    DATA: Array
(
    [job_id] => 181434eb-3448-44a1-bb5f-4d8702296cd5
)

[2026-01-15 14:01:11] [14 MB] [chunked_processor] Transient lookup result
    DATA: Array
(
    [option_name] => speed_backups_job_181434eb-3448-44a1-bb5f-4d8702296cd5
    [found] => YES
)

[2026-01-15 14:01:11] [14 MB] [chunked_processor] Job retrieved successfully
    DATA: Array
(
    [status] => running
    [type] => restore
)

[2026-01-15 14:01:11] [14 MB] [chunked_processor] get_job called
    DATA: Array
(
    [job_id] => 181434eb-3448-44a1-bb5f-4d8702296cd5
)

[2026-01-15 14:01:11] [14 MB] [chunked_processor] Transient lookup result
    DATA: Array
(
    [option_name] => speed_backups_job_181434eb-3448-44a1-bb5f-4d8702296cd5
    [found] => YES
)

[2026-01-15 14:01:11] [14 MB] [chunked_processor] Job retrieved successfully
    DATA: Array
(
    [status] => running
    [type] => restore
)

[2026-01-15 14:01:12] [14 MB] [FUNCTION] >>> ENTER: process_chunk
    DATA: Array
(
    [0] => job_id
)

[2026-01-15 14:01:12] [14 MB] [chunked_processor] get_job called
    DATA: Array
(
    [job_id] => 181434eb-3448-44a1-bb5f-4d8702296cd5
)

[2026-01-15 14:01:12] [14 MB] [chunked_processor] Transient lookup result
    DATA: Array
(
    [option_name] => speed_backups_job_181434eb-3448-44a1-bb5f-4d8702296cd5
    [found] => YES
)

[2026-01-15 14:01:12] [14 MB] [chunked_processor] Job retrieved successfully
    DATA: Array
(
    [status] => running
    [type] => restore
)

[2026-01-15 14:01:12] [14 MB] [JOB_STATE] Job 181434eb-3448-44a1-bb5f-4d8702296cd5 state
    DATA: Array
(
    [status] => running
    [type] => restore
    [phase] => extract
    [progress] => 28.497409326425
)

[2026-01-15 14:01:12] [14 MB] [chunked_processor] get_job called
    DATA: Array
(
    [job_id] => 181434eb-3448-44a1-bb5f-4d8702296cd5
)

[2026-01-15 14:01:12] [14 MB] [chunked_processor] Transient lookup result
    DATA: Array
(
    [option_name] => speed_backups_job_181434eb-3448-44a1-bb5f-4d8702296cd5
    [found] => YES
)

[2026-01-15 14:01:12] [14 MB] [chunked_processor] Job retrieved successfully
    DATA: Array
(
    [status] => running
    [type] => restore
)

[2026-01-15 14:01:12] [14 MB] [chunked_processor] get_job called
    DATA: Array
(
    [job_id] => 181434eb-3448-44a1-bb5f-4d8702296cd5
)

[2026-01-15 14:01:12] [14 MB] [chunked_processor] Transient lookup result
    DATA: Array
(
    [option_name] => speed_backups_job_181434eb-3448-44a1-bb5f-4d8702296cd5
    [found] => YES
)

[2026-01-15 14:01:12] [14 MB] [chunked_processor] Job retrieved successfully
    DATA: Array
(
    [status] => running
    [type] => restore
)

[2026-01-15 14:01:12] [14 MB] [chunked_processor] save_job called
    DATA: Array
(
    [job_id] => 181434eb-3448-44a1-bb5f-4d8702296cd5
    [status] => running
)

[2026-01-15 14:01:12] [14 MB] [chunked_processor] Transient save result
    DATA: Array
(
    [option_name] => speed_backups_job_181434eb-3448-44a1-bb5f-4d8702296cd5
    [success] => YES
)

[2026-01-15 14:01:12] [14 MB] [chunked_processor] Option save result
    DATA: Array
(
    [option_name] => speed_backups_job_181434eb-3448-44a1-bb5f-4d8702296cd5
    [success] => YES
)

[2026-01-15 14:01:12] [14 MB] [chunked_processor] Save verification
    DATA: Array
(
    [verified] => YES
)

[2026-01-15 14:01:12] [14 MB] [chunked_processor] get_job called
    DATA: Array
(
    [job_id] => 181434eb-3448-44a1-bb5f-4d8702296cd5
)

[2026-01-15 14:01:12] [14 MB] [chunked_processor] Transient lookup result
    DATA: Array
(
    [option_name] => speed_backups_job_181434eb-3448-44a1-bb5f-4d8702296cd5
    [found] => YES
)

[2026-01-15 14:01:12] [14 MB] [chunked_processor] Job retrieved successfully
    DATA: Array
(
    [status] => running
    [type] => restore
)

[2026-01-15 14:01:12] [14 MB] [chunked_processor] save_job called
    DATA: Array
(
    [job_id] => 181434eb-3448-44a1-bb5f-4d8702296cd5
    [status] => running
)

[2026-01-15 14:01:12] [14 MB] [chunked_processor] Transient save result
    DATA: Array
(
    [option_name] => speed_backups_job_181434eb-3448-44a1-bb5f-4d8702296cd5
    [success] => YES
)

[2026-01-15 14:01:12] [14 MB] [chunked_processor] Option save result
    DATA: Array
(
    [option_name] => speed_backups_job_181434eb-3448-44a1-bb5f-4d8702296cd5
    [success] => YES
)

[2026-01-15 14:01:12] [14 MB] [chunked_processor] Save verification
    DATA: Array
(
    [verified] => YES
)

[2026-01-15 14:01:12] [14 MB] [chunked_processor] get_job called
    DATA: Array
(
    [job_id] => 181434eb-3448-44a1-bb5f-4d8702296cd5
)

[2026-01-15 14:01:12] [14 MB] [chunked_processor] Transient lookup result
    DATA: Array
(
    [option_name] => speed_backups_job_181434eb-3448-44a1-bb5f-4d8702296cd5
    [found] => YES
)

[2026-01-15 14:01:12] [14 MB] [chunked_processor] Job retrieved successfully
    DATA: Array
(
    [status] => running
    [type] => restore
)

[2026-01-15 14:01:12] [14 MB] [chunked_processor] get_job called
    DATA: Array
(
    [job_id] => 181434eb-3448-44a1-bb5f-4d8702296cd5
)

[2026-01-15 14:01:12] [14 MB] [chunked_processor] Transient lookup result
    DATA: Array
(
    [option_name] => speed_backups_job_181434eb-3448-44a1-bb5f-4d8702296cd5
    [found] => YES
)

[2026-01-15 14:01:12] [14 MB] [chunked_processor] Job retrieved successfully
    DATA: Array
(
    [status] => running
    [type] => restore
)

[2026-01-15 14:01:12] [14 MB] [FUNCTION] >>> ENTER: process_chunk
    DATA: Array
(
    [0] => job_id
)

[2026-01-15 14:01:12] [14 MB] [chunked_processor] get_job called
    DATA: Array
(
    [job_id] => 181434eb-3448-44a1-bb5f-4d8702296cd5
)

[2026-01-15 14:01:12] [14 MB] [chunked_processor] Transient lookup result
    DATA: Array
(
    [option_name] => speed_backups_job_181434eb-3448-44a1-bb5f-4d8702296cd5
    [found] => YES
)

[2026-01-15 14:01:12] [14 MB] [chunked_processor] Job retrieved successfully
    DATA: Array
(
    [status] => running
    [type] => restore
)

[2026-01-15 14:01:12] [14 MB] [JOB_STATE] Job 181434eb-3448-44a1-bb5f-4d8702296cd5 state
    DATA: Array
(
    [status] => running
    [type] => restore
    [phase] => extract
    [progress] => 29.79274611399
)

[2026-01-15 14:01:12] [14 MB] [chunked_processor] get_job called
    DATA: Array
(
    [job_id] => 181434eb-3448-44a1-bb5f-4d8702296cd5
)

[2026-01-15 14:01:12] [14 MB] [chunked_processor] Transient lookup result
    DATA: Array
(
    [option_name] => speed_backups_job_181434eb-3448-44a1-bb5f-4d8702296cd5
    [found] => YES
)

[2026-01-15 14:01:12] [14 MB] [chunked_processor] Job retrieved successfully
    DATA: Array
(
    [status] => running
    [type] => restore
)

[2026-01-15 14:01:12] [14 MB] [chunked_processor] get_job called
    DATA: Array
(
    [job_id] => 181434eb-3448-44a1-bb5f-4d8702296cd5
)

[2026-01-15 14:01:12] [14 MB] [chunked_processor] Transient lookup result
    DATA: Array
(
    [option_name] => speed_backups_job_181434eb-3448-44a1-bb5f-4d8702296cd5
    [found] => YES
)

[2026-01-15 14:01:12] [14 MB] [chunked_processor] Job retrieved successfully
    DATA: Array
(
    [status] => running
    [type] => restore
)

[2026-01-15 14:01:12] [14 MB] [chunked_processor] save_job called
    DATA: Array
(
    [job_id] => 181434eb-3448-44a1-bb5f-4d8702296cd5
    [status] => running
)

[2026-01-15 14:01:12] [14 MB] [chunked_processor] Transient save result
    DATA: Array
(
    [option_name] => speed_backups_job_181434eb-3448-44a1-bb5f-4d8702296cd5
    [success] => YES
)

[2026-01-15 14:01:12] [14 MB] [chunked_processor] Option save result
    DATA: Array
(
    [option_name] => speed_backups_job_181434eb-3448-44a1-bb5f-4d8702296cd5
    [success] => YES
)

[2026-01-15 14:01:12] [14 MB] [chunked_processor] Save verification
    DATA: Array
(
    [verified] => YES
)

[2026-01-15 14:01:12] [14 MB] [chunked_processor] get_job called
    DATA: Array
(
    [job_id] => 181434eb-3448-44a1-bb5f-4d8702296cd5
)

[2026-01-15 14:01:12] [14 MB] [chunked_processor] Transient lookup result
    DATA: Array
(
    [option_name] => speed_backups_job_181434eb-3448-44a1-bb5f-4d8702296cd5
    [found] => YES
)

[2026-01-15 14:01:12] [14 MB] [chunked_processor] Job retrieved successfully
    DATA: Array
(
    [status] => running
    [type] => restore
)

[2026-01-15 14:01:12] [14 MB] [chunked_processor] save_job called
    DATA: Array
(
    [job_id] => 181434eb-3448-44a1-bb5f-4d8702296cd5
    [status] => running
)

[2026-01-15 14:01:12] [14 MB] [chunked_processor] Transient save result
    DATA: Array
(
    [option_name] => speed_backups_job_181434eb-3448-44a1-bb5f-4d8702296cd5
    [success] => YES
)

[2026-01-15 14:01:12] [14 MB] [chunked_processor] Option save result
    DATA: Array
(
    [option_name] => speed_backups_job_181434eb-3448-44a1-bb5f-4d8702296cd5
    [success] => YES
)

[2026-01-15 14:01:12] [14 MB] [chunked_processor] Save verification
    DATA: Array
(
    [verified] => YES
)

[2026-01-15 14:01:12] [14 MB] [chunked_processor] get_job called
    DATA: Array
(
    [job_id] => 181434eb-3448-44a1-bb5f-4d8702296cd5
)

[2026-01-15 14:01:12] [14 MB] [chunked_processor] Transient lookup result
    DATA: Array
(
    [option_name] => speed_backups_job_181434eb-3448-44a1-bb5f-4d8702296cd5
    [found] => YES
)

[2026-01-15 14:01:12] [14 MB] [chunked_processor] Job retrieved successfully
    DATA: Array
(
    [status] => running
    [type] => restore
)

[2026-01-15 14:01:12] [14 MB] [chunked_processor] get_job called
    DATA: Array
(
    [job_id] => 181434eb-3448-44a1-bb5f-4d8702296cd5
)

[2026-01-15 14:01:12] [14 MB] [chunked_processor] Transient lookup result
    DATA: Array
(
    [option_name] => speed_backups_job_181434eb-3448-44a1-bb5f-4d8702296cd5
    [found] => YES
)

[2026-01-15 14:01:12] [14 MB] [chunked_processor] Job retrieved successfully
    DATA: Array
(
    [status] => running
    [type] => restore
)

[2026-01-15 14:01:13] [14 MB] [FUNCTION] >>> ENTER: process_chunk
    DATA: Array
(
    [0] => job_id
)

[2026-01-15 14:01:13] [14 MB] [chunked_processor] get_job called
    DATA: Array
(
    [job_id] => 181434eb-3448-44a1-bb5f-4d8702296cd5
)

[2026-01-15 14:01:13] [14 MB] [chunked_processor] Transient lookup result
    DATA: Array
(
    [option_name] => speed_backups_job_181434eb-3448-44a1-bb5f-4d8702296cd5
    [found] => YES
)

[2026-01-15 14:01:13] [14 MB] [chunked_processor] Job retrieved successfully
    DATA: Array
(
    [status] => running
    [type] => restore
)

[2026-01-15 14:01:13] [14 MB] [JOB_STATE] Job 181434eb-3448-44a1-bb5f-4d8702296cd5 state
    DATA: Array
(
    [status] => running
    [type] => restore
    [phase] => extract
    [progress] => 31.088082901554
)

[2026-01-15 14:01:13] [14 MB] [chunked_processor] get_job called
    DATA: Array
(
    [job_id] => 181434eb-3448-44a1-bb5f-4d8702296cd5
)

[2026-01-15 14:01:13] [14 MB] [chunked_processor] Transient lookup result
    DATA: Array
(
    [option_name] => speed_backups_job_181434eb-3448-44a1-bb5f-4d8702296cd5
    [found] => YES
)

[2026-01-15 14:01:13] [14 MB] [chunked_processor] Job retrieved successfully
    DATA: Array
(
    [status] => running
    [type] => restore
)

[2026-01-15 14:01:13] [14 MB] [chunked_processor] get_job called
    DATA: Array
(
    [job_id] => 181434eb-3448-44a1-bb5f-4d8702296cd5
)

[2026-01-15 14:01:13] [14 MB] [chunked_processor] Transient lookup result
    DATA: Array
(
    [option_name] => speed_backups_job_181434eb-3448-44a1-bb5f-4d8702296cd5
    [found] => YES
)

[2026-01-15 14:01:13] [14 MB] [chunked_processor] Job retrieved successfully
    DATA: Array
(
    [status] => running
    [type] => restore
)

[2026-01-15 14:01:13] [14 MB] [chunked_processor] save_job called
    DATA: Array
(
    [job_id] => 181434eb-3448-44a1-bb5f-4d8702296cd5
    [status] => running
)

[2026-01-15 14:01:13] [14 MB] [chunked_processor] Transient save result
    DATA: Array
(
    [option_name] => speed_backups_job_181434eb-3448-44a1-bb5f-4d8702296cd5
    [success] => YES
)

[2026-01-15 14:01:13] [14 MB] [chunked_processor] Option save result
    DATA: Array
(
    [option_name] => speed_backups_job_181434eb-3448-44a1-bb5f-4d8702296cd5
    [success] => YES
)

[2026-01-15 14:01:13] [14 MB] [chunked_processor] Save verification
    DATA: Array
(
    [verified] => YES
)

[2026-01-15 14:01:13] [14 MB] [chunked_processor] get_job called
    DATA: Array
(
    [job_id] => 181434eb-3448-44a1-bb5f-4d8702296cd5
)

[2026-01-15 14:01:13] [14 MB] [chunked_processor] Transient lookup result
    DATA: Array
(
    [option_name] => speed_backups_job_181434eb-3448-44a1-bb5f-4d8702296cd5
    [found] => YES
)

[2026-01-15 14:01:13] [14 MB] [chunked_processor] Job retrieved successfully
    DATA: Array
(
    [status] => running
    [type] => restore
)

[2026-01-15 14:01:13] [14 MB] [chunked_processor] save_job called
    DATA: Array
(
    [job_id] => 181434eb-3448-44a1-bb5f-4d8702296cd5
    [status] => running
)

[2026-01-15 14:01:13] [14 MB] [chunked_processor] Transient save result
    DATA: Array
(
    [option_name] => speed_backups_job_181434eb-3448-44a1-bb5f-4d8702296cd5
    [success] => YES
)

[2026-01-15 14:01:13] [14 MB] [chunked_processor] Option save result
    DATA: Array
(
    [option_name] => speed_backups_job_181434eb-3448-44a1-bb5f-4d8702296cd5
    [success] => YES
)

[2026-01-15 14:01:13] [14 MB] [chunked_processor] Save verification
    DATA: Array
(
    [verified] => YES
)

[2026-01-15 14:01:13] [14 MB] [chunked_processor] get_job called
    DATA: Array
(
    [job_id] => 181434eb-3448-44a1-bb5f-4d8702296cd5
)

[2026-01-15 14:01:13] [14 MB] [chunked_processor] Transient lookup result
    DATA: Array
(
    [option_name] => speed_backups_job_181434eb-3448-44a1-bb5f-4d8702296cd5
    [found] => YES
)

[2026-01-15 14:01:13] [14 MB] [chunked_processor] Job retrieved successfully
    DATA: Array
(
    [status] => running
    [type] => restore
)

[2026-01-15 14:01:13] [14 MB] [chunked_processor] get_job called
    DATA: Array
(
    [job_id] => 181434eb-3448-44a1-bb5f-4d8702296cd5
)

[2026-01-15 14:01:13] [14 MB] [chunked_processor] Transient lookup result
    DATA: Array
(
    [option_name] => speed_backups_job_181434eb-3448-44a1-bb5f-4d8702296cd5
    [found] => YES
)

[2026-01-15 14:01:13] [14 MB] [chunked_processor] Job retrieved successfully
    DATA: Array
(
    [status] => running
    [type] => restore
)

[2026-01-15 14:01:13] [14 MB] [FUNCTION] >>> ENTER: process_chunk
    DATA: Array
(
    [0] => job_id
)

[2026-01-15 14:01:13] [14 MB] [chunked_processor] get_job called
    DATA: Array
(
    [job_id] => 181434eb-3448-44a1-bb5f-4d8702296cd5
)

[2026-01-15 14:01:13] [14 MB] [chunked_processor] Transient lookup result
    DATA: Array
(
    [option_name] => speed_backups_job_181434eb-3448-44a1-bb5f-4d8702296cd5
    [found] => YES
)

[2026-01-15 14:01:13] [14 MB] [chunked_processor] Job retrieved successfully
    DATA: Array
(
    [status] => running
    [type] => restore
)

[2026-01-15 14:01:13] [14 MB] [JOB_STATE] Job 181434eb-3448-44a1-bb5f-4d8702296cd5 state
    DATA: Array
(
    [status] => running
    [type] => restore
    [phase] => extract
    [progress] => 32.383419689119
)

[2026-01-15 14:01:13] [14 MB] [chunked_processor] get_job called
    DATA: Array
(
    [job_id] => 181434eb-3448-44a1-bb5f-4d8702296cd5
)

[2026-01-15 14:01:13] [14 MB] [chunked_processor] Transient lookup result
    DATA: Array
(
    [option_name] => speed_backups_job_181434eb-3448-44a1-bb5f-4d8702296cd5
    [found] => YES
)

[2026-01-15 14:01:13] [14 MB] [chunked_processor] Job retrieved successfully
    DATA: Array
(
    [status] => running
    [type] => restore
)

[2026-01-15 14:01:13] [14 MB] [chunked_processor] get_job called
    DATA: Array
(
    [job_id] => 181434eb-3448-44a1-bb5f-4d8702296cd5
)

[2026-01-15 14:01:13] [14 MB] [chunked_processor] Transient lookup result
    DATA: Array
(
    [option_name] => speed_backups_job_181434eb-3448-44a1-bb5f-4d8702296cd5
    [found] => YES
)

[2026-01-15 14:01:13] [14 MB] [chunked_processor] Job retrieved successfully
    DATA: Array
(
    [status] => running
    [type] => restore
)

[2026-01-15 14:01:13] [14 MB] [chunked_processor] save_job called
    DATA: Array
(
    [job_id] => 181434eb-3448-44a1-bb5f-4d8702296cd5
    [status] => running
)

[2026-01-15 14:01:13] [14 MB] [chunked_processor] Transient save result
    DATA: Array
(
    [option_name] => speed_backups_job_181434eb-3448-44a1-bb5f-4d8702296cd5
    [success] => YES
)

[2026-01-15 14:01:13] [14 MB] [chunked_processor] Option save result
    DATA: Array
(
    [option_name] => speed_backups_job_181434eb-3448-44a1-bb5f-4d8702296cd5
    [success] => YES
)

[2026-01-15 14:01:13] [14 MB] [chunked_processor] Save verification
    DATA: Array
(
    [verified] => YES
)

[2026-01-15 14:01:13] [14 MB] [chunked_processor] get_job called
    DATA: Array
(
    [job_id] => 181434eb-3448-44a1-bb5f-4d8702296cd5
)

[2026-01-15 14:01:13] [14 MB] [chunked_processor] Transient lookup result
    DATA: Array
(
    [option_name] => speed_backups_job_181434eb-3448-44a1-bb5f-4d8702296cd5
    [found] => YES
)

[2026-01-15 14:01:13] [14 MB] [chunked_processor] Job retrieved successfully
    DATA: Array
(
    [status] => running
    [type] => restore
)

[2026-01-15 14:01:13] [14 MB] [chunked_processor] save_job called
    DATA: Array
(
    [job_id] => 181434eb-3448-44a1-bb5f-4d8702296cd5
    [status] => running
)

[2026-01-15 14:01:13] [14 MB] [chunked_processor] Transient save result
    DATA: Array
(
    [option_name] => speed_backups_job_181434eb-3448-44a1-bb5f-4d8702296cd5
    [success] => YES
)

[2026-01-15 14:01:13] [14 MB] [chunked_processor] Option save result
    DATA: Array
(
    [option_name] => speed_backups_job_181434eb-3448-44a1-bb5f-4d8702296cd5
    [success] => YES
)

[2026-01-15 14:01:13] [14 MB] [chunked_processor] Save verification
    DATA: Array
(
    [verified] => YES
)

[2026-01-15 14:01:13] [14 MB] [chunked_processor] get_job called
    DATA: Array
(
    [job_id] => 181434eb-3448-44a1-bb5f-4d8702296cd5
)

[2026-01-15 14:01:13] [14 MB] [chunked_processor] Transient lookup result
    DATA: Array
(
    [option_name] => speed_backups_job_181434eb-3448-44a1-bb5f-4d8702296cd5
    [found] => YES
)

[2026-01-15 14:01:13] [14 MB] [chunked_processor] Job retrieved successfully
    DATA: Array
(
    [status] => running
    [type] => restore
)

[2026-01-15 14:01:13] [14 MB] [chunked_processor] get_job called
    DATA: Array
(
    [job_id] => 181434eb-3448-44a1-bb5f-4d8702296cd5
)

[2026-01-15 14:01:13] [14 MB] [chunked_processor] Transient lookup result
    DATA: Array
(
    [option_name] => speed_backups_job_181434eb-3448-44a1-bb5f-4d8702296cd5
    [found] => YES
)

[2026-01-15 14:01:13] [14 MB] [chunked_processor] Job retrieved successfully
    DATA: Array
(
    [status] => running
    [type] => restore
)

[2026-01-15 14:01:13] [14 MB] [FUNCTION] >>> ENTER: process_chunk
    DATA: Array
(
    [0] => job_id
)

[2026-01-15 14:01:13] [14 MB] [chunked_processor] get_job called
    DATA: Array
(
    [job_id] => 181434eb-3448-44a1-bb5f-4d8702296cd5
)

[2026-01-15 14:01:13] [14 MB] [chunked_processor] Transient lookup result
    DATA: Array
(
    [option_name] => speed_backups_job_181434eb-3448-44a1-bb5f-4d8702296cd5
    [found] => YES
)

[2026-01-15 14:01:13] [14 MB] [chunked_processor] Job retrieved successfully
    DATA: Array
(
    [status] => running
    [type] => restore
)

[2026-01-15 14:01:13] [14 MB] [JOB_STATE] Job 181434eb-3448-44a1-bb5f-4d8702296cd5 state
    DATA: Array
(
    [status] => running
    [type] => restore
    [phase] => extract
    [progress] => 33.678756476684
)

[2026-01-15 14:01:13] [14 MB] [chunked_processor] get_job called
    DATA: Array
(
    [job_id] => 181434eb-3448-44a1-bb5f-4d8702296cd5
)

[2026-01-15 14:01:13] [14 MB] [chunked_processor] Transient lookup result
    DATA: Array
(
    [option_name] => speed_backups_job_181434eb-3448-44a1-bb5f-4d8702296cd5
    [found] => YES
)

[2026-01-15 14:01:13] [14 MB] [chunked_processor] Job retrieved successfully
    DATA: Array
(
    [status] => running
    [type] => restore
)

[2026-01-15 14:01:13] [14 MB] [chunked_processor] get_job called
    DATA: Array
(
    [job_id] => 181434eb-3448-44a1-bb5f-4d8702296cd5
)

[2026-01-15 14:01:13] [14 MB] [chunked_processor] Transient lookup result
    DATA: Array
(
    [option_name] => speed_backups_job_181434eb-3448-44a1-bb5f-4d8702296cd5
    [found] => YES
)

[2026-01-15 14:01:13] [14 MB] [chunked_processor] Job retrieved successfully
    DATA: Array
(
    [status] => running
    [type] => restore
)

[2026-01-15 14:01:13] [14 MB] [chunked_processor] save_job called
    DATA: Array
(
    [job_id] => 181434eb-3448-44a1-bb5f-4d8702296cd5
    [status] => running
)

[2026-01-15 14:01:13] [14 MB] [chunked_processor] Transient save result
    DATA: Array
(
    [option_name] => speed_backups_job_181434eb-3448-44a1-bb5f-4d8702296cd5
    [success] => YES
)

[2026-01-15 14:01:13] [14 MB] [chunked_processor] Option save result
    DATA: Array
(
    [option_name] => speed_backups_job_181434eb-3448-44a1-bb5f-4d8702296cd5
    [success] => YES
)

[2026-01-15 14:01:13] [14 MB] [chunked_processor] Save verification
    DATA: Array
(
    [verified] => YES
)

[2026-01-15 14:01:13] [14 MB] [chunked_processor] get_job called
    DATA: Array
(
    [job_id] => 181434eb-3448-44a1-bb5f-4d8702296cd5
)

[2026-01-15 14:01:13] [14 MB] [chunked_processor] Transient lookup result
    DATA: Array
(
    [option_name] => speed_backups_job_181434eb-3448-44a1-bb5f-4d8702296cd5
    [found] => YES
)

[2026-01-15 14:01:13] [14 MB] [chunked_processor] Job retrieved successfully
    DATA: Array
(
    [status] => running
    [type] => restore
)

[2026-01-15 14:01:13] [14 MB] [chunked_processor] save_job called
    DATA: Array
(
    [job_id] => 181434eb-3448-44a1-bb5f-4d8702296cd5
    [status] => running
)

[2026-01-15 14:01:13] [14 MB] [chunked_processor] Transient save result
    DATA: Array
(
    [option_name] => speed_backups_job_181434eb-3448-44a1-bb5f-4d8702296cd5
    [success] => YES
)

[2026-01-15 14:01:13] [14 MB] [chunked_processor] Option save result
    DATA: Array
(
    [option_name] => speed_backups_job_181434eb-3448-44a1-bb5f-4d8702296cd5
    [success] => YES
)

[2026-01-15 14:01:13] [14 MB] [chunked_processor] Save verification
    DATA: Array
(
    [verified] => YES
)

[2026-01-15 14:01:13] [14 MB] [chunked_processor] get_job called
    DATA: Array
(
    [job_id] => 181434eb-3448-44a1-bb5f-4d8702296cd5
)

[2026-01-15 14:01:13] [14 MB] [chunked_processor] Transient lookup result
    DATA: Array
(
    [option_name] => speed_backups_job_181434eb-3448-44a1-bb5f-4d8702296cd5
    [found] => YES
)

[2026-01-15 14:01:13] [14 MB] [chunked_processor] Job retrieved successfully
    DATA: Array
(
    [status] => running
    [type] => restore
)

[2026-01-15 14:01:13] [14 MB] [chunked_processor] get_job called
    DATA: Array
(
    [job_id] => 181434eb-3448-44a1-bb5f-4d8702296cd5
)

[2026-01-15 14:01:13] [14 MB] [chunked_processor] Transient lookup result
    DATA: Array
(
    [option_name] => speed_backups_job_181434eb-3448-44a1-bb5f-4d8702296cd5
    [found] => YES
)

[2026-01-15 14:01:13] [14 MB] [chunked_processor] Job retrieved successfully
    DATA: Array
(
    [status] => running
    [type] => restore
)

[2026-01-15 14:01:14] [14 MB] [FUNCTION] >>> ENTER: process_chunk
    DATA: Array
(
    [0] => job_id
)

[2026-01-15 14:01:14] [14 MB] [chunked_processor] get_job called
    DATA: Array
(
    [job_id] => 181434eb-3448-44a1-bb5f-4d8702296cd5
)

[2026-01-15 14:01:14] [14 MB] [chunked_processor] Transient lookup result
    DATA: Array
(
    [option_name] => speed_backups_job_181434eb-3448-44a1-bb5f-4d8702296cd5
    [found] => YES
)

[2026-01-15 14:01:14] [14 MB] [chunked_processor] Job retrieved successfully
    DATA: Array
(
    [status] => running
    [type] => restore
)

[2026-01-15 14:01:14] [14 MB] [JOB_STATE] Job 181434eb-3448-44a1-bb5f-4d8702296cd5 state
    DATA: Array
(
    [status] => running
    [type] => restore
    [phase] => extract
    [progress] => 34.974093264249
)

[2026-01-15 14:01:14] [14 MB] [chunked_processor] get_job called
    DATA: Array
(
    [job_id] => 181434eb-3448-44a1-bb5f-4d8702296cd5
)

[2026-01-15 14:01:14] [14 MB] [chunked_processor] Transient lookup result
    DATA: Array
(
    [option_name] => speed_backups_job_181434eb-3448-44a1-bb5f-4d8702296cd5
    [found] => YES
)

[2026-01-15 14:01:14] [14 MB] [chunked_processor] Job retrieved successfully
    DATA: Array
(
    [status] => running
    [type] => restore
)

[2026-01-15 14:01:14] [14 MB] [chunked_processor] get_job called
    DATA: Array
(
    [job_id] => 181434eb-3448-44a1-bb5f-4d8702296cd5
)

[2026-01-15 14:01:14] [14 MB] [chunked_processor] Transient lookup result
    DATA: Array
(
    [option_name] => speed_backups_job_181434eb-3448-44a1-bb5f-4d8702296cd5
    [found] => YES
)

[2026-01-15 14:01:14] [14 MB] [chunked_processor] Job retrieved successfully
    DATA: Array
(
    [status] => running
    [type] => restore
)

[2026-01-15 14:01:14] [14 MB] [chunked_processor] save_job called
    DATA: Array
(
    [job_id] => 181434eb-3448-44a1-bb5f-4d8702296cd5
    [status] => running
)

[2026-01-15 14:01:14] [14 MB] [chunked_processor] Transient save result
    DATA: Array
(
    [option_name] => speed_backups_job_181434eb-3448-44a1-bb5f-4d8702296cd5
    [success] => YES
)

[2026-01-15 14:01:14] [14 MB] [chunked_processor] Option save result
    DATA: Array
(
    [option_name] => speed_backups_job_181434eb-3448-44a1-bb5f-4d8702296cd5
    [success] => YES
)

[2026-01-15 14:01:14] [14 MB] [chunked_processor] Save verification
    DATA: Array
(
    [verified] => YES
)

[2026-01-15 14:01:14] [14 MB] [chunked_processor] get_job called
    DATA: Array
(
    [job_id] => 181434eb-3448-44a1-bb5f-4d8702296cd5
)

[2026-01-15 14:01:14] [14 MB] [chunked_processor] Transient lookup result
    DATA: Array
(
    [option_name] => speed_backups_job_181434eb-3448-44a1-bb5f-4d8702296cd5
    [found] => YES
)

[2026-01-15 14:01:14] [14 MB] [chunked_processor] Job retrieved successfully
    DATA: Array
(
    [status] => running
    [type] => restore
)

[2026-01-15 14:01:14] [14 MB] [chunked_processor] save_job called
    DATA: Array
(
    [job_id] => 181434eb-3448-44a1-bb5f-4d8702296cd5
    [status] => running
)

[2026-01-15 14:01:14] [14 MB] [chunked_processor] Transient save result
    DATA: Array
(
    [option_name] => speed_backups_job_181434eb-3448-44a1-bb5f-4d8702296cd5
    [success] => YES
)

[2026-01-15 14:01:14] [14 MB] [chunked_processor] Option save result
    DATA: Array
(
    [option_name] => speed_backups_job_181434eb-3448-44a1-bb5f-4d8702296cd5
    [success] => YES
)

[2026-01-15 14:01:14] [14 MB] [chunked_processor] Save verification
    DATA: Array
(
    [verified] => YES
)

[2026-01-15 14:01:14] [14 MB] [chunked_processor] get_job called
    DATA: Array
(
    [job_id] => 181434eb-3448-44a1-bb5f-4d8702296cd5
)

[2026-01-15 14:01:14] [14 MB] [chunked_processor] Transient lookup result
    DATA: Array
(
    [option_name] => speed_backups_job_181434eb-3448-44a1-bb5f-4d8702296cd5
    [found] => YES
)

[2026-01-15 14:01:14] [14 MB] [chunked_processor] Job retrieved successfully
    DATA: Array
(
    [status] => running
    [type] => restore
)

[2026-01-15 14:01:14] [14 MB] [chunked_processor] get_job called
    DATA: Array
(
    [job_id] => 181434eb-3448-44a1-bb5f-4d8702296cd5
)

[2026-01-15 14:01:14] [14 MB] [chunked_processor] Transient lookup result
    DATA: Array
(
    [option_name] => speed_backups_job_181434eb-3448-44a1-bb5f-4d8702296cd5
    [found] => YES
)

[2026-01-15 14:01:14] [14 MB] [chunked_processor] Job retrieved successfully
    DATA: Array
(
    [status] => running
    [type] => restore
)

[2026-01-15 14:01:14] [14 MB] [FUNCTION] >>> ENTER: process_chunk
    DATA: Array
(
    [0] => job_id
)

[2026-01-15 14:01:14] [14 MB] [chunked_processor] get_job called
    DATA: Array
(
    [job_id] => 181434eb-3448-44a1-bb5f-4d8702296cd5
)

[2026-01-15 14:01:14] [14 MB] [chunked_processor] Transient lookup result
    DATA: Array
(
    [option_name] => speed_backups_job_181434eb-3448-44a1-bb5f-4d8702296cd5
    [found] => YES
)

[2026-01-15 14:01:14] [14 MB] [chunked_processor] Job retrieved successfully
    DATA: Array
(
    [status] => running
    [type] => restore
)

[2026-01-15 14:01:14] [14 MB] [JOB_STATE] Job 181434eb-3448-44a1-bb5f-4d8702296cd5 state
    DATA: Array
(
    [status] => running
    [type] => restore
    [phase] => extract
    [progress] => 36.269430051813
)

[2026-01-15 14:01:14] [14 MB] [chunked_processor] get_job called
    DATA: Array
(
    [job_id] => 181434eb-3448-44a1-bb5f-4d8702296cd5
)

[2026-01-15 14:01:14] [14 MB] [chunked_processor] Transient lookup result
    DATA: Array
(
    [option_name] => speed_backups_job_181434eb-3448-44a1-bb5f-4d8702296cd5
    [found] => YES
)

[2026-01-15 14:01:14] [14 MB] [chunked_processor] Job retrieved successfully
    DATA: Array
(
    [status] => running
    [type] => restore
)

[2026-01-15 14:01:14] [14 MB] [chunked_processor] get_job called
    DATA: Array
(
    [job_id] => 181434eb-3448-44a1-bb5f-4d8702296cd5
)

[2026-01-15 14:01:14] [14 MB] [chunked_processor] Transient lookup result
    DATA: Array
(
    [option_name] => speed_backups_job_181434eb-3448-44a1-bb5f-4d8702296cd5
    [found] => YES
)

[2026-01-15 14:01:14] [14 MB] [chunked_processor] Job retrieved successfully
    DATA: Array
(
    [status] => running
    [type] => restore
)

[2026-01-15 14:01:14] [14 MB] [chunked_processor] save_job called
    DATA: Array
(
    [job_id] => 181434eb-3448-44a1-bb5f-4d8702296cd5
    [status] => running
)

[2026-01-15 14:01:14] [14 MB] [chunked_processor] Transient save result
    DATA: Array
(
    [option_name] => speed_backups_job_181434eb-3448-44a1-bb5f-4d8702296cd5
    [success] => YES
)

[2026-01-15 14:01:14] [14 MB] [chunked_processor] Option save result
    DATA: Array
(
    [option_name] => speed_backups_job_181434eb-3448-44a1-bb5f-4d8702296cd5
    [success] => YES
)

[2026-01-15 14:01:14] [14 MB] [chunked_processor] Save verification
    DATA: Array
(
    [verified] => YES
)

[2026-01-15 14:01:14] [14 MB] [chunked_processor] get_job called
    DATA: Array
(
    [job_id] => 181434eb-3448-44a1-bb5f-4d8702296cd5
)

[2026-01-15 14:01:14] [14 MB] [chunked_processor] Transient lookup result
    DATA: Array
(
    [option_name] => speed_backups_job_181434eb-3448-44a1-bb5f-4d8702296cd5
    [found] => YES
)

[2026-01-15 14:01:14] [14 MB] [chunked_processor] Job retrieved successfully
    DATA: Array
(
    [status] => running
    [type] => restore
)

[2026-01-15 14:01:14] [14 MB] [chunked_processor] save_job called
    DATA: Array
(
    [job_id] => 181434eb-3448-44a1-bb5f-4d8702296cd5
    [status] => running
)

[2026-01-15 14:01:14] [14 MB] [chunked_processor] Transient save result
    DATA: Array
(
    [option_name] => speed_backups_job_181434eb-3448-44a1-bb5f-4d8702296cd5
    [success] => YES
)

[2026-01-15 14:01:14] [14 MB] [chunked_processor] Option save result
    DATA: Array
(
    [option_name] => speed_backups_job_181434eb-3448-44a1-bb5f-4d8702296cd5
    [success] => YES
)

[2026-01-15 14:01:14] [14 MB] [chunked_processor] Save verification
    DATA: Array
(
    [verified] => YES
)

[2026-01-15 14:01:14] [14 MB] [chunked_processor] get_job called
    DATA: Array
(
    [job_id] => 181434eb-3448-44a1-bb5f-4d8702296cd5
)

[2026-01-15 14:01:14] [14 MB] [chunked_processor] Transient lookup result
    DATA: Array
(
    [option_name] => speed_backups_job_181434eb-3448-44a1-bb5f-4d8702296cd5
    [found] => YES
)

[2026-01-15 14:01:14] [14 MB] [chunked_processor] Job retrieved successfully
    DATA: Array
(
    [status] => running
    [type] => restore
)

[2026-01-15 14:01:14] [14 MB] [chunked_processor] get_job called
    DATA: Array
(
    [job_id] => 181434eb-3448-44a1-bb5f-4d8702296cd5
)

[2026-01-15 14:01:14] [14 MB] [chunked_processor] Transient lookup result
    DATA: Array
(
    [option_name] => speed_backups_job_181434eb-3448-44a1-bb5f-4d8702296cd5
    [found] => YES
)

[2026-01-15 14:01:14] [14 MB] [chunked_processor] Job retrieved successfully
    DATA: Array
(
    [status] => running
    [type] => restore
)

[2026-01-15 14:01:14] [14 MB] [FUNCTION] >>> ENTER: process_chunk
    DATA: Array
(
    [0] => job_id
)

[2026-01-15 14:01:14] [14 MB] [chunked_processor] get_job called
    DATA: Array
(
    [job_id] => 181434eb-3448-44a1-bb5f-4d8702296cd5
)

[2026-01-15 14:01:14] [14 MB] [chunked_processor] Transient lookup result
    DATA: Array
(
    [option_name] => speed_backups_job_181434eb-3448-44a1-bb5f-4d8702296cd5
    [found] => YES
)

[2026-01-15 14:01:14] [14 MB] [chunked_processor] Job retrieved successfully
    DATA: Array
(
    [status] => running
    [type] => restore
)

[2026-01-15 14:01:14] [14 MB] [JOB_STATE] Job 181434eb-3448-44a1-bb5f-4d8702296cd5 state
    DATA: Array
(
    [status] => running
    [type] => restore
    [phase] => extract
    [progress] => 37.564766839378
)

[2026-01-15 14:01:14] [14 MB] [chunked_processor] get_job called
    DATA: Array
(
    [job_id] => 181434eb-3448-44a1-bb5f-4d8702296cd5
)

[2026-01-15 14:01:14] [14 MB] [chunked_processor] Transient lookup result
    DATA: Array
(
    [option_name] => speed_backups_job_181434eb-3448-44a1-bb5f-4d8702296cd5
    [found] => YES
)

[2026-01-15 14:01:14] [14 MB] [chunked_processor] Job retrieved successfully
    DATA: Array
(
    [status] => running
    [type] => restore
)

[2026-01-15 14:01:14] [14 MB] [chunked_processor] get_job called
    DATA: Array
(
    [job_id] => 181434eb-3448-44a1-bb5f-4d8702296cd5
)

[2026-01-15 14:01:14] [14 MB] [chunked_processor] Transient lookup result
    DATA: Array
(
    [option_name] => speed_backups_job_181434eb-3448-44a1-bb5f-4d8702296cd5
    [found] => YES
)

[2026-01-15 14:01:14] [14 MB] [chunked_processor] Job retrieved successfully
    DATA: Array
(
    [status] => running
    [type] => restore
)

[2026-01-15 14:01:14] [14 MB] [chunked_processor] save_job called
    DATA: Array
(
    [job_id] => 181434eb-3448-44a1-bb5f-4d8702296cd5
    [status] => running
)

[2026-01-15 14:01:14] [14 MB] [chunked_processor] Transient save result
    DATA: Array
(
    [option_name] => speed_backups_job_181434eb-3448-44a1-bb5f-4d8702296cd5
    [success] => YES
)

[2026-01-15 14:01:14] [14 MB] [chunked_processor] Option save result
    DATA: Array
(
    [option_name] => speed_backups_job_181434eb-3448-44a1-bb5f-4d8702296cd5
    [success] => YES
)

[2026-01-15 14:01:14] [14 MB] [chunked_processor] Save verification
    DATA: Array
(
    [verified] => YES
)

[2026-01-15 14:01:14] [14 MB] [chunked_processor] get_job called
    DATA: Array
(
    [job_id] => 181434eb-3448-44a1-bb5f-4d8702296cd5
)

[2026-01-15 14:01:14] [14 MB] [chunked_processor] Transient lookup result
    DATA: Array
(
    [option_name] => speed_backups_job_181434eb-3448-44a1-bb5f-4d8702296cd5
    [found] => YES
)

[2026-01-15 14:01:14] [14 MB] [chunked_processor] Job retrieved successfully
    DATA: Array
(
    [status] => running
    [type] => restore
)

[2026-01-15 14:01:14] [14 MB] [chunked_processor] save_job called
    DATA: Array
(
    [job_id] => 181434eb-3448-44a1-bb5f-4d8702296cd5
    [status] => running
)

[2026-01-15 14:01:14] [14 MB] [chunked_processor] Transient save result
    DATA: Array
(
    [option_name] => speed_backups_job_181434eb-3448-44a1-bb5f-4d8702296cd5
    [success] => YES
)

[2026-01-15 14:01:14] [14 MB] [chunked_processor] Option save result
    DATA: Array
(
    [option_name] => speed_backups_job_181434eb-3448-44a1-bb5f-4d8702296cd5
    [success] => YES
)

[2026-01-15 14:01:14] [14 MB] [chunked_processor] Save verification
    DATA: Array
(
    [verified] => YES
)

[2026-01-15 14:01:14] [14 MB] [chunked_processor] get_job called
    DATA: Array
(
    [job_id] => 181434eb-3448-44a1-bb5f-4d8702296cd5
)

[2026-01-15 14:01:14] [14 MB] [chunked_processor] Transient lookup result
    DATA: Array
(
    [option_name] => speed_backups_job_181434eb-3448-44a1-bb5f-4d8702296cd5
    [found] => YES
)

[2026-01-15 14:01:14] [14 MB] [chunked_processor] Job retrieved successfully
    DATA: Array
(
    [status] => running
    [type] => restore
)

[2026-01-15 14:01:14] [14 MB] [chunked_processor] get_job called
    DATA: Array
(
    [job_id] => 181434eb-3448-44a1-bb5f-4d8702296cd5
)

[2026-01-15 14:01:14] [14 MB] [chunked_processor] Transient lookup result
    DATA: Array
(
    [option_name] => speed_backups_job_181434eb-3448-44a1-bb5f-4d8702296cd5
    [found] => YES
)

[2026-01-15 14:01:14] [14 MB] [chunked_processor] Job retrieved successfully
    DATA: Array
(
    [status] => running
    [type] => restore
)

[2026-01-15 14:01:15] [14 MB] [FUNCTION] >>> ENTER: process_chunk
    DATA: Array
(
    [0] => job_id
)

[2026-01-15 14:01:15] [14 MB] [chunked_processor] get_job called
    DATA: Array
(
    [job_id] => 181434eb-3448-44a1-bb5f-4d8702296cd5
)

[2026-01-15 14:01:15] [14 MB] [chunked_processor] Transient lookup result
    DATA: Array
(
    [option_name] => speed_backups_job_181434eb-3448-44a1-bb5f-4d8702296cd5
    [found] => YES
)

[2026-01-15 14:01:15] [14 MB] [chunked_processor] Job retrieved successfully
    DATA: Array
(
    [status] => running
    [type] => restore
)

[2026-01-15 14:01:15] [14 MB] [JOB_STATE] Job 181434eb-3448-44a1-bb5f-4d8702296cd5 state
    DATA: Array
(
    [status] => running
    [type] => restore
    [phase] => extract
    [progress] => 38.860103626943
)

[2026-01-15 14:01:15] [14 MB] [chunked_processor] get_job called
    DATA: Array
(
    [job_id] => 181434eb-3448-44a1-bb5f-4d8702296cd5
)

[2026-01-15 14:01:15] [14 MB] [chunked_processor] Transient lookup result
    DATA: Array
(
    [option_name] => speed_backups_job_181434eb-3448-44a1-bb5f-4d8702296cd5
    [found] => YES
)

[2026-01-15 14:01:15] [14 MB] [chunked_processor] Job retrieved successfully
    DATA: Array
(
    [status] => running
    [type] => restore
)

[2026-01-15 14:01:15] [14 MB] [chunked_processor] get_job called
    DATA: Array
(
    [job_id] => 181434eb-3448-44a1-bb5f-4d8702296cd5
)

[2026-01-15 14:01:15] [14 MB] [chunked_processor] Transient lookup result
    DATA: Array
(
    [option_name] => speed_backups_job_181434eb-3448-44a1-bb5f-4d8702296cd5
    [found] => YES
)

[2026-01-15 14:01:15] [14 MB] [chunked_processor] Job retrieved successfully
    DATA: Array
(
    [status] => running
    [type] => restore
)

[2026-01-15 14:01:15] [14 MB] [chunked_processor] save_job called
    DATA: Array
(
    [job_id] => 181434eb-3448-44a1-bb5f-4d8702296cd5
    [status] => running
)

[2026-01-15 14:01:15] [14 MB] [chunked_processor] Transient save result
    DATA: Array
(
    [option_name] => speed_backups_job_181434eb-3448-44a1-bb5f-4d8702296cd5
    [success] => YES
)

[2026-01-15 14:01:15] [14 MB] [chunked_processor] Option save result
    DATA: Array
(
    [option_name] => speed_backups_job_181434eb-3448-44a1-bb5f-4d8702296cd5
    [success] => YES
)

[2026-01-15 14:01:15] [14 MB] [chunked_processor] Save verification
    DATA: Array
(
    [verified] => YES
)

[2026-01-15 14:01:15] [14 MB] [chunked_processor] get_job called
    DATA: Array
(
    [job_id] => 181434eb-3448-44a1-bb5f-4d8702296cd5
)

[2026-01-15 14:01:15] [14 MB] [chunked_processor] Transient lookup result
    DATA: Array
(
    [option_name] => speed_backups_job_181434eb-3448-44a1-bb5f-4d8702296cd5
    [found] => YES
)

[2026-01-15 14:01:15] [14 MB] [chunked_processor] Job retrieved successfully
    DATA: Array
(
    [status] => running
    [type] => restore
)

[2026-01-15 14:01:15] [14 MB] [chunked_processor] save_job called
    DATA: Array
(
    [job_id] => 181434eb-3448-44a1-bb5f-4d8702296cd5
    [status] => running
)

[2026-01-15 14:01:15] [14 MB] [chunked_processor] Transient save result
    DATA: Array
(
    [option_name] => speed_backups_job_181434eb-3448-44a1-bb5f-4d8702296cd5
    [success] => YES
)

[2026-01-15 14:01:15] [14 MB] [chunked_processor] Option save result
    DATA: Array
(
    [option_name] => speed_backups_job_181434eb-3448-44a1-bb5f-4d8702296cd5
    [success] => YES
)

[2026-01-15 14:01:15] [14 MB] [chunked_processor] Save verification
    DATA: Array
(
    [verified] => YES
)

[2026-01-15 14:01:15] [14 MB] [chunked_processor] get_job called
    DATA: Array
(
    [job_id] => 181434eb-3448-44a1-bb5f-4d8702296cd5
)

[2026-01-15 14:01:15] [14 MB] [chunked_processor] Transient lookup result
    DATA: Array
(
    [option_name] => speed_backups_job_181434eb-3448-44a1-bb5f-4d8702296cd5
    [found] => YES
)

[2026-01-15 14:01:15] [14 MB] [chunked_processor] Job retrieved successfully
    DATA: Array
(
    [status] => running
    [type] => restore
)

[2026-01-15 14:01:15] [14 MB] [chunked_processor] get_job called
    DATA: Array
(
    [job_id] => 181434eb-3448-44a1-bb5f-4d8702296cd5
)

[2026-01-15 14:01:15] [14 MB] [chunked_processor] Transient lookup result
    DATA: Array
(
    [option_name] => speed_backups_job_181434eb-3448-44a1-bb5f-4d8702296cd5
    [found] => YES
)

[2026-01-15 14:01:15] [14 MB] [chunked_processor] Job retrieved successfully
    DATA: Array
(
    [status] => running
    [type] => restore
)

[2026-01-15 14:01:15] [14 MB] [FUNCTION] >>> ENTER: process_chunk
    DATA: Array
(
    [0] => job_id
)

[2026-01-15 14:01:15] [14 MB] [chunked_processor] get_job called
    DATA: Array
(
    [job_id] => 181434eb-3448-44a1-bb5f-4d8702296cd5
)

[2026-01-15 14:01:15] [14 MB] [chunked_processor] Transient lookup result
    DATA: Array
(
    [option_name] => speed_backups_job_181434eb-3448-44a1-bb5f-4d8702296cd5
    [found] => YES
)

[2026-01-15 14:01:15] [14 MB] [chunked_processor] Job retrieved successfully
    DATA: Array
(
    [status] => running
    [type] => restore
)

[2026-01-15 14:01:15] [14 MB] [JOB_STATE] Job 181434eb-3448-44a1-bb5f-4d8702296cd5 state
    DATA: Array
(
    [status] => running
    [type] => restore
    [phase] => extract
    [progress] => 40.155440414508
)

[2026-01-15 14:01:15] [14 MB] [chunked_processor] get_job called
    DATA: Array
(
    [job_id] => 181434eb-3448-44a1-bb5f-4d8702296cd5
)

[2026-01-15 14:01:15] [14 MB] [chunked_processor] Transient lookup result
    DATA: Array
(
    [option_name] => speed_backups_job_181434eb-3448-44a1-bb5f-4d8702296cd5
    [found] => YES
)

[2026-01-15 14:01:15] [14 MB] [chunked_processor] Job retrieved successfully
    DATA: Array
(
    [status] => running
    [type] => restore
)

[2026-01-15 14:01:15] [14 MB] [chunked_processor] get_job called
    DATA: Array
(
    [job_id] => 181434eb-3448-44a1-bb5f-4d8702296cd5
)

[2026-01-15 14:01:15] [14 MB] [chunked_processor] Transient lookup result
    DATA: Array
(
    [option_name] => speed_backups_job_181434eb-3448-44a1-bb5f-4d8702296cd5
    [found] => YES
)

[2026-01-15 14:01:15] [14 MB] [chunked_processor] Job retrieved successfully
    DATA: Array
(
    [status] => running
    [type] => restore
)

[2026-01-15 14:01:15] [14 MB] [chunked_processor] save_job called
    DATA: Array
(
    [job_id] => 181434eb-3448-44a1-bb5f-4d8702296cd5
    [status] => running
)

[2026-01-15 14:01:15] [14 MB] [chunked_processor] Transient save result
    DATA: Array
(
    [option_name] => speed_backups_job_181434eb-3448-44a1-bb5f-4d8702296cd5
    [success] => YES
)

[2026-01-15 14:01:15] [14 MB] [chunked_processor] Option save result
    DATA: Array
(
    [option_name] => speed_backups_job_181434eb-3448-44a1-bb5f-4d8702296cd5
    [success] => YES
)

[2026-01-15 14:01:15] [14 MB] [chunked_processor] Save verification
    DATA: Array
(
    [verified] => YES
)

[2026-01-15 14:01:15] [14 MB] [chunked_processor] get_job called
    DATA: Array
(
    [job_id] => 181434eb-3448-44a1-bb5f-4d8702296cd5
)

[2026-01-15 14:01:15] [14 MB] [chunked_processor] Transient lookup result
    DATA: Array
(
    [option_name] => speed_backups_job_181434eb-3448-44a1-bb5f-4d8702296cd5
    [found] => YES
)

[2026-01-15 14:01:15] [14 MB] [chunked_processor] Job retrieved successfully
    DATA: Array
(
    [status] => running
    [type] => restore
)

[2026-01-15 14:01:15] [14 MB] [chunked_processor] save_job called
    DATA: Array
(
    [job_id] => 181434eb-3448-44a1-bb5f-4d8702296cd5
    [status] => running
)

[2026-01-15 14:01:15] [14 MB] [chunked_processor] Transient save result
    DATA: Array
(
    [option_name] => speed_backups_job_181434eb-3448-44a1-bb5f-4d8702296cd5
    [success] => YES
)

[2026-01-15 14:01:15] [14 MB] [chunked_processor] Option save result
    DATA: Array
(
    [option_name] => speed_backups_job_181434eb-3448-44a1-bb5f-4d8702296cd5
    [success] => YES
)

[2026-01-15 14:01:15] [14 MB] [chunked_processor] Save verification
    DATA: Array
(
    [verified] => YES
)

[2026-01-15 14:01:15] [14 MB] [chunked_processor] get_job called
    DATA: Array
(
    [job_id] => 181434eb-3448-44a1-bb5f-4d8702296cd5
)

[2026-01-15 14:01:15] [14 MB] [chunked_processor] Transient lookup result
    DATA: Array
(
    [option_name] => speed_backups_job_181434eb-3448-44a1-bb5f-4d8702296cd5
    [found] => YES
)

[2026-01-15 14:01:15] [14 MB] [chunked_processor] Job retrieved successfully
    DATA: Array
(
    [status] => running
    [type] => restore
)

[2026-01-15 14:01:15] [14 MB] [chunked_processor] get_job called
    DATA: Array
(
    [job_id] => 181434eb-3448-44a1-bb5f-4d8702296cd5
)

[2026-01-15 14:01:15] [14 MB] [chunked_processor] Transient lookup result
    DATA: Array
(
    [option_name] => speed_backups_job_181434eb-3448-44a1-bb5f-4d8702296cd5
    [found] => YES
)

[2026-01-15 14:01:15] [14 MB] [chunked_processor] Job retrieved successfully
    DATA: Array
(
    [status] => running
    [type] => restore
)

[2026-01-15 14:01:16] [14 MB] [FUNCTION] >>> ENTER: process_chunk
    DATA: Array
(
    [0] => job_id
)

[2026-01-15 14:01:16] [14 MB] [chunked_processor] get_job called
    DATA: Array
(
    [job_id] => 181434eb-3448-44a1-bb5f-4d8702296cd5
)

[2026-01-15 14:01:16] [14 MB] [chunked_processor] Transient lookup result
    DATA: Array
(
    [option_name] => speed_backups_job_181434eb-3448-44a1-bb5f-4d8702296cd5
    [found] => YES
)

[2026-01-15 14:01:16] [14 MB] [chunked_processor] Job retrieved successfully
    DATA: Array
(
    [status] => running
    [type] => restore
)

[2026-01-15 14:01:16] [14 MB] [JOB_STATE] Job 181434eb-3448-44a1-bb5f-4d8702296cd5 state
    DATA: Array
(
    [status] => running
    [type] => restore
    [phase] => extract
    [progress] => 41.450777202073
)

[2026-01-15 14:01:16] [14 MB] [chunked_processor] get_job called
    DATA: Array
(
    [job_id] => 181434eb-3448-44a1-bb5f-4d8702296cd5
)

[2026-01-15 14:01:16] [14 MB] [chunked_processor] Transient lookup result
    DATA: Array
(
    [option_name] => speed_backups_job_181434eb-3448-44a1-bb5f-4d8702296cd5
    [found] => YES
)

[2026-01-15 14:01:16] [14 MB] [chunked_processor] Job retrieved successfully
    DATA: Array
(
    [status] => running
    [type] => restore
)

[2026-01-15 14:01:16] [14 MB] [chunked_processor] get_job called
    DATA: Array
(
    [job_id] => 181434eb-3448-44a1-bb5f-4d8702296cd5
)

[2026-01-15 14:01:16] [14 MB] [chunked_processor] Transient lookup result
    DATA: Array
(
    [option_name] => speed_backups_job_181434eb-3448-44a1-bb5f-4d8702296cd5
    [found] => YES
)

[2026-01-15 14:01:16] [14 MB] [chunked_processor] Job retrieved successfully
    DATA: Array
(
    [status] => running
    [type] => restore
)

[2026-01-15 14:01:16] [14 MB] [chunked_processor] save_job called
    DATA: Array
(
    [job_id] => 181434eb-3448-44a1-bb5f-4d8702296cd5
    [status] => running
)

[2026-01-15 14:01:16] [14 MB] [chunked_processor] Transient save result
    DATA: Array
(
    [option_name] => speed_backups_job_181434eb-3448-44a1-bb5f-4d8702296cd5
    [success] => YES
)

[2026-01-15 14:01:16] [14 MB] [chunked_processor] Option save result
    DATA: Array
(
    [option_name] => speed_backups_job_181434eb-3448-44a1-bb5f-4d8702296cd5
    [success] => YES
)

[2026-01-15 14:01:16] [14 MB] [chunked_processor] Save verification
    DATA: Array
(
    [verified] => YES
)

[2026-01-15 14:01:16] [14 MB] [chunked_processor] get_job called
    DATA: Array
(
    [job_id] => 181434eb-3448-44a1-bb5f-4d8702296cd5
)

[2026-01-15 14:01:16] [14 MB] [chunked_processor] Transient lookup result
    DATA: Array
(
    [option_name] => speed_backups_job_181434eb-3448-44a1-bb5f-4d8702296cd5
    [found] => YES
)

[2026-01-15 14:01:16] [14 MB] [chunked_processor] Job retrieved successfully
    DATA: Array
(
    [status] => running
    [type] => restore
)

[2026-01-15 14:01:16] [14 MB] [chunked_processor] save_job called
    DATA: Array
(
    [job_id] => 181434eb-3448-44a1-bb5f-4d8702296cd5
    [status] => running
)

[2026-01-15 14:01:16] [14 MB] [chunked_processor] Transient save result
    DATA: Array
(
    [option_name] => speed_backups_job_181434eb-3448-44a1-bb5f-4d8702296cd5
    [success] => YES
)

[2026-01-15 14:01:16] [14 MB] [chunked_processor] Option save result
    DATA: Array
(
    [option_name] => speed_backups_job_181434eb-3448-44a1-bb5f-4d8702296cd5
    [success] => YES
)

[2026-01-15 14:01:16] [14 MB] [chunked_processor] Save verification
    DATA: Array
(
    [verified] => YES
)

[2026-01-15 14:01:16] [14 MB] [chunked_processor] get_job called
    DATA: Array
(
    [job_id] => 181434eb-3448-44a1-bb5f-4d8702296cd5
)

[2026-01-15 14:01:16] [14 MB] [chunked_processor] Transient lookup result
    DATA: Array
(
    [option_name] => speed_backups_job_181434eb-3448-44a1-bb5f-4d8702296cd5
    [found] => YES
)

[2026-01-15 14:01:16] [14 MB] [chunked_processor] Job retrieved successfully
    DATA: Array
(
    [status] => running
    [type] => restore
)

[2026-01-15 14:01:16] [14 MB] [chunked_processor] get_job called
    DATA: Array
(
    [job_id] => 181434eb-3448-44a1-bb5f-4d8702296cd5
)

[2026-01-15 14:01:16] [14 MB] [chunked_processor] Transient lookup result
    DATA: Array
(
    [option_name] => speed_backups_job_181434eb-3448-44a1-bb5f-4d8702296cd5
    [found] => YES
)

[2026-01-15 14:01:16] [14 MB] [chunked_processor] Job retrieved successfully
    DATA: Array
(
    [status] => running
    [type] => restore
)

[2026-01-15 14:01:16] [14 MB] [FUNCTION] >>> ENTER: process_chunk
    DATA: Array
(
    [0] => job_id
)

[2026-01-15 14:01:16] [14 MB] [chunked_processor] get_job called
    DATA: Array
(
    [job_id] => 181434eb-3448-44a1-bb5f-4d8702296cd5
)

[2026-01-15 14:01:16] [14 MB] [chunked_processor] Transient lookup result
    DATA: Array
(
    [option_name] => speed_backups_job_181434eb-3448-44a1-bb5f-4d8702296cd5
    [found] => YES
)

[2026-01-15 14:01:16] [14 MB] [chunked_processor] Job retrieved successfully
    DATA: Array
(
    [status] => running
    [type] => restore
)

[2026-01-15 14:01:16] [14 MB] [JOB_STATE] Job 181434eb-3448-44a1-bb5f-4d8702296cd5 state
    DATA: Array
(
    [status] => running
    [type] => restore
    [phase] => extract
    [progress] => 42.746113989637
)

[2026-01-15 14:01:16] [14 MB] [chunked_processor] get_job called
    DATA: Array
(
    [job_id] => 181434eb-3448-44a1-bb5f-4d8702296cd5
)

[2026-01-15 14:01:16] [14 MB] [chunked_processor] Transient lookup result
    DATA: Array
(
    [option_name] => speed_backups_job_181434eb-3448-44a1-bb5f-4d8702296cd5
    [found] => YES
)

[2026-01-15 14:01:16] [14 MB] [chunked_processor] Job retrieved successfully
    DATA: Array
(
    [status] => running
    [type] => restore
)

[2026-01-15 14:01:16] [14 MB] [chunked_processor] get_job called
    DATA: Array
(
    [job_id] => 181434eb-3448-44a1-bb5f-4d8702296cd5
)

[2026-01-15 14:01:16] [14 MB] [chunked_processor] Transient lookup result
    DATA: Array
(
    [option_name] => speed_backups_job_181434eb-3448-44a1-bb5f-4d8702296cd5
    [found] => YES
)

[2026-01-15 14:01:16] [14 MB] [chunked_processor] Job retrieved successfully
    DATA: Array
(
    [status] => running
    [type] => restore
)

[2026-01-15 14:01:16] [14 MB] [chunked_processor] save_job called
    DATA: Array
(
    [job_id] => 181434eb-3448-44a1-bb5f-4d8702296cd5
    [status] => running
)

[2026-01-15 14:01:16] [14 MB] [chunked_processor] Transient save result
    DATA: Array
(
    [option_name] => speed_backups_job_181434eb-3448-44a1-bb5f-4d8702296cd5
    [success] => YES
)

[2026-01-15 14:01:16] [14 MB] [chunked_processor] Option save result
    DATA: Array
(
    [option_name] => speed_backups_job_181434eb-3448-44a1-bb5f-4d8702296cd5
    [success] => YES
)

[2026-01-15 14:01:16] [14 MB] [chunked_processor] Save verification
    DATA: Array
(
    [verified] => YES
)

[2026-01-15 14:01:16] [14 MB] [chunked_processor] get_job called
    DATA: Array
(
    [job_id] => 181434eb-3448-44a1-bb5f-4d8702296cd5
)

[2026-01-15 14:01:16] [14 MB] [chunked_processor] Transient lookup result
    DATA: Array
(
    [option_name] => speed_backups_job_181434eb-3448-44a1-bb5f-4d8702296cd5
    [found] => YES
)

[2026-01-15 14:01:16] [14 MB] [chunked_processor] Job retrieved successfully
    DATA: Array
(
    [status] => running
    [type] => restore
)

[2026-01-15 14:01:16] [14 MB] [chunked_processor] save_job called
    DATA: Array
(
    [job_id] => 181434eb-3448-44a1-bb5f-4d8702296cd5
    [status] => running
)

[2026-01-15 14:01:16] [14 MB] [chunked_processor] Transient save result
    DATA: Array
(
    [option_name] => speed_backups_job_181434eb-3448-44a1-bb5f-4d8702296cd5
    [success] => YES
)

[2026-01-15 14:01:16] [14 MB] [chunked_processor] Option save result
    DATA: Array
(
    [option_name] => speed_backups_job_181434eb-3448-44a1-bb5f-4d8702296cd5
    [success] => YES
)

[2026-01-15 14:01:16] [14 MB] [chunked_processor] Save verification
    DATA: Array
(
    [verified] => YES
)

[2026-01-15 14:01:16] [14 MB] [chunked_processor] get_job called
    DATA: Array
(
    [job_id] => 181434eb-3448-44a1-bb5f-4d8702296cd5
)

[2026-01-15 14:01:16] [14 MB] [chunked_processor] Transient lookup result
    DATA: Array
(
    [option_name] => speed_backups_job_181434eb-3448-44a1-bb5f-4d8702296cd5
    [found] => YES
)

[2026-01-15 14:01:16] [14 MB] [chunked_processor] Job retrieved successfully
    DATA: Array
(
    [status] => running
    [type] => restore
)

[2026-01-15 14:01:16] [14 MB] [chunked_processor] get_job called
    DATA: Array
(
    [job_id] => 181434eb-3448-44a1-bb5f-4d8702296cd5
)

[2026-01-15 14:01:16] [14 MB] [chunked_processor] Transient lookup result
    DATA: Array
(
    [option_name] => speed_backups_job_181434eb-3448-44a1-bb5f-4d8702296cd5
    [found] => YES
)

[2026-01-15 14:01:16] [14 MB] [chunked_processor] Job retrieved successfully
    DATA: Array
(
    [status] => running
    [type] => restore
)

[2026-01-15 14:01:16] [14 MB] [FUNCTION] >>> ENTER: process_chunk
    DATA: Array
(
    [0] => job_id
)

[2026-01-15 14:01:16] [14 MB] [chunked_processor] get_job called
    DATA: Array
(
    [job_id] => 181434eb-3448-44a1-bb5f-4d8702296cd5
)

[2026-01-15 14:01:16] [14 MB] [chunked_processor] Transient lookup result
    DATA: Array
(
    [option_name] => speed_backups_job_181434eb-3448-44a1-bb5f-4d8702296cd5
    [found] => YES
)

[2026-01-15 14:01:16] [14 MB] [chunked_processor] Job retrieved successfully
    DATA: Array
(
    [status] => running
    [type] => restore
)

[2026-01-15 14:01:16] [14 MB] [JOB_STATE] Job 181434eb-3448-44a1-bb5f-4d8702296cd5 state
    DATA: Array
(
    [status] => running
    [type] => restore
    [phase] => extract
    [progress] => 44.041450777202
)

[2026-01-15 14:01:16] [14 MB] [chunked_processor] get_job called
    DATA: Array
(
    [job_id] => 181434eb-3448-44a1-bb5f-4d8702296cd5
)

[2026-01-15 14:01:16] [14 MB] [chunked_processor] Transient lookup result
    DATA: Array
(
    [option_name] => speed_backups_job_181434eb-3448-44a1-bb5f-4d8702296cd5
    [found] => YES
)

[2026-01-15 14:01:16] [14 MB] [chunked_processor] Job retrieved successfully
    DATA: Array
(
    [status] => running
    [type] => restore
)

[2026-01-15 14:01:16] [14 MB] [chunked_processor] get_job called
    DATA: Array
(
    [job_id] => 181434eb-3448-44a1-bb5f-4d8702296cd5
)

[2026-01-15 14:01:16] [14 MB] [chunked_processor] Transient lookup result
    DATA: Array
(
    [option_name] => speed_backups_job_181434eb-3448-44a1-bb5f-4d8702296cd5
    [found] => YES
)

[2026-01-15 14:01:16] [14 MB] [chunked_processor] Job retrieved successfully
    DATA: Array
(
    [status] => running
    [type] => restore
)

[2026-01-15 14:01:16] [14 MB] [chunked_processor] save_job called
    DATA: Array
(
    [job_id] => 181434eb-3448-44a1-bb5f-4d8702296cd5
    [status] => running
)

[2026-01-15 14:01:16] [14 MB] [chunked_processor] Transient save result
    DATA: Array
(
    [option_name] => speed_backups_job_181434eb-3448-44a1-bb5f-4d8702296cd5
    [success] => YES
)

[2026-01-15 14:01:16] [14 MB] [chunked_processor] Option save result
    DATA: Array
(
    [option_name] => speed_backups_job_181434eb-3448-44a1-bb5f-4d8702296cd5
    [success] => YES
)

[2026-01-15 14:01:16] [14 MB] [chunked_processor] Save verification
    DATA: Array
(
    [verified] => YES
)

[2026-01-15 14:01:16] [14 MB] [chunked_processor] get_job called
    DATA: Array
(
    [job_id] => 181434eb-3448-44a1-bb5f-4d8702296cd5
)

[2026-01-15 14:01:16] [14 MB] [chunked_processor] Transient lookup result
    DATA: Array
(
    [option_name] => speed_backups_job_181434eb-3448-44a1-bb5f-4d8702296cd5
    [found] => YES
)

[2026-01-15 14:01:16] [14 MB] [chunked_processor] Job retrieved successfully
    DATA: Array
(
    [status] => running
    [type] => restore
)

[2026-01-15 14:01:16] [14 MB] [chunked_processor] save_job called
    DATA: Array
(
    [job_id] => 181434eb-3448-44a1-bb5f-4d8702296cd5
    [status] => running
)

[2026-01-15 14:01:16] [14 MB] [chunked_processor] Transient save result
    DATA: Array
(
    [option_name] => speed_backups_job_181434eb-3448-44a1-bb5f-4d8702296cd5
    [success] => YES
)

[2026-01-15 14:01:16] [14 MB] [chunked_processor] Option save result
    DATA: Array
(
    [option_name] => speed_backups_job_181434eb-3448-44a1-bb5f-4d8702296cd5
    [success] => YES
)

[2026-01-15 14:01:16] [14 MB] [chunked_processor] Save verification
    DATA: Array
(
    [verified] => YES
)

[2026-01-15 14:01:16] [14 MB] [chunked_processor] get_job called
    DATA: Array
(
    [job_id] => 181434eb-3448-44a1-bb5f-4d8702296cd5
)

[2026-01-15 14:01:16] [14 MB] [chunked_processor] Transient lookup result
    DATA: Array
(
    [option_name] => speed_backups_job_181434eb-3448-44a1-bb5f-4d8702296cd5
    [found] => YES
)

[2026-01-15 14:01:16] [14 MB] [chunked_processor] Job retrieved successfully
    DATA: Array
(
    [status] => running
    [type] => restore
)

[2026-01-15 14:01:16] [14 MB] [chunked_processor] get_job called
    DATA: Array
(
    [job_id] => 181434eb-3448-44a1-bb5f-4d8702296cd5
)

[2026-01-15 14:01:16] [14 MB] [chunked_processor] Transient lookup result
    DATA: Array
(
    [option_name] => speed_backups_job_181434eb-3448-44a1-bb5f-4d8702296cd5
    [found] => YES
)

[2026-01-15 14:01:16] [14 MB] [chunked_processor] Job retrieved successfully
    DATA: Array
(
    [status] => running
    [type] => restore
)

[2026-01-15 14:01:17] [14 MB] [FUNCTION] >>> ENTER: process_chunk
    DATA: Array
(
    [0] => job_id
)

[2026-01-15 14:01:17] [14 MB] [chunked_processor] get_job called
    DATA: Array
(
    [job_id] => 181434eb-3448-44a1-bb5f-4d8702296cd5
)

[2026-01-15 14:01:17] [14 MB] [chunked_processor] Transient lookup result
    DATA: Array
(
    [option_name] => speed_backups_job_181434eb-3448-44a1-bb5f-4d8702296cd5
    [found] => YES
)

[2026-01-15 14:01:17] [14 MB] [chunked_processor] Job retrieved successfully
    DATA: Array
(
    [status] => running
    [type] => restore
)

[2026-01-15 14:01:17] [14 MB] [JOB_STATE] Job 181434eb-3448-44a1-bb5f-4d8702296cd5 state
    DATA: Array
(
    [status] => running
    [type] => restore
    [phase] => extract
    [progress] => 45.336787564767
)

[2026-01-15 14:01:17] [14 MB] [chunked_processor] get_job called
    DATA: Array
(
    [job_id] => 181434eb-3448-44a1-bb5f-4d8702296cd5
)

[2026-01-15 14:01:17] [14 MB] [chunked_processor] Transient lookup result
    DATA: Array
(
    [option_name] => speed_backups_job_181434eb-3448-44a1-bb5f-4d8702296cd5
    [found] => YES
)

[2026-01-15 14:01:17] [14 MB] [chunked_processor] Job retrieved successfully
    DATA: Array
(
    [status] => running
    [type] => restore
)

[2026-01-15 14:01:17] [14 MB] [chunked_processor] get_job called
    DATA: Array
(
    [job_id] => 181434eb-3448-44a1-bb5f-4d8702296cd5
)

[2026-01-15 14:01:17] [14 MB] [chunked_processor] Transient lookup result
    DATA: Array
(
    [option_name] => speed_backups_job_181434eb-3448-44a1-bb5f-4d8702296cd5
    [found] => YES
)

[2026-01-15 14:01:17] [14 MB] [chunked_processor] Job retrieved successfully
    DATA: Array
(
    [status] => running
    [type] => restore
)

[2026-01-15 14:01:17] [14 MB] [chunked_processor] save_job called
    DATA: Array
(
    [job_id] => 181434eb-3448-44a1-bb5f-4d8702296cd5
    [status] => running
)

[2026-01-15 14:01:17] [14 MB] [chunked_processor] Transient save result
    DATA: Array
(
    [option_name] => speed_backups_job_181434eb-3448-44a1-bb5f-4d8702296cd5
    [success] => YES
)

[2026-01-15 14:01:17] [14 MB] [chunked_processor] Option save result
    DATA: Array
(
    [option_name] => speed_backups_job_181434eb-3448-44a1-bb5f-4d8702296cd5
    [success] => YES
)

[2026-01-15 14:01:17] [14 MB] [chunked_processor] Save verification
    DATA: Array
(
    [verified] => YES
)

[2026-01-15 14:01:17] [14 MB] [chunked_processor] get_job called
    DATA: Array
(
    [job_id] => 181434eb-3448-44a1-bb5f-4d8702296cd5
)

[2026-01-15 14:01:17] [14 MB] [chunked_processor] Transient lookup result
    DATA: Array
(
    [option_name] => speed_backups_job_181434eb-3448-44a1-bb5f-4d8702296cd5
    [found] => YES
)

[2026-01-15 14:01:17] [14 MB] [chunked_processor] Job retrieved successfully
    DATA: Array
(
    [status] => running
    [type] => restore
)

[2026-01-15 14:01:17] [14 MB] [chunked_processor] save_job called
    DATA: Array
(
    [job_id] => 181434eb-3448-44a1-bb5f-4d8702296cd5
    [status] => running
)

[2026-01-15 14:01:17] [14 MB] [chunked_processor] Transient save result
    DATA: Array
(
    [option_name] => speed_backups_job_181434eb-3448-44a1-bb5f-4d8702296cd5
    [success] => YES
)

[2026-01-15 14:01:17] [14 MB] [chunked_processor] Option save result
    DATA: Array
(
    [option_name] => speed_backups_job_181434eb-3448-44a1-bb5f-4d8702296cd5
    [success] => YES
)

[2026-01-15 14:01:17] [14 MB] [chunked_processor] Save verification
    DATA: Array
(
    [verified] => YES
)

[2026-01-15 14:01:17] [14 MB] [chunked_processor] get_job called
    DATA: Array
(
    [job_id] => 181434eb-3448-44a1-bb5f-4d8702296cd5
)

[2026-01-15 14:01:17] [14 MB] [chunked_processor] Transient lookup result
    DATA: Array
(
    [option_name] => speed_backups_job_181434eb-3448-44a1-bb5f-4d8702296cd5
    [found] => YES
)

[2026-01-15 14:01:17] [14 MB] [chunked_processor] Job retrieved successfully
    DATA: Array
(
    [status] => running
    [type] => restore
)

[2026-01-15 14:01:17] [14 MB] [chunked_processor] get_job called
    DATA: Array
(
    [job_id] => 181434eb-3448-44a1-bb5f-4d8702296cd5
)

[2026-01-15 14:01:17] [14 MB] [chunked_processor] Transient lookup result
    DATA: Array
(
    [option_name] => speed_backups_job_181434eb-3448-44a1-bb5f-4d8702296cd5
    [found] => YES
)

[2026-01-15 14:01:17] [14 MB] [chunked_processor] Job retrieved successfully
    DATA: Array
(
    [status] => running
    [type] => restore
)

[2026-01-15 14:01:17] [14 MB] [FUNCTION] >>> ENTER: process_chunk
    DATA: Array
(
    [0] => job_id
)

[2026-01-15 14:01:17] [14 MB] [chunked_processor] get_job called
    DATA: Array
(
    [job_id] => 181434eb-3448-44a1-bb5f-4d8702296cd5
)

[2026-01-15 14:01:17] [14 MB] [chunked_processor] Transient lookup result
    DATA: Array
(
    [option_name] => speed_backups_job_181434eb-3448-44a1-bb5f-4d8702296cd5
    [found] => YES
)

[2026-01-15 14:01:17] [14 MB] [chunked_processor] Job retrieved successfully
    DATA: Array
(
    [status] => running
    [type] => restore
)

[2026-01-15 14:01:17] [14 MB] [JOB_STATE] Job 181434eb-3448-44a1-bb5f-4d8702296cd5 state
    DATA: Array
(
    [status] => running
    [type] => restore
    [phase] => extract
    [progress] => 46.632124352332
)

[2026-01-15 14:01:17] [14 MB] [chunked_processor] get_job called
    DATA: Array
(
    [job_id] => 181434eb-3448-44a1-bb5f-4d8702296cd5
)

[2026-01-15 14:01:17] [14 MB] [chunked_processor] Transient lookup result
    DATA: Array
(
    [option_name] => speed_backups_job_181434eb-3448-44a1-bb5f-4d8702296cd5
    [found] => YES
)

[2026-01-15 14:01:17] [14 MB] [chunked_processor] Job retrieved successfully
    DATA: Array
(
    [status] => running
    [type] => restore
)

[2026-01-15 14:01:17] [14 MB] [chunked_processor] get_job called
    DATA: Array
(
    [job_id] => 181434eb-3448-44a1-bb5f-4d8702296cd5
)

[2026-01-15 14:01:17] [14 MB] [chunked_processor] Transient lookup result
    DATA: Array
(
    [option_name] => speed_backups_job_181434eb-3448-44a1-bb5f-4d8702296cd5
    [found] => YES
)

[2026-01-15 14:01:17] [14 MB] [chunked_processor] Job retrieved successfully
    DATA: Array
(
    [status] => running
    [type] => restore
)

[2026-01-15 14:01:17] [14 MB] [chunked_processor] save_job called
    DATA: Array
(
    [job_id] => 181434eb-3448-44a1-bb5f-4d8702296cd5
    [status] => running
)

[2026-01-15 14:01:17] [14 MB] [chunked_processor] Transient save result
    DATA: Array
(
    [option_name] => speed_backups_job_181434eb-3448-44a1-bb5f-4d8702296cd5
    [success] => YES
)

[2026-01-15 14:01:17] [14 MB] [chunked_processor] Option save result
    DATA: Array
(
    [option_name] => speed_backups_job_181434eb-3448-44a1-bb5f-4d8702296cd5
    [success] => YES
)

[2026-01-15 14:01:17] [14 MB] [chunked_processor] Save verification
    DATA: Array
(
    [verified] => YES
)

[2026-01-15 14:01:17] [14 MB] [chunked_processor] get_job called
    DATA: Array
(
    [job_id] => 181434eb-3448-44a1-bb5f-4d8702296cd5
)

[2026-01-15 14:01:17] [14 MB] [chunked_processor] Transient lookup result
    DATA: Array
(
    [option_name] => speed_backups_job_181434eb-3448-44a1-bb5f-4d8702296cd5
    [found] => YES
)

[2026-01-15 14:01:17] [14 MB] [chunked_processor] Job retrieved successfully
    DATA: Array
(
    [status] => running
    [type] => restore
)

[2026-01-15 14:01:17] [14 MB] [chunked_processor] save_job called
    DATA: Array
(
    [job_id] => 181434eb-3448-44a1-bb5f-4d8702296cd5
    [status] => running
)

[2026-01-15 14:01:17] [14 MB] [chunked_processor] Transient save result
    DATA: Array
(
    [option_name] => speed_backups_job_181434eb-3448-44a1-bb5f-4d8702296cd5
    [success] => YES
)

[2026-01-15 14:01:17] [14 MB] [chunked_processor] Option save result
    DATA: Array
(
    [option_name] => speed_backups_job_181434eb-3448-44a1-bb5f-4d8702296cd5
    [success] => YES
)

[2026-01-15 14:01:17] [14 MB] [chunked_processor] Save verification
    DATA: Array
(
    [verified] => YES
)

[2026-01-15 14:01:17] [14 MB] [chunked_processor] get_job called
    DATA: Array
(
    [job_id] => 181434eb-3448-44a1-bb5f-4d8702296cd5
)

[2026-01-15 14:01:17] [14 MB] [chunked_processor] Transient lookup result
    DATA: Array
(
    [option_name] => speed_backups_job_181434eb-3448-44a1-bb5f-4d8702296cd5
    [found] => YES
)

[2026-01-15 14:01:17] [14 MB] [chunked_processor] Job retrieved successfully
    DATA: Array
(
    [status] => running
    [type] => restore
)

[2026-01-15 14:01:17] [14 MB] [chunked_processor] get_job called
    DATA: Array
(
    [job_id] => 181434eb-3448-44a1-bb5f-4d8702296cd5
)

[2026-01-15 14:01:17] [14 MB] [chunked_processor] Transient lookup result
    DATA: Array
(
    [option_name] => speed_backups_job_181434eb-3448-44a1-bb5f-4d8702296cd5
    [found] => YES
)

[2026-01-15 14:01:17] [14 MB] [chunked_processor] Job retrieved successfully
    DATA: Array
(
    [status] => running
    [type] => restore
)

[2026-01-15 14:01:17] [14 MB] [FUNCTION] >>> ENTER: process_chunk
    DATA: Array
(
    [0] => job_id
)

[2026-01-15 14:01:17] [14 MB] [chunked_processor] get_job called
    DATA: Array
(
    [job_id] => 181434eb-3448-44a1-bb5f-4d8702296cd5
)

[2026-01-15 14:01:17] [14 MB] [chunked_processor] Transient lookup result
    DATA: Array
(
    [option_name] => speed_backups_job_181434eb-3448-44a1-bb5f-4d8702296cd5
    [found] => YES
)

[2026-01-15 14:01:17] [14 MB] [chunked_processor] Job retrieved successfully
    DATA: Array
(
    [status] => running
    [type] => restore
)

[2026-01-15 14:01:17] [14 MB] [JOB_STATE] Job 181434eb-3448-44a1-bb5f-4d8702296cd5 state
    DATA: Array
(
    [status] => running
    [type] => restore
    [phase] => extract
    [progress] => 47.927461139896
)

[2026-01-15 14:01:17] [14 MB] [chunked_processor] get_job called
    DATA: Array
(
    [job_id] => 181434eb-3448-44a1-bb5f-4d8702296cd5
)

[2026-01-15 14:01:17] [14 MB] [chunked_processor] Transient lookup result
    DATA: Array
(
    [option_name] => speed_backups_job_181434eb-3448-44a1-bb5f-4d8702296cd5
    [found] => YES
)

[2026-01-15 14:01:17] [14 MB] [chunked_processor] Job retrieved successfully
    DATA: Array
(
    [status] => running
    [type] => restore
)

[2026-01-15 14:01:17] [14 MB] [chunked_processor] get_job called
    DATA: Array
(
    [job_id] => 181434eb-3448-44a1-bb5f-4d8702296cd5
)

[2026-01-15 14:01:17] [14 MB] [chunked_processor] Transient lookup result
    DATA: Array
(
    [option_name] => speed_backups_job_181434eb-3448-44a1-bb5f-4d8702296cd5
    [found] => YES
)

[2026-01-15 14:01:17] [14 MB] [chunked_processor] Job retrieved successfully
    DATA: Array
(
    [status] => running
    [type] => restore
)

[2026-01-15 14:01:17] [14 MB] [chunked_processor] save_job called
    DATA: Array
(
    [job_id] => 181434eb-3448-44a1-bb5f-4d8702296cd5
    [status] => running
)

[2026-01-15 14:01:17] [14 MB] [chunked_processor] Transient save result
    DATA: Array
(
    [option_name] => speed_backups_job_181434eb-3448-44a1-bb5f-4d8702296cd5
    [success] => YES
)

[2026-01-15 14:01:17] [14 MB] [chunked_processor] Option save result
    DATA: Array
(
    [option_name] => speed_backups_job_181434eb-3448-44a1-bb5f-4d8702296cd5
    [success] => YES
)

[2026-01-15 14:01:17] [14 MB] [chunked_processor] Save verification
    DATA: Array
(
    [verified] => YES
)

[2026-01-15 14:01:17] [14 MB] [chunked_processor] get_job called
    DATA: Array
(
    [job_id] => 181434eb-3448-44a1-bb5f-4d8702296cd5
)

[2026-01-15 14:01:17] [14 MB] [chunked_processor] Transient lookup result
    DATA: Array
(
    [option_name] => speed_backups_job_181434eb-3448-44a1-bb5f-4d8702296cd5
    [found] => YES
)

[2026-01-15 14:01:17] [14 MB] [chunked_processor] Job retrieved successfully
    DATA: Array
(
    [status] => running
    [type] => restore
)

[2026-01-15 14:01:17] [14 MB] [chunked_processor] save_job called
    DATA: Array
(
    [job_id] => 181434eb-3448-44a1-bb5f-4d8702296cd5
    [status] => running
)

[2026-01-15 14:01:17] [14 MB] [chunked_processor] Transient save result
    DATA: Array
(
    [option_name] => speed_backups_job_181434eb-3448-44a1-bb5f-4d8702296cd5
    [success] => YES
)

[2026-01-15 14:01:17] [14 MB] [chunked_processor] Option save result
    DATA: Array
(
    [option_name] => speed_backups_job_181434eb-3448-44a1-bb5f-4d8702296cd5
    [success] => YES
)

[2026-01-15 14:01:17] [14 MB] [chunked_processor] Save verification
    DATA: Array
(
    [verified] => YES
)

[2026-01-15 14:01:17] [14 MB] [chunked_processor] get_job called
    DATA: Array
(
    [job_id] => 181434eb-3448-44a1-bb5f-4d8702296cd5
)

[2026-01-15 14:01:17] [14 MB] [chunked_processor] Transient lookup result
    DATA: Array
(
    [option_name] => speed_backups_job_181434eb-3448-44a1-bb5f-4d8702296cd5
    [found] => YES
)

[2026-01-15 14:01:17] [14 MB] [chunked_processor] Job retrieved successfully
    DATA: Array
(
    [status] => running
    [type] => restore
)

[2026-01-15 14:01:17] [14 MB] [chunked_processor] get_job called
    DATA: Array
(
    [job_id] => 181434eb-3448-44a1-bb5f-4d8702296cd5
)

[2026-01-15 14:01:17] [14 MB] [chunked_processor] Transient lookup result
    DATA: Array
(
    [option_name] => speed_backups_job_181434eb-3448-44a1-bb5f-4d8702296cd5
    [found] => YES
)

[2026-01-15 14:01:17] [14 MB] [chunked_processor] Job retrieved successfully
    DATA: Array
(
    [status] => running
    [type] => restore
)

[2026-01-15 14:01:18] [14 MB] [FUNCTION] >>> ENTER: process_chunk
    DATA: Array
(
    [0] => job_id
)

[2026-01-15 14:01:18] [14 MB] [chunked_processor] get_job called
    DATA: Array
(
    [job_id] => 181434eb-3448-44a1-bb5f-4d8702296cd5
)

[2026-01-15 14:01:18] [14 MB] [chunked_processor] Transient lookup result
    DATA: Array
(
    [option_name] => speed_backups_job_181434eb-3448-44a1-bb5f-4d8702296cd5
    [found] => YES
)

[2026-01-15 14:01:18] [14 MB] [chunked_processor] Job retrieved successfully
    DATA: Array
(
    [status] => running
    [type] => restore
)

[2026-01-15 14:01:18] [14 MB] [JOB_STATE] Job 181434eb-3448-44a1-bb5f-4d8702296cd5 state
    DATA: Array
(
    [status] => running
    [type] => restore
    [phase] => extract
    [progress] => 49.222797927461
)

[2026-01-15 14:01:18] [14 MB] [chunked_processor] get_job called
    DATA: Array
(
    [job_id] => 181434eb-3448-44a1-bb5f-4d8702296cd5
)

[2026-01-15 14:01:18] [14 MB] [chunked_processor] Transient lookup result
    DATA: Array
(
    [option_name] => speed_backups_job_181434eb-3448-44a1-bb5f-4d8702296cd5
    [found] => YES
)

[2026-01-15 14:01:18] [14 MB] [chunked_processor] Job retrieved successfully
    DATA: Array
(
    [status] => running
    [type] => restore
)

[2026-01-15 14:01:18] [14 MB] [chunked_processor] get_job called
    DATA: Array
(
    [job_id] => 181434eb-3448-44a1-bb5f-4d8702296cd5
)

[2026-01-15 14:01:18] [14 MB] [chunked_processor] Transient lookup result
    DATA: Array
(
    [option_name] => speed_backups_job_181434eb-3448-44a1-bb5f-4d8702296cd5
    [found] => YES
)

[2026-01-15 14:01:18] [14 MB] [chunked_processor] Job retrieved successfully
    DATA: Array
(
    [status] => running
    [type] => restore
)

[2026-01-15 14:01:18] [14 MB] [chunked_processor] save_job called
    DATA: Array
(
    [job_id] => 181434eb-3448-44a1-bb5f-4d8702296cd5
    [status] => running
)

[2026-01-15 14:01:18] [14 MB] [chunked_processor] Transient save result
    DATA: Array
(
    [option_name] => speed_backups_job_181434eb-3448-44a1-bb5f-4d8702296cd5
    [success] => YES
)

[2026-01-15 14:01:18] [14 MB] [chunked_processor] Option save result
    DATA: Array
(
    [option_name] => speed_backups_job_181434eb-3448-44a1-bb5f-4d8702296cd5
    [success] => YES
)

[2026-01-15 14:01:18] [14 MB] [chunked_processor] Save verification
    DATA: Array
(
    [verified] => YES
)

[2026-01-15 14:01:18] [14 MB] [chunked_processor] get_job called
    DATA: Array
(
    [job_id] => 181434eb-3448-44a1-bb5f-4d8702296cd5
)

[2026-01-15 14:01:18] [14 MB] [chunked_processor] Transient lookup result
    DATA: Array
(
    [option_name] => speed_backups_job_181434eb-3448-44a1-bb5f-4d8702296cd5
    [found] => YES
)

[2026-01-15 14:01:18] [14 MB] [chunked_processor] Job retrieved successfully
    DATA: Array
(
    [status] => running
    [type] => restore
)

[2026-01-15 14:01:18] [14 MB] [chunked_processor] save_job called
    DATA: Array
(
    [job_id] => 181434eb-3448-44a1-bb5f-4d8702296cd5
    [status] => running
)

[2026-01-15 14:01:18] [14 MB] [chunked_processor] Transient save result
    DATA: Array
(
    [option_name] => speed_backups_job_181434eb-3448-44a1-bb5f-4d8702296cd5
    [success] => YES
)

[2026-01-15 14:01:18] [14 MB] [chunked_processor] Option save result
    DATA: Array
(
    [option_name] => speed_backups_job_181434eb-3448-44a1-bb5f-4d8702296cd5
    [success] => YES
)

[2026-01-15 14:01:18] [14 MB] [chunked_processor] Save verification
    DATA: Array
(
    [verified] => YES
)

[2026-01-15 14:01:18] [14 MB] [chunked_processor] get_job called
    DATA: Array
(
    [job_id] => 181434eb-3448-44a1-bb5f-4d8702296cd5
)

[2026-01-15 14:01:18] [14 MB] [chunked_processor] Transient lookup result
    DATA: Array
(
    [option_name] => speed_backups_job_181434eb-3448-44a1-bb5f-4d8702296cd5
    [found] => YES
)

[2026-01-15 14:01:18] [14 MB] [chunked_processor] Job retrieved successfully
    DATA: Array
(
    [status] => running
    [type] => restore
)

[2026-01-15 14:01:18] [14 MB] [chunked_processor] get_job called
    DATA: Array
(
    [job_id] => 181434eb-3448-44a1-bb5f-4d8702296cd5
)

[2026-01-15 14:01:18] [14 MB] [chunked_processor] Transient lookup result
    DATA: Array
(
    [option_name] => speed_backups_job_181434eb-3448-44a1-bb5f-4d8702296cd5
    [found] => YES
)

[2026-01-15 14:01:18] [14 MB] [chunked_processor] Job retrieved successfully
    DATA: Array
(
    [status] => running
    [type] => restore
)

[2026-01-15 14:01:18] [14 MB] [FUNCTION] >>> ENTER: process_chunk
    DATA: Array
(
    [0] => job_id
)

[2026-01-15 14:01:18] [14 MB] [chunked_processor] get_job called
    DATA: Array
(
    [job_id] => 181434eb-3448-44a1-bb5f-4d8702296cd5
)

[2026-01-15 14:01:18] [14 MB] [chunked_processor] Transient lookup result
    DATA: Array
(
    [option_name] => speed_backups_job_181434eb-3448-44a1-bb5f-4d8702296cd5
    [found] => YES
)

[2026-01-15 14:01:18] [14 MB] [chunked_processor] Job retrieved successfully
    DATA: Array
(
    [status] => running
    [type] => restore
)

[2026-01-15 14:01:18] [14 MB] [JOB_STATE] Job 181434eb-3448-44a1-bb5f-4d8702296cd5 state
    DATA: Array
(
    [status] => running
    [type] => restore
    [phase] => extract
    [progress] => 50.518134715026
)

[2026-01-15 14:01:18] [14 MB] [chunked_processor] get_job called
    DATA: Array
(
    [job_id] => 181434eb-3448-44a1-bb5f-4d8702296cd5
)

[2026-01-15 14:01:18] [14 MB] [chunked_processor] Transient lookup result
    DATA: Array
(
    [option_name] => speed_backups_job_181434eb-3448-44a1-bb5f-4d8702296cd5
    [found] => YES
)

[2026-01-15 14:01:18] [14 MB] [chunked_processor] Job retrieved successfully
    DATA: Array
(
    [status] => running
    [type] => restore
)

[2026-01-15 14:01:18] [14 MB] [chunked_processor] get_job called
    DATA: Array
(
    [job_id] => 181434eb-3448-44a1-bb5f-4d8702296cd5
)

[2026-01-15 14:01:18] [14 MB] [chunked_processor] Transient lookup result
    DATA: Array
(
    [option_name] => speed_backups_job_181434eb-3448-44a1-bb5f-4d8702296cd5
    [found] => YES
)

[2026-01-15 14:01:18] [14 MB] [chunked_processor] Job retrieved successfully
    DATA: Array
(
    [status] => running
    [type] => restore
)

[2026-01-15 14:01:18] [14 MB] [chunked_processor] save_job called
    DATA: Array
(
    [job_id] => 181434eb-3448-44a1-bb5f-4d8702296cd5
    [status] => running
)

[2026-01-15 14:01:18] [14 MB] [chunked_processor] Transient save result
    DATA: Array
(
    [option_name] => speed_backups_job_181434eb-3448-44a1-bb5f-4d8702296cd5
    [success] => YES
)

[2026-01-15 14:01:18] [14 MB] [chunked_processor] Option save result
    DATA: Array
(
    [option_name] => speed_backups_job_181434eb-3448-44a1-bb5f-4d8702296cd5
    [success] => YES
)

[2026-01-15 14:01:18] [14 MB] [chunked_processor] Save verification
    DATA: Array
(
    [verified] => YES
)

[2026-01-15 14:01:18] [14 MB] [chunked_processor] get_job called
    DATA: Array
(
    [job_id] => 181434eb-3448-44a1-bb5f-4d8702296cd5
)

[2026-01-15 14:01:18] [14 MB] [chunked_processor] Transient lookup result
    DATA: Array
(
    [option_name] => speed_backups_job_181434eb-3448-44a1-bb5f-4d8702296cd5
    [found] => YES
)

[2026-01-15 14:01:18] [14 MB] [chunked_processor] Job retrieved successfully
    DATA: Array
(
    [status] => running
    [type] => restore
)

[2026-01-15 14:01:18] [14 MB] [chunked_processor] save_job called
    DATA: Array
(
    [job_id] => 181434eb-3448-44a1-bb5f-4d8702296cd5
    [status] => running
)

[2026-01-15 14:01:18] [14 MB] [chunked_processor] Transient save result
    DATA: Array
(
    [option_name] => speed_backups_job_181434eb-3448-44a1-bb5f-4d8702296cd5
    [success] => YES
)

[2026-01-15 14:01:18] [14 MB] [chunked_processor] Option save result
    DATA: Array
(
    [option_name] => speed_backups_job_181434eb-3448-44a1-bb5f-4d8702296cd5
    [success] => YES
)

[2026-01-15 14:01:18] [14 MB] [chunked_processor] Save verification
    DATA: Array
(
    [verified] => YES
)

[2026-01-15 14:01:18] [14 MB] [chunked_processor] get_job called
    DATA: Array
(
    [job_id] => 181434eb-3448-44a1-bb5f-4d8702296cd5
)

[2026-01-15 14:01:18] [14 MB] [chunked_processor] Transient lookup result
    DATA: Array
(
    [option_name] => speed_backups_job_181434eb-3448-44a1-bb5f-4d8702296cd5
    [found] => YES
)

[2026-01-15 14:01:18] [14 MB] [chunked_processor] Job retrieved successfully
    DATA: Array
(
    [status] => running
    [type] => restore
)

[2026-01-15 14:01:18] [14 MB] [chunked_processor] get_job called
    DATA: Array
(
    [job_id] => 181434eb-3448-44a1-bb5f-4d8702296cd5
)

[2026-01-15 14:01:18] [14 MB] [chunked_processor] Transient lookup result
    DATA: Array
(
    [option_name] => speed_backups_job_181434eb-3448-44a1-bb5f-4d8702296cd5
    [found] => YES
)

[2026-01-15 14:01:18] [14 MB] [chunked_processor] Job retrieved successfully
    DATA: Array
(
    [status] => running
    [type] => restore
)

[2026-01-15 14:01:18] [14 MB] [FUNCTION] >>> ENTER: process_chunk
    DATA: Array
(
    [0] => job_id
)

[2026-01-15 14:01:18] [14 MB] [chunked_processor] get_job called
    DATA: Array
(
    [job_id] => 181434eb-3448-44a1-bb5f-4d8702296cd5
)

[2026-01-15 14:01:18] [14 MB] [chunked_processor] Transient lookup result
    DATA: Array
(
    [option_name] => speed_backups_job_181434eb-3448-44a1-bb5f-4d8702296cd5
    [found] => YES
)

[2026-01-15 14:01:18] [14 MB] [chunked_processor] Job retrieved successfully
    DATA: Array
(
    [status] => running
    [type] => restore
)

[2026-01-15 14:01:18] [14 MB] [JOB_STATE] Job 181434eb-3448-44a1-bb5f-4d8702296cd5 state
    DATA: Array
(
    [status] => running
    [type] => restore
    [phase] => extract
    [progress] => 51.813471502591
)

[2026-01-15 14:01:18] [14 MB] [chunked_processor] get_job called
    DATA: Array
(
    [job_id] => 181434eb-3448-44a1-bb5f-4d8702296cd5
)

[2026-01-15 14:01:18] [14 MB] [chunked_processor] Transient lookup result
    DATA: Array
(
    [option_name] => speed_backups_job_181434eb-3448-44a1-bb5f-4d8702296cd5
    [found] => YES
)

[2026-01-15 14:01:18] [14 MB] [chunked_processor] Job retrieved successfully
    DATA: Array
(
    [status] => running
    [type] => restore
)

[2026-01-15 14:01:18] [14 MB] [chunked_processor] get_job called
    DATA: Array
(
    [job_id] => 181434eb-3448-44a1-bb5f-4d8702296cd5
)

[2026-01-15 14:01:18] [14 MB] [chunked_processor] Transient lookup result
    DATA: Array
(
    [option_name] => speed_backups_job_181434eb-3448-44a1-bb5f-4d8702296cd5
    [found] => YES
)

[2026-01-15 14:01:18] [14 MB] [chunked_processor] Job retrieved successfully
    DATA: Array
(
    [status] => running
    [type] => restore
)

[2026-01-15 14:01:18] [14 MB] [chunked_processor] save_job called
    DATA: Array
(
    [job_id] => 181434eb-3448-44a1-bb5f-4d8702296cd5
    [status] => running
)

[2026-01-15 14:01:18] [14 MB] [chunked_processor] Transient save result
    DATA: Array
(
    [option_name] => speed_backups_job_181434eb-3448-44a1-bb5f-4d8702296cd5
    [success] => YES
)

[2026-01-15 14:01:18] [14 MB] [chunked_processor] Option save result
    DATA: Array
(
    [option_name] => speed_backups_job_181434eb-3448-44a1-bb5f-4d8702296cd5
    [success] => YES
)

[2026-01-15 14:01:18] [14 MB] [chunked_processor] Save verification
    DATA: Array
(
    [verified] => YES
)

[2026-01-15 14:01:18] [14 MB] [chunked_processor] get_job called
    DATA: Array
(
    [job_id] => 181434eb-3448-44a1-bb5f-4d8702296cd5
)

[2026-01-15 14:01:18] [14 MB] [chunked_processor] Transient lookup result
    DATA: Array
(
    [option_name] => speed_backups_job_181434eb-3448-44a1-bb5f-4d8702296cd5
    [found] => YES
)

[2026-01-15 14:01:18] [14 MB] [chunked_processor] Job retrieved successfully
    DATA: Array
(
    [status] => running
    [type] => restore
)

[2026-01-15 14:01:18] [14 MB] [chunked_processor] save_job called
    DATA: Array
(
    [job_id] => 181434eb-3448-44a1-bb5f-4d8702296cd5
    [status] => running
)

[2026-01-15 14:01:18] [14 MB] [chunked_processor] Transient save result
    DATA: Array
(
    [option_name] => speed_backups_job_181434eb-3448-44a1-bb5f-4d8702296cd5
    [success] => YES
)

[2026-01-15 14:01:18] [14 MB] [chunked_processor] Option save result
    DATA: Array
(
    [option_name] => speed_backups_job_181434eb-3448-44a1-bb5f-4d8702296cd5
    [success] => YES
)

[2026-01-15 14:01:18] [14 MB] [chunked_processor] Save verification
    DATA: Array
(
    [verified] => YES
)

[2026-01-15 14:01:18] [14 MB] [chunked_processor] get_job called
    DATA: Array
(
    [job_id] => 181434eb-3448-44a1-bb5f-4d8702296cd5
)

[2026-01-15 14:01:18] [14 MB] [chunked_processor] Transient lookup result
    DATA: Array
(
    [option_name] => speed_backups_job_181434eb-3448-44a1-bb5f-4d8702296cd5
    [found] => YES
)

[2026-01-15 14:01:18] [14 MB] [chunked_processor] Job retrieved successfully
    DATA: Array
(
    [status] => running
    [type] => restore
)

[2026-01-15 14:01:18] [14 MB] [chunked_processor] get_job called
    DATA: Array
(
    [job_id] => 181434eb-3448-44a1-bb5f-4d8702296cd5
)

[2026-01-15 14:01:18] [14 MB] [chunked_processor] Transient lookup result
    DATA: Array
(
    [option_name] => speed_backups_job_181434eb-3448-44a1-bb5f-4d8702296cd5
    [found] => YES
)

[2026-01-15 14:01:18] [14 MB] [chunked_processor] Job retrieved successfully
    DATA: Array
(
    [status] => running
    [type] => restore
)

[2026-01-15 14:01:19] [14 MB] [FUNCTION] >>> ENTER: process_chunk
    DATA: Array
(
    [0] => job_id
)

[2026-01-15 14:01:19] [14 MB] [chunked_processor] get_job called
    DATA: Array
(
    [job_id] => 181434eb-3448-44a1-bb5f-4d8702296cd5
)

[2026-01-15 14:01:19] [14 MB] [chunked_processor] Transient lookup result
    DATA: Array
(
    [option_name] => speed_backups_job_181434eb-3448-44a1-bb5f-4d8702296cd5
    [found] => YES
)

[2026-01-15 14:01:19] [14 MB] [chunked_processor] Job retrieved successfully
    DATA: Array
(
    [status] => running
    [type] => restore
)

[2026-01-15 14:01:19] [14 MB] [JOB_STATE] Job 181434eb-3448-44a1-bb5f-4d8702296cd5 state
    DATA: Array
(
    [status] => running
    [type] => restore
    [phase] => extract
    [progress] => 53.108808290155
)

[2026-01-15 14:01:19] [14 MB] [chunked_processor] get_job called
    DATA: Array
(
    [job_id] => 181434eb-3448-44a1-bb5f-4d8702296cd5
)

[2026-01-15 14:01:19] [14 MB] [chunked_processor] Transient lookup result
    DATA: Array
(
    [option_name] => speed_backups_job_181434eb-3448-44a1-bb5f-4d8702296cd5
    [found] => YES
)

[2026-01-15 14:01:19] [14 MB] [chunked_processor] Job retrieved successfully
    DATA: Array
(
    [status] => running
    [type] => restore
)

[2026-01-15 14:01:19] [14 MB] [chunked_processor] get_job called
    DATA: Array
(
    [job_id] => 181434eb-3448-44a1-bb5f-4d8702296cd5
)

[2026-01-15 14:01:19] [14 MB] [chunked_processor] Transient lookup result
    DATA: Array
(
    [option_name] => speed_backups_job_181434eb-3448-44a1-bb5f-4d8702296cd5
    [found] => YES
)

[2026-01-15 14:01:19] [14 MB] [chunked_processor] Job retrieved successfully
    DATA: Array
(
    [status] => running
    [type] => restore
)

[2026-01-15 14:01:19] [14 MB] [chunked_processor] save_job called
    DATA: Array
(
    [job_id] => 181434eb-3448-44a1-bb5f-4d8702296cd5
    [status] => running
)

[2026-01-15 14:01:19] [14 MB] [chunked_processor] Transient save result
    DATA: Array
(
    [option_name] => speed_backups_job_181434eb-3448-44a1-bb5f-4d8702296cd5
    [success] => YES
)

[2026-01-15 14:01:19] [14 MB] [chunked_processor] Option save result
    DATA: Array
(
    [option_name] => speed_backups_job_181434eb-3448-44a1-bb5f-4d8702296cd5
    [success] => YES
)

[2026-01-15 14:01:19] [14 MB] [chunked_processor] Save verification
    DATA: Array
(
    [verified] => YES
)

[2026-01-15 14:01:19] [14 MB] [chunked_processor] get_job called
    DATA: Array
(
    [job_id] => 181434eb-3448-44a1-bb5f-4d8702296cd5
)

[2026-01-15 14:01:19] [14 MB] [chunked_processor] Transient lookup result
    DATA: Array
(
    [option_name] => speed_backups_job_181434eb-3448-44a1-bb5f-4d8702296cd5
    [found] => YES
)

[2026-01-15 14:01:19] [14 MB] [chunked_processor] Job retrieved successfully
    DATA: Array
(
    [status] => running
    [type] => restore
)

[2026-01-15 14:01:19] [14 MB] [chunked_processor] save_job called
    DATA: Array
(
    [job_id] => 181434eb-3448-44a1-bb5f-4d8702296cd5
    [status] => running
)

[2026-01-15 14:01:19] [14 MB] [chunked_processor] Transient save result
    DATA: Array
(
    [option_name] => speed_backups_job_181434eb-3448-44a1-bb5f-4d8702296cd5
    [success] => YES
)

[2026-01-15 14:01:19] [14 MB] [chunked_processor] Option save result
    DATA: Array
(
    [option_name] => speed_backups_job_181434eb-3448-44a1-bb5f-4d8702296cd5
    [success] => YES
)

[2026-01-15 14:01:19] [14 MB] [chunked_processor] Save verification
    DATA: Array
(
    [verified] => YES
)

[2026-01-15 14:01:19] [14 MB] [chunked_processor] get_job called
    DATA: Array
(
    [job_id] => 181434eb-3448-44a1-bb5f-4d8702296cd5
)

[2026-01-15 14:01:19] [14 MB] [chunked_processor] Transient lookup result
    DATA: Array
(
    [option_name] => speed_backups_job_181434eb-3448-44a1-bb5f-4d8702296cd5
    [found] => YES
)

[2026-01-15 14:01:19] [14 MB] [chunked_processor] Job retrieved successfully
    DATA: Array
(
    [status] => running
    [type] => restore
)

[2026-01-15 14:01:19] [14 MB] [chunked_processor] get_job called
    DATA: Array
(
    [job_id] => 181434eb-3448-44a1-bb5f-4d8702296cd5
)

[2026-01-15 14:01:19] [14 MB] [chunked_processor] Transient lookup result
    DATA: Array
(
    [option_name] => speed_backups_job_181434eb-3448-44a1-bb5f-4d8702296cd5
    [found] => YES
)

[2026-01-15 14:01:19] [14 MB] [chunked_processor] Job retrieved successfully
    DATA: Array
(
    [status] => running
    [type] => restore
)

[2026-01-15 14:01:19] [14 MB] [FUNCTION] >>> ENTER: process_chunk
    DATA: Array
(
    [0] => job_id
)

[2026-01-15 14:01:19] [14 MB] [chunked_processor] get_job called
    DATA: Array
(
    [job_id] => 181434eb-3448-44a1-bb5f-4d8702296cd5
)

[2026-01-15 14:01:19] [14 MB] [chunked_processor] Transient lookup result
    DATA: Array
(
    [option_name] => speed_backups_job_181434eb-3448-44a1-bb5f-4d8702296cd5
    [found] => YES
)

[2026-01-15 14:01:19] [14 MB] [chunked_processor] Job retrieved successfully
    DATA: Array
(
    [status] => running
    [type] => restore
)

[2026-01-15 14:01:19] [14 MB] [JOB_STATE] Job 181434eb-3448-44a1-bb5f-4d8702296cd5 state
    DATA: Array
(
    [status] => running
    [type] => restore
    [phase] => extract
    [progress] => 54.40414507772
)

[2026-01-15 14:01:19] [14 MB] [chunked_processor] get_job called
    DATA: Array
(
    [job_id] => 181434eb-3448-44a1-bb5f-4d8702296cd5
)

[2026-01-15 14:01:19] [14 MB] [chunked_processor] Transient lookup result
    DATA: Array
(
    [option_name] => speed_backups_job_181434eb-3448-44a1-bb5f-4d8702296cd5
    [found] => YES
)

[2026-01-15 14:01:19] [14 MB] [chunked_processor] Job retrieved successfully
    DATA: Array
(
    [status] => running
    [type] => restore
)

[2026-01-15 14:01:19] [14 MB] [chunked_processor] get_job called
    DATA: Array
(
    [job_id] => 181434eb-3448-44a1-bb5f-4d8702296cd5
)

[2026-01-15 14:01:19] [14 MB] [chunked_processor] Transient lookup result
    DATA: Array
(
    [option_name] => speed_backups_job_181434eb-3448-44a1-bb5f-4d8702296cd5
    [found] => YES
)

[2026-01-15 14:01:19] [14 MB] [chunked_processor] Job retrieved successfully
    DATA: Array
(
    [status] => running
    [type] => restore
)

[2026-01-15 14:01:19] [14 MB] [chunked_processor] save_job called
    DATA: Array
(
    [job_id] => 181434eb-3448-44a1-bb5f-4d8702296cd5
    [status] => running
)

[2026-01-15 14:01:19] [14 MB] [chunked_processor] Transient save result
    DATA: Array
(
    [option_name] => speed_backups_job_181434eb-3448-44a1-bb5f-4d8702296cd5
    [success] => YES
)

[2026-01-15 14:01:19] [14 MB] [chunked_processor] Option save result
    DATA: Array
(
    [option_name] => speed_backups_job_181434eb-3448-44a1-bb5f-4d8702296cd5
    [success] => YES
)

[2026-01-15 14:01:19] [14 MB] [chunked_processor] Save verification
    DATA: Array
(
    [verified] => YES
)

[2026-01-15 14:01:19] [14 MB] [chunked_processor] get_job called
    DATA: Array
(
    [job_id] => 181434eb-3448-44a1-bb5f-4d8702296cd5
)

[2026-01-15 14:01:19] [14 MB] [chunked_processor] Transient lookup result
    DATA: Array
(
    [option_name] => speed_backups_job_181434eb-3448-44a1-bb5f-4d8702296cd5
    [found] => YES
)

[2026-01-15 14:01:19] [14 MB] [chunked_processor] Job retrieved successfully
    DATA: Array
(
    [status] => running
    [type] => restore
)

[2026-01-15 14:01:19] [14 MB] [chunked_processor] save_job called
    DATA: Array
(
    [job_id] => 181434eb-3448-44a1-bb5f-4d8702296cd5
    [status] => running
)

[2026-01-15 14:01:19] [14 MB] [chunked_processor] Transient save result
    DATA: Array
(
    [option_name] => speed_backups_job_181434eb-3448-44a1-bb5f-4d8702296cd5
    [success] => YES
)

[2026-01-15 14:01:19] [14 MB] [chunked_processor] Option save result
    DATA: Array
(
    [option_name] => speed_backups_job_181434eb-3448-44a1-bb5f-4d8702296cd5
    [success] => YES
)

[2026-01-15 14:01:19] [14 MB] [chunked_processor] Save verification
    DATA: Array
(
    [verified] => YES
)

[2026-01-15 14:01:19] [14 MB] [chunked_processor] get_job called
    DATA: Array
(
    [job_id] => 181434eb-3448-44a1-bb5f-4d8702296cd5
)

[2026-01-15 14:01:19] [14 MB] [chunked_processor] Transient lookup result
    DATA: Array
(
    [option_name] => speed_backups_job_181434eb-3448-44a1-bb5f-4d8702296cd5
    [found] => YES
)

[2026-01-15 14:01:19] [14 MB] [chunked_processor] Job retrieved successfully
    DATA: Array
(
    [status] => running
    [type] => restore
)

[2026-01-15 14:01:19] [14 MB] [chunked_processor] get_job called
    DATA: Array
(
    [job_id] => 181434eb-3448-44a1-bb5f-4d8702296cd5
)

[2026-01-15 14:01:19] [14 MB] [chunked_processor] Transient lookup result
    DATA: Array
(
    [option_name] => speed_backups_job_181434eb-3448-44a1-bb5f-4d8702296cd5
    [found] => YES
)

[2026-01-15 14:01:19] [14 MB] [chunked_processor] Job retrieved successfully
    DATA: Array
(
    [status] => running
    [type] => restore
)

[2026-01-15 14:01:20] [14 MB] [FUNCTION] >>> ENTER: process_chunk
    DATA: Array
(
    [0] => job_id
)

[2026-01-15 14:01:20] [14 MB] [chunked_processor] get_job called
    DATA: Array
(
    [job_id] => 181434eb-3448-44a1-bb5f-4d8702296cd5
)

[2026-01-15 14:01:20] [14 MB] [chunked_processor] Transient lookup result
    DATA: Array
(
    [option_name] => speed_backups_job_181434eb-3448-44a1-bb5f-4d8702296cd5
    [found] => YES
)

[2026-01-15 14:01:20] [14 MB] [chunked_processor] Job retrieved successfully
    DATA: Array
(
    [status] => running
    [type] => restore
)

[2026-01-15 14:01:20] [14 MB] [JOB_STATE] Job 181434eb-3448-44a1-bb5f-4d8702296cd5 state
    DATA: Array
(
    [status] => running
    [type] => restore
    [phase] => extract
    [progress] => 55.699481865285
)

[2026-01-15 14:01:20] [14 MB] [chunked_processor] get_job called
    DATA: Array
(
    [job_id] => 181434eb-3448-44a1-bb5f-4d8702296cd5
)

[2026-01-15 14:01:20] [14 MB] [chunked_processor] Transient lookup result
    DATA: Array
(
    [option_name] => speed_backups_job_181434eb-3448-44a1-bb5f-4d8702296cd5
    [found] => YES
)

[2026-01-15 14:01:20] [14 MB] [chunked_processor] Job retrieved successfully
    DATA: Array
(
    [status] => running
    [type] => restore
)

[2026-01-15 14:01:20] [14 MB] [chunked_processor] get_job called
    DATA: Array
(
    [job_id] => 181434eb-3448-44a1-bb5f-4d8702296cd5
)

[2026-01-15 14:01:20] [14 MB] [chunked_processor] Transient lookup result
    DATA: Array
(
    [option_name] => speed_backups_job_181434eb-3448-44a1-bb5f-4d8702296cd5
    [found] => YES
)

[2026-01-15 14:01:20] [14 MB] [chunked_processor] Job retrieved successfully
    DATA: Array
(
    [status] => running
    [type] => restore
)

[2026-01-15 14:01:20] [14 MB] [chunked_processor] save_job called
    DATA: Array
(
    [job_id] => 181434eb-3448-44a1-bb5f-4d8702296cd5
    [status] => running
)

[2026-01-15 14:01:20] [14 MB] [chunked_processor] Transient save result
    DATA: Array
(
    [option_name] => speed_backups_job_181434eb-3448-44a1-bb5f-4d8702296cd5
    [success] => YES
)

[2026-01-15 14:01:20] [14 MB] [chunked_processor] Option save result
    DATA: Array
(
    [option_name] => speed_backups_job_181434eb-3448-44a1-bb5f-4d8702296cd5
    [success] => YES
)

[2026-01-15 14:01:20] [14 MB] [chunked_processor] Save verification
    DATA: Array
(
    [verified] => YES
)

[2026-01-15 14:01:20] [14 MB] [chunked_processor] get_job called
    DATA: Array
(
    [job_id] => 181434eb-3448-44a1-bb5f-4d8702296cd5
)

[2026-01-15 14:01:20] [14 MB] [chunked_processor] Transient lookup result
    DATA: Array
(
    [option_name] => speed_backups_job_181434eb-3448-44a1-bb5f-4d8702296cd5
    [found] => YES
)

[2026-01-15 14:01:20] [14 MB] [chunked_processor] Job retrieved successfully
    DATA: Array
(
    [status] => running
    [type] => restore
)

[2026-01-15 14:01:20] [14 MB] [chunked_processor] save_job called
    DATA: Array
(
    [job_id] => 181434eb-3448-44a1-bb5f-4d8702296cd5
    [status] => running
)

[2026-01-15 14:01:20] [14 MB] [chunked_processor] Transient save result
    DATA: Array
(
    [option_name] => speed_backups_job_181434eb-3448-44a1-bb5f-4d8702296cd5
    [success] => YES
)

[2026-01-15 14:01:20] [14 MB] [chunked_processor] Option save result
    DATA: Array
(
    [option_name] => speed_backups_job_181434eb-3448-44a1-bb5f-4d8702296cd5
    [success] => YES
)

[2026-01-15 14:01:20] [14 MB] [chunked_processor] Save verification
    DATA: Array
(
    [verified] => YES
)

[2026-01-15 14:01:20] [14 MB] [chunked_processor] get_job called
    DATA: Array
(
    [job_id] => 181434eb-3448-44a1-bb5f-4d8702296cd5
)

[2026-01-15 14:01:20] [14 MB] [chunked_processor] Transient lookup result
    DATA: Array
(
    [option_name] => speed_backups_job_181434eb-3448-44a1-bb5f-4d8702296cd5
    [found] => YES
)

[2026-01-15 14:01:20] [14 MB] [chunked_processor] Job retrieved successfully
    DATA: Array
(
    [status] => running
    [type] => restore
)

[2026-01-15 14:01:20] [14 MB] [chunked_processor] get_job called
    DATA: Array
(
    [job_id] => 181434eb-3448-44a1-bb5f-4d8702296cd5
)

[2026-01-15 14:01:20] [14 MB] [chunked_processor] Transient lookup result
    DATA: Array
(
    [option_name] => speed_backups_job_181434eb-3448-44a1-bb5f-4d8702296cd5
    [found] => YES
)

[2026-01-15 14:01:20] [14 MB] [chunked_processor] Job retrieved successfully
    DATA: Array
(
    [status] => running
    [type] => restore
)

[2026-01-15 14:01:20] [14 MB] [FUNCTION] >>> ENTER: process_chunk
    DATA: Array
(
    [0] => job_id
)

[2026-01-15 14:01:20] [14 MB] [chunked_processor] get_job called
    DATA: Array
(
    [job_id] => 181434eb-3448-44a1-bb5f-4d8702296cd5
)

[2026-01-15 14:01:20] [14 MB] [chunked_processor] Transient lookup result
    DATA: Array
(
    [option_name] => speed_backups_job_181434eb-3448-44a1-bb5f-4d8702296cd5
    [found] => YES
)

[2026-01-15 14:01:20] [14 MB] [chunked_processor] Job retrieved successfully
    DATA: Array
(
    [status] => running
    [type] => restore
)

[2026-01-15 14:01:20] [14 MB] [JOB_STATE] Job 181434eb-3448-44a1-bb5f-4d8702296cd5 state
    DATA: Array
(
    [status] => running
    [type] => restore
    [phase] => extract
    [progress] => 56.99481865285
)

[2026-01-15 14:01:20] [14 MB] [chunked_processor] get_job called
    DATA: Array
(
    [job_id] => 181434eb-3448-44a1-bb5f-4d8702296cd5
)

[2026-01-15 14:01:20] [14 MB] [chunked_processor] Transient lookup result
    DATA: Array
(
    [option_name] => speed_backups_job_181434eb-3448-44a1-bb5f-4d8702296cd5
    [found] => YES
)

[2026-01-15 14:01:20] [14 MB] [chunked_processor] Job retrieved successfully
    DATA: Array
(
    [status] => running
    [type] => restore
)

[2026-01-15 14:01:20] [14 MB] [chunked_processor] get_job called
    DATA: Array
(
    [job_id] => 181434eb-3448-44a1-bb5f-4d8702296cd5
)

[2026-01-15 14:01:20] [14 MB] [chunked_processor] Transient lookup result
    DATA: Array
(
    [option_name] => speed_backups_job_181434eb-3448-44a1-bb5f-4d8702296cd5
    [found] => YES
)

[2026-01-15 14:01:20] [14 MB] [chunked_processor] Job retrieved successfully
    DATA: Array
(
    [status] => running
    [type] => restore
)

[2026-01-15 14:01:20] [14 MB] [chunked_processor] save_job called
    DATA: Array
(
    [job_id] => 181434eb-3448-44a1-bb5f-4d8702296cd5
    [status] => running
)

[2026-01-15 14:01:20] [14 MB] [chunked_processor] Transient save result
    DATA: Array
(
    [option_name] => speed_backups_job_181434eb-3448-44a1-bb5f-4d8702296cd5
    [success] => YES
)

[2026-01-15 14:01:20] [14 MB] [chunked_processor] Option save result
    DATA: Array
(
    [option_name] => speed_backups_job_181434eb-3448-44a1-bb5f-4d8702296cd5
    [success] => YES
)

[2026-01-15 14:01:20] [14 MB] [chunked_processor] Save verification
    DATA: Array
(
    [verified] => YES
)

[2026-01-15 14:01:20] [14 MB] [chunked_processor] get_job called
    DATA: Array
(
    [job_id] => 181434eb-3448-44a1-bb5f-4d8702296cd5
)

[2026-01-15 14:01:20] [14 MB] [chunked_processor] Transient lookup result
    DATA: Array
(
    [option_name] => speed_backups_job_181434eb-3448-44a1-bb5f-4d8702296cd5
    [found] => YES
)

[2026-01-15 14:01:20] [14 MB] [chunked_processor] Job retrieved successfully
    DATA: Array
(
    [status] => running
    [type] => restore
)

[2026-01-15 14:01:20] [14 MB] [chunked_processor] save_job called
    DATA: Array
(
    [job_id] => 181434eb-3448-44a1-bb5f-4d8702296cd5
    [status] => running
)

[2026-01-15 14:01:20] [14 MB] [chunked_processor] Transient save result
    DATA: Array
(
    [option_name] => speed_backups_job_181434eb-3448-44a1-bb5f-4d8702296cd5
    [success] => YES
)

[2026-01-15 14:01:20] [14 MB] [chunked_processor] Option save result
    DATA: Array
(
    [option_name] => speed_backups_job_181434eb-3448-44a1-bb5f-4d8702296cd5
    [success] => YES
)

[2026-01-15 14:01:20] [14 MB] [chunked_processor] Save verification
    DATA: Array
(
    [verified] => YES
)

[2026-01-15 14:01:20] [14 MB] [chunked_processor] get_job called
    DATA: Array
(
    [job_id] => 181434eb-3448-44a1-bb5f-4d8702296cd5
)

[2026-01-15 14:01:20] [14 MB] [chunked_processor] Transient lookup result
    DATA: Array
(
    [option_name] => speed_backups_job_181434eb-3448-44a1-bb5f-4d8702296cd5
    [found] => YES
)

[2026-01-15 14:01:20] [14 MB] [chunked_processor] Job retrieved successfully
    DATA: Array
(
    [status] => running
    [type] => restore
)

[2026-01-15 14:01:20] [14 MB] [chunked_processor] get_job called
    DATA: Array
(
    [job_id] => 181434eb-3448-44a1-bb5f-4d8702296cd5
)

[2026-01-15 14:01:20] [14 MB] [chunked_processor] Transient lookup result
    DATA: Array
(
    [option_name] => speed_backups_job_181434eb-3448-44a1-bb5f-4d8702296cd5
    [found] => YES
)

[2026-01-15 14:01:20] [14 MB] [chunked_processor] Job retrieved successfully
    DATA: Array
(
    [status] => running
    [type] => restore
)

[2026-01-15 14:01:20] [14 MB] [FUNCTION] >>> ENTER: process_chunk
    DATA: Array
(
    [0] => job_id
)

[2026-01-15 14:01:20] [14 MB] [chunked_processor] get_job called
    DATA: Array
(
    [job_id] => 181434eb-3448-44a1-bb5f-4d8702296cd5
)

[2026-01-15 14:01:20] [14 MB] [chunked_processor] Transient lookup result
    DATA: Array
(
    [option_name] => speed_backups_job_181434eb-3448-44a1-bb5f-4d8702296cd5
    [found] => YES
)

[2026-01-15 14:01:20] [14 MB] [chunked_processor] Job retrieved successfully
    DATA: Array
(
    [status] => running
    [type] => restore
)

[2026-01-15 14:01:20] [14 MB] [JOB_STATE] Job 181434eb-3448-44a1-bb5f-4d8702296cd5 state
    DATA: Array
(
    [status] => running
    [type] => restore
    [phase] => extract
    [progress] => 58.290155440415
)

[2026-01-15 14:01:20] [14 MB] [chunked_processor] get_job called
    DATA: Array
(
    [job_id] => 181434eb-3448-44a1-bb5f-4d8702296cd5
)

[2026-01-15 14:01:20] [14 MB] [chunked_processor] Transient lookup result
    DATA: Array
(
    [option_name] => speed_backups_job_181434eb-3448-44a1-bb5f-4d8702296cd5
    [found] => YES
)

[2026-01-15 14:01:20] [14 MB] [chunked_processor] Job retrieved successfully
    DATA: Array
(
    [status] => running
    [type] => restore
)

[2026-01-15 14:01:20] [14 MB] [chunked_processor] get_job called
    DATA: Array
(
    [job_id] => 181434eb-3448-44a1-bb5f-4d8702296cd5
)

[2026-01-15 14:01:20] [14 MB] [chunked_processor] Transient lookup result
    DATA: Array
(
    [option_name] => speed_backups_job_181434eb-3448-44a1-bb5f-4d8702296cd5
    [found] => YES
)

[2026-01-15 14:01:20] [14 MB] [chunked_processor] Job retrieved successfully
    DATA: Array
(
    [status] => running
    [type] => restore
)

[2026-01-15 14:01:20] [14 MB] [chunked_processor] save_job called
    DATA: Array
(
    [job_id] => 181434eb-3448-44a1-bb5f-4d8702296cd5
    [status] => running
)

[2026-01-15 14:01:20] [14 MB] [chunked_processor] Transient save result
    DATA: Array
(
    [option_name] => speed_backups_job_181434eb-3448-44a1-bb5f-4d8702296cd5
    [success] => YES
)

[2026-01-15 14:01:20] [14 MB] [chunked_processor] Option save result
    DATA: Array
(
    [option_name] => speed_backups_job_181434eb-3448-44a1-bb5f-4d8702296cd5
    [success] => YES
)

[2026-01-15 14:01:20] [14 MB] [chunked_processor] Save verification
    DATA: Array
(
    [verified] => YES
)

[2026-01-15 14:01:20] [14 MB] [chunked_processor] get_job called
    DATA: Array
(
    [job_id] => 181434eb-3448-44a1-bb5f-4d8702296cd5
)

[2026-01-15 14:01:20] [14 MB] [chunked_processor] Transient lookup result
    DATA: Array
(
    [option_name] => speed_backups_job_181434eb-3448-44a1-bb5f-4d8702296cd5
    [found] => YES
)

[2026-01-15 14:01:20] [14 MB] [chunked_processor] Job retrieved successfully
    DATA: Array
(
    [status] => running
    [type] => restore
)

[2026-01-15 14:01:20] [14 MB] [chunked_processor] save_job called
    DATA: Array
(
    [job_id] => 181434eb-3448-44a1-bb5f-4d8702296cd5
    [status] => running
)

[2026-01-15 14:01:20] [14 MB] [chunked_processor] Transient save result
    DATA: Array
(
    [option_name] => speed_backups_job_181434eb-3448-44a1-bb5f-4d8702296cd5
    [success] => YES
)

[2026-01-15 14:01:20] [14 MB] [chunked_processor] Option save result
    DATA: Array
(
    [option_name] => speed_backups_job_181434eb-3448-44a1-bb5f-4d8702296cd5
    [success] => YES
)

[2026-01-15 14:01:20] [14 MB] [chunked_processor] Save verification
    DATA: Array
(
    [verified] => YES
)

[2026-01-15 14:01:20] [14 MB] [chunked_processor] get_job called
    DATA: Array
(
    [job_id] => 181434eb-3448-44a1-bb5f-4d8702296cd5
)

[2026-01-15 14:01:20] [14 MB] [chunked_processor] Transient lookup result
    DATA: Array
(
    [option_name] => speed_backups_job_181434eb-3448-44a1-bb5f-4d8702296cd5
    [found] => YES
)

[2026-01-15 14:01:20] [14 MB] [chunked_processor] Job retrieved successfully
    DATA: Array
(
    [status] => running
    [type] => restore
)

[2026-01-15 14:01:20] [14 MB] [chunked_processor] get_job called
    DATA: Array
(
    [job_id] => 181434eb-3448-44a1-bb5f-4d8702296cd5
)

[2026-01-15 14:01:20] [14 MB] [chunked_processor] Transient lookup result
    DATA: Array
(
    [option_name] => speed_backups_job_181434eb-3448-44a1-bb5f-4d8702296cd5
    [found] => YES
)

[2026-01-15 14:01:20] [14 MB] [chunked_processor] Job retrieved successfully
    DATA: Array
(
    [status] => running
    [type] => restore
)

[2026-01-15 14:01:21] [14 MB] [FUNCTION] >>> ENTER: process_chunk
    DATA: Array
(
    [0] => job_id
)

[2026-01-15 14:01:21] [14 MB] [chunked_processor] get_job called
    DATA: Array
(
    [job_id] => 181434eb-3448-44a1-bb5f-4d8702296cd5
)

[2026-01-15 14:01:21] [14 MB] [chunked_processor] Transient lookup result
    DATA: Array
(
    [option_name] => speed_backups_job_181434eb-3448-44a1-bb5f-4d8702296cd5
    [found] => YES
)

[2026-01-15 14:01:21] [14 MB] [chunked_processor] Job retrieved successfully
    DATA: Array
(
    [status] => running
    [type] => restore
)

[2026-01-15 14:01:21] [14 MB] [JOB_STATE] Job 181434eb-3448-44a1-bb5f-4d8702296cd5 state
    DATA: Array
(
    [status] => running
    [type] => restore
    [phase] => extract
    [progress] => 59.585492227979
)

[2026-01-15 14:01:21] [14 MB] [chunked_processor] get_job called
    DATA: Array
(
    [job_id] => 181434eb-3448-44a1-bb5f-4d8702296cd5
)

[2026-01-15 14:01:21] [14 MB] [chunked_processor] Transient lookup result
    DATA: Array
(
    [option_name] => speed_backups_job_181434eb-3448-44a1-bb5f-4d8702296cd5
    [found] => YES
)

[2026-01-15 14:01:21] [14 MB] [chunked_processor] Job retrieved successfully
    DATA: Array
(
    [status] => running
    [type] => restore
)

[2026-01-15 14:01:21] [14 MB] [chunked_processor] get_job called
    DATA: Array
(
    [job_id] => 181434eb-3448-44a1-bb5f-4d8702296cd5
)

[2026-01-15 14:01:21] [14 MB] [chunked_processor] Transient lookup result
    DATA: Array
(
    [option_name] => speed_backups_job_181434eb-3448-44a1-bb5f-4d8702296cd5
    [found] => YES
)

[2026-01-15 14:01:21] [14 MB] [chunked_processor] Job retrieved successfully
    DATA: Array
(
    [status] => running
    [type] => restore
)

[2026-01-15 14:01:21] [14 MB] [chunked_processor] save_job called
    DATA: Array
(
    [job_id] => 181434eb-3448-44a1-bb5f-4d8702296cd5
    [status] => running
)

[2026-01-15 14:01:21] [14 MB] [chunked_processor] Transient save result
    DATA: Array
(
    [option_name] => speed_backups_job_181434eb-3448-44a1-bb5f-4d8702296cd5
    [success] => YES
)

[2026-01-15 14:01:21] [14 MB] [chunked_processor] Option save result
    DATA: Array
(
    [option_name] => speed_backups_job_181434eb-3448-44a1-bb5f-4d8702296cd5
    [success] => YES
)

[2026-01-15 14:01:21] [14 MB] [chunked_processor] Save verification
    DATA: Array
(
    [verified] => YES
)

[2026-01-15 14:01:21] [16 MB] [chunked_processor] get_job called
    DATA: Array
(
    [job_id] => 181434eb-3448-44a1-bb5f-4d8702296cd5
)

[2026-01-15 14:01:21] [16 MB] [chunked_processor] Transient lookup result
    DATA: Array
(
    [option_name] => speed_backups_job_181434eb-3448-44a1-bb5f-4d8702296cd5
    [found] => YES
)

[2026-01-15 14:01:21] [16 MB] [chunked_processor] Job retrieved successfully
    DATA: Array
(
    [status] => running
    [type] => restore
)

[2026-01-15 14:01:21] [16 MB] [chunked_processor] save_job called
    DATA: Array
(
    [job_id] => 181434eb-3448-44a1-bb5f-4d8702296cd5
    [status] => running
)

[2026-01-15 14:01:21] [16 MB] [chunked_processor] Transient save result
    DATA: Array
(
    [option_name] => speed_backups_job_181434eb-3448-44a1-bb5f-4d8702296cd5
    [success] => YES
)

[2026-01-15 14:01:21] [16 MB] [chunked_processor] Option save result
    DATA: Array
(
    [option_name] => speed_backups_job_181434eb-3448-44a1-bb5f-4d8702296cd5
    [success] => YES
)

[2026-01-15 14:01:21] [16 MB] [chunked_processor] Save verification
    DATA: Array
(
    [verified] => YES
)

[2026-01-15 14:01:21] [16 MB] [chunked_processor] get_job called
    DATA: Array
(
    [job_id] => 181434eb-3448-44a1-bb5f-4d8702296cd5
)

[2026-01-15 14:01:21] [16 MB] [chunked_processor] Transient lookup result
    DATA: Array
(
    [option_name] => speed_backups_job_181434eb-3448-44a1-bb5f-4d8702296cd5
    [found] => YES
)

[2026-01-15 14:01:21] [16 MB] [chunked_processor] Job retrieved successfully
    DATA: Array
(
    [status] => running
    [type] => restore
)

[2026-01-15 14:01:21] [16 MB] [chunked_processor] get_job called
    DATA: Array
(
    [job_id] => 181434eb-3448-44a1-bb5f-4d8702296cd5
)

[2026-01-15 14:01:21] [16 MB] [chunked_processor] Transient lookup result
    DATA: Array
(
    [option_name] => speed_backups_job_181434eb-3448-44a1-bb5f-4d8702296cd5
    [found] => YES
)

[2026-01-15 14:01:21] [16 MB] [chunked_processor] Job retrieved successfully
    DATA: Array
(
    [status] => running
    [type] => restore
)

[2026-01-15 14:01:21] [14 MB] [FUNCTION] >>> ENTER: process_chunk
    DATA: Array
(
    [0] => job_id
)

[2026-01-15 14:01:21] [14 MB] [chunked_processor] get_job called
    DATA: Array
(
    [job_id] => 181434eb-3448-44a1-bb5f-4d8702296cd5
)

[2026-01-15 14:01:21] [14 MB] [chunked_processor] Transient lookup result
    DATA: Array
(
    [option_name] => speed_backups_job_181434eb-3448-44a1-bb5f-4d8702296cd5
    [found] => YES
)

[2026-01-15 14:01:21] [14 MB] [chunked_processor] Job retrieved successfully
    DATA: Array
(
    [status] => running
    [type] => restore
)

[2026-01-15 14:01:21] [14 MB] [JOB_STATE] Job 181434eb-3448-44a1-bb5f-4d8702296cd5 state
    DATA: Array
(
    [status] => running
    [type] => restore
    [phase] => extract
    [progress] => 60.880829015544
)

[2026-01-15 14:01:21] [14 MB] [chunked_processor] get_job called
    DATA: Array
(
    [job_id] => 181434eb-3448-44a1-bb5f-4d8702296cd5
)

[2026-01-15 14:01:21] [14 MB] [chunked_processor] Transient lookup result
    DATA: Array
(
    [option_name] => speed_backups_job_181434eb-3448-44a1-bb5f-4d8702296cd5
    [found] => YES
)

[2026-01-15 14:01:21] [14 MB] [chunked_processor] Job retrieved successfully
    DATA: Array
(
    [status] => running
    [type] => restore
)

[2026-01-15 14:01:21] [14 MB] [chunked_processor] get_job called
    DATA: Array
(
    [job_id] => 181434eb-3448-44a1-bb5f-4d8702296cd5
)

[2026-01-15 14:01:21] [14 MB] [chunked_processor] Transient lookup result
    DATA: Array
(
    [option_name] => speed_backups_job_181434eb-3448-44a1-bb5f-4d8702296cd5
    [found] => YES
)

[2026-01-15 14:01:21] [14 MB] [chunked_processor] Job retrieved successfully
    DATA: Array
(
    [status] => running
    [type] => restore
)

[2026-01-15 14:01:21] [14 MB] [chunked_processor] save_job called
    DATA: Array
(
    [job_id] => 181434eb-3448-44a1-bb5f-4d8702296cd5
    [status] => running
)

[2026-01-15 14:01:21] [14 MB] [chunked_processor] Transient save result
    DATA: Array
(
    [option_name] => speed_backups_job_181434eb-3448-44a1-bb5f-4d8702296cd5
    [success] => YES
)

[2026-01-15 14:01:21] [14 MB] [chunked_processor] Option save result
    DATA: Array
(
    [option_name] => speed_backups_job_181434eb-3448-44a1-bb5f-4d8702296cd5
    [success] => YES
)

[2026-01-15 14:01:21] [14 MB] [chunked_processor] Save verification
    DATA: Array
(
    [verified] => YES
)

[2026-01-15 14:01:21] [14 MB] [chunked_processor] get_job called
    DATA: Array
(
    [job_id] => 181434eb-3448-44a1-bb5f-4d8702296cd5
)

[2026-01-15 14:01:21] [14 MB] [chunked_processor] Transient lookup result
    DATA: Array
(
    [option_name] => speed_backups_job_181434eb-3448-44a1-bb5f-4d8702296cd5
    [found] => YES
)

[2026-01-15 14:01:21] [14 MB] [chunked_processor] Job retrieved successfully
    DATA: Array
(
    [status] => running
    [type] => restore
)

[2026-01-15 14:01:21] [14 MB] [chunked_processor] save_job called
    DATA: Array
(
    [job_id] => 181434eb-3448-44a1-bb5f-4d8702296cd5
    [status] => running
)

[2026-01-15 14:01:21] [14 MB] [chunked_processor] Transient save result
    DATA: Array
(
    [option_name] => speed_backups_job_181434eb-3448-44a1-bb5f-4d8702296cd5
    [success] => YES
)

[2026-01-15 14:01:21] [14 MB] [chunked_processor] Option save result
    DATA: Array
(
    [option_name] => speed_backups_job_181434eb-3448-44a1-bb5f-4d8702296cd5
    [success] => YES
)

[2026-01-15 14:01:21] [14 MB] [chunked_processor] Save verification
    DATA: Array
(
    [verified] => YES
)

[2026-01-15 14:01:21] [14 MB] [chunked_processor] get_job called
    DATA: Array
(
    [job_id] => 181434eb-3448-44a1-bb5f-4d8702296cd5
)

[2026-01-15 14:01:21] [14 MB] [chunked_processor] Transient lookup result
    DATA: Array
(
    [option_name] => speed_backups_job_181434eb-3448-44a1-bb5f-4d8702296cd5
    [found] => YES
)

[2026-01-15 14:01:21] [14 MB] [chunked_processor] Job retrieved successfully
    DATA: Array
(
    [status] => running
    [type] => restore
)

[2026-01-15 14:01:21] [14 MB] [chunked_processor] get_job called
    DATA: Array
(
    [job_id] => 181434eb-3448-44a1-bb5f-4d8702296cd5
)

[2026-01-15 14:01:21] [14 MB] [chunked_processor] Transient lookup result
    DATA: Array
(
    [option_name] => speed_backups_job_181434eb-3448-44a1-bb5f-4d8702296cd5
    [found] => YES
)

[2026-01-15 14:01:21] [14 MB] [chunked_processor] Job retrieved successfully
    DATA: Array
(
    [status] => running
    [type] => restore
)

[2026-01-15 14:01:21] [14 MB] [FUNCTION] >>> ENTER: process_chunk
    DATA: Array
(
    [0] => job_id
)

[2026-01-15 14:01:21] [14 MB] [chunked_processor] get_job called
    DATA: Array
(
    [job_id] => 181434eb-3448-44a1-bb5f-4d8702296cd5
)

[2026-01-15 14:01:21] [14 MB] [chunked_processor] Transient lookup result
    DATA: Array
(
    [option_name] => speed_backups_job_181434eb-3448-44a1-bb5f-4d8702296cd5
    [found] => YES
)

[2026-01-15 14:01:21] [14 MB] [chunked_processor] Job retrieved successfully
    DATA: Array
(
    [status] => running
    [type] => restore
)

[2026-01-15 14:01:21] [14 MB] [JOB_STATE] Job 181434eb-3448-44a1-bb5f-4d8702296cd5 state
    DATA: Array
(
    [status] => running
    [type] => restore
    [phase] => extract
    [progress] => 62.176165803109
)

[2026-01-15 14:01:21] [14 MB] [chunked_processor] get_job called
    DATA: Array
(
    [job_id] => 181434eb-3448-44a1-bb5f-4d8702296cd5
)

[2026-01-15 14:01:21] [14 MB] [chunked_processor] Transient lookup result
    DATA: Array
(
    [option_name] => speed_backups_job_181434eb-3448-44a1-bb5f-4d8702296cd5
    [found] => YES
)

[2026-01-15 14:01:21] [14 MB] [chunked_processor] Job retrieved successfully
    DATA: Array
(
    [status] => running
    [type] => restore
)

[2026-01-15 14:01:21] [14 MB] [chunked_processor] get_job called
    DATA: Array
(
    [job_id] => 181434eb-3448-44a1-bb5f-4d8702296cd5
)

[2026-01-15 14:01:21] [14 MB] [chunked_processor] Transient lookup result
    DATA: Array
(
    [option_name] => speed_backups_job_181434eb-3448-44a1-bb5f-4d8702296cd5
    [found] => YES
)

[2026-01-15 14:01:21] [14 MB] [chunked_processor] Job retrieved successfully
    DATA: Array
(
    [status] => running
    [type] => restore
)

[2026-01-15 14:01:21] [14 MB] [chunked_processor] save_job called
    DATA: Array
(
    [job_id] => 181434eb-3448-44a1-bb5f-4d8702296cd5
    [status] => running
)

[2026-01-15 14:01:21] [14 MB] [chunked_processor] Transient save result
    DATA: Array
(
    [option_name] => speed_backups_job_181434eb-3448-44a1-bb5f-4d8702296cd5
    [success] => YES
)

[2026-01-15 14:01:21] [14 MB] [chunked_processor] Option save result
    DATA: Array
(
    [option_name] => speed_backups_job_181434eb-3448-44a1-bb5f-4d8702296cd5
    [success] => YES
)

[2026-01-15 14:01:21] [14 MB] [chunked_processor] Save verification
    DATA: Array
(
    [verified] => YES
)

[2026-01-15 14:01:21] [14 MB] [chunked_processor] get_job called
    DATA: Array
(
    [job_id] => 181434eb-3448-44a1-bb5f-4d8702296cd5
)

[2026-01-15 14:01:21] [14 MB] [chunked_processor] Transient lookup result
    DATA: Array
(
    [option_name] => speed_backups_job_181434eb-3448-44a1-bb5f-4d8702296cd5
    [found] => YES
)

[2026-01-15 14:01:21] [14 MB] [chunked_processor] Job retrieved successfully
    DATA: Array
(
    [status] => running
    [type] => restore
)

[2026-01-15 14:01:21] [14 MB] [chunked_processor] save_job called
    DATA: Array
(
    [job_id] => 181434eb-3448-44a1-bb5f-4d8702296cd5
    [status] => running
)

[2026-01-15 14:01:21] [14 MB] [chunked_processor] Transient save result
    DATA: Array
(
    [option_name] => speed_backups_job_181434eb-3448-44a1-bb5f-4d8702296cd5
    [success] => YES
)

[2026-01-15 14:01:21] [14 MB] [chunked_processor] Option save result
    DATA: Array
(
    [option_name] => speed_backups_job_181434eb-3448-44a1-bb5f-4d8702296cd5
    [success] => YES
)

[2026-01-15 14:01:21] [14 MB] [chunked_processor] Save verification
    DATA: Array
(
    [verified] => YES
)

[2026-01-15 14:01:21] [14 MB] [chunked_processor] get_job called
    DATA: Array
(
    [job_id] => 181434eb-3448-44a1-bb5f-4d8702296cd5
)

[2026-01-15 14:01:21] [14 MB] [chunked_processor] Transient lookup result
    DATA: Array
(
    [option_name] => speed_backups_job_181434eb-3448-44a1-bb5f-4d8702296cd5
    [found] => YES
)

[2026-01-15 14:01:21] [14 MB] [chunked_processor] Job retrieved successfully
    DATA: Array
(
    [status] => running
    [type] => restore
)

[2026-01-15 14:01:21] [14 MB] [chunked_processor] get_job called
    DATA: Array
(
    [job_id] => 181434eb-3448-44a1-bb5f-4d8702296cd5
)

[2026-01-15 14:01:21] [14 MB] [chunked_processor] Transient lookup result
    DATA: Array
(
    [option_name] => speed_backups_job_181434eb-3448-44a1-bb5f-4d8702296cd5
    [found] => YES
)

[2026-01-15 14:01:21] [14 MB] [chunked_processor] Job retrieved successfully
    DATA: Array
(
    [status] => running
    [type] => restore
)

[2026-01-15 14:01:22] [14 MB] [FUNCTION] >>> ENTER: process_chunk
    DATA: Array
(
    [0] => job_id
)

[2026-01-15 14:01:22] [14 MB] [chunked_processor] get_job called
    DATA: Array
(
    [job_id] => 181434eb-3448-44a1-bb5f-4d8702296cd5
)

[2026-01-15 14:01:22] [14 MB] [chunked_processor] Transient lookup result
    DATA: Array
(
    [option_name] => speed_backups_job_181434eb-3448-44a1-bb5f-4d8702296cd5
    [found] => YES
)

[2026-01-15 14:01:22] [14 MB] [chunked_processor] Job retrieved successfully
    DATA: Array
(
    [status] => running
    [type] => restore
)

[2026-01-15 14:01:22] [14 MB] [JOB_STATE] Job 181434eb-3448-44a1-bb5f-4d8702296cd5 state
    DATA: Array
(
    [status] => running
    [type] => restore
    [phase] => extract
    [progress] => 63.471502590674
)

[2026-01-15 14:01:22] [14 MB] [chunked_processor] get_job called
    DATA: Array
(
    [job_id] => 181434eb-3448-44a1-bb5f-4d8702296cd5
)

[2026-01-15 14:01:22] [14 MB] [chunked_processor] Transient lookup result
    DATA: Array
(
    [option_name] => speed_backups_job_181434eb-3448-44a1-bb5f-4d8702296cd5
    [found] => YES
)

[2026-01-15 14:01:22] [14 MB] [chunked_processor] Job retrieved successfully
    DATA: Array
(
    [status] => running
    [type] => restore
)

[2026-01-15 14:01:22] [14 MB] [chunked_processor] get_job called
    DATA: Array
(
    [job_id] => 181434eb-3448-44a1-bb5f-4d8702296cd5
)

[2026-01-15 14:01:22] [14 MB] [chunked_processor] Transient lookup result
    DATA: Array
(
    [option_name] => speed_backups_job_181434eb-3448-44a1-bb5f-4d8702296cd5
    [found] => YES
)

[2026-01-15 14:01:22] [14 MB] [chunked_processor] Job retrieved successfully
    DATA: Array
(
    [status] => running
    [type] => restore
)

[2026-01-15 14:01:22] [14 MB] [chunked_processor] save_job called
    DATA: Array
(
    [job_id] => 181434eb-3448-44a1-bb5f-4d8702296cd5
    [status] => running
)

[2026-01-15 14:01:22] [14 MB] [chunked_processor] Transient save result
    DATA: Array
(
    [option_name] => speed_backups_job_181434eb-3448-44a1-bb5f-4d8702296cd5
    [success] => YES
)

[2026-01-15 14:01:22] [14 MB] [chunked_processor] Option save result
    DATA: Array
(
    [option_name] => speed_backups_job_181434eb-3448-44a1-bb5f-4d8702296cd5
    [success] => YES
)

[2026-01-15 14:01:22] [14 MB] [chunked_processor] Save verification
    DATA: Array
(
    [verified] => YES
)

[2026-01-15 14:01:22] [14 MB] [chunked_processor] get_job called
    DATA: Array
(
    [job_id] => 181434eb-3448-44a1-bb5f-4d8702296cd5
)

[2026-01-15 14:01:22] [14 MB] [chunked_processor] Transient lookup result
    DATA: Array
(
    [option_name] => speed_backups_job_181434eb-3448-44a1-bb5f-4d8702296cd5
    [found] => YES
)

[2026-01-15 14:01:22] [14 MB] [chunked_processor] Job retrieved successfully
    DATA: Array
(
    [status] => running
    [type] => restore
)

[2026-01-15 14:01:22] [14 MB] [chunked_processor] save_job called
    DATA: Array
(
    [job_id] => 181434eb-3448-44a1-bb5f-4d8702296cd5
    [status] => running
)

[2026-01-15 14:01:22] [14 MB] [chunked_processor] Transient save result
    DATA: Array
(
    [option_name] => speed_backups_job_181434eb-3448-44a1-bb5f-4d8702296cd5
    [success] => YES
)

[2026-01-15 14:01:22] [14 MB] [chunked_processor] Option save result
    DATA: Array
(
    [option_name] => speed_backups_job_181434eb-3448-44a1-bb5f-4d8702296cd5
    [success] => YES
)

[2026-01-15 14:01:22] [14 MB] [chunked_processor] Save verification
    DATA: Array
(
    [verified] => YES
)

[2026-01-15 14:01:22] [14 MB] [chunked_processor] get_job called
    DATA: Array
(
    [job_id] => 181434eb-3448-44a1-bb5f-4d8702296cd5
)

[2026-01-15 14:01:22] [14 MB] [chunked_processor] Transient lookup result
    DATA: Array
(
    [option_name] => speed_backups_job_181434eb-3448-44a1-bb5f-4d8702296cd5
    [found] => YES
)

[2026-01-15 14:01:22] [14 MB] [chunked_processor] Job retrieved successfully
    DATA: Array
(
    [status] => running
    [type] => restore
)

[2026-01-15 14:01:22] [14 MB] [chunked_processor] get_job called
    DATA: Array
(
    [job_id] => 181434eb-3448-44a1-bb5f-4d8702296cd5
)

[2026-01-15 14:01:22] [14 MB] [chunked_processor] Transient lookup result
    DATA: Array
(
    [option_name] => speed_backups_job_181434eb-3448-44a1-bb5f-4d8702296cd5
    [found] => YES
)

[2026-01-15 14:01:22] [14 MB] [chunked_processor] Job retrieved successfully
    DATA: Array
(
    [status] => running
    [type] => restore
)

[2026-01-15 14:01:22] [14 MB] [FUNCTION] >>> ENTER: process_chunk
    DATA: Array
(
    [0] => job_id
)

[2026-01-15 14:01:22] [14 MB] [chunked_processor] get_job called
    DATA: Array
(
    [job_id] => 181434eb-3448-44a1-bb5f-4d8702296cd5
)

[2026-01-15 14:01:22] [14 MB] [chunked_processor] Transient lookup result
    DATA: Array
(
    [option_name] => speed_backups_job_181434eb-3448-44a1-bb5f-4d8702296cd5
    [found] => YES
)

[2026-01-15 14:01:22] [14 MB] [chunked_processor] Job retrieved successfully
    DATA: Array
(
    [status] => running
    [type] => restore
)

[2026-01-15 14:01:22] [14 MB] [JOB_STATE] Job 181434eb-3448-44a1-bb5f-4d8702296cd5 state
    DATA: Array
(
    [status] => running
    [type] => restore
    [phase] => extract
    [progress] => 64.766839378238
)

[2026-01-15 14:01:22] [14 MB] [chunked_processor] get_job called
    DATA: Array
(
    [job_id] => 181434eb-3448-44a1-bb5f-4d8702296cd5
)

[2026-01-15 14:01:22] [14 MB] [chunked_processor] Transient lookup result
    DATA: Array
(
    [option_name] => speed_backups_job_181434eb-3448-44a1-bb5f-4d8702296cd5
    [found] => YES
)

[2026-01-15 14:01:22] [14 MB] [chunked_processor] Job retrieved successfully
    DATA: Array
(
    [status] => running
    [type] => restore
)

[2026-01-15 14:01:22] [14 MB] [chunked_processor] get_job called
    DATA: Array
(
    [job_id] => 181434eb-3448-44a1-bb5f-4d8702296cd5
)

[2026-01-15 14:01:22] [14 MB] [chunked_processor] Transient lookup result
    DATA: Array
(
    [option_name] => speed_backups_job_181434eb-3448-44a1-bb5f-4d8702296cd5
    [found] => YES
)

[2026-01-15 14:01:22] [14 MB] [chunked_processor] Job retrieved successfully
    DATA: Array
(
    [status] => running
    [type] => restore
)

[2026-01-15 14:01:22] [14 MB] [chunked_processor] save_job called
    DATA: Array
(
    [job_id] => 181434eb-3448-44a1-bb5f-4d8702296cd5
    [status] => running
)

[2026-01-15 14:01:22] [14 MB] [chunked_processor] Transient save result
    DATA: Array
(
    [option_name] => speed_backups_job_181434eb-3448-44a1-bb5f-4d8702296cd5
    [success] => YES
)

[2026-01-15 14:01:22] [14 MB] [chunked_processor] Option save result
    DATA: Array
(
    [option_name] => speed_backups_job_181434eb-3448-44a1-bb5f-4d8702296cd5
    [success] => YES
)

[2026-01-15 14:01:22] [14 MB] [chunked_processor] Save verification
    DATA: Array
(
    [verified] => YES
)

[2026-01-15 14:01:22] [14 MB] [chunked_processor] get_job called
    DATA: Array
(
    [job_id] => 181434eb-3448-44a1-bb5f-4d8702296cd5
)

[2026-01-15 14:01:22] [14 MB] [chunked_processor] Transient lookup result
    DATA: Array
(
    [option_name] => speed_backups_job_181434eb-3448-44a1-bb5f-4d8702296cd5
    [found] => YES
)

[2026-01-15 14:01:22] [14 MB] [chunked_processor] Job retrieved successfully
    DATA: Array
(
    [status] => running
    [type] => restore
)

[2026-01-15 14:01:22] [14 MB] [chunked_processor] save_job called
    DATA: Array
(
    [job_id] => 181434eb-3448-44a1-bb5f-4d8702296cd5
    [status] => running
)

[2026-01-15 14:01:22] [14 MB] [chunked_processor] Transient save result
    DATA: Array
(
    [option_name] => speed_backups_job_181434eb-3448-44a1-bb5f-4d8702296cd5
    [success] => YES
)

[2026-01-15 14:01:22] [14 MB] [chunked_processor] Option save result
    DATA: Array
(
    [option_name] => speed_backups_job_181434eb-3448-44a1-bb5f-4d8702296cd5
    [success] => YES
)

[2026-01-15 14:01:22] [14 MB] [chunked_processor] Save verification
    DATA: Array
(
    [verified] => YES
)

[2026-01-15 14:01:22] [14 MB] [chunked_processor] get_job called
    DATA: Array
(
    [job_id] => 181434eb-3448-44a1-bb5f-4d8702296cd5
)

[2026-01-15 14:01:22] [14 MB] [chunked_processor] Transient lookup result
    DATA: Array
(
    [option_name] => speed_backups_job_181434eb-3448-44a1-bb5f-4d8702296cd5
    [found] => YES
)

[2026-01-15 14:01:22] [14 MB] [chunked_processor] Job retrieved successfully
    DATA: Array
(
    [status] => running
    [type] => restore
)

[2026-01-15 14:01:22] [14 MB] [chunked_processor] get_job called
    DATA: Array
(
    [job_id] => 181434eb-3448-44a1-bb5f-4d8702296cd5
)

[2026-01-15 14:01:22] [14 MB] [chunked_processor] Transient lookup result
    DATA: Array
(
    [option_name] => speed_backups_job_181434eb-3448-44a1-bb5f-4d8702296cd5
    [found] => YES
)

[2026-01-15 14:01:22] [14 MB] [chunked_processor] Job retrieved successfully
    DATA: Array
(
    [status] => running
    [type] => restore
)

[2026-01-15 14:01:22] [14 MB] [FUNCTION] >>> ENTER: process_chunk
    DATA: Array
(
    [0] => job_id
)

[2026-01-15 14:01:22] [14 MB] [chunked_processor] get_job called
    DATA: Array
(
    [job_id] => 181434eb-3448-44a1-bb5f-4d8702296cd5
)

[2026-01-15 14:01:22] [14 MB] [chunked_processor] Transient lookup result
    DATA: Array
(
    [option_name] => speed_backups_job_181434eb-3448-44a1-bb5f-4d8702296cd5
    [found] => YES
)

[2026-01-15 14:01:22] [14 MB] [chunked_processor] Job retrieved successfully
    DATA: Array
(
    [status] => running
    [type] => restore
)

[2026-01-15 14:01:22] [14 MB] [JOB_STATE] Job 181434eb-3448-44a1-bb5f-4d8702296cd5 state
    DATA: Array
(
    [status] => running
    [type] => restore
    [phase] => extract
    [progress] => 66.062176165803
)

[2026-01-15 14:01:22] [14 MB] [chunked_processor] get_job called
    DATA: Array
(
    [job_id] => 181434eb-3448-44a1-bb5f-4d8702296cd5
)

[2026-01-15 14:01:22] [14 MB] [chunked_processor] Transient lookup result
    DATA: Array
(
    [option_name] => speed_backups_job_181434eb-3448-44a1-bb5f-4d8702296cd5
    [found] => YES
)

[2026-01-15 14:01:22] [14 MB] [chunked_processor] Job retrieved successfully
    DATA: Array
(
    [status] => running
    [type] => restore
)

[2026-01-15 14:01:22] [14 MB] [chunked_processor] get_job called
    DATA: Array
(
    [job_id] => 181434eb-3448-44a1-bb5f-4d8702296cd5
)

[2026-01-15 14:01:22] [14 MB] [chunked_processor] Transient lookup result
    DATA: Array
(
    [option_name] => speed_backups_job_181434eb-3448-44a1-bb5f-4d8702296cd5
    [found] => YES
)

[2026-01-15 14:01:22] [14 MB] [chunked_processor] Job retrieved successfully
    DATA: Array
(
    [status] => running
    [type] => restore
)

[2026-01-15 14:01:22] [14 MB] [chunked_processor] save_job called
    DATA: Array
(
    [job_id] => 181434eb-3448-44a1-bb5f-4d8702296cd5
    [status] => running
)

[2026-01-15 14:01:22] [14 MB] [chunked_processor] Transient save result
    DATA: Array
(
    [option_name] => speed_backups_job_181434eb-3448-44a1-bb5f-4d8702296cd5
    [success] => YES
)

[2026-01-15 14:01:22] [14 MB] [chunked_processor] Option save result
    DATA: Array
(
    [option_name] => speed_backups_job_181434eb-3448-44a1-bb5f-4d8702296cd5
    [success] => YES
)

[2026-01-15 14:01:22] [14 MB] [chunked_processor] Save verification
    DATA: Array
(
    [verified] => YES
)

[2026-01-15 14:01:23] [14 MB] [chunked_processor] get_job called
    DATA: Array
(
    [job_id] => 181434eb-3448-44a1-bb5f-4d8702296cd5
)

[2026-01-15 14:01:23] [14 MB] [chunked_processor] Transient lookup result
    DATA: Array
(
    [option_name] => speed_backups_job_181434eb-3448-44a1-bb5f-4d8702296cd5
    [found] => YES
)

[2026-01-15 14:01:23] [14 MB] [chunked_processor] Job retrieved successfully
    DATA: Array
(
    [status] => running
    [type] => restore
)

[2026-01-15 14:01:23] [14 MB] [chunked_processor] save_job called
    DATA: Array
(
    [job_id] => 181434eb-3448-44a1-bb5f-4d8702296cd5
    [status] => running
)

[2026-01-15 14:01:23] [14 MB] [chunked_processor] Transient save result
    DATA: Array
(
    [option_name] => speed_backups_job_181434eb-3448-44a1-bb5f-4d8702296cd5
    [success] => YES
)

[2026-01-15 14:01:23] [14 MB] [chunked_processor] Option save result
    DATA: Array
(
    [option_name] => speed_backups_job_181434eb-3448-44a1-bb5f-4d8702296cd5
    [success] => YES
)

[2026-01-15 14:01:23] [14 MB] [chunked_processor] Save verification
    DATA: Array
(
    [verified] => YES
)

[2026-01-15 14:01:23] [14 MB] [chunked_processor] get_job called
    DATA: Array
(
    [job_id] => 181434eb-3448-44a1-bb5f-4d8702296cd5
)

[2026-01-15 14:01:23] [14 MB] [chunked_processor] Transient lookup result
    DATA: Array
(
    [option_name] => speed_backups_job_181434eb-3448-44a1-bb5f-4d8702296cd5
    [found] => YES
)

[2026-01-15 14:01:23] [14 MB] [chunked_processor] Job retrieved successfully
    DATA: Array
(
    [status] => running
    [type] => restore
)

[2026-01-15 14:01:23] [14 MB] [chunked_processor] get_job called
    DATA: Array
(
    [job_id] => 181434eb-3448-44a1-bb5f-4d8702296cd5
)

[2026-01-15 14:01:23] [14 MB] [chunked_processor] Transient lookup result
    DATA: Array
(
    [option_name] => speed_backups_job_181434eb-3448-44a1-bb5f-4d8702296cd5
    [found] => YES
)

[2026-01-15 14:01:23] [14 MB] [chunked_processor] Job retrieved successfully
    DATA: Array
(
    [status] => running
    [type] => restore
)

[2026-01-15 14:01:23] [14 MB] [FUNCTION] >>> ENTER: process_chunk
    DATA: Array
(
    [0] => job_id
)

[2026-01-15 14:01:23] [14 MB] [chunked_processor] get_job called
    DATA: Array
(
    [job_id] => 181434eb-3448-44a1-bb5f-4d8702296cd5
)

[2026-01-15 14:01:23] [14 MB] [chunked_processor] Transient lookup result
    DATA: Array
(
    [option_name] => speed_backups_job_181434eb-3448-44a1-bb5f-4d8702296cd5
    [found] => YES
)

[2026-01-15 14:01:23] [14 MB] [chunked_processor] Job retrieved successfully
    DATA: Array
(
    [status] => running
    [type] => restore
)

[2026-01-15 14:01:23] [14 MB] [JOB_STATE] Job 181434eb-3448-44a1-bb5f-4d8702296cd5 state
    DATA: Array
(
    [status] => running
    [type] => restore
    [phase] => extract
    [progress] => 67.357512953368
)

[2026-01-15 14:01:23] [14 MB] [chunked_processor] get_job called
    DATA: Array
(
    [job_id] => 181434eb-3448-44a1-bb5f-4d8702296cd5
)

[2026-01-15 14:01:23] [14 MB] [chunked_processor] Transient lookup result
    DATA: Array
(
    [option_name] => speed_backups_job_181434eb-3448-44a1-bb5f-4d8702296cd5
    [found] => YES
)

[2026-01-15 14:01:23] [14 MB] [chunked_processor] Job retrieved successfully
    DATA: Array
(
    [status] => running
    [type] => restore
)

[2026-01-15 14:01:23] [14 MB] [chunked_processor] get_job called
    DATA: Array
(
    [job_id] => 181434eb-3448-44a1-bb5f-4d8702296cd5
)

[2026-01-15 14:01:23] [14 MB] [chunked_processor] Transient lookup result
    DATA: Array
(
    [option_name] => speed_backups_job_181434eb-3448-44a1-bb5f-4d8702296cd5
    [found] => YES
)

[2026-01-15 14:01:23] [14 MB] [chunked_processor] Job retrieved successfully
    DATA: Array
(
    [status] => running
    [type] => restore
)

[2026-01-15 14:01:23] [14 MB] [chunked_processor] save_job called
    DATA: Array
(
    [job_id] => 181434eb-3448-44a1-bb5f-4d8702296cd5
    [status] => running
)

[2026-01-15 14:01:23] [14 MB] [chunked_processor] Transient save result
    DATA: Array
(
    [option_name] => speed_backups_job_181434eb-3448-44a1-bb5f-4d8702296cd5
    [success] => YES
)

[2026-01-15 14:01:23] [14 MB] [chunked_processor] Option save result
    DATA: Array
(
    [option_name] => speed_backups_job_181434eb-3448-44a1-bb5f-4d8702296cd5
    [success] => YES
)

[2026-01-15 14:01:23] [14 MB] [chunked_processor] Save verification
    DATA: Array
(
    [verified] => YES
)

[2026-01-15 14:01:23] [14 MB] [chunked_processor] get_job called
    DATA: Array
(
    [job_id] => 181434eb-3448-44a1-bb5f-4d8702296cd5
)

[2026-01-15 14:01:23] [14 MB] [chunked_processor] Transient lookup result
    DATA: Array
(
    [option_name] => speed_backups_job_181434eb-3448-44a1-bb5f-4d8702296cd5
    [found] => YES
)

[2026-01-15 14:01:23] [14 MB] [chunked_processor] Job retrieved successfully
    DATA: Array
(
    [status] => running
    [type] => restore
)

[2026-01-15 14:01:23] [14 MB] [chunked_processor] save_job called
    DATA: Array
(
    [job_id] => 181434eb-3448-44a1-bb5f-4d8702296cd5
    [status] => running
)

[2026-01-15 14:01:23] [14 MB] [chunked_processor] Transient save result
    DATA: Array
(
    [option_name] => speed_backups_job_181434eb-3448-44a1-bb5f-4d8702296cd5
    [success] => YES
)

[2026-01-15 14:01:23] [14 MB] [chunked_processor] Option save result
    DATA: Array
(
    [option_name] => speed_backups_job_181434eb-3448-44a1-bb5f-4d8702296cd5
    [success] => YES
)

[2026-01-15 14:01:23] [14 MB] [chunked_processor] Save verification
    DATA: Array
(
    [verified] => YES
)

[2026-01-15 14:01:23] [14 MB] [chunked_processor] get_job called
    DATA: Array
(
    [job_id] => 181434eb-3448-44a1-bb5f-4d8702296cd5
)

[2026-01-15 14:01:23] [14 MB] [chunked_processor] Transient lookup result
    DATA: Array
(
    [option_name] => speed_backups_job_181434eb-3448-44a1-bb5f-4d8702296cd5
    [found] => YES
)

[2026-01-15 14:01:23] [14 MB] [chunked_processor] Job retrieved successfully
    DATA: Array
(
    [status] => running
    [type] => restore
)

[2026-01-15 14:01:23] [14 MB] [chunked_processor] get_job called
    DATA: Array
(
    [job_id] => 181434eb-3448-44a1-bb5f-4d8702296cd5
)

[2026-01-15 14:01:23] [14 MB] [chunked_processor] Transient lookup result
    DATA: Array
(
    [option_name] => speed_backups_job_181434eb-3448-44a1-bb5f-4d8702296cd5
    [found] => YES
)

[2026-01-15 14:01:23] [14 MB] [chunked_processor] Job retrieved successfully
    DATA: Array
(
    [status] => running
    [type] => restore
)

[2026-01-15 14:01:23] [14 MB] [FUNCTION] >>> ENTER: process_chunk
    DATA: Array
(
    [0] => job_id
)

[2026-01-15 14:01:23] [14 MB] [chunked_processor] get_job called
    DATA: Array
(
    [job_id] => 181434eb-3448-44a1-bb5f-4d8702296cd5
)

[2026-01-15 14:01:23] [14 MB] [chunked_processor] Transient lookup result
    DATA: Array
(
    [option_name] => speed_backups_job_181434eb-3448-44a1-bb5f-4d8702296cd5
    [found] => YES
)

[2026-01-15 14:01:23] [14 MB] [chunked_processor] Job retrieved successfully
    DATA: Array
(
    [status] => running
    [type] => restore
)

[2026-01-15 14:01:23] [14 MB] [JOB_STATE] Job 181434eb-3448-44a1-bb5f-4d8702296cd5 state
    DATA: Array
(
    [status] => running
    [type] => restore
    [phase] => extract
    [progress] => 68.652849740933
)

[2026-01-15 14:01:23] [14 MB] [chunked_processor] get_job called
    DATA: Array
(
    [job_id] => 181434eb-3448-44a1-bb5f-4d8702296cd5
)

[2026-01-15 14:01:23] [14 MB] [chunked_processor] Transient lookup result
    DATA: Array
(
    [option_name] => speed_backups_job_181434eb-3448-44a1-bb5f-4d8702296cd5
    [found] => YES
)

[2026-01-15 14:01:23] [14 MB] [chunked_processor] Job retrieved successfully
    DATA: Array
(
    [status] => running
    [type] => restore
)

[2026-01-15 14:01:23] [14 MB] [chunked_processor] get_job called
    DATA: Array
(
    [job_id] => 181434eb-3448-44a1-bb5f-4d8702296cd5
)

[2026-01-15 14:01:23] [14 MB] [chunked_processor] Transient lookup result
    DATA: Array
(
    [option_name] => speed_backups_job_181434eb-3448-44a1-bb5f-4d8702296cd5
    [found] => YES
)

[2026-01-15 14:01:23] [14 MB] [chunked_processor] Job retrieved successfully
    DATA: Array
(
    [status] => running
    [type] => restore
)

[2026-01-15 14:01:23] [14 MB] [chunked_processor] save_job called
    DATA: Array
(
    [job_id] => 181434eb-3448-44a1-bb5f-4d8702296cd5
    [status] => running
)

[2026-01-15 14:01:23] [14 MB] [chunked_processor] Transient save result
    DATA: Array
(
    [option_name] => speed_backups_job_181434eb-3448-44a1-bb5f-4d8702296cd5
    [success] => YES
)

[2026-01-15 14:01:23] [14 MB] [chunked_processor] Option save result
    DATA: Array
(
    [option_name] => speed_backups_job_181434eb-3448-44a1-bb5f-4d8702296cd5
    [success] => YES
)

[2026-01-15 14:01:23] [14 MB] [chunked_processor] Save verification
    DATA: Array
(
    [verified] => YES
)

[2026-01-15 14:01:23] [14 MB] [chunked_processor] get_job called
    DATA: Array
(
    [job_id] => 181434eb-3448-44a1-bb5f-4d8702296cd5
)

[2026-01-15 14:01:23] [14 MB] [chunked_processor] Transient lookup result
    DATA: Array
(
    [option_name] => speed_backups_job_181434eb-3448-44a1-bb5f-4d8702296cd5
    [found] => YES
)

[2026-01-15 14:01:23] [14 MB] [chunked_processor] Job retrieved successfully
    DATA: Array
(
    [status] => running
    [type] => restore
)

[2026-01-15 14:01:23] [14 MB] [chunked_processor] save_job called
    DATA: Array
(
    [job_id] => 181434eb-3448-44a1-bb5f-4d8702296cd5
    [status] => running
)

[2026-01-15 14:01:23] [14 MB] [chunked_processor] Transient save result
    DATA: Array
(
    [option_name] => speed_backups_job_181434eb-3448-44a1-bb5f-4d8702296cd5
    [success] => YES
)

[2026-01-15 14:01:23] [14 MB] [chunked_processor] Option save result
    DATA: Array
(
    [option_name] => speed_backups_job_181434eb-3448-44a1-bb5f-4d8702296cd5
    [success] => YES
)

[2026-01-15 14:01:23] [14 MB] [chunked_processor] Save verification
    DATA: Array
(
    [verified] => YES
)

[2026-01-15 14:01:23] [14 MB] [chunked_processor] get_job called
    DATA: Array
(
    [job_id] => 181434eb-3448-44a1-bb5f-4d8702296cd5
)

[2026-01-15 14:01:23] [14 MB] [chunked_processor] Transient lookup result
    DATA: Array
(
    [option_name] => speed_backups_job_181434eb-3448-44a1-bb5f-4d8702296cd5
    [found] => YES
)

[2026-01-15 14:01:23] [14 MB] [chunked_processor] Job retrieved successfully
    DATA: Array
(
    [status] => running
    [type] => restore
)

[2026-01-15 14:01:23] [14 MB] [chunked_processor] get_job called
    DATA: Array
(
    [job_id] => 181434eb-3448-44a1-bb5f-4d8702296cd5
)

[2026-01-15 14:01:23] [14 MB] [chunked_processor] Transient lookup result
    DATA: Array
(
    [option_name] => speed_backups_job_181434eb-3448-44a1-bb5f-4d8702296cd5
    [found] => YES
)

[2026-01-15 14:01:23] [14 MB] [chunked_processor] Job retrieved successfully
    DATA: Array
(
    [status] => running
    [type] => restore
)

[2026-01-15 14:01:24] [14 MB] [FUNCTION] >>> ENTER: process_chunk
    DATA: Array
(
    [0] => job_id
)

[2026-01-15 14:01:24] [14 MB] [chunked_processor] get_job called
    DATA: Array
(
    [job_id] => 181434eb-3448-44a1-bb5f-4d8702296cd5
)

[2026-01-15 14:01:24] [14 MB] [chunked_processor] Transient lookup result
    DATA: Array
(
    [option_name] => speed_backups_job_181434eb-3448-44a1-bb5f-4d8702296cd5
    [found] => YES
)

[2026-01-15 14:01:24] [14 MB] [chunked_processor] Job retrieved successfully
    DATA: Array
(
    [status] => running
    [type] => restore
)

[2026-01-15 14:01:24] [14 MB] [JOB_STATE] Job 181434eb-3448-44a1-bb5f-4d8702296cd5 state
    DATA: Array
(
    [status] => running
    [type] => restore
    [phase] => extract
    [progress] => 69.948186528497
)

[2026-01-15 14:01:24] [14 MB] [chunked_processor] get_job called
    DATA: Array
(
    [job_id] => 181434eb-3448-44a1-bb5f-4d8702296cd5
)

[2026-01-15 14:01:24] [14 MB] [chunked_processor] Transient lookup result
    DATA: Array
(
    [option_name] => speed_backups_job_181434eb-3448-44a1-bb5f-4d8702296cd5
    [found] => YES
)

[2026-01-15 14:01:24] [14 MB] [chunked_processor] Job retrieved successfully
    DATA: Array
(
    [status] => running
    [type] => restore
)

[2026-01-15 14:01:24] [14 MB] [chunked_processor] get_job called
    DATA: Array
(
    [job_id] => 181434eb-3448-44a1-bb5f-4d8702296cd5
)

[2026-01-15 14:01:24] [14 MB] [chunked_processor] Transient lookup result
    DATA: Array
(
    [option_name] => speed_backups_job_181434eb-3448-44a1-bb5f-4d8702296cd5
    [found] => YES
)

[2026-01-15 14:01:24] [14 MB] [chunked_processor] Job retrieved successfully
    DATA: Array
(
    [status] => running
    [type] => restore
)

[2026-01-15 14:01:24] [14 MB] [chunked_processor] save_job called
    DATA: Array
(
    [job_id] => 181434eb-3448-44a1-bb5f-4d8702296cd5
    [status] => running
)

[2026-01-15 14:01:24] [14 MB] [chunked_processor] Transient save result
    DATA: Array
(
    [option_name] => speed_backups_job_181434eb-3448-44a1-bb5f-4d8702296cd5
    [success] => YES
)

[2026-01-15 14:01:24] [14 MB] [chunked_processor] Option save result
    DATA: Array
(
    [option_name] => speed_backups_job_181434eb-3448-44a1-bb5f-4d8702296cd5
    [success] => YES
)

[2026-01-15 14:01:24] [14 MB] [chunked_processor] Save verification
    DATA: Array
(
    [verified] => YES
)

[2026-01-15 14:01:24] [16 MB] [chunked_processor] get_job called
    DATA: Array
(
    [job_id] => 181434eb-3448-44a1-bb5f-4d8702296cd5
)

[2026-01-15 14:01:24] [16 MB] [chunked_processor] Transient lookup result
    DATA: Array
(
    [option_name] => speed_backups_job_181434eb-3448-44a1-bb5f-4d8702296cd5
    [found] => YES
)

[2026-01-15 14:01:24] [16 MB] [chunked_processor] Job retrieved successfully
    DATA: Array
(
    [status] => running
    [type] => restore
)

[2026-01-15 14:01:24] [16 MB] [chunked_processor] save_job called
    DATA: Array
(
    [job_id] => 181434eb-3448-44a1-bb5f-4d8702296cd5
    [status] => running
)

[2026-01-15 14:01:24] [16 MB] [chunked_processor] Transient save result
    DATA: Array
(
    [option_name] => speed_backups_job_181434eb-3448-44a1-bb5f-4d8702296cd5
    [success] => YES
)

[2026-01-15 14:01:24] [16 MB] [chunked_processor] Option save result
    DATA: Array
(
    [option_name] => speed_backups_job_181434eb-3448-44a1-bb5f-4d8702296cd5
    [success] => YES
)

[2026-01-15 14:01:24] [16 MB] [chunked_processor] Save verification
    DATA: Array
(
    [verified] => YES
)

[2026-01-15 14:01:24] [16 MB] [chunked_processor] get_job called
    DATA: Array
(
    [job_id] => 181434eb-3448-44a1-bb5f-4d8702296cd5
)

[2026-01-15 14:01:24] [16 MB] [chunked_processor] Transient lookup result
    DATA: Array
(
    [option_name] => speed_backups_job_181434eb-3448-44a1-bb5f-4d8702296cd5
    [found] => YES
)

[2026-01-15 14:01:24] [16 MB] [chunked_processor] Job retrieved successfully
    DATA: Array
(
    [status] => running
    [type] => restore
)

[2026-01-15 14:01:24] [16 MB] [chunked_processor] get_job called
    DATA: Array
(
    [job_id] => 181434eb-3448-44a1-bb5f-4d8702296cd5
)

[2026-01-15 14:01:24] [16 MB] [chunked_processor] Transient lookup result
    DATA: Array
(
    [option_name] => speed_backups_job_181434eb-3448-44a1-bb5f-4d8702296cd5
    [found] => YES
)

[2026-01-15 14:01:24] [16 MB] [chunked_processor] Job retrieved successfully
    DATA: Array
(
    [status] => running
    [type] => restore
)

[2026-01-15 14:01:24] [14 MB] [FUNCTION] >>> ENTER: process_chunk
    DATA: Array
(
    [0] => job_id
)

[2026-01-15 14:01:24] [14 MB] [chunked_processor] get_job called
    DATA: Array
(
    [job_id] => 181434eb-3448-44a1-bb5f-4d8702296cd5
)

[2026-01-15 14:01:24] [14 MB] [chunked_processor] Transient lookup result
    DATA: Array
(
    [option_name] => speed_backups_job_181434eb-3448-44a1-bb5f-4d8702296cd5
    [found] => YES
)

[2026-01-15 14:01:24] [14 MB] [chunked_processor] Job retrieved successfully
    DATA: Array
(
    [status] => running
    [type] => restore
)

[2026-01-15 14:01:24] [14 MB] [JOB_STATE] Job 181434eb-3448-44a1-bb5f-4d8702296cd5 state
    DATA: Array
(
    [status] => running
    [type] => restore
    [phase] => extract
    [progress] => 71.243523316062
)

[2026-01-15 14:01:24] [14 MB] [chunked_processor] get_job called
    DATA: Array
(
    [job_id] => 181434eb-3448-44a1-bb5f-4d8702296cd5
)

[2026-01-15 14:01:24] [14 MB] [chunked_processor] Transient lookup result
    DATA: Array
(
    [option_name] => speed_backups_job_181434eb-3448-44a1-bb5f-4d8702296cd5
    [found] => YES
)

[2026-01-15 14:01:24] [14 MB] [chunked_processor] Job retrieved successfully
    DATA: Array
(
    [status] => running
    [type] => restore
)

[2026-01-15 14:01:24] [14 MB] [chunked_processor] get_job called
    DATA: Array
(
    [job_id] => 181434eb-3448-44a1-bb5f-4d8702296cd5
)

[2026-01-15 14:01:24] [14 MB] [chunked_processor] Transient lookup result
    DATA: Array
(
    [option_name] => speed_backups_job_181434eb-3448-44a1-bb5f-4d8702296cd5
    [found] => YES
)

[2026-01-15 14:01:24] [14 MB] [chunked_processor] Job retrieved successfully
    DATA: Array
(
    [status] => running
    [type] => restore
)

[2026-01-15 14:01:24] [14 MB] [chunked_processor] save_job called
    DATA: Array
(
    [job_id] => 181434eb-3448-44a1-bb5f-4d8702296cd5
    [status] => running
)

[2026-01-15 14:01:24] [14 MB] [chunked_processor] Transient save result
    DATA: Array
(
    [option_name] => speed_backups_job_181434eb-3448-44a1-bb5f-4d8702296cd5
    [success] => YES
)

[2026-01-15 14:01:24] [14 MB] [chunked_processor] Option save result
    DATA: Array
(
    [option_name] => speed_backups_job_181434eb-3448-44a1-bb5f-4d8702296cd5
    [success] => YES
)

[2026-01-15 14:01:24] [14 MB] [chunked_processor] Save verification
    DATA: Array
(
    [verified] => YES
)

[2026-01-15 14:01:24] [16 MB] [chunked_processor] get_job called
    DATA: Array
(
    [job_id] => 181434eb-3448-44a1-bb5f-4d8702296cd5
)

[2026-01-15 14:01:24] [16 MB] [chunked_processor] Transient lookup result
    DATA: Array
(
    [option_name] => speed_backups_job_181434eb-3448-44a1-bb5f-4d8702296cd5
    [found] => YES
)

[2026-01-15 14:01:24] [16 MB] [chunked_processor] Job retrieved successfully
    DATA: Array
(
    [status] => running
    [type] => restore
)

[2026-01-15 14:01:24] [16 MB] [chunked_processor] save_job called
    DATA: Array
(
    [job_id] => 181434eb-3448-44a1-bb5f-4d8702296cd5
    [status] => running
)

[2026-01-15 14:01:24] [16 MB] [chunked_processor] Transient save result
    DATA: Array
(
    [option_name] => speed_backups_job_181434eb-3448-44a1-bb5f-4d8702296cd5
    [success] => YES
)

[2026-01-15 14:01:24] [16 MB] [chunked_processor] Option save result
    DATA: Array
(
    [option_name] => speed_backups_job_181434eb-3448-44a1-bb5f-4d8702296cd5
    [success] => YES
)

[2026-01-15 14:01:24] [16 MB] [chunked_processor] Save verification
    DATA: Array
(
    [verified] => YES
)

[2026-01-15 14:01:24] [16 MB] [chunked_processor] get_job called
    DATA: Array
(
    [job_id] => 181434eb-3448-44a1-bb5f-4d8702296cd5
)

[2026-01-15 14:01:24] [16 MB] [chunked_processor] Transient lookup result
    DATA: Array
(
    [option_name] => speed_backups_job_181434eb-3448-44a1-bb5f-4d8702296cd5
    [found] => YES
)

[2026-01-15 14:01:24] [16 MB] [chunked_processor] Job retrieved successfully
    DATA: Array
(
    [status] => running
    [type] => restore
)

[2026-01-15 14:01:24] [16 MB] [chunked_processor] get_job called
    DATA: Array
(
    [job_id] => 181434eb-3448-44a1-bb5f-4d8702296cd5
)

[2026-01-15 14:01:24] [16 MB] [chunked_processor] Transient lookup result
    DATA: Array
(
    [option_name] => speed_backups_job_181434eb-3448-44a1-bb5f-4d8702296cd5
    [found] => YES
)

[2026-01-15 14:01:24] [16 MB] [chunked_processor] Job retrieved successfully
    DATA: Array
(
    [status] => running
    [type] => restore
)

[2026-01-15 14:01:24] [14 MB] [FUNCTION] >>> ENTER: process_chunk
    DATA: Array
(
    [0] => job_id
)

[2026-01-15 14:01:24] [14 MB] [chunked_processor] get_job called
    DATA: Array
(
    [job_id] => 181434eb-3448-44a1-bb5f-4d8702296cd5
)

[2026-01-15 14:01:24] [14 MB] [chunked_processor] Transient lookup result
    DATA: Array
(
    [option_name] => speed_backups_job_181434eb-3448-44a1-bb5f-4d8702296cd5
    [found] => YES
)

[2026-01-15 14:01:24] [14 MB] [chunked_processor] Job retrieved successfully
    DATA: Array
(
    [status] => running
    [type] => restore
)

[2026-01-15 14:01:24] [14 MB] [JOB_STATE] Job 181434eb-3448-44a1-bb5f-4d8702296cd5 state
    DATA: Array
(
    [status] => running
    [type] => restore
    [phase] => extract
    [progress] => 72.538860103627
)

[2026-01-15 14:01:24] [14 MB] [chunked_processor] get_job called
    DATA: Array
(
    [job_id] => 181434eb-3448-44a1-bb5f-4d8702296cd5
)

[2026-01-15 14:01:24] [14 MB] [chunked_processor] Transient lookup result
    DATA: Array
(
    [option_name] => speed_backups_job_181434eb-3448-44a1-bb5f-4d8702296cd5
    [found] => YES
)

[2026-01-15 14:01:24] [14 MB] [chunked_processor] Job retrieved successfully
    DATA: Array
(
    [status] => running
    [type] => restore
)

[2026-01-15 14:01:24] [14 MB] [chunked_processor] get_job called
    DATA: Array
(
    [job_id] => 181434eb-3448-44a1-bb5f-4d8702296cd5
)

[2026-01-15 14:01:24] [14 MB] [chunked_processor] Transient lookup result
    DATA: Array
(
    [option_name] => speed_backups_job_181434eb-3448-44a1-bb5f-4d8702296cd5
    [found] => YES
)

[2026-01-15 14:01:24] [14 MB] [chunked_processor] Job retrieved successfully
    DATA: Array
(
    [status] => running
    [type] => restore
)

[2026-01-15 14:01:24] [14 MB] [chunked_processor] save_job called
    DATA: Array
(
    [job_id] => 181434eb-3448-44a1-bb5f-4d8702296cd5
    [status] => running
)

[2026-01-15 14:01:24] [14 MB] [chunked_processor] Transient save result
    DATA: Array
(
    [option_name] => speed_backups_job_181434eb-3448-44a1-bb5f-4d8702296cd5
    [success] => YES
)

[2026-01-15 14:01:24] [14 MB] [chunked_processor] Option save result
    DATA: Array
(
    [option_name] => speed_backups_job_181434eb-3448-44a1-bb5f-4d8702296cd5
    [success] => YES
)

[2026-01-15 14:01:24] [14 MB] [chunked_processor] Save verification
    DATA: Array
(
    [verified] => YES
)

[2026-01-15 14:01:24] [14 MB] [chunked_processor] get_job called
    DATA: Array
(
    [job_id] => 181434eb-3448-44a1-bb5f-4d8702296cd5
)

[2026-01-15 14:01:24] [14 MB] [chunked_processor] Transient lookup result
    DATA: Array
(
    [option_name] => speed_backups_job_181434eb-3448-44a1-bb5f-4d8702296cd5
    [found] => YES
)

[2026-01-15 14:01:24] [14 MB] [chunked_processor] Job retrieved successfully
    DATA: Array
(
    [status] => running
    [type] => restore
)

[2026-01-15 14:01:24] [14 MB] [chunked_processor] save_job called
    DATA: Array
(
    [job_id] => 181434eb-3448-44a1-bb5f-4d8702296cd5
    [status] => running
)

[2026-01-15 14:01:24] [14 MB] [chunked_processor] Transient save result
    DATA: Array
(
    [option_name] => speed_backups_job_181434eb-3448-44a1-bb5f-4d8702296cd5
    [success] => YES
)

[2026-01-15 14:01:24] [14 MB] [chunked_processor] Option save result
    DATA: Array
(
    [option_name] => speed_backups_job_181434eb-3448-44a1-bb5f-4d8702296cd5
    [success] => YES
)

[2026-01-15 14:01:24] [14 MB] [chunked_processor] Save verification
    DATA: Array
(
    [verified] => YES
)

[2026-01-15 14:01:24] [14 MB] [chunked_processor] get_job called
    DATA: Array
(
    [job_id] => 181434eb-3448-44a1-bb5f-4d8702296cd5
)

[2026-01-15 14:01:24] [14 MB] [chunked_processor] Transient lookup result
    DATA: Array
(
    [option_name] => speed_backups_job_181434eb-3448-44a1-bb5f-4d8702296cd5
    [found] => YES
)

[2026-01-15 14:01:24] [14 MB] [chunked_processor] Job retrieved successfully
    DATA: Array
(
    [status] => running
    [type] => restore
)

[2026-01-15 14:01:24] [14 MB] [chunked_processor] get_job called
    DATA: Array
(
    [job_id] => 181434eb-3448-44a1-bb5f-4d8702296cd5
)

[2026-01-15 14:01:24] [14 MB] [chunked_processor] Transient lookup result
    DATA: Array
(
    [option_name] => speed_backups_job_181434eb-3448-44a1-bb5f-4d8702296cd5
    [found] => YES
)

[2026-01-15 14:01:24] [14 MB] [chunked_processor] Job retrieved successfully
    DATA: Array
(
    [status] => running
    [type] => restore
)

[2026-01-15 14:01:25] [14 MB] [FUNCTION] >>> ENTER: process_chunk
    DATA: Array
(
    [0] => job_id
)

[2026-01-15 14:01:25] [14 MB] [chunked_processor] get_job called
    DATA: Array
(
    [job_id] => 181434eb-3448-44a1-bb5f-4d8702296cd5
)

[2026-01-15 14:01:25] [14 MB] [chunked_processor] Transient lookup result
    DATA: Array
(
    [option_name] => speed_backups_job_181434eb-3448-44a1-bb5f-4d8702296cd5
    [found] => YES
)

[2026-01-15 14:01:25] [14 MB] [chunked_processor] Job retrieved successfully
    DATA: Array
(
    [status] => running
    [type] => restore
)

[2026-01-15 14:01:25] [14 MB] [JOB_STATE] Job 181434eb-3448-44a1-bb5f-4d8702296cd5 state
    DATA: Array
(
    [status] => running
    [type] => restore
    [phase] => extract
    [progress] => 73.834196891192
)

[2026-01-15 14:01:25] [14 MB] [chunked_processor] get_job called
    DATA: Array
(
    [job_id] => 181434eb-3448-44a1-bb5f-4d8702296cd5
)

[2026-01-15 14:01:25] [14 MB] [chunked_processor] Transient lookup result
    DATA: Array
(
    [option_name] => speed_backups_job_181434eb-3448-44a1-bb5f-4d8702296cd5
    [found] => YES
)

[2026-01-15 14:01:25] [14 MB] [chunked_processor] Job retrieved successfully
    DATA: Array
(
    [status] => running
    [type] => restore
)

[2026-01-15 14:01:25] [14 MB] [chunked_processor] get_job called
    DATA: Array
(
    [job_id] => 181434eb-3448-44a1-bb5f-4d8702296cd5
)

[2026-01-15 14:01:25] [14 MB] [chunked_processor] Transient lookup result
    DATA: Array
(
    [option_name] => speed_backups_job_181434eb-3448-44a1-bb5f-4d8702296cd5
    [found] => YES
)

[2026-01-15 14:01:25] [14 MB] [chunked_processor] Job retrieved successfully
    DATA: Array
(
    [status] => running
    [type] => restore
)

[2026-01-15 14:01:25] [14 MB] [chunked_processor] save_job called
    DATA: Array
(
    [job_id] => 181434eb-3448-44a1-bb5f-4d8702296cd5
    [status] => running
)

[2026-01-15 14:01:25] [14 MB] [chunked_processor] Transient save result
    DATA: Array
(
    [option_name] => speed_backups_job_181434eb-3448-44a1-bb5f-4d8702296cd5
    [success] => YES
)

[2026-01-15 14:01:25] [14 MB] [chunked_processor] Option save result
    DATA: Array
(
    [option_name] => speed_backups_job_181434eb-3448-44a1-bb5f-4d8702296cd5
    [success] => YES
)

[2026-01-15 14:01:25] [14 MB] [chunked_processor] Save verification
    DATA: Array
(
    [verified] => YES
)

[2026-01-15 14:01:25] [16 MB] [chunked_processor] get_job called
    DATA: Array
(
    [job_id] => 181434eb-3448-44a1-bb5f-4d8702296cd5
)

[2026-01-15 14:01:25] [16 MB] [chunked_processor] Transient lookup result
    DATA: Array
(
    [option_name] => speed_backups_job_181434eb-3448-44a1-bb5f-4d8702296cd5
    [found] => YES
)

[2026-01-15 14:01:25] [16 MB] [chunked_processor] Job retrieved successfully
    DATA: Array
(
    [status] => running
    [type] => restore
)

[2026-01-15 14:01:25] [16 MB] [chunked_processor] save_job called
    DATA: Array
(
    [job_id] => 181434eb-3448-44a1-bb5f-4d8702296cd5
    [status] => running
)

[2026-01-15 14:01:25] [16 MB] [chunked_processor] Transient save result
    DATA: Array
(
    [option_name] => speed_backups_job_181434eb-3448-44a1-bb5f-4d8702296cd5
    [success] => YES
)

[2026-01-15 14:01:25] [16 MB] [chunked_processor] Option save result
    DATA: Array
(
    [option_name] => speed_backups_job_181434eb-3448-44a1-bb5f-4d8702296cd5
    [success] => YES
)

[2026-01-15 14:01:25] [16 MB] [chunked_processor] Save verification
    DATA: Array
(
    [verified] => YES
)

[2026-01-15 14:01:25] [16 MB] [chunked_processor] get_job called
    DATA: Array
(
    [job_id] => 181434eb-3448-44a1-bb5f-4d8702296cd5
)

[2026-01-15 14:01:25] [16 MB] [chunked_processor] Transient lookup result
    DATA: Array
(
    [option_name] => speed_backups_job_181434eb-3448-44a1-bb5f-4d8702296cd5
    [found] => YES
)

[2026-01-15 14:01:25] [16 MB] [chunked_processor] Job retrieved successfully
    DATA: Array
(
    [status] => running
    [type] => restore
)

[2026-01-15 14:01:25] [16 MB] [chunked_processor] get_job called
    DATA: Array
(
    [job_id] => 181434eb-3448-44a1-bb5f-4d8702296cd5
)

[2026-01-15 14:01:25] [16 MB] [chunked_processor] Transient lookup result
    DATA: Array
(
    [option_name] => speed_backups_job_181434eb-3448-44a1-bb5f-4d8702296cd5
    [found] => YES
)

[2026-01-15 14:01:25] [16 MB] [chunked_processor] Job retrieved successfully
    DATA: Array
(
    [status] => running
    [type] => restore
)

[2026-01-15 14:01:25] [14 MB] [FUNCTION] >>> ENTER: process_chunk
    DATA: Array
(
    [0] => job_id
)

[2026-01-15 14:01:25] [14 MB] [chunked_processor] get_job called
    DATA: Array
(
    [job_id] => 181434eb-3448-44a1-bb5f-4d8702296cd5
)

[2026-01-15 14:01:25] [14 MB] [chunked_processor] Transient lookup result
    DATA: Array
(
    [option_name] => speed_backups_job_181434eb-3448-44a1-bb5f-4d8702296cd5
    [found] => YES
)

[2026-01-15 14:01:25] [14 MB] [chunked_processor] Job retrieved successfully
    DATA: Array
(
    [status] => running
    [type] => restore
)

[2026-01-15 14:01:25] [14 MB] [JOB_STATE] Job 181434eb-3448-44a1-bb5f-4d8702296cd5 state
    DATA: Array
(
    [status] => running
    [type] => restore
    [phase] => extract
    [progress] => 75.129533678756
)

[2026-01-15 14:01:25] [14 MB] [chunked_processor] get_job called
    DATA: Array
(
    [job_id] => 181434eb-3448-44a1-bb5f-4d8702296cd5
)

[2026-01-15 14:01:25] [14 MB] [chunked_processor] Transient lookup result
    DATA: Array
(
    [option_name] => speed_backups_job_181434eb-3448-44a1-bb5f-4d8702296cd5
    [found] => YES
)

[2026-01-15 14:01:25] [14 MB] [chunked_processor] Job retrieved successfully
    DATA: Array
(
    [status] => running
    [type] => restore
)

[2026-01-15 14:01:25] [14 MB] [chunked_processor] get_job called
    DATA: Array
(
    [job_id] => 181434eb-3448-44a1-bb5f-4d8702296cd5
)

[2026-01-15 14:01:25] [14 MB] [chunked_processor] Transient lookup result
    DATA: Array
(
    [option_name] => speed_backups_job_181434eb-3448-44a1-bb5f-4d8702296cd5
    [found] => YES
)

[2026-01-15 14:01:25] [14 MB] [chunked_processor] Job retrieved successfully
    DATA: Array
(
    [status] => running
    [type] => restore
)

[2026-01-15 14:01:25] [14 MB] [chunked_processor] save_job called
    DATA: Array
(
    [job_id] => 181434eb-3448-44a1-bb5f-4d8702296cd5
    [status] => running
)

[2026-01-15 14:01:25] [14 MB] [chunked_processor] Transient save result
    DATA: Array
(
    [option_name] => speed_backups_job_181434eb-3448-44a1-bb5f-4d8702296cd5
    [success] => YES
)

[2026-01-15 14:01:25] [14 MB] [chunked_processor] Option save result
    DATA: Array
(
    [option_name] => speed_backups_job_181434eb-3448-44a1-bb5f-4d8702296cd5
    [success] => YES
)

[2026-01-15 14:01:25] [14 MB] [chunked_processor] Save verification
    DATA: Array
(
    [verified] => YES
)

[2026-01-15 14:01:25] [16 MB] [chunked_processor] get_job called
    DATA: Array
(
    [job_id] => 181434eb-3448-44a1-bb5f-4d8702296cd5
)

[2026-01-15 14:01:25] [16 MB] [chunked_processor] Transient lookup result
    DATA: Array
(
    [option_name] => speed_backups_job_181434eb-3448-44a1-bb5f-4d8702296cd5
    [found] => YES
)

[2026-01-15 14:01:25] [16 MB] [chunked_processor] Job retrieved successfully
    DATA: Array
(
    [status] => running
    [type] => restore
)

[2026-01-15 14:01:25] [16 MB] [chunked_processor] save_job called
    DATA: Array
(
    [job_id] => 181434eb-3448-44a1-bb5f-4d8702296cd5
    [status] => running
)

[2026-01-15 14:01:25] [16 MB] [chunked_processor] Transient save result
    DATA: Array
(
    [option_name] => speed_backups_job_181434eb-3448-44a1-bb5f-4d8702296cd5
    [success] => YES
)

[2026-01-15 14:01:25] [16 MB] [chunked_processor] Option save result
    DATA: Array
(
    [option_name] => speed_backups_job_181434eb-3448-44a1-bb5f-4d8702296cd5
    [success] => YES
)

[2026-01-15 14:01:25] [16 MB] [chunked_processor] Save verification
    DATA: Array
(
    [verified] => YES
)

[2026-01-15 14:01:25] [16 MB] [chunked_processor] get_job called
    DATA: Array
(
    [job_id] => 181434eb-3448-44a1-bb5f-4d8702296cd5
)

[2026-01-15 14:01:25] [16 MB] [chunked_processor] Transient lookup result
    DATA: Array
(
    [option_name] => speed_backups_job_181434eb-3448-44a1-bb5f-4d8702296cd5
    [found] => YES
)

[2026-01-15 14:01:25] [16 MB] [chunked_processor] Job retrieved successfully
    DATA: Array
(
    [status] => running
    [type] => restore
)

[2026-01-15 14:01:25] [16 MB] [chunked_processor] get_job called
    DATA: Array
(
    [job_id] => 181434eb-3448-44a1-bb5f-4d8702296cd5
)

[2026-01-15 14:01:25] [16 MB] [chunked_processor] Transient lookup result
    DATA: Array
(
    [option_name] => speed_backups_job_181434eb-3448-44a1-bb5f-4d8702296cd5
    [found] => YES
)

[2026-01-15 14:01:25] [16 MB] [chunked_processor] Job retrieved successfully
    DATA: Array
(
    [status] => running
    [type] => restore
)

[2026-01-15 14:01:26] [14 MB] [FUNCTION] >>> ENTER: process_chunk
    DATA: Array
(
    [0] => job_id
)

[2026-01-15 14:01:26] [14 MB] [chunked_processor] get_job called
    DATA: Array
(
    [job_id] => 181434eb-3448-44a1-bb5f-4d8702296cd5
)

[2026-01-15 14:01:26] [14 MB] [chunked_processor] Transient lookup result
    DATA: Array
(
    [option_name] => speed_backups_job_181434eb-3448-44a1-bb5f-4d8702296cd5
    [found] => YES
)

[2026-01-15 14:01:26] [14 MB] [chunked_processor] Job retrieved successfully
    DATA: Array
(
    [status] => running
    [type] => restore
)

[2026-01-15 14:01:26] [14 MB] [JOB_STATE] Job 181434eb-3448-44a1-bb5f-4d8702296cd5 state
    DATA: Array
(
    [status] => running
    [type] => restore
    [phase] => extract
    [progress] => 76.424870466321
)

[2026-01-15 14:01:26] [14 MB] [chunked_processor] get_job called
    DATA: Array
(
    [job_id] => 181434eb-3448-44a1-bb5f-4d8702296cd5
)

[2026-01-15 14:01:26] [14 MB] [chunked_processor] Transient lookup result
    DATA: Array
(
    [option_name] => speed_backups_job_181434eb-3448-44a1-bb5f-4d8702296cd5
    [found] => YES
)

[2026-01-15 14:01:26] [14 MB] [chunked_processor] Job retrieved successfully
    DATA: Array
(
    [status] => running
    [type] => restore
)

[2026-01-15 14:01:26] [14 MB] [chunked_processor] get_job called
    DATA: Array
(
    [job_id] => 181434eb-3448-44a1-bb5f-4d8702296cd5
)

[2026-01-15 14:01:26] [14 MB] [chunked_processor] Transient lookup result
    DATA: Array
(
    [option_name] => speed_backups_job_181434eb-3448-44a1-bb5f-4d8702296cd5
    [found] => YES
)

[2026-01-15 14:01:26] [14 MB] [chunked_processor] Job retrieved successfully
    DATA: Array
(
    [status] => running
    [type] => restore
)

[2026-01-15 14:01:26] [14 MB] [chunked_processor] save_job called
    DATA: Array
(
    [job_id] => 181434eb-3448-44a1-bb5f-4d8702296cd5
    [status] => running
)

[2026-01-15 14:01:26] [14 MB] [chunked_processor] Transient save result
    DATA: Array
(
    [option_name] => speed_backups_job_181434eb-3448-44a1-bb5f-4d8702296cd5
    [success] => YES
)

[2026-01-15 14:01:26] [14 MB] [chunked_processor] Option save result
    DATA: Array
(
    [option_name] => speed_backups_job_181434eb-3448-44a1-bb5f-4d8702296cd5
    [success] => YES
)

[2026-01-15 14:01:26] [14 MB] [chunked_processor] Save verification
    DATA: Array
(
    [verified] => YES
)

[2026-01-15 14:01:26] [16 MB] [chunked_processor] get_job called
    DATA: Array
(
    [job_id] => 181434eb-3448-44a1-bb5f-4d8702296cd5
)

[2026-01-15 14:01:26] [16 MB] [chunked_processor] Transient lookup result
    DATA: Array
(
    [option_name] => speed_backups_job_181434eb-3448-44a1-bb5f-4d8702296cd5
    [found] => YES
)

[2026-01-15 14:01:26] [16 MB] [chunked_processor] Job retrieved successfully
    DATA: Array
(
    [status] => running
    [type] => restore
)

[2026-01-15 14:01:26] [16 MB] [chunked_processor] save_job called
    DATA: Array
(
    [job_id] => 181434eb-3448-44a1-bb5f-4d8702296cd5
    [status] => running
)

[2026-01-15 14:01:26] [16 MB] [chunked_processor] Transient save result
    DATA: Array
(
    [option_name] => speed_backups_job_181434eb-3448-44a1-bb5f-4d8702296cd5
    [success] => YES
)

[2026-01-15 14:01:26] [16 MB] [chunked_processor] Option save result
    DATA: Array
(
    [option_name] => speed_backups_job_181434eb-3448-44a1-bb5f-4d8702296cd5
    [success] => YES
)

[2026-01-15 14:01:26] [16 MB] [chunked_processor] Save verification
    DATA: Array
(
    [verified] => YES
)

[2026-01-15 14:01:26] [16 MB] [chunked_processor] get_job called
    DATA: Array
(
    [job_id] => 181434eb-3448-44a1-bb5f-4d8702296cd5
)

[2026-01-15 14:01:26] [16 MB] [chunked_processor] Transient lookup result
    DATA: Array
(
    [option_name] => speed_backups_job_181434eb-3448-44a1-bb5f-4d8702296cd5
    [found] => YES
)

[2026-01-15 14:01:26] [16 MB] [chunked_processor] Job retrieved successfully
    DATA: Array
(
    [status] => running
    [type] => restore
)

[2026-01-15 14:01:26] [16 MB] [chunked_processor] get_job called
    DATA: Array
(
    [job_id] => 181434eb-3448-44a1-bb5f-4d8702296cd5
)

[2026-01-15 14:01:26] [16 MB] [chunked_processor] Transient lookup result
    DATA: Array
(
    [option_name] => speed_backups_job_181434eb-3448-44a1-bb5f-4d8702296cd5
    [found] => YES
)

[2026-01-15 14:01:26] [16 MB] [chunked_processor] Job retrieved successfully
    DATA: Array
(
    [status] => running
    [type] => restore
)

[2026-01-15 14:01:26] [14 MB] [FUNCTION] >>> ENTER: process_chunk
    DATA: Array
(
    [0] => job_id
)

[2026-01-15 14:01:26] [14 MB] [chunked_processor] get_job called
    DATA: Array
(
    [job_id] => 181434eb-3448-44a1-bb5f-4d8702296cd5
)

[2026-01-15 14:01:26] [14 MB] [chunked_processor] Transient lookup result
    DATA: Array
(
    [option_name] => speed_backups_job_181434eb-3448-44a1-bb5f-4d8702296cd5
    [found] => YES
)

[2026-01-15 14:01:26] [14 MB] [chunked_processor] Job retrieved successfully
    DATA: Array
(
    [status] => running
    [type] => restore
)

[2026-01-15 14:01:26] [14 MB] [JOB_STATE] Job 181434eb-3448-44a1-bb5f-4d8702296cd5 state
    DATA: Array
(
    [status] => running
    [type] => restore
    [phase] => extract
    [progress] => 77.720207253886
)

[2026-01-15 14:01:26] [14 MB] [chunked_processor] get_job called
    DATA: Array
(
    [job_id] => 181434eb-3448-44a1-bb5f-4d8702296cd5
)

[2026-01-15 14:01:26] [14 MB] [chunked_processor] Transient lookup result
    DATA: Array
(
    [option_name] => speed_backups_job_181434eb-3448-44a1-bb5f-4d8702296cd5
    [found] => YES
)

[2026-01-15 14:01:26] [14 MB] [chunked_processor] Job retrieved successfully
    DATA: Array
(
    [status] => running
    [type] => restore
)

[2026-01-15 14:01:26] [14 MB] [chunked_processor] get_job called
    DATA: Array
(
    [job_id] => 181434eb-3448-44a1-bb5f-4d8702296cd5
)

[2026-01-15 14:01:26] [14 MB] [chunked_processor] Transient lookup result
    DATA: Array
(
    [option_name] => speed_backups_job_181434eb-3448-44a1-bb5f-4d8702296cd5
    [found] => YES
)

[2026-01-15 14:01:26] [14 MB] [chunked_processor] Job retrieved successfully
    DATA: Array
(
    [status] => running
    [type] => restore
)

[2026-01-15 14:01:26] [14 MB] [chunked_processor] save_job called
    DATA: Array
(
    [job_id] => 181434eb-3448-44a1-bb5f-4d8702296cd5
    [status] => running
)

[2026-01-15 14:01:26] [14 MB] [chunked_processor] Transient save result
    DATA: Array
(
    [option_name] => speed_backups_job_181434eb-3448-44a1-bb5f-4d8702296cd5
    [success] => YES
)

[2026-01-15 14:01:26] [14 MB] [chunked_processor] Option save result
    DATA: Array
(
    [option_name] => speed_backups_job_181434eb-3448-44a1-bb5f-4d8702296cd5
    [success] => YES
)

[2026-01-15 14:01:26] [14 MB] [chunked_processor] Save verification
    DATA: Array
(
    [verified] => YES
)

[2026-01-15 14:01:26] [14 MB] [chunked_processor] get_job called
    DATA: Array
(
    [job_id] => 181434eb-3448-44a1-bb5f-4d8702296cd5
)

[2026-01-15 14:01:26] [14 MB] [chunked_processor] Transient lookup result
    DATA: Array
(
    [option_name] => speed_backups_job_181434eb-3448-44a1-bb5f-4d8702296cd5
    [found] => YES
)

[2026-01-15 14:01:26] [14 MB] [chunked_processor] Job retrieved successfully
    DATA: Array
(
    [status] => running
    [type] => restore
)

[2026-01-15 14:01:26] [14 MB] [chunked_processor] save_job called
    DATA: Array
(
    [job_id] => 181434eb-3448-44a1-bb5f-4d8702296cd5
    [status] => running
)

[2026-01-15 14:01:26] [14 MB] [chunked_processor] Transient save result
    DATA: Array
(
    [option_name] => speed_backups_job_181434eb-3448-44a1-bb5f-4d8702296cd5
    [success] => YES
)

[2026-01-15 14:01:26] [14 MB] [chunked_processor] Option save result
    DATA: Array
(
    [option_name] => speed_backups_job_181434eb-3448-44a1-bb5f-4d8702296cd5
    [success] => YES
)

[2026-01-15 14:01:26] [14 MB] [chunked_processor] Save verification
    DATA: Array
(
    [verified] => YES
)

[2026-01-15 14:01:26] [14 MB] [chunked_processor] get_job called
    DATA: Array
(
    [job_id] => 181434eb-3448-44a1-bb5f-4d8702296cd5
)

[2026-01-15 14:01:26] [14 MB] [chunked_processor] Transient lookup result
    DATA: Array
(
    [option_name] => speed_backups_job_181434eb-3448-44a1-bb5f-4d8702296cd5
    [found] => YES
)

[2026-01-15 14:01:26] [14 MB] [chunked_processor] Job retrieved successfully
    DATA: Array
(
    [status] => running
    [type] => restore
)

[2026-01-15 14:01:26] [14 MB] [chunked_processor] get_job called
    DATA: Array
(
    [job_id] => 181434eb-3448-44a1-bb5f-4d8702296cd5
)

[2026-01-15 14:01:26] [14 MB] [chunked_processor] Transient lookup result
    DATA: Array
(
    [option_name] => speed_backups_job_181434eb-3448-44a1-bb5f-4d8702296cd5
    [found] => YES
)

[2026-01-15 14:01:26] [14 MB] [chunked_processor] Job retrieved successfully
    DATA: Array
(
    [status] => running
    [type] => restore
)

[2026-01-15 14:01:26] [14 MB] [FUNCTION] >>> ENTER: process_chunk
    DATA: Array
(
    [0] => job_id
)

[2026-01-15 14:01:26] [14 MB] [chunked_processor] get_job called
    DATA: Array
(
    [job_id] => 181434eb-3448-44a1-bb5f-4d8702296cd5
)

[2026-01-15 14:01:26] [14 MB] [chunked_processor] Transient lookup result
    DATA: Array
(
    [option_name] => speed_backups_job_181434eb-3448-44a1-bb5f-4d8702296cd5
    [found] => YES
)

[2026-01-15 14:01:26] [14 MB] [chunked_processor] Job retrieved successfully
    DATA: Array
(
    [status] => running
    [type] => restore
)

[2026-01-15 14:01:26] [14 MB] [JOB_STATE] Job 181434eb-3448-44a1-bb5f-4d8702296cd5 state
    DATA: Array
(
    [status] => running
    [type] => restore
    [phase] => extract
    [progress] => 79.015544041451
)

[2026-01-15 14:01:26] [14 MB] [chunked_processor] get_job called
    DATA: Array
(
    [job_id] => 181434eb-3448-44a1-bb5f-4d8702296cd5
)

[2026-01-15 14:01:26] [14 MB] [chunked_processor] Transient lookup result
    DATA: Array
(
    [option_name] => speed_backups_job_181434eb-3448-44a1-bb5f-4d8702296cd5
    [found] => YES
)

[2026-01-15 14:01:26] [14 MB] [chunked_processor] Job retrieved successfully
    DATA: Array
(
    [status] => running
    [type] => restore
)

[2026-01-15 14:01:26] [14 MB] [chunked_processor] get_job called
    DATA: Array
(
    [job_id] => 181434eb-3448-44a1-bb5f-4d8702296cd5
)

[2026-01-15 14:01:26] [14 MB] [chunked_processor] Transient lookup result
    DATA: Array
(
    [option_name] => speed_backups_job_181434eb-3448-44a1-bb5f-4d8702296cd5
    [found] => YES
)

[2026-01-15 14:01:26] [14 MB] [chunked_processor] Job retrieved successfully
    DATA: Array
(
    [status] => running
    [type] => restore
)

[2026-01-15 14:01:26] [14 MB] [chunked_processor] save_job called
    DATA: Array
(
    [job_id] => 181434eb-3448-44a1-bb5f-4d8702296cd5
    [status] => running
)

[2026-01-15 14:01:26] [14 MB] [chunked_processor] Transient save result
    DATA: Array
(
    [option_name] => speed_backups_job_181434eb-3448-44a1-bb5f-4d8702296cd5
    [success] => YES
)

[2026-01-15 14:01:26] [14 MB] [chunked_processor] Option save result
    DATA: Array
(
    [option_name] => speed_backups_job_181434eb-3448-44a1-bb5f-4d8702296cd5
    [success] => YES
)

[2026-01-15 14:01:26] [14 MB] [chunked_processor] Save verification
    DATA: Array
(
    [verified] => YES
)

[2026-01-15 14:01:26] [14 MB] [chunked_processor] get_job called
    DATA: Array
(
    [job_id] => 181434eb-3448-44a1-bb5f-4d8702296cd5
)

[2026-01-15 14:01:26] [14 MB] [chunked_processor] Transient lookup result
    DATA: Array
(
    [option_name] => speed_backups_job_181434eb-3448-44a1-bb5f-4d8702296cd5
    [found] => YES
)

[2026-01-15 14:01:26] [14 MB] [chunked_processor] Job retrieved successfully
    DATA: Array
(
    [status] => running
    [type] => restore
)

[2026-01-15 14:01:26] [14 MB] [chunked_processor] save_job called
    DATA: Array
(
    [job_id] => 181434eb-3448-44a1-bb5f-4d8702296cd5
    [status] => running
)

[2026-01-15 14:01:26] [14 MB] [chunked_processor] Transient save result
    DATA: Array
(
    [option_name] => speed_backups_job_181434eb-3448-44a1-bb5f-4d8702296cd5
    [success] => YES
)

[2026-01-15 14:01:26] [14 MB] [chunked_processor] Option save result
    DATA: Array
(
    [option_name] => speed_backups_job_181434eb-3448-44a1-bb5f-4d8702296cd5
    [success] => YES
)

[2026-01-15 14:01:26] [14 MB] [chunked_processor] Save verification
    DATA: Array
(
    [verified] => YES
)

[2026-01-15 14:01:26] [14 MB] [chunked_processor] get_job called
    DATA: Array
(
    [job_id] => 181434eb-3448-44a1-bb5f-4d8702296cd5
)

[2026-01-15 14:01:26] [14 MB] [chunked_processor] Transient lookup result
    DATA: Array
(
    [option_name] => speed_backups_job_181434eb-3448-44a1-bb5f-4d8702296cd5
    [found] => YES
)

[2026-01-15 14:01:26] [14 MB] [chunked_processor] Job retrieved successfully
    DATA: Array
(
    [status] => running
    [type] => restore
)

[2026-01-15 14:01:26] [14 MB] [chunked_processor] get_job called
    DATA: Array
(
    [job_id] => 181434eb-3448-44a1-bb5f-4d8702296cd5
)

[2026-01-15 14:01:26] [14 MB] [chunked_processor] Transient lookup result
    DATA: Array
(
    [option_name] => speed_backups_job_181434eb-3448-44a1-bb5f-4d8702296cd5
    [found] => YES
)

[2026-01-15 14:01:26] [14 MB] [chunked_processor] Job retrieved successfully
    DATA: Array
(
    [status] => running
    [type] => restore
)

[2026-01-15 14:01:27] [14 MB] [FUNCTION] >>> ENTER: process_chunk
    DATA: Array
(
    [0] => job_id
)

[2026-01-15 14:01:27] [14 MB] [chunked_processor] get_job called
    DATA: Array
(
    [job_id] => 181434eb-3448-44a1-bb5f-4d8702296cd5
)

[2026-01-15 14:01:27] [14 MB] [chunked_processor] Transient lookup result
    DATA: Array
(
    [option_name] => speed_backups_job_181434eb-3448-44a1-bb5f-4d8702296cd5
    [found] => YES
)

[2026-01-15 14:01:27] [14 MB] [chunked_processor] Job retrieved successfully
    DATA: Array
(
    [status] => running
    [type] => restore
)

[2026-01-15 14:01:27] [14 MB] [JOB_STATE] Job 181434eb-3448-44a1-bb5f-4d8702296cd5 state
    DATA: Array
(
    [status] => running
    [type] => restore
    [phase] => extract
    [progress] => 80.310880829016
)

[2026-01-15 14:01:27] [14 MB] [chunked_processor] get_job called
    DATA: Array
(
    [job_id] => 181434eb-3448-44a1-bb5f-4d8702296cd5
)

[2026-01-15 14:01:27] [14 MB] [chunked_processor] Transient lookup result
    DATA: Array
(
    [option_name] => speed_backups_job_181434eb-3448-44a1-bb5f-4d8702296cd5
    [found] => YES
)

[2026-01-15 14:01:27] [14 MB] [chunked_processor] Job retrieved successfully
    DATA: Array
(
    [status] => running
    [type] => restore
)

[2026-01-15 14:01:27] [14 MB] [chunked_processor] get_job called
    DATA: Array
(
    [job_id] => 181434eb-3448-44a1-bb5f-4d8702296cd5
)

[2026-01-15 14:01:27] [14 MB] [chunked_processor] Transient lookup result
    DATA: Array
(
    [option_name] => speed_backups_job_181434eb-3448-44a1-bb5f-4d8702296cd5
    [found] => YES
)

[2026-01-15 14:01:27] [14 MB] [chunked_processor] Job retrieved successfully
    DATA: Array
(
    [status] => running
    [type] => restore
)

[2026-01-15 14:01:27] [14 MB] [chunked_processor] save_job called
    DATA: Array
(
    [job_id] => 181434eb-3448-44a1-bb5f-4d8702296cd5
    [status] => running
)

[2026-01-15 14:01:27] [14 MB] [chunked_processor] Transient save result
    DATA: Array
(
    [option_name] => speed_backups_job_181434eb-3448-44a1-bb5f-4d8702296cd5
    [success] => YES
)

[2026-01-15 14:01:27] [14 MB] [chunked_processor] Option save result
    DATA: Array
(
    [option_name] => speed_backups_job_181434eb-3448-44a1-bb5f-4d8702296cd5
    [success] => YES
)

[2026-01-15 14:01:27] [14 MB] [chunked_processor] Save verification
    DATA: Array
(
    [verified] => YES
)

[2026-01-15 14:01:27] [14 MB] [chunked_processor] get_job called
    DATA: Array
(
    [job_id] => 181434eb-3448-44a1-bb5f-4d8702296cd5
)

[2026-01-15 14:01:27] [14 MB] [chunked_processor] Transient lookup result
    DATA: Array
(
    [option_name] => speed_backups_job_181434eb-3448-44a1-bb5f-4d8702296cd5
    [found] => YES
)

[2026-01-15 14:01:27] [14 MB] [chunked_processor] Job retrieved successfully
    DATA: Array
(
    [status] => running
    [type] => restore
)

[2026-01-15 14:01:27] [14 MB] [chunked_processor] save_job called
    DATA: Array
(
    [job_id] => 181434eb-3448-44a1-bb5f-4d8702296cd5
    [status] => running
)

[2026-01-15 14:01:27] [14 MB] [chunked_processor] Transient save result
    DATA: Array
(
    [option_name] => speed_backups_job_181434eb-3448-44a1-bb5f-4d8702296cd5
    [success] => YES
)

[2026-01-15 14:01:27] [14 MB] [chunked_processor] Option save result
    DATA: Array
(
    [option_name] => speed_backups_job_181434eb-3448-44a1-bb5f-4d8702296cd5
    [success] => YES
)

[2026-01-15 14:01:27] [14 MB] [chunked_processor] Save verification
    DATA: Array
(
    [verified] => YES
)

[2026-01-15 14:01:27] [14 MB] [chunked_processor] get_job called
    DATA: Array
(
    [job_id] => 181434eb-3448-44a1-bb5f-4d8702296cd5
)

[2026-01-15 14:01:27] [14 MB] [chunked_processor] Transient lookup result
    DATA: Array
(
    [option_name] => speed_backups_job_181434eb-3448-44a1-bb5f-4d8702296cd5
    [found] => YES
)

[2026-01-15 14:01:27] [14 MB] [chunked_processor] Job retrieved successfully
    DATA: Array
(
    [status] => running
    [type] => restore
)

[2026-01-15 14:01:27] [14 MB] [chunked_processor] get_job called
    DATA: Array
(
    [job_id] => 181434eb-3448-44a1-bb5f-4d8702296cd5
)

[2026-01-15 14:01:27] [14 MB] [chunked_processor] Transient lookup result
    DATA: Array
(
    [option_name] => speed_backups_job_181434eb-3448-44a1-bb5f-4d8702296cd5
    [found] => YES
)

[2026-01-15 14:01:27] [14 MB] [chunked_processor] Job retrieved successfully
    DATA: Array
(
    [status] => running
    [type] => restore
)

[2026-01-15 14:01:27] [14 MB] [FUNCTION] >>> ENTER: process_chunk
    DATA: Array
(
    [0] => job_id
)

[2026-01-15 14:01:27] [14 MB] [chunked_processor] get_job called
    DATA: Array
(
    [job_id] => 181434eb-3448-44a1-bb5f-4d8702296cd5
)

[2026-01-15 14:01:27] [14 MB] [chunked_processor] Transient lookup result
    DATA: Array
(
    [option_name] => speed_backups_job_181434eb-3448-44a1-bb5f-4d8702296cd5
    [found] => YES
)

[2026-01-15 14:01:27] [14 MB] [chunked_processor] Job retrieved successfully
    DATA: Array
(
    [status] => running
    [type] => restore
)

[2026-01-15 14:01:27] [14 MB] [JOB_STATE] Job 181434eb-3448-44a1-bb5f-4d8702296cd5 state
    DATA: Array
(
    [status] => running
    [type] => restore
    [phase] => extract
    [progress] => 81.60621761658
)

[2026-01-15 14:01:27] [14 MB] [chunked_processor] get_job called
    DATA: Array
(
    [job_id] => 181434eb-3448-44a1-bb5f-4d8702296cd5
)

[2026-01-15 14:01:27] [14 MB] [chunked_processor] Transient lookup result
    DATA: Array
(
    [option_name] => speed_backups_job_181434eb-3448-44a1-bb5f-4d8702296cd5
    [found] => YES
)

[2026-01-15 14:01:27] [14 MB] [chunked_processor] Job retrieved successfully
    DATA: Array
(
    [status] => running
    [type] => restore
)

[2026-01-15 14:01:27] [14 MB] [chunked_processor] get_job called
    DATA: Array
(
    [job_id] => 181434eb-3448-44a1-bb5f-4d8702296cd5
)

[2026-01-15 14:01:27] [14 MB] [chunked_processor] Transient lookup result
    DATA: Array
(
    [option_name] => speed_backups_job_181434eb-3448-44a1-bb5f-4d8702296cd5
    [found] => YES
)

[2026-01-15 14:01:27] [14 MB] [chunked_processor] Job retrieved successfully
    DATA: Array
(
    [status] => running
    [type] => restore
)

[2026-01-15 14:01:27] [14 MB] [chunked_processor] save_job called
    DATA: Array
(
    [job_id] => 181434eb-3448-44a1-bb5f-4d8702296cd5
    [status] => running
)

[2026-01-15 14:01:27] [14 MB] [chunked_processor] Transient save result
    DATA: Array
(
    [option_name] => speed_backups_job_181434eb-3448-44a1-bb5f-4d8702296cd5
    [success] => YES
)

[2026-01-15 14:01:27] [14 MB] [chunked_processor] Option save result
    DATA: Array
(
    [option_name] => speed_backups_job_181434eb-3448-44a1-bb5f-4d8702296cd5
    [success] => YES
)

[2026-01-15 14:01:27] [14 MB] [chunked_processor] Save verification
    DATA: Array
(
    [verified] => YES
)

[2026-01-15 14:01:27] [14 MB] [chunked_processor] get_job called
    DATA: Array
(
    [job_id] => 181434eb-3448-44a1-bb5f-4d8702296cd5
)

[2026-01-15 14:01:27] [14 MB] [chunked_processor] Transient lookup result
    DATA: Array
(
    [option_name] => speed_backups_job_181434eb-3448-44a1-bb5f-4d8702296cd5
    [found] => YES
)

[2026-01-15 14:01:27] [14 MB] [chunked_processor] Job retrieved successfully
    DATA: Array
(
    [status] => running
    [type] => restore
)

[2026-01-15 14:01:27] [14 MB] [chunked_processor] save_job called
    DATA: Array
(
    [job_id] => 181434eb-3448-44a1-bb5f-4d8702296cd5
    [status] => running
)

[2026-01-15 14:01:27] [14 MB] [chunked_processor] Transient save result
    DATA: Array
(
    [option_name] => speed_backups_job_181434eb-3448-44a1-bb5f-4d8702296cd5
    [success] => YES
)

[2026-01-15 14:01:27] [14 MB] [chunked_processor] Option save result
    DATA: Array
(
    [option_name] => speed_backups_job_181434eb-3448-44a1-bb5f-4d8702296cd5
    [success] => YES
)

[2026-01-15 14:01:27] [14 MB] [chunked_processor] Save verification
    DATA: Array
(
    [verified] => YES
)

[2026-01-15 14:01:27] [14 MB] [chunked_processor] get_job called
    DATA: Array
(
    [job_id] => 181434eb-3448-44a1-bb5f-4d8702296cd5
)

[2026-01-15 14:01:27] [14 MB] [chunked_processor] Transient lookup result
    DATA: Array
(
    [option_name] => speed_backups_job_181434eb-3448-44a1-bb5f-4d8702296cd5
    [found] => YES
)

[2026-01-15 14:01:27] [14 MB] [chunked_processor] Job retrieved successfully
    DATA: Array
(
    [status] => running
    [type] => restore
)

[2026-01-15 14:01:27] [14 MB] [chunked_processor] get_job called
    DATA: Array
(
    [job_id] => 181434eb-3448-44a1-bb5f-4d8702296cd5
)

[2026-01-15 14:01:27] [14 MB] [chunked_processor] Transient lookup result
    DATA: Array
(
    [option_name] => speed_backups_job_181434eb-3448-44a1-bb5f-4d8702296cd5
    [found] => YES
)

[2026-01-15 14:01:27] [14 MB] [chunked_processor] Job retrieved successfully
    DATA: Array
(
    [status] => running
    [type] => restore
)

[2026-01-15 14:01:28] [14 MB] [FUNCTION] >>> ENTER: process_chunk
    DATA: Array
(
    [0] => job_id
)

[2026-01-15 14:01:28] [14 MB] [chunked_processor] get_job called
    DATA: Array
(
    [job_id] => 181434eb-3448-44a1-bb5f-4d8702296cd5
)

[2026-01-15 14:01:28] [14 MB] [chunked_processor] Transient lookup result
    DATA: Array
(
    [option_name] => speed_backups_job_181434eb-3448-44a1-bb5f-4d8702296cd5
    [found] => YES
)

[2026-01-15 14:01:28] [14 MB] [chunked_processor] Job retrieved successfully
    DATA: Array
(
    [status] => running
    [type] => restore
)

[2026-01-15 14:01:28] [14 MB] [JOB_STATE] Job 181434eb-3448-44a1-bb5f-4d8702296cd5 state
    DATA: Array
(
    [status] => running
    [type] => restore
    [phase] => extract
    [progress] => 82.901554404145
)

[2026-01-15 14:01:28] [14 MB] [chunked_processor] get_job called
    DATA: Array
(
    [job_id] => 181434eb-3448-44a1-bb5f-4d8702296cd5
)

[2026-01-15 14:01:28] [14 MB] [chunked_processor] Transient lookup result
    DATA: Array
(
    [option_name] => speed_backups_job_181434eb-3448-44a1-bb5f-4d8702296cd5
    [found] => YES
)

[2026-01-15 14:01:28] [14 MB] [chunked_processor] Job retrieved successfully
    DATA: Array
(
    [status] => running
    [type] => restore
)

[2026-01-15 14:01:28] [14 MB] [chunked_processor] get_job called
    DATA: Array
(
    [job_id] => 181434eb-3448-44a1-bb5f-4d8702296cd5
)

[2026-01-15 14:01:28] [14 MB] [chunked_processor] Transient lookup result
    DATA: Array
(
    [option_name] => speed_backups_job_181434eb-3448-44a1-bb5f-4d8702296cd5
    [found] => YES
)

[2026-01-15 14:01:28] [14 MB] [chunked_processor] Job retrieved successfully
    DATA: Array
(
    [status] => running
    [type] => restore
)

[2026-01-15 14:01:28] [14 MB] [chunked_processor] save_job called
    DATA: Array
(
    [job_id] => 181434eb-3448-44a1-bb5f-4d8702296cd5
    [status] => running
)

[2026-01-15 14:01:28] [14 MB] [chunked_processor] Transient save result
    DATA: Array
(
    [option_name] => speed_backups_job_181434eb-3448-44a1-bb5f-4d8702296cd5
    [success] => YES
)

[2026-01-15 14:01:28] [14 MB] [chunked_processor] Option save result
    DATA: Array
(
    [option_name] => speed_backups_job_181434eb-3448-44a1-bb5f-4d8702296cd5
    [success] => YES
)

[2026-01-15 14:01:28] [14 MB] [chunked_processor] Save verification
    DATA: Array
(
    [verified] => YES
)

[2026-01-15 14:01:28] [14 MB] [chunked_processor] get_job called
    DATA: Array
(
    [job_id] => 181434eb-3448-44a1-bb5f-4d8702296cd5
)

[2026-01-15 14:01:28] [14 MB] [chunked_processor] Transient lookup result
    DATA: Array
(
    [option_name] => speed_backups_job_181434eb-3448-44a1-bb5f-4d8702296cd5
    [found] => YES
)

[2026-01-15 14:01:28] [14 MB] [chunked_processor] Job retrieved successfully
    DATA: Array
(
    [status] => running
    [type] => restore
)

[2026-01-15 14:01:28] [14 MB] [chunked_processor] save_job called
    DATA: Array
(
    [job_id] => 181434eb-3448-44a1-bb5f-4d8702296cd5
    [status] => running
)

[2026-01-15 14:01:28] [14 MB] [chunked_processor] Transient save result
    DATA: Array
(
    [option_name] => speed_backups_job_181434eb-3448-44a1-bb5f-4d8702296cd5
    [success] => YES
)

[2026-01-15 14:01:28] [14 MB] [chunked_processor] Option save result
    DATA: Array
(
    [option_name] => speed_backups_job_181434eb-3448-44a1-bb5f-4d8702296cd5
    [success] => YES
)

[2026-01-15 14:01:28] [14 MB] [chunked_processor] Save verification
    DATA: Array
(
    [verified] => YES
)

[2026-01-15 14:01:28] [14 MB] [chunked_processor] get_job called
    DATA: Array
(
    [job_id] => 181434eb-3448-44a1-bb5f-4d8702296cd5
)

[2026-01-15 14:01:28] [14 MB] [chunked_processor] Transient lookup result
    DATA: Array
(
    [option_name] => speed_backups_job_181434eb-3448-44a1-bb5f-4d8702296cd5
    [found] => YES
)

[2026-01-15 14:01:28] [14 MB] [chunked_processor] Job retrieved successfully
    DATA: Array
(
    [status] => running
    [type] => restore
)

[2026-01-15 14:01:28] [14 MB] [chunked_processor] get_job called
    DATA: Array
(
    [job_id] => 181434eb-3448-44a1-bb5f-4d8702296cd5
)

[2026-01-15 14:01:28] [14 MB] [chunked_processor] Transient lookup result
    DATA: Array
(
    [option_name] => speed_backups_job_181434eb-3448-44a1-bb5f-4d8702296cd5
    [found] => YES
)

[2026-01-15 14:01:28] [14 MB] [chunked_processor] Job retrieved successfully
    DATA: Array
(
    [status] => running
    [type] => restore
)

[2026-01-15 14:01:28] [14 MB] [FUNCTION] >>> ENTER: process_chunk
    DATA: Array
(
    [0] => job_id
)

[2026-01-15 14:01:28] [14 MB] [chunked_processor] get_job called
    DATA: Array
(
    [job_id] => 181434eb-3448-44a1-bb5f-4d8702296cd5
)

[2026-01-15 14:01:28] [14 MB] [chunked_processor] Transient lookup result
    DATA: Array
(
    [option_name] => speed_backups_job_181434eb-3448-44a1-bb5f-4d8702296cd5
    [found] => YES
)

[2026-01-15 14:01:28] [14 MB] [chunked_processor] Job retrieved successfully
    DATA: Array
(
    [status] => running
    [type] => restore
)

[2026-01-15 14:01:28] [14 MB] [JOB_STATE] Job 181434eb-3448-44a1-bb5f-4d8702296cd5 state
    DATA: Array
(
    [status] => running
    [type] => restore
    [phase] => extract
    [progress] => 84.19689119171
)

[2026-01-15 14:01:28] [14 MB] [chunked_processor] get_job called
    DATA: Array
(
    [job_id] => 181434eb-3448-44a1-bb5f-4d8702296cd5
)

[2026-01-15 14:01:28] [14 MB] [chunked_processor] Transient lookup result
    DATA: Array
(
    [option_name] => speed_backups_job_181434eb-3448-44a1-bb5f-4d8702296cd5
    [found] => YES
)

[2026-01-15 14:01:28] [14 MB] [chunked_processor] Job retrieved successfully
    DATA: Array
(
    [status] => running
    [type] => restore
)

[2026-01-15 14:01:28] [14 MB] [chunked_processor] get_job called
    DATA: Array
(
    [job_id] => 181434eb-3448-44a1-bb5f-4d8702296cd5
)

[2026-01-15 14:01:28] [14 MB] [chunked_processor] Transient lookup result
    DATA: Array
(
    [option_name] => speed_backups_job_181434eb-3448-44a1-bb5f-4d8702296cd5
    [found] => YES
)

[2026-01-15 14:01:28] [14 MB] [chunked_processor] Job retrieved successfully
    DATA: Array
(
    [status] => running
    [type] => restore
)

[2026-01-15 14:01:28] [14 MB] [chunked_processor] save_job called
    DATA: Array
(
    [job_id] => 181434eb-3448-44a1-bb5f-4d8702296cd5
    [status] => running
)

[2026-01-15 14:01:28] [14 MB] [chunked_processor] Transient save result
    DATA: Array
(
    [option_name] => speed_backups_job_181434eb-3448-44a1-bb5f-4d8702296cd5
    [success] => YES
)

[2026-01-15 14:01:28] [14 MB] [chunked_processor] Option save result
    DATA: Array
(
    [option_name] => speed_backups_job_181434eb-3448-44a1-bb5f-4d8702296cd5
    [success] => YES
)

[2026-01-15 14:01:28] [14 MB] [chunked_processor] Save verification
    DATA: Array
(
    [verified] => YES
)

[2026-01-15 14:01:28] [14 MB] [chunked_processor] get_job called
    DATA: Array
(
    [job_id] => 181434eb-3448-44a1-bb5f-4d8702296cd5
)

[2026-01-15 14:01:28] [14 MB] [chunked_processor] Transient lookup result
    DATA: Array
(
    [option_name] => speed_backups_job_181434eb-3448-44a1-bb5f-4d8702296cd5
    [found] => YES
)

[2026-01-15 14:01:28] [14 MB] [chunked_processor] Job retrieved successfully
    DATA: Array
(
    [status] => running
    [type] => restore
)

[2026-01-15 14:01:28] [14 MB] [chunked_processor] save_job called
    DATA: Array
(
    [job_id] => 181434eb-3448-44a1-bb5f-4d8702296cd5
    [status] => running
)

[2026-01-15 14:01:28] [14 MB] [chunked_processor] Transient save result
    DATA: Array
(
    [option_name] => speed_backups_job_181434eb-3448-44a1-bb5f-4d8702296cd5
    [success] => YES
)

[2026-01-15 14:01:28] [14 MB] [chunked_processor] Option save result
    DATA: Array
(
    [option_name] => speed_backups_job_181434eb-3448-44a1-bb5f-4d8702296cd5
    [success] => YES
)

[2026-01-15 14:01:28] [14 MB] [chunked_processor] Save verification
    DATA: Array
(
    [verified] => YES
)

[2026-01-15 14:01:28] [14 MB] [chunked_processor] get_job called
    DATA: Array
(
    [job_id] => 181434eb-3448-44a1-bb5f-4d8702296cd5
)

[2026-01-15 14:01:28] [14 MB] [chunked_processor] Transient lookup result
    DATA: Array
(
    [option_name] => speed_backups_job_181434eb-3448-44a1-bb5f-4d8702296cd5
    [found] => YES
)

[2026-01-15 14:01:28] [14 MB] [chunked_processor] Job retrieved successfully
    DATA: Array
(
    [status] => running
    [type] => restore
)

[2026-01-15 14:01:28] [14 MB] [chunked_processor] get_job called
    DATA: Array
(
    [job_id] => 181434eb-3448-44a1-bb5f-4d8702296cd5
)

[2026-01-15 14:01:28] [14 MB] [chunked_processor] Transient lookup result
    DATA: Array
(
    [option_name] => speed_backups_job_181434eb-3448-44a1-bb5f-4d8702296cd5
    [found] => YES
)

[2026-01-15 14:01:28] [14 MB] [chunked_processor] Job retrieved successfully
    DATA: Array
(
    [status] => running
    [type] => restore
)

[2026-01-15 14:01:28] [14 MB] [FUNCTION] >>> ENTER: process_chunk
    DATA: Array
(
    [0] => job_id
)

[2026-01-15 14:01:28] [14 MB] [chunked_processor] get_job called
    DATA: Array
(
    [job_id] => 181434eb-3448-44a1-bb5f-4d8702296cd5
)

[2026-01-15 14:01:28] [14 MB] [chunked_processor] Transient lookup result
    DATA: Array
(
    [option_name] => speed_backups_job_181434eb-3448-44a1-bb5f-4d8702296cd5
    [found] => YES
)

[2026-01-15 14:01:28] [14 MB] [chunked_processor] Job retrieved successfully
    DATA: Array
(
    [status] => running
    [type] => restore
)

[2026-01-15 14:01:28] [14 MB] [JOB_STATE] Job 181434eb-3448-44a1-bb5f-4d8702296cd5 state
    DATA: Array
(
    [status] => running
    [type] => restore
    [phase] => extract
    [progress] => 85.492227979275
)

[2026-01-15 14:01:28] [14 MB] [chunked_processor] get_job called
    DATA: Array
(
    [job_id] => 181434eb-3448-44a1-bb5f-4d8702296cd5
)

[2026-01-15 14:01:28] [14 MB] [chunked_processor] Transient lookup result
    DATA: Array
(
    [option_name] => speed_backups_job_181434eb-3448-44a1-bb5f-4d8702296cd5
    [found] => YES
)

[2026-01-15 14:01:28] [14 MB] [chunked_processor] Job retrieved successfully
    DATA: Array
(
    [status] => running
    [type] => restore
)

[2026-01-15 14:01:28] [14 MB] [chunked_processor] get_job called
    DATA: Array
(
    [job_id] => 181434eb-3448-44a1-bb5f-4d8702296cd5
)

[2026-01-15 14:01:28] [14 MB] [chunked_processor] Transient lookup result
    DATA: Array
(
    [option_name] => speed_backups_job_181434eb-3448-44a1-bb5f-4d8702296cd5
    [found] => YES
)

[2026-01-15 14:01:28] [14 MB] [chunked_processor] Job retrieved successfully
    DATA: Array
(
    [status] => running
    [type] => restore
)

[2026-01-15 14:01:28] [14 MB] [chunked_processor] save_job called
    DATA: Array
(
    [job_id] => 181434eb-3448-44a1-bb5f-4d8702296cd5
    [status] => running
)

[2026-01-15 14:01:28] [14 MB] [chunked_processor] Transient save result
    DATA: Array
(
    [option_name] => speed_backups_job_181434eb-3448-44a1-bb5f-4d8702296cd5
    [success] => YES
)

[2026-01-15 14:01:28] [14 MB] [chunked_processor] Option save result
    DATA: Array
(
    [option_name] => speed_backups_job_181434eb-3448-44a1-bb5f-4d8702296cd5
    [success] => YES
)

[2026-01-15 14:01:28] [14 MB] [chunked_processor] Save verification
    DATA: Array
(
    [verified] => YES
)

[2026-01-15 14:01:28] [14 MB] [chunked_processor] get_job called
    DATA: Array
(
    [job_id] => 181434eb-3448-44a1-bb5f-4d8702296cd5
)

[2026-01-15 14:01:28] [14 MB] [chunked_processor] Transient lookup result
    DATA: Array
(
    [option_name] => speed_backups_job_181434eb-3448-44a1-bb5f-4d8702296cd5
    [found] => YES
)

[2026-01-15 14:01:28] [14 MB] [chunked_processor] Job retrieved successfully
    DATA: Array
(
    [status] => running
    [type] => restore
)

[2026-01-15 14:01:28] [14 MB] [chunked_processor] save_job called
    DATA: Array
(
    [job_id] => 181434eb-3448-44a1-bb5f-4d8702296cd5
    [status] => running
)

[2026-01-15 14:01:28] [14 MB] [chunked_processor] Transient save result
    DATA: Array
(
    [option_name] => speed_backups_job_181434eb-3448-44a1-bb5f-4d8702296cd5
    [success] => YES
)

[2026-01-15 14:01:28] [14 MB] [chunked_processor] Option save result
    DATA: Array
(
    [option_name] => speed_backups_job_181434eb-3448-44a1-bb5f-4d8702296cd5
    [success] => YES
)

[2026-01-15 14:01:28] [14 MB] [chunked_processor] Save verification
    DATA: Array
(
    [verified] => YES
)

[2026-01-15 14:01:28] [14 MB] [chunked_processor] get_job called
    DATA: Array
(
    [job_id] => 181434eb-3448-44a1-bb5f-4d8702296cd5
)

[2026-01-15 14:01:28] [14 MB] [chunked_processor] Transient lookup result
    DATA: Array
(
    [option_name] => speed_backups_job_181434eb-3448-44a1-bb5f-4d8702296cd5
    [found] => YES
)

[2026-01-15 14:01:28] [14 MB] [chunked_processor] Job retrieved successfully
    DATA: Array
(
    [status] => running
    [type] => restore
)

[2026-01-15 14:01:28] [14 MB] [chunked_processor] get_job called
    DATA: Array
(
    [job_id] => 181434eb-3448-44a1-bb5f-4d8702296cd5
)

[2026-01-15 14:01:28] [14 MB] [chunked_processor] Transient lookup result
    DATA: Array
(
    [option_name] => speed_backups_job_181434eb-3448-44a1-bb5f-4d8702296cd5
    [found] => YES
)

[2026-01-15 14:01:28] [14 MB] [chunked_processor] Job retrieved successfully
    DATA: Array
(
    [status] => running
    [type] => restore
)

[2026-01-15 14:01:29] [14 MB] [FUNCTION] >>> ENTER: process_chunk
    DATA: Array
(
    [0] => job_id
)

[2026-01-15 14:01:29] [14 MB] [chunked_processor] get_job called
    DATA: Array
(
    [job_id] => 181434eb-3448-44a1-bb5f-4d8702296cd5
)

[2026-01-15 14:01:29] [14 MB] [chunked_processor] Transient lookup result
    DATA: Array
(
    [option_name] => speed_backups_job_181434eb-3448-44a1-bb5f-4d8702296cd5
    [found] => YES
)

[2026-01-15 14:01:29] [14 MB] [chunked_processor] Job retrieved successfully
    DATA: Array
(
    [status] => running
    [type] => restore
)

[2026-01-15 14:01:29] [14 MB] [JOB_STATE] Job 181434eb-3448-44a1-bb5f-4d8702296cd5 state
    DATA: Array
(
    [status] => running
    [type] => restore
    [phase] => extract
    [progress] => 86.787564766839
)

[2026-01-15 14:01:29] [14 MB] [chunked_processor] get_job called
    DATA: Array
(
    [job_id] => 181434eb-3448-44a1-bb5f-4d8702296cd5
)

[2026-01-15 14:01:29] [14 MB] [chunked_processor] Transient lookup result
    DATA: Array
(
    [option_name] => speed_backups_job_181434eb-3448-44a1-bb5f-4d8702296cd5
    [found] => YES
)

[2026-01-15 14:01:29] [14 MB] [chunked_processor] Job retrieved successfully
    DATA: Array
(
    [status] => running
    [type] => restore
)

[2026-01-15 14:01:29] [14 MB] [chunked_processor] get_job called
    DATA: Array
(
    [job_id] => 181434eb-3448-44a1-bb5f-4d8702296cd5
)

[2026-01-15 14:01:29] [14 MB] [chunked_processor] Transient lookup result
    DATA: Array
(
    [option_name] => speed_backups_job_181434eb-3448-44a1-bb5f-4d8702296cd5
    [found] => YES
)

[2026-01-15 14:01:29] [14 MB] [chunked_processor] Job retrieved successfully
    DATA: Array
(
    [status] => running
    [type] => restore
)

[2026-01-15 14:01:29] [14 MB] [chunked_processor] save_job called
    DATA: Array
(
    [job_id] => 181434eb-3448-44a1-bb5f-4d8702296cd5
    [status] => running
)

[2026-01-15 14:01:29] [14 MB] [chunked_processor] Transient save result
    DATA: Array
(
    [option_name] => speed_backups_job_181434eb-3448-44a1-bb5f-4d8702296cd5
    [success] => YES
)

[2026-01-15 14:01:29] [14 MB] [chunked_processor] Option save result
    DATA: Array
(
    [option_name] => speed_backups_job_181434eb-3448-44a1-bb5f-4d8702296cd5
    [success] => YES
)

[2026-01-15 14:01:29] [14 MB] [chunked_processor] Save verification
    DATA: Array
(
    [verified] => YES
)

[2026-01-15 14:01:29] [14 MB] [chunked_processor] get_job called
    DATA: Array
(
    [job_id] => 181434eb-3448-44a1-bb5f-4d8702296cd5
)

[2026-01-15 14:01:29] [14 MB] [chunked_processor] Transient lookup result
    DATA: Array
(
    [option_name] => speed_backups_job_181434eb-3448-44a1-bb5f-4d8702296cd5
    [found] => YES
)

[2026-01-15 14:01:29] [14 MB] [chunked_processor] Job retrieved successfully
    DATA: Array
(
    [status] => running
    [type] => restore
)

[2026-01-15 14:01:29] [14 MB] [chunked_processor] save_job called
    DATA: Array
(
    [job_id] => 181434eb-3448-44a1-bb5f-4d8702296cd5
    [status] => running
)

[2026-01-15 14:01:29] [14 MB] [chunked_processor] Transient save result
    DATA: Array
(
    [option_name] => speed_backups_job_181434eb-3448-44a1-bb5f-4d8702296cd5
    [success] => YES
)

[2026-01-15 14:01:29] [14 MB] [chunked_processor] Option save result
    DATA: Array
(
    [option_name] => speed_backups_job_181434eb-3448-44a1-bb5f-4d8702296cd5
    [success] => YES
)

[2026-01-15 14:01:29] [14 MB] [chunked_processor] Save verification
    DATA: Array
(
    [verified] => YES
)

[2026-01-15 14:01:29] [14 MB] [chunked_processor] get_job called
    DATA: Array
(
    [job_id] => 181434eb-3448-44a1-bb5f-4d8702296cd5
)

[2026-01-15 14:01:29] [14 MB] [chunked_processor] Transient lookup result
    DATA: Array
(
    [option_name] => speed_backups_job_181434eb-3448-44a1-bb5f-4d8702296cd5
    [found] => YES
)

[2026-01-15 14:01:29] [14 MB] [chunked_processor] Job retrieved successfully
    DATA: Array
(
    [status] => running
    [type] => restore
)

[2026-01-15 14:01:29] [14 MB] [chunked_processor] get_job called
    DATA: Array
(
    [job_id] => 181434eb-3448-44a1-bb5f-4d8702296cd5
)

[2026-01-15 14:01:29] [14 MB] [chunked_processor] Transient lookup result
    DATA: Array
(
    [option_name] => speed_backups_job_181434eb-3448-44a1-bb5f-4d8702296cd5
    [found] => YES
)

[2026-01-15 14:01:29] [14 MB] [chunked_processor] Job retrieved successfully
    DATA: Array
(
    [status] => running
    [type] => restore
)

[2026-01-15 14:01:29] [14 MB] [FUNCTION] >>> ENTER: process_chunk
    DATA: Array
(
    [0] => job_id
)

[2026-01-15 14:01:29] [14 MB] [chunked_processor] get_job called
    DATA: Array
(
    [job_id] => 181434eb-3448-44a1-bb5f-4d8702296cd5
)

[2026-01-15 14:01:29] [14 MB] [chunked_processor] Transient lookup result
    DATA: Array
(
    [option_name] => speed_backups_job_181434eb-3448-44a1-bb5f-4d8702296cd5
    [found] => YES
)

[2026-01-15 14:01:29] [14 MB] [chunked_processor] Job retrieved successfully
    DATA: Array
(
    [status] => running
    [type] => restore
)

[2026-01-15 14:01:29] [14 MB] [JOB_STATE] Job 181434eb-3448-44a1-bb5f-4d8702296cd5 state
    DATA: Array
(
    [status] => running
    [type] => restore
    [phase] => extract
    [progress] => 88.082901554404
)

[2026-01-15 14:01:29] [14 MB] [chunked_processor] get_job called
    DATA: Array
(
    [job_id] => 181434eb-3448-44a1-bb5f-4d8702296cd5
)

[2026-01-15 14:01:29] [14 MB] [chunked_processor] Transient lookup result
    DATA: Array
(
    [option_name] => speed_backups_job_181434eb-3448-44a1-bb5f-4d8702296cd5
    [found] => YES
)

[2026-01-15 14:01:29] [14 MB] [chunked_processor] Job retrieved successfully
    DATA: Array
(
    [status] => running
    [type] => restore
)

[2026-01-15 14:01:29] [14 MB] [chunked_processor] get_job called
    DATA: Array
(
    [job_id] => 181434eb-3448-44a1-bb5f-4d8702296cd5
)

[2026-01-15 14:01:29] [14 MB] [chunked_processor] Transient lookup result
    DATA: Array
(
    [option_name] => speed_backups_job_181434eb-3448-44a1-bb5f-4d8702296cd5
    [found] => YES
)

[2026-01-15 14:01:29] [14 MB] [chunked_processor] Job retrieved successfully
    DATA: Array
(
    [status] => running
    [type] => restore
)

[2026-01-15 14:01:29] [14 MB] [chunked_processor] save_job called
    DATA: Array
(
    [job_id] => 181434eb-3448-44a1-bb5f-4d8702296cd5
    [status] => running
)

[2026-01-15 14:01:29] [14 MB] [chunked_processor] Transient save result
    DATA: Array
(
    [option_name] => speed_backups_job_181434eb-3448-44a1-bb5f-4d8702296cd5
    [success] => YES
)

[2026-01-15 14:01:29] [14 MB] [chunked_processor] Option save result
    DATA: Array
(
    [option_name] => speed_backups_job_181434eb-3448-44a1-bb5f-4d8702296cd5
    [success] => YES
)

[2026-01-15 14:01:29] [14 MB] [chunked_processor] Save verification
    DATA: Array
(
    [verified] => YES
)

[2026-01-15 14:01:29] [14 MB] [chunked_processor] get_job called
    DATA: Array
(
    [job_id] => 181434eb-3448-44a1-bb5f-4d8702296cd5
)

[2026-01-15 14:01:29] [14 MB] [chunked_processor] Transient lookup result
    DATA: Array
(
    [option_name] => speed_backups_job_181434eb-3448-44a1-bb5f-4d8702296cd5
    [found] => YES
)

[2026-01-15 14:01:29] [14 MB] [chunked_processor] Job retrieved successfully
    DATA: Array
(
    [status] => running
    [type] => restore
)

[2026-01-15 14:01:29] [14 MB] [chunked_processor] save_job called
    DATA: Array
(
    [job_id] => 181434eb-3448-44a1-bb5f-4d8702296cd5
    [status] => running
)

[2026-01-15 14:01:29] [14 MB] [chunked_processor] Transient save result
    DATA: Array
(
    [option_name] => speed_backups_job_181434eb-3448-44a1-bb5f-4d8702296cd5
    [success] => YES
)

[2026-01-15 14:01:29] [14 MB] [chunked_processor] Option save result
    DATA: Array
(
    [option_name] => speed_backups_job_181434eb-3448-44a1-bb5f-4d8702296cd5
    [success] => YES
)

[2026-01-15 14:01:29] [14 MB] [chunked_processor] Save verification
    DATA: Array
(
    [verified] => YES
)

[2026-01-15 14:01:29] [14 MB] [chunked_processor] get_job called
    DATA: Array
(
    [job_id] => 181434eb-3448-44a1-bb5f-4d8702296cd5
)

[2026-01-15 14:01:29] [14 MB] [chunked_processor] Transient lookup result
    DATA: Array
(
    [option_name] => speed_backups_job_181434eb-3448-44a1-bb5f-4d8702296cd5
    [found] => YES
)

[2026-01-15 14:01:29] [14 MB] [chunked_processor] Job retrieved successfully
    DATA: Array
(
    [status] => running
    [type] => restore
)

[2026-01-15 14:01:29] [14 MB] [chunked_processor] get_job called
    DATA: Array
(
    [job_id] => 181434eb-3448-44a1-bb5f-4d8702296cd5
)

[2026-01-15 14:01:29] [14 MB] [chunked_processor] Transient lookup result
    DATA: Array
(
    [option_name] => speed_backups_job_181434eb-3448-44a1-bb5f-4d8702296cd5
    [found] => YES
)

[2026-01-15 14:01:29] [14 MB] [chunked_processor] Job retrieved successfully
    DATA: Array
(
    [status] => running
    [type] => restore
)

[2026-01-15 14:01:29] [14 MB] [FUNCTION] >>> ENTER: process_chunk
    DATA: Array
(
    [0] => job_id
)

[2026-01-15 14:01:29] [14 MB] [chunked_processor] get_job called
    DATA: Array
(
    [job_id] => 181434eb-3448-44a1-bb5f-4d8702296cd5
)

[2026-01-15 14:01:29] [14 MB] [chunked_processor] Transient lookup result
    DATA: Array
(
    [option_name] => speed_backups_job_181434eb-3448-44a1-bb5f-4d8702296cd5
    [found] => YES
)

[2026-01-15 14:01:29] [14 MB] [chunked_processor] Job retrieved successfully
    DATA: Array
(
    [status] => running
    [type] => restore
)

[2026-01-15 14:01:29] [14 MB] [JOB_STATE] Job 181434eb-3448-44a1-bb5f-4d8702296cd5 state
    DATA: Array
(
    [status] => running
    [type] => restore
    [phase] => extract
    [progress] => 89.378238341969
)

[2026-01-15 14:01:29] [14 MB] [chunked_processor] get_job called
    DATA: Array
(
    [job_id] => 181434eb-3448-44a1-bb5f-4d8702296cd5
)

[2026-01-15 14:01:29] [14 MB] [chunked_processor] Transient lookup result
    DATA: Array
(
    [option_name] => speed_backups_job_181434eb-3448-44a1-bb5f-4d8702296cd5
    [found] => YES
)

[2026-01-15 14:01:29] [14 MB] [chunked_processor] Job retrieved successfully
    DATA: Array
(
    [status] => running
    [type] => restore
)

[2026-01-15 14:01:29] [14 MB] [chunked_processor] get_job called
    DATA: Array
(
    [job_id] => 181434eb-3448-44a1-bb5f-4d8702296cd5
)

[2026-01-15 14:01:29] [14 MB] [chunked_processor] Transient lookup result
    DATA: Array
(
    [option_name] => speed_backups_job_181434eb-3448-44a1-bb5f-4d8702296cd5
    [found] => YES
)

[2026-01-15 14:01:29] [14 MB] [chunked_processor] Job retrieved successfully
    DATA: Array
(
    [status] => running
    [type] => restore
)

[2026-01-15 14:01:29] [14 MB] [chunked_processor] save_job called
    DATA: Array
(
    [job_id] => 181434eb-3448-44a1-bb5f-4d8702296cd5
    [status] => running
)

[2026-01-15 14:01:29] [14 MB] [chunked_processor] Transient save result
    DATA: Array
(
    [option_name] => speed_backups_job_181434eb-3448-44a1-bb5f-4d8702296cd5
    [success] => YES
)

[2026-01-15 14:01:29] [14 MB] [chunked_processor] Option save result
    DATA: Array
(
    [option_name] => speed_backups_job_181434eb-3448-44a1-bb5f-4d8702296cd5
    [success] => YES
)

[2026-01-15 14:01:29] [14 MB] [chunked_processor] Save verification
    DATA: Array
(
    [verified] => YES
)

[2026-01-15 14:01:29] [14 MB] [chunked_processor] get_job called
    DATA: Array
(
    [job_id] => 181434eb-3448-44a1-bb5f-4d8702296cd5
)

[2026-01-15 14:01:29] [14 MB] [chunked_processor] Transient lookup result
    DATA: Array
(
    [option_name] => speed_backups_job_181434eb-3448-44a1-bb5f-4d8702296cd5
    [found] => YES
)

[2026-01-15 14:01:29] [14 MB] [chunked_processor] Job retrieved successfully
    DATA: Array
(
    [status] => running
    [type] => restore
)

[2026-01-15 14:01:29] [14 MB] [chunked_processor] save_job called
    DATA: Array
(
    [job_id] => 181434eb-3448-44a1-bb5f-4d8702296cd5
    [status] => running
)

[2026-01-15 14:01:29] [14 MB] [chunked_processor] Transient save result
    DATA: Array
(
    [option_name] => speed_backups_job_181434eb-3448-44a1-bb5f-4d8702296cd5
    [success] => YES
)

[2026-01-15 14:01:29] [14 MB] [chunked_processor] Option save result
    DATA: Array
(
    [option_name] => speed_backups_job_181434eb-3448-44a1-bb5f-4d8702296cd5
    [success] => YES
)

[2026-01-15 14:01:29] [14 MB] [chunked_processor] Save verification
    DATA: Array
(
    [verified] => YES
)

[2026-01-15 14:01:29] [14 MB] [chunked_processor] get_job called
    DATA: Array
(
    [job_id] => 181434eb-3448-44a1-bb5f-4d8702296cd5
)

[2026-01-15 14:01:29] [14 MB] [chunked_processor] Transient lookup result
    DATA: Array
(
    [option_name] => speed_backups_job_181434eb-3448-44a1-bb5f-4d8702296cd5
    [found] => YES
)

[2026-01-15 14:01:29] [14 MB] [chunked_processor] Job retrieved successfully
    DATA: Array
(
    [status] => running
    [type] => restore
)

[2026-01-15 14:01:29] [14 MB] [chunked_processor] get_job called
    DATA: Array
(
    [job_id] => 181434eb-3448-44a1-bb5f-4d8702296cd5
)

[2026-01-15 14:01:29] [14 MB] [chunked_processor] Transient lookup result
    DATA: Array
(
    [option_name] => speed_backups_job_181434eb-3448-44a1-bb5f-4d8702296cd5
    [found] => YES
)

[2026-01-15 14:01:29] [14 MB] [chunked_processor] Job retrieved successfully
    DATA: Array
(
    [status] => running
    [type] => restore
)

[2026-01-15 14:01:30] [14 MB] [FUNCTION] >>> ENTER: process_chunk
    DATA: Array
(
    [0] => job_id
)

[2026-01-15 14:01:30] [14 MB] [chunked_processor] get_job called
    DATA: Array
(
    [job_id] => 181434eb-3448-44a1-bb5f-4d8702296cd5
)

[2026-01-15 14:01:30] [14 MB] [chunked_processor] Transient lookup result
    DATA: Array
(
    [option_name] => speed_backups_job_181434eb-3448-44a1-bb5f-4d8702296cd5
    [found] => YES
)

[2026-01-15 14:01:30] [14 MB] [chunked_processor] Job retrieved successfully
    DATA: Array
(
    [status] => running
    [type] => restore
)

[2026-01-15 14:01:30] [14 MB] [JOB_STATE] Job 181434eb-3448-44a1-bb5f-4d8702296cd5 state
    DATA: Array
(
    [status] => running
    [type] => restore
    [phase] => extract
    [progress] => 90.673575129534
)

[2026-01-15 14:01:30] [14 MB] [chunked_processor] get_job called
    DATA: Array
(
    [job_id] => 181434eb-3448-44a1-bb5f-4d8702296cd5
)

[2026-01-15 14:01:30] [14 MB] [chunked_processor] Transient lookup result
    DATA: Array
(
    [option_name] => speed_backups_job_181434eb-3448-44a1-bb5f-4d8702296cd5
    [found] => YES
)

[2026-01-15 14:01:30] [14 MB] [chunked_processor] Job retrieved successfully
    DATA: Array
(
    [status] => running
    [type] => restore
)

[2026-01-15 14:01:30] [14 MB] [chunked_processor] get_job called
    DATA: Array
(
    [job_id] => 181434eb-3448-44a1-bb5f-4d8702296cd5
)

[2026-01-15 14:01:30] [14 MB] [chunked_processor] Transient lookup result
    DATA: Array
(
    [option_name] => speed_backups_job_181434eb-3448-44a1-bb5f-4d8702296cd5
    [found] => YES
)

[2026-01-15 14:01:30] [14 MB] [chunked_processor] Job retrieved successfully
    DATA: Array
(
    [status] => running
    [type] => restore
)

[2026-01-15 14:01:30] [14 MB] [chunked_processor] save_job called
    DATA: Array
(
    [job_id] => 181434eb-3448-44a1-bb5f-4d8702296cd5
    [status] => running
)

[2026-01-15 14:01:30] [14 MB] [chunked_processor] Transient save result
    DATA: Array
(
    [option_name] => speed_backups_job_181434eb-3448-44a1-bb5f-4d8702296cd5
    [success] => YES
)

[2026-01-15 14:01:30] [14 MB] [chunked_processor] Option save result
    DATA: Array
(
    [option_name] => speed_backups_job_181434eb-3448-44a1-bb5f-4d8702296cd5
    [success] => YES
)

[2026-01-15 14:01:30] [14 MB] [chunked_processor] Save verification
    DATA: Array
(
    [verified] => YES
)

[2026-01-15 14:01:30] [14 MB] [chunked_processor] get_job called
    DATA: Array
(
    [job_id] => 181434eb-3448-44a1-bb5f-4d8702296cd5
)

[2026-01-15 14:01:30] [14 MB] [chunked_processor] Transient lookup result
    DATA: Array
(
    [option_name] => speed_backups_job_181434eb-3448-44a1-bb5f-4d8702296cd5
    [found] => YES
)

[2026-01-15 14:01:30] [14 MB] [chunked_processor] Job retrieved successfully
    DATA: Array
(
    [status] => running
    [type] => restore
)

[2026-01-15 14:01:30] [14 MB] [chunked_processor] save_job called
    DATA: Array
(
    [job_id] => 181434eb-3448-44a1-bb5f-4d8702296cd5
    [status] => running
)

[2026-01-15 14:01:30] [14 MB] [chunked_processor] Transient save result
    DATA: Array
(
    [option_name] => speed_backups_job_181434eb-3448-44a1-bb5f-4d8702296cd5
    [success] => YES
)

[2026-01-15 14:01:30] [14 MB] [chunked_processor] Option save result
    DATA: Array
(
    [option_name] => speed_backups_job_181434eb-3448-44a1-bb5f-4d8702296cd5
    [success] => YES
)

[2026-01-15 14:01:30] [14 MB] [chunked_processor] Save verification
    DATA: Array
(
    [verified] => YES
)

[2026-01-15 14:01:30] [14 MB] [chunked_processor] get_job called
    DATA: Array
(
    [job_id] => 181434eb-3448-44a1-bb5f-4d8702296cd5
)

[2026-01-15 14:01:30] [14 MB] [chunked_processor] Transient lookup result
    DATA: Array
(
    [option_name] => speed_backups_job_181434eb-3448-44a1-bb5f-4d8702296cd5
    [found] => YES
)

[2026-01-15 14:01:30] [14 MB] [chunked_processor] Job retrieved successfully
    DATA: Array
(
    [status] => running
    [type] => restore
)

[2026-01-15 14:01:30] [14 MB] [chunked_processor] get_job called
    DATA: Array
(
    [job_id] => 181434eb-3448-44a1-bb5f-4d8702296cd5
)

[2026-01-15 14:01:30] [14 MB] [chunked_processor] Transient lookup result
    DATA: Array
(
    [option_name] => speed_backups_job_181434eb-3448-44a1-bb5f-4d8702296cd5
    [found] => YES
)

[2026-01-15 14:01:30] [14 MB] [chunked_processor] Job retrieved successfully
    DATA: Array
(
    [status] => running
    [type] => restore
)

[2026-01-15 14:01:30] [14 MB] [FUNCTION] >>> ENTER: process_chunk
    DATA: Array
(
    [0] => job_id
)

[2026-01-15 14:01:30] [14 MB] [chunked_processor] get_job called
    DATA: Array
(
    [job_id] => 181434eb-3448-44a1-bb5f-4d8702296cd5
)

[2026-01-15 14:01:30] [14 MB] [chunked_processor] Transient lookup result
    DATA: Array
(
    [option_name] => speed_backups_job_181434eb-3448-44a1-bb5f-4d8702296cd5
    [found] => YES
)

[2026-01-15 14:01:30] [14 MB] [chunked_processor] Job retrieved successfully
    DATA: Array
(
    [status] => running
    [type] => restore
)

[2026-01-15 14:01:30] [14 MB] [JOB_STATE] Job 181434eb-3448-44a1-bb5f-4d8702296cd5 state
    DATA: Array
(
    [status] => running
    [type] => restore
    [phase] => extract
    [progress] => 91.968911917098
)

[2026-01-15 14:01:30] [14 MB] [chunked_processor] get_job called
    DATA: Array
(
    [job_id] => 181434eb-3448-44a1-bb5f-4d8702296cd5
)

[2026-01-15 14:01:30] [14 MB] [chunked_processor] Transient lookup result
    DATA: Array
(
    [option_name] => speed_backups_job_181434eb-3448-44a1-bb5f-4d8702296cd5
    [found] => YES
)

[2026-01-15 14:01:30] [14 MB] [chunked_processor] Job retrieved successfully
    DATA: Array
(
    [status] => running
    [type] => restore
)

[2026-01-15 14:01:30] [14 MB] [chunked_processor] get_job called
    DATA: Array
(
    [job_id] => 181434eb-3448-44a1-bb5f-4d8702296cd5
)

[2026-01-15 14:01:30] [14 MB] [chunked_processor] Transient lookup result
    DATA: Array
(
    [option_name] => speed_backups_job_181434eb-3448-44a1-bb5f-4d8702296cd5
    [found] => YES
)

[2026-01-15 14:01:30] [14 MB] [chunked_processor] Job retrieved successfully
    DATA: Array
(
    [status] => running
    [type] => restore
)

[2026-01-15 14:01:30] [14 MB] [chunked_processor] save_job called
    DATA: Array
(
    [job_id] => 181434eb-3448-44a1-bb5f-4d8702296cd5
    [status] => running
)

[2026-01-15 14:01:30] [14 MB] [chunked_processor] Transient save result
    DATA: Array
(
    [option_name] => speed_backups_job_181434eb-3448-44a1-bb5f-4d8702296cd5
    [success] => YES
)

[2026-01-15 14:01:30] [14 MB] [chunked_processor] Option save result
    DATA: Array
(
    [option_name] => speed_backups_job_181434eb-3448-44a1-bb5f-4d8702296cd5
    [success] => YES
)

[2026-01-15 14:01:30] [14 MB] [chunked_processor] Save verification
    DATA: Array
(
    [verified] => YES
)

[2026-01-15 14:01:30] [16 MB] [chunked_processor] get_job called
    DATA: Array
(
    [job_id] => 181434eb-3448-44a1-bb5f-4d8702296cd5
)

[2026-01-15 14:01:30] [16 MB] [chunked_processor] Transient lookup result
    DATA: Array
(
    [option_name] => speed_backups_job_181434eb-3448-44a1-bb5f-4d8702296cd5
    [found] => YES
)

[2026-01-15 14:01:30] [16 MB] [chunked_processor] Job retrieved successfully
    DATA: Array
(
    [status] => running
    [type] => restore
)

[2026-01-15 14:01:30] [16 MB] [chunked_processor] save_job called
    DATA: Array
(
    [job_id] => 181434eb-3448-44a1-bb5f-4d8702296cd5
    [status] => running
)

[2026-01-15 14:01:30] [16 MB] [chunked_processor] Transient save result
    DATA: Array
(
    [option_name] => speed_backups_job_181434eb-3448-44a1-bb5f-4d8702296cd5
    [success] => YES
)

[2026-01-15 14:01:30] [16 MB] [chunked_processor] Option save result
    DATA: Array
(
    [option_name] => speed_backups_job_181434eb-3448-44a1-bb5f-4d8702296cd5
    [success] => YES
)

[2026-01-15 14:01:30] [16 MB] [chunked_processor] Save verification
    DATA: Array
(
    [verified] => YES
)

[2026-01-15 14:01:30] [16 MB] [chunked_processor] get_job called
    DATA: Array
(
    [job_id] => 181434eb-3448-44a1-bb5f-4d8702296cd5
)

[2026-01-15 14:01:30] [16 MB] [chunked_processor] Transient lookup result
    DATA: Array
(
    [option_name] => speed_backups_job_181434eb-3448-44a1-bb5f-4d8702296cd5
    [found] => YES
)

[2026-01-15 14:01:30] [16 MB] [chunked_processor] Job retrieved successfully
    DATA: Array
(
    [status] => running
    [type] => restore
)

[2026-01-15 14:01:30] [16 MB] [chunked_processor] get_job called
    DATA: Array
(
    [job_id] => 181434eb-3448-44a1-bb5f-4d8702296cd5
)

[2026-01-15 14:01:30] [16 MB] [chunked_processor] Transient lookup result
    DATA: Array
(
    [option_name] => speed_backups_job_181434eb-3448-44a1-bb5f-4d8702296cd5
    [found] => YES
)

[2026-01-15 14:01:30] [16 MB] [chunked_processor] Job retrieved successfully
    DATA: Array
(
    [status] => running
    [type] => restore
)

[2026-01-15 14:01:30] [14 MB] [FUNCTION] >>> ENTER: process_chunk
    DATA: Array
(
    [0] => job_id
)

[2026-01-15 14:01:30] [14 MB] [chunked_processor] get_job called
    DATA: Array
(
    [job_id] => 181434eb-3448-44a1-bb5f-4d8702296cd5
)

[2026-01-15 14:01:30] [14 MB] [chunked_processor] Transient lookup result
    DATA: Array
(
    [option_name] => speed_backups_job_181434eb-3448-44a1-bb5f-4d8702296cd5
    [found] => YES
)

[2026-01-15 14:01:30] [14 MB] [chunked_processor] Job retrieved successfully
    DATA: Array
(
    [status] => running
    [type] => restore
)

[2026-01-15 14:01:30] [14 MB] [JOB_STATE] Job 181434eb-3448-44a1-bb5f-4d8702296cd5 state
    DATA: Array
(
    [status] => running
    [type] => restore
    [phase] => extract
    [progress] => 93.264248704663
)

[2026-01-15 14:01:30] [14 MB] [chunked_processor] get_job called
    DATA: Array
(
    [job_id] => 181434eb-3448-44a1-bb5f-4d8702296cd5
)

[2026-01-15 14:01:30] [14 MB] [chunked_processor] Transient lookup result
    DATA: Array
(
    [option_name] => speed_backups_job_181434eb-3448-44a1-bb5f-4d8702296cd5
    [found] => YES
)

[2026-01-15 14:01:30] [14 MB] [chunked_processor] Job retrieved successfully
    DATA: Array
(
    [status] => running
    [type] => restore
)

[2026-01-15 14:01:30] [14 MB] [chunked_processor] get_job called
    DATA: Array
(
    [job_id] => 181434eb-3448-44a1-bb5f-4d8702296cd5
)

[2026-01-15 14:01:30] [14 MB] [chunked_processor] Transient lookup result
    DATA: Array
(
    [option_name] => speed_backups_job_181434eb-3448-44a1-bb5f-4d8702296cd5
    [found] => YES
)

[2026-01-15 14:01:30] [14 MB] [chunked_processor] Job retrieved successfully
    DATA: Array
(
    [status] => running
    [type] => restore
)

[2026-01-15 14:01:30] [14 MB] [chunked_processor] save_job called
    DATA: Array
(
    [job_id] => 181434eb-3448-44a1-bb5f-4d8702296cd5
    [status] => running
)

[2026-01-15 14:01:30] [14 MB] [chunked_processor] Transient save result
    DATA: Array
(
    [option_name] => speed_backups_job_181434eb-3448-44a1-bb5f-4d8702296cd5
    [success] => YES
)

[2026-01-15 14:01:30] [14 MB] [chunked_processor] Option save result
    DATA: Array
(
    [option_name] => speed_backups_job_181434eb-3448-44a1-bb5f-4d8702296cd5
    [success] => YES
)

[2026-01-15 14:01:30] [14 MB] [chunked_processor] Save verification
    DATA: Array
(
    [verified] => YES
)

[2026-01-15 14:01:31] [14 MB] [chunked_processor] get_job called
    DATA: Array
(
    [job_id] => 181434eb-3448-44a1-bb5f-4d8702296cd5
)

[2026-01-15 14:01:31] [14 MB] [chunked_processor] Transient lookup result
    DATA: Array
(
    [option_name] => speed_backups_job_181434eb-3448-44a1-bb5f-4d8702296cd5
    [found] => YES
)

[2026-01-15 14:01:31] [14 MB] [chunked_processor] Job retrieved successfully
    DATA: Array
(
    [status] => running
    [type] => restore
)

[2026-01-15 14:01:31] [14 MB] [chunked_processor] save_job called
    DATA: Array
(
    [job_id] => 181434eb-3448-44a1-bb5f-4d8702296cd5
    [status] => running
)

[2026-01-15 14:01:31] [14 MB] [chunked_processor] Transient save result
    DATA: Array
(
    [option_name] => speed_backups_job_181434eb-3448-44a1-bb5f-4d8702296cd5
    [success] => YES
)

[2026-01-15 14:01:31] [14 MB] [chunked_processor] Option save result
    DATA: Array
(
    [option_name] => speed_backups_job_181434eb-3448-44a1-bb5f-4d8702296cd5
    [success] => YES
)

[2026-01-15 14:01:31] [14 MB] [chunked_processor] Save verification
    DATA: Array
(
    [verified] => YES
)

[2026-01-15 14:01:31] [14 MB] [chunked_processor] get_job called
    DATA: Array
(
    [job_id] => 181434eb-3448-44a1-bb5f-4d8702296cd5
)

[2026-01-15 14:01:31] [14 MB] [chunked_processor] Transient lookup result
    DATA: Array
(
    [option_name] => speed_backups_job_181434eb-3448-44a1-bb5f-4d8702296cd5
    [found] => YES
)

[2026-01-15 14:01:31] [14 MB] [chunked_processor] Job retrieved successfully
    DATA: Array
(
    [status] => running
    [type] => restore
)

[2026-01-15 14:01:31] [14 MB] [chunked_processor] get_job called
    DATA: Array
(
    [job_id] => 181434eb-3448-44a1-bb5f-4d8702296cd5
)

[2026-01-15 14:01:31] [14 MB] [chunked_processor] Transient lookup result
    DATA: Array
(
    [option_name] => speed_backups_job_181434eb-3448-44a1-bb5f-4d8702296cd5
    [found] => YES
)

[2026-01-15 14:01:31] [14 MB] [chunked_processor] Job retrieved successfully
    DATA: Array
(
    [status] => running
    [type] => restore
)

[2026-01-15 14:01:31] [14 MB] [FUNCTION] >>> ENTER: process_chunk
    DATA: Array
(
    [0] => job_id
)

[2026-01-15 14:01:31] [14 MB] [chunked_processor] get_job called
    DATA: Array
(
    [job_id] => 181434eb-3448-44a1-bb5f-4d8702296cd5
)

[2026-01-15 14:01:31] [14 MB] [chunked_processor] Transient lookup result
    DATA: Array
(
    [option_name] => speed_backups_job_181434eb-3448-44a1-bb5f-4d8702296cd5
    [found] => YES
)

[2026-01-15 14:01:31] [14 MB] [chunked_processor] Job retrieved successfully
    DATA: Array
(
    [status] => running
    [type] => restore
)

[2026-01-15 14:01:31] [14 MB] [JOB_STATE] Job 181434eb-3448-44a1-bb5f-4d8702296cd5 state
    DATA: Array
(
    [status] => running
    [type] => restore
    [phase] => extract
    [progress] => 94.559585492228
)

[2026-01-15 14:01:31] [14 MB] [chunked_processor] get_job called
    DATA: Array
(
    [job_id] => 181434eb-3448-44a1-bb5f-4d8702296cd5
)

[2026-01-15 14:01:31] [14 MB] [chunked_processor] Transient lookup result
    DATA: Array
(
    [option_name] => speed_backups_job_181434eb-3448-44a1-bb5f-4d8702296cd5
    [found] => YES
)

[2026-01-15 14:01:31] [14 MB] [chunked_processor] Job retrieved successfully
    DATA: Array
(
    [status] => running
    [type] => restore
)

[2026-01-15 14:01:31] [14 MB] [chunked_processor] get_job called
    DATA: Array
(
    [job_id] => 181434eb-3448-44a1-bb5f-4d8702296cd5
)

[2026-01-15 14:01:31] [14 MB] [chunked_processor] Transient lookup result
    DATA: Array
(
    [option_name] => speed_backups_job_181434eb-3448-44a1-bb5f-4d8702296cd5
    [found] => YES
)

[2026-01-15 14:01:31] [14 MB] [chunked_processor] Job retrieved successfully
    DATA: Array
(
    [status] => running
    [type] => restore
)

[2026-01-15 14:01:31] [14 MB] [chunked_processor] save_job called
    DATA: Array
(
    [job_id] => 181434eb-3448-44a1-bb5f-4d8702296cd5
    [status] => running
)

[2026-01-15 14:01:31] [14 MB] [chunked_processor] Transient save result
    DATA: Array
(
    [option_name] => speed_backups_job_181434eb-3448-44a1-bb5f-4d8702296cd5
    [success] => YES
)

[2026-01-15 14:01:31] [14 MB] [chunked_processor] Option save result
    DATA: Array
(
    [option_name] => speed_backups_job_181434eb-3448-44a1-bb5f-4d8702296cd5
    [success] => YES
)

[2026-01-15 14:01:31] [14 MB] [chunked_processor] Save verification
    DATA: Array
(
    [verified] => YES
)

[2026-01-15 14:01:31] [14 MB] [chunked_processor] get_job called
    DATA: Array
(
    [job_id] => 181434eb-3448-44a1-bb5f-4d8702296cd5
)

[2026-01-15 14:01:31] [14 MB] [chunked_processor] Transient lookup result
    DATA: Array
(
    [option_name] => speed_backups_job_181434eb-3448-44a1-bb5f-4d8702296cd5
    [found] => YES
)

[2026-01-15 14:01:31] [14 MB] [chunked_processor] Job retrieved successfully
    DATA: Array
(
    [status] => running
    [type] => restore
)

[2026-01-15 14:01:31] [14 MB] [chunked_processor] save_job called
    DATA: Array
(
    [job_id] => 181434eb-3448-44a1-bb5f-4d8702296cd5
    [status] => running
)

[2026-01-15 14:01:31] [14 MB] [chunked_processor] Transient save result
    DATA: Array
(
    [option_name] => speed_backups_job_181434eb-3448-44a1-bb5f-4d8702296cd5
    [success] => YES
)

[2026-01-15 14:01:31] [14 MB] [chunked_processor] Option save result
    DATA: Array
(
    [option_name] => speed_backups_job_181434eb-3448-44a1-bb5f-4d8702296cd5
    [success] => YES
)

[2026-01-15 14:01:31] [14 MB] [chunked_processor] Save verification
    DATA: Array
(
    [verified] => YES
)

[2026-01-15 14:01:31] [14 MB] [chunked_processor] get_job called
    DATA: Array
(
    [job_id] => 181434eb-3448-44a1-bb5f-4d8702296cd5
)

[2026-01-15 14:01:31] [14 MB] [chunked_processor] Transient lookup result
    DATA: Array
(
    [option_name] => speed_backups_job_181434eb-3448-44a1-bb5f-4d8702296cd5
    [found] => YES
)

[2026-01-15 14:01:31] [14 MB] [chunked_processor] Job retrieved successfully
    DATA: Array
(
    [status] => running
    [type] => restore
)

[2026-01-15 14:01:31] [14 MB] [chunked_processor] get_job called
    DATA: Array
(
    [job_id] => 181434eb-3448-44a1-bb5f-4d8702296cd5
)

[2026-01-15 14:01:31] [14 MB] [chunked_processor] Transient lookup result
    DATA: Array
(
    [option_name] => speed_backups_job_181434eb-3448-44a1-bb5f-4d8702296cd5
    [found] => YES
)

[2026-01-15 14:01:31] [14 MB] [chunked_processor] Job retrieved successfully
    DATA: Array
(
    [status] => running
    [type] => restore
)

[2026-01-15 14:01:31] [14 MB] [FUNCTION] >>> ENTER: process_chunk
    DATA: Array
(
    [0] => job_id
)

[2026-01-15 14:01:31] [14 MB] [chunked_processor] get_job called
    DATA: Array
(
    [job_id] => 181434eb-3448-44a1-bb5f-4d8702296cd5
)

[2026-01-15 14:01:31] [14 MB] [chunked_processor] Transient lookup result
    DATA: Array
(
    [option_name] => speed_backups_job_181434eb-3448-44a1-bb5f-4d8702296cd5
    [found] => YES
)

[2026-01-15 14:01:31] [14 MB] [chunked_processor] Job retrieved successfully
    DATA: Array
(
    [status] => running
    [type] => restore
)

[2026-01-15 14:01:31] [14 MB] [JOB_STATE] Job 181434eb-3448-44a1-bb5f-4d8702296cd5 state
    DATA: Array
(
    [status] => running
    [type] => restore
    [phase] => extract
    [progress] => 95.854922279793
)

[2026-01-15 14:01:31] [14 MB] [chunked_processor] get_job called
    DATA: Array
(
    [job_id] => 181434eb-3448-44a1-bb5f-4d8702296cd5
)

[2026-01-15 14:01:31] [14 MB] [chunked_processor] Transient lookup result
    DATA: Array
(
    [option_name] => speed_backups_job_181434eb-3448-44a1-bb5f-4d8702296cd5
    [found] => YES
)

[2026-01-15 14:01:31] [14 MB] [chunked_processor] Job retrieved successfully
    DATA: Array
(
    [status] => running
    [type] => restore
)

[2026-01-15 14:01:31] [14 MB] [chunked_processor] get_job called
    DATA: Array
(
    [job_id] => 181434eb-3448-44a1-bb5f-4d8702296cd5
)

[2026-01-15 14:01:31] [14 MB] [chunked_processor] Transient lookup result
    DATA: Array
(
    [option_name] => speed_backups_job_181434eb-3448-44a1-bb5f-4d8702296cd5
    [found] => YES
)

[2026-01-15 14:01:31] [14 MB] [chunked_processor] Job retrieved successfully
    DATA: Array
(
    [status] => running
    [type] => restore
)

[2026-01-15 14:01:31] [14 MB] [chunked_processor] save_job called
    DATA: Array
(
    [job_id] => 181434eb-3448-44a1-bb5f-4d8702296cd5
    [status] => running
)

[2026-01-15 14:01:31] [14 MB] [chunked_processor] Transient save result
    DATA: Array
(
    [option_name] => speed_backups_job_181434eb-3448-44a1-bb5f-4d8702296cd5
    [success] => YES
)

[2026-01-15 14:01:31] [14 MB] [chunked_processor] Option save result
    DATA: Array
(
    [option_name] => speed_backups_job_181434eb-3448-44a1-bb5f-4d8702296cd5
    [success] => YES
)

[2026-01-15 14:01:31] [14 MB] [chunked_processor] Save verification
    DATA: Array
(
    [verified] => YES
)

[2026-01-15 14:01:31] [14 MB] [chunked_processor] get_job called
    DATA: Array
(
    [job_id] => 181434eb-3448-44a1-bb5f-4d8702296cd5
)

[2026-01-15 14:01:31] [14 MB] [chunked_processor] Transient lookup result
    DATA: Array
(
    [option_name] => speed_backups_job_181434eb-3448-44a1-bb5f-4d8702296cd5
    [found] => YES
)

[2026-01-15 14:01:31] [14 MB] [chunked_processor] Job retrieved successfully
    DATA: Array
(
    [status] => running
    [type] => restore
)

[2026-01-15 14:01:31] [14 MB] [chunked_processor] save_job called
    DATA: Array
(
    [job_id] => 181434eb-3448-44a1-bb5f-4d8702296cd5
    [status] => running
)

[2026-01-15 14:01:31] [14 MB] [chunked_processor] Transient save result
    DATA: Array
(
    [option_name] => speed_backups_job_181434eb-3448-44a1-bb5f-4d8702296cd5
    [success] => YES
)

[2026-01-15 14:01:31] [14 MB] [chunked_processor] Option save result
    DATA: Array
(
    [option_name] => speed_backups_job_181434eb-3448-44a1-bb5f-4d8702296cd5
    [success] => YES
)

[2026-01-15 14:01:31] [14 MB] [chunked_processor] Save verification
    DATA: Array
(
    [verified] => YES
)

[2026-01-15 14:01:31] [14 MB] [chunked_processor] get_job called
    DATA: Array
(
    [job_id] => 181434eb-3448-44a1-bb5f-4d8702296cd5
)

[2026-01-15 14:01:31] [14 MB] [chunked_processor] Transient lookup result
    DATA: Array
(
    [option_name] => speed_backups_job_181434eb-3448-44a1-bb5f-4d8702296cd5
    [found] => YES
)

[2026-01-15 14:01:31] [14 MB] [chunked_processor] Job retrieved successfully
    DATA: Array
(
    [status] => running
    [type] => restore
)

[2026-01-15 14:01:31] [14 MB] [chunked_processor] get_job called
    DATA: Array
(
    [job_id] => 181434eb-3448-44a1-bb5f-4d8702296cd5
)

[2026-01-15 14:01:31] [14 MB] [chunked_processor] Transient lookup result
    DATA: Array
(
    [option_name] => speed_backups_job_181434eb-3448-44a1-bb5f-4d8702296cd5
    [found] => YES
)

[2026-01-15 14:01:31] [14 MB] [chunked_processor] Job retrieved successfully
    DATA: Array
(
    [status] => running
    [type] => restore
)

[2026-01-15 14:01:32] [14 MB] [FUNCTION] >>> ENTER: process_chunk
    DATA: Array
(
    [0] => job_id
)

[2026-01-15 14:01:32] [14 MB] [chunked_processor] get_job called
    DATA: Array
(
    [job_id] => 181434eb-3448-44a1-bb5f-4d8702296cd5
)

[2026-01-15 14:01:32] [14 MB] [chunked_processor] Transient lookup result
    DATA: Array
(
    [option_name] => speed_backups_job_181434eb-3448-44a1-bb5f-4d8702296cd5
    [found] => YES
)

[2026-01-15 14:01:32] [14 MB] [chunked_processor] Job retrieved successfully
    DATA: Array
(
    [status] => running
    [type] => restore
)

[2026-01-15 14:01:32] [14 MB] [JOB_STATE] Job 181434eb-3448-44a1-bb5f-4d8702296cd5 state
    DATA: Array
(
    [status] => running
    [type] => restore
    [phase] => extract
    [progress] => 97.150259067358
)

[2026-01-15 14:01:32] [14 MB] [chunked_processor] get_job called
    DATA: Array
(
    [job_id] => 181434eb-3448-44a1-bb5f-4d8702296cd5
)

[2026-01-15 14:01:32] [14 MB] [chunked_processor] Transient lookup result
    DATA: Array
(
    [option_name] => speed_backups_job_181434eb-3448-44a1-bb5f-4d8702296cd5
    [found] => YES
)

[2026-01-15 14:01:32] [14 MB] [chunked_processor] Job retrieved successfully
    DATA: Array
(
    [status] => running
    [type] => restore
)

[2026-01-15 14:01:32] [14 MB] [chunked_processor] get_job called
    DATA: Array
(
    [job_id] => 181434eb-3448-44a1-bb5f-4d8702296cd5
)

[2026-01-15 14:01:32] [14 MB] [chunked_processor] Transient lookup result
    DATA: Array
(
    [option_name] => speed_backups_job_181434eb-3448-44a1-bb5f-4d8702296cd5
    [found] => YES
)

[2026-01-15 14:01:32] [14 MB] [chunked_processor] Job retrieved successfully
    DATA: Array
(
    [status] => running
    [type] => restore
)

[2026-01-15 14:01:32] [14 MB] [chunked_processor] save_job called
    DATA: Array
(
    [job_id] => 181434eb-3448-44a1-bb5f-4d8702296cd5
    [status] => running
)

[2026-01-15 14:01:32] [14 MB] [chunked_processor] Transient save result
    DATA: Array
(
    [option_name] => speed_backups_job_181434eb-3448-44a1-bb5f-4d8702296cd5
    [success] => YES
)

[2026-01-15 14:01:32] [14 MB] [chunked_processor] Option save result
    DATA: Array
(
    [option_name] => speed_backups_job_181434eb-3448-44a1-bb5f-4d8702296cd5
    [success] => YES
)

[2026-01-15 14:01:32] [14 MB] [chunked_processor] Save verification
    DATA: Array
(
    [verified] => YES
)

[2026-01-15 14:01:32] [14 MB] [chunked_processor] get_job called
    DATA: Array
(
    [job_id] => 181434eb-3448-44a1-bb5f-4d8702296cd5
)

[2026-01-15 14:01:32] [14 MB] [chunked_processor] Transient lookup result
    DATA: Array
(
    [option_name] => speed_backups_job_181434eb-3448-44a1-bb5f-4d8702296cd5
    [found] => YES
)

[2026-01-15 14:01:32] [14 MB] [chunked_processor] Job retrieved successfully
    DATA: Array
(
    [status] => running
    [type] => restore
)

[2026-01-15 14:01:32] [14 MB] [chunked_processor] save_job called
    DATA: Array
(
    [job_id] => 181434eb-3448-44a1-bb5f-4d8702296cd5
    [status] => running
)

[2026-01-15 14:01:32] [14 MB] [chunked_processor] Transient save result
    DATA: Array
(
    [option_name] => speed_backups_job_181434eb-3448-44a1-bb5f-4d8702296cd5
    [success] => YES
)

[2026-01-15 14:01:32] [14 MB] [chunked_processor] Option save result
    DATA: Array
(
    [option_name] => speed_backups_job_181434eb-3448-44a1-bb5f-4d8702296cd5
    [success] => YES
)

[2026-01-15 14:01:32] [14 MB] [chunked_processor] Save verification
    DATA: Array
(
    [verified] => YES
)

[2026-01-15 14:01:32] [14 MB] [chunked_processor] get_job called
    DATA: Array
(
    [job_id] => 181434eb-3448-44a1-bb5f-4d8702296cd5
)

[2026-01-15 14:01:32] [14 MB] [chunked_processor] Transient lookup result
    DATA: Array
(
    [option_name] => speed_backups_job_181434eb-3448-44a1-bb5f-4d8702296cd5
    [found] => YES
)

[2026-01-15 14:01:32] [14 MB] [chunked_processor] Job retrieved successfully
    DATA: Array
(
    [status] => running
    [type] => restore
)

[2026-01-15 14:01:32] [14 MB] [chunked_processor] get_job called
    DATA: Array
(
    [job_id] => 181434eb-3448-44a1-bb5f-4d8702296cd5
)

[2026-01-15 14:01:32] [14 MB] [chunked_processor] Transient lookup result
    DATA: Array
(
    [option_name] => speed_backups_job_181434eb-3448-44a1-bb5f-4d8702296cd5
    [found] => YES
)

[2026-01-15 14:01:32] [14 MB] [chunked_processor] Job retrieved successfully
    DATA: Array
(
    [status] => running
    [type] => restore
)

[2026-01-15 14:01:32] [14 MB] [FUNCTION] >>> ENTER: process_chunk
    DATA: Array
(
    [0] => job_id
)

[2026-01-15 14:01:32] [14 MB] [chunked_processor] get_job called
    DATA: Array
(
    [job_id] => 181434eb-3448-44a1-bb5f-4d8702296cd5
)

[2026-01-15 14:01:32] [14 MB] [chunked_processor] Transient lookup result
    DATA: Array
(
    [option_name] => speed_backups_job_181434eb-3448-44a1-bb5f-4d8702296cd5
    [found] => YES
)

[2026-01-15 14:01:32] [14 MB] [chunked_processor] Job retrieved successfully
    DATA: Array
(
    [status] => running
    [type] => restore
)

[2026-01-15 14:01:32] [14 MB] [JOB_STATE] Job 181434eb-3448-44a1-bb5f-4d8702296cd5 state
    DATA: Array
(
    [status] => running
    [type] => restore
    [phase] => extract
    [progress] => 98.445595854922
)

[2026-01-15 14:01:32] [14 MB] [chunked_processor] get_job called
    DATA: Array
(
    [job_id] => 181434eb-3448-44a1-bb5f-4d8702296cd5
)

[2026-01-15 14:01:32] [14 MB] [chunked_processor] Transient lookup result
    DATA: Array
(
    [option_name] => speed_backups_job_181434eb-3448-44a1-bb5f-4d8702296cd5
    [found] => YES
)

[2026-01-15 14:01:32] [14 MB] [chunked_processor] Job retrieved successfully
    DATA: Array
(
    [status] => running
    [type] => restore
)

[2026-01-15 14:01:32] [14 MB] [chunked_processor] get_job called
    DATA: Array
(
    [job_id] => 181434eb-3448-44a1-bb5f-4d8702296cd5
)

[2026-01-15 14:01:32] [14 MB] [chunked_processor] Transient lookup result
    DATA: Array
(
    [option_name] => speed_backups_job_181434eb-3448-44a1-bb5f-4d8702296cd5
    [found] => YES
)

[2026-01-15 14:01:32] [14 MB] [chunked_processor] Job retrieved successfully
    DATA: Array
(
    [status] => running
    [type] => restore
)

[2026-01-15 14:01:32] [14 MB] [chunked_processor] save_job called
    DATA: Array
(
    [job_id] => 181434eb-3448-44a1-bb5f-4d8702296cd5
    [status] => running
)

[2026-01-15 14:01:32] [14 MB] [chunked_processor] Transient save result
    DATA: Array
(
    [option_name] => speed_backups_job_181434eb-3448-44a1-bb5f-4d8702296cd5
    [success] => YES
)

[2026-01-15 14:01:32] [14 MB] [chunked_processor] Option save result
    DATA: Array
(
    [option_name] => speed_backups_job_181434eb-3448-44a1-bb5f-4d8702296cd5
    [success] => YES
)

[2026-01-15 14:01:32] [14 MB] [chunked_processor] Save verification
    DATA: Array
(
    [verified] => YES
)

[2026-01-15 14:01:32] [14 MB] [chunked_processor] get_job called
    DATA: Array
(
    [job_id] => 181434eb-3448-44a1-bb5f-4d8702296cd5
)

[2026-01-15 14:01:32] [14 MB] [chunked_processor] Transient lookup result
    DATA: Array
(
    [option_name] => speed_backups_job_181434eb-3448-44a1-bb5f-4d8702296cd5
    [found] => YES
)

[2026-01-15 14:01:32] [14 MB] [chunked_processor] Job retrieved successfully
    DATA: Array
(
    [status] => running
    [type] => restore
)

[2026-01-15 14:01:32] [14 MB] [chunked_processor] save_job called
    DATA: Array
(
    [job_id] => 181434eb-3448-44a1-bb5f-4d8702296cd5
    [status] => running
)

[2026-01-15 14:01:32] [14 MB] [chunked_processor] Transient save result
    DATA: Array
(
    [option_name] => speed_backups_job_181434eb-3448-44a1-bb5f-4d8702296cd5
    [success] => YES
)

[2026-01-15 14:01:32] [14 MB] [chunked_processor] Option save result
    DATA: Array
(
    [option_name] => speed_backups_job_181434eb-3448-44a1-bb5f-4d8702296cd5
    [success] => YES
)

[2026-01-15 14:01:32] [14 MB] [chunked_processor] Save verification
    DATA: Array
(
    [verified] => YES
)

[2026-01-15 14:01:32] [14 MB] [chunked_processor] get_job called
    DATA: Array
(
    [job_id] => 181434eb-3448-44a1-bb5f-4d8702296cd5
)

[2026-01-15 14:01:32] [14 MB] [chunked_processor] Transient lookup result
    DATA: Array
(
    [option_name] => speed_backups_job_181434eb-3448-44a1-bb5f-4d8702296cd5
    [found] => YES
)

[2026-01-15 14:01:32] [14 MB] [chunked_processor] Job retrieved successfully
    DATA: Array
(
    [status] => running
    [type] => restore
)

[2026-01-15 14:01:32] [14 MB] [chunked_processor] save_job called
    DATA: Array
(
    [job_id] => 181434eb-3448-44a1-bb5f-4d8702296cd5
    [status] => running
)

[2026-01-15 14:01:32] [14 MB] [chunked_processor] Transient save result
    DATA: Array
(
    [option_name] => speed_backups_job_181434eb-3448-44a1-bb5f-4d8702296cd5
    [success] => YES
)

[2026-01-15 14:01:32] [14 MB] [chunked_processor] Option save result
    DATA: Array
(
    [option_name] => speed_backups_job_181434eb-3448-44a1-bb5f-4d8702296cd5
    [success] => YES
)

[2026-01-15 14:01:32] [14 MB] [chunked_processor] Save verification
    DATA: Array
(
    [verified] => YES
)

[2026-01-15 14:01:32] [14 MB] [chunked_processor] get_job called
    DATA: Array
(
    [job_id] => 181434eb-3448-44a1-bb5f-4d8702296cd5
)

[2026-01-15 14:01:32] [14 MB] [chunked_processor] Transient lookup result
    DATA: Array
(
    [option_name] => speed_backups_job_181434eb-3448-44a1-bb5f-4d8702296cd5
    [found] => YES
)

[2026-01-15 14:01:32] [14 MB] [chunked_processor] Job retrieved successfully
    DATA: Array
(
    [status] => running
    [type] => restore
)

[2026-01-15 14:01:32] [14 MB] [chunked_processor] save_job called
    DATA: Array
(
    [job_id] => 181434eb-3448-44a1-bb5f-4d8702296cd5
    [status] => running
)

[2026-01-15 14:01:32] [14 MB] [chunked_processor] Transient save result
    DATA: Array
(
    [option_name] => speed_backups_job_181434eb-3448-44a1-bb5f-4d8702296cd5
    [success] => YES
)

[2026-01-15 14:01:32] [14 MB] [chunked_processor] Option save result
    DATA: Array
(
    [option_name] => speed_backups_job_181434eb-3448-44a1-bb5f-4d8702296cd5
    [success] => YES
)

[2026-01-15 14:01:32] [14 MB] [chunked_processor] Save verification
    DATA: Array
(
    [verified] => YES
)

[2026-01-15 14:01:32] [14 MB] [chunked_processor] get_job called
    DATA: Array
(
    [job_id] => 181434eb-3448-44a1-bb5f-4d8702296cd5
)

[2026-01-15 14:01:32] [14 MB] [chunked_processor] Transient lookup result
    DATA: Array
(
    [option_name] => speed_backups_job_181434eb-3448-44a1-bb5f-4d8702296cd5
    [found] => YES
)

[2026-01-15 14:01:32] [14 MB] [chunked_processor] Job retrieved successfully
    DATA: Array
(
    [status] => running
    [type] => restore
)

[2026-01-15 14:01:32] [14 MB] [chunked_processor] get_job called
    DATA: Array
(
    [job_id] => 181434eb-3448-44a1-bb5f-4d8702296cd5
)

[2026-01-15 14:01:32] [14 MB] [chunked_processor] Transient lookup result
    DATA: Array
(
    [option_name] => speed_backups_job_181434eb-3448-44a1-bb5f-4d8702296cd5
    [found] => YES
)

[2026-01-15 14:01:32] [14 MB] [chunked_processor] Job retrieved successfully
    DATA: Array
(
    [status] => running
    [type] => restore
)

[2026-01-15 14:01:32] [14 MB] [FUNCTION] >>> ENTER: process_chunk
    DATA: Array
(
    [0] => job_id
)

[2026-01-15 14:01:32] [14 MB] [chunked_processor] get_job called
    DATA: Array
(
    [job_id] => 181434eb-3448-44a1-bb5f-4d8702296cd5
)

[2026-01-15 14:01:32] [14 MB] [chunked_processor] Transient lookup result
    DATA: Array
(
    [option_name] => speed_backups_job_181434eb-3448-44a1-bb5f-4d8702296cd5
    [found] => YES
)

[2026-01-15 14:01:32] [14 MB] [chunked_processor] Job retrieved successfully
    DATA: Array
(
    [status] => running
    [type] => restore
)

[2026-01-15 14:01:32] [14 MB] [JOB_STATE] Job 181434eb-3448-44a1-bb5f-4d8702296cd5 state
    DATA: Array
(
    [status] => running
    [type] => restore
    [phase] => database
    [progress] => 100
)

[2026-01-15 14:01:32] [14 MB] [FUNCTION] >>> ENTER: process_database
    DATA: Array
(
    [0] => job_id
)

[2026-01-15 14:01:32] [14 MB] [chunked_processor] get_job called
    DATA: Array
(
    [job_id] => 181434eb-3448-44a1-bb5f-4d8702296cd5
)

[2026-01-15 14:01:32] [14 MB] [chunked_processor] Transient lookup result
    DATA: Array
(
    [option_name] => speed_backups_job_181434eb-3448-44a1-bb5f-4d8702296cd5
    [found] => YES
)

[2026-01-15 14:01:32] [14 MB] [chunked_processor] Job retrieved successfully
    DATA: Array
(
    [status] => running
    [type] => restore
)

[2026-01-15 14:01:32] [14 MB] [JOB_STATE] Job 181434eb-3448-44a1-bb5f-4d8702296cd5 state
    DATA: Array
(
    [status] => running
    [type] => restore
    [phase] => database
    [progress] => 100
)

[2026-01-15 14:01:32] [14 MB] [process_database] State retrieved
    DATA: Array
(
    [phase] => database
    [temp_dir] => /opt/bitnami/wordpress/wp-content/uploads/speed-backups/temp/restore-181434eb-3448-44a1-bb5f-4d8702296cd5
)

[2026-01-15 14:01:32] [14 MB] [chunked_processor] get_job called
    DATA: Array
(
    [job_id] => 181434eb-3448-44a1-bb5f-4d8702296cd5
)

[2026-01-15 14:01:32] [14 MB] [chunked_processor] Transient lookup result
    DATA: Array
(
    [option_name] => speed_backups_job_181434eb-3448-44a1-bb5f-4d8702296cd5
    [found] => YES
)

[2026-01-15 14:01:32] [14 MB] [chunked_processor] Job retrieved successfully
    DATA: Array
(
    [status] => running
    [type] => restore
)

[2026-01-15 14:01:32] [14 MB] [chunked_processor] save_job called
    DATA: Array
(
    [job_id] => 181434eb-3448-44a1-bb5f-4d8702296cd5
    [status] => running
)

[2026-01-15 14:01:32] [14 MB] [chunked_processor] Transient save result
    DATA: Array
(
    [option_name] => speed_backups_job_181434eb-3448-44a1-bb5f-4d8702296cd5
    [success] => YES
)

[2026-01-15 14:01:32] [14 MB] [chunked_processor] Option save result
    DATA: Array
(
    [option_name] => speed_backups_job_181434eb-3448-44a1-bb5f-4d8702296cd5
    [success] => YES
)

[2026-01-15 14:01:32] [14 MB] [chunked_processor] Save verification
    DATA: Array
(
    [verified] => YES
)

[2026-01-15 14:01:32] [14 MB] [process_database] Database file path: /opt/bitnami/wordpress/wp-content/uploads/speed-backups/temp/restore-181434eb-3448-44a1-bb5f-4d8702296cd5/database.sql
[2026-01-15 14:01:32] [14 MB] [process_database] Database file exists: YES
[2026-01-15 14:01:32] [14 MB] [process_database] Database file size: 35525074 bytes
[2026-01-15 14:01:32] [14 MB] [process_database] Job backup file path: /opt/bitnami/wordpress/wp-content/uploads/speed-backups/temp/restore-181434eb-3448-44a1-bb5f-4d8702296cd5/job_data.json
[2026-01-15 14:01:32] [14 MB] [chunked_processor] get_job called
    DATA: Array
(
    [job_id] => 181434eb-3448-44a1-bb5f-4d8702296cd5
)

[2026-01-15 14:01:32] [14 MB] [chunked_processor] Transient lookup result
    DATA: Array
(
    [option_name] => speed_backups_job_181434eb-3448-44a1-bb5f-4d8702296cd5
    [found] => YES
)

[2026-01-15 14:01:32] [14 MB] [chunked_processor] Job retrieved successfully
    DATA: Array
(
    [status] => running
    [type] => restore
)

[2026-01-15 14:01:32] [14 MB] [process_database] Job data retrieved for backup
    DATA: Array
(
    [job_exists] => YES
    [job_id] => 181434eb-3448-44a1-bb5f-4d8702296cd5
)

[2026-01-15 14:01:32] [14 MB] [process_database] Job JSON encoded
    DATA: Array
(
    [json_length] => 1740
    [json_valid] => YES
    [json_error] => No error
)

[2026-01-15 14:01:32] [14 MB] [process_database] Job data written to file
    DATA: Array
(
    [bytes_written] => 1740
    [file_exists] => YES
)

[2026-01-15 14:01:32] [14 MB] [process_database] Table prefix info
    DATA: Array
(
    [old_prefix] => wp_
    [new_prefix] => wp_
)

[2026-01-15 14:01:32] [14 MB] [process_database] >>> STARTING DATABASE IMPORT <<<
[2026-01-15 14:01:32] [14 MB] [FUNCTION] >>> ENTER: import_database
    DATA: Array
(
    [0] => file_path
    [1] => old_prefix
    [2] => new_prefix
)

[2026-01-15 14:01:32] [14 MB] [import_database] Database file found, size: 35525074 bytes
[2026-01-15 14:01:32] [14 MB] [import_database] Prefix replacement
    DATA: Array
(
    [old] => wp_
    [new] => wp_
)

[2026-01-15 14:01:32] [14 MB] [import_database] Starting query execution loop
[2026-01-15 14:01:33] [16 MB] [import_database] Import progress
    DATA: Array
(
    [lines_processed] => 1000
    [queries_executed] => 49
    [errors_count] => 0
)

[2026-01-15 14:01:34] [16 MB] [import_database] Import progress
    DATA: Array
(
    [lines_processed] => 2000
    [queries_executed] => 59
    [errors_count] => 0
)

[2026-01-15 14:01:36] [20 MB] [import_database] Import progress
    DATA: Array
(
    [lines_processed] => 3000
    [queries_executed] => 69
    [errors_count] => 0
)

[2026-01-15 14:01:39] [16 MB] [import_database] Import progress
    DATA: Array
(
    [lines_processed] => 4000
    [queries_executed] => 79
    [errors_count] => 0
)

[2026-01-15 14:01:41] [16 MB] [import_database] ERROR: Query failed
    DATA: Array
(
    [query_preview] => INSERT INTO `wp_wfconfig` (`name`, `val`, `autoload`) VALUES
('activatingIP', 0x326130303a613034313a
    [mysql_error] => Unknown column '0x' in 'SELECT'
)

[2026-01-15 14:01:41] [16 MB] [import_database] ERROR: Query failed
    DATA: Array
(
    [query_preview] => INSERT INTO `wp_wfconfig` (`name`, `val`, `autoload`) VALUES
('lastQuickScan', 0x3137363834383533313
    [mysql_error] => Unknown column '0x' in 'SELECT'
)

[2026-01-15 14:01:41] [16 MB] [import_database] ERROR: Query failed
    DATA: Array
(
    [query_preview] => INSERT INTO `wp_wfconfig` (`name`, `val`, `autoload`) VALUES
('scansEnabled_comments', 0x31, 'yes'),
    [mysql_error] => Unknown column '0x' in 'SELECT'
)

[2026-01-15 14:01:41] [16 MB] [import_database] Import progress
    DATA: Array
(
    [lines_processed] => 6000
    [queries_executed] => 135
    [errors_count] => 3
)

[2026-01-15 14:01:41] [16 MB] [import_database] Import progress
    DATA: Array
(
    [lines_processed] => 7000
    [queries_executed] => 145
    [errors_count] => 3
)

[2026-01-15 14:01:41] [16 MB] [import_database] Import progress
    DATA: Array
(
    [lines_processed] => 8000
    [queries_executed] => 155
    [errors_count] => 3
)

[2026-01-15 14:01:41] [16 MB] [import_database] Import progress
    DATA: Array
(
    [lines_processed] => 9000
    [queries_executed] => 164
    [errors_count] => 3
)

[2026-01-15 14:01:41] [16 MB] [import_database] Import progress
    DATA: Array
(
    [lines_processed] => 10000
    [queries_executed] => 174
    [errors_count] => 3
)

[2026-01-15 14:01:41] [16 MB] [import_database] Import progress
    DATA: Array
(
    [lines_processed] => 11000
    [queries_executed] => 184
    [errors_count] => 3
)

[2026-01-15 14:01:41] [16 MB] [import_database] Import progress
    DATA: Array
(
    [lines_processed] => 12000
    [queries_executed] => 194
    [errors_count] => 3
)

[2026-01-15 14:01:41] [16 MB] [import_database] Import progress
    DATA: Array
(
    [lines_processed] => 13000
    [queries_executed] => 204
    [errors_count] => 3
)

[2026-01-15 14:01:41] [16 MB] [import_database] Import progress
    DATA: Array
(
    [lines_processed] => 14000
    [queries_executed] => 214
    [errors_count] => 3
)

[2026-01-15 14:01:41] [16 MB] [import_database] Import progress
    DATA: Array
(
    [lines_processed] => 15000
    [queries_executed] => 226
    [errors_count] => 3
)

[2026-01-15 14:01:41] [16 MB] [import_database] Import progress
    DATA: Array
(
    [lines_processed] => 16000
    [queries_executed] => 236
    [errors_count] => 3
)

[2026-01-15 14:01:42] [16 MB] [import_database] Import progress
    DATA: Array
(
    [lines_processed] => 17000
    [queries_executed] => 253
    [errors_count] => 3
)

[2026-01-15 14:01:42] [16 MB] [import_database] Import progress
    DATA: Array
(
    [lines_processed] => 18000
    [queries_executed] => 263
    [errors_count] => 3
)

[2026-01-15 14:01:42] [16 MB] [import_database] Import progress
    DATA: Array
(
    [lines_processed] => 19000
    [queries_executed] => 273
    [errors_count] => 3
)

[2026-01-15 14:01:42] [16 MB] [import_database] Import progress
    DATA: Array
(
    [lines_processed] => 20000
    [queries_executed] => 283
    [errors_count] => 3
)

[2026-01-15 14:01:42] [16 MB] [import_database] Import progress
    DATA: Array
(
    [lines_processed] => 21000
    [queries_executed] => 293
    [errors_count] => 3
)

[2026-01-15 14:01:42] [16 MB] [import_database] Import progress
    DATA: Array
(
    [lines_processed] => 22000
    [queries_executed] => 303
    [errors_count] => 3
)

[2026-01-15 14:01:42] [16 MB] [import_database] Import progress
    DATA: Array
(
    [lines_processed] => 23000
    [queries_executed] => 313
    [errors_count] => 3
)

[2026-01-15 14:01:42] [16 MB] [import_database] Import progress
    DATA: Array
(
    [lines_processed] => 24000
    [queries_executed] => 323
    [errors_count] => 3
)

[2026-01-15 14:01:42] [16 MB] [import_database] Import progress
    DATA: Array
(
    [lines_processed] => 25000
    [queries_executed] => 333
    [errors_count] => 3
)

[2026-01-15 14:01:42] [16 MB] [import_database] ERROR: Query failed
    DATA: Array
(
    [query_preview] => INSERT INTO `wp_wfls_settings` (`name`, `value`, `autoload`) VALUES
('2fa-user-grace-period', 0x3130
    [mysql_error] => Unknown column '0x' in 'SELECT'
)

[2026-01-15 14:01:42] [16 MB] [import_database] Import progress
    DATA: Array
(
    [lines_processed] => 26000
    [queries_executed] => 368
    [errors_count] => 4
)

[2026-01-15 14:01:43] [16 MB] [import_database] Import progress
    DATA: Array
(
    [lines_processed] => 27000
    [queries_executed] => 386
    [errors_count] => 4
)

[2026-01-15 14:01:43] [16 MB] [import_database] Database import completed
    DATA: Array
(
    [total_lines] => 27288
    [queries_executed] => 401
    [errors_count] => 4
    [drop_table_count] => 56
    [create_table_count] => 56
    [insert_count] => 281
)

[2026-01-15 14:01:43] [16 MB] [FUNCTION] <<< EXIT: import_database
[2026-01-15 14:01:43] [16 MB] [process_database] >>> DATABASE IMPORT COMPLETED <<<
    DATA: Array
(
    [success] => NO
    [queries_executed] => 401
    [errors_count] => 4
)

[2026-01-15 14:01:43] [16 MB] [process_database] ERROR: Database import errors (first 5)
    DATA: Array
(
    [0] => Array
        (
            [query] => INSERT INTO `wp_wfconfig` (`name`, `val`, `autoload`) VALUES
('activatingIP', 0x326130303a613034313a653534373a646430303a393936353a376464373a333639373a366237, 'yes'),
('actUpdateInterval', 0x32, 'yes')...
            [error] => Unknown column '0x' in 'SELECT'
        )

    [1] => Array
        (
            [query] => INSERT INTO `wp_wfconfig` (`name`, `val`, `autoload`) VALUES
('lastQuickScan', 0x313736383438353331312e38373934, 'yes'),
('lastScanCompleted', 0x6f6b, 'yes'),
('lastScanFailureType', 0x, 'yes'),
('las...
            [error] => Unknown column '0x' in 'SELECT'
        )

    [2] => Array
        (
            [query] => INSERT INTO `wp_wfconfig` (`name`, `val`, `autoload`) VALUES
('scansEnabled_comments', 0x31, 'yes'),
('scansEnabled_core', 0x31, 'yes'),
('scansEnabled_coreUnknown', 0x31, 'yes'),
('scansEnabled_diskS...
            [error] => Unknown column '0x' in 'SELECT'
        )

    [3] => Array
        (
            [query] => INSERT INTO `wp_wfls_settings` (`name`, `value`, `autoload`) VALUES
('2fa-user-grace-period', 0x3130, 'yes'),
('allow-disabling-ntp', 0x31, 'yes'),
('allow-xml-rpc', 0x31, 'yes'),
('captcha-stats', 0x...
            [error] => Unknown column '0x' in 'SELECT'
        )

)

[2026-01-15 14:01:43] [16 MB] [process_database] Checking job backup file after import
    DATA: Array
(
    [file_exists] => YES
)

[2026-01-15 14:01:43] [16 MB] [process_database] Job file contents read
    DATA: Array
(
    [contents_length] => 1740
)

[2026-01-15 14:01:43] [16 MB] [process_database] Job data decoded from JSON
    DATA: Array
(
    [is_array] => YES
    [json_error] => No error
)

[2026-01-15 14:01:43] [16 MB] [process_database] Saving job data to newly imported database
    DATA: Array
(
    [job_id] => 181434eb-3448-44a1-bb5f-4d8702296cd5
)

[2026-01-15 14:01:43] [16 MB] [chunked_processor] save_job called
    DATA: Array
(
    [job_id] => 181434eb-3448-44a1-bb5f-4d8702296cd5
    [status] => running
)

[2026-01-15 14:01:43] [16 MB] [chunked_processor] Transient save result
    DATA: Array
(
    [option_name] => speed_backups_job_181434eb-3448-44a1-bb5f-4d8702296cd5
    [success] => NO
)

[2026-01-15 14:01:43] [16 MB] [chunked_processor] Option save result
    DATA: Array
(
    [option_name] => speed_backups_job_181434eb-3448-44a1-bb5f-4d8702296cd5
    [success] => NO (may already exist with same value)
)

[2026-01-15 14:01:43] [16 MB] [chunked_processor] Save verification
    DATA: Array
(
    [verified] => YES
)

[2026-01-15 14:01:43] [16 MB] [chunked_processor] get_job called
    DATA: Array
(
    [job_id] => 181434eb-3448-44a1-bb5f-4d8702296cd5
)

[2026-01-15 14:01:43] [16 MB] [chunked_processor] Transient lookup result
    DATA: Array
(
    [option_name] => speed_backups_job_181434eb-3448-44a1-bb5f-4d8702296cd5
    [found] => YES
)

[2026-01-15 14:01:43] [16 MB] [chunked_processor] Job retrieved successfully
    DATA: Array
(
    [status] => running
    [type] => restore
)

[2026-01-15 14:01:43] [16 MB] [process_database] Job verification after save
    DATA: Array
(
    [job_exists] => YES
    [job_status] => running
)

[2026-01-15 14:01:43] [16 MB] [chunked_processor] get_job called
    DATA: Array
(
    [job_id] => 181434eb-3448-44a1-bb5f-4d8702296cd5
)

[2026-01-15 14:01:43] [16 MB] [chunked_processor] Transient lookup result
    DATA: Array
(
    [option_name] => speed_backups_job_181434eb-3448-44a1-bb5f-4d8702296cd5
    [found] => YES
)

[2026-01-15 14:01:43] [16 MB] [chunked_processor] Job retrieved successfully
    DATA: Array
(
    [status] => running
    [type] => restore
)

[2026-01-15 14:01:43] [16 MB] [chunked_processor] save_job called
    DATA: Array
(
    [job_id] => 181434eb-3448-44a1-bb5f-4d8702296cd5
    [status] => running
)

[2026-01-15 14:01:43] [16 MB] [chunked_processor] Transient save result
    DATA: Array
(
    [option_name] => speed_backups_job_181434eb-3448-44a1-bb5f-4d8702296cd5
    [success] => NO
)

[2026-01-15 14:01:43] [16 MB] [chunked_processor] Option save result
    DATA: Array
(
    [option_name] => speed_backups_job_181434eb-3448-44a1-bb5f-4d8702296cd5
    [success] => NO (may already exist with same value)
)

[2026-01-15 14:01:43] [16 MB] [chunked_processor] Save verification
    DATA: Array
(
    [verified] => YES
)

[2026-01-15 14:01:43] [16 MB] [chunked_processor] get_job called
    DATA: Array
(
    [job_id] => 181434eb-3448-44a1-bb5f-4d8702296cd5
)

[2026-01-15 14:01:43] [16 MB] [chunked_processor] Transient lookup result
    DATA: Array
(
    [option_name] => speed_backups_job_181434eb-3448-44a1-bb5f-4d8702296cd5
    [found] => YES
)

[2026-01-15 14:01:43] [16 MB] [chunked_processor] Job retrieved successfully
    DATA: Array
(
    [status] => running
    [type] => restore
)

[2026-01-15 14:01:43] [16 MB] [chunked_processor] save_job called
    DATA: Array
(
    [job_id] => 181434eb-3448-44a1-bb5f-4d8702296cd5
    [status] => running
)

[2026-01-15 14:01:43] [16 MB] [chunked_processor] Transient save result
    DATA: Array
(
    [option_name] => speed_backups_job_181434eb-3448-44a1-bb5f-4d8702296cd5
    [success] => NO
)

[2026-01-15 14:01:43] [16 MB] [chunked_processor] Option save result
    DATA: Array
(
    [option_name] => speed_backups_job_181434eb-3448-44a1-bb5f-4d8702296cd5
    [success] => NO (may already exist with same value)
)

[2026-01-15 14:01:43] [16 MB] [chunked_processor] Save verification
    DATA: Array
(
    [verified] => YES
)

[2026-01-15 14:01:43] [16 MB] [chunked_processor] get_job called
    DATA: Array
(
    [job_id] => 181434eb-3448-44a1-bb5f-4d8702296cd5
)

[2026-01-15 14:01:43] [16 MB] [chunked_processor] Transient lookup result
    DATA: Array
(
    [option_name] => speed_backups_job_181434eb-3448-44a1-bb5f-4d8702296cd5
    [found] => YES
)

[2026-01-15 14:01:43] [16 MB] [chunked_processor] Job retrieved successfully
    DATA: Array
(
    [status] => running
    [type] => restore
)

[2026-01-15 14:01:43] [16 MB] [chunked_processor] save_job called
    DATA: Array
(
    [job_id] => 181434eb-3448-44a1-bb5f-4d8702296cd5
    [status] => running
)

[2026-01-15 14:01:43] [16 MB] [chunked_processor] Transient save result
    DATA: Array
(
    [option_name] => speed_backups_job_181434eb-3448-44a1-bb5f-4d8702296cd5
    [success] => NO
)

[2026-01-15 14:01:43] [16 MB] [chunked_processor] Option save result
    DATA: Array
(
    [option_name] => speed_backups_job_181434eb-3448-44a1-bb5f-4d8702296cd5
    [success] => NO (may already exist with same value)
)

[2026-01-15 14:01:43] [16 MB] [chunked_processor] Save verification
    DATA: Array
(
    [verified] => YES
)

[2026-01-15 14:01:43] [16 MB] [chunked_processor] get_job called
    DATA: Array
(
    [job_id] => 181434eb-3448-44a1-bb5f-4d8702296cd5
)

[2026-01-15 14:01:43] [16 MB] [chunked_processor] Transient lookup result
    DATA: Array
(
    [option_name] => speed_backups_job_181434eb-3448-44a1-bb5f-4d8702296cd5
    [found] => YES
)

[2026-01-15 14:01:43] [16 MB] [chunked_processor] Job retrieved successfully
    DATA: Array
(
    [status] => running
    [type] => restore
)

[2026-01-15 14:01:43] [16 MB] [chunked_processor] save_job called
    DATA: Array
(
    [job_id] => 181434eb-3448-44a1-bb5f-4d8702296cd5
    [status] => running
)

[2026-01-15 14:01:43] [16 MB] [chunked_processor] Transient save result
    DATA: Array
(
    [option_name] => speed_backups_job_181434eb-3448-44a1-bb5f-4d8702296cd5
    [success] => NO
)

[2026-01-15 14:01:43] [16 MB] [chunked_processor] Option save result
    DATA: Array
(
    [option_name] => speed_backups_job_181434eb-3448-44a1-bb5f-4d8702296cd5
    [success] => NO (may already exist with same value)
)

[2026-01-15 14:01:43] [16 MB] [chunked_processor] Save verification
    DATA: Array
(
    [verified] => YES
)

[2026-01-15 14:01:43] [16 MB] [chunked_processor] get_job called
    DATA: Array
(
    [job_id] => 181434eb-3448-44a1-bb5f-4d8702296cd5
)

[2026-01-15 14:01:43] [16 MB] [chunked_processor] Transient lookup result
    DATA: Array
(
    [option_name] => speed_backups_job_181434eb-3448-44a1-bb5f-4d8702296cd5
    [found] => YES
)

[2026-01-15 14:01:43] [16 MB] [chunked_processor] Job retrieved successfully
    DATA: Array
(
    [status] => running
    [type] => restore
)

[2026-01-15 14:01:43] [16 MB] [chunked_processor] save_job called
    DATA: Array
(
    [job_id] => 181434eb-3448-44a1-bb5f-4d8702296cd5
    [status] => running
)

[2026-01-15 14:01:43] [16 MB] [chunked_processor] Transient save result
    DATA: Array
(
    [option_name] => speed_backups_job_181434eb-3448-44a1-bb5f-4d8702296cd5
    [success] => NO
)

[2026-01-15 14:01:43] [16 MB] [chunked_processor] Option save result
    DATA: Array
(
    [option_name] => speed_backups_job_181434eb-3448-44a1-bb5f-4d8702296cd5
    [success] => NO (may already exist with same value)
)

[2026-01-15 14:01:43] [16 MB] [chunked_processor] Save verification
    DATA: Array
(
    [verified] => YES
)

[2026-01-15 14:01:43] [16 MB] [chunked_processor] get_job called
    DATA: Array
(
    [job_id] => 181434eb-3448-44a1-bb5f-4d8702296cd5
)

[2026-01-15 14:01:43] [16 MB] [chunked_processor] Transient lookup result
    DATA: Array
(
    [option_name] => speed_backups_job_181434eb-3448-44a1-bb5f-4d8702296cd5
    [found] => YES
)

[2026-01-15 14:01:43] [16 MB] [chunked_processor] Job retrieved successfully
    DATA: Array
(
    [status] => running
    [type] => restore
)

[2026-01-15 14:01:43] [16 MB] [chunked_processor] save_job called
    DATA: Array
(
    [job_id] => 181434eb-3448-44a1-bb5f-4d8702296cd5
    [status] => running
)

[2026-01-15 14:01:43] [16 MB] [chunked_processor] Transient save result
    DATA: Array
(
    [option_name] => speed_backups_job_181434eb-3448-44a1-bb5f-4d8702296cd5
    [success] => NO
)

[2026-01-15 14:01:43] [16 MB] [chunked_processor] Option save result
    DATA: Array
(
    [option_name] => speed_backups_job_181434eb-3448-44a1-bb5f-4d8702296cd5
    [success] => NO (may already exist with same value)
)

[2026-01-15 14:01:43] [16 MB] [chunked_processor] Save verification
    DATA: Array
(
    [verified] => YES
)

[2026-01-15 14:01:43] [16 MB] [chunked_processor] get_job called
    DATA: Array
(
    [job_id] => 181434eb-3448-44a1-bb5f-4d8702296cd5
)

[2026-01-15 14:01:43] [16 MB] [chunked_processor] Transient lookup result
    DATA: Array
(
    [option_name] => speed_backups_job_181434eb-3448-44a1-bb5f-4d8702296cd5
    [found] => YES
)

[2026-01-15 14:01:43] [16 MB] [chunked_processor] Job retrieved successfully
    DATA: Array
(
    [status] => running
    [type] => restore
)

[2026-01-15 14:01:43] [16 MB] [chunked_processor] save_job called
    DATA: Array
(
    [job_id] => 181434eb-3448-44a1-bb5f-4d8702296cd5
    [status] => running
)

[2026-01-15 14:01:43] [16 MB] [chunked_processor] Transient save result
    DATA: Array
(
    [option_name] => speed_backups_job_181434eb-3448-44a1-bb5f-4d8702296cd5
    [success] => NO
)

[2026-01-15 14:01:43] [16 MB] [chunked_processor] Option save result
    DATA: Array
(
    [option_name] => speed_backups_job_181434eb-3448-44a1-bb5f-4d8702296cd5
    [success] => NO (may already exist with same value)
)

[2026-01-15 14:01:43] [16 MB] [chunked_processor] Save verification
    DATA: Array
(
    [verified] => YES
)

[2026-01-15 14:01:43] [16 MB] [chunked_processor] get_job called
    DATA: Array
(
    [job_id] => 181434eb-3448-44a1-bb5f-4d8702296cd5
)

[2026-01-15 14:01:43] [16 MB] [chunked_processor] Transient lookup result
    DATA: Array
(
    [option_name] => speed_backups_job_181434eb-3448-44a1-bb5f-4d8702296cd5
    [found] => YES
)

[2026-01-15 14:01:43] [16 MB] [chunked_processor] Job retrieved successfully
    DATA: Array
(
    [status] => running
    [type] => restore
)

[2026-01-15 14:01:43] [16 MB] [chunked_processor] get_job called
    DATA: Array
(
    [job_id] => 181434eb-3448-44a1-bb5f-4d8702296cd5
)

[2026-01-15 14:01:43] [16 MB] [chunked_processor] Transient lookup result
    DATA: Array
(
    [option_name] => speed_backups_job_181434eb-3448-44a1-bb5f-4d8702296cd5
    [found] => YES
)

[2026-01-15 14:01:43] [16 MB] [chunked_processor] Job retrieved successfully
    DATA: Array
(
    [status] => running
    [type] => restore
)

[2026-01-15 14:01:44] [14 MB] [FUNCTION] >>> ENTER: process_chunk
    DATA: Array
(
    [0] => job_id
)

[2026-01-15 14:01:44] [14 MB] [chunked_processor] get_job called
    DATA: Array
(
    [job_id] => 181434eb-3448-44a1-bb5f-4d8702296cd5
)

[2026-01-15 14:01:44] [14 MB] [chunked_processor] Transient lookup result
    DATA: Array
(
    [option_name] => speed_backups_job_181434eb-3448-44a1-bb5f-4d8702296cd5
    [found] => NO
)

[2026-01-15 14:01:44] [14 MB] [chunked_processor] Option lookup result
    DATA: Array
(
    [option_name] => speed_backups_job_181434eb-3448-44a1-bb5f-4d8702296cd5
    [found] => NO
)

[2026-01-15 14:01:44] [14 MB] [chunked_processor] ERROR: Job NOT FOUND
    DATA: Array
(
    [job_id] => 181434eb-3448-44a1-bb5f-4d8702296cd5
)

[2026-01-15 14:01:44] [14 MB] [JOB_STATE] Job 181434eb-3448-44a1-bb5f-4d8702296cd5 is NULL/FALSE
[2026-01-15 14:01:44] [14 MB] [process_chunk] ERROR: JOB NOT FOUND in process_chunk!
    DATA: Array
(
    [job_id] => 181434eb-3448-44a1-bb5f-4d8702296cd5
)

